# frame_id timestamp x y z qx qy qz qw
0 1783356070.02123 0.002340803274451242 0.0173383451116848 -0.011770418479989572 0.00011053248922582304 0.005850078672630488 0.024227538941886617 0.999689347106846
1 1783356070.045227 0.0018911923524367318 0.020717903392353673 -0.010180903439390722 0.0010755336959455963 0.006828230980402222 0.03776835020895161 0.9992626132361009
2 1783356070.077225 0.001722430583613748 0.02111151161062011 -0.009304239345154489 0.0016437889980558396 0.007525473777116265 0.05620355035375679 0.9983896163972221
3 1783356070.101189 0.0022477501807794905 0.018364740019718273 -0.008765212959755972 0.0019278373488513245 0.005603118637113352 0.06796455256465236 0.997670139925708
4 1783356070.137251 0.0042458475455372825 0.01713035043474684 -0.01025371125773236 0.0029464757394307983 -0.005451934086804194 0.07691174953017713 0.9970186444995086
5 1783356070.161276 0.006640779895356547 0.019858833924490924 -0.01004753042553882 0.0025648254919014013 -0.010438831120370529 0.07737740006250426 0.9969439254213869
6 1783356070.193228 0.0066439684846067645 0.020769412609790015 -0.009959357706924543 0.0033171798963379517 -0.005679488538264027 0.0769500076840334 0.9970132577076928
7 1783356070.21747 0.007200266366526467 0.02117442483106673 -0.009318055217438911 0.002891725672388823 -0.005651024536602267 0.07353465823992128 0.9972724592015265
8 1783356070.253273 0.009116660971561547 0.020744734404077328 -0.009828586684925695 0.0023309565159314594 -0.007638226288294053 0.06688399970873984 0.9977287981830789
9 1783356070.277548 0.009519895318929128 0.021544706391315387 -0.009381644183867376 0.0020447803880419 -0.00599536639214196 0.06045455683431847 0.9981508508301513
10 1783356070.309232 0.011930934002357209 0.022990969272890325 -0.009434786008472175 0.0016139041132292586 -0.007155101713950229 0.05004142044299115 0.9987202091041436
11 1783356070.345265 0.013804201358776188 0.022619765058430254 -0.00965988836550094 0.0014094430820597026 -0.00619577691722184 0.040647373333234205 0.9991533500217569
12 1783356070.369278 0.014980038672516264 0.022196541912224574 -0.009499553369866227 0.0012362791915647708 -0.006274124985734764 0.03391922712787149 0.9994041189631309
13 1783356070.393446 0.01709014537083552 0.021796960151355294 -0.008756832354323254 0.0010110991103611244 -0.005554068820855046 0.02762229149349274 0.9996024904984835
14 1783356070.425239 0.019581667851435607 0.023416770771358966 -0.009181006009154374 0.000715985033934996 -0.005343480067713791 0.018571569591837922 0.9998129982097116
15 1783356070.461276 0.021978887877404867 0.023979208331987054 -0.009393159881193193 0.0012841537902751332 -0.004049043510413963 0.011503284025120353 0.9999248124995855
16 1783356070.485295 0.024018459533512858 0.02439704993847234 -0.00905821105346474 0.0019156362962589601 -0.002248074918061005 0.007638974922868469 0.9999664607169938
17 1783356070.51726 0.02748388978347475 0.024857572848285103 -0.009103519952064109 0.0018865891169890237 -0.0016759695232571037 0.0062886827069277285 0.9999770419251997
18 1783356070.54125 0.03017372645822589 0.025389391710380082 -0.00901927310172819 0.0018292029973014934 -0.0015627160083422909 0.007338767850869898 0.9999701767660389
19 1783356070.577275 0.03348473482442099 0.02605893229224775 -0.008876882472738691 0.0015998495960792836 -0.00033730897458542075 0.01020673461644181 0.9999465732089866
20 1783356070.601304 0.03599713208698739 0.026251977757039278 -0.008489570848816028 0.0017550573480988874 0.0008116465892289704 0.012982462900687136 0.9999138546197623
21 1783356070.633266 0.03976881051057298 0.0262420139214806 -0.008127057454277923 0.0018406383822443528 0.0016741724347598408 0.01671158804864445 0.9998572558229984
22 1783356070.657419 0.04241252386819851 0.027324820559873 -0.008005040097184885 0.001561900418438955 0.002293156363604887 0.018307921258939097 0.9998285462618836
23 1783356070.693306 0.045894663360818766 0.027995223565103956 -0.007848060649605651 0.0009499828691686973 0.003260846928399036 0.02012071740468549 0.9997917888945572
24 1783356070.717406 0.04750692496565762 0.028942014731298468 -0.007512052421274452 0.0009796631218711993 0.0037034742089367134 0.02081158529275237 0.9997760761573333
25 1783356070.74928 0.05060295206503176 0.029672072727562063 -0.0070521883236567984 0.0013500646762097945 0.0043396010124775175 0.02161437789758433 0.9997560521729904
26 1783356070.781255 0.05383747802854798 0.03086642428546716 -0.006658651665984855 0.0014123297919457767 0.0050866264157675145 0.0220748816132188 0.9997423823955989
27 1783356070.809326 0.056146634722855485 0.0316838309945564 -0.00642127653200611 0.0016301676777834562 0.005470424627757986 0.022302642779313486 0.9997349694457991
28 1783356070.833617 0.05832634827106708 0.03289989349396527 -0.00639097321305194 0.0018319846675648455 0.005685974450692882 0.02233808125065831 0.9997326260819756
29 1783356070.865302 0.06235033474482579 0.03336228161456812 -0.006605601878986161 0.0021626068629471695 0.0059022439455070075 0.022823867657172897 0.9997197395836155
30 1783356070.897265 0.06568748559592304 0.03388477710390653 -0.006576602514089519 0.0022678768773690128 0.006129892963210148 0.023082443303390987 0.9997121995643921
31 1783356070.925338 0.06812585348678579 0.034464658633401195 -0.006520299233101985 0.002469683243227827 0.006481917085911282 0.023013535732066603 0.9997110895597181
32 1783356070.957329 0.07170232472642563 0.034902896873692885 -0.006563922428248043 0.0025275667525040957 0.006937030879215822 0.023020550093575787 0.9997077289299517
33 1783356070.981572 0.0740570919830339 0.03545507624081815 -0.006556558167712567 0.0023789981083868206 0.00731907479390892 0.02279789234790769 0.9997104718950656
34 1783356071.013288 0.07732929394011102 0.03618799113397605 -0.006482403513330758 0.002318935867054339 0.008031410961506752 0.022444380296271466 0.9997131432403639
35 1783356071.04135 0.08017946591757928 0.036470722448570435 -0.006646202987601526 0.0023490781915437853 0.00873093739434 0.022088108886109736 0.999715143433219
36 1783356071.073347 0.08369889067527556 0.037019241665905596 -0.006845280495403442 0.002133853705498623 0.009564594704334378 0.021479943619350766 0.9997212497584589
37 1783356071.105319 0.08722670431436728 0.03768055629090485 -0.006899891871724669 0.001968437617469121 0.010563918720370963 0.02080209109251227 0.99972586336495
38 1783356071.129606 0.08937461983976593 0.03814712034516458 -0.006617984039736973 0.0018914773729338252 0.011423529754634454 0.020544475833201736 0.9997218862233795
39 1783356071.165338 0.09242965457828521 0.03906405481732727 -0.006733715349552488 0.001640039343005939 0.012393469063537138 0.020260845523817655 0.9997165649993925
40 1783356071.189366 0.0950737340555891 0.03944847453103822 -0.006471736730182441 0.0017856554425837445 0.013160542185302854 0.020407753772959197 0.9997035236258658
41 1783356071.22133 0.0984352912500873 0.03968547823724249 -0.006192741796358399 0.0017799303702124014 0.013263414033771986 0.02105770779348795 0.9996886948638213
42 1783356071.257346 0.10136021302225645 0.04050662001492182 -0.006012053373001992 0.0018121221071337734 0.013408120388946121 0.021507257861767715 0.9996771360696272
43 1783356071.28135 0.10372748008546478 0.04084638068772882 -0.005927653501949918 0.001979896859276742 0.013613581473339437 0.02191650942981263 0.9996651524497131
44 1783356071.305601 0.1062446334592993 0.04104152197331244 -0.00575795177143538 0.0021071011758445612 0.013684598684314098 0.022207093199894834 0.9996575097977783
45 1783356071.33738 0.10961634283775595 0.041625860198790866 -0.0053237963499136245 0.002421424439464581 0.013981274022012352 0.02218321581710972 0.9996532226809539
46 1783356071.373354 0.11296667031925321 0.04199350255189598 -0.005183524932990194 0.0024824766987343594 0.014572057466654575 0.021972485131443786 0.9996492896750226
47 1783356071.397368 0.11514662985191008 0.04235823731919507 -0.004839490585763108 0.0023855462136394 0.015175416357721794 0.021600350083662956 0.9996486586715833
48 1783356071.421667 0.11767466788256474 0.04274069756059285 -0.0047157998266009115 0.0024339844649310938 0.015400466028712895 0.021483097426752168 0.9996476268619237
49 1783356071.453352 0.1209388760201645 0.0433331779513965 -0.004350587268738699 0.0022710969635853506 0.015565347175177158 0.021420088244344326 0.999646808580662
50 1783356071.489378 0.12393723128555066 0.04406392072820243 -0.0038793135327615065 0.001883642366740934 0.015357709528273616 0.021299743028608625 0.9996533967312844
51 1783356071.513408 0.12637414151657922 0.04471257819799636 -0.003716140754248178 0.0016952700469196058 0.014945632495146383 0.02106220059212674 0.9996650128092935
52 1783356071.537538 0.128889419413921 0.04596310576816577 -0.0031038491627794983 0.001746793988959272 0.014821115644566785 0.020208738164117113 0.9996843952686392
53 1783356071.569377 0.13261510771970905 0.04632129554112864 -0.0027420129861832295 0.0016933228198022787 0.01443382487387096 0.01970805018079419 0.9997001501027244
54 1783356071.605389 0.13569668670704554 0.046759768575555 -0.0022948526722587404 0.0013782503858461026 0.01421262033319412 0.01907520619958672 0.9997160788731876
55 1783356071.62939 0.1381138552888525 0.04716412579649269 -0.0022018166155025 0.0013419485037570178 0.01379770072282438 0.018537897857758223 0.9997320485870161
56 1783356071.653553 0.140476586973861 0.047299686392453605 -0.001964010872999979 0.0014294875276022467 0.013574248153019525 0.01812079970618366 0.9997426333664565
57 1783356071.685375 0.14372832253479106 0.047701528876559623 -0.001966995675606543 0.0014393258896934213 0.013302082786654623 0.01747010519782316 0.9997578598635259
58 1783356071.721391 0.14682163592488978 0.04840878702585152 -0.0015257736006057663 0.0017198031909319011 0.013056796428661532 0.016914097457486343 0.9997702114242072
59 1783356071.745408 0.14924198999756935 0.0488169418352367 -0.001627794589464689 0.0018902997390282117 0.012553109552268044 0.016656296349568805 0.9997806829497062
60 1783356071.769638 0.15152305085132092 0.049192620978293945 -0.0014499284778259004 0.0020978845013291947 0.012121089952043418 0.01657766465500693 0.9997869068424431
61 1783356071.801348 0.15453919502089966 0.04976086474719847 -0.0013054699727511943 0.002463154488763275 0.011466131136827734 0.016482560054620538 0.9997953720240775
62 1783356071.829417 0.1570612619191309 0.049918829692781636 -0.001233370368220427 0.002461772912531024 0.011015071097799173 0.016553925963007282 0.9997992675622688
63 1783356071.861415 0.16018852864601316 0.05043387391391525 -0.001220968688942614 0.002486895310012893 0.010529643933611305 0.0164126663853377 0.9998067644962562
64 1783356071.885605 0.1626962641248367 0.050819558764017815 -0.0010018575780416038 0.0024299170096803158 0.010092540819700263 0.016209532427777645 0.9998147264276526
65 1783356071.917369 0.16590495091441038 0.0508953979267234 -0.0009918550031912297 0.002266486447479621 0.009620367666965085 0.015996196650273714 0.9998232009999876
66 1783356071.945429 0.16842742649174702 0.05134717777563362 -0.0008407696598139603 0.002010321942870319 0.0090774774127714 0.015558305561143765 0.999835735077304
67 1783356071.977424 0.1715885283980851 0.05157445812356222 -0.0008908877194059067 0.001822220004763564 0.008226538188028487 0.01511326097029625 0.9998502852560172
68 1783356072.001566 0.17415469989896223 0.051906544362931094 -0.0009722995296211295 0.001790801888423843 0.007291374808358259 0.014741362289486831 0.9998631511961276
69 1783356072.033367 0.17702103851807058 0.0522495166500599 -0.0009764258350629931 0.0019460470344772607 0.006133212686034062 0.01438892566793537 0.9998757699940579
70 1783356072.061431 0.1795684493094956 0.05261773457189388 -0.0011494712390742688 0.001869116036392282 0.004777896266513204 0.014130779457467879 0.9998869932069491
71 1783356072.093434 0.1827513080397103 0.053034689396040925 -0.0014469348823608944 0.0016224279101986205 0.004834127734178795 0.013518889244467258 0.9998956138369253
72 1783356072.117579 0.1851660747744511 0.05365791501295217 -0.001665831533425267 0.0018517430078953678 0.005240433192767291 0.012799006395569301 0.9999026424322875
73 1783356072.149389 0.18835968027456024 0.05400270180556719 -0.0019433623864322962 0.0023172016806878304 0.005966401835409474 0.01195166355067323 0.9999080909583045
74 1783356072.177445 0.1907514340031601 0.05444861745477276 -0.0021343906104831314 0.0022806002605925135 0.006066014463693176 0.011204412281913184 0.9999162282293427
75 1783356072.209448 0.19400733022334313 0.055186226973081114 -0.002407105551459372 0.0025280114612581395 0.0059485639234300725 0.010591912514878454 0.9999230146039132
76 1783356072.241407 0.19767009552865114 0.05553833465480709 -0.0027966339275022215 0.0028121200862292195 0.006038855691125805 0.010878881672460233 0.999918633757827
77 1783356072.265395 0.19976699378718812 0.05605489417886772 -0.002930146568193308 0.0028272426815301177 0.006207238315840274 0.011175389302135713 0.9999142901095353
78 1783356072.293766 0.2023427464300428 0.05664867816780392 -0.0031143310316843454 0.002817170319141693 0.0060012538696319895 0.011554387535208016 0.9999112683793854
79 1783356072.325463 0.2054845248512421 0.05746477986593477 -0.0032542883559685378 0.002724064134212556 0.0059714854155469566 0.011942121739251105 0.9999071489717881
80 1783356072.357437 0.2086591208345872 0.058011858058909405 -0.003503964767497112 0.0026028770023438508 0.005805338979445046 0.012001937918126898 0.9999077340219216
81 1783356072.381409 0.21125664053328133 0.05795279191569872 -0.003774653138203728 0.0023010075253415696 0.005647356412555399 0.012142776569794872 0.9999076785919259
82 1783356072.409471 0.21360833685184008 0.05848458853154246 -0.0039056070144276975 0.0019938618987164203 0.005209050822343825 0.011730910947469614 0.9999156344575285
83 1783356072.441469 0.2170145109270944 0.058815634894997186 -0.004307098992196553 0.0016214345798134522 0.004397048464642589 0.01128143223772074 0.9999253803166358
84 1783356072.46565 0.2193760008458951 0.05930029938874317 -0.00455002333628611 0.0013408704955614192 0.003897481578451073 0.010788707154078508 0.9999333055267253
85 1783356072.497418 0.22266734368530833 0.05933892211738274 -0.004886245595487062 0.0015740496382558034 0.004308999335802616 0.010429231639149744 0.9999350909033432
86 1783356072.525483 0.22513233107718258 0.0597206936271655 -0.005077792798298584 0.001703410113031989 0.004506676231183171 0.009954046936054839 0.9999388507368483
87 1783356072.557484 0.22821104865534153 0.059839755054181445 -0.00534963060047422 0.0017035433813729073 0.00499632254824714 0.009666050723295433 0.999939349242921
88 1783356072.589441 0.23177259652629129 0.06092096043238075 -0.005847471672905481 0.0016845869999326801 0.0049282703585061816 0.009189295028356581 0.9999442140313604
89 1783356072.613706 0.23465862514949332 0.06105052650872822 -0.006227856944015165 0.0017150104160509327 0.005781910358261422 0.009226568267849733 0.9999392474995074
90 1783356072.6417 0.23714724052561584 0.061174186003833224 -0.0062398820372949314 0.0019791726604257986 0.006375315557995392 0.009234417502226394 0.9999350797729375
91 1783356072.67349 0.24064610840077683 0.06157125577481482 -0.006411787768451274 0.002128966192101567 0.006414279443962834 0.009368601606388083 0.9999332746869205
92 1783356072.705446 0.24383719161272235 0.06188419677057284 -0.006527286371225996 0.0021212769655701846 0.006920887157919914 0.00978413473383885 0.9999259333633129
93 1783356072.729696 0.24628187395789125 0.06221648544983919 -0.006660595536420934 0.002037751738172 0.007376570193058568 0.010284729372288387 0.9999178256845804
94 1783356072.757544 0.24879836136505062 0.06229012543914329 -0.0068580267198311996 0.00192201996011776 0.007154018649385724 0.010695233665367648 0.9999153653351271
95 1783356072.789501 0.25197412626855265 0.062373085900454095 -0.007102969056366676 0.0016511244623364507 0.007232219670287782 0.010975215894687168 0.9999122528615776
96 1783356072.821468 0.25509696865251186 0.0626466121818327 -0.007459451194113823 0.0016855271116853476 0.009082276306359383 0.010913164416816556 0.9998977818246535
97 1783356072.845511 0.2573283117913301 0.0629641299034971 -0.007592339176224402 0.0014527057389440712 0.012878707500763531 0.010951066778160823 0.9998560409756826
98 1783356072.881488 0.2601389882059456 0.06301756749829665 -0.007748100579002862 0.002033042854170164 0.021122574345833645 0.012259041777427926 0.9996996646415648
99 1783356072.905522 0.2618424098948953 0.0629854431554273 -0.007632708314229591 0.0034526860904472434 0.023591052945048374 0.013502686644584483 0.9996245388309969
100 1783356072.93748 0.2639155945702593 0.06332727680966069 -0.007913501516646543 0.002549053148575675 0.01957083109038371 0.013896123648465986 0.9997086488802744
101 1783356072.961649 0.2648720004419689 0.06325382794665985 -0.007953891573610476 0.0026104775135681324 0.0211138326026189 0.013144616871061943 0.9996872563593541
102 1783356072.997499 0.2657542956778709 0.0631019670680064 -0.00820795751741998 0.0028915261708498674 0.021118153154817854 0.01142829923139288 0.999707485547853
103 1783356073.021523 0.26629207081142253 0.06332193439940048 -0.008345849399828627 0.0020219328736896802 0.018110560247420915 0.0109544816863405 0.99977393381002
104 1783356073.053495 0.26684686017024206 0.06338581020938486 -0.008349949713370976 0.0012132638854466804 0.01632598078085884 0.011060425245415784 0.9998048096181964
105 1783356073.089533 0.26742715152699986 0.0633935378623551 -0.008389157446293613 0.0017068250861100864 0.014097990453741938 0.010277927049538782 0.9998463370082706
106 1783356073.113572 0.26786171304123185 0.06336234107364114 -0.008403160783386907 0.001643239325555823 0.01205035887157313 0.009245595262799 0.9998832969821136
107 1783356073.137694 0.2682273405948837 0.0633589632227074 -0.008406244536581203 0.0014046132506138065 0.010287842785184687 0.008029873865858794 0.9999138505282053
108 1783356073.169496 0.2688062295952795 0.0633824334372026 -0.008363599052434242 0.001285632837307149 0.007970454827932627 0.006647549233413874 0.9999453130482852
109 1783356073.205541 0.26946475409280113 0.06349656034742704 -0.00848869640107498 0.0011848702943821898 0.005844017811454966 0.005936237534339611 0.99996460168455
110 1783356073.229541 0.2699231998038413 0.06362794947808077 -0.008449176850618705 0.0010554688457600214 0.0040553085847967185 0.005387493063442966 0.9999767074168724
111 1783356073.2535 0.27026403112909136 0.06363866256637159 -0.008518458543270439 0.0008993053931892758 0.004543312600179844 0.004808579607486957 0.9999777133129445
112 1783356073.285513 0.2709091206075707 0.06386437042384756 -0.00841391919365024 0.0006882436070410058 0.004317028871365841 0.0039007621623407818 0.9999828366712171
113 1783356073.321561 0.271556160004834 0.06370846240088766 -0.008180107375461073 0.0009143534018585253 0.005085497957119378 0.002789121180234666 0.9999827610871233
114 1783356073.345547 0.27208699909779455 0.06384806560426658 -0.007914604765758301 0.0009201008209239192 0.006662743583345565 0.0024157035014134576 0.9999744624934257
115 1783356073.377515 0.27286141660164587 0.0638620785322121 -0.007791140695541247 0.0008789732794563521 0.0064395363446489995 0.0022993764024593633 0.9999762360405371
116 1783356073.401503 0.2734469437841595 0.06394743502045842 -0.007805096660952981 0.0009306097711843098 0.005663350980281978 0.002465045598466886 0.9999804917953778
117 1783356073.429575 0.2740773702506421 0.06394483862160616 -0.007850022976228247 0.0010230076713705905 0.005226278989313382 0.0026337675626165735 0.9999823512100883
118 1783356073.461556 0.2747594317120725 0.06395468769154124 -0.007926272854466988 0.0009715460588864966 0.005986111604627475 0.0025806990490902515 0.9999782810434087
119 1783356073.493524 0.2754937625129436 0.06408148893995187 -0.007847917796782141 0.0010331469259111103 0.006194226865281094 0.0019540256131114764 0.999978372738568
120 1783356073.517505 0.2758879520928224 0.06401174036135238 -0.007998595937195893 0.0011626040766106183 0.007875091805597922 0.0018884540921019766 0.9999665319509232
121 1783356073.545741 0.2759098076045861 0.06396912807009941 -0.008487888038670923 0.001140323417890332 0.01664308967968009 0.0020476978194520212 0.9998587471048384
122 1783356073.57757 0.27601597376100107 0.06379290009789908 -0.008768526177668021 0.0031800957114193062 0.021050803090491066 -0.0008876720128748739 0.9997729555848714
123 1783356073.609533 0.27613687885286897 0.06389540666137249 -0.00810996463403029 0.001347856113266599 0.01816065302249459 -0.0022275631248233063 0.9998316918002846
124 1783356073.633522 0.27604374115665314 0.0640209872523535 -0.008189363371279254 0.00032245839095207396 0.015895963944621228 -0.001106445117443955 0.9998729869988785
125 1783356073.661624 0.2759163445830858 0.06415027158233232 -0.008090687916158464 0.0003965059436658591 0.01473849204211336 -0.0005964366649578445 0.9998911260225616
126 1783356073.693583 0.2756966774388008 0.06399609232463732 -0.007928215884208256 0.0009279848223043841 0.013174978850509833 0.0006982012274917571 0.9999125318204108
127 1783356073.717549 0.2756891142681686 0.06400364411053858 -0.007879883525341757 0.0010571525171977347 0.011754885835580875 0.0014075665766218881 0.9999293594268951
128 1783356073.749537 0.27543929708003356 0.06417197752703593 -0.00782034524119875 0.0007819594108473549 0.009591423774424512 0.002151207875399186 0.9999513815351906
129 1783356073.777861 0.2753237725994667 0.0642115648479894 -0.007685205967842596 0.0009202909860184794 0.0082559289693514 0.0025722038738594244 0.9999621875194009
130 1783356073.809602 0.2752153564665201 0.06414578934535008 -0.007736798673642549 0.0011596130871222021 0.006122523399599289 0.00274687263964718 0.9999768120788658
131 1783356073.841555 0.2752350851849925 0.06407288957635968 -0.007717806911770191 0.0007981405471707559 0.005038351872917068 0.002420812733709199 0.9999840586968275
132 1783356073.865546 0.27522122645405545 0.06404170368795804 -0.0076885938261297285 0.0006836840496197705 0.005297638725485054 0.0014494739233520404 0.9999846831953978
133 1783356073.893886 0.27524314116369636 0.06403277752999324 -0.007889272749606904 0.000694913297363875 0.0053937237816054084 -0.0008659809519349082 0.9999848373431808
134 1783356073.925603 0.27521011894019537 0.06394008461881227 -0.007912090430241256 0.0006828946274650693 0.005956891074693049 -0.005605739374736629 0.9999663118274109
135 1783356073.957567 0.2752887513612594 0.063872170796932 -0.008093380952257983 -9.949521710705955e-05 0.006447077784128286 -0.011622914670821605 0.999911662669909
136 1783356073.981557 0.2755332810151182 0.06383262957872497 -0.008232923456685737 -0.0004778137539195315 0.006536247095309311 -0.016669847832303186 0.9998395698016626
137 1783356074.009882 0.27547096809214777 0.06372989989567722 -0.007990582926147051 -0.0004999641881109906 0.0066725654277957624 -0.021712519713128764 0.9997418633798074
138 1783356074.041611 0.27526261971437566 0.0636398559684695 -0.007900739932252423 -0.0007630778710158159 0.006402346872510928 -0.02866841836502057 0.9995681814939564
139 1783356074.07357 0.2752702115119887 0.06366933409776948 -0.007808546695757833 -0.001675901773734112 0.004270473891865023 -0.03486260304312189 0.9993815854392362
140 1783356074.097572 0.27557975554793135 0.06374398486892974 -0.00767413638010664 -0.0021378578050761377 0.0040955025095477104 -0.039040835363643334 0.9992269359846684
141 1783356074.125762 0.27580113853582816 0.06370820157377022 -0.00765336787892874 -0.0015539252217329214 0.005667410672276663 -0.04254836639653281 0.999077125295972
142 1783356074.157617 0.2766363573590618 0.0635758786614703 -0.0077686524736665305 -0.0015837597913709311 0.005353236007366341 -0.04610934408484199 0.9989207991413726
143 1783356074.189586 0.2776296955847283 0.06353089607390529 -0.007880712783237947 -0.0016912309942930248 0.005932097212251547 -0.04785142219307961 0.9988354175511039
144 1783356074.213738 0.2787404623065881 0.06343205079447194 -0.007705867588452442 -0.0014290854829072108 0.006102511888688766 -0.04692425545472673 0.998878787097489
145 1783356074.249612 0.2799335225870221 0.06340403723989105 -0.007886229395091067 -0.0011390211064035705 0.006522820429037263 -0.04320201867173448 0.9990444139412706
146 1783356074.273636 0.2808615949990658 0.06312091930074633 -0.007907954730146244 -0.0007626093944005929 0.007365921627817518 -0.039270839757986786 0.9992011623142696
147 1783356074.3056 0.2822289009678322 0.0631255564913028 -0.00818924635969004 -0.00026792892175314664 0.00761798829952573 -0.03414221839989104 0.999387914371139
148 1783356074.329614 0.2832575996846649 0.06307743607027946 -0.008276755887150657 -6.22567528468787e-05 0.007667403963320413 -0.031032378602575267 0.9994889686829099
149 1783356074.365621 0.28458267063363213 0.06325540826363837 -0.008515985515822128 0.0002909137723504096 0.007474415755317654 -0.02807473914784281 0.9995778396403525
150 1783356074.389648 0.2856544464512125 0.06310701630344337 -0.008578147039430231 0.00048738729228825495 0.00794126236021725 -0.02636628862550716 0.9996206868757119
151 1783356074.421608 0.28681097983414544 0.06322911679882758 -0.008620066740677265 0.0006561094647553611 0.00780089158618083 -0.02551005766456546 0.9996439128853741
152 1783356074.453617 0.28815921330705735 0.06303072913713785 -0.008997350552610885 0.0007096991903480232 0.006884084846808719 -0.02572737734968275 0.9996450408808061
153 1783356074.481651 0.28893687361663245 0.06321812762670294 -0.009080595653286198 0.0006090594206943911 0.0067186673881777514 -0.02681029492432077 0.9996177752727389
154 1783356074.505872 0.28973999474010775 0.06305838208352514 -0.009158876143690138 0.0006093439022885616 0.0063694130042804276 -0.02788625829158034 0.9995906241439467
155 1783356074.537613 0.2911726472800737 0.0626880132591798 -0.009501955535268754 0.0005710919292200578 0.005480663657046719 -0.029135483307817928 0.9995602832207302
156 1783356074.573657 0.2923689227497765 0.06258518566960862 -0.00955161211210217 0.0006350015123259833 0.0057560056365503764 -0.03026368042100075 0.9995251746802414
157 1783356074.597668 0.29341929882153484 0.0624987759418985 -0.009911990802516684 0.000769559724760116 0.005250732881547565 -0.03047246081935792 0.999521518884736
158 1783356074.621912 0.2943540258974001 0.06242034372707933 -0.009963869739601772 0.0008121512850210455 0.005382160939591235 -0.030535915374234973 0.9995188495602114
159 1783356074.653632 0.29564465564565934 0.06234143630955874 -0.009885098345237157 0.000974039804078175 0.0062367879457176645 -0.030628614808097226 0.9995109012299553
160 1783356074.689656 0.2968848958781168 0.062193759745617624 -0.009992133065721734 0.0010587974641641518 0.00618455767044418 -0.030529772848559344 0.9995141635635617
161 1783356074.713675 0.2977644661673896 0.06218214871093526 -0.010097794270797605 0.0010391677226021523 0.005462736262787982 -0.030420996119634225 0.999521706436662
162 1783356074.737718 0.2986975034845528 0.0621573167263348 -0.010022744054465864 0.0009101624969093391 0.005555883623717978 -0.03053219271499849 0.999517928288134
163 1783356074.769661 0.2999350744447829 0.06204767576177844 -0.009992268627899396 0.0010123588487166435 0.005801030515521971 -0.030651772475539824 0.9995127773163418
164 1783356074.805668 0.3012177126343102 0.062054117415291654 -0.010152307709108443 0.0009061230918300245 0.0050215674781505515 -0.030589347238851067 0.9995190116433533
165 1783356074.82969 0.302180282827623 0.062017383367419535 -0.010226537559861661 0.0010330691796964775 0.005533891301241933 -0.030907376970719047 0.999506399611291
166 1783356074.861644 0.3034862876295372 0.061926908689640243 -0.010375566900385776 0.0013820940670450366 0.005838856765690403 -0.031333824077795835 0.9994909649598247
167 1783356074.885854 0.3043717928323884 0.06190739619306136 -0.010323242389728588 0.0013862901456952459 0.005652655148120356 -0.03140935459470806 0.9994896588426277
168 1783356074.921675 0.3056918792298362 0.06182148844190713 -0.0104906480040761 0.0013654351080889526 0.006334749819138785 -0.03169879019929345 0.9994764595685062
169 1783356074.945693 0.30669255328245665 0.0618090369807612 -0.010498583681890359 0.0013254256248756424 0.006454577847530507 -0.031834140178327475 0.9994714449101734
170 1783356074.97766 0.30795312470119673 0.06173812524150898 -0.010577653445314191 0.0011504707494086053 0.006055935584392352 -0.032243686348792405 0.9994610281306087
171 1783356075.001826 0.3089037002210716 0.061685401350003805 -0.010689927023699591 0.00100628594265173 0.005985452232225574 -0.03302277359432476 0.9994361701350994
172 1783356075.037695 0.3100866007040482 0.061661336088490545 -0.01074277982796739 0.0008269340590642549 0.006043746804737848 -0.034115459664747605 0.9993992819271411
173 1783356075.06191 0.3110799318455366 0.0616016362729223 -0.010825147037796377 0.000617510204777183 0.005506958145599095 -0.0345829690764044 0.9993864669600996
174 1783356075.093675 0.31223437436553514 0.06158618421001399 -0.010933589264458555 0.0004050066051268786 0.004350850083685631 -0.03479164522448852 0.9993850346566996
175 1783356075.125639 0.3134994407567644 0.06148116330909824 -0.010949681636740533 0.0004058492663743807 0.005036988778901491 -0.03445933999392095 0.9993933249314795
176 1783356075.153702 0.3144903746425507 0.06146072203159268 -0.011001783754423445 0.0005129370320662296 0.005302495873613672 -0.033888924309255525 0.9994114074005125
177 1783356075.177915 0.3154886043151625 0.06148734869308316 -0.011296720950336483 0.0011272328295897083 0.006378407264939295 -0.03032251557104207 0.9995191795640315
178 1783356075.209683 0.3163396912638522 0.061708799708117705 -0.011263120926019592 0.0015029021640669549 0.013310963513916835 -0.018624874029664534 0.9997368021648476
179 1783356075.241654 0.3169021123820763 0.06171516444192957 -0.011219035006349591 0.0023693931707532423 0.019263323958160578 -0.016582519018903813 0.9996741120930727
180 1783356075.269727 0.31693350678306215 0.061663131140674454 -0.011233303418819557 0.0023777061120964227 0.01932597691849719 -0.01623655197120638 0.9996785620937745
181 1783356075.301732 0.31670334910842013 0.061573309723069555 -0.011296885294273513 0.0021890454084687594 0.015725739739032407 -0.01630740193207808 0.9997409553639811
182 1783356075.325697 0.31648816393521456 0.061631024669643646 -0.011273931797066252 0.0018951246555486967 0.012825479091812891 -0.016155705408521986 0.9997854313658299
183 1783356075.357672 0.31629092952599636 0.06167115151433475 -0.011299182217080893 0.0018868167784871215 0.00944201661286076 -0.016305138378097606 0.9998206992792247
184 1783356075.38573 0.3160790174153803 0.06160793228149652 -0.01130088820555767 0.0018674129276415874 0.00729810375389614 -0.016458656160276447 0.9998361681235347
185 1783356075.409722 0.31593963395984265 0.061649318938208186 -0.011266367921748004 0.0017686541639980735 0.005569365361673101 -0.016528697261943698 0.9998463162900284
186 1783356075.441718 0.31600190827699987 0.06170191436383997 -0.011155001861149379 0.0014249739982589715 0.0037252576715351426 -0.016404141000880668 0.9998574878763515
187 1783356075.473712 0.3158601126119737 0.06172035447772252 -0.011200217572525725 0.001390802445537409 0.004279532029074051 -0.016247716797169187 0.9998578713862529
188 1783356075.501748 0.31590561184055277 0.061739746601573435 -0.011284908132648614 0.0018726673527557636 0.005029416383733637 -0.01603135623183735 0.9998570866404823
189 1783356075.533747 0.3160102294643425 0.06171074658500576 -0.011300873360895474 0.0018151116244649046 0.005686778009169363 -0.015918055342253906 0.999855480276918
190 1783356075.557891 0.3159978990517303 0.06176844879576713 -0.011204784387673354 0.0016222082885279931 0.006132607941352036 -0.016100337922049485 0.999850258128137
191 1783356075.58973 0.31610411939548055 0.061694725663405114 -0.011299315986007849 0.001756830132840892 0.0063967069906012974 -0.016391740860395076 0.9998436410355004
192 1783356075.617758 0.31598917142871713 0.06174097458251272 -0.011303531036525647 0.0017744069924221506 0.00645704480735651 -0.01660286189108076 0.9998397386727569
193 1783356075.649754 0.316085817776134 0.06174816566281646 -0.011342997824341821 0.0016857150295110923 0.006528276699508645 -0.01639455917267582 0.9998428668534409
194 1783356075.681713 0.31608164290829643 0.06171496363151778 -0.01128047229953359 0.0017649209980824532 0.006543055789993146 -0.016280882675921482 0.9998444910755336
195 1783356075.705738 0.3159946807851018 0.06169272973899376 -0.011285913357118852 0.0016257359250977377 0.006302104767708261 -0.016251216997441476 0.9998467574605125
196 1783356075.733938 0.31595758008853625 0.06165602308604984 -0.011185324684119008 0.0016382996640250669 0.005952668108241327 -0.01651519362331713 0.9998445529662042
197 1783356075.765727 0.31584105811225266 0.06170847043250168 -0.01128452218894082 0.0017394240521212412 0.006379919067973777 -0.019185011078506647 0.9997940819921723
198 1783356075.797736 0.3156514549524714 0.06152698545051307 -0.011293289177199142 0.0014499925270913816 0.007797503806439066 -0.025146822960221082 0.9996523064301244
199 1783356075.822021 0.3154490239124507 0.06159662253279127 -0.011297022720489946 0.001160416056944391 0.008279278717087002 -0.029780415931855875 0.999521502422747
200 1783356075.857762 0.3148040497008915 0.06160614385743827 -0.011236746482732367 0.0006402145045014684 0.011619782493942382 -0.035531882106933504 0.9993007836152841
201 1783356075.881779 0.3142091720649306 0.06157629149951406 -0.01115691560672382 0.0010144869719320715 0.018886293155317008 -0.03952878812353519 0.9990394154669374
202 1783356075.913743 0.313170882567138 0.061485160371369814 -0.010972088102266837 0.001537597022900572 0.01924245432664834 -0.044917631293745874 0.9988041700683079
203 1783356075.93807 0.3124066936446221 0.0615349496459691 -0.011089087056262943 -9.93633416851436e-05 0.0158423028622931 -0.04907479064636433 0.9986694530674108
204 1783356075.965775 0.31139392069809696 0.0617194974577507 -0.010877674108872503 -0.00033274497008162207 0.016799233014151066 -0.05135461592092169 0.9985391221552293
205 1783356075.997764 0.309816805608586 0.061813835931191996 -0.010748084745385855 0.0013084145801104397 0.019628243951108182 -0.05200032844434699 0.9984532968208191
206 1783356076.029739 0.3082607101273599 0.06187852481765689 -0.010630396508760352 0.0010947232159562725 0.01922756238059553 -0.05147382583641569 0.998488631722837
207 1783356076.065777 0.3061918171020997 0.06206049759310027 -0.010337362309287277 0.0013893901635410044 0.020233341009385453 -0.047972431340367216 0.9986427425951011
208 1783356076.08978 0.30479990581417077 0.06219422703312869 -0.01038068603591203 0.0016102096720251868 0.019814042738619003 -0.04312512501524288 0.9988718809374826
209 1783356076.114004 0.30334218891103487 0.06235045912153465 -0.010259852497203141 0.0017113559788606292 0.02025587653518468 -0.03753912154261524 0.9990883770119208
210 1783356076.145741 0.3012475436449813 0.06252170693211291 -0.010221073931372279 0.0016155481926273252 0.01916404238882738 -0.029950452808767597 0.9993663491732682
211 1783356076.173799 0.299599525009945 0.0626746418002343 -0.010095833251221627 0.0016304612990359901 0.01909810693831665 -0.025141208355606348 0.9995001368432849
212 1783356076.205796 0.297304263177126 0.06274051339054378 -0.010004095876387571 0.0018094121732258328 0.018835670949281513 -0.020279545659650566 0.999615267768213
213 1783356076.230014 0.29557683131994367 0.06291871756088468 -0.010044573093630377 0.0018021955780634924 0.01754713854984541 -0.018083120477458636 0.9996808744662512
214 1783356076.261749 0.29321250080504024 0.06303552596318454 -0.00983987835438268 0.0014578846878207097 0.017258857682810408 -0.01639461731385719 0.9997155710135027
215 1783356076.289812 0.2915060317263462 0.06305134951077333 -0.009609416284466524 0.0011524861258792596 0.01741117846143464 -0.015419854441112268 0.9997288386004121
216 1783356076.321809 0.28927392150486475 0.06317346138577637 -0.009460229370142391 0.0010459364122669124 0.017050565126660255 -0.01473041453530416 0.9997455671987253
217 1783356076.345857 0.2875828928608593 0.06329846372130807 -0.00935219537849741 0.0010289226866327938 0.01583070762426353 -0.014358585730586682 0.9997710543069537
218 1783356076.377759 0.28557783069752846 0.06337820254186413 -0.009230039271734998 0.0009714650582904327 0.012457084172856264 -0.01369286617257745 0.9998281766011254
219 1783356076.405827 0.2841273922188759 0.06336189713538734 -0.009312984276340149 0.000760003388913244 0.007545556178031515 -0.013565880097042377 0.9998792196430555
220 1783356076.437834 0.28253151874295684 0.0633757130331043 -0.008976977305062172 -0.0011192050247219587 0.0014268935190551724 -0.01277060085195969 0.9999168080939924
221 1783356076.461815 0.28158712947039927 0.06332878809688462 -0.008975126822236673 -0.0005946342877640731 0.0031260825195751074 -0.012685268759893814 0.9999144753300824
222 1783356076.493777 0.2806733541460007 0.06334037168007885 -0.00902469406685917 0.0002239831338060605 0.005167658280693516 -0.01419155929390234 0.9998859158845361
223 1783356076.521837 0.28024332938910235 0.06337892114172056 -0.0090138633013058 0.00020477223016934776 0.00490862614346585 -0.01519968430385546 0.9998724083875804
224 1783356076.553837 0.2797509707342354 0.06329533735473222 -0.008988150789339523 0.00028715528066652896 0.007399010708993264 -0.014681782896548173 0.9998647995770988
225 1783356076.577869 0.27936695268962314 0.06325025425729627 -0.008960617293114093 0.0004089718610081894 0.0099108199496932 -0.013871424465187104 0.9998545854139232
226 1783356076.60978 0.2786392441768963 0.06335401109382774 -0.008782398831884876 0.000736359957490329 0.01331953169565711 -0.013021474698436092 0.9998262294249434
227 1783356076.637851 0.278170941992471 0.06337407058857042 -0.008724819666008351 0.0005823561903895991 0.015448652662296058 -0.012280638030960522 0.9998050739627901
228 1783356076.669829 0.277666270231736 0.06344819833917852 -0.008671819108975722 0.0008785162110026556 0.017855423817956795 -0.011263581510039367 0.9997767469695996
229 1783356076.693821 0.2772113485179419 0.06342135503011659 -0.008598362704904439 0.0010189259170001463 0.017668860323484414 -0.011021420351549072 0.9997826271036516
230 1783356076.725791 0.27667223648313766 0.06336946215281654 -0.008574798362413639 0.0009195282709893449 0.017655416002430813 -0.01051534717013558 0.9997884117289177
231 1783356076.753864 0.2760914945609849 0.06339807508025398 -0.008486239737193174 0.0008181790444662385 0.017464783621472635 -0.010095346918598813 0.9997961771714771
232 1783356076.785865 0.2754585563909308 0.06346649701310342 -0.008511991413553759 0.000933560899121777 0.017489307930732667 -0.009168998054195077 0.9998045719273511
233 1783356076.809837 0.2752134376621784 0.063295642429097 -0.008470970830748463 0.0009908659306975265 0.016238051779728535 -0.008323877417787062 0.9998330145198447
234 1783356076.841805 0.2747650967982773 0.06332726838056993 -0.008424840807522451 0.0009383022054692547 0.005513658843704694 -0.00740778775923423 0.99995692098992
235 1783356076.869865 0.2747256275974471 0.06338223594025155 -0.008307979111938549 -0.000880311462393979 0.0022020551860615634 -0.008740826287453513 0.9999589861391812
236 1783356076.901874 0.27457005994226963 0.06337288869503764 -0.008407133711710705 0.0005739692641210103 0.006377229749790103 -0.01016865794906363 0.9999277973411468
237 1783356076.925851 0.27476015488150407 0.06333839665184247 -0.008349817308863475 0.0011155055134541847 0.007645495820762932 -0.009785977807942964 0.999922265318383
238 1783356076.957813 0.2749791741468157 0.06339268428866882 -0.0083481112129144 0.0008357042632773926 0.008028478581298182 -0.009462196290825953 0.9999226529944243
239 1783356076.985879 0.2750131428683144 0.06355071053876106 -0.00832205139579941 0.00045732705785006544 0.008431087517652786 -0.009222549468788782 0.9999218230424456
240 1783356077.017888 0.27503807260484664 0.06349296506589258 -0.008233059074721508 0.0008104064594115501 0.009587923315233754 -0.009393268133050664 0.9999095866535396
241 1783356077.041867 0.27521694801214897 0.06336450130720057 -0.008452109606917588 0.0008281652844989162 0.010515137562131044 -0.009723173290054149 0.9998970976682963
242 1783356077.073824 0.27533909015973984 0.0634218565892609 -0.008495090299699646 0.0006743779898488178 0.012013209496438748 -0.010009339377049509 0.9998775130670541
243 1783356077.101893 0.2754214563155424 0.06347513800765468 -0.008490749574393207 0.0006339934333847719 0.013328132171640916 -0.010217927634634583 0.9998587664765435
244 1783356077.133876 0.2755212115812564 0.06346018419018995 -0.008493860252927985 0.0006971270189045642 0.015073921090509368 -0.010490833645430464 0.9998311023999505
245 1783356077.157916 0.2757797523464282 0.06328454935123466 -0.008624151365198065 0.0006805605739403919 0.01490789644873064 -0.013791571192171725 0.9997935206955637
246 1783356077.189834 0.2759237625042599 0.06319041358225179 -0.008585384871259752 2.2732347498388705e-05 0.015920955538153175 -0.02711517795919069 0.9995055226371858
247 1783356077.217897 0.2758524187718538 0.06314453258086782 -0.008741007405572994 -0.0008680817242418537 0.017274619445148548 -0.041320759147282254 0.9989962106137529
248 1783356077.249887 0.27526213423430135 0.06346682885828547 -0.008377600953247162 -0.0015206893810448818 0.01802968230978408 -0.06278327312176679 0.9978631562873399
249 1783356077.273882 0.2748837997355337 0.06355800614110993 -0.008209239918784982 -0.0019655378311688176 0.018773161427265872 -0.07937376547874542 0.9966661980948212
250 1783356077.305842 0.2744361710746034 0.06358337132847541 -0.008126642079193168 -0.0031560989873881673 0.018582297080623145 -0.10093100068923072 0.9947148688816609
251 1783356077.33391 0.2737264319100413 0.06366194579998505 -0.007930197413978317 -0.004040012769186696 0.018360746232148423 -0.11725952178598295 0.9929233433881721
252 1783356077.358191 0.27311243745922437 0.06336624558934707 -0.007719142427845077 -0.004556328266504706 0.018460950667528675 -0.13365996348312242 0.9908448149608844
253 1783356077.389892 0.2722379931166198 0.06338793533332465 -0.007563406923089619 -0.005739525402208345 0.01818107753395301 -0.15601749724231143 0.9875702743714532
254 1783356077.421853 0.27160247596599574 0.0630709264460581 -0.007665073124301681 -0.006564034457585244 0.01767645569816212 -0.17828147902000535 0.9837988466165377
255 1783356077.449954 0.2712610002289068 0.06291434010193862 -0.007603927508374624 -0.007064603688090143 0.017852025138891253 -0.1951540475599353 0.9805846696201941
256 1783356077.481901 0.2704128381665801 0.06298105656512012 -0.007601542502903289 -0.008273043662866297 0.017980124715621937 -0.2175082259522002 0.9758577988144019
257 1783356077.513895 0.26973897734178703 0.062941288943711 -0.007508288771260949 -0.009323407535812622 0.01794085743897378 -0.23959852473079818 0.9706614995213836
258 1783356077.53789 0.2695752005423005 0.06262010279393947 -0.007546015975080495 -0.009987703747123988 0.01790137680322912 -0.25595564314052477 0.9664711559208214
259 1783356077.566236 0.2693062234354363 0.0626896687254124 -0.007490018238294035 -0.010681486220661895 0.01808006491118408 -0.2724884688014446 0.96192985787695
260 1783356077.597909 0.2681400233682394 0.06309029852186443 -0.007113893388967819 -0.011673593569692442 0.01872491660999087 -0.29446308220254386 0.9554080792681715
261 1783356077.629896 0.2678459200476436 0.06286636380397599 -0.00709408942747777 -0.012314330025506193 0.01939955200257637 -0.31608945568586677 0.948451090284752
262 1783356077.653906 0.2669819889473342 0.06289667097541166 -0.007039003849946991 -0.012822149284846207 0.01970400091636934 -0.33209317160627105 0.9429535885758602
263 1783356077.682203 0.2666639917116948 0.06263139667950128 -0.006833925605582596 -0.013422504433887927 0.020187981912075492 -0.34792247343965843 0.9372098133484681
264 1783356077.713929 0.2648608645297761 0.06255066446661675 -0.006417927017470701 -0.013905858302267315 0.02107368040118915 -0.36885488449057335 0.929144015363965
265 1783356077.745894 0.2632897098154092 0.06324510322197639 -0.005967726852832752 -0.014244554113984509 0.022335308394528686 -0.3904646454932599 0.9202367017766886
266 1783356077.77396 0.26313778446169905 0.06362998216964103 -0.005868761332503471 -0.01449514518682693 0.023029840785707967 -0.4066163884557712 0.9131936431220835
267 1783356077.798201 0.26284040658524926 0.06398815019054223 -0.005567059111966874 -0.014975019078964202 0.023275866101066384 -0.422210504953339 0.9060752023799552
268 1783356077.829927 0.2616772592507193 0.06505331187371148 -0.005143616621990329 -0.016209589754422327 0.0235464777951733 -0.4425752533233418 0.8962756036673176
269 1783356077.861894 0.2592901648995723 0.06735144316327053 -0.004240055671193579 -0.01725289918662687 0.023923196903460703 -0.4631664867978872 0.8857803472796612
270 1783356077.88995 0.2584059925577706 0.06770722478831727 -0.003987955233691495 -0.017939184970912736 0.02403402404130839 -0.4784658272438831 0.8775938716119136
271 1783356077.913948 0.2588055550698959 0.06730272821483228 -0.004288928248007827 -0.01869901134930252 0.02366924070700152 -0.4939338981981708 0.8689760746014078
272 1783356077.945933 0.257125831083047 0.06830330809417057 -0.003821465302624838 -0.019972658041305213 0.02378263482745724 -0.5138540179457871 0.8573153022385637
273 1783356077.969945 0.2576616126805051 0.06777620919724116 -0.004218694485974875 -0.020620951380737607 0.023644722309552835 -0.528849440619588 0.8481355862286444
274 1783356078.005974 0.25695596240600804 0.06728979590573912 -0.004218102157668139 -0.021259093557093545 0.0235346194928161 -0.5481113771247605 0.8358038591038317
275 1783356078.029953 0.2566109962890454 0.06725621758595408 -0.004056633640052678 -0.021793241827014476 0.023034650381645094 -0.5625125023228418 0.826180454999366
276 1783356078.054095 0.2569011919431074 0.06689400503860422 -0.0042292240879173385 -0.023196231253261423 0.022923775169226168 -0.5771863426389363 0.8159610047414791
277 1783356078.085937 0.25813589332625236 0.0657613687846868 -0.004636191025224707 -0.024243755230602848 0.022526101386093456 -0.5965334855132362 0.8019056152379106
278 1783356078.110225 0.2582669086494649 0.06582842406109075 -0.004343062500668045 -0.024518638914473256 0.022613856094714113 -0.6106918739047731 0.7911655231397448
279 1783356078.145974 0.2584437861712621 0.06624982501876182 -0.0047183502594033665 -0.02549475757982178 0.022652441796813805 -0.629593698576067 0.7761756624179198
280 1783356078.169934 0.259038479475678 0.06607456620306032 -0.004570114334668382 -0.026102988218107193 0.022508461570284855 -0.6435553653864514 0.7646231064034983
281 1783356078.201929 0.2590947437765037 0.06581051008528119 -0.004626929636014588 -0.027271555979549222 0.02203545098296067 -0.6613538646449878 0.7492541403646503
282 1783356078.229985 0.25908451240793 0.06589209228700273 -0.004633322761734386 -0.02819742913827661 0.02203096560327744 -0.674231660273766 0.7376524993715267
283 1783356078.254238 0.2589891021768912 0.06580737251169835 -0.004917459592713395 -0.028882825330808992 0.021880021318092857 -0.6869418739118144 0.7258084519586107
284 1783356078.285968 0.2590587110213799 0.06619184422233851 -0.004631487861078424 -0.029733218390880722 0.02141117731557629 -0.7021955359255679 0.7110407347939257
285 1783356078.317928 0.2582990839838678 0.06584562946699526 -0.004508295048298798 -0.031174338915889943 0.020873897781778727 -0.7137806805276893 0.6993636972920326
286 1783356078.346017 0.25830060174901237 0.0663993410967913 -0.004655778583635743 -0.03180221528609661 0.0203190026310216 -0.7208162044207209 0.6920980831352468
287 1783356078.370014 0.25776907505573027 0.06642826110590289 -0.0045749946831675735 -0.0321638530021241 0.020714774740208997 -0.7263395003089345 0.6862705843604895
288 1783356078.401971 0.2577450655972991 0.06676257112115681 -0.0048102050877895895 -0.033553864497958275 0.01939172105119935 -0.73112750967899 0.6811392397465614
289 1783356078.426191 0.25795250909907774 0.06574175694099206 -0.004547973295629493 -0.038140119435242426 0.015352047198738838 -0.7321739899296159 0.6798756462815976
290 1783356078.461996 0.2571248060557743 0.06387554563945845 -0.004190736787805748 -0.04444606719083388 0.00962301285905165 -0.7309122511762658 0.6809546429941027
291 1783356078.486014 0.25728087818908973 0.06260733647000989 -0.004169121909896774 -0.0417741707845487 0.011716326946145328 -0.7302496126025881 0.6818014004326514
292 1783356078.517986 0.2572332194678184 0.06045528513248359 -0.003723884456346707 -0.04172362707930466 0.011269379931371892 -0.7280524271663835 0.6841577327754524
293 1783356078.542252 0.25758188899158174 0.05782145378400547 -0.003409887785088838 -0.042568637879191074 0.010912876252737402 -0.7267782908152515 0.6854649051561025
294 1783356078.57801 0.25961409178439177 0.053980056372392574 -0.003793964986840254 -0.03990044162729911 0.013044285480829587 -0.7266829387306367 0.6856892210995057
295 1783356078.602022 0.2604305533555491 0.05071763006696128 -0.0037702707031364423 -0.03998829675323878 0.012656230584890849 -0.726245232935784 0.6861549515876176
296 1783356078.634 0.2607898136884078 0.04637885449795017 -0.003306974785415402 -0.040153070532277346 0.012654180397226322 -0.7250728261973848 0.687384171592161
297 1783356078.658183 0.26091966598650185 0.04365659055834377 -0.00327194053123802 -0.039952872786216065 0.01312554430245072 -0.7240557791144058 0.688458217159127
298 1783356078.694002 0.26124403759202625 0.04007901504093146 -0.003283579245840905 -0.03933927684037064 0.013736595545199681 -0.7232424866126169 0.6893359361000286
299 1783356078.718034 0.2612269986470068 0.03750496825595391 -0.002977864799633528 -0.03923834557281103 0.013641615778228089 -0.7230504350556604 0.6895450144272586
300 1783356078.750017 0.2612541418732769 0.03411157022280593 -0.003146770263943069 -0.039874850091989655 0.013040033772623083 -0.7233804704566436 0.689173888660384
301 1783356078.773989 0.2612503202718982 0.03147511666793524 -0.0036994737503535033 -0.04076816381323112 0.012443102173865017 -0.72401194193382 0.6884691960899972
302 1783356078.802265 0.2613642709695178 0.02921270452235681 -0.0035796916632419417 -0.04115546489680888 0.01205025779739144 -0.724881335194106 0.6875376854277548
303 1783356078.834056 0.2612457612881644 0.02603252960353831 -0.003087541586065461 -0.04153516410143698 0.011964083219264454 -0.7260027068039046 0.6863321066139869
304 1783356078.866016 0.26117341664136295 0.022910304533395466 -0.0031252836297839745 -0.041696683060794215 0.01220254115653574 -0.7271497212867054 0.6851027422538297
305 1783356078.890161 0.2615426365662744 0.020712892842878305 -0.0036284314092197116 -0.04187216815979511 0.012147421110710988 -0.7280269689969755 0.6841607224234916
306 1783356078.918338 0.26138729555260826 0.018429599505808338 -0.003809825488200698 -0.04183283907004853 0.012023797674563519 -0.7283717878295263 0.6837982016346932
307 1783356078.950072 0.261413341444008 0.014768912836374763 -0.003669090235041684 -0.04157417024125076 0.012666909781806401 -0.7279519089344552 0.6842493376277494
308 1783356078.982041 0.2615943745785638 0.011479610525077566 -0.003989182184323122 -0.041918812522326654 0.012052416499226504 -0.7274187061986706 0.6848062341169942
309 1783356079.006237 0.2618263166089843 0.008738416251253472 -0.0038335071652165036 -0.042006396274409386 0.012298231221968048 -0.727456122047908 0.6847567500038737
310 1783356079.034321 0.2622214533428792 0.006072515834914163 -0.003951266013897215 -0.041383579287718075 0.012544649711026756 -0.7278219653175925 0.6844013573409992
311 1783356079.066076 0.26204469664609986 0.0028656931967265577 -0.004043737184269428 -0.04186878938966365 0.012270171602030144 -0.7278708683859136 0.6843248105388526
312 1783356079.098039 0.262535644879257 -0.0002958186925401361 -0.004222864353520752 -0.0417302660498442 0.012339436737829446 -0.7283832884828135 0.6837865955511009
313 1783356079.122316 0.2625866468455971 -0.0027323576937409427 -0.00424686297765867 -0.04217597926283534 0.012339503429570797 -0.7285150869895678 0.6836188202916265
314 1783356079.158047 0.26275428206925006 -0.006007584994984284 -0.004299247270709598 -0.04292594280979056 0.011980894607388382 -0.7288396436141453 0.683232460802839
315 1783356079.182089 0.26294928277302565 -0.008379878607736264 -0.004500459954375638 -0.04267427035682503 0.012176108824838106 -0.7294512192147437 0.6825918017450272
316 1783356079.214047 0.2632680208992264 -0.011928418795939848 -0.004439555569751483 -0.04299779584875052 0.011806398024595266 -0.7301217487612032 0.6818607119520208
317 1783356079.238215 0.26373973066073164 -0.014583136181608572 -0.00468193160259509 -0.04292877734071676 0.012011532412704362 -0.7307452639005085 0.6811932196169499
318 1783356079.266116 0.2639044131638855 -0.017099848257549434 -0.004652687310377103 -0.04256379925571285 0.012295722321011837 -0.731089830057861 0.6808412433096953
319 1783356079.298086 0.2641812721321387 -0.0206520226274307 -0.004819456249329054 -0.04315220577293699 0.011561717938316285 -0.7309918314919375 0.6809222834562751
320 1783356079.330056 0.2642630175865761 -0.023857890762007956 -0.004757437796371434 -0.0425849423648631 0.012271427726072148 -0.7311333698157781 0.6807936032948384
321 1783356079.354211 0.2641857275109096 -0.02646611762866952 -0.004907962726490063 -0.04240287785206265 0.012198793895651594 -0.7310973182360241 0.6808449872367779
322 1783356079.390065 0.26431577208673385 -0.03012543462481234 -0.0050379933004640765 -0.04316302052030685 0.011605176781946724 -0.7309697566153874 0.6809445560727134
323 1783356079.414094 0.26438858041893787 -0.032491634370830205 -0.0053885072552105825 -0.04305584127258666 0.011460104445008668 -0.7311432537483936 0.6807675102681028
324 1783356079.44607 0.26443687824705653 -0.03609774397330467 -0.0056580866398580135 -0.04331612600988177 0.011100989006350925 -0.7313418530914835 0.6805435880142374
325 1783356079.470318 0.2644571319370361 -0.03877281791613872 -0.005893954500676589 -0.04348356614392945 0.011092581033984361 -0.7314799099996594 0.6803846525226016
326 1783356079.498099 0.264651543104635 -0.041266867434329155 -0.00599849058180075 -0.043125291141076105 0.011263490931097908 -0.7318130709595795 0.6800463015183246
327 1783356079.530102 0.2646462337245061 -0.04476037363611142 -0.006303504445588073 -0.04351824453301656 0.010677061609232763 -0.7319592325982944 0.6798734033349689
328 1783356079.562078 0.2647856802171169 -0.048404629576136456 -0.006563108149003925 -0.04379514394212214 0.010684999384153793 -0.7320778451356672 0.6797277725801467
329 1783356079.586277 0.2647818533273397 -0.0508123969932072 -0.006740768817428508 -0.04376030754111959 0.01054771666992449 -0.7321125965942318 0.6796947307909701
330 1783356079.614384 0.2646892828512834 -0.05350332679355684 -0.006868762105530116 -0.04389214964138133 0.010308342063990561 -0.7320565855627875 0.6797502282588095
331 1783356079.646113 0.26489097990430244 -0.05698267982668255 -0.0071265830440735145 -0.04408114693187082 0.010134159241904861 -0.7323050755461534 0.6794729042654852
332 1783356079.678083 0.26490863877578014 -0.06030112549635225 -0.0071367626164272994 -0.044177495051618054 0.010215795979173214 -0.7325742890389042 0.6791751596478043
333 1783356079.702191 0.264947896858366 -0.06273203434028649 -0.007211015557252893 -0.04421349020068466 0.010118824545537808 -0.732796076703364 0.6789349649577993
334 1783356079.730357 0.26511748414716635 -0.06549616435848721 -0.007413856658554948 -0.04468298244437097 0.01000909601426725 -0.7329923913262529 0.6786938951653202
335 1783356079.762133 0.2651158583209324 -0.06901746297167513 -0.007501677967106818 -0.04465291090792434 0.009780546625919095 -0.7334062573985554 0.6782519591300797
336 1783356079.794098 0.26519367961569223 -0.0724364760235285 -0.007540180000021759 -0.04452301519399415 0.009765674699986238 -0.7340093589797837 0.677607994083435
337 1783356079.818081 0.26511896348505565 -0.07485339027558532 -0.007378989938397345 -0.04474642176812038 0.009618648243306938 -0.7343186606088222 0.6772601745463752
338 1783356079.846438 0.2652791254742812 -0.07717514421363345 -0.007802899157995187 -0.04518183370064832 0.009790798644181087 -0.7345519087028102 0.6769758013300139
339 1783356079.878139 0.2651156907808762 -0.08091389866958829 -0.008065757693698047 -0.04551044157848061 0.009491049470374602 -0.7346078892790455 0.6768973103036147
340 1783356079.910099 0.26536043972257467 -0.08354737897329306 -0.00806159118350826 -0.04358265956883267 0.011092171128975203 -0.7328560800451155 0.6788957810043159
341 1783356079.934095 0.26558049638869125 -0.08534933703961296 -0.008469969845083525 -0.03933645187284873 0.015103128564627921 -0.7270787934925804 0.6852597807510588
342 1783356079.962426 0.2661514834439661 -0.08755931747019736 -0.009236791595468693 -0.03751930638056655 0.01693827468544573 -0.7228646229581291 0.6897623745718546
343 1783356079.994157 0.2658065317919674 -0.08798248876318504 -0.00904895821730886 -0.035121199175042195 0.01742217788307099 -0.7232678037056959 0.6894538804075707
344 1783356080.026116 0.2663147697857877 -0.08708939963988187 -0.008736389813406445 -0.038470964512918426 0.01634283738311071 -0.7230734319456715 0.6895054086590064
345 1783356080.05011 0.2663068021939513 -0.08735308793907132 -0.008085212325916226 -0.04007012958952905 0.014583479546508293 -0.7232163360545169 0.6893038793615449
346 1783356080.078147 0.2661764881368002 -0.08678533379211219 -0.00811972392034637 -0.041829249934010826 0.012525045809532842 -0.7227443642709462 0.6897347468353417
347 1783356080.110132 0.26613997935303424 -0.086197164504381 -0.008328850424181942 -0.045133781428270514 0.009963742365936112 -0.7227227921814862 0.6895907708731658
348 1783356080.134367 0.2661014346807887 -0.0859476599368881 -0.008545974251833233 -0.04700589110782871 0.009393666692803837 -0.7222059676423905 0.6900150328282291
349 1783356080.166118 0.265830777762991 -0.08556369850488774 -0.0085308482201778 -0.04659221053873974 0.009622477341712954 -0.7212628150303254 0.6910257053839985
350 1783356080.194158 0.26560763207494653 -0.08552824720748495 -0.008639926870522579 -0.046210190208808455 0.009923680768535337 -0.7208925063602684 0.6914333902513535
351 1783356080.226133 0.26572291603572357 -0.08568102485260443 -0.008660133169022557 -0.045183761107099873 0.01042713594085709 -0.720864790701507 0.6915227083004288
352 1783356080.250287 0.2655023445755543 -0.08593064227177177 -0.008387849561938922 -0.04477842433851831 0.010473532801262397 -0.7209229107292217 0.6914877834135085
353 1783356080.282141 0.2654974680004697 -0.08575400736962642 -0.008182864580581668 -0.04497369854699951 0.010520477247704885 -0.721251887796367 0.6911312468320768
354 1783356080.310173 0.26500527210729485 -0.08589496626808205 -0.008584001411592719 -0.045566361771169794 0.009858350167378016 -0.7213624507310096 0.6909867830011426
355 1783356080.342142 0.26522422939437007 -0.08529308094615975 -0.00835824933342643 -0.045495379428578286 0.009999893548833128 -0.7216370951135075 0.690702595576273
356 1783356080.36635 0.26509221264269567 -0.085290001085927 -0.00852464771768351 -0.04548209680702031 0.009995551849738105 -0.7215730863427376 0.6907704024341751
357 1783356080.40219 0.26545698015393027 -0.08555895571971506 -0.008562558209371317 -0.04579075961920376 0.010072257640463822 -0.7218828297446394 0.6904251849979058
358 1783356080.426198 0.2656007557970251 -0.08526406603748533 -0.008298932397485928 -0.045313325859178466 0.010066142641926068 -0.7220230913008351 0.6903100976374883
359 1783356080.458163 0.2654757151077305 -0.08528591172190543 -0.008330066555125323 -0.04546941146960615 0.009789782634261668 -0.7223984861908419 0.6899109507217303
360 1783356080.490125 0.2654661972094968 -0.0852139895741475 -0.008564904202958896 -0.04567190410252853 0.009487232939544454 -0.7235144145600313 0.6887314146390126
361 1783356080.518201 0.2652574418622571 -0.08563155837856887 -0.008480896902120878 -0.04510008589636594 0.00959895572940872 -0.7240979624794958 0.6881540401931011
362 1783356080.542249 0.26534211090706294 -0.08549799991739707 -0.008510305890629333 -0.04496807475249931 0.009716799119367181 -0.7249246579529741 0.6872901107681466
363 1783356080.574165 0.2654921565925433 -0.08551679070802981 -0.008432140740118398 -0.04518864516259291 0.009707387899853703 -0.7258737741371486 0.6862732815638555
364 1783356080.598332 0.265359522711171 -0.08542466725356908 -0.008349398639220167 -0.045080113737375305 0.009732353455092047 -0.7265446288094436 0.6855698119008731
365 1783356080.634229 0.26557189017104443 -0.08503700517624918 -0.008175276743366239 -0.043871437973253546 0.010566338287574473 -0.7278154034197633 0.6842867731954775
366 1783356080.658201 0.266577244231905 -0.08442082037325059 -0.007848319347486851 -0.03922604857278922 0.015222457965341385 -0.7308237626202133 0.6812680983845439
367 1783356080.690174 0.26561508568926484 -0.08173973366456924 -0.0077821594785485605 -0.03324642074988393 0.018523367334185914 -0.7339797635957717 0.6781041712021979
368 1783356080.714393 0.2650462648221502 -0.08004402768097665 -0.007911987640192955 -0.037066478139030634 0.01712497734907903 -0.7362205261439831 0.6755088069251495
369 1783356080.750225 0.264865910572495 -0.07659359064365437 -0.008389395063904084 -0.03845732526470946 0.016886048334870174 -0.7388637591758406 0.6725446014069717
370 1783356080.774214 0.26434031886496595 -0.07390077065396888 -0.008480193670900346 -0.036226684522337904 0.017835393952832734 -0.7401749646582666 0.6712008251963045
371 1783356080.806188 0.26416287238597136 -0.06949564106367233 -0.008476662257974067 -0.036811154066560325 0.017065904298427803 -0.7437733175857544 0.6671993299563823
372 1783356080.83045 0.2639753281240679 -0.06582319200740733 -0.008341920359569873 -0.03653746111296485 0.017554903911524478 -0.7454695463576106 0.665305940705067
373 1783356080.86623 0.264044181139718 -0.06024848249334733 -0.008176489859636909 -0.03576820383334711 0.017839096444997704 -0.7463814964686275 0.6643169905713795
374 1783356080.890228 0.26416874234836824 -0.05554973635034899 -0.007886400645050444 -0.03551862027455843 0.018340619147067416 -0.7460209225595328 0.6647216202340027
375 1783356080.922208 0.2642550490175684 -0.04916299606378166 -0.007771880216523147 -0.03446525338145212 0.019004402124870867 -0.7435106856302559 0.6675648577949976
376 1783356080.94635 0.26429450452146225 -0.04375817451552852 -0.00733328605883289 -0.035645532755215426 0.018519410345387843 -0.7416629988170305 0.6695688341169901
377 1783356080.974506 0.26466554439766077 -0.038161209601815634 -0.007173963744454795 -0.03639097172650785 0.018738521317954393 -0.7391537789730186 0.6722917938109338
378 1783356081.006232 0.26434700020219565 -0.03047431607408014 -0.006620010847050018 -0.03546640361734377 0.01903691399590779 -0.7342480942914854 0.6776868496210371
379 1783356081.03821 0.26436191033426815 -0.022588780319266803 -0.006281998993443351 -0.03514935166032407 0.01935024286406717 -0.7287022340826635 0.6836542585414762
380 1783356081.062199 0.26491944544338625 -0.016346038677639327 -0.006860187928232021 -0.03604775980845487 0.019062325141661396 -0.7249876505852314 0.6875537021003465
381 1783356081.09053 0.2649175093708861 -0.010088511886262964 -0.006923522348796772 -0.036092173939567096 0.01862516844988671 -0.72140128216673 0.6913252839067349
382 1783356081.122256 0.2647780907407941 -0.002070064748726886 -0.007156458598068556 -0.03579168565171453 0.017918551285725948 -0.7176761067191307 0.6952257810254888
383 1783356081.154235 0.26450890850734815 0.006026988176387858 -0.0068022801139222145 -0.03558221631887104 0.01756357369669348 -0.7151849437521287 0.6978079413356533
384 1783356081.178208 0.2642780394212082 0.011814986640816396 -0.006449456033629057 -0.03583523597690497 0.01703260300855336 -0.7143414000132455 0.6986716614579046
385 1783356081.20628 0.2639594490301388 0.017578765546711773 -0.006299530017533219 -0.03651720087758181 0.015902615968048428 -0.7140232222400416 0.6989881536531126
386 1783356081.238262 0.26355000668164186 0.025692569341293853 -0.005734275364774935 -0.0390782792276948 0.01325861261111727 -0.7142835412191865 0.6986387621851579
387 1783356081.262253 0.2631332372766704 0.0311474146923906 -0.004398408834247362 -0.041973479736144514 0.01038036667189457 -0.7145799166154587 0.6982163115800437
388 1783356081.294213 0.262357390102996 0.03787047951137628 -0.003566757407976087 -0.04344051051680686 0.009910250988583447 -0.7148661135788932 0.6978403460878366
389 1783356081.322267 0.2618944865721989 0.0416312661858408 -0.003581550467105076 -0.04165609006476856 0.010866678527434392 -0.7159563183802472 0.6968165006870167
390 1783356081.354268 0.2616198597011845 0.045470166264680506 -0.0026624100270276306 -0.04245038022382175 0.010471376032769486 -0.7184002314317682 0.6942545808142826
391 1783356081.378469 0.2612382131032642 0.04774983445197436 -0.002868485330434302 -0.041723040307061865 0.011150129403007747 -0.7202806140160003 0.6923371285685646
392 1783356081.410219 0.26050661088460775 0.04958610957416005 -0.0032967125571541096 -0.040040116872408826 0.011817074794252869 -0.7216615589867571 0.6909860635822943
393 1783356081.438281 0.2602510843582175 0.05094861747923869 -0.003758455496163037 -0.039396393772421545 0.011905443024656237 -0.7216242562353634 0.6910605019800174
394 1783356081.470273 0.2601248396861643 0.053116583472387444 -0.004108645212464941 -0.03872712456917604 0.013132295615632561 -0.7209018265005457 0.6918296822070041
395 1783356081.494428 0.25956538571378346 0.0546046966397126 -0.004511245340085087 -0.03823511183181394 0.013909168454443122 -0.7198205905364621 0.6929667587235724
396 1783356081.526242 0.2593673848762689 0.056728389961008166 -0.004482220308933835 -0.03697182233900942 0.014963519212398024 -0.7188166468959396 0.6940546128302809
397 1783356081.554284 0.2591638471442225 0.05820146578573929 -0.004616884179808017 -0.03681892844441714 0.015332964251323578 -0.7182932236897706 0.6945963658966476
398 1783356081.586282 0.2589253770888488 0.060200634249775606 -0.0050294612812794 -0.03641207918573486 0.015810225384974896 -0.7177404954883794 0.695178234986355
399 1783356081.610286 0.2590305394385535 0.06138161363007848 -0.0049762309297428624 -0.03591241745073026 0.01634036426484009 -0.7172290512273553 0.6957196122318565
400 1783356081.642241 0.2588882238399396 0.06343379210580584 -0.005055277186731395 -0.03551746614322604 0.016877491811506884 -0.7158477612912448 0.6971482213440914
401 1783356081.670293 0.2587873514415629 0.06507196929186551 -0.005425762541889626 -0.035237399360051214 0.017244399506816888 -0.714959009478029 0.6980648760238444
402 1783356081.702292 0.258655441459915 0.06728832598645187 -0.005058409096501907 -0.03434611995594561 0.01801814424599102 -0.714077955504723 0.6989909613035761
403 1783356081.726293 0.25859147899637647 0.06871151717603426 -0.005206699260180013 -0.034277760701551196 0.018238448970659737 -0.7137919937929269 0.6992806187057883
404 1783356081.758261 0.25879460553851363 0.06966742398888719 -0.004794457203784033 -0.03822177725848763 0.01394631261485646 -0.7131408943350642 0.6998390250154932
405 1783356081.786295 0.2593390646277916 0.06924356760178149 -0.004838618783304617 -0.0432604906049292 0.009849431409982179 -0.712843894086283 0.6999179247007644
406 1783356081.818352 0.25914718196030007 0.06945001618588612 -0.005275155894835348 -0.04036029243737116 0.012867805688836942 -0.7131504922523826 0.6997298348443552
407 1783356081.842297 0.25919415912329113 0.06889142974442244 -0.005426949651163979 -0.03809746433898642 0.014559019550764996 -0.7136733012299432 0.6992903812238624
408 1783356081.874253 0.259217319969507 0.068214258253881 -0.005483705776326803 -0.036456613055767195 0.015916060548450628 -0.7137101658787638 0.6993106559337042
409 1783356081.902318 0.25916105990928323 0.06768406539963928 -0.005656789474003202 -0.03576738774765742 0.016818788221779513 -0.713647423359317 0.6993891459474244
410 1783356081.926622 0.25931830908432274 0.06713235777640764 -0.005646853568527531 -0.034905542347647533 0.01770824033677798 -0.7138218492793341 0.6992327143584053
411 1783356081.958317 0.25935634766200844 0.06676202942508248 -0.005561965598697777 -0.033282625124761656 0.01889934386588077 -0.7140285397939389 0.6990696145778182
412 1783356081.990266 0.25938917126722083 0.06646111914956294 -0.0052958653759387474 -0.03156786959551372 0.020597282508593384 -0.7142252837255301 0.6989001828942729
413 1783356082.018319 0.25930247862571076 0.0662685286326446 -0.0052228598373937965 -0.030274569605764245 0.021681535233932125 -0.7142622749433379 0.6988868034652344
414 1783356082.042623 0.2591204220704256 0.06637344987143497 -0.005146978556733494 -0.030675475080713444 0.021232894308130024 -0.7136854680003324 0.6994721096605775
415 1783356082.074312 0.25909309026735095 0.066255850146394 -0.005233692148631688 -0.03334936228470953 0.0184687943214058 -0.7087742745700939 0.7044045367394748
416 1783356082.106282 0.2589161755526945 0.06625692729653432 -0.005216020168913153 -0.032833638603101734 0.018642199408480553 -0.6985923460507837 0.7145230259526683
417 1783356082.134338 0.2589647826129952 0.06623645747934027 -0.005198397603635505 -0.031915072317581394 0.019243027012795122 -0.6877945099625452 0.724948167895975
418 1783356082.158576 0.25886080731532646 0.06638118478280305 -0.005220098630312323 -0.031452838136464156 0.019273731625395363 -0.6756833703141328 0.7362684465080166
419 1783356082.190314 0.25885142797649613 0.06638710930851321 -0.005176057011418175 -0.030363056760886353 0.019437359105214824 -0.6586386309743955 0.7515952552027749
420 1783356082.222316 0.25841922215421725 0.0667780256239983 -0.005228482299533398 -0.02925073629668662 0.01982998075840159 -0.6410867943075963 0.7666543474432485
421 1783356082.250329 0.25829583843137954 0.06708159997145494 -0.005131859780732127 -0.028097867511309493 0.020023572182616967 -0.6279196695595533 0.7775129934467886
422 1783356082.274358 0.2583492598688158 0.06721089909786752 -0.005031760261391663 -0.02734597746904932 0.02034443270047459 -0.6145599965924419 0.7881334355061053
423 1783356082.306329 0.2580650358122537 0.06781236318482482 -0.004988271303722881 -0.026241345404837024 0.02077115757568182 -0.5963566849814274 0.8020216051218777
424 1783356082.330513 0.25814742795927864 0.06761090819626611 -0.004957444837331322 -0.025262505884675268 0.021601767701523555 -0.5823316113796201 0.8122715456155111
425 1783356082.358554 0.2582607360511024 0.06752527177659678 -0.0049650472498747305 -0.024165209475799698 0.022182083831855604 -0.5683151961890548 0.8221568193407287
426 1783356082.39037 0.25811389925778216 0.06778845495897226 -0.00494457346023848 -0.02306733287442775 0.02257487390827495 -0.5497768433769705 0.8346877833708481
427 1783356082.422335 0.257733260875378 0.06851130043769578 -0.004787315096227703 -0.021368845792561375 0.023092491325420905 -0.5309823470334418 0.846798592590196
428 1783356082.446322 0.2581863682541867 0.06770613374304185 -0.005059945073128857 -0.020629365349881024 0.022921641967573514 -0.5164058254370814 0.8557885551171027
429 1783356082.474382 0.25817216484042965 0.0678148520851829 -0.005026852236915317 -0.019793660379316957 0.022988128954949616 -0.5017040057473392 0.864507286003428
430 1783356082.506378 0.25835721918795895 0.06775622330350009 -0.004999093576492105 -0.018701284706668098 0.022883476739430697 -0.4820603284927484 0.8756394509934438
431 1783356082.530537 0.25867554223827816 0.06735563923332431 -0.005006913211312757 -0.018127927203997585 0.0223320816079422 -0.46709204033353646 0.8837407324794965
432 1783356082.562344 0.25918637457217286 0.06661442497667854 -0.005150862835217596 -0.017317564038166533 0.02212812339324699 -0.4462384673901349 0.8944728494214796
433 1783356082.590378 0.25959080659060757 0.06600151460224904 -0.005164146943348734 -0.01607112936236077 0.022213942070396397 -0.4301818223379223 0.9023258055207863
434 1783356082.622375 0.26009546081873847 0.06581268398451247 -0.004957642011934129 -0.01471395969373035 0.022967855063549758 -0.40883934430738 0.9121986447974052
435 1783356082.646378 0.26069952647797734 0.06537113562351045 -0.004908490620746704 -0.014355029249279228 0.022731518013776708 -0.39315481963528176 0.9190791581912795
436 1783356082.678331 0.26112697556312225 0.06514585794486037 -0.004976420594166517 -0.01398390868323729 0.02229636244472266 -0.3720690165890792 0.9278318648408816
437 1783356082.70639 0.2616057884763707 0.06493762706594422 -0.00494441223323438 -0.013324778266735282 0.022286595374275908 -0.35587451128106906 0.9341729444654377
438 1783356082.730402 0.2619910840084272 0.06433333590495917 -0.0050487485804634 -0.012423585295722628 0.02222410198396274 -0.3390167909761236 0.9404357284023495
439 1783356082.762385 0.262595559433626 0.06418355407237625 -0.00518328974201686 -0.01199803194725313 0.022026793510446008 -0.31710043596204296 0.9480602201915885
440 1783356082.786592 0.2630218589508562 0.06402522429696612 -0.005076829854213391 -0.011688552729279711 0.02172403152197644 -0.300741573951548 0.9533865689670024
441 1783356082.814636 0.26450589141376096 0.06366710274543798 -0.005507862907055988 -0.01126610187754501 0.021221840017253163 -0.2842783298676985 0.958440681326914
442 1783356082.846413 0.26618362126025097 0.0632412168136117 -0.005931531634911579 -0.010276494430498717 0.020581180972920943 -0.2612429935864222 0.9649989155195898
443 1783356082.878384 0.2676427026107725 0.06297551494989742 -0.006435275680532158 -0.009066034964178571 0.02047150141139359 -0.23794627443042327 0.9710202341479158
444 1783356082.902365 0.26856252875841524 0.06321193335698269 -0.006685671133990524 -0.008494042670343482 0.0203419137466464 -0.2210111063402207 0.9750221272660996
445 1783356082.930423 0.2695121373020115 0.06296863095436463 -0.00719715555958686 -0.007879377837387902 0.019615836212436233 -0.20382832236511572 0.9787783964597937
446 1783356082.962421 0.27053045691088656 0.06291485408550893 -0.007793835136138422 -0.006768455042462873 0.01877138244308954 -0.18045058615927304 0.9833816192975586
447 1783356082.986651 0.27092081141911195 0.06282616330903124 -0.007664618143416636 -0.005853166420926814 0.018676029745171352 -0.16219804569801644 0.9865641085745773
448 1783356083.018367 0.2716663824553969 0.06273317766522118 -0.007855572541154517 -0.004597433162746856 0.018558050933513398 -0.13806935437962461 0.9902380096396305
449 1783356083.046479 0.2723438440922291 0.06259548552526295 -0.008257193542167094 -0.003650758119822739 0.01850041896605048 -0.12020695817098515 0.9925697424717874
450 1783356083.078423 0.273194078424043 0.0627979548175403 -0.008244318769668389 -0.002519855119104686 0.018663750461315354 -0.09639734254181753 0.9951647436981338
451 1783356083.10242 0.2740841099523899 0.0632011203123331 -0.008078721599712728 -0.0020862030866738435 0.018657243902750198 -0.07849734472054326 0.9967375391137122
452 1783356083.134374 0.27458417567767285 0.06321714549023551 -0.008336754245509649 -0.0008537309184640796 0.0183465858568983 -0.05396706675775109 0.9983737925428926
453 1783356083.162455 0.27503510500804645 0.06334269216261865 -0.008406251071151309 3.710870568696123e-05 0.0183195659726271 -0.035738179528940955 0.9991932619115662
454 1783356083.194428 0.27511975820169676 0.06401592270868814 -0.008353984341811383 0.0008959240271270708 0.018083803946418342 -0.012197735303540791 0.999761665902644
455 1783356083.21842 0.2751934832905242 0.06395704454634003 -0.008342183726465436 0.0018012140213325423 0.01784334045571717 0.006002333313300301 0.9998211554194214
456 1783356083.250387 0.27538709982100984 0.06412000821664973 -0.008420225752855007 0.002863474985335124 0.01728018533897313 0.030608043083887815 0.9993779782465861
457 1783356083.278451 0.2753939446881812 0.06419154428381924 -0.008529008415532146 0.0036804695545558097 0.01719931897593882 0.04905471646010509 0.9986412130308067
458 1783356083.302695 0.27506496644752826 0.06445108375039099 -0.008472194003865587 0.004588403174421607 0.017306648742589636 0.06704858124024943 0.9975890507715486
459 1783356083.334435 0.27524216828301307 0.06465751653990606 -0.008536232674203309 0.0057808247105026744 0.016965028201615634 0.09113551442947657 0.995677200649618
460 1783356083.366429 0.27539470167998753 0.06476151410502873 -0.008475164088653505 0.006795595723937953 0.016790709225892708 0.11559014869642403 0.9931318187868049
461 1783356083.39445 0.2754041356899625 0.06475716483764943 -0.008487707547129238 0.007734276339372181 0.01665298961229264 0.13399609220764794 0.9908117410384067
462 1783356083.418487 0.27513216419882774 0.06485686167274335 -0.00836999528772764 0.008535090097919862 0.016741471898201077 0.15214364116481593 0.9881797345669532
463 1783356083.45044 0.2751327975055415 0.06475940180922608 -0.008234830167931797 0.009840468587853535 0.016688768756233652 0.17609859071574424 0.9841818615089903
464 1783356083.482433 0.27587778613943525 0.06482691889879061 -0.00841657649768607 0.010996980907501452 0.01645108617339791 0.19982453157966762 0.9796318618509721
465 1783356083.510455 0.2762633315340119 0.06510895695018365 -0.00836415887648278 0.011751898568719055 0.016486233564592667 0.21756312161364494 0.9758362491200101
466 1783356083.534475 0.27655081546182236 0.06519028268807667 -0.008406603439357856 0.012386918743187869 0.01647049992388258 0.23562039347475242 0.9716266345953625
467 1783356083.566459 0.2767750639473871 0.06486633766738258 -0.008362272392651759 0.013591676904347816 0.016383550379159922 0.25949251032027487 0.9655104777699637
468 1783356083.590645 0.2767801054548635 0.06489209948385813 -0.008390880360333195 0.014199469217047844 0.015912922286094283 0.27695802498097977 0.9606453072684559
469 1783356083.618709 0.27687876118921406 0.06509793770663375 -0.00835646297583451 0.015135791141772659 0.01558367665733662 0.29432560415865106 0.9554582647007651
470 1783356083.650491 0.27701921254763257 0.06492304334189539 -0.008350823121849142 0.016130008417363673 0.015214594362549905 0.31789590538536183 0.9478663050694756
471 1783356083.682478 0.276874457196727 0.0648158044383152 -0.00834771556316832 0.016956987806013568 0.01530583377022196 0.34120589867596185 0.9397109804221053
472 1783356083.706473 0.27685809389347943 0.06484827376135535 -0.008330605304496894 0.017789257380707912 0.014835538856125874 0.3581248787570093 0.9333863189076474
473 1783356083.734501 0.2771761678043698 0.06541359879814963 -0.008445627964376305 0.018569690629912927 0.014319084821213385 0.3748355348103657 0.9267947195809971
474 1783356083.766494 0.2772639158239211 0.0654229783312586 -0.008350461213793486 0.0194671404646507 0.014324407524317878 0.3974724506248226 0.9172957499004912
475 1783356083.790491 0.2774019053260428 0.06614362118151734 -0.008212406720857908 0.02018403052498563 0.013981801380006598 0.41394179770287987 0.9099721436705877
476 1783356083.822474 0.2777439054904229 0.06632704787325851 -0.008382315506510647 0.021536457027226508 0.013734380958708381 0.4362769225128905 0.8994498288849007
477 1783356083.850504 0.2779798085526862 0.06683065137515307 -0.008352788110943005 0.022361224208163555 0.013075246543349128 0.4522244880771874 0.8915279165360269
478 1783356083.874789 0.27799640736314624 0.06663394902791299 -0.008183786526018259 0.022938787641863634 0.012989008098005073 0.4686049813737132 0.8830144218085532
479 1783356083.906488 0.27814061939836265 0.06691597121565883 -0.008300435782773511 0.024204557077564193 0.012831972241801298 0.49045761911585295 0.8710343298379655
480 1783356083.938491 0.2785371106280937 0.06710013564381205 -0.00826673127017512 0.02481124239669097 0.012515430825246754 0.5126395751552763 0.858154084198525
481 1783356083.96651 0.2788793253392851 0.06760393825378952 -0.008336015772085597 0.02554799832412824 0.012276737998501375 0.5285371046593044 0.8484368629922359
482 1783356083.99053 0.2788197053560041 0.06774317970640159 -0.008199158347101953 0.026213133914474218 0.011765261480215505 0.5440474828221395 0.8385623332034287
483 1783356084.022492 0.2788978958609979 0.06791847298552142 -0.008216892159625492 0.02791871632308296 0.010891016479868454 0.5641327475893763 0.8251400936423873
484 1783356084.046789 0.2789425628478713 0.06777067882136867 -0.008318415932039202 0.028775145592489726 0.010666771891517324 0.5791903699751025 0.8146144648247103
485 1783356084.074589 0.278806798362067 0.06766181100370819 -0.00818621746829408 0.029074311450606127 0.010900985744380254 0.5937936907568097 0.8040179760060595
486 1783356084.10654 0.27870854560385117 0.0678830388356308 -0.008275314306683101 0.029918147269717865 0.010529111328161145 0.6128914359440492 0.7895303224227859
487 1783356084.13849 0.27887389184942535 0.06827791575259047 -0.00829840529954598 0.031338504139000634 0.009786013195154597 0.6318171164866835 0.7744218898110558
488 1783356084.162479 0.2787311962397544 0.06802278917245456 -0.008263720922625116 0.03230189727510535 0.009709869939155125 0.6453585777148468 0.763134727311019
489 1783356084.190702 0.2784790104808287 0.06774335089668398 -0.008365064615449336 0.03286353159708233 0.00951028926571762 0.6574867168366892 0.7526890193648114
490 1783356084.222563 0.27838209089573585 0.06795300251671063 -0.008368827662511067 0.033241058189322104 0.009555093380833046 0.6710745994738421 0.7405826180663171
491 1783356084.246544 0.278457241286454 0.06827486530407344 -0.008392413911260823 0.033986919628494316 0.009137700882619226 0.6796194632164969 0.7327201218296564
492 1783356084.278498 0.27825952951290084 0.06846634837774525 -0.008326302949895156 0.03583887038299971 0.00757551824715641 0.6878311121042864 0.7249458932322732
493 1783356084.306553 0.2781395717187074 0.06843352697503233 -0.008369321642708531 0.04020380491400488 0.002761037552540979 0.6909808292577205 0.7217489344227556
494 1783356084.338516 0.27787919396323657 0.06988445456499115 -0.008430924207832119 0.045022312100568174 -0.004910414709725197 0.6906507853152255 0.7217689186879412
495 1783356084.362726 0.27766890005215894 0.07036238923902823 -0.00837331733358619 0.043621353457189316 -0.0018214589386033042 0.6902856506045137 0.7222185129027096
496 1783356084.394494 0.2777553319842188 0.07112638899100826 -0.008370898280310173 0.0432697723655221 -0.0006933924139472802 0.6879908138638392 0.7244279716061278
497 1783356084.422566 0.2777818610813903 0.0716068474925745 -0.008250165249211192 0.044105200919943965 -0.003357395683282527 0.6851748040467768 0.727034350664051
498 1783356084.454519 0.27771670792647063 0.07231897554178862 -0.00809171587648089 0.04301870127218954 -0.0020293108792275305 0.679203726434026 0.7326851788021526
499 1783356084.478718 0.2778726990751793 0.07317000836201669 -0.00801975396362452 0.04247202818437412 -0.0011827917356811435 0.6739135088076086 0.7375874934353436
500 1783356084.510551 0.27761829167299623 0.0741244259915506 -0.00783075194871218 0.042021848152541064 -0.001701006739954214 0.6676990429353912 0.7432423958017184
501 1783356084.538576 0.2776952319883637 0.07506800007573462 -0.007771399591548626 0.041936880003909605 -0.000976263862840443 0.6641835756240043 0.7463916685465618
502 1783356084.570548 0.27801435413258474 0.07631153540422467 -0.007736338551968314 0.04152459253801277 -0.0007509433349226491 0.6616279721394156 0.7486812210689837
503 1783356084.594803 0.2779573230631646 0.07715817818141467 -0.007641076284344106 0.04167123861988764 -0.0011934244415652273 0.6611965163604343 0.7490535697550695
504 1783356084.626525 0.27805388350999755 0.07833901946144056 -0.007477281908294435 0.04177385619952889 -0.001244858679014138 0.6625104827706549 0.7478858572563627
505 1783356084.654592 0.2779110300765255 0.07942445230719641 -0.007383521146991846 0.04195220635075081 -0.0011208898968985137 0.6641140877004431 0.7464524328488394
506 1783356084.686557 0.27762002340234937 0.0810340319548186 -0.007183597753741269 0.04252774791770353 -0.0019475111262062805 0.6670816865585656 0.7437671821985973
507 1783356084.718511 0.27798712737127274 0.08326033309927158 -0.007211312482594311 0.04245372155930738 -0.0015055942116710685 0.6710983639571056 0.7401502554251609
508 1783356084.746582 0.2781375944111304 0.0847730697961801 -0.007033387021124125 0.04239132869815587 -0.002136823805254262 0.674039538465031 0.7374748197878205
509 1783356084.770762 0.2780982660891447 0.08613460583764154 -0.00702664949687298 0.04249376403164429 -0.0024086832005820735 0.6762339382365732 0.7354564154596224
510 1783356084.802568 0.2781057541659677 0.08814027370547285 -0.007060280166370772 0.042701514136817775 -0.0023052655166012626 0.6781964274530418 0.7336353809838047
511 1783356084.834527 0.2780954758318183 0.0900989204276667 -0.007074076257770814 0.04249618937571342 -0.0023321714694539697 0.6790258402602187 0.7328796238971886
512 1783356084.862604 0.27810943301863394 0.09155363233867456 -0.0070556405950590595 0.042788213895648686 -0.002864663843712756 0.6792892483493037 0.7326165979076099
513 1783356084.886883 0.27808757044969734 0.09297318382656074 -0.007035148212354948 0.04297043110483523 -0.0032242959937559545 0.6793187687692571 0.7325770651363787
514 1783356084.918584 0.2781729771215908 0.0949327209735003 -0.007000661062852022 0.04296150233854945 -0.0033837517269974526 0.6792178322273377 0.7326704552016965
515 1783356084.950541 0.278163158318722 0.09674677480299461 -0.006903071965290027 0.04267766965217601 -0.0032065784107075945 0.6788604412265447 0.7330189872749935
516 1783356084.978622 0.2783162274019663 0.0982022735192689 -0.00692834394695337 0.042638948327261894 -0.0027442993513321357 0.6786962701532541 0.7331751235459892
517 1783356085.010625 0.27856325210520555 0.10013598443952483 -0.006945491560987314 0.042495840660068396 -0.0027324990826498308 0.6786774310951087 0.7332009148231482
518 1783356085.034596 0.27849745876791165 0.1016555894130391 -0.006962880206476868 0.042281545896759476 -0.0031306939145764323 0.6784125484279667 0.7334568042957029
519 1783356085.066554 0.2785694723799151 0.10336954964376911 -0.006943486511099455 0.04224732953854593 -0.0034069358693655794 0.6784589664336007 0.7334146077088279
520 1783356085.094629 0.2787234127643355 0.1044696004661025 -0.00692554661274481 0.042258138212559304 -0.003961214158514581 0.6784416929143411 0.7334271796522962
521 1783356085.126627 0.27889038840772695 0.106085461810634 -0.00682003600543423 0.0420639019388942 -0.004434130134623793 0.6781679338501154 0.7336887760768116
522 1783356085.150804 0.27894734300225493 0.10726986739978092 -0.006705821818087046 0.04182879879047574 -0.00429001722493616 0.6780585099327894 0.7338042003502577
523 1783356085.18258 0.279090480825387 0.10918977070543462 -0.006688239285661088 0.04163188413044028 -0.004476922556126861 0.6778487242287857 0.7340080724689503
524 1783356085.210642 0.2792614640077151 0.11053809769652867 -0.006688646303311802 0.04171788153996536 -0.004555316954365174 0.6778291367912083 0.7340207958662673
525 1783356085.242642 0.27942148032960235 0.11219633685710667 -0.006613032178866384 0.04148420723847446 -0.004509954504695379 0.6778321866638763 0.734031503126827
526 1783356085.274617 0.27942763598739007 0.11416961907354847 -0.006684436335037183 0.04192061926685864 -0.004753211765271548 0.677715699553979 0.7341127292427632
527 1783356085.298582 0.27976526231935417 0.11590480704430192 -0.006903949396937524 0.04252305461897232 -0.004986894029216149 0.6778342631178964 0.7339670513430638
528 1783356085.326967 0.27985511279182024 0.11725313828663489 -0.006728438055591189 0.04264781494020764 -0.005009247917338255 0.6777316528439883 0.7340544108235332
529 1783356085.358666 0.2798800351300893 0.11913034610157311 -0.006608932737565871 0.042740270493157984 -0.004807563674984028 0.6773495156671712 0.7344030162214282
530 1783356085.390612 0.27998886834317216 0.1210286683871672 -0.006547455715414161 0.04296449685124748 -0.004646234479668054 0.6769338248355212 0.734774156669266
531 1783356085.414641 0.2800195492448926 0.12238606385121642 -0.006515229270118605 0.04295449971899412 -0.0046721855145644975 0.6766116272884822 0.735071280526209
532 1783356085.450637 0.28013171423280325 0.12426258206358412 -0.0065081059223994885 0.043117387459497336 -0.004926704054533881 0.6763846266732587 0.7352689679878399
533 1783356085.475017 0.28029798062966627 0.12565841786850754 -0.006485346568963548 0.043178954124576174 -0.00469724601283017 0.6763609471793358 0.7352886391963869
534 1783356085.506627 0.2805361259348551 0.12748215586742206 -0.0064367711656386235 0.04311985750158476 -0.005031092374110702 0.6763660123227996 0.7352852394636524
535 1783356085.538599 0.2806129830344706 0.12940477639373085 -0.006439133339322967 0.043485193046293724 -0.005797706055134189 0.6762301422480094 0.7353830425740466
536 1783356085.566664 0.2806633070100366 0.13078576547749285 -0.006422575036625659 0.043611209543832685 -0.006070348781120227 0.6760405417467775 0.7355476865455584
537 1783356085.591045 0.2807690369317781 0.13216632190625544 -0.0064197458802278135 0.043166578319810744 -0.006018907878297508 0.6757800755109561 0.7358136372795213
538 1783356085.622646 0.2808917413626727 0.1340384397972152 -0.006380709418672045 0.04293137896518351 -0.006262410226372417 0.6753029598208686 0.7362632622747645
539 1783356085.654656 0.28102160978623913 0.13585304266333598 -0.0063646631824484465 0.042477407266363953 -0.006239105016860758 0.6748387997371944 0.7367152352230669
540 1783356085.682679 0.2811907038364734 0.13728872882235538 -0.006366455037508413 0.04234634338414334 -0.006409962946486658 0.6746302337079808 0.7369123064138177
541 1783356085.714648 0.2813557735411677 0.13922441029398266 -0.006358441579544639 0.04178637161475118 -0.005728986726725616 0.674462594504142 0.7371033078701387
542 1783356085.746631 0.2815371696909039 0.1410892330265474 -0.00637946690896608 0.04138618076446632 -0.005121098736492136 0.6745136416410573 0.7370836490043593
543 1783356085.77469 0.2816539648146688 0.142367773063182 -0.006300876022936268 0.04092866700610265 -0.004407516506841014 0.6744905060605866 0.7371349776326447
544 1783356085.799012 0.28177994848727284 0.1437482726791855 -0.006276501993469253 0.04063324629618137 -0.0039522280116136566 0.6744317612892698 0.737207649548912
545 1783356085.830662 0.28197611576229176 0.14555881453202543 -0.00624491930694032 0.04003370376740478 -0.003140875163917034 0.6744360015892226 0.7372404744899799
546 1783356085.862637 0.2821181872773461 0.14740869756986374 -0.006258373430358509 0.0396274598577151 -0.002849905125697716 0.6746680609525414 0.7370512533036884
547 1783356085.89071 0.2822634397111661 0.1489710092375273 -0.0062705428277860555 0.0395315872514973 -0.002650553814676493 0.6751203433560008 0.7366428918823072
548 1783356085.922703 0.2823878836437107 0.15079268953732014 -0.006266624140949599 0.03926958751874243 -0.002719261734733025 0.6758594076123835 0.7359786452428928
549 1783356085.946852 0.28248581463889866 0.15216041945658043 -0.006258163742376982 0.03903727301730253 -0.0026658445052198942 0.676371036224028 0.7355210438496516
550 1783356085.978657 0.282552879975116 0.1539950234956903 -0.006216412253519873 0.03886945653290952 -0.0030822187312016247 0.676721907449531 0.7352054986562586
551 1783356086.006884 0.2826935818567808 0.15542085689596025 -0.006238267994074018 0.03892590333234747 -0.003415322216986816 0.6768797295218401 0.7350557403261033
552 1783356086.03871 0.2828690909039103 0.15717916772766455 -0.006193507622937272 0.039019086154085114 -0.003922033868406283 0.676642736978889 0.7352664381431764
553 1783356086.070684 0.2829207078836602 0.15907037000210275 -0.006210009892719911 0.03915583031707914 -0.0044735423960931 0.675942835201685 0.7358995121007477
554 1783356086.09468 0.28310236188599647 0.16035717459322024 -0.006206250063208475 0.03911265979393541 -0.004843115980774915 0.675470266618047 0.7363332553853487
555 1783356086.12299 0.28316601409868924 0.16174102962748751 -0.006212919518835703 0.03901436432547123 -0.004681748853192946 0.6750620147037201 0.7367138093643348
556 1783356086.154727 0.2833227798749962 0.1635965349814063 -0.006219984070825397 0.03933875308500179 -0.005086689258793298 0.6746236947043893 0.7370952846420202
557 1783356086.186694 0.28343784171640474 0.16542165328158534 -0.006237324581263 0.03909301680090216 -0.00464788226947499 0.67393959131442 0.7377367826581281
558 1783356086.210692 0.2835786376431363 0.16681729263293213 -0.006235745299932359 0.039240428431026375 -0.004659481834352608 0.6734281897747165 0.7381957404525803
559 1783356086.239006 0.28372410430817274 0.16817234498475608 -0.0062203676259302565 0.038821279732370595 -0.004015791564373927 0.6728115147518796 0.7387837621898128
560 1783356086.270738 0.2838833355132045 0.170031779486546 -0.006214113340082138 0.03872606426810887 -0.0030474148630917908 0.6721659600066446 0.739380772956195
561 1783356086.302696 0.28409804073726846 0.17187023661309536 -0.006204057326694752 0.03849128885101771 -0.00261177975710003 0.6720109876641075 0.739535551375185
562 1783356086.326753 0.28412988084624036 0.17329208575860724 -0.006218345901916977 0.03842386053975555 -0.0027422791596785068 0.6720877382954771 0.739468835637515
563 1783356086.355005 0.2842377768146045 0.1747188994777305 -0.006235179629611062 0.03854044596182682 -0.0028538982292785064 0.6725034601522979 0.739084288409074
564 1783356086.386744 0.2844302267565061 0.1765934174754535 -0.006227754624399406 0.03835624210497979 -0.00296775167040797 0.6731947910346127 0.738463786834176
565 1783356086.418712 0.28457131941164954 0.17844051359711344 -0.006197739886461863 0.03818991057966725 -0.0031704298552390764 0.6736801683227094 0.7380288001921986
566 1783356086.442938 0.2846311539275219 0.17988582174358514 -0.006245604702867884 0.038235550224474335 -0.003495377234357 0.6737822513203054 0.7379317738400767
567 1783356086.478736 0.28462261203451533 0.1816527559570657 -0.0061789268229339375 0.037957150756444236 -0.0035150980827078904 0.6736169263594789 0.7380969687743812
568 1783356086.502769 0.2847380012946231 0.18294595676266068 -0.006152610006374968 0.038004465758474826 -0.0036777512233627796 0.6734840855134039 0.738214956017911
569 1783356086.534717 0.2848386409211422 0.18469547860052574 -0.0060912633224004635 0.03766102563769447 -0.003578188387315384 0.6730939689217742 0.7385887575077998
570 1783356086.558883 0.2849473032659722 0.18612391208740095 -0.006114338841372257 0.03788928727518126 -0.003960570753886783 0.6728472862619197 0.7387998681368675
571 1783356086.594766 0.28508888656509956 0.1879032623717638 -0.00606540925697816 0.037687760685064076 -0.0034020869309969726 0.672582881876713 0.73905366889386
572 1783356086.618775 0.2852386071192915 0.18933000835313446 -0.006081185856499664 0.03788372577343435 -0.003472100269555578 0.6725545337898645 0.7390691218823444
573 1783356086.650728 0.28540745571847603 0.19119486446321646 -0.006082799804473545 0.038085837113579823 -0.003299627222953294 0.6724605964984361 0.7391449977024229
574 1783356086.682762 0.2855585033513754 0.19300112254827229 -0.006090661568649005 0.03812388965830982 -0.002889410406857751 0.6721657167403086 0.7394129222456214
575 1783356086.710763 0.28568007691880326 0.19443467131639772 -0.006116099914115923 0.038261192711601555 -0.002532934624969063 0.671894086322525 0.7396539745984542
576 1783356086.734864 0.2857859269303686 0.195833674300754 -0.006146461155450627 0.038357860415983214 -0.002207073936109305 0.6716408587025943 0.7398799634333872
577 1783356086.766741 0.2858434390463124 0.19760139908670782 -0.006107860084124825 0.03801536731260813 -0.0016678503483927853 0.6713127689537824 0.7401967416592082
578 1783356086.798744 0.2859686831335321 0.19946334078705427 -0.006125587485084743 0.03798248243528124 -0.0015936629315511652 0.671281392817928 0.7402270482243518
579 1783356086.826786 0.28617027064693734 0.20079366261070375 -0.0061642986063881276 0.03778457457783313 -0.0015543462926357332 0.6713794013024112 0.7401483698816007
580 1783356086.851002 0.28651394210600306 0.2024781073817934 -0.006132974005190292 0.037728989566591986 -0.0016831035885674916 0.6717313161346572 0.7398315547694593
581 1783356086.882777 0.2867316589045783 0.2043214167101873 -0.00608980218740624 0.03764073680142699 -0.0017756144859547573 0.6720819066362966 0.7395173648389626
582 1783356086.918784 0.28675153312577734 0.20627299531922758 -0.006125827780372007 0.03767431154055423 -0.0024646813991763272 0.6721347703311319 0.7394656328102494
583 1783356086.94279 0.28679344462512546 0.20765566936868016 -0.006143761599575255 0.037886749688126 -0.002901705747935135 0.6721428115268887 0.7394458838985792
584 1783356086.967139 0.28691374542906667 0.2089625983328503 -0.006138243424321822 0.03821747814755905 -0.0035079168763409996 0.6720090466321782 0.7395478078716349
585 1783356086.998778 0.28706586019768765 0.21084916127301684 -0.006147884913658011 0.038223368568638505 -0.0038086647409265595 0.6716872732635087 0.7398382763171893
586 1783356087.034791 0.2872321643131008 0.2127294891111383 -0.006132050694002123 0.038339530790810206 -0.003906107798991143 0.6713293762084164 0.7401565316473412
587 1783356087.058845 0.287363033983217 0.21411905633487352 -0.006135882602803011 0.03824016321370338 -0.0034953430691418985 0.6709625909677873 0.7404962349776077
588 1783356087.090779 0.2876561869497711 0.21586131755347474 -0.006105918658416847 0.038440459906953994 -0.00351132046119762 0.6707633496264398 0.7406662746937241
589 1783356087.115085 0.28781156171270555 0.21720854174719026 -0.00607590500850236 0.03829216145730363 -0.003096395048483469 0.670503811583641 0.7409107647756515
590 1783356087.150823 0.28770248267609455 0.21889505353458108 -0.005993444275341587 0.03841553119956187 -0.002408695187493204 0.6700078169752091 0.741355495253299
591 1783356087.174819 0.28774504761530706 0.2201271669631515 -0.005915464875936407 0.0381551035812584 -0.001476743974521133 0.6697894005718263 0.7415687197957928
592 1783356087.206776 0.28789990686338807 0.22192185823194785 -0.005869851048780017 0.03795372804868491 -0.00044238214644487517 0.6697762019073502 0.741592312651505
593 1783356087.230959 0.28804525103164114 0.22332549698969367 -0.005863601606553194 0.03808682248476769 -0.00015633461803954418 0.6700668187035095 0.7413230253978755
594 1783356087.266809 0.28820120312390135 0.2252065291906518 -0.0058820729267598185 0.03825404663500642 -4.257283898667641e-05 0.6706300036786474 0.7408049839664805
595 1783356087.29083 0.28833843336154014 0.22663364804820893 -0.0058862430003654535 0.03810712435414021 0.00012823059349242882 0.6711067887996958 0.740380651190544
596 1783356087.322785 0.2884677482235757 0.22845188421611115 -0.005841089005541372 0.03786984244888214 0.00014512870197802563 0.6713929484765291 0.7401333411666775
597 1783356087.347029 0.2885466067056469 0.22977132168848033 -0.005810590998813111 0.03767859646787719 -0.00020661778809438758 0.6713406076386856 0.7401905627692242
598 1783356087.375145 0.2886919574559042 0.23103872418941165 -0.005927347669727053 0.03799035048168631 -0.0005607920185830562 0.6711437524064798 0.7403529444719867
599 1783356087.406841 0.2888934002225565 0.23284247043817838 -0.005938555805370347 0.03830545060494328 -0.0012444632516063203 0.6707100748738474 0.7407287892527775
600 1783356087.438792 0.2889839629713278 0.2345848805830537 -0.005916584393915283 0.03860275788334111 -0.0018239805915144514 0.6698910320800465 0.7414529690528807
601 1783356087.462927 0.28922382323365664 0.23610694327497073 -0.006029188425530166 0.03860851281101896 -0.0020758817071473423 0.6693562207936984 0.7419348510067695
602 1783356087.491116 0.2894964945042172 0.23747864344229952 -0.0059275394446947245 0.03877628932067667 -0.0021242202221558593 0.6689740277354956 0.742270595733332
603 1783356087.522848 0.2895898319938079 0.2392487632684431 -0.00591752342028262 0.038610234521450404 -0.0018690859623037293 0.6682905484825644 0.7428953486977404
604 1783356087.554804 0.28989771045524315 0.24104546179203803 -0.005843393496342705 0.03831064075917634 -0.001458435201012409 0.6679380045214219 0.7432287601319844
605 1783356087.579049 0.29004663732365665 0.2423844652001251 -0.005826851252027063 0.037887146699554286 -0.0011878188230398656 0.667825093578006 0.7433524047105368
606 1783356087.607129 0.2901906758082188 0.24380097918278004 -0.005874541071362028 0.03778977092547342 -0.0007042032471739068 0.6679861956351428 0.7432132128481544
607 1783356087.638863 0.29040836484951804 0.24568475796669326 -0.005900151538867625 0.03799236802368833 -0.0009163613505908108 0.6684050064578988 0.7428260143504966
608 1783356087.670836 0.29065400884587544 0.2475201473633719 -0.005855710742939281 0.03758487080191475 -0.000539587362256122 0.668846812615259 0.7424493434482183
609 1783356087.694925 0.290627282521849 0.2488798084221992 -0.0060430474228527695 0.03769911555978933 -0.0007880656233004713 0.6690085488363299 0.7422975934370873
610 1783356087.72315 0.29067115239748004 0.2501659492633166 -0.006106695006581293 0.03750772771711508 -0.0008833986764807955 0.6691840937497558 0.7421489329242449
611 1783356087.754879 0.2907720830765258 0.25190858435594027 -0.006096854590803809 0.037099315811147116 -0.0007659933667025776 0.6693082525583884 0.7420576238256323
612 1783356087.786857 0.2909003443561656 0.2537261318507872 -0.006127007801031715 0.03689423921805879 -0.0007697063889561262 0.6693061261145977 0.7420697623607001
613 1783356087.811018 0.29096283745228646 0.2551200166964365 -0.006162885988788237 0.03671720520081523 -0.0010558640150286625 0.6692287928975581 0.7421479331981597
614 1783356087.839152 0.291209595403203 0.2565061596154171 -0.006124224575740071 0.03656083571003177 -0.0010591038054585944 0.6692562497055141 0.7421308886048497
615 1783356087.870882 0.2914407284215502 0.2583436709161784 -0.006091999200465962 0.036524059630121175 -0.0012138186016673602 0.6690862219944879 0.7422857584850194
616 1783356087.902842 0.29161345572378694 0.2601455192764288 -0.006085389220972112 0.03652176245101113 -0.0014070241847040643 0.6687530943058374 0.7425856718297111
617 1783356087.926823 0.2917345504879444 0.26153479966210424 -0.0060678316031722405 0.03658359092215269 -0.001418247706754805 0.6684310271267234 0.7428725270347507
618 1783356087.955065 0.2918561487368941 0.26291911100050624 -0.006066152484423409 0.03653832812075919 -0.0011453289500327202 0.6681880849487298 0.7430937504328003
619 1783356087.986887 0.2920290088132033 0.2647540332679986 -0.006087597507950834 0.036783581651377184 -0.0013004000976927221 0.6679507449039973 0.7432947460211713
620 1783356088.018847 0.292162469533885 0.2665624118143346 -0.006132242110217154 0.03681948995364659 -0.0007802949578558094 0.6675640425007127 0.7436410192152118
621 1783356088.04284 0.2922862079001396 0.2678693219333643 -0.006193459134870108 0.03694406085734181 -0.0005284434038460573 0.6673513590922405 0.7438259343641344
622 1783356088.070912 0.29240750194103227 0.26925782277036314 -0.006257012740144653 0.03702467758606387 -0.00011343383495265869 0.6672207971644843 0.7439392234676185
623 1783356088.102903 0.29255575207654244 0.2710887811424236 -0.0062891465201694655 0.03716691494015545 0.00010722354139236501 0.6672638394691341 0.7438935256297459
624 1783356088.134877 0.2927134917517835 0.27292016525916785 -0.006252226615367588 0.03723154415283925 0.00010135091929597273 0.6675320776279576 0.7436495997347736
625 1783356088.158846 0.292936285304356 0.27432998708547973 -0.00616257408235186 0.03736828609656795 0.0002554997952973759 0.6679615323684277 0.7432569792407479
626 1783356088.187201 0.29310392310246475 0.2756638148481809 -0.006154740564282415 0.037276643654195474 0.0005717068101022127 0.6681835175482097 0.7430618492871929
627 1783356088.218905 0.2932434585762053 0.277468502474036 -0.006166794259114662 0.03726432634449328 0.00023055562367613192 0.6682897093912684 0.7429671467487171
628 1783356088.250865 0.29337643571747907 0.27926647909752866 -0.006184973326148268 0.037339184282975446 -0.00024826320610293884 0.6682303403779153 0.7430167803494602
629 1783356088.274862 0.2934540853005869 0.280591677712723 -0.00617266082384812 0.03738755040118091 -0.0006460412243176616 0.6680330502296146 0.7431914945063978
630 1783356088.302931 0.293621985025245 0.281969895385888 -0.006171431423095033 0.03748271833976602 -0.0009415278559458118 0.6679115935603954 0.7432955418531524
631 1783356088.334927 0.29372333983947546 0.2837398940494457 -0.006246960735194944 0.03764472388068896 -0.0014608954349802916 0.6673891257748593 0.7437556691185243
632 1783356088.366877 0.29389599349716633 0.28552539893800855 -0.0063345052782979375 0.037779885955725456 -0.0014000102062685649 0.6669165342241308 0.7441727330177239
633 1783356088.39088 0.29402215698621287 0.2868582932906585 -0.006355748804708334 0.03793216058887361 -0.0014269980133841953 0.6666423298518961 0.7444105849055114
634 1783356088.418943 0.29416952884836256 0.2882207990622943 -0.006374339288399932 0.037974842418342925 -0.0010332501546487238 0.6664801695389543 0.7445542474183776
635 1783356088.450933 0.2943312738757261 0.2900219014311196 -0.006396057941798209 0.038183072458875866 -0.0008783132146066297 0.666306431025008 0.7446992826089023
636 1783356088.475124 0.29445168809223743 0.29138322934976724 -0.006408289689901522 0.03795368844368807 -0.00018403557201096543 0.6661627093560603 0.7448400689596533
637 1783356088.506871 0.29464384942233945 0.29321243813936954 -0.006427973441935107 0.0382434260379132 0.00016522830079035433 0.6661157014475325 0.7448672937843043
638 1783356088.53495 0.29481202156963904 0.294539276773968 -0.006421226814596535 0.03817819452029869 0.0005879302682820775 0.6661502934408154 0.7448394903265304
639 1783356088.566947 0.29501281122079015 0.29633519840475664 -0.0064386509914194055 0.0378849688859898 0.0012677267025790195 0.6660551414389918 0.7449387025549149
640 1783356088.591126 0.295140266430398 0.2976625270001587 -0.006433296340949836 0.0378598952817073 0.0012201550767445557 0.6660592854278574 0.7449363515403037
641 1783356088.622888 0.29529852975064413 0.29946750877971895 -0.00645269343135909 0.037901303980578005 0.0007066064942113925 0.6661257342025273 0.744875491674265
642 1783356088.651218 0.29543492068157795 0.3008369728710674 -0.006406087108079085 0.03774253208622502 0.0005368018252819295 0.6662685968364035 0.7447559130246438
643 1783356088.68294 0.29558064047327237 0.30262978471366164 -0.006428949723371725 0.037784313155583726 -2.1353238840227107e-05 0.6662624654289677 0.7447594728393279
644 1783356088.714909 0.2956664216553872 0.30427879539263136 -0.006418506832980068 0.037223608517651385 -0.00012699680124650392 0.666018137606381 0.7450061927394058
645 1783356088.738912 0.2958095613163952 0.30550054522487546 -0.0065192193319340425 0.03580108645279367 0.0011145419635494314 0.6658814923524828 0.7451972075547797
646 1783356088.767257 0.2959823126431316 0.3066511128535643 -0.006430650240145842 0.03251762892806764 0.004526784462338895 0.6658973807218173 0.7453205957030513
647 1783356088.798939 0.2961386917190832 0.30806027385627144 -0.006432070371055781 0.027911738957956844 0.011372198697131353 0.666448883904178 0.7449412682003942
648 1783356088.830932 0.296298149348614 0.3092851732942925 -0.006469995874695546 0.028274197418268088 0.011077652456545017 0.6667809199382495 0.7446348502337952
649 1783356088.855005 0.29639682188764227 0.3099950393852817 -0.006480132321989962 0.029573985471960773 0.009056275303559902 0.6655798120681629 0.7456855081254024
650 1783356088.890962 0.2964569633808302 0.3105701673369585 -0.006467537757208928 0.028912848029150173 0.009841288121891556 0.6638527600141212 0.7472393922221842
651 1783356088.914986 0.29650712517406 0.3108931342460014 -0.006458727844479387 0.029366435182006323 0.009011018156119599 0.6635219864132551 0.747525910977472
652 1783356088.946913 0.29650827272356395 0.3112213944663631 -0.006455690788697937 0.03026573762700513 0.00694058568405731 0.6637484811936095 0.7473110243462439
653 1783356088.974966 0.2965164902100193 0.3114952801045401 -0.006455717360913812 0.03141899093987921 0.005097439307444218 0.6637355265598724 0.7472897790704189
654 1783356089.006964 0.29656917723779486 0.31184292436790173 -0.006449353477582265 0.03382851295559153 0.0028770935470304737 0.6635474477708723 0.7473634581652334
655 1783356089.031174 0.2966013588135641 0.31206886619862484 -0.006443988894582486 0.03484977281522139 0.0018388522981372946 0.6633063294632718 0.7475338288337957
656 1783356089.06292 0.29661534758084246 0.3123764077746399 -0.006425488364307291 0.03641284347528684 -5.076592086372678e-05 0.6633947144086398 0.7473831381209672
657 1783356089.090986 0.2966014636953999 0.31256620515736344 -0.0064173197237122875 0.03792155788735152 -0.001904661011732478 0.6629063200261611 0.7477389508265565
658 1783356089.122986 0.29662658771659295 0.31290355400958736 -0.00640540181304667 0.038325411350809024 -0.002815701068317855 0.6620514488489422 0.7484725203701882
659 1783356089.15496 0.29666638205538176 0.3132181075008087 -0.006431680453725492 0.037938115603504796 -0.0018579572156514068 0.661281957971571 0.7491751593857909
660 1783356089.178931 0.29674575342225484 0.3135003801317572 -0.006410970896355041 0.03814458607783722 -0.0020872530159911085 0.660650470797406 0.7497210076841677
661 1783356089.207278 0.2967605760248964 0.31376181050354346 -0.006402907902112806 0.038070066013126014 -0.002204638885365706 0.6601802764858086 0.7501385286600487
662 1783356089.239014 0.29682613679414543 0.31418711190980686 -0.006402840141784695 0.038049530652477404 -0.0020265249262564344 0.6599300822003439 0.7503601888565895
663 1783356089.271003 0.29691882244309725 0.31460651976190357 -0.00639683342565385 0.03780356565952758 -0.0013103259334309447 0.659951722426791 0.7503551809211995
664 1783356089.295201 0.2969515829326234 0.31497905888696154 -0.006410108479195917 0.03775979230785442 -0.0013551060726609832 0.660069080800289 0.7502540705280186
665 1783356089.330998 0.29696748038149645 0.3153558817429478 -0.006415493337291954 0.03801122947497548 -0.0015218761533382086 0.6602594196845446 0.7500735490900896
666 1783356089.355305 0.2970321176951436 0.31567284943261753 -0.006410532948347116 0.0380055189501558 -0.0017732368589347125 0.6604787476327716 0.7498801638167376
667 1783356089.386999 0.2970968569527098 0.3161091189723284 -0.006406232626225769 0.038251405455770326 -0.0017365900932773126 0.660487561649896 0.7498599836911428
668 1783356089.418956 0.29707799620577885 0.31650236235096596 -0.006407588432560578 0.03798947902591421 -0.00145522272203491 0.6604375869202145 0.7499179125698846
669 1783356089.447023 0.29713225271351124 0.31676280620524666 -0.0064038187089980915 0.036789268723684154 -0.00010472942743988689 0.6608282859369956 0.7496349213077631
670 1783356089.479019 0.29717981024380025 0.3168396669947331 -0.006414510476777777 0.029795701549579445 0.008345084553175508 0.6625042348075981 0.7484188096213028
671 1783356089.503151 0.2972674372829844 0.3169187353097607 -0.006416657179941176 0.029580172996277576 0.011426327905393108 0.6617087218850833 0.749090127940102
672 1783356089.534959 0.2972474275860603 0.31687703031306846 -0.0064237299184793685 0.03029378863147114 0.008634132321901578 0.6608867316161782 0.7498242901527566
673 1783356089.563026 0.2971794059906573 0.3168087489875787 -0.006427219215005114 0.0314214830175229 0.005525436005123674 0.6613357055056227 0.7494112653178581
674 1783356089.595027 0.2971284273411718 0.3167707672071388 -0.006434896809498309 0.03395873597623056 0.0025952435129208418 0.6616451028692762 0.7490432743247284
675 1783356089.619173 0.2971890656935638 0.3166510059757137 -0.006408970309401551 0.036357751922339476 0.0006836978705970775 0.661801851743751 0.7487963377721061
676 1783356089.65098 0.29714379174568833 0.31655978604191937 -0.0064131652917453 0.03863079525002111 -0.0020308505212243144 0.6619360012460476 0.7485614654515045
677 1783356089.679219 0.2970918629753326 0.3165109230979259 -0.006418432553362007 0.03835976626553095 -0.002556237985653187 0.6620757834848479 0.7484501659444932
678 1783356089.71101 0.29712881479418146 0.31646101820708616 -0.006420894552379992 0.0384489474135874 -0.0022607588912613164 0.6628937684110467 0.7477221537535346
679 1783356089.743007 0.29711875424405504 0.3164870354844479 -0.006429106422201129 0.03825686010084206 -0.0014280966468576128 0.6631600786003259 0.7474978818337892
680 1783356089.767245 0.2971250820586398 0.31651737022547133 -0.0064186026180084975 0.03793666312573907 -0.0010936476196231615 0.66320462448856 0.747475243458107
681 1783356089.803043 0.29710472395599186 0.3165529801095395 -0.006431444005431353 0.03789231063924692 -0.001581273603540101 0.6630656132345142 0.7475999364059278
682 1783356089.827266 0.2971503349698093 0.31656845425871205 -0.006452125668983575 0.0383737099498751 -0.0017664493246875024 0.6629431592467718 0.7476835598362289
683 1783356089.859018 0.2971253789458952 0.316594103471953 -0.006434177784304395 0.03788474712929446 -0.0009811701464237377 0.663503114727404 0.7472130887418438
684 1783356089.895053 0.2971163823794189 0.31675111225102914 -0.006400407611867113 0.03929851241528659 -0.004028565765305969 0.6647266293524509 0.7460414906756524
685 1783356089.919062 0.29711658952288883 0.3169165323713351 -0.0063853292265621114 0.03889496770762779 -0.0037385384837207436 0.663554038582115 0.7471072497964353
686 1783356089.951039 0.2972467682060367 0.31739094789748107 -0.006419489772855145 0.03842488489461948 -0.0016941266215628747 0.6601694697465251 0.7501312747582367
687 1783356089.975187 0.297353872031363 0.3178622286210696 -0.006433937544554126 0.038415016437998384 -0.0013710872724836953 0.6578948812174723 0.7521281352931877
688 1783356090.011076 0.2974276485201691 0.31857000283849357 -0.00645385201792612 0.038154096442058916 -0.00118116288902137 0.6567681842566325 0.7531257676690964
689 1783356090.035077 0.29748331165637315 0.3190931604350656 -0.006438436257435858 0.038345061270020575 -0.0014695811008613724 0.6571989635308507 0.7527396754134605
690 1783356090.06705 0.2975374774466608 0.3198032708519753 -0.006419423466847056 0.03806147242547431 -0.0006153092687583017 0.6586134875834907 0.7515179436875875
691 1783356090.091007 0.2977050487095523 0.3203467123445043 -0.0064334265659448785 0.037956625339491956 -7.292147532733662e-05 0.6604340080213148 0.7499241363792727
692 1783356090.127085 0.29773955944700636 0.321038464279514 -0.006423262204824656 0.038028701143469124 -0.00013965990872100154 0.663085523500181 0.7475770106878231
693 1783356090.151417 0.29775341284838763 0.32157031117919876 -0.0064465127324579 0.0380292054751632 -0.00023174271109938083 0.6648257403952831 0.746029798824489
694 1783356090.183073 0.2978094053045376 0.3222120416456924 -0.00644460119154369 0.03836362861542508 0.00012197750124443019 0.66656710819533 0.7444571897651753
695 1783356090.215018 0.29784073154904417 0.32293415201760445 -0.006491693045828332 0.03890095957171946 -0.000398493449474846 0.6676726055067902 0.7434378577952191
696 1783356090.243098 0.297881772876812 0.3234066442679081 -0.006479854929366502 0.03926289219797641 -0.0007504062948352486 0.6678401698357624 0.7432680335789928
697 1783356090.267298 0.2979637541112117 0.32386609662053656 -0.006455118823651962 0.03976289295432267 -0.0010538753715115812 0.6675129091185344 0.7435350145425
698 1783356090.299099 0.2979791330012771 0.32452768824660927 -0.006453310585818417 0.04002010891734831 -0.0016495300570580351 0.6668887294353734 0.7440800309677097
699 1783356090.331039 0.2980762677958612 0.32518610651526514 -0.0064669556720772115 0.040077224882451246 -0.0017110284424729505 0.6663785971476824 0.7445337156172831
700 1783356090.359108 0.2981396695475839 0.3256689963093203 -0.006459456341875268 0.04037603020042535 -0.0017251330858362168 0.6660303752807483 0.7448290671721104
701 1783356090.391087 0.29820895582328305 0.32632322466385144 -0.006460200997480193 0.04019375371112266 -0.0016006575475405738 0.6656452258950875 0.7451834225887634
702 1783356090.41543 0.29826772014241953 0.3268673484408582 -0.006453819328883725 0.04036823814654722 -0.001806065064254958 0.6654427026519125 0.745354380791611
703 1783356090.447049 0.29831516360449617 0.3275373432814449 -0.006455728950252369 0.040321819584201224 -0.001699574787925373 0.6650862569429576 0.7456752196074143
704 1783356090.475115 0.29835402679437995 0.328023222098079 -0.006446390975966989 0.04032950874367913 -0.001745079477842526 0.6650699060403934 0.7456892821420541
705 1783356090.507116 0.2984249682349679 0.32871578324624723 -0.006458768692552713 0.04045933389278655 -0.0016440891270915747 0.6655019947499481 0.7452968765906204
706 1783356090.539081 0.2984933706700154 0.3293844430427407 -0.0064406665338165425 0.04065215268311051 -0.0019069725775281432 0.6658360483500021 0.7449873305335274
707 1783356090.563103 0.2985236501517777 0.32990162444860177 -0.006457784959401651 0.04059586360968537 -0.0019127561594903808 0.6661485042963625 0.7447110093488464
708 1783356090.591407 0.2986176550461041 0.33039282315949026 -0.006436204943651734 0.04080207383774692 -0.0018294047804643387 0.6663959981607148 0.7444784870525628
709 1783356090.623133 0.2986465268601266 0.33113418267251016 -0.006506846957533152 0.0404419060490947 -0.0013503530065900327 0.6659706214909619 0.7448796950466673
710 1783356090.655089 0.29875676508693333 0.33179127209158266 -0.006478445842721836 0.040700714385049186 -0.0013294029442573185 0.6653988156144358 0.7453764825343395
711 1783356090.679366 0.29881714694844047 0.33229928004270903 -0.006460812305287937 0.040940470942375407 -0.00166884551595059 0.6651575203129699 0.7455780079674839
712 1783356090.707137 0.2988897404739103 0.3327885672472951 -0.006443282503701008 0.040607949270158206 -0.00147909412528191 0.6651296312848882 0.7456214725472099
713 1783356090.739144 0.29894996155898446 0.3334826624592952 -0.006471376916622846 0.04109465406502466 -0.0018290858142031574 0.6652850876833692 0.7454553212356136
714 1783356090.771107 0.2990135449463688 0.33413898834339234 -0.006441365769598957 0.04060752195815476 -0.0011379924892684912 0.6654889075853581 0.7453014477473925
715 1783356090.795371 0.29903796347431216 0.3346710079490507 -0.006463385189021908 0.04087164389428799 -0.00150820103741367 0.665504854827046 0.7452721128934329
716 1783356090.831133 0.29911649224714676 0.3353541019782993 -0.006466271249304208 0.04065552947140161 -0.0012939645687372048 0.6653667115875397 0.7454076687895548
717 1783356090.855129 0.2991824575188072 0.3358989607636074 -0.006443951729979589 0.04075327893322689 -0.0012527682340254254 0.6652730023739853 0.7454860381926988
718 1783356090.88712 0.29930742834794255 0.3365625034926266 -0.006514185546507137 0.03994565183127119 6.351012645688936e-05 0.6677067893220813 0.74335185770901
719 1783356090.923134 0.29927985325337986 0.3371200204330507 -0.006484416001032795 0.03591206933748903 0.004757935660104851 0.6762693916382951 0.73576313801204
720 1783356090.947138 0.2996434996201713 0.3378718053034662 -0.00654250633303954 0.034337557987760836 0.006658335354071565 0.6823353575019383 0.7302020669543822
721 1783356090.971351 0.299325449495547 0.3379852184098345 -0.0066004969850557565 0.033156936398369585 0.006150822499980113 0.6888183827521509 0.7241491700844237
722 1783356091.00312 0.2993737390509106 0.3379934195944378 -0.006511394610348591 0.033639315816516135 0.006171760067853471 0.6898623478072224 0.7231322471629713
723 1783356091.039149 0.2994004728310534 0.3378011680479265 -0.00652322392223878 0.03597939912415116 0.004416307521892704 0.689687516955657 0.723199217382097
724 1783356091.063162 0.2993776609002874 0.3376479513452855 -0.006462664779475883 0.03755863402687232 0.0028016110635391556 0.689458278281317 0.7233455484724063
725 1783356091.087348 0.29939197571154896 0.3375623928272236 -0.006489547685840341 0.03933345777528263 0.0010042938032621684 0.6891599978611327 0.7235401632538727
726 1783356091.119108 0.29932898044737705 0.3374377023211 -0.006493628256166565 0.041521031626091776 -0.001232335649850591 0.6889135755360764 0.7236522443298644
727 1783356091.147174 0.29935262049827216 0.33738845860386824 -0.006496341724287761 0.042836049727811965 -0.003055408193406328 0.689116623392348 0.7233768151446499
728 1783356091.179171 0.29934161100758716 0.3373631078145341 -0.006462699719665989 0.04276742128872946 -0.0034573754211797425 0.6893976432865465 0.7231112526177872
729 1783356091.203455 0.299312833602527 0.33733301431265333 -0.006462780826604482 0.04228194916224426 -0.002473058195161637 0.6901023326499636 0.7224713774463898
730 1783356091.235132 0.29935763698318385 0.3373565894448234 -0.0064812033471829435 0.04206709694424293 -0.0017301967847811461 0.6907940423439463 0.7218247410804648
731 1783356091.263188 0.29934741432450385 0.33738815768849684 -0.006473148185568239 0.04202918581739057 -0.0017980085319354577 0.6909982216473319 0.7216313271921274
732 1783356091.29519 0.299348869883621 0.33732712566168527 -0.006468304219177334 0.04218463264486938 -0.002224749695391104 0.6910697319443724 0.7215525849498039
733 1783356091.327153 0.29937280069870403 0.3373239948464905 -0.006495794382619616 0.04259876576270516 -0.002347114712856424 0.6907605355604365 0.7218238834509965
734 1783356091.35139 0.2993594757116134 0.33733376581307417 -0.006492387446960665 0.04265654409722852 -0.0027181365415840375 0.6900505682767154 0.7224979198588772
735 1783356091.387215 0.2993557568694837 0.3373743025401505 -0.006461231160043638 0.04242658710417646 -0.0026556436286313545 0.6883195669240605 0.7241609669493954
736 1783356091.411524 0.29936041394868 0.337381518061587 -0.006484862184003926 0.04152884979805804 -0.0015654996851295344 0.6872025946617748 0.7252761527413615
737 1783356091.443178 0.29932046308963384 0.33730045290412436 -0.0064953491861283845 0.0407370180086003 -0.000427179434737579 0.6855535533057843 0.7268814473016288
738 1783356091.47515 0.2993071712427054 0.3372445891848965 -0.006480804419913399 0.04032664049813284 -0.00035576155565930634 0.6845460092957654 0.7278532796224058
739 1783356091.503228 0.29931874011917436 0.33720730721518494 -0.0065015145080697945 0.040465878283713175 -0.0006181330544641206 0.6836380656987086 0.7286982405179685
740 1783356091.535195 0.29931502868336346 0.3371260289468541 -0.0064880813791135805 0.04088649013103873 -0.0008832410338218688 0.6823625115657658 0.7298691099229376
741 1783356091.56733 0.29931580597320623 0.33702151989928675 -0.006465458091784662 0.04134411158616891 -0.0016434306694329548 0.6810960001285983 0.7310240777030602
742 1783356091.611242 0.2993023054747411 0.33688802413017943 -0.006475955395504558 0.042004415394538586 -0.002656610369517254 0.6794358983922636 0.7325267445524467
743 1783356091.651227 0.299296850045365 0.336838379985204 -0.006479386317029788 0.04168829267629759 -0.002267308018249148 0.6779750587248061 0.7338983344545629
744 1783356091.683221 0.29930642119856443 0.3367999557954426 -0.006446255422469032 0.041462455128071674 -0.0017152699289101347 0.6766385056624252 0.7351450573313704
745 1783356091.719236 0.29931087738527645 0.33675397916562305 -0.006470302980248026 0.041508766947227715 -0.0019063061901546385 0.6755050400553448 0.7361836245958322
746 1783356091.751364 0.2993079939754279 0.33669775310916694 -0.006457301514145496 0.04148715221669674 -0.002079678340046076 0.6738776930086554 0.737674281783148
747 1783356091.791355 0.2993098308348741 0.3366065660143799 -0.006454757236743247 0.041324590698042285 -0.0018288584075113468 0.6719235984395501 0.7394644084339764
748 1783356091.835348 0.29932868883399083 0.3365381568173287 -0.006453824128944017 0.041128026519234306 -0.0016871156127001852 0.6698538285376041 0.7413511229296526
749 1783356091.867245 0.29933322854143224 0.3364578158002717 -0.006463956739994689 0.04026946336365278 -0.0009276422252574301 0.6682388071800629 0.7428555757203901
750 1783356091.891229 0.29936504734838504 0.3362335505263866 -0.006392954243167284 0.0365102659459271 0.003251601795828285 0.6659987872366424 0.745051704894124
751 1783356091.923429 0.299363705476181 0.3358059759531665 -0.006413077771543841 0.03066307519164324 0.009494477962190384 0.6637564512986622 0.7472596630806616
752 1783356091.959236 0.29929665910773234 0.33528432101703776 -0.006503024898631006 0.034525404360407186 0.005439006991111439 0.6620185287333901 0.7486720785967504
753 1783356091.98356 0.29920558723572627 0.3347586603365952 -0.006490626871570017 0.03375996629597444 0.006094511142640702 0.66148188349426 0.7491761070793124
754 1783356092.015245 0.29908948269279007 0.3338795008718721 -0.006464383580436146 0.03125733540900888 0.009092955403403824 0.6618274844315915 0.7489490489987365
755 1783356092.047199 0.2989947293931212 0.33289429430404005 -0.006490372552507128 0.033129315398696235 0.007151730928059985 0.6626763187570324 0.7481386220244044
756 1783356092.075264 0.2988706376043588 0.3320185272227936 -0.006520593330557227 0.03184974227862791 0.00838395143112336 0.6638966711022152 0.7470987306739202
757 1783356092.107267 0.2987759917415016 0.33091985410273217 -0.006492366012457992 0.032919388693745666 0.007294758020228831 0.6651063723874887 0.7459870064304149
758 1783356092.139237 0.29864605666808497 0.3297520234335293 -0.006508979290596087 0.0333846939793192 0.006349819069363494 0.665663511604744 0.7454778543482928
759 1783356092.17526 0.29854101037719727 0.3285815259094133 -0.0064968591801834695 0.03350889961979142 0.006539913554436172 0.6659799345443869 0.7451879695494457
760 1783356092.199281 0.29845197276559066 0.32769559435800244 -0.006513132583130438 0.03378070865801086 0.006206341073449084 0.6661184194213723 0.7450547606455619
761 1783356092.231244 0.2983106012859121 0.3264848588413002 -0.0064971305860005955 0.03395320970284221 0.005852834294963971 0.665917300732721 0.7452295434739805
762 1783356092.263213 0.2981840143240855 0.3252988149249882 -0.006499180791712963 0.03424599757190627 0.005681841810612154 0.6655195887919048 0.7455726693342497
763 1783356092.291274 0.2980491027993 0.32437875382175424 -0.0064873117662203016 0.0342123698523078 0.0054661125922436105 0.6652057992573767 0.7458558037560428
764 1783356092.323273 0.2979743055826179 0.32319872973508 -0.006518423475265066 0.03437865280473673 0.0049979946620675175 0.6650593968032978 0.7459819883913572
765 1783356092.35526 0.29780095271657436 0.32202598623123313 -0.006503300545241012 0.035296654270247196 0.003497850716583595 0.6650345589580315 0.745969802759594
766 1783356092.37929 0.29770448795499227 0.3211830397431257 -0.006438206929620882 0.0367419667855835 0.001518413432784138 0.665102889138605 0.7458457408585604
767 1783356092.415291 0.2976253027554394 0.3201478302479466 -0.006387579448020963 0.03981000800682988 -0.0030238798625807917 0.665324501877787 0.7454859667452818
768 1783356092.439601 0.2974978297117549 0.31954840723192884 -0.006375430312267486 0.040131720164323426 -0.005734520520237485 0.6655838959748439 0.7452212005371317
769 1783356092.471302 0.2974304891667367 0.31900275082717433 -0.0064069992566344065 0.03926006380615199 -0.0035338430876575844 0.6650353018313743 0.7457708808079206
770 1783356092.503502 0.297419285000997 0.3186382185864981 -0.006416073931582561 0.03875929428518221 -0.0009619435421680533 0.66436524095467 0.7464017808006487
771 1783356092.539317 0.2973933860415266 0.31836948417669864 -0.006449006743637624 0.0382702839190171 -0.00037305220644434645 0.6643165484650483 0.7464708766162914
772 1783356092.571296 0.2973212971684312 0.31807013893830316 -0.00645796217879629 0.03646468905217881 0.0007313861985741577 0.6646665746499513 0.7462493792758941
773 1783356092.603302 0.2973154838863595 0.31772205641018814 -0.00643780127827415 0.035126039695339895 0.0028263406128306023 0.665082746029864 0.7459377414150844
774 1783356092.647333 0.2973014524055593 0.3173853481879455 -0.0064609735480372875 0.03362636605623148 0.004818329613537564 0.6652742855152116 0.7458258350565581
775 1783356092.687366 0.2972387148175671 0.3169945979325994 -0.006478863729316785 0.03163517618829903 0.006383619005595809 0.6653658792538877 0.7458194900648734
776 1783356092.719264 0.2972053304301112 0.31669328542133535 -0.006472343126569791 0.030849633234439566 0.007776893138166763 0.665415355155726 0.7457950289358312
777 1783356092.747322 0.2972014616945803 0.316438303999966 -0.006486993558269979 0.031158027825201606 0.007549245546105143 0.6651113588842469 0.7460556725049944
778 1783356092.77933 0.2971516427307477 0.31621491005377217 -0.006488440665935669 0.03527038299553875 0.0020141687974645217 0.6647317906653045 0.7462463331141408
779 1783356092.811305 0.2971392297300435 0.3162535203123294 -0.006394816042738916 0.039600710581069176 -0.004750896130112037 0.6635439107949199 0.74707341751291
780 1783356092.843268 0.29715478973770504 0.3162683075862708 -0.0064462657875540876 0.03837610453161733 -0.001707855746645004 0.6627319776776006 0.7478707666390387
781 1783356092.871336 0.2971888373792524 0.31638698220841033 -0.006455020623468304 0.037928007504739236 -0.00017608892231557594 0.6619715400350659 0.748568711223636
782 1783356092.903335 0.2972234171895814 0.31652490927746446 -0.006490328861289224 0.0362997126039708 0.0013075906350573652 0.6608631023020631 0.7496269612862743
783 1783356092.92756 0.29723580308157777 0.316616395437344 -0.006466699919185151 0.03503137684519719 0.0025224929520794026 0.6603644089873845 0.7501235145016979
784 1783356092.959292 0.2972281355308044 0.31670388739493893 -0.006493538588649067 0.033376785167069434 0.004318877591839909 0.6597317674836995 0.7507471827993042
785 1783356092.995342 0.29728833990454057 0.3167982515843425 -0.00648058998882736 0.03173736367020852 0.00661501923907748 0.6595306890833067 0.7509781963712595
786 1783356093.019661 0.29729703476956226 0.31684530396296556 -0.0064843831991853815 0.03060253084343334 0.008002507521686075 0.6595160129326868 0.7510246824603797
787 1783356093.051581 0.2973194048590512 0.3168792505487321 -0.006504241011410419 0.030822147791010668 0.0078025006300791455 0.659822874969476 0.7507482200155269
788 1783356093.083315 0.29732356811505933 0.31683637605075676 -0.006494907819320227 0.031299982176373975 0.006815483031857528 0.6603980875276795 0.7502321149461577
789 1783356093.119359 0.29724854274361256 0.31682039131491746 -0.006491743480370184 0.03167885916126678 0.006470184755489661 0.6608572873691824 0.7498147986819922
790 1783356093.143542 0.2973011703159293 0.3167852310741886 -0.006498397995638578 0.03261441218026628 0.005426344935842042 0.6602086042041075 0.7503542189084011
791 1783356093.175319 0.29737579578069756 0.3167691788738872 -0.006475821068747282 0.03458777172164196 0.0035253620685889997 0.6534921392369558 0.7561344336988788
792 1783356093.211355 0.29747882349138477 0.3165517570372106 -0.006554048102659273 0.03472678830280218 0.002717469742807288 0.6407471087738208 0.7669614124128795
793 1783356093.235372 0.297605851237002 0.31630681410438066 -0.0065157859171287875 0.03462207088394198 0.0021260319288234353 0.6288701668214964 0.7767361878256016
794 1783356093.267348 0.2977708165947733 0.3158413172459065 -0.006581789624902995 0.03501551340032005 0.0007086293689471113 0.6117508730080299 0.7902748136184292
795 1783356093.299315 0.29793857604655766 0.3157309980393496 -0.006591288058231004 0.03496014326219521 -0.00032877208850257134 0.5942905753047908 0.8034901321086036
796 1783356093.327376 0.2979758629078515 0.31575648168828563 -0.006615643323793805 0.03410832371847705 -0.00034534395291263564 0.5814368141044711 0.8128762108677512
797 1783356093.359409 0.29808472545616715 0.315727799000316 -0.006621147594773509 0.03331894549738024 0.000344181397112453 0.5639525768390803 0.8251346680916212
798 1783356093.383672 0.2982430301461281 0.31562734542512916 -0.006637247810828464 0.03217396543337103 0.0006951840428451872 0.5506306716865611 0.834128417011101
799 1783356093.415325 0.2985083235506921 0.31541922408992457 -0.006901791811684115 0.03148521982537955 0.0010090271450906574 0.5323451676674366 0.8459410648844854
800 1783356093.443666 0.29852503496708277 0.3151890189319638 -0.006991753660589159 0.03104082437283079 0.0010422874154711326 0.5181141628612638 0.8547473867183044
801 1783356093.475405 0.29851375973375777 0.3150227116519375 -0.007030051805746834 0.03029051023181345 0.0008711683131768233 0.4986967377736674 0.8662466679817986
802 1783356093.507368 0.2984165321357814 0.31523987367023054 -0.0070961975043922695 0.0292593090209462 0.0003826682909149892 0.47840806760925025 0.8776499685221774
803 1783356093.539371 0.2984318724917888 0.31531274830320233 -0.006829207678276146 0.02778550254921963 0.0009284905750585049 0.45814980428678953 0.8884401277437415
804 1783356093.567384 0.2983576713905144 0.31546847180056997 -0.006776034965652497 0.027014456345488602 0.0009371894401792868 0.4426798340661132 0.8962722272476759
805 1783356093.591696 0.2982241945759341 0.31561138061701627 -0.006784162590324902 0.026186940334104958 0.0008357456082690451 0.42703217961088047 0.9038567714311804
806 1783356093.623393 0.298184216584389 0.3154460279923714 -0.006751115270459593 0.024763521457576987 0.001510144762033705 0.40657246873308217 0.913281618744243
807 1783356093.655438 0.29813699849629083 0.31553826374308586 -0.006839445685257052 0.02361817200481703 0.0016996478125075598 0.385154834798383 0.9225481268637941
808 1783356093.683709 0.2982262729031714 0.3155343576776115 -0.00678059677997848 0.022418167236261 0.0018261699172967827 0.3689147889880886 0.9291910295235714
809 1783356093.715391 0.29795742173120715 0.31535222506728683 -0.006866690198829677 0.021442209956416658 0.0016902296260257188 0.34698502511204704 0.937624000921472
810 1783356093.747375 0.2981430871357268 0.31551443615122915 -0.006857343266499639 0.02011399778206807 0.001662223062785878 0.32529250578147806 0.9453980377545321
811 1783356093.783409 0.29816764863270895 0.31546262611884174 -0.006886853793252986 0.018919034685764724 0.0022705506162962186 0.30350990818727197 0.9526377330121937
812 1783356093.807427 0.29841143919184626 0.31559433742973503 -0.006930174192621475 0.01805951435241182 0.0025088967218799274 0.28685749624941437 0.9577997370140124
813 1783356093.839394 0.29838388040620045 0.315528520004011 -0.0069057416903109 0.016916157726172498 0.0024825159786829865 0.2641864221561421 0.964320079159682
814 1783356093.871366 0.29826547334449527 0.31538541677236087 -0.006871925255768575 0.015402403067431347 0.0025124887145230312 0.24179519949611195 0.9702018011119353
815 1783356093.899423 0.2982396260913669 0.3152044606034291 -0.006857867097631182 0.014313045391047885 0.0026225193230821897 0.22505848673745335 0.974236591732974
816 1783356093.931437 0.2983271363813749 0.31500781413445017 -0.00686926838723211 0.013156690653544356 0.002654362601868826 0.20254325838107043 0.9791813337347706
817 1783356093.963404 0.298392691260617 0.3149354542099678 -0.006834903433020885 0.01192864876866534 0.0029035350516171954 0.1797364988537267 0.9836381793131872
818 1783356093.987622 0.2982905890764689 0.3147033156184103 -0.006777409939787135 0.010685700244873364 0.002796691889819569 0.1630036014697563 0.9865636422616834
819 1783356094.023425 0.29814683483867127 0.3146361497226099 -0.006796236794216503 0.009675861605069225 0.0029161679889486425 0.14052630594464274 0.9900253688689056
820 1783356094.0554 0.29810631948434685 0.31453497870879643 -0.006844859162910794 0.008512390861919739 0.0032691954618214447 0.1177496017483122 0.9930014515855252
821 1783356094.079672 0.29812103804733225 0.3144205106082835 -0.006915408011143575 0.007852502100924474 0.0034103298406588656 0.10023356338844114 0.9949271031746941
822 1783356094.111434 0.29798695966054156 0.3144071601428442 -0.006870378930894864 0.006118891368913859 0.003430019431922282 0.07657040809337956 0.9970395010928732
823 1783356094.13969 0.2978016513872971 0.31430940126593915 -0.006831981458239088 0.004985987791128521 0.0030617065835296664 0.05886005431406638 0.9982490971118825
824 1783356094.17142 0.29763739041511844 0.314289341556528 -0.006759815134809248 0.0033493318882783507 0.0028664889313977093 0.034948627720052 0.9993793867383866
825 1783356094.20342 0.2977768487355693 0.3145281905135535 -0.006852268964413749 0.0014795170533269397 0.0029221655112012523 0.010805153574611231 0.9999362582856185
826 1783356094.227718 0.29752820060741536 0.3144378052771717 -0.0067853523407079485 1.333272306813793e-05 0.003158653987327842 -0.00617506008233254 0.9999759453907912
827 1783356094.263442 0.29719879771783414 0.31446079977537744 -0.006671905457249161 -0.0012405720088608518 0.003081515418976527 -0.02596606754985145 0.999657305570169
828 1783356094.28744 0.2969549753712409 0.3145492169573301 -0.006646080457954595 -0.001901735115089731 0.002875574554638466 -0.03803662707390679 0.9992703985785697
829 1783356094.319413 0.2967532615855601 0.3144584290530456 -0.006787144189826488 -0.002574264405532045 0.0026784721984166038 -0.05118869282109345 0.9986820898948376
830 1783356094.347473 0.2966526087875694 0.3144152683049524 -0.006725514570846755 -0.00297736663474657 0.002373916105004814 -0.05871773426859944 0.9982673627303513
831 1783356094.379478 0.2969858673576577 0.31445627459457726 -0.006723235161106514 -0.004053219816893439 0.0010550803106539886 -0.06454203878252784 0.9979061997224232
832 1783356094.411444 0.2974893783715718 0.3144182441874128 -0.00672735849286437 -0.0037867666418522905 0.002524334612055895 -0.06776480704769547 0.9976909436588846
833 1783356094.443411 0.29811973515264023 0.31447998573397123 -0.006791184519342403 -0.0037542776522547783 0.002341769679998884 -0.06928074748624591 0.9975873894260205
834 1783356094.471469 0.2987163421243346 0.31454039301482445 -0.006885112197515104 -0.003932768790170571 0.0023881832410700965 -0.06933488386761721 0.9975828305406597
835 1783356094.503476 0.2995670158810991 0.31451025109186204 -0.006950942326319964 -0.003768668563528643 0.0023948642917614726 -0.06702939558550244 0.9977410094256548
836 1783356094.527545 0.30037490803740047 0.31452428180757 -0.007039585967322778 -0.0037711979879598845 0.0021023953863731903 -0.06377175078935726 0.9979551702359356
837 1783356094.559431 0.3017844325474216 0.3145925324564981 -0.007106906528534803 -0.0030721312816746615 0.0030796675589359335 -0.058040596256930505 0.9983047464793777
838 1783356094.587601 0.30260231028218226 0.3146377131569648 -0.007004704580735154 -0.0028145253390365887 0.0028193853494467014 -0.05332903618559737 0.9985690478944771
839 1783356094.619495 0.30384785023977356 0.314895169239563 -0.006825692115632193 -0.002691536532952399 0.0033102701596651185 -0.0486889391073938 0.9988048783176614
840 1783356094.651475 0.3049741080572388 0.3148930389624518 -0.006785720238441591 -0.0025387340438536854 0.003131704168263527 -0.04560798938356442 0.9989512793739472
841 1783356094.68348 0.3056733952667464 0.314889043684896 -0.006964403151442947 -0.0023030185102374534 0.003506490141217067 -0.04435113408064284 0.9990071959392444
842 1783356094.711484 0.30636332367754693 0.3149780898603194 -0.007154264113993515 -0.0023322470183588795 0.003920483215491849 -0.04457316090551525 0.9989957075794138
843 1783356094.743461 0.3072068498948031 0.31512096169898607 -0.00708322694974254 -0.002515998382226381 0.0034722193350794905 -0.04520002130939468 0.9989687540251998
844 1783356094.767614 0.3077365847155611 0.3150889090103062 -0.006877817106121014 -0.0028733629915336234 0.003360657124146099 -0.04547399560670931 0.9989557375041069
845 1783356094.799478 0.3086495767939863 0.31527003572076157 -0.0069559559867106565 -0.0030343238772800873 0.0031007018928306262 -0.04640135230194581 0.9989134562267796
846 1783356094.827551 0.30906059003967723 0.31533012527326515 -0.006953160966147233 -0.0031417482842640565 0.002825056327507236 -0.047348845752788804 0.9988694786008546
847 1783356094.859472 0.3096668429012418 0.31545467763164564 -0.0069868533375920935 -0.003225016788616475 0.0026094235158506673 -0.04860128896898899 0.9988096439693506
848 1783356094.891453 0.310127834173189 0.3154695089689514 -0.007197900522301281 -0.0027877982626910436 0.003945228653341709 -0.04695547284973231 0.9988853021849794
849 1783356094.919501 0.31013092296977124 0.31569749691496696 -0.007344340978226215 -0.001530329565735622 0.007127812818697843 -0.04073239822061753 0.9991434952553309
850 1783356094.943516 0.31019537097362443 0.31630027454606247 -0.0073581099743938805 -0.0016035111548445835 0.007942269291370013 -0.033473195055886557 0.9994067712014115
851 1783356094.975492 0.3107880175354738 0.31639426297668777 -0.007594220712580015 -0.0011836456596220346 0.007117197884295712 -0.023674607037827033 0.9996936818140009
852 1783356094.999713 0.31111391139730243 0.3165281732476325 -0.007680012402356748 -0.0008916522292745643 0.007116944494423072 -0.01899455027998459 0.9997938593115216
853 1783356095.035528 0.3110268444088894 0.31656540466685273 -0.007804830969772915 -0.00040733516073804266 0.009088406649801761 -0.01981592704118834 0.9997622537274213
854 1783356095.059526 0.3109199776170871 0.3165256810187902 -0.007824026437012004 -0.0003030990192124383 0.00914638212887825 -0.01965394677460458 0.9997649594785357
855 1783356095.091504 0.31052615531875416 0.3165611754344636 -0.007955178927912691 -0.0004165294763226468 0.008426161033809665 -0.019840069226606583 0.9997675719718616
856 1783356095.115721 0.3108489325792146 0.3164585767841347 -0.00774074375541447 -0.0004895486348823752 0.008466135876074948 -0.019640132452167308 0.9997711488549383
857 1783356095.151517 0.31074824574624194 0.31633561681508493 -0.007625666836653423 -0.0006182796364873067 0.008169993424217398 -0.019395678342509298 0.9997783137272849
858 1783356095.175542 0.3104256630235133 0.31632377975450854 -0.007614197816708034 -0.0007958877305327405 0.00794614125968554 -0.019372089324234537 0.9997804496773357
859 1783356095.207513 0.31039725992638856 0.3162566727349473 -0.007637953204953262 -0.0009397641724419037 0.007616487563744667 -0.01965713112090539 0.9997773267866136
860 1783356095.231774 0.310767502431178 0.31606150768149655 -0.007516042467326731 -0.0006983067733806192 0.0075132518636230605 -0.01997540110990026 0.9997719973896964
861 1783356095.267527 0.3107069246991956 0.31615116638741697 -0.007498238877898833 -0.001185372344595148 0.0069168650043831825 -0.020992118330317416 0.9997550114097562
862 1783356095.291551 0.3105497825855226 0.31607666575800053 -0.007572869107877918 -0.0010044372994107986 0.006394522996099827 -0.021248744455171165 0.9997532655812847
863 1783356095.323551 0.3104401337498431 0.315916616849327 -0.007689151614095778 -0.0009580865859463161 0.00553056188236023 -0.021477566991893682 0.9997535741728901
864 1783356095.347728 0.3103448069564008 0.31592935694049995 -0.007755963534935371 -0.0012231788560952417 0.004590673953891872 -0.02176179306960349 0.9997518961765117
865 1783356095.383551 0.3102109393020071 0.3159147331821932 -0.007725550553581631 -0.001061268322687714 0.0033231387869797346 -0.02227695621218337 0.99974575151889
866 1783356095.4077 0.31028559459613186 0.31583054557740065 -0.007609851050007764 -0.0009543333652005104 0.0022887781991500766 -0.02236745931520423 0.9997467416830954
867 1783356095.439537 0.31056478492999157 0.3157068693843003 -0.007480744164156989 -0.0013722284379753535 0.0016190439905183762 -0.02245102662890419 0.9997456912080087
868 1783356095.471501 0.3106558369745469 0.31561622785622157 -0.007366922989011153 -0.0011957099298186002 0.0027294112483046418 -0.02431160268130192 0.9996999882800179
869 1783356095.499567 0.31070610140457733 0.3155838281362656 -0.007386759710641685 -0.0011905377810769169 0.004365375194476412 -0.028194200200841707 0.9995922234562643
870 1783356095.523584 0.31056277253568015 0.3155627411906136 -0.007430553348529312 -0.0015391155106977417 0.005827397274736107 -0.032570808251378675 0.9994512569476809
871 1783356095.555551 0.31028014786705177 0.31550813939179634 -0.007325072479571667 -0.0019742168300403984 0.006841470728924659 -0.03804553805895877 0.9992506361168741
872 1783356095.587515 0.30997464988492807 0.31544983827436945 -0.0073859824908586265 -0.002335803533433989 0.0073453056965152586 -0.0428080588399265 0.9990535824491273
873 1783356095.615587 0.30964472741397525 0.3155947394186141 -0.007433105350864555 -0.001982530014974837 0.01192498322233454 -0.046504092645374306 0.9988449497880626
874 1783356095.63981 0.30921811686331 0.3153753912773226 -0.007334675901296147 -0.001315018564328918 0.0186379056289655 -0.048134104671254285 0.9986661139577322
875 1783356095.67156 0.3087625172176708 0.31537511378086464 -0.007359663426422942 -0.0013721636253135605 0.016938684249616698 -0.049743082081874945 0.9986174562503266
876 1783356095.703528 0.30790759168575943 0.3152398193156293 -0.007277740785055762 -0.0018864852639914886 0.017532799588329873 -0.04963833635362791 0.9986115749759705
877 1783356095.731591 0.3071715379682472 0.31500536769591914 -0.007117708887401489 -0.0011202950648813714 0.01834190182548187 -0.04930401016914773 0.9986147576306055
878 1783356095.755831 0.30645636417535327 0.3150335788241108 -0.007270021274277692 -0.0012404886948474414 0.01668500180435331 -0.04930902731398493 0.9986434257170751
879 1783356095.787579 0.3056455812242106 0.31506464317541366 -0.007291999993246655 -0.0013235099024127006 0.01670359122235568 -0.04823761607068902 0.9986953343025247
880 1783356095.819535 0.3049229848705536 0.31513997372791724 -0.006981921074831502 -0.0011594202636538986 0.01792717158870863 -0.04688693038611344 0.9987386485074304
881 1783356095.847589 0.30450025326898533 0.31532725229238034 -0.006921673639476196 -0.0009245391291426985 0.018109491964945046 -0.045942333930308554 0.9987795019328373
882 1783356095.871883 0.3039550677004974 0.3154484228247107 -0.006940836802874737 -0.0011018856502634788 0.017930494792050333 -0.04509656969417419 0.998821096396319
883 1783356095.903582 0.3033049731119375 0.31532442743563716 -0.007009446582637034 -0.0008877656321133465 0.017943219546438405 -0.04377419046118347 0.998879909195274
884 1783356095.935584 0.3025507060361739 0.3154380119483183 -0.006890354080944573 -0.0007828478237198455 0.018162956372404226 -0.042884726152537245 0.9989146081762551
885 1783356095.963612 0.3020121446355249 0.31552636433407877 -0.006881428997540414 -0.0008369347491182233 0.017658873569651484 -0.04255231330550621 0.99893781806318
886 1783356095.987841 0.3015577041884788 0.3156950575574549 -0.006792341960379817 -0.0009000089435056147 0.016289757895166845 -0.0423969237748536 0.9989676344236822
887 1783356096.019597 0.30095985286281407 0.3158361493946865 -0.006705285693580334 -0.0011118416917167417 0.012151869871043774 -0.04218336537754336 0.999035364515248
888 1783356096.0516 0.30042244081102004 0.3155809043145726 -0.0066757615144578415 -0.0011598138987932716 0.00629513533894821 -0.041242432709627186 0.9991286643105463
889 1783356096.079612 0.2999950295943471 0.31551710765945046 -0.006701681578321933 -0.001579466837235588 0.002359457857885161 -0.04037576308503976 0.9991805322355054
890 1783356096.103801 0.2996084060579606 0.31541531803381995 -0.0065218535492988375 -0.0021123053423700577 0.0021440789652889813 -0.03834475433753712 0.9992600366803052
891 1783356096.13562 0.2992406926869478 0.31542074429165146 -0.006602902498722219 -0.001098739721360098 0.003470422011021018 -0.035185809455894806 0.9993741580384315
892 1783356096.167596 0.29897002394664146 0.3154033589054225 -0.006594151541427097 -0.00045085095313390777 0.004012732387789736 -0.03261079569350675 0.9994599695417713
893 1783356096.195622 0.29872759193352577 0.315376728731221 -0.006630640950135753 -0.0005145079372509409 0.00436232039366502 -0.030814154964747043 0.9995154792679172
894 1783356096.219897 0.29856981774845853 0.315385110106856 -0.00660695610616786 -0.0005113758657128709 0.0037938128536244564 -0.02944292210271815 0.9995591327264279
895 1783356096.251619 0.29848465796844087 0.31541189368143935 -0.006679493089697342 -0.001978264463443291 0.0007531820383646637 -0.031094370921330217 0.9995142116466061
896 1783356096.283633 0.29846045657776454 0.3154347414941401 -0.006735480035602264 -0.0008723543499732367 0.0030362194747603766 -0.03312813170271686 0.9994461202381432
897 1783356096.31165 0.29859252108953366 0.3154049489596753 -0.0067311713528911766 -0.00010266318871976488 0.005721577103473596 -0.03396915182927607 0.9994064987479911
898 1783356096.335694 0.2986540057396681 0.3153967639964729 -0.00675137564296069 -6.024139126020733e-05 0.008197421794050336 -0.03460120315838014 0.9993675777144753
899 1783356096.367644 0.298806295323784 0.31541270155519935 -0.006817874649153183 -0.0005512678033257612 0.01129690627152366 -0.03581863209415273 0.999294301798727
900 1783356096.39969 0.2988951450047065 0.3154578552119728 -0.006720080798237848 -0.00015747958505946125 0.01481526982324427 -0.03703248333659076 0.999204222448129
901 1783356096.427655 0.29899763811711755 0.3154541925641916 -0.0067670117145444105 1.4523816533329459e-06 0.017351058585825446 -0.03774022202273328 0.9991369357628197
902 1783356096.459628 0.2991415847560965 0.31543560944037574 -0.006668120795357886 -0.00030615526875732435 0.019007290380125663 -0.03796707056307069 0.9990981587082501
903 1783356096.483684 0.29910300895932984 0.31541424191416384 -0.006611649420707455 -0.00031561041567007564 0.018247008043217133 -0.038162992999553974 0.9991048658938921
904 1783356096.519651 0.29911360029425405 0.31539310060891473 -0.006765174164767982 -4.241436419166744e-05 0.017758730456517352 -0.03815309524648522 0.9991140910910561
905 1783356096.543661 0.29912650821119524 0.315439227700797 -0.0067866126082927625 3.5158146987623873e-06 0.017569001620459657 -0.037342263287189315 0.9991480798872054
906 1783356096.575627 0.2995539266789206 0.3152899402364287 -0.006700881879167797 8.722248624304374e-05 0.016536565714994345 -0.02851042040197127 0.9994566975687812
907 1783356096.599758 0.29966068489675035 0.31513757443515933 -0.006824877760994729 0.0008324596261986006 0.01710506106204976 -0.01605092032132996 0.9997245079790096
908 1783356096.63567 0.2996165745633204 0.31500563397567194 -0.006796909134979533 0.0017809466108187344 0.018074971471719825 0.0050156305739159635 0.9998224677838621
909 1783356096.659668 0.299165013465324 0.3150649880413594 -0.006859453468113141 0.00243401939112442 0.01786309584683632 0.021580281608294283 0.9996045602147267
910 1783356096.691645 0.2987435342409041 0.3149308761903047 -0.006952318650990748 0.003149020679282799 0.017961788355278868 0.04373050072660542 0.9988769199125798
911 1783356096.715675 0.29862475335055827 0.31490258685354766 -0.00699742226445056 0.004112607882342356 0.017962384183936697 0.060678241850602 0.997987269546438
912 1783356096.751683 0.298476636702081 0.31478933578811946 -0.006902169716740491 0.005038027237813658 0.017673082859744393 0.0836676948289668 0.9963242430382744
913 1783356096.775672 0.29849727859086306 0.3148369049944309 -0.006888291406488119 0.005736925288521044 0.017668392470830963 0.10069663415505536 0.9947437375855017
914 1783356096.799849 0.29860449689441043 0.31487242913615177 -0.006930059985646841 0.006350521034065859 0.017575463060685248 0.11750709798108783 0.9928961959363434
915 1783356096.831677 0.29857376592585744 0.3147752718162029 -0.006916726241828405 0.007140231840462752 0.017226315879146498 0.13991164278613608 0.9899883854588301
916 1783356096.867675 0.2986332619105562 0.3148986138299339 -0.006954022377581 0.008065434886346867 0.016750751439851136 0.16223366117018648 0.9865772145501899
917 1783356096.891687 0.29865410548873655 0.3150123392049575 -0.006958754009230886 0.008707859829556297 0.01615986704788072 0.17914901627175747 0.9836506808024104
918 1783356096.915761 0.298627968620233 0.31501592752253077 -0.007003834822409071 0.009805639023097279 0.015878413258779006 0.19612625695183047 0.9804010489436438
919 1783356096.947709 0.2986465722162035 0.3150589797412987 -0.007007718740642937 0.010733736464745514 0.015524301388243428 0.21829845209719298 0.9756995279182428
920 1783356096.971997 0.2985784584380774 0.3151559987592143 -0.006976807948838211 0.011458247866673599 0.0149607424843759 0.2345158509257932 0.9719296272903164
921 1783356096.999828 0.298524152563491 0.3153694534461591 -0.006975956747295994 0.012062815669787397 0.014531085098561741 0.2505910450996588 0.967908809836875
922 1783356097.031685 0.2983165690871933 0.3153691720282241 -0.0069257242166138756 0.013102889065774725 0.014010431272992702 0.2730176761714207 0.9618177429282702
923 1783356097.063649 0.2982491155905239 0.31544726229544057 -0.006912339191590622 0.014053882432898512 0.013390162177860598 0.2953210339647262 0.9552008578531627
924 1783356097.091713 0.2983012925558612 0.31544709748770394 -0.006808797836338137 0.015115726905488569 0.013574688548970038 0.31185428741207355 0.9499127044384789
925 1783356097.11601 0.29826979284831223 0.3154636242926807 -0.0067853789966388954 0.01587660651193723 0.0134688926813194 0.3281200261385885 0.9444065706793957
926 1783356097.147695 0.2982330951439245 0.3155027543340319 -0.006832178122663436 0.01718155253275766 0.01289623006517332 0.34986354998822655 0.9365543112347015
927 1783356097.179673 0.2985428961846638 0.31572058062019964 -0.006923101474073086 0.018426782683173104 0.01206950140424956 0.3719439763663077 0.9279937819083809
928 1783356097.207709 0.29837869760828395 0.31563403467609497 -0.006824705536779256 0.01932313053926582 0.011975011935656338 0.38805474954900054 0.9213559176929218
929 1783356097.232189 0.29834725816270175 0.31557484039780664 -0.006777636384980384 0.02027575054998615 0.012077110898518068 0.40404977556914023 0.9144325104645543
930 1783356097.263711 0.298080288627363 0.31542832102793855 -0.006770590872951335 0.021076374030333744 0.011752406707073476 0.42502913115328567 0.9048579474510949
931 1783356097.29567 0.2980978576940687 0.31528597388685076 -0.006829086625526719 0.02201258696388464 0.010736969913793026 0.44632271277413804 0.8945368631611343
932 1783356097.323732 0.29835989226735377 0.3155055339755556 -0.00678819500346158 0.023260237508579196 0.010489032486746042 0.46243317888929225 0.8862869155137519
933 1783356097.347935 0.29833525300916863 0.3154944619876973 -0.0068506155569415216 0.023826914613799044 0.009831385626393074 0.4781355167137057 0.8779077683068817
934 1783356097.379726 0.29837801720259566 0.31550990682164404 -0.006817358253104195 0.024829724004472142 0.009777880285889107 0.49879459501254764 0.8663093153425313
935 1783356097.41168 0.2983720586747878 0.31539309153977224 -0.00684428730682244 0.02552743150960879 0.009113417181524586 0.5193243081924661 0.8541472699647377
936 1783356097.439758 0.2983500030964376 0.3154577723464099 -0.0068464124240717045 0.02655829875123983 0.008595321403275347 0.5344796384962439 0.844720245554905
937 1783356097.471737 0.29841120369674656 0.31571146980215875 -0.006865568800756 0.027645819480874523 0.007880166390291321 0.5546947193901967 0.8315572018349208
938 1783356097.495755 0.29836073038235567 0.31602496074557274 -0.006830622114618632 0.028339397095201724 0.00778521411350841 0.5694789126634364 0.8214803935853597
939 1783356097.527703 0.2982783642786873 0.31617649682801163 -0.006754243379957645 0.02907961063441622 0.007684645986683503 0.5889972363464551 0.8075751222255725
940 1783356097.555772 0.29812825205379234 0.3162599999087511 -0.006762763261353687 0.029782228825458223 0.007210529939834731 0.6032952584112742 0.7969290170916409
941 1783356097.579801 0.29782234433343124 0.3162679624815515 -0.00672500653046296 0.030510941151985826 0.0066521196169027075 0.6173398934519483 0.7860765151862507
942 1783356097.611762 0.297758835257111 0.31631131839816296 -0.006734901297498793 0.0315383752503281 0.006161783416310684 0.6363725430115305 0.7707122354113355
943 1783356097.643713 0.2976368319080782 0.31656164873382364 -0.0066331447552880705 0.032195765530090625 0.0060035114826701985 0.6548743642380608 0.7550277859758572
944 1783356097.671784 0.29740586762862103 0.31668910025778774 -0.006609436560065015 0.03278736098785362 0.00557940081755115 0.6683639741487818 0.7430904772004658
945 1783356097.703778 0.2972159064237561 0.31672926215357805 -0.00661939796014384 0.033764915209288704 0.00486938825064176 0.6861770257756105 0.7266342331990088
946 1783356097.727785 0.2969967943148138 0.31668834532890267 -0.006595308607372143 0.03465284172310379 0.004225867073709422 0.6992367321600148 0.7140373344624025
947 1783356097.759723 0.29690421870150185 0.3166349892893768 -0.006451736976151437 0.03551465760003503 0.003838113444120661 0.7164640087947179 0.69670890771006
948 1783356097.787811 0.29679868231338397 0.31662168276734315 -0.006461005504320879 0.03634956975066406 0.0034336643432535396 0.7290675854415886 0.6834671715499521
949 1783356097.8198 0.29660931868266666 0.3166673174240294 -0.006494888145697909 0.03703758490173481 0.00287669240234667 0.7451488397468136 0.6658627100006778
950 1783356097.84391 0.29660937686329514 0.3167313171890011 -0.006511051316674333 0.037999064116689296 0.0021779956445537874 0.7571134167631205 0.6521737510959036
951 1783356097.875735 0.29651772406192906 0.31666373316674895 -0.006492229768372115 0.03928670073527063 0.0013687444450085628 0.7727751283492699 0.6334613505879827
952 1783356097.903814 0.2962769447749186 0.31681446087848075 -0.0064880921314299025 0.04014538955039093 0.0007970161730862513 0.7841614362730527 0.6192564527925813
953 1783356097.935806 0.29588750136892017 0.3170196686371217 -0.006491472814244389 0.04121570710313449 7.596568758216904e-05 0.7987283348422627 0.6002785243845639
954 1783356097.960024 0.2959035638417372 0.3172724765705164 -0.00647252784308219 0.04233646190365803 -0.0006811260061230229 0.8095724951688764 0.5854908497379643
955 1783356097.991753 0.2957242543196852 0.3174577217605299 -0.006565210228527154 0.044139259776217576 -0.0017290934763963817 0.8235994532751244 0.5654490927988776
956 1783356098.019797 0.2956024705011696 0.31758720622418934 -0.006535577289636971 0.04533837823978093 -0.002519271498589215 0.8337868113073128 0.550215992151888
957 1783356098.051805 0.29548212894085674 0.317704466167459 -0.006593744588256624 0.04714672476763729 -0.00332182427965122 0.8466940846199217 0.5299766776913611
958 1783356098.075987 0.2954071411931971 0.31782491793533585 -0.00655038684790386 0.048781322442420644 -0.004110532801018585 0.8561106785184042 0.5144686503836925
959 1783356098.107756 0.2953762643614338 0.3179614668685302 -0.00661244482932824 0.051244622374610804 -0.005169111784564029 0.8683300772836609 0.4933053272017178
960 1783356098.135826 0.29551889991836033 0.31793658919681117 -0.00659563041735646 0.05166278749151687 -0.005262982661418447 0.8770955581978941 0.4775004075303355
961 1783356098.167821 0.2955759016527739 0.31787556925086274 -0.006604268205575898 0.05224079973581486 -0.005204656970127286 0.8880962028353007 0.45664969604534533
962 1783356098.191882 0.295613922223342 0.3178712914565725 -0.006599587781807175 0.05272360674043172 -0.005533717685019424 0.896049824657086 0.44077694017821334
963 1783356098.223804 0.2955532316873882 0.3179192329636606 -0.006584314890911916 0.05271957810417993 -0.005528268664704461 0.9062222433407728 0.4194655289824245
964 1783356098.251828 0.295520378009257 0.31790944877942456 -0.0065739918403300845 0.05329836335879923 -0.005791750442785459 0.9136633182060298 0.40292068829340283
965 1783356098.283811 0.29550900712075406 0.31787651813633994 -0.006602791283361669 0.053767127315016316 -0.005918698590264948 0.9231618036950214 0.3805868484667373
966 1783356098.307803 0.2953302978258328 0.31800314510389904 -0.006552935943489314 0.05419711601744839 -0.006003390997394942 0.9298794231276792 0.36380061895997107
967 1783356098.339805 0.29512467802307435 0.31812367440449973 -0.00651213525319797 0.054998036289074154 -0.006146633766050902 0.938267160632509 0.34145595642234916
968 1783356098.367837 0.2950280380681697 0.3181680394134535 -0.006494199362238683 0.05542257427329822 -0.006298406714732918 0.9441988796555304 0.32461845910394227
969 1783356098.392121 0.294968806741234 0.31820278012437614 -0.0064975396488230015 0.05610847808627578 -0.006195288237763552 0.9499250704612718 0.3073366518976233
970 1783356098.42381 0.29479503469252877 0.31831890615100994 -0.006426087130502614 0.05622618055441497 -0.006437296590506181 0.9571555785015667 0.28399009908128714
971 1783356098.455821 0.29460378151562955 0.31849883882083474 -0.006413784456981913 0.05699627106559291 -0.00653576198696848 0.963717489305334 0.2606862284565309
972 1783356098.483849 0.29457782788309794 0.3185017336454441 -0.006412257120078925 0.05727813211196081 -0.006806997508648938 0.9682540373256296 0.24322211981910774
973 1783356098.507862 0.2944024884219295 0.31862929422460573 -0.006378873940360712 0.057478155402770015 -0.00684413124412242 0.9725382529456467 0.2254301800479207
974 1783356098.53982 0.2943653153844342 0.31860503365874293 -0.006365592598205807 0.058146651854504405 -0.007198628937747253 0.9776942701946698 0.20169546511520714
975 1783356098.564184 0.2943317632763276 0.31866500438425355 -0.006379741218754166 0.05873659286258695 -0.007170864148480116 0.9811750810642844 0.18383158505750205
976 1783356098.592123 0.29434432390504917 0.3186293770745726 -0.006365719902286516 0.05897882536558652 -0.0072077548926169355 0.9842657551796709 0.166404536021395
977 1783356098.623868 0.29430747096104815 0.31870340295913524 -0.006371154214962415 0.0590963034827825 -0.007232961845167307 0.9879802875041067 0.14265434687004713
978 1783356098.655822 0.29411760533195214 0.3188342352021183 -0.00631686341120752 0.05909864033582843 -0.00686642714968877 0.991135467669559 0.11878841532783843
979 1783356098.679893 0.2939343723967443 0.31887638718443406 -0.006321269468345444 0.0593998752045824 -0.006773259306929458 0.9930206947519131 0.10166453451656204
980 1783356098.707868 0.29407188831564596 0.31882883190047395 -0.00634595631476787 0.05960709972589634 -0.007014703545329848 0.9943892526451927 0.0871079894164325
981 1783356098.739871 0.29378505086259704 0.3190453877662544 -0.006368918908525301 0.05921751462063907 -0.0065965987843552565 0.9956420839909703 0.07173988732044623
982 1783356098.764181 0.2937444745376759 0.31905802926650667 -0.006351595633967794 0.05903635032492355 -0.006908005593564859 0.9963003571637374 0.06206921229113033
983 1783356098.795857 0.293529026867317 0.3190751081593086 -0.006358546499799211 0.06003562008638358 -0.0071081820868044154 0.9967855742529972 0.052571066466134464
984 1783356098.823875 0.2936076050852859 0.3191749793955299 -0.006403492432485174 0.0612170627494667 -0.007479790910176531 0.9968877579812454 0.04910521299611803
985 1783356098.84815 0.29333781446212537 0.319224769579213 -0.00645431486897589 0.06115151578935102 -0.007460465752804346 0.9969495753707318 0.047920535634880246
986 1783356098.879874 0.29288730272893826 0.319638890682246 -0.0065506607521941046 0.061871515651388764 -0.007706743746143996 0.9969573901020372 0.04678123526336009
987 1783356098.903914 0.29219382953668477 0.31968505795481295 -0.006429189805138933 0.06139597121945861 -0.007851958409774817 0.9970072292299891 0.0463191788602802
988 1783356098.931881 0.29195605829865795 0.31972349042772585 -0.006414933651414748 0.061466833191534176 -0.007932417660588387 0.9970094372472549 0.04616370010488846
989 1783356098.96389 0.2916404645678405 0.3197374089570304 -0.006319773576398665 0.061257896242031484 -0.007902110916322758 0.9970041517845137 0.04655908198739661
990 1783356098.995863 0.29119563012068594 0.3197673592446093 -0.0062524263850611645 0.06109406690722474 -0.007899293315494549 0.9969479940507545 0.04795636883697679
991 1783356099.019858 0.2906916048289504 0.3198357381000548 -0.006234454931089293 0.061045693246438826 -0.008057861131012145 0.996840313488052 0.0501785174661159
992 1783356099.048005 0.29022448499273257 0.31999001857488435 -0.006230128830504049 0.060791574687390465 -0.008018867292679033 0.9966724820237172 0.05370331266367931
993 1783356099.07986 0.2895791381438977 0.32016820440342897 -0.006135638723853493 0.060341676717932585 -0.008023693881549387 0.9963415049264763 0.05998423082951157
994 1783356099.104093 0.28896228673392355 0.3203822376245362 -0.006142620650304485 0.05987185727525243 -0.007636689078329206 0.9960781713267595 0.06469403598996912
995 1783356099.13589 0.287892382587413 0.32061787873761327 -0.006052284600316368 0.05923040731209417 -0.007370003763998767 0.9957842734143825 0.06965000154165651
996 1783356099.163914 0.287139949962663 0.32080898287751286 -0.0059673127015305956 0.058592069161090776 -0.007079968817631288 0.9956861965552146 0.07159498210331483
997 1783356099.195917 0.2862288158031366 0.3211440679695259 -0.005873899197973896 0.05765228618160695 -0.006802246794731737 0.9957260902945468 0.07182963485438015
998 1783356099.219895 0.2854481957903854 0.32145899929956284 -0.0057444576077784505 0.05698815363113202 -0.006839429490398563 0.9958603342273584 0.07048238973342374
999 1783356099.251899 0.28448127996142447 0.3217575192675549 -0.005641867326179424 0.056069845362741566 -0.006841494778822288 0.9960964758006738 0.06783197835584204
1000 1783356099.27993 0.28364080900835115 0.32190846152227953 -0.005620685645391644 0.0557182710956082 -0.006535450755368932 0.9962512620492239 0.06584971537424464
1001 1783356099.311906 0.2826993205493121 0.3221556546189314 -0.0054924220379220815 0.055285114108708344 -0.006748510147703279 0.9964070849843257 0.06380387732584941
1002 1783356099.335899 0.2819248145924644 0.3222705270489457 -0.005379768086041597 0.05506532761883398 -0.007030428348522244 0.9964649935969314 0.06305473263232775
1003 1783356099.367913 0.2810490654492823 0.3225192444697477 -0.005310103324219587 0.05489116590901841 -0.007234944394706566 0.9965121769446805 0.06243473941426822
1004 1783356099.395937 0.28030470578948297 0.32271260818467157 -0.00526943649762324 0.055283104174022324 -0.007138338073157613 0.9965099287545816 0.062135210758285486
1005 1783356099.420282 0.2796205408681182 0.32295045158454644 -0.005152083377836507 0.055257191064697175 -0.007176232176982267 0.9965358299583654 0.06173721840651425
1006 1783356099.451909 0.27876402245945986 0.32321030417603225 -0.005023955195592728 0.05561745503674753 -0.007132117706683483 0.9965453715339079 0.0612629910027187
1007 1783356099.483931 0.27779845673957004 0.3234131027302408 -0.004870550560350089 0.05640473116488132 -0.006957935072204546 0.9965223973237801 0.06093607366588755
1008 1783356099.511934 0.27715239832808486 0.3236064225987637 -0.004805352720954137 0.05724795905218388 -0.00683136102489057 0.9964948615114894 0.06061348589303489
1009 1783356099.535951 0.2764233559602786 0.323824927342921 -0.00469972046827106 0.057869048792982186 -0.0068536342852072996 0.9964765194672747 0.06032202781129384
1010 1783356099.567914 0.2753657194968267 0.32405781061652666 -0.004632749812907248 0.057806053253573714 -0.0069515347845002795 0.9964723487494694 0.06044000785159473
1011 1783356099.592113 0.27451951160423815 0.3241846459575947 -0.004536752224395102 0.05791846450312732 -0.00704597927138112 0.9964488759846839 0.06070785117732114
1012 1783356099.620245 0.27379108729503376 0.3243748023123911 -0.004444973442715782 0.057744039822057835 -0.007026943629202198 0.9964590673623054 0.06070893673673938
1013 1783356099.651956 0.2727952901126698 0.3246168844845056 -0.004328679102811475 0.05750642500339356 -0.006939010175401328 0.996490490139475 0.06042817457696201
1014 1783356099.683923 0.27173120604712186 0.3248285781271512 -0.004223765662287833 0.057602176683586054 -0.007003148305228746 0.9965265602646046 0.05973072779000324
1015 1783356099.707916 0.2709291088825219 0.3249908952962256 -0.004135094773721648 0.05720234166532173 -0.007070718486811289 0.9965914020467947 0.059020965889146515
1016 1783356099.736082 0.27034196708714986 0.3252570568512705 -0.004030994051998119 0.05719105643403857 -0.007178779016774994 0.9966399795055725 0.05819277830555211
1017 1783356099.767962 0.26928134177889107 0.32542054046125063 -0.003932406305500133 0.05741434131045148 -0.007496924245316117 0.9966554534390261 0.05766538536241994
1018 1783356099.792266 0.26854894191890644 0.32566453494752007 -0.0038387227954482447 0.05720736205290011 -0.007654259129521057 0.9966824870247142 0.05738248950993141
1019 1783356099.823921 0.2674876852826333 0.32585715602347193 -0.0037487148814148827 0.05731110543477225 -0.007976001445362757 0.9966662960361496 0.05751621458658862
1020 1783356099.85199 0.26659521769376093 0.32602149717163376 -0.003702927322324619 0.05739581874231739 -0.008033469350304356 0.9966507132639946 0.05769349280003608
1021 1783356099.883978 0.2654156679647811 0.3262336629695339 -0.0036317578367358557 0.057034933606386784 -0.007864510041704631 0.9966673510291101 0.05778717178523196
1022 1783356099.908222 0.2645390032173023 0.32637973162096356 -0.003574625389461924 0.057233117917184106 -0.0076020388672711214 0.9966646741349758 0.057672407180216934
1023 1783356099.939932 0.26348531417379456 0.32660734948904696 -0.0034816936172581006 0.05704043785949464 -0.007586687468955466 0.9966953797361242 0.05733367801483402
1024 1783356099.967982 0.26253743926819323 0.3267097024409005 -0.003406873079336937 0.0567817599591143 -0.007237746815126289 0.9967169841701806 0.05725993558925738
1025 1783356099.999959 0.26146503990581293 0.32698485117558107 -0.00335326020481509 0.056507511699070895 -0.007023439685161725 0.9967576146992313 0.05684918605985098
1026 1783356100.023971 0.260299481690654 0.32697107441407197 -0.003290496234345926 0.05622371077321803 -0.006987800305458702 0.9967707313265355 0.05690495729322914
1027 1783356100.055977 0.25894400898364756 0.32701133641504 -0.003209176589415791 0.05604358856837982 -0.007292233574575757 0.9968005987088531 0.05651996039934776
1028 1783356100.083996 0.25800160885595635 0.3271256837569013 -0.0032073792739990203 0.056118086150776125 -0.006908032264597019 0.996827916844523 0.05601021064425604
1029 1783356100.115956 0.2565373016468102 0.32716896106903287 -0.003179086628839125 0.05592407002268135 -0.007167460062835307 0.9968465322507485 0.05584010250709809
1030 1783356100.13997 0.25528520469241256 0.3270794728916464 -0.003117445515544362 0.056046021018448244 -0.007805225661861814 0.996815537720955 0.05618456850818132
1031 1783356100.171988 0.2538594974474823 0.3270502741429298 -0.0029756171415952428 0.0562865504572293 -0.008272677977281595 0.9967795116886121 0.05651541483986372
1032 1783356100.200003 0.25265255828372385 0.32709424300234663 -0.0028761665225122677 0.056674306646777334 -0.008710657825490964 0.9967361571278321 0.056825878615258424
1033 1783356100.224303 0.25151199197205254 0.32712488661969263 -0.0028352620810122384 0.0572615588235007 -0.009320864544431706 0.9966748109371356 0.05721500335289903
1034 1783356100.255978 0.2501408620954849 0.327165188345767 -0.0027518358906719297 0.05817697479653755 -0.009915766117692848 0.9965714900136607 0.05798605416627811
1035 1783356100.291998 0.24880870755729656 0.32730169076129795 -0.0026757929033457643 0.058250450204342025 -0.01008887326781599 0.9965158142297486 0.05883308318623945
1036 1783356100.315997 0.24778718310076353 0.3273860343432554 -0.0026135191570523294 0.058483236319785664 -0.010308853364451087 0.9964753035540053 0.059248696347073
1037 1783356100.340017 0.24685623215499874 0.32750945524852976 -0.0025269839077201985 0.058406735474111876 -0.010413932608155041 0.9964615653576553 0.05953614048509662
1038 1783356100.371984 0.24565687033019679 0.3276859613729676 -0.002411880298947776 0.058662602454247786 -0.010405376915153308 0.9964228294072273 0.059933064669213026
1039 1783356100.396174 0.244642157782276 0.3277999994423865 -0.0023216394284153764 0.058590797763292846 -0.010585623164560132 0.9963972762880605 0.06039479121094293
1040 1783356100.424194 0.2437492090632454 0.32792959451861353 -0.0022567775943916728 0.05808170778776853 -0.010146644105138991 0.9964009672446943 0.06089887772116523
1041 1783356100.45607 0.24266051248219522 0.3281299106076307 -0.002138091305241707 0.05803500508057627 -0.009474567355966967 0.9963990414795824 0.061082901840732035
1042 1783356100.487991 0.24150867120368985 0.3283684081432001 -0.0020626879431804336 0.057419119139884206 -0.00939429687637705 0.9964329768590631 0.06112376437347575
1043 1783356100.512178 0.24070287842367905 0.3285620844687015 -0.0019688606204092797 0.057232060512831445 -0.009150680829379865 0.9964651018720198 0.0608116521811394
1044 1783356100.54023 0.23983254688476852 0.32866687997775923 -0.0018874062519098228 0.05726049128725105 -0.009015015889937528 0.9964817059461857 0.060532432138698716
1045 1783356100.571993 0.23862960564549313 0.3289189431013292 -0.001829380966332503 0.05714729696974402 -0.008941597702487647 0.9965391142280591 0.05969948151478749
1046 1783356100.604007 0.23762920916287222 0.3291165785806017 -0.0017570018315359493 0.05702340460054178 -0.008924832625765378 0.9965895069963393 0.058974852565806424
1047 1783356100.628042 0.23685736723779022 0.3292074614580576 -0.0017180104671008704 0.05703812675557729 -0.00905186132027841 0.9965908717298786 0.058918166023170015
1048 1783356100.656056 0.2360138957154262 0.32940005885760576 -0.0016732915593731194 0.05698727487367947 -0.00918197261492848 0.9966139057977372 0.058556508194645446
1049 1783356100.688004 0.23483958136351374 0.32964134060114 -0.001546845238764148 0.05742402582674916 -0.009482937118671653 0.996590581653039 0.0584787800993643
1050 1783356100.712234 0.23397004164284246 0.32980956852578525 -0.0014387205641036406 0.05789058440015002 -0.00966227663173741 0.9965577819669831 0.058548337714645377
1051 1783356100.744048 0.2328982185111136 0.3299830268032653 -0.0013212072649863146 0.05876189263858145 -0.00965149173288099 0.9964895320832827 0.05884302107559258
1052 1783356100.77206 0.23218925514153282 0.3301259758807293 -0.0011999099971374202 0.058489123776317375 -0.009429454008431426 0.9964907253314264 0.059129875066918414
1053 1783356100.804016 0.23108747038279226 0.3303531961806039 -0.001104766217958989 0.05866925527852829 -0.009247680199070907 0.9964736080805545 0.059268434220254074
1054 1783356100.828048 0.2302401990646576 0.3305087935480978 -0.000995987584492014 0.05840713008053991 -0.009365100305668617 0.9964700767436486 0.0595675096552368
1055 1783356100.864046 0.22914692566155265 0.3307086378113258 -0.0008637544580960524 0.05869241818349871 -0.009278520467958296 0.996445381015345 0.059713581025452406
1056 1783356100.888027 0.22830265453366055 0.3308857554596348 -0.0007634763359289465 0.05849498529987121 -0.00912900537032968 0.9964580397916429 0.0597191166236786
1057 1783356100.912415 0.22748257880153616 0.33103791161841417 -0.0006755469982704962 0.05836606490560589 -0.009264601101026948 0.9964620524585028 0.05975740660421455
1058 1783356100.944043 0.22636786557403143 0.3312691421884367 -0.0005711421328329861 0.05847790008901965 -0.00944673411537833 0.9964641229979609 0.05958477988242067
1059 1783356100.98005 0.22516126854005164 0.33151260029038687 -0.0004216015546583108 0.057992761744926125 -0.009076791530331418 0.9965160095699388 0.059247735074998864
1060 1783356101.004099 0.2241603841198433 0.3316437324964767 -0.00040349805770417777 0.057966156007583064 -0.009104016478401977 0.9965343187438935 0.05896094645873298
1061 1783356101.028081 0.22325837339589727 0.33179575316148424 -0.00030272224720988327 0.05760411007430438 -0.008800333508605984 0.9965856485851035 0.0584924411090304
1062 1783356101.060058 0.22206840222523 0.33204770063170336 -0.00022806854103699656 0.05754784794034304 -0.008818517348378907 0.9966375299127229 0.05765512048966351
1063 1783356101.084417 0.22128813186896734 0.33215905818033187 -0.00014765695610448716 0.05733144403017909 -0.008966124034347212 0.9966569157746834 0.05751266281186196
1064 1783356101.11229 0.22041093218586771 0.3323736671598385 -2.7643595268469004e-05 0.05716548091257706 -0.008875396352018394 0.9966919618338309 0.05708299525653582
1065 1783356101.144088 0.21940981548024316 0.3326290091700613 0.00014627585363474662 0.05719982979090307 -0.009406327445462881 0.9966933215855377 0.05693964508730767
1066 1783356101.168151 0.21855112771793908 0.33278928069119224 0.00021834930665217724 0.05729094130051096 -0.009691995346317706 0.9966746693027033 0.05712632354226474
1067 1783356101.20009 0.21744121050204837 0.33303613267667087 0.00033116568856837725 0.05710863087377102 -0.009595740062516733 0.9966765527870481 0.057292016694322406
1068 1783356101.228078 0.21660802769077697 0.3331931249268322 0.0004053371237203963 0.05705117079367314 -0.009490392822729898 0.9966693119173078 0.05749242591352002
1069 1783356101.260059 0.2153986231730523 0.3334855522968494 0.00047473983511601286 0.05699395113479783 -0.009477261790260927 0.9966821656140588 0.057328280890613315
1070 1783356101.284075 0.21449644557525704 0.33364397834586007 0.0005250628582772919 0.05641869610951211 -0.009092007485707265 0.996715459397697 0.0573808254281874
1071 1783356101.316086 0.21331591363364671 0.3339179139073509 0.0006055759645281211 0.054105465554716986 -0.008400495137201092 0.9968830574837494 0.05679964771377452
1072 1783356101.344063 0.2126033676454414 0.33401345965296175 0.0006540889363909918 0.05047579267423527 -0.008122672699484745 0.9970944878358747 0.05646945076268631
1073 1783356101.368079 0.21179766890159094 0.3341390867669205 0.0007429062825659379 0.04452815917903216 -0.007750376526132863 0.9974146760383695 0.055867152487883126
1074 1783356101.400073 0.21084984083476302 0.3343651061295263 0.0009008027734283908 0.03839368021050235 -0.006266515196439171 0.9977486953111405 0.05462780530191094
1075 1783356101.424102 0.21014497997318204 0.3345590059316118 0.0008268152000976046 0.041751257226984945 -0.007311686050914701 0.9976112923044455 0.05454430523632256
1076 1783356101.452112 0.20958402829020006 0.33468199788691383 0.0009473690496276188 0.04222598043876308 -0.00773210039256278 0.9975578088484678 0.05509627215110191
1077 1783356101.484092 0.20927201519417174 0.3347507508607639 0.0010193041649710624 0.03947068151520469 -0.006634493110712791 0.9975672138826661 0.05707628744290047
1078 1783356101.508094 0.20909710883185129 0.33477850228187406 0.0010272158283638165 0.04244488268290142 -0.0074574403485824226 0.9973499396237427 0.05861669088236693
1079 1783356101.532261 0.20898914029463495 0.3348104985288633 0.0010712204575221568 0.04516308532976995 -0.008085367409610744 0.9971611956584902 0.0597032028477367
1080 1783356101.560405 0.20893877454049584 0.3348262002525679 0.0010971105422340156 0.04727620056755996 -0.008186814947521937 0.9970423086713138 0.06003808491522242
1081 1783356101.5921 0.20878882104030272 0.33485427405646734 0.0010159431391171163 0.05068278145765276 -0.007997520749013498 0.9968635481805979 0.06025248239179626
1082 1783356101.616335 0.20865491863036728 0.33485714495273866 0.0010148888714533234 0.053498617567447004 -0.008211152158241086 0.9967267703906362 0.06005181167340762
1083 1783356101.648082 0.20855200616508826 0.33489807225160734 0.0010426417349855038 0.0566645068805465 -0.008538469321112574 0.9965788755129887 0.05955479059575183
1084 1783356101.676131 0.2085177850816615 0.33493961502451686 0.0010834134604101441 0.05671414286438278 -0.008865343024657024 0.9965330000022457 0.06022367971768308
1085 1783356101.700121 0.20842387843415833 0.3349559167815041 0.001064956993632626 0.05604331951667496 -0.008445472943606758 0.9965103547002765 0.06127751055191505
1086 1783356101.732129 0.20824800338375457 0.33502035454794177 0.001067770312050393 0.05629328374325987 -0.008262839023233437 0.9964318674203593 0.06234039850572615
1087 1783356101.756102 0.20811293152557508 0.3350381335959226 0.0010655704397262928 0.056244743224356186 -0.008444544978330693 0.996403984547921 0.06280380638752481
1088 1783356101.784148 0.20792910975688303 0.3350657407352757 0.0010793375805371332 0.056062263618636476 -0.008395328257518209 0.9964086362280791 0.06289968769002252
1089 1783356101.816111 0.2076813263322661 0.3351714120819896 0.001095722477266266 0.05585881654134295 -0.008127147941882962 0.9964388855366906 0.06263616743806527
1090 1783356101.840121 0.20748642111505594 0.3352268811495895 0.0011334843071615724 0.055118946310274836 -0.007906145208556814 0.9965074523715943 0.062227742956506876
1091 1783356101.87211 0.20721627865068298 0.3353024334884812 0.0011567201349003018 0.05489214255544189 -0.00810507753279388 0.9965683302444458 0.06142250041847552
1092 1783356101.900158 0.20696671942877268 0.3353259887603072 0.0011673964590096404 0.055254063481453675 -0.007943042632839903 0.9965830778549551 0.06087746278931694
1093 1783356101.924376 0.20674066174965103 0.33538424404368034 0.0011482341870768273 0.05597676166663501 -0.008229945639849079 0.996572217947362 0.060354656519255645
1094 1783356101.956134 0.2064772238072402 0.33544843495804855 0.0011941998804473812 0.055364723789214726 -0.0080203758340196 0.9966380823886549 0.05985777864145661
1095 1783356101.980408 0.20628790261998187 0.33548565959341314 0.0012118946863010661 0.0553169777772991 -0.00798242885897893 0.9966513514024331 0.05968581528974265
1096 1783356102.008369 0.20602690834270865 0.3355389082719518 0.0012103559989294671 0.054984041965882274 -0.0077517664963280275 0.9967047639935558 0.059129338553977645
1097 1783356102.040141 0.20591049974349795 0.33555184401999855 0.0012249374493170598 0.04544854057675643 -0.0074106027036049404 0.9972658438930662 0.05779575876535506
1098 1783356102.064371 0.20594045704816671 0.33557627473726576 0.001238862969047268 0.038311524062193764 -0.006393904895528102 0.9975593613050375 0.05802297628443712
1099 1783356102.096135 0.20592742546760961 0.335553318769062 0.0012227010309972955 0.04191449473375658 -0.006925230568680774 0.9973178290866535 0.05960171221256466
1100 1783356102.124182 0.20596965939930326 0.3354949074551736 0.001212216243533122 0.0448368156808365 -0.007592982772229195 0.9971731992836548 0.05981318585917059
1101 1783356102.15619 0.20608389582811074 0.33548557973828 0.0012318999951879271 0.04663675526914318 -0.00752039293148582 0.9970729154731977 0.06011703567126164
1102 1783356102.180149 0.20612887620107495 0.33548113252542505 0.001203284097729955 0.048213939101316355 -0.007460380593325322 0.9969828754081203 0.06037304813154612
1103 1783356102.212128 0.20627822020833286 0.33546504461089127 0.0012148451428755295 0.05066797294315323 -0.007672838934085102 0.9968801845129894 0.06003150661004131
1104 1783356102.240177 0.2063196066892437 0.33542513529266144 0.0012366935679549215 0.05289867891617045 -0.007662454910111305 0.9967628122525635 0.06005757790683497
1105 1783356102.264175 0.20638769373708687 0.3354145426335941 0.0012070547833963512 0.055638287918224505 -0.007970984017542704 0.996625124298978 0.05982646527555546
1106 1783356102.296198 0.2065038134652339 0.3353756313787007 0.0012492637155367328 0.05677801595757423 -0.008491126176452868 0.9965787225372067 0.05945592877321995
1107 1783356102.320178 0.20647215084681012 0.33537520236825474 0.0012202666782315263 0.05615342361220835 -0.008376952467316678 0.9966586075631554 0.05872171365228132
1108 1783356102.344359 0.20650389560163232 0.33541446920314294 0.0011964085159687173 0.05565529634569008 -0.008023593923934369 0.9967389931524844 0.0578747739398546
1109 1783356102.372435 0.2065058605865728 0.3354421910993287 0.001192982248628897 0.05528239317681069 -0.007777823032726339 0.9967799589163493 0.05755932571041325
1110 1783356102.404172 0.20650406210728875 0.33543129966378327 0.0012158149155905612 0.05521061574560121 -0.008024125601226006 0.9967891140280535 0.057435733411313694
1111 1783356102.42839 0.20650751742949738 0.33541437246438166 0.0012199054624246297 0.05506260698520718 -0.007776330234425366 0.9967627810023358 0.058065449353013415
1112 1783356102.464212 0.20649790570296184 0.3354194746144192 0.0011884281697236054 0.055448574746266466 -0.00790235281337387 0.9965696810328857 0.06092519367743626
1113 1783356102.488176 0.20639679306130135 0.3354189439263471 0.0012036870398074721 0.05807500217883621 -0.008855836855662491 0.9962883674934019 0.06291547562282657
1114 1783356102.512313 0.20627770820256186 0.3354074307445856 0.001230299238068369 0.05814069316552414 -0.009309463246113703 0.9960630712244274 0.06626727574952077
1115 1783356102.544384 0.20603098821297167 0.3354640055588183 0.001233766127148804 0.05719205581408476 -0.008706226105128001 0.995798819433577 0.07097874043302849
1116 1783356102.58026 0.2057276184869724 0.33555203490630586 0.0012751717386995445 0.057618633088072274 -0.008678705148305488 0.9955293916624621 0.07433709393148932
1117 1783356102.604383 0.20533930322659202 0.3355812427391249 0.0012655702786700438 0.05767039457034265 -0.008978272886829841 0.995434073094403 0.0755282882684187
1118 1783356102.636197 0.20495248656273923 0.3356723097992569 0.0013096823959087142 0.05793028482612009 -0.009291928536107552 0.9955020461998945 0.07438694896195056
1119 1783356102.668184 0.20441074263593928 0.3357991287198687 0.0013684890455677302 0.05721703830936617 -0.008961159116140482 0.9958133058662368 0.0707231787616798
1120 1783356102.696234 0.20401204686353203 0.33588767596344427 0.0013995558867015653 0.056651900735217 -0.008407646873225705 0.9961230717850893 0.06677349380240541
1121 1783356102.720244 0.2035725458897769 0.33597659056312124 0.0014146487143000285 0.056577002425202666 -0.00822034355116441 0.9963915520814425 0.06273231774144519
1122 1783356102.752206 0.20300942499221614 0.33604995421284867 0.0014470922243554883 0.05635563651213185 -0.008270135436748927 0.996665207731279 0.05843039270051861
1123 1783356102.776219 0.20257107669642796 0.3360961529202965 0.0014603680417543106 0.0564871901695963 -0.008336370753928679 0.9968038277447923 0.05587335020139317
1124 1783356102.812223 0.20202149567163896 0.3361720745707639 0.0015048669946026451 0.056164265931363117 -0.008413222422229194 0.9969450924918931 0.05362159525038415
1125 1783356102.836239 0.2016947754761159 0.3362082789404592 0.001538694433170647 0.05588616340470581 -0.008432292193537472 0.9970000288920488 0.05288265857083696
1126 1783356102.860226 0.20122314428419963 0.33628041447513457 0.001539870822868189 0.05618500525131198 -0.008441928187371328 0.9970135361941312 0.05230666954665647
1127 1783356102.892216 0.20073451716485247 0.3363375364387191 0.0015839100443315237 0.05565478949902636 -0.008643545631084382 0.9970667700204482 0.05182363983485894
1128 1783356102.916218 0.20038690125659597 0.3363615271024521 0.0015960305413697043 0.05587452153976427 -0.008543913130133307 0.9970519051927313 0.05188966893970284
1129 1783356102.944225 0.1999571189652389 0.3364288422149551 0.0016286274644062167 0.05563580186035544 -0.008465549972455688 0.9970462093866881 0.052267086800924956
1130 1783356102.976215 0.1994177928712153 0.3365032879739476 0.0016728442647481428 0.055254603419580134 -0.00842087884975884 0.9970333373917779 0.05292014483876509
1131 1783356103.000232 0.19900566623939148 0.33656726118321584 0.001710409475050151 0.055412536495498155 -0.008432997077266913 0.996996730604145 0.05344019577130643
1132 1783356103.036246 0.1985567460128104 0.33663507673556575 0.0017541065357233434 0.055151192832890106 -0.008621654967679082 0.9969691642919346 0.05418946803364422
1133 1783356103.060224 0.19813744880477674 0.33672164742248567 0.0017829990507047169 0.055095213107187624 -0.008429142715681515 0.9969617269678226 0.054413068348413696
1134 1783356103.084235 0.19779870304684632 0.33677331797621063 0.0018122398784363733 0.054736713170354584 -0.008376686118588939 0.9969660308477557 0.05470335178623911
1135 1783356103.108235 0.19740882468401144 0.3368300991613673 0.001837942408395386 0.05442979771193929 -0.008387366648082373 0.9969836801046649 0.05468629450518081
1136 1783356103.140223 0.19691863016444078 0.33690616419537267 0.0018300805375943553 0.054530739797969796 -0.008156620112505453 0.9969914523667764 0.05447854507062838
1137 1783356103.168276 0.1965578472562405 0.33695518518604173 0.0018382923190729638 0.05453442250514165 -0.008258478979856987 0.9969898962109578 0.054487990789107515
1138 1783356103.200249 0.19604682454824318 0.33705881015170075 0.001869222681776449 0.05476118579596406 -0.008334257189286598 0.9969789693440905 0.0544489428080841
1139 1783356103.224239 0.19562758974985675 0.33708726083367135 0.0018898730967185605 0.05512377570984833 -0.0087551508018886 0.9969406514984638 0.054717950215127154
1140 1783356103.248412 0.1951614466413982 0.33718895998775233 0.0019204409985999378 0.05523586608046288 -0.008734396831001912 0.9969260204255534 0.054874577071802155
1141 1783356103.276458 0.19481603235350003 0.3372084325523675 0.0019615975645553077 0.05469082690378105 -0.008383321906184682 0.9969358001508895 0.055295964987548324
1142 1783356103.308254 0.19430321357600258 0.3372808144769352 0.001991751693220929 0.05447593193069791 -0.008040281883486489 0.9969382189656367 0.055514991427005306
1143 1783356103.332496 0.19391710903501114 0.33734971443056755 0.0020072490385982006 0.054296190646138526 -0.008113311191798256 0.9969293126310023 0.05583944376424613
1144 1783356103.364243 0.1934073044913702 0.3374274123291758 0.002043766600866503 0.05445706652405288 -0.008061577498892691 0.9969090177417806 0.05605220083941956
1145 1783356103.39229 0.19303694667527302 0.3374692258232995 0.002039118681663939 0.05456712435320124 -0.008132269552716731 0.9968888668262555 0.05629282662656429
1146 1783356103.416387 0.19266937494601266 0.3375276079146109 0.0020570442981816873 0.05448730970519003 -0.008025735349210805 0.9968824009106121 0.05649955228043188
1147 1783356103.448284 0.19215731776220757 0.3375938019444598 0.0020806532149752243 0.054618401169331865 -0.007908679425638776 0.9968713671574593 0.056584100108305446
1148 1783356103.472264 0.1918236225901333 0.33762835364090477 0.0021147965281879504 0.05424785791066178 -0.007818809814267302 0.9968726482343435 0.05692942409193935
1149 1783356103.500308 0.19142486649205104 0.33768532755225766 0.0021456148362355063 0.05428168787270052 -0.007745130076349693 0.9968565201661205 0.05718906822185729
1150 1783356103.532277 0.1909016622564197 0.33778409993610636 0.0021765938872652627 0.054743992096653676 -0.007987656147928957 0.9968220973993477 0.057314909185563395
1151 1783356103.556288 0.1905050386427805 0.3378002992682623 0.002198307399079667 0.054230000686816576 -0.007463964091604658 0.9968466779379833 0.05744647029673558
1152 1783356103.588255 0.18998615609342973 0.33786906791213933 0.0022132605388068207 0.05434699896908407 -0.007431500831583393 0.9968532362891552 0.057225883988650916
1153 1783356103.616322 0.1896049859562438 0.33794055418504665 0.0022062712111396553 0.054580134139860764 -0.007402548983866275 0.9968559418102085 0.05696000793099262
1154 1783356103.640329 0.18911408724866113 0.3379920290264956 0.0022172260430704136 0.05435858097564544 -0.007395689979061593 0.9968653686552097 0.05700776455853307
1155 1783356103.672282 0.18864950804274422 0.33806747389686115 0.002241446801823383 0.05468153981690929 -0.007402036880078455 0.9968375061139052 0.0571850107798165
1156 1783356103.69627 0.1882439968878175 0.3381156416115411 0.002258345888530031 0.05472351444114146 -0.007544271161251337 0.9968254567156839 0.05733611238498945
1157 1783356103.724335 0.1878914948360731 0.3381535559913791 0.0022711150831049975 0.054290930541646104 -0.007371499539122528 0.9968514126185166 0.05731855734345545
1158 1783356103.748557 0.1875430349599358 0.33818926427962165 0.002313555586874741 0.0543239903812158 -0.007220991473123384 0.9968523867366492 0.05728944412937345
1159 1783356103.780303 0.1870524164890911 0.33823611752031246 0.002362515454436604 0.054718796043312534 -0.007365170206698968 0.9968368775822847 0.057165086542380505
1160 1783356103.80431 0.18667891717638707 0.33828599056484693 0.002360564873532461 0.054687952925103284 -0.007436533388567368 0.9968411077665906 0.05711157188082802
1161 1783356103.840328 0.18613369117675127 0.33833776972108787 0.0023988295489910647 0.05477440526762145 -0.0076704654036251485 0.9968404067460649 0.05700992866518939
1162 1783356103.864296 0.18575916261419564 0.33838334666688974 0.002409343605526596 0.05460838197299364 -0.007646065802881852 0.9968586498434548 0.05685327192267611
1163 1783356103.888321 0.18535667848402684 0.33846876020409844 0.0024164360212178214 0.05443138097197986 -0.007464791152830719 0.9968875518730194 0.05653946037190244
1164 1783356103.912306 0.1850094672212543 0.33850889665868217 0.0024429378863859447 0.05424053660340816 -0.007289555514519708 0.9968983696556212 0.056554992240650415
1165 1783356103.944307 0.18445505966707065 0.3386195714531465 0.0024792856128903378 0.05400440311158161 -0.006926238022997078 0.9969260220480103 0.056338780914579445
1166 1783356103.972353 0.18407049103361098 0.3386629702702304 0.0024596457809759414 0.05369817652917508 -0.006782455164398016 0.9969558709734774 0.056120365919154924
1167 1783356103.996353 0.18367562393633383 0.33873543239830983 0.002500879310457432 0.05332959091730011 -0.006602010034685635 0.9969838601827458 0.055995988527811735
1168 1783356104.028323 0.18315683882520076 0.3387889805427086 0.002527090641946882 0.053181444553493745 -0.006739000347863566 0.9969739661574344 0.05629592022367183
1169 1783356104.052568 0.1827076404961286 0.3388458598467581 0.002556758116352228 0.05321004512606167 -0.006650401855044508 0.99696546848065 0.05642976085371107
1170 1783356104.080464 0.18234592802793262 0.3388859411613168 0.002581871719285227 0.05347749585199449 -0.006551743868514648 0.9969406041293644 0.05662741321886114
1171 1783356104.112326 0.18185738511705907 0.33893144299660927 0.0025959822029650013 0.054487388693169825 -0.007084604703763375 0.9968703468072946 0.05683699944486148
1172 1783356104.136391 0.18148058548243334 0.3389813129198322 0.0026254697514845847 0.05465369606447118 -0.007064252954360972 0.9968575876044958 0.056903601573485174
1173 1783356104.168323 0.18101264028957445 0.3390370030965636 0.002639554424516218 0.0549038449649524 -0.007076543070224317 0.9968217193893273 0.057288306834336805
1174 1783356104.196372 0.1807133524031983 0.33912554401339906 0.002688225980848377 0.052847089976568756 -0.006825592987876439 0.9971071547368437 0.054202567595717926
1175 1783356104.220665 0.18043471728502672 0.3390929584616495 0.0026888581067064997 0.046132628038246304 -0.006403865062872327 0.997804012656655 0.0470948348422518
1176 1783356104.252344 0.17999964661742743 0.3392267125175752 0.0027136943156193375 0.04033112346549164 -0.0060548322695479495 0.9984189782754334 0.0386818213847098
1177 1783356104.276467 0.17972342715841033 0.33920819375294736 0.002697031057469824 0.039389496052597894 -0.005692583006101537 0.9987786774905619 0.02927824259830597
1178 1783356104.304405 0.17955759884807823 0.3392590143376485 0.002708319451256671 0.04113699878406929 -0.005914269883125156 0.9988881741166464 0.02225273809447348
1179 1783356104.336376 0.17938380063068776 0.3392691023487127 0.002732960684566205 0.04257662993745731 -0.006006918271156847 0.9989865449361204 0.013305282884832847
1180 1783356104.360363 0.17928666268695026 0.33927945111906493 0.0027195417225342024 0.041644090641394294 -0.00623077642361497 0.9990418257253382 0.011932208144081358
1181 1783356104.392337 0.17920961278581599 0.3392998864522912 0.002716529343844453 0.04097821346232333 -0.0059891743963952915 0.9990665476515781 0.012286137515219564
1182 1783356104.412532 0.1792452251103432 0.3393035903229711 0.0027534080155276583 0.0407885816380853 -0.005979124177478923 0.9990750723912629 0.012228712459473545
1183 1783356104.444397 0.17924949988998284 0.33926960744831963 0.0027233783415762827 0.041435596858954815 -0.006216645973277757 0.9990467737573263 0.012246978029816058
1184 1783356104.468589 0.17927388630901173 0.339259519675323 0.002733539359535692 0.04172619888609119 -0.006459871459050193 0.9990351568521998 0.012080966871550691
1185 1783356104.500354 0.17929800054736483 0.3392771877738811 0.0027515951928717584 0.04132397565121593 -0.006370787875031758 0.9990519143425035 0.012124955538406479
1186 1783356104.528416 0.17925907407308067 0.33928079462884153 0.002723935926313881 0.041315490297042734 -0.006117031384709204 0.9990537453317752 0.01213367739417276
1187 1783356104.552427 0.1792508204772461 0.3392623979454374 0.002713505858830012 0.04150255077394949 -0.006287463566413853 0.9990397709005341 0.012551583173666225
1188 1783356104.584387 0.17916887059398925 0.33921624643663795 0.002720034719391924 0.04155081101975289 -0.0064995039170121505 0.9990351278973559 0.012653054158862087
1189 1783356104.608392 0.17924006155301975 0.3392678857167107 0.002715741729351319 0.04156663129834609 -0.006107253482547481 0.999035922567804 0.012733500559716726
1190 1783356104.636428 0.17927859867017132 0.3392658140644223 0.0027213038387969616 0.041549023257528295 -0.006107001243947807 0.999033898801634 0.012948059598207717
1191 1783356104.668409 0.17928682227128534 0.3392652220991737 0.002721660372177045 0.0414083964491514 -0.006135425193237676 0.9990359219278464 0.01322603338065853
1192 1783356104.692392 0.17924927320689818 0.3392594854972819 0.002709059332068546 0.041475103884326125 -0.00608403073891467 0.9990340504548094 0.01318204686721175
1193 1783356104.716586 0.17928337317376164 0.3392563933810957 0.0027139467062314163 0.04164022372111059 -0.006159440510709213 0.9990257986420623 0.013251668145576823
1194 1783356104.752407 0.17930794585934426 0.33925671445899985 0.0027254833817196757 0.04166785153827146 -0.006287288615926978 0.9990230095329512 0.013314900441594724
1195 1783356104.77644 0.17933109419590226 0.3392718285938746 0.0027378868473409176 0.0415496301209885 -0.006162146003039326 0.9990259631890782 0.013519654861749664
1196 1783356104.80064 0.17930426511061137 0.3392548095943513 0.0027073714333247733 0.041277666427058934 -0.006093302249109311 0.9990164418241266 0.015005828437610946
1197 1783356104.832415 0.17931229804287618 0.3392227303345295 0.0027261058005907095 0.04130304451559025 -0.006135499820484003 0.9989862809173432 0.016817392622847704
1198 1783356104.856427 0.17937497217549297 0.3391937647107932 0.002723263907879713 0.0417810872386849 -0.0063148708939052 0.9989438003444451 0.01804845999370608
1199 1783356104.884467 0.1794391416433954 0.33920325730983447 0.0027158034266490092 0.041960552435346965 -0.006326564207615126 0.9988991489479224 0.019994420615850605
1200 1783356104.916406 0.17952003344934148 0.33920480576877404 0.0027247627376662206 0.042032379904974326 -0.006298822135930693 0.9988511621123303 0.02213503616602497
1201 1783356104.940414 0.1795566147475386 0.33919403068493376 0.002705372011212832 0.042141422711097054 -0.0061118912373278045 0.9988112278379938 0.023725016799715726
1202 1783356104.972404 0.17962470452385884 0.3391928945147728 0.0027203630006870398 0.04217797059598344 -0.00617599165306959 0.998764728161981 0.02553220912945181
1203 1783356104.992665 0.17963781492943104 0.33919259893579323 0.0027132205700525084 0.04218644740902244 -0.006391513399744642 0.9987363719851438 0.026553935403615225
1204 1783356105.024449 0.17970006909744152 0.33919924366660303 0.0027123520289815063 0.04217121137827773 -0.006370117914243245 0.9986837226706038 0.02849267627710722
1205 1783356105.048632 0.1797536516218472 0.33919221964373136 0.00270627522044445 0.04211009543781463 -0.0063524717269727304 0.9986259447333141 0.03053863897870962
1206 1783356105.080418 0.1798250724535454 0.339200029131305 0.0027078621021995987 0.04205845425920596 -0.006398971927146668 0.9985468184861255 0.03308157908623416
1207 1783356105.108445 0.17991515830430632 0.3392152234533013 0.0027002584307818304 0.04209442494352181 -0.006388331427572114 0.9984764465795537 0.03510034524208436
1208 1783356105.132464 0.1799622181181689 0.3392016802162612 0.002696120767768262 0.0420217324483427 -0.006273505351478803 0.9984033123702367 0.037224225724447696
1209 1783356105.164442 0.18002076471025302 0.3391774097960575 0.0026869401623292556 0.04214297339083345 -0.00632714264794898 0.9983026140582785 0.039696697899194
1210 1783356105.188412 0.18006060536757362 0.3391786504787637 0.0026820559493711633 0.04218113339268664 -0.006236597373250996 0.9982270558943169 0.04152832430374076
1211 1783356105.21647 0.18012572205817085 0.33916887566931975 0.00267907302196712 0.0423302167845617 -0.006242122982987319 0.9981402551821644 0.04341911598042028
1212 1783356105.240755 0.18016743444542788 0.33916658376832204 0.0026750098370568903 0.04252250605055649 -0.006245818964442762 0.9980563913654126 0.04512500281766538
1213 1783356105.272443 0.18021555668937395 0.33915456638477914 0.0026780166014391277 0.04271656499149171 -0.006228111261839808 0.9979543272403357 0.04715576791577672
1214 1783356105.296447 0.18028152258557129 0.33916143449016933 0.0026745945565160335 0.04267671970423653 -0.006106209202825452 0.9978616113967125 0.04912856913460567
1215 1783356105.324478 0.1803600142154959 0.3391710818129575 0.0026601421592231216 0.04162288316514762 -0.0060034346822127604 0.9977954556306717 0.051339293838320754
1216 1783356105.356463 0.18068811712777988 0.3391516938930154 0.002665898997070049 0.03922648331920997 -0.0050543724598521855 0.9975602309429101 0.05752670655072234
1217 1783356105.380469 0.18094444663362408 0.3391376524437344 0.002619713450530879 0.0411101139059287 -0.005956045470714655 0.9971342526817235 0.06322789088569328
1218 1783356105.41243 0.18138559488055023 0.339059222092941 0.002598496417775104 0.040958913330365276 -0.0060271060612454574 0.9966703460980012 0.07024430667472509
1219 1783356105.440489 0.1817686533233236 0.3389923041271819 0.0025870617824744592 0.04010525929473338 -0.005441309467276612 0.9963298597790294 0.07542394076739409
1220 1783356105.464491 0.18223020380579133 0.3389309799168048 0.002562750468115649 0.04036861255752369 -0.005385358804777085 0.9958860277829479 0.08094685106553665
1221 1783356105.488639 0.18260661261134983 0.3388423627696378 0.002528645237561151 0.04014015916530611 -0.005296562953069572 0.9955232321458735 0.08540613737256725
1222 1783356105.520457 0.18335090372085783 0.338738241796653 0.0025021181036319006 0.03985332709761 -0.005047691080940053 0.9952728442305714 0.08842057832422981
1223 1783356105.544466 0.1839150450416377 0.33864334278377084 0.0024489436652904016 0.039957631818071465 -0.005088474425616885 0.9952821182727966 0.0882666422490743
1224 1783356105.572492 0.18454035162637453 0.33850334536173937 0.0024374702380277847 0.03952667906830595 -0.005235803897819302 0.995504757585095 0.08590986919333479
1225 1783356105.596646 0.18518353560640163 0.33837125602882506 0.0023961804179277123 0.0397912926266136 -0.005509594602814305 0.9957794185804123 0.08252058488687611
1226 1783356105.628469 0.18609695171509363 0.3381828631981487 0.00233842148511904 0.040345104917652586 -0.005862682167029454 0.9961688204710427 0.07736654695877315
1227 1783356105.652505 0.18688174238446764 0.3379978004134836 0.0022951018058784477 0.041349857516370575 -0.0066934257503356576 0.9964294406122665 0.07330591528810196
1228 1783356105.680517 0.1876602748036769 0.3378550105374588 0.0022279795701966344 0.04122997473862505 -0.006848074679655036 0.9967778975728601 0.06846178471573078
1229 1783356105.712496 0.1887596774124852 0.3376939085469403 0.002189302537646729 0.04090642890044616 -0.006744919441961983 0.9971934247653869 0.06234134856588458
1230 1783356105.736485 0.18972153400707584 0.3375578562822821 0.0021566856053394667 0.04163273272886023 -0.007060595199098074 0.9973372512624863 0.05945814330392432
1231 1783356105.760655 0.1907114752672604 0.3374014397427467 0.0020961414230847393 0.04214906474541669 -0.007492315175988695 0.9974422499988651 0.057238793414882194
1232 1783356105.788722 0.1917403155124942 0.33725098373471724 0.002055705300174652 0.041960479460812716 -0.007479850929446141 0.9976176718419866 0.05424344035979006
1233 1783356105.82052 0.19309236961177556 0.3370658673212824 0.0019883950259438968 0.04175802399623138 -0.007320883651323329 0.997836811557672 0.050243104948967415
1234 1783356105.844495 0.1941126450805789 0.33694432764883675 0.0019358143478602177 0.04187394035747963 -0.007434845117823163 0.9979734115719405 0.0473325046080825
1235 1783356105.876468 0.19549612269766697 0.33680040989826265 0.0018698462932899848 0.04158262322385112 -0.007363323573493008 0.9981194254994051 0.04443286342914335
1236 1783356105.904533 0.19645640898247257 0.3366558720997008 0.0018337854656776797 0.041199386773033114 -0.007345588478680554 0.9981989732789411 0.04298211958821427
1237 1783356105.928503 0.19748303074614532 0.3365715680713309 0.0017933279775492633 0.04091456503054949 -0.00736352187031325 0.9982478459791289 0.04210718361581636
1238 1783356105.952697 0.19847665577500873 0.33648206567409716 0.001742242627203348 0.04048557437159084 -0.007434540052781324 0.9982800534369787 0.04174423064171712
1239 1783356105.984486 0.19984533539274374 0.33631061901449544 0.0016472694577983798 0.04068376153006675 -0.007853125266860883 0.9982443780654536 0.04232400775001699
1240 1783356106.012543 0.20088919803705874 0.33620160907603364 0.0016012041285343448 0.04132251636942011 -0.00824898468157198 0.9981744906765065 0.043267655995201965
1241 1783356106.036538 0.20190535920126929 0.33609782266487936 0.0015488221989249018 0.041523356538053086 -0.008420699097478501 0.9981238360788955 0.04420079795290757
1242 1783356106.068511 0.20329046885539714 0.33590311943770956 0.001459712952570344 0.04157179926283108 -0.00871294990989091 0.9980714663701112 0.04526828942797398
1243 1783356106.092529 0.20429972922824766 0.33576811413056573 0.0013832371495385177 0.042142315881475434 -0.008931017993784818 0.9980163108893013 0.04590975199944175
1244 1783356106.128538 0.20564322706581784 0.3356164336959882 0.0012813688964395421 0.04260609478404462 -0.009061502583112224 0.997951847004156 0.046847848607841996
1245 1783356106.15252 0.20662467008802823 0.3355130810718885 0.001206696866789831 0.04289943060854379 -0.0089712874325667 0.9979090892190368 0.047503731530247395
1246 1783356106.176543 0.20766331704061836 0.33543214599828075 0.0011213594836701887 0.04302088507001256 -0.008661873825937971 0.9978615864877843 0.04843995872932194
1247 1783356106.200735 0.20874137105532442 0.3352953387410887 0.00105941804538785 0.043453309221750586 -0.00834957321114943 0.9977831627915894 0.049707691502253154
1248 1783356106.236554 0.21011452485016896 0.3351723591731468 0.0009749102734355457 0.043559994754243075 -0.00805637468560616 0.9976790036226293 0.051712932758577385
1249 1783356106.26056 0.21115528978973486 0.3350795626312627 0.0009099784774961525 0.043292272726879105 -0.007710157315034771 0.9976279135929375 0.052961104751708704
1250 1783356106.284542 0.21219251278106266 0.33494380850414507 0.0008863272542725138 0.04307164618851428 -0.007727933960477773 0.997576952614695 0.05408637483962775
1251 1783356106.31653 0.21357452123015308 0.334769989888793 0.0008063504889637453 0.04325449614251528 -0.007888304139555269 0.9975008865896628 0.0553064596055097
1252 1783356106.34056 0.21457822422371975 0.3346577087561848 0.0007381312184471544 0.04310991198420688 -0.00794628362622185 0.9974778837968046 0.05582350223243071
1253 1783356106.368571 0.21560951360040878 0.33453040995885475 0.0006770334461822752 0.04289563698481935 -0.007866001189370864 0.9974560922042043 0.056386474244038864
1254 1783356106.400584 0.21696577890991883 0.3343700250343778 0.0005727668741252745 0.04270286711725135 -0.008360019516199024 0.9974318623711063 0.05688809313522181
1255 1783356106.424547 0.21806987323342286 0.33422002984647314 0.0005225281108622287 0.042807496446342075 -0.008520338873815758 0.9974010070105059 0.05732497961535349
1256 1783356106.456561 0.21955158685756576 0.33401047444250714 0.0004551074562224658 0.04308158112986271 -0.008904870782657448 0.9973522667992293 0.05790627387541336
1257 1783356106.484589 0.220661449945512 0.3338100092499151 0.00038296355129969085 0.04308374463802642 -0.009308033436539076 0.9973375152714522 0.058095026410835776
1258 1783356106.508585 0.22178656587594597 0.3336376544809284 0.00028853212103559754 0.043483835996112885 -0.009663797076814529 0.9973107239951187 0.05819868415568713
1259 1783356106.540564 0.22305365023813803 0.33355437775475116 0.0002041612696605348 0.044000630279461994 -0.010106907259195497 0.9973170593962815 0.057623588900884204
1260 1783356106.564548 0.22420790069989877 0.33337749654072973 0.00011214346042189537 0.04421453213025919 -0.010106871060343026 0.9972982410470007 0.05778533300441255
1261 1783356106.592561 0.22520422194373219 0.3332663790058893 2.9175856557015628e-05 0.04492869363092325 -0.010471882744442329 0.997250436221063 0.05799413433533626
1262 1783356106.624582 0.22650224517848144 0.3330725078380879 -2.0891251242704904e-05 0.04772804071820694 -0.01067065399045053 0.9970583874462488 0.05901477184318746
1263 1783356106.648578 0.22753531979294223 0.3329707535133179 -4.453973274100645e-05 0.05210504142125985 -0.010605513277583967 0.9967929259336652 0.05980343263735391
1264 1783356106.680585 0.22838169311216155 0.33290381158450555 -0.00016877388264580767 0.06092437813111187 -0.012082332433474008 0.9962442980705344 0.060328566651731946
1265 1783356106.708569 0.22916601353154128 0.3328086530070453 -0.0001914421657333923 0.06197077542768448 -0.01260625910914942 0.9961265437419182 0.0610951231846284
1266 1783356106.732604 0.2299105250834791 0.3326884300628524 -0.00029148798456527913 0.05857388492013901 -0.011441277394042992 0.996302158641296 0.06180781393682258
1267 1783356106.764578 0.23065295578061001 0.33259195185418816 -0.00028838817734595963 0.06011133248201733 -0.011797677679920127 0.9960884154230981 0.06368132511575492
1268 1783356106.78857 0.23100797378036722 0.33250449923443925 -0.00028207501475654203 0.06016996989903711 -0.012157337476385366 0.995938164212688 0.06587068340692326
1269 1783356106.816614 0.2312159907851793 0.33254686257501376 -0.00032568064290715987 0.05723454727225591 -0.010818125845604543 0.9960427075885196 0.06712748625905235
1270 1783356106.848615 0.2315184299057495 0.33246761843979716 -0.0003294549361375163 0.056158626724516214 -0.010542636170713937 0.9960997930258226 0.06723290712814606
1271 1783356106.872596 0.23174345654843065 0.3324503266488963 -0.0003260487735552396 0.054993273794853026 -0.010749313607412825 0.9961899797687062 0.06682601516414488
1272 1783356106.904583 0.23198930949367425 0.3324127889653818 -0.00035466718660384124 0.0531677126128286 -0.010620308197466621 0.9962778922811787 0.06701316841548882
1273 1783356106.932606 0.23222570149324118 0.33239501511953096 -0.00038979993950206265 0.052127220679510394 -0.010357477264943238 0.9963223962627479 0.06720980757442943
1274 1783356106.956632 0.23244176402187613 0.33237176552005643 -0.0004511923728406763 0.05147847397871114 -0.010489394346053005 0.9963338097400943 0.06751947046493956
1275 1783356106.988602 0.23275713426718292 0.33231016733683927 -0.0004258455765542412 0.04961728252986197 -0.010158216437110124 0.9964246082380219 0.06762348712446903
1276 1783356107.012591 0.2330065071718115 0.33232515974619126 -0.0004334573695883087 0.04846986201981898 -0.009814662543024766 0.9965068680148322 0.06729343856733991
1277 1783356107.040845 0.23327326729452577 0.33226863213915686 -0.0004592764414345484 0.047434680210495184 -0.009745202096181349 0.9965737291274971 0.06705061194610296
1278 1783356107.072642 0.23350160844560708 0.3322454005091723 -0.00044833192530180973 0.04645287651484595 -0.009280374544700098 0.9966544453852766 0.0666027131997872
1279 1783356107.096801 0.2337789181450901 0.33218964476103274 -0.00047650073577693106 0.04555863351936307 -0.009227915052792468 0.9967095519414533 0.06640275268612106
1280 1783356107.128603 0.23403572192026562 0.33214639449809924 -0.0004927528377078969 0.043778349137001904 -0.009148953059391562 0.9968269535973076 0.0658466201613066
1281 1783356107.156652 0.2342166443668921 0.332125396709905 -0.0005004619816154467 0.0438091872905049 -0.009078897691681187 0.9968436538364616 0.06558245597431048
1282 1783356107.180792 0.23436180075034957 0.33213469999780343 -0.0004872953287873155 0.04457946337299598 -0.008815799478281872 0.9968099942210109 0.06561088740478313
1283 1783356107.212621 0.23468269925689209 0.3320879604818088 -0.0005157615529862844 0.04494459032602402 -0.008855174655082954 0.9967852438506608 0.06573239173978715
1284 1783356107.244625 0.2350308500492759 0.33199008622751 -0.000567869374055549 0.04464606795325737 -0.008892724702208532 0.9968206231214884 0.06539337415496643
1285 1783356107.272723 0.23521029080343753 0.33197587370122844 -0.0005620246676458236 0.04654002487949621 -0.009020650962586252 0.9967887478821853 0.06453561835058302
1286 1783356107.304669 0.2353260600330164 0.33195164688291806 -0.0005559543618422489 0.05806811223133326 -0.010287106801218027 0.9961766527855072 0.06445421802033183
1287 1783356107.336647 0.2353186188061784 0.3319800484156184 -0.0005278958528847945 0.05957048932217421 -0.011709175661542837 0.9959322576735481 0.06658220582493038
1288 1783356107.368646 0.23547090069494797 0.331960266015167 -0.0005548039915300642 0.05570687058811902 -0.009808881760252852 0.9961850775971965 0.06645164844125073
1289 1783356107.396664 0.23535774329957349 0.3320669487542749 -0.0005405261584860103 0.05426699902451107 -0.008549799589627316 0.9963582357856002 0.06520935305657702
1290 1783356107.420673 0.23551484941109257 0.3319256272960636 -0.0005412973483445169 0.05348543685720469 -0.009451783689766957 0.9964067718197089 0.06498859054559136
1291 1783356107.452646 0.23542063346004655 0.33193730466429383 -0.0005287439072117397 0.05294834981708571 -0.009689643594024133 0.9965048519253485 0.06388006847137476
1292 1783356107.484696 0.23536343763100087 0.33197408848079885 -0.0005391303986996641 0.052360743124701487 -0.009231631399792772 0.9965770971440605 0.06330259875427843
1293 1783356107.512664 0.23532669069831844 0.3319845349729771 -0.0005588779218864762 0.051971088155168765 -0.009222292827536338 0.9966013685348998 0.06324292486386235
1294 1783356107.536721 0.2351399927377258 0.33207807906559567 -0.0005494650709313388 0.05136351923688237 -0.009165490570418544 0.9966661096569991 0.06272518262538879
1295 1783356107.568659 0.23524565670157238 0.3320048045762841 -0.0005714077486153029 0.05069577236521869 -0.009427949677584646 0.9966910269209166 0.06283350447412431
1296 1783356107.592903 0.2352121915740842 0.3320211215862977 -0.0005754338523331157 0.05028363859923238 -0.009309970430304126 0.9967193096939675 0.06273354623317237
1297 1783356107.620912 0.23521344446271036 0.33200799904351797 -0.0005636141415940599 0.05000739306134966 -0.009178003497262166 0.9967254866821393 0.06287550468397446
1298 1783356107.652692 0.23515893640748448 0.33202129130299757 -0.0005421494488681176 0.05144419989206975 -0.009199835677510704 0.9964507150379116 0.06599113441520896
1299 1783356107.676845 0.23527160398810937 0.3320907674744325 -0.0005439364917827652 0.05256714974837773 -0.009015508456819532 0.9958179170968964 0.07417608349997762
1300 1783356107.708648 0.2355027081894864 0.3320887738408278 -0.0005442147380649489 0.05295623117831272 -0.00845233048589783 0.994267597317819 0.09249940871485396
1301 1783356107.736696 0.2355274639034639 0.332091153193301 -0.0005167595691324021 0.05305364056029377 -0.008639508643331961 0.9925859570676914 0.10901278799166764
1302 1783356107.768697 0.2357209770562952 0.3320487828084604 -0.0006193502357067235 0.05428730045082983 -0.008695056827697167 0.9897787809840768 0.13158742231003637
1303 1783356107.792684 0.23594014325980922 0.33213117010789883 -0.0005235379507729284 0.05491192159481678 -0.008576458545853816 0.9874548436208446 0.14779735124591836
1304 1783356107.824702 0.23614768037217074 0.3321466740743934 -0.0005445536959061935 0.05624314978735234 -0.008733131400560312 0.9838577693922708 0.16965945338944005
1305 1783356107.852701 0.23616440188962182 0.3321223401586955 -0.0005401688518894866 0.05658731842295611 -0.009442780747732082 0.9808828824885506 0.18595020872911572
1306 1783356107.876722 0.23633799217679513 0.33216155774568246 -0.0005394872363437232 0.05660805477605066 -0.009314624732199017 0.9777785530924853 0.20163796024790556
1307 1783356107.908688 0.23642745008425706 0.33223377989827485 -0.00047850745686713134 0.056029855600352535 -0.009054892388665414 0.9731730578426107 0.22296381700737053
1308 1783356107.932691 0.23645639623839187 0.33229318072809133 -0.0004743586384886589 0.05569892650405822 -0.008883926196600556 0.9693093668450388 0.23928655789262238
1309 1783356107.960725 0.23640478577077126 0.3323913993072535 -0.0005141069068308217 0.0560339877259734 -0.009177703625539047 0.9650200890788044 0.2559534911854572
1310 1783356107.992724 0.23648723707304586 0.3324120028663807 -0.0005358338650186907 0.05600130677626136 -0.009152751196786046 0.9588393272052059 0.27822154012503947
1311 1783356108.016819 0.23668671386181853 0.33231192915564756 -0.00044119869419731884 0.05535154893571792 -0.009031149237555991 0.9538364367762355 0.2950435497547442
1312 1783356108.048672 0.23688039874047848 0.3322319784976441 -0.0004246612761007792 0.0550675624398399 -0.00916111713250467 0.9467885914811632 0.3169779180651765
1313 1783356108.076745 0.23692007905739051 0.33219658421514947 -0.00042793761283474886 0.05471789029138932 -0.009240155110926462 0.9412660648361528 0.33307471714834336
1314 1783356108.108725 0.23704371893194137 0.3321415866896367 -0.0003857553494384103 0.05410940455403421 -0.009231413798231003 0.9334402348240627 0.35450850673812107
1315 1783356108.132731 0.2369218093377146 0.33224142961492853 -0.0004421793064237605 0.05408364651397837 -0.008718281785212778 0.9271516682985586 0.3706598639098444
1316 1783356108.164694 0.2370641895987402 0.3321583459418022 -0.00040973155215343407 0.053307978374530274 -0.00866975477265819 0.9182711982888605 0.3922513240091652
1317 1783356108.192753 0.23667084474243857 0.332235418122662 -0.0005427494291032637 0.0534629499784387 -0.008891695756752638 0.9109675537693209 0.408901903524197
1318 1783356108.217012 0.23686168382763756 0.33220154834934584 -0.00047452273781981545 0.0530767693565809 -0.008920431049560973 0.9037796732986437 0.42460049999588456
1319 1783356108.248732 0.2368108695154425 0.3322016852509665 -0.0004781453064966676 0.05218707890310881 -0.008587743569417383 0.893854715327041 0.4452263551762871
1320 1783356108.280735 0.23673242609005563 0.3321976346595311 -0.00048203422223370117 0.051557346161189566 -0.008321353019268507 0.8831096807076146 0.4662508841613484
1321 1783356108.308762 0.2367863638033186 0.3321182871694658 -0.00047238029137088543 0.05144459803181245 -0.008341008807758121 0.8746529031850414 0.4819400168645398
1322 1783356108.333129 0.23683203210383102 0.3320402810994872 -0.00043444981509199385 0.05115620694570469 -0.008142872756979447 0.8661618354310514 0.4970718368172796
1323 1783356108.364749 0.23699738575532614 0.3317777714100895 -0.0004791780791793092 0.050517449781201984 -0.007661249650025015 0.8545531896047571 0.5168444046884322
1324 1783356108.39671 0.2370714931137471 0.33192159508885777 -0.0005169246231186836 0.050080546012087335 -0.007859502376222571 0.8425687449464998 0.5361977966877611
1325 1783356108.424762 0.2370189107716641 0.3318228079770538 -0.0005491328441308042 0.049574262498095156 -0.007559448902096588 0.8330706119535872 0.5508889204997162
1326 1783356108.45676 0.2369438928599239 0.33203606442645567 -0.000524701227799889 0.04899882640669573 -0.007407120704167824 0.8201123392567887 0.5700526296513319
1327 1783356108.480756 0.23702805352439693 0.3321087951701308 -0.0005460372091172644 0.04881025209042866 -0.007431593786296653 0.8102022977364168 0.5840672627765527
1328 1783356108.512762 0.23706131105091105 0.3321326205285146 -0.0005646454955360244 0.047966148865835834 -0.0068757512290913425 0.7968836575869512 0.6021863572672989
1329 1783356108.540786 0.23705186072380052 0.33225681903476856 -0.0005410185526463964 0.047379940319576264 -0.00684813933919215 0.786390448565462 0.6158719888482638
1330 1783356108.565022 0.23704538838113587 0.3321858908699554 -0.0005340993400106044 0.04691963162883439 -0.006831972953008858 0.7754332706957934 0.6296468176775044
1331 1783356108.596769 0.2371070388327256 0.3319876996854348 -0.0005450917845084158 0.04598382313930349 -0.0062570180077132775 0.7607991902513372 0.6473259842212841
1332 1783356108.62878 0.2370040626324444 0.3319662270466719 -0.0005323777556335597 0.045030315788332165 -0.005880731437004849 0.7456898192348149 0.6647438462650993
1333 1783356108.656839 0.23707608325046697 0.3320466629719721 -0.0005431732050455683 0.04462078789903556 -0.005417602106072228 0.7343452987166046 0.677286215072705
1334 1783356108.688765 0.23706156483950136 0.3320002595332515 -0.0005476925637900379 0.043683283921315263 -0.004993380404492265 0.7184705270169336 0.694166362384404
1335 1783356108.712977 0.23704245093084225 0.33195440427982914 -0.000526352995784643 0.042849198489245954 -0.0047491869036148104 0.706589744396979 0.7063089441070357
1336 1783356108.74479 0.2371925140262814 0.33182702949715714 -0.0005615893303937518 0.042169331858367576 -0.004523311909227834 0.6926058317852676 0.7200683640301305
1337 1783356108.772807 0.2372268324861001 0.33159262257127475 -0.0006070298283839485 0.04175607215983124 -0.00453514399539745 0.683596857886796 0.7286502582131044
1338 1783356108.804782 0.23727295738037793 0.3313418389138192 -0.0006839379587070486 0.041122690901867154 -0.003949373450961913 0.6739589342653642 0.7376128263975816
1339 1783356108.836765 0.2372783812162042 0.3312939371746749 -0.0006022846802351163 0.04054415095267505 -0.003471805924920246 0.6662234222936699 0.7446411686003244
1340 1783356108.864801 0.23729163384220092 0.33118437952014024 -0.0005758146283030077 0.040960567649528046 -0.0047914550663344935 0.6625952240475211 0.7478414557415168
1341 1783356108.88927 0.23717786744596786 0.33139867671116596 -0.0005354796260764617 0.040870480599589865 -0.005402315999618379 0.6605231462528243 0.7496729900841226
1342 1783356108.920814 0.23724885657467518 0.3316099309251854 -0.0004849362969608882 0.04037893263112591 -0.004186331859209358 0.65917713819592 0.7508911485062082
1343 1783356108.952762 0.23717039476026677 0.3320636086416078 -0.0004866965673186244 0.04056993654742802 -0.0035306689633790578 0.6573022225011182 0.7525260147797546
1344 1783356108.980827 0.23715678306324428 0.33239776268641597 -0.00045829164867482175 0.04048400389674389 -0.003155264290522486 0.6566064774292828 0.7531394449460567
1345 1783356109.012828 0.2371482678737754 0.3328392653229012 -0.0004738960357255212 0.04061616092808695 -0.0035741404917836173 0.6574327177380831 0.752409313232317
1346 1783356109.044809 0.23714221994671414 0.33332479063320675 -0.00048087180021591687 0.04091515520993494 -0.0034973045916681933 0.6604575320228854 0.7497396663702538
1347 1783356109.06878 0.23720012320263084 0.33370025858947805 -0.0005035970204038086 0.041050131438327364 -0.003097281413621089 0.6638786624016588 0.7467063781464073
1348 1783356109.09721 0.23722362268996633 0.33411654651943645 -0.0005223798135203638 0.04148336256485563 -0.0034582479306660696 0.6674599881679067 0.7434812272992914
1349 1783356109.128848 0.23723921970448186 0.3345878320371623 -0.0005337220174105404 0.04166587407729849 -0.0038806041356509446 0.6708943416476123 0.74037131102855
1350 1783356109.160846 0.2372078073450181 0.33505867019829705 -0.0005447353727210686 0.04222618356355079 -0.004375314700978961 0.6722364315052082 0.7391183844284138
1351 1783356109.192799 0.2372345736968686 0.33558101141318386 -0.0005536243120493091 0.042062426908860084 -0.004117208400467476 0.6726834170370581 0.7387224250561717
1352 1783356109.220847 0.23731961704212468 0.3359440056506952 -0.0005559588691014441 0.04213294232658493 -0.00413761492302156 0.6731273017998561 0.7383138430811785
1353 1783356109.245136 0.23740571092397916 0.3363237882124851 -0.0005723615545206381 0.04262356514005927 -0.004713664823690733 0.673327179702905 0.7380999404769066
1354 1783356109.276832 0.2374620780305913 0.3367972038439104 -0.0005338242848539985 0.04251594107837231 -0.005010263924980163 0.6731632396668158 0.7382537130085426
1355 1783356109.308793 0.23754222690936874 0.3372896444472281 -0.0005310991963691936 0.04274126846596782 -0.005296272669170987 0.672912298718783 0.7384674479614775
1356 1783356109.336862 0.23762553813425408 0.3376592493667738 -0.0005550169474116476 0.04285105730053629 -0.005216460842071946 0.6726928265989436 0.7386615845343745
1357 1783356109.36887 0.23770829944178865 0.3381557523020582 -0.0005719766966673524 0.04310482005694283 -0.005294587602440393 0.6724588828773299 0.7388592509195187
1358 1783356109.393083 0.23781350921568878 0.3384904048552687 -0.0005801856351363797 0.04317848914500777 -0.005508515960107374 0.6723646592094936 0.7389391310339257
1359 1783356109.42485 0.23787363564491698 0.3389981827687486 -0.0005854146340044646 0.04328089800768309 -0.005688553658697693 0.6721058775968931 0.7391671620984193
1360 1783356109.453166 0.23791569075724148 0.33934092245689595 -0.0005969509076781364 0.04341918208245621 -0.00600442045074201 0.671958334042871 0.7392906863153836
1361 1783356109.484879 0.23794408295789868 0.3399262265037238 -0.0006013644212464024 0.04344893494054225 -0.00578964865788989 0.6716412975796409 0.7395786891240761
1362 1783356109.516839 0.23803131565471655 0.34041089742249586 -0.0006279331476203662 0.043985318723040234 -0.006373329876989575 0.6716176373347585 0.7395636697566942
1363 1783356109.552885 0.23807589270400437 0.3408728269182226 -0.000619290194232883 0.043890471788118 -0.006347443892199434 0.6715053523339071 0.7396714799349554
1364 1783356109.576868 0.23827964147790778 0.34134731968445164 -0.0005441405896326138 0.040987369850065236 -0.003161187757832251 0.6768422164088804 0.7349793578675853
1365 1783356109.608859 0.2381843284672616 0.3415019647528763 -0.0005548904337144799 0.03873656241901824 8.596300477192731e-05 0.6842172257194824 0.7282487620113433
1366 1783356109.632864 0.2380133932679521 0.3416370237245597 -0.0005718277131808013 0.03683561890150022 0.0008803244665414045 0.6903422467534355 0.7225440779332399
1367 1783356109.668869 0.23810726319000441 0.3419920206215107 -0.0005696867644786243 0.0373028673314868 0.0004704989277264371 0.6971425265725635 0.7159612925037437
1368 1783356109.692884 0.23811289345783188 0.3419591305268671 -0.0005689213920188549 0.03741148366686842 0.0005409719360653931 0.6967448357270671 0.7163426010833576
1369 1783356109.72487 0.23802049919817206 0.3418309863105453 -0.0005869216332639055 0.038887354803409324 -0.0008136250620108809 0.6968071986654994 0.7162030714389539
1370 1783356109.749139 0.23801956905819535 0.34180677181461655 -0.0006201648149920056 0.04021235257938749 -0.0021543350759597457 0.6969367570115464 0.7160010351016542
1371 1783356109.784894 0.23801987882824727 0.3417520854969721 -0.0006384112230059576 0.041541073478292834 -0.0036035418474364977 0.6968076715835425 0.716044986381964
1372 1783356109.808902 0.23803985431699518 0.3416607850888427 -0.0006413188808439118 0.042485757405676394 -0.004539097508340029 0.6969282213406865 0.7158668949674815
1373 1783356109.84088 0.23806562795527061 0.34161366605213417 -0.000631977592832525 0.044202674631918626 -0.006119191172723859 0.6968773221194846 0.7158007243432718
1374 1783356109.865042 0.2380520524114173 0.34153935772275024 -0.0006253162522547491 0.045230295142875354 -0.0075004458322184275 0.6967631686062298 0.7158345134089394
1375 1783356109.900916 0.23804152988941704 0.3415276331152065 -0.0006152634973975689 0.04530718980891868 -0.007968342973458387 0.697046964458211 0.7155482467321609
1376 1783356109.925168 0.23802795019074827 0.34153489890681465 -0.0006040470556053293 0.04498786192791804 -0.007396107764434223 0.6976482552414196 0.7149883228610763
1377 1783356109.957022 0.2380813141151905 0.34152061485058316 -0.0006145824191229436 0.04506257967455818 -0.006902585460528132 0.698056180357823 0.7145902933088867
1378 1783356109.988883 0.23807378626445638 0.3415111535142459 -0.0006017289794259875 0.045003367842448405 -0.006971745633048254 0.6980324480015803 0.714616535760674
1379 1783356110.016983 0.238069131774942 0.3415168723646381 -0.0005866468494820035 0.04507983929301129 -0.00720520135172531 0.6980558975594192 0.714586493746776
1380 1783356110.049232 0.23806901690825752 0.3415151882443579 -0.0005893452455340755 0.045233565679113075 -0.007401318182328032 0.6975640803606663 0.7150548921696118
1381 1783356110.080918 0.23807914275961997 0.34152169971818924 -0.0005910592974225515 0.04500229119762189 -0.007028415372264507 0.696081482775505 0.7165165486584198
1382 1783356110.112908 0.23810097105743372 0.3414900346267113 -0.000622029543236485 0.04370733986491637 -0.005538288852587114 0.6942785550045124 0.7183566550532989
1383 1783356110.140944 0.23812157868952283 0.3414579636517837 -0.0006542575870776661 0.04326004265295902 -0.004882228920182197 0.6931730923303041 0.7194552082094332
1384 1783356110.17292 0.23811206835438084 0.34143191321279 -0.0006243886835848259 0.043058512162184814 -0.004759334382861913 0.6920022253151928 0.7205943612223401
1385 1783356110.204916 0.23811262060249774 0.34134746314087383 -0.0006094728864009524 0.04320424910391463 -0.005255326670712379 0.690431021834766 0.7220877914001537
1386 1783356110.228991 0.2381357702598834 0.3412671317686262 -0.0006162303486080059 0.043494024935266995 -0.005533639279758251 0.6890465210277122 0.7233896187331268
1387 1783356110.264948 0.23812082179825048 0.34117839212460566 -0.0005909742106089359 0.04402269088338284 -0.006270943275038632 0.6869159545378157 0.7253751783451298
1388 1783356110.296928 0.23810379820984257 0.3410981338579403 -0.0005934445332954376 0.04467158310764119 -0.00742366395457128 0.6846330395740481 0.7274798553910251
1389 1783356110.328886 0.23807569017626198 0.3410176172338952 -0.0005940577552156889 0.044542409287088414 -0.007585022364567151 0.6826069322477776 0.729387563136299
1390 1783356110.356958 0.23808558612636027 0.3410173282099981 -0.00058994258130763 0.04434141769781008 -0.0071530334565034215 0.6811955835446433 0.7307224163443952
1391 1783356110.388992 0.23807638595043948 0.3409659301252591 -0.0005980004903118393 0.04419250055767854 -0.006779457721258431 0.6795985507885908 0.7322205075067979
1392 1783356110.413159 0.2380787011465225 0.34091732249884343 -0.0006037806051350132 0.04415902224098589 -0.006799582049728525 0.6785609258717559 0.7331840262299328
1393 1783356110.444908 0.23808652325927637 0.34086767240683463 -0.0006119249877683669 0.04409249565761553 -0.00699206513172379 0.6767219308622369 0.7348839303876246
1394 1783356110.473151 0.23805762848174694 0.34081608822387416 -0.0006037450077615945 0.044041801104688694 -0.006945027333166709 0.6752597368041698 0.7362311961618849
1395 1783356110.504969 0.2380589150814603 0.3407900441568785 -0.0006048422628790635 0.043879006112703345 -0.006723149003195372 0.6736057297144126 0.7377565675654512
1396 1783356110.536942 0.23804966199347055 0.3407536634688374 -0.0006068118269263977 0.04373967710650184 -0.006682053724043402 0.6717780559473162 0.7394298035326224
1397 1783356110.568932 0.2380349918001198 0.34073433969808675 -0.0006018005804613287 0.043673184341885385 -0.006767113385633072 0.6702183253436871 0.7408469852266184
1398 1783356110.596974 0.23805588065860117 0.3407034829888165 -0.0006136214857243132 0.043529600052058304 -0.0067146991833154646 0.6691655810998368 0.7418069235357022
1399 1783356110.628943 0.2380611676329466 0.34066499574968867 -0.00061521753118774 0.04338507635965971 -0.006547597668793426 0.6674546444953318 0.7433566853507438
1400 1783356110.652967 0.23803758369154943 0.3406636172778985 -0.0006113819804839608 0.043212570712910625 -0.006464417898886521 0.6662795965010427 0.7444208381822864
1401 1783356110.684957 0.23804101945303857 0.34051383471077445 -0.0005911173990181626 0.040130715543718054 -0.0028455199969728007 0.6642871325513173 0.7463940207508664
1402 1783356110.712983 0.23804777347485984 0.34026025073893407 -0.0006135027264294012 0.035386768418664616 0.003311247947589857 0.6623259720916435 0.7483723130573265
1403 1783356110.74496 0.23801372640321874 0.34001710568631227 -0.0005677053895560089 0.03634796621697933 0.0019529501404457195 0.6599645179890941 0.7504144497096661
1404 1783356110.776973 0.23792245056147196 0.33959304636970544 -0.0005765185245763613 0.03634333944167356 0.0014719169382004793 0.6585527255610412 0.7516550424196451
1405 1783356110.801203 0.2378541609013349 0.33920351067792676 -0.0005701453655048011 0.03518134990457211 0.003521465755775388 0.6584528126335096 0.7517910384095059
1406 1783356110.829044 0.23780350514128748 0.3388246475528275 -0.0005929299901612662 0.036069037914592594 0.0021588712390082643 0.6578865771863197 0.7522497027828977
1407 1783356110.860982 0.23773709866061915 0.338309854790895 -0.0006163885866830084 0.03618072984972254 0.001506105805871405 0.6581788531114703 0.7519902151954589
1408 1783356110.893002 0.23768038463247895 0.33778157631947014 -0.0006318572826697552 0.0360694120458116 0.0018276675637737272 0.6592914893708773 0.7510195664488883
1409 1783356110.929008 0.23765606004119644 0.33724845892183575 -0.000635912789990211 0.036935411979171495 0.0011646428136874443 0.6600505028755986 0.7503117702680101
1410 1783356110.953005 0.237621990661252 0.3368462480518548 -0.0006231410530141736 0.03739819505174169 0.000539305624260189 0.6602619159733472 0.7501035171704773
1411 1783356110.977171 0.2375986879500599 0.33638845892622127 -0.0006454824590879354 0.03815346007196807 -1.6151788732376993e-05 0.6603520241776725 0.7499863448010952
1412 1783356111.008961 0.23758792234915702 0.33585404003896563 -0.0006264230566033133 0.038758938352507655 -0.0006717536466244178 0.6607877396658298 0.7495711150732453
1413 1783356111.037107 0.23755777013979226 0.3353458730490687 -0.0006211263243052247 0.039364764898842775 -0.0011718686897407293 0.6610305291147637 0.7493248171430656
1414 1783356111.069119 0.23748992307423825 0.33476170637883396 -0.00059217724078711 0.04077753480556734 -0.002676816127994752 0.6611981402966517 0.7490974880339988
1415 1783356111.101001 0.23749002696442206 0.3342109636729652 -0.000599015598743929 0.042326072020634875 -0.005359392145865782 0.6619452497050284 0.748337000913411
1416 1783356111.132968 0.23744962402412134 0.3337407918990209 -0.0005955792467584042 0.04199820089491069 -0.005249894331710081 0.6639973563095474 0.746536067812553
1417 1783356111.16103 0.23744735269788378 0.3334597106333511 -0.000552660871355342 0.04185090008762726 -0.00430363401495204 0.6657691338371088 0.7449707654169435
1418 1783356111.193041 0.23739951445958105 0.3332417392670518 -0.0005604498707333389 0.04166002899526278 -0.003972720220454029 0.6676386791204552 0.7433083166630506
1419 1783356111.217304 0.2373454226682353 0.3330885884564321 -0.0005631448575676972 0.04066883933974952 -0.002243912367618006 0.6690635750927804 0.7420882311747786
1420 1783356111.248978 0.23736331282618064 0.3329135810738487 -0.0005612331426617049 0.03931940952542479 -0.00042498446848393545 0.6700558347827437 0.7412684950113381
1421 1783356111.277041 0.23734570198519803 0.3327600900956119 -0.0005635329054191358 0.03857385896334409 0.00021384457740303286 0.6704466620909927 0.7409543069354677
1422 1783356111.309058 0.2373436343542232 0.33256098171302934 -0.0005768989556540934 0.037522300723074054 0.0013388673406358187 0.670826866737211 0.740662945776436
1423 1783356111.341017 0.23733460538861229 0.332360663920145 -0.0005617767205945944 0.03624200026272617 0.002846997031353826 0.6710550626201877 0.7405157087845444
1424 1783356111.364997 0.23735555593500038 0.3322342659771001 -0.0005645271358278477 0.035209926951929815 0.0037387802999099273 0.6711666766723382 0.7404603802301094
1425 1783356111.39318 0.23733128540360937 0.332084821762926 -0.0005249309890591469 0.03564174027580502 0.0034386792254191834 0.6702877482255457 0.7412369232667949
1426 1783356111.425056 0.2373457122672684 0.33208825927065266 -0.000504241592479476 0.04165876530210466 -0.0037944918595455013 0.668294320543129 0.7427199002550219
1427 1783356111.457028 0.23727400119920442 0.3321037552405552 -0.0005364016922396265 0.04154040558732541 -0.006106972611190198 0.6662324490462657 0.7445612287965186
1428 1783356111.489048 0.2372599816322122 0.3321303110113846 -0.0005603920406806635 0.04021327052087109 -0.002303455201852378 0.6662498624551625 0.7446399853262149
1429 1783356111.517056 0.2372587972999615 0.3321682577607551 -0.0005874210929804734 0.03921558063721542 -0.00019689822736257412 0.6667041012959544 0.74429009182007
1430 1783356111.541409 0.23726133800090524 0.3322173890447818 -0.0005847374127159917 0.037774568277787246 0.0008066960921148114 0.6673419778056006 0.743792387626649
1431 1783356111.573042 0.23724372598425794 0.332247499479611 -0.0005676856652563934 0.03637332148068828 0.0018228303289822279 0.6681457667080151 0.7431385424025678
1432 1783356111.609064 0.23727759623391179 0.3323104088466108 -0.0005608210328198818 0.035725401261957 0.003070210061139944 0.6688344400227375 0.7425461341588979
1433 1783356111.633074 0.23732769765087128 0.3323133994654547 -0.0005838635939688346 0.035240678039993645 0.003797972697976215 0.6692398859994104 0.742200542307915
1434 1783356111.665056 0.2373229126425051 0.3323611282736135 -0.0005845154932995998 0.03445325506438668 0.004649418618627776 0.6695807120484644 0.7419252160256103
1435 1783356111.697031 0.23733161289860288 0.33237030858398886 -0.000572827099450406 0.03389471284219492 0.0050124731050198434 0.6697159677180831 0.7418264932840755
1436 1783356111.725076 0.2373417353438708 0.33240940526736346 -0.0005735678095480055 0.034390925223592994 0.0048429134513370276 0.6698042294539144 0.7417250869811647
1437 1783356111.749358 0.23737050412096472 0.3323804271664002 -0.0005648661636942151 0.03507420548305451 0.004441228705943212 0.6711528485188547 0.740475475301067
1438 1783356111.781071 0.23753865522971615 0.3324629778535755 -0.0005876027615195414 0.03566396791106441 0.003504391330618639 0.6795681214185095 0.7327366300287972
1439 1783356111.813035 0.2375618483935996 0.33251582899878085 -0.0005610865780469425 0.03607212499727819 0.0034275341130675097 0.6927479240151351 0.7202689550305533
1440 1783356111.841094 0.2374557364010316 0.3323841192523259 -0.00047027617273682695 0.03620667615588502 0.0032396842059886355 0.7038854151327552 0.7093827622739203
1441 1783356111.873089 0.23741086693960192 0.3323802770418691 -0.000493751976743742 0.03678475337910225 0.0025964767076320783 0.7191645546490245 0.6938605649293059
1442 1783356111.8973 0.23730737466868923 0.3324045035520268 -0.0005420173300870919 0.03730482558899573 0.0020371014542338584 0.7303176660159681 0.6820852636660822
1443 1783356111.929052 0.23718641389274508 0.3323921442135566 -0.0005229663697735691 0.03817025656354567 0.0016027607467552496 0.7450549006068704 0.6659081451323061
1444 1783356111.957102 0.23708882596590009 0.33236381247355606 -0.0005575290261640251 0.03864333737085002 0.000840233535205237 0.7560578318082015 0.6533624885512866
1445 1783356111.989105 0.23697191035718407 0.33234285046988193 -0.0005808718754101248 0.03975228909003703 0.0001131173080129999 0.7704074202005773 0.6363113621620063
1446 1783356112.013336 0.23689559352715878 0.33238463618759256 -0.0005625881174850626 0.04045001627728706 -0.0005970639728974936 0.7808746962571228 0.623376409918699
1447 1783356112.045051 0.2368181824410901 0.3324339525146256 -0.0005566007354558186 0.04150814853839635 -0.001492194993862439 0.794411943444701 0.6059575158964761
1448 1783356112.073102 0.2368171875545771 0.3323803196982398 -0.00047600787929540263 0.04260357901299161 -0.0018131782280544906 0.8044579730699017 0.5924770181232875
1449 1783356112.105116 0.23678628257905304 0.33232469168560674 -0.0005148908739107776 0.04444882070619538 -0.0031009746354645484 0.8176350276226024 0.5740101461635717
1450 1783356112.12911 0.23676245762106485 0.3322821500105181 -0.0005048702798658503 0.04569436858723108 -0.004166833049291441 0.8273161797596791 0.5598594474415914
1451 1783356112.161063 0.23675049425284256 0.33240188204889115 -0.0004555951306863485 0.04737676668905444 -0.005330056552841911 0.8398794198805208 0.5406751266115304
1452 1783356112.189129 0.23674858660387715 0.33237390716750714 -0.00043631876045836446 0.04879600650255056 -0.006317207499180966 0.8489223238180957 0.5262223206612386
1453 1783356112.21325 0.23674671216594273 0.33237275533021327 -0.0004254903469258862 0.050633774031974416 -0.0076373461945971055 0.8577386142979873 0.5115294335740139
1454 1783356112.245121 0.2367667789898072 0.33223574753266205 -0.00041138253198513136 0.05180890256131224 -0.00799176808577684 0.8689018985370227 0.49220062980152024
1455 1783356112.277065 0.23674749814868914 0.33235651345863837 -0.0004000369005049964 0.05213594293715873 -0.008101765956870621 0.8796472942555645 0.4726910645985364
1456 1783356112.305133 0.23677155544984535 0.3323283977925158 -0.0003985256634801114 0.052447392621989164 -0.008300471411866628 0.8872976274464516 0.45813021457811964
1457 1783356112.329428 0.23680314488694118 0.3323421309345107 -0.0004105760523568369 0.052308096101657126 -0.008072315211536951 0.8947456559938767 0.44342858713600397
1458 1783356112.361128 0.236840632956492 0.3322644493615642 -0.0003733937868708667 0.05293411277639776 -0.008570889544414984 0.9045478887420988 0.4229865677881566
1459 1783356112.393086 0.2369338567424256 0.33212156056282227 -0.0004041229360307978 0.05350068301208577 -0.00880110770936493 0.9141119810761882 0.4018202377597413
1460 1783356112.42114 0.2369446708851798 0.33210202746121176 -0.00043013303917429323 0.053884962407967446 -0.008871495417770492 0.9210494979169923 0.38559762678496967
1461 1783356112.445443 0.23673579929714506 0.33229881493166 -0.00043781854167986196 0.054218780966556385 -0.008839271801807713 0.927544290010806 0.3696535961313837
1462 1783356112.477129 0.23664301058836432 0.3325688259126355 -0.00045589781528516775 0.054684566602760554 -0.009046522485740782 0.9358211459804033 0.3480898466521364
1463 1783356112.509108 0.23663213319841853 0.33269245740257963 -0.0004702727424669732 0.055463738934174 -0.009202876221288014 0.9437452492992059 0.3258588423809877
1464 1783356112.537145 0.23670444764333273 0.33272447689957424 -0.00045883412574723205 0.05561981172068742 -0.009349804786041305 0.949427957722232 0.30887792214726184
1465 1783356112.561363 0.23656118668787682 0.3328114510542571 -0.0004396968763240522 0.05576640394726087 -0.009722061188382813 0.9547836462013499 0.2918626023722394
1466 1783356112.593134 0.23672906226676962 0.3328627242036612 -0.00048390785523133757 0.056270253767923106 -0.009609804070473682 0.9615364067849586 0.26868019769549717
1467 1783356112.625186 0.2367401071592249 0.3329352032974537 -0.00042284517651793377 0.05655821356489257 -0.009569661537435437 0.9677069775112397 0.24546444901954365
1468 1783356112.653149 0.23690685429941646 0.33299410550626035 -0.0004771652258336017 0.056756128802056244 -0.009497564459376162 0.9721389290797802 0.22723212950716823
1469 1783356112.677172 0.2368449067849584 0.33302858861079787 -0.0004294760931049602 0.05686164444284558 -0.009764541164705376 0.9761206943722882 0.2094273075443132
1470 1783356112.709162 0.23656846881062127 0.33293117223653323 -0.0004174409248623792 0.056626693282658985 -0.00954180627607687 0.9807973572523405 0.18638378563514155
1471 1783356112.73314 0.2367065464670542 0.33291123932351174 -0.00035138327059032123 0.056269138387511186 -0.009467692566497043 0.9839930033578107 0.16882510537674422
1472 1783356112.76125 0.23661127659512937 0.3329370748130617 -0.0003109322565811902 0.056439635336540894 -0.009559940949018741 0.9869366053336313 0.15059652102441828
1473 1783356112.817341 0.2364111833629004 0.33300730170505455 -0.0003829084578404352 0.05657370816805704 -0.009448071646106948 0.9926647055099311 0.1064280598393463
1474 1783356112.849129 0.23634039779160032 0.332959927796091 -0.00039215356983287025 0.05629935314679968 -0.009481101151507909 0.9949901356588042 0.08206778599353887
1475 1783356112.87714 0.236451383503588 0.3328454074398199 -0.00038912848877856523 0.056172198896590586 -0.009196254582113372 0.9963390147270323 0.06378621093582204
1476 1783356112.909185 0.23640519097262452 0.3329090737833136 -0.0003692106072317944 0.05592603658306722 -0.009420606115572827 0.9976416716833687 0.03866038713384451
1477 1783356112.933168 0.23636840733985365 0.33295258102010145 -0.0003222755945627544 0.05550513979734423 -0.008843164410168303 0.9982253483197765 0.019675666981146867
1478 1783356112.965135 0.235981017661176 0.333140355897628 -0.00038428238592383077 0.055767497883106976 -0.008653048905390093 0.9983910113912259 -0.005522616925325574
1479 1783356112.993144 0.23575262612055364 0.33306675655043566 -0.0003820751176196067 0.05554873565899476 -0.008848606383419222 0.9981332116961934 -0.023793525186493525
1480 1783356113.017285 0.23582982029242813 0.33322350927571776 -0.0003241312178666675 0.05538906325059295 -0.00877569284377544 0.9975077699076205 -0.04281691092616868
1481 1783356113.049175 0.23592045561674935 0.333362831616649 -0.00026962279071068504 0.05493815560610105 -0.008544810550846105 0.9961343745905644 -0.06800803651271803
1482 1783356113.073354 0.23574717115783012 0.3331717511546743 -0.0002937162876998894 0.054866732489024045 -0.008548500345899712 0.9947267355139046 -0.08622810714415871
1483 1783356113.101494 0.2358097265603097 0.3331906652270654 -0.00030107627426589206 0.054634127640569075 -0.008235087169659705 0.9929670509674204 -0.10470783700051439
1484 1783356113.133205 0.23576371377604782 0.33316439437615786 -0.00031756149552780374 0.05398252122077962 -0.008318731429050374 0.9900921617245875 -0.1293607258853814
1485 1783356113.157393 0.23543495840759515 0.3327906726185606 -0.00034686089413684534 0.05322218762051245 -0.008005345593887214 0.9876277335120264 -0.14729145659102966
1486 1783356113.189161 0.2353684317763109 0.33268929220616833 -0.0003416891891085891 0.05229053213663576 -0.008462445766236892 0.9837466485945582 -0.1715710308866163
1487 1783356113.217243 0.2351933169292068 0.3325392288103084 -0.00038572098050158876 0.05157875488221145 -0.008430948815659645 0.9805576563197481 -0.18914342119035302
1488 1783356113.249204 0.23443221373964934 0.3320440695158656 -0.0004321854709360383 0.051406180450761424 -0.008601407033848929 0.9757784019261242 -0.21246159827837338
1489 1783356113.273186 0.23444634918514667 0.3320037173490995 -0.0004678308761413962 0.0513637957281661 -0.008461110162023777 0.9717092582784392 -0.23037206314826267
1490 1783356113.305172 0.23446684214155722 0.3319311915981231 -0.00048123205710105116 0.04982733983412613 -0.008706076034313504 0.965924670306067 -0.2538325663488736
1491 1783356113.333218 0.23433993999522595 0.3316148567882326 -0.0005237165491870505 0.049039954988089496 -0.008764669227079636 0.9613231861177812 -0.2708800384311548
1492 1783356113.357337 0.234108171946202 0.3313909565800118 -0.0005586760137033225 0.048805947872161 -0.009002712081577435 0.9561548823031916 -0.2886256601122743
1493 1783356113.389195 0.2339406708510528 0.3311317841035797 -0.0006157084093697807 0.048470892888323736 -0.008814245948533084 0.9486385044231864 -0.31250259124798896
1494 1783356113.413353 0.23383809592786586 0.33101360431809435 -0.0006043489234464142 0.047891288319804964 -0.00891297876465158 0.9425806922424327 -0.3304067522378843
1495 1783356113.441481 0.23385171849437078 0.330945041554184 -0.0005816736670973509 0.04723632482170903 -0.00933148413906626 0.9361735515160519 -0.3482251203789333
1496 1783356113.473234 0.23371626032304177 0.33071230474185503 -0.0006304586690981644 0.046614370075434786 -0.009169357790508426 0.9272553650685239 -0.3714034347334697
1497 1783356113.497441 0.23357150195301069 0.330624033838434 -0.0006523886238518854 0.04624694953912989 -0.009322650692577095 0.9200004156573276 -0.3890675301701929
1498 1783356113.529194 0.23349651114049147 0.330559418093102 -0.0005831782331628 0.04521329629539095 -0.009336084655794497 0.9098104554701253 -0.4124482155115333
1499 1783356113.557218 0.23340209295595934 0.33043388115967226 -0.0006067427091215848 0.04461146317385353 -0.009362973371180028 0.9018655473173298 -0.42960526840944535
1500 1783356113.589234 0.233385780482561 0.33041694889714374 -0.0005884203056730876 0.04352181559459273 -0.009479673516287757 0.8909471238723138 -0.4519172599282163
1501 1783356113.613239 0.23343598138000018 0.33047554238492105 -0.0005779507442323058 0.042980406775645186 -0.009459254837240527 0.8823528954109428 -0.46852595989043166
1502 1783356113.645213 0.23346772578105243 0.3304894178552777 -0.0005648031634764043 0.042392680562892665 -0.009630055263147197 0.8703814176137983 -0.4904552074786406
1503 1783356113.673269 0.2334222045540599 0.3304099975093643 -0.000570606546050532 0.04165896152812196 -0.009870476011685891 0.8611479686003747 -0.5065483992701483
1504 1783356113.705294 0.2334542563897774 0.33039941988702426 -0.0005652379785399326 0.04034503916684598 -0.010128483206849892 0.8486129951779945 -0.5273762187068994
1505 1783356113.729243 0.23342825907738685 0.33028862272058307 -0.0005914645149557155 0.03967731040391331 -0.00995635883146817 0.8389411156749552 -0.5426825834573945
1506 1783356113.76121 0.23342089929599763 0.3300979044895009 -0.0006226076726378489 0.03894894782775904 -0.009842366482033404 0.8255103515961609 -0.5629553860589013
1507 1783356113.789257 0.2333753997299281 0.32997355674311285 -0.0006364963972632543 0.03801081835072573 -0.01009806881056341 0.814979833352836 -0.5781531613013882
1508 1783356113.813526 0.23330158096899078 0.3297507232824312 -0.0006035249745513453 0.036909484122933045 -0.010391797408379921 0.804235178156734 -0.5930729118275496
1509 1783356113.845247 0.23329109794495484 0.32957517059844377 -0.0006376555759022668 0.03561154613979789 -0.010814673308277012 0.7896037315182249 -0.6124873939888587
1510 1783356113.877222 0.2332602008213713 0.32935754526668404 -0.0006612838309654756 0.03457772339456189 -0.011300503508997917 0.7751208700369709 -0.6307648662524104
1511 1783356113.905293 0.2332475751577637 0.32937734286775344 -0.0006726969350128557 0.033729770850929985 -0.011792257907068171 0.7649972131383534 -0.6430416075981007
1512 1783356113.937289 0.23325820265954905 0.329262306947429 -0.0006471920961722225 0.03250982718065232 -0.01250182210085149 0.7532918035596248 -0.6567634842701977
1513 1783356113.961266 0.23323122612550978 0.32919446908566197 -0.0006474904954661513 0.03167451353597217 -0.012823097113120463 0.7460400081007641 -0.6650237587377603
1514 1783356113.993234 0.23325335541514636 0.32910357790670053 -0.0006473128257134305 0.03270215670338961 -0.011935091953657606 0.7400995963366798 -0.6715956447366885
1515 1783356114.021306 0.2332763740167552 0.3289361343927579 -0.0006270604350094196 0.03741967441727678 -0.00743271656738953 0.7380844870749514 -0.6736288389241065
1516 1783356114.053303 0.23329910087108297 0.3286338707505272 -0.0006060882701082425 0.04386889012839523 -0.004794776712378379 0.7386583658553103 -0.6726338893834771
1517 1783356114.077522 0.23323747073131323 0.3281044734025952 -0.0006338047100067756 0.04050192944776776 -0.005655299636071476 0.7405291147163988 -0.6707788320708854
1518 1783356114.109249 0.23318054410691916 0.3275530202256328 -0.0006687544348281949 0.039698750067005295 -0.005460004820416864 0.7437841207451324 -0.6672176401429063
1519 1783356114.137316 0.23308168135369037 0.3270457703343559 -0.0006388921297220806 0.041993476395574936 -0.004983071954044238 0.7468835738558415 -0.6636088034666516
1520 1783356114.169311 0.2330273086183939 0.3262347643109853 -0.0006435851293185302 0.041363152770624634 -0.005114796907859209 0.752921557925664 -0.6567892021465156
1521 1783356114.193502 0.232925167037257 0.3256559954460909 -0.0005895252238687608 0.040225095900821795 -0.005595496723937665 0.7576654793874519 -0.6513782721435871
1522 1783356114.225263 0.23284537612262984 0.3246872389821338 -0.0006080281735132975 0.04135669356538252 -0.005184173793027269 0.7616483434569985 -0.6466487061369819
1523 1783356114.253331 0.23279882946021704 0.32400232873278 -0.0005805238815285111 0.042266735192781346 -0.005218539920244569 0.7632280868174509 -0.64472410954626
1524 1783356114.285326 0.2326884307571873 0.32300638511102353 -0.0005406006239753527 0.04206140325163288 -0.005195329092447576 0.7640756275682963 -0.64373308309286
1525 1783356114.317316 0.23253400829113163 0.3218795665336523 -0.0005365923260926796 0.04258257436756252 -0.005147818189111586 0.7633249613980259 -0.6445891929243194
1526 1783356114.341309 0.23245258739928154 0.3210421882945135 -0.0005520592944899365 0.042932240987303194 -0.0048484817177169015 0.7617419781839945 -0.646438298355826
1527 1783356114.36962 0.23252626078280314 0.3204432541711226 -0.00044987381321192656 0.0430663300579085 -0.005014381541904478 0.7596261454326673 -0.64891314239134
1528 1783356114.401375 0.23237152428571917 0.3191524570665307 -0.00037065657975029684 0.04302311087667832 -0.004599291099693037 0.7560738127824052 -0.6530545521444209
1529 1783356114.433301 0.2322119793526665 0.31768742376773673 -0.0003163486037002488 0.042357854613745305 -0.004782222918927159 0.752823926980092 -0.6568402221718364
1530 1783356114.457315 0.23217632319730258 0.31678869033936463 -0.00029977600756986994 0.04270521459842491 -0.004594795517508854 0.7506402502067467 -0.6593135576262689
1531 1783356114.493367 0.23209136651816778 0.3154984403108919 -0.0003060523539082042 0.04329286697089674 -0.0043698750892411375 0.7483559106189346 -0.6618686145322574
1532 1783356114.517637 0.23204861567909862 0.31455072409369206 -0.00033291243408249856 0.04325215927164505 -0.0042104997868051 0.7472304284007487 -0.6631426764142987
1533 1783356114.549332 0.23194517615270097 0.31325851486851597 -0.00034782661873608914 0.04335537604298878 -0.004030368519930438 0.7462474539102348 -0.6642430316008264
1534 1783356114.585335 0.23178629286811905 0.31211681638073085 -0.00030064544004707386 0.04335584586183139 -0.0038638814614141426 0.7459855500104888 -0.6645381104385255
1535 1783356114.609383 0.23156060382386018 0.3111749809561142 -0.0002307853147970329 0.04277034201848329 -0.0037571321294762594 0.746027037920189 -0.6645300899837514
1536 1783356114.641322 0.23138539846355938 0.3097889841952529 -0.0003059503312394275 0.04299631189440756 -0.0036394945129359924 0.7465025794151553 -0.6639819050017018
1537 1783356114.665602 0.23137100491182302 0.30884308870428046 -0.00036416838466908977 0.04342383848668874 -0.0033139640341577348 0.746931606627967 -0.6634731063981616
1538 1783356114.701353 0.23124942101210855 0.30761605443280016 -0.0003073724032495156 0.043460032267671145 -0.0032280035441255572 0.7474324253834298 -0.6629069128270243
1539 1783356114.725393 0.23104365951140793 0.30672681631893395 -0.00029353819022534706 0.043802483153772 -0.003194287957778319 0.7475489941978052 -0.6627530763926006
1540 1783356114.757329 0.23087799677973683 0.3052658378953149 -0.00031305662805141375 0.04441480597861658 -0.0029154963781452548 0.7479814237310968 -0.6622255013542988
1541 1783356114.789304 0.23073297308847004 0.3040662333606271 -0.0002939723603561893 0.04479683979401894 -0.0028856912298715898 0.7485754741041583 -0.6615282877552022
1542 1783356114.817375 0.23066375109165319 0.3032158772769241 -0.0002708608996913383 0.04509961245573446 -0.0028511379146446414 0.7491539835317081 -0.6608526348040896
1543 1783356114.84169 0.2305345422354243 0.30228311724209544 -0.0002909318816134137 0.045491548031495355 -0.0026266740620634055 0.7495342627260667 -0.6603953426855472
1544 1783356114.873349 0.23036365332731232 0.30101769407063017 -0.00025838835553734785 0.045482075544678424 -0.0026563742104520616 0.7500374767110481 -0.659824300862833
1545 1783356114.905346 0.23025750278709176 0.2998452380527006 -0.00025354370942939734 0.04552978555849496 -0.002697151527717767 0.7503736565113716 -0.6594385032847175
1546 1783356114.93339 0.23014419862980073 0.29884638883872405 -0.0002641820177909041 0.04541506985535659 -0.002597476137145227 0.7504939772178865 -0.6593098776049306
1547 1783356114.965389 0.22997776152409738 0.29757732567448636 -0.00025301765942213963 0.044999747782852206 -0.0025890090415697786 0.750409886880029 -0.6594340917820102
1548 1783356114.989543 0.22987520769966477 0.2966581634757965 -0.000247079275811796 0.044704236002988784 -0.0025650478139278565 0.7503449588510256 -0.6595281605359655
1549 1783356115.021349 0.22974902669678712 0.2954353890838905 -0.00021627973059322458 0.044065609271863204 -0.0024726393294370874 0.7502213457716976 -0.6597120890833736
1550 1783356115.049745 0.22970802918495695 0.29458002434969544 -0.00018903404207161467 0.04354816469998679 -0.002458095688247508 0.7501794131608494 -0.6597941824436572
1551 1783356115.081452 0.22955821314036387 0.2932918174590251 -0.00019053518797364395 0.04261539720493357 -0.0025222970854846816 0.7500618839682863 -0.6599884363808378
1552 1783356115.113361 0.22933462249050907 0.2919462460837004 -0.00018065473794673728 0.04226484812495701 -0.002441108037447348 0.7497500295548214 -0.6603655175636205
1553 1783356115.137546 0.22924075881951061 0.29100472214880213 -0.00017059027930429668 0.04243170831259335 -0.0022612365366114773 0.7496205650028724 -0.660502418968905
1554 1783356115.173398 0.2290928872617384 0.2897751823276476 -0.00016925702174561998 0.04269673195833967 -0.002040761948869707 0.7495020569255048 -0.6606205348270543
1555 1783356115.197433 0.22897358253144506 0.28881173311175795 -0.00016412804609782818 0.04279028130261886 -0.0020814808428133436 0.7495566357830914 -0.6605524271525145
1556 1783356115.22939 0.22879370356356474 0.28753840357805205 -0.00016703969858744214 0.04336880889063066 -0.001866723312966001 0.7498183176747825 -0.6602182610613251
1557 1783356115.265392 0.22870630655681087 0.28634234366547673 -0.0001523745962990434 0.043955622172143105 -0.0014894519586911015 0.7503854853343237 -0.6595356762237311
1558 1783356115.289428 0.22851091101223978 0.2853826862517287 -0.00015241376784983288 0.04441852296343474 -0.00128163058563191 0.7507715602870458 -0.659065563130819
1559 1783356115.313699 0.22851620436017747 0.2845533364008195 -0.000141510111844316 0.044993687506008406 -0.00109088643472266 0.7515084910818907 -0.6581864218313975
1560 1783356115.345388 0.22833055146456657 0.28331966525721886 -0.00011464083833144512 0.045407970352294824 -0.0009686269788965474 0.7522199875865668 -0.6573448625078974
1561 1783356115.381412 0.22825828856889946 0.28217174831177894 -0.000102775689440315 0.04581124634899325 -0.0007146921354290736 0.7528401131538256 -0.6566068709278321
1562 1783356115.405446 0.22813119278497673 0.2812693434872011 -0.00011566767237399488 0.045514833428453416 -0.0006282884912165443 0.7531290605795724 -0.6562961399414771
1563 1783356115.437394 0.22799388465979145 0.27991641374606324 -8.20946138196943e-05 0.04514800891997006 -0.0004691262308109678 0.753168537506955 -0.6562763071456843
1564 1783356115.461644 0.2278082817401747 0.2788859880227696 -7.892068870837127e-05 0.04515383205948886 -0.00017601831751945518 0.752894054455876 -0.6565909253354691
1565 1783356115.497409 0.22768875677454578 0.2777199725429006 -2.042667874031963e-05 0.04457348811999462 -0.00013876020036363013 0.7527308230214586 -0.656817701478775
1566 1783356115.52147 0.22756800728770948 0.2767927031232846 -2.4361664188428736e-05 0.044482042839217084 7.304516371442471e-05 0.7525707484294141 -0.657007314371496
1567 1783356115.553409 0.22740350308987403 0.2755750830818218 1.3666682757521378e-05 0.04448711206276856 0.0002112603387594003 0.7522995993224252 -0.6573174005674144
1568 1783356115.585378 0.2272657532505382 0.27431463413785934 2.775684279621507e-05 0.04484024206260828 0.0003421827776205477 0.7522277485654202 -0.6573755774980633
1569 1783356115.613419 0.22713846499326829 0.2734191971242619 6.348586876734653e-05 0.044886240906848784 0.0001529517871320385 0.7522909175419304 -0.6573002185964371
1570 1783356115.637585 0.2269988930075615 0.2724465474356301 5.2164309928806954e-05 0.04516431093404094 0.00034877901705754333 0.7523803502337516 -0.6571787214701859
1571 1783356115.66941 0.22683732744136262 0.271174429672451 6.918913277751022e-05 0.04564085896963532 0.00038327566980767003 0.7526257370128955 -0.6568647235756164
1572 1783356115.701386 0.22667253130661327 0.26991782890104726 6.24161771820772e-05 0.04630972468005945 0.00038204320476864506 0.7529949790030414 -0.6563945650591998
1573 1783356115.729456 0.22653846741496328 0.26898488553651584 7.585465955685031e-05 0.04668740591438847 8.625609657819666e-05 0.7533406560097076 -0.6559711386118559
1574 1783356115.7538 0.22642399959725568 0.2680620133953521 6.88703959182517e-05 0.046801886886078115 -0.00014410643784024124 0.7537414331386258 -0.6555024138684523
1575 1783356115.785429 0.22626447403444674 0.2667952483369418 5.115745344083655e-05 0.04658868302502961 -0.000691453350537663 0.7540778495429671 -0.6551302262412501
1576 1783356115.817395 0.22613257037318715 0.26557813924871326 5.6101714666620395e-05 0.04621652297247092 -0.0013413155923398534 0.7540862784853035 -0.6551458757231112
1577 1783356115.845453 0.22598707663220444 0.2645861487371314 4.707915914322486e-05 0.04603627443884484 -0.001573831705118267 0.7537568227338253 -0.6555370597241349
1578 1783356115.869737 0.2258080044876781 0.2634200402037718 1.2136142082279366e-05 0.04581389386507795 -0.0018862055567701042 0.7533809925937737 -0.655983695952832
1579 1783356115.901453 0.22559771140598886 0.2620953744109915 5.33288954113198e-06 0.0454373073867711 -0.0020783358597095125 0.7528374916682776 -0.6566329589322414
1580 1783356115.933414 0.22547218575927672 0.26093853341292284 4.058745093071456e-05 0.04482059791951665 -0.0024495594388300734 0.7527528339458758 -0.65677110521638
1581 1783356115.961481 0.2253314825800034 0.25996997066064365 4.158020418277772e-05 0.0441538435218618 -0.0027037565231473604 0.7529237390038536 -0.6566193501926115
1582 1783356115.985765 0.22521282170446924 0.259013358025995 5.706354558265847e-05 0.0438802830285 -0.002680126698095253 0.7531363141045132 -0.6563939594932978
1583 1783356116.01746 0.225055097222454 0.25777192941023475 7.46409512699768e-05 0.04329829773482019 -0.0029774632307961735 0.7534198444683249 -0.6561058832896574
1584 1783356116.04943 0.22488446941366944 0.25648923622988923 7.319966131569093e-05 0.04287810695607919 -0.003150706052442609 0.7535242198986324 -0.65601279790976
1585 1783356116.077495 0.22475657565826448 0.255523443614574 8.016738939535181e-05 0.04299682347374245 -0.0033399095436953408 0.7535299476799077 -0.6559975122856211
1586 1783356116.109498 0.22461182386359765 0.25430301504860675 9.018888948626735e-05 0.04313684348163749 -0.0036118510753153643 0.7535366689405507 -0.6559791580745757
1587 1783356116.133735 0.22450269768048495 0.25339268985146896 0.0001021112904113497 0.04324051327238343 -0.0035632079994234456 0.7535267567950727 -0.6559839848308746
1588 1783356116.165444 0.22434101678829058 0.25216724845199134 0.00010550775766838758 0.04373682787156097 -0.0036016287844815587 0.7537138810536528 -0.6557358490008552
1589 1783356116.193512 0.2242140795732051 0.25120843347032795 9.975983871245847e-05 0.044319065996165974 -0.0034674564605399194 0.7538964874388525 -0.6554875157943757
1590 1783356116.225531 0.22407765958523246 0.2500291687833843 0.00012912397730968465 0.04467331528523222 -0.003591874618488533 0.7543598512773307 -0.6549294680490371
1591 1783356116.249474 0.22395859518380437 0.24914645918214215 0.0001347432583670722 0.044668618052267295 -0.003656345811088535 0.7548360585374554 -0.6543805241816489
1592 1783356116.281457 0.22379660099498208 0.24787407938630635 0.00012155049051522718 0.04503946760833211 -0.003380412617496331 0.7552744437342109 -0.6538505439395701
1593 1783356116.309536 0.22363538626052396 0.24698401863606226 0.00015592813570159542 0.04493741876411439 -0.003506074441413598 0.7554332948025142 -0.6536733686946774
1594 1783356116.341523 0.2234615064251587 0.24571650165546166 0.0001690766642509934 0.04447038673910797 -0.003329237864594492 0.75550952119881 -0.6536181333595789
1595 1783356116.373471 0.22333832234003873 0.24449694383458587 0.00016268446090068715 0.04432007819535777 -0.0031743093727136795 0.755587641898281 -0.6535388051518892
1596 1783356116.397507 0.22322468531213896 0.2435299505299947 0.00016836640874191497 0.04426781284031345 -0.0031300083456512473 0.755586307409119 -0.6535441039822357
1597 1783356116.426025 0.22309690304926635 0.24262396008254572 0.00017549978524693428 0.04413331404506882 -0.0031062833251479516 0.7556267698318408 -0.6535065311906237
1598 1783356116.457539 0.22290421001245456 0.2413623265826755 0.00017734653867140446 0.04394302334355915 -0.0032284634357703235 0.755604756464268 -0.6535442140604151
1599 1783356116.489507 0.22271764465699728 0.24013914557471353 0.00017744737495383085 0.04411688386468826 -0.003242859442272983 0.7554083477464831 -0.6537594454963048
1600 1783356116.525507 0.2224986785757088 0.2387931230391054 0.00017302476205264226 0.044383456499822116 -0.003239415875639806 0.7551434277496131 -0.6540474130370656
1601 1783356116.549544 0.22244652167501486 0.23788809225302332 0.00018691799708190487 0.04458919960106089 -0.0034553940026519347 0.7551875120198767 -0.6539814104548017
1602 1783356116.573859 0.2222558670392332 0.23675495274854336 0.0001853177520611416 0.045050881708378565 -0.003500859998261552 0.7551594191084421 -0.6539819674642191
1603 1783356116.605508 0.22212686312532645 0.2354672326883528 0.0002101295744908211 0.04554011976362515 -0.003667124483712425 0.7555663581392583 -0.6534769530275064
1604 1783356116.64152 0.22198048812566826 0.2342984270262224 0.00022910913187887752 0.0455770449764995 -0.0038732296583715575 0.7562073228226338 -0.652731350536075
1605 1783356116.665563 0.2218402812630365 0.23339188551954076 0.00021838968612199888 0.04578377865096994 -0.0036498719724616935 0.7566317124069656 -0.6522261692289929
1606 1783356116.697527 0.22164199167631923 0.23216944362271963 0.00022883812697209287 0.04573643577365871 -0.0037854207765527503 0.7571891369989743 -0.6515815066766514
1607 1783356116.721524 0.22150815679619787 0.23126344855126513 0.0002362193423503904 0.04569849823247496 -0.0037323766079965237 0.7575032933456379 -0.6512192236065094
1608 1783356116.757518 0.22131219916004954 0.23004992015113335 0.0002519828148767056 0.045502305127008036 -0.0035605668077766106 0.7576370481186779 -0.6510783101211037
1609 1783356116.781591 0.22115223344845927 0.2290886739174035 0.00023372287623143334 0.04531974294791774 -0.0035179458288132626 0.7575584788072866 -0.6511826902977921
1610 1783356116.813596 0.22097832425866382 0.2278472041766428 0.00024293420990382716 0.0449088447679622 -0.0034409778344661746 0.7574215906520614 -0.651370777167084
1611 1783356116.837697 0.2208647038909504 0.22694271861393897 0.00025953369762476107 0.044602132858823085 -0.003443483855954277 0.7573173935718434 -0.6515129757394917
1612 1783356116.873528 0.2207223061630479 0.2256883356352193 0.0002715760233552283 0.044372539634244035 -0.0032938936130528784 0.7571659439408956 -0.6517054252707782
1613 1783356116.897592 0.22057134685016874 0.22476472875191789 0.00029560463344008303 0.044002987812065464 -0.0033934390909062806 0.756923994088072 -0.652010957583159
1614 1783356116.929566 0.2204355570858579 0.22349239578866809 0.0002899743418794346 0.0439487719155085 -0.003627856523875428 0.7567299926656332 -0.6522385010902312
1615 1783356116.961506 0.22026179630836343 0.2222570601572904 0.0003126335034012665 0.04418183140850218 -0.003452390234549685 0.7564515497041316 -0.6525466264760528
1616 1783356116.989554 0.2201376070281303 0.2213256254666276 0.0003091115588162354 0.044231853762898066 -0.003458879715564356 0.7562896891398145 -0.652730790881366
1617 1783356117.013603 0.2199708254644694 0.22041303105669835 0.00033214365880467923 0.0440889569678139 -0.003486489683811045 0.7562799608316025 -0.6527515829990186
1618 1783356117.045571 0.21980896221142168 0.2191249929909049 0.00032588381742392966 0.04458570033050657 -0.0035353517135476853 0.7565003075713723 -0.652462183776745
1619 1783356117.077529 0.21970723623082214 0.2179169225743088 0.00032639449907583516 0.04525804701938019 -0.003656859421219627 0.7569636488838425 -0.6518775734964533
1620 1783356117.105583 0.21949092573908702 0.21692657402087243 0.0003279346924992231 0.04559313140135779 -0.0032569577255392446 0.7570702687392048 -0.6517325116844648
1621 1783356117.137594 0.21934779308877855 0.21568040996152274 0.00034218368453560466 0.04582574600500344 -0.0033203487481625604 0.7574872913215547 -0.6512311262321616
1622 1783356117.169558 0.21919247481572637 0.2144452864833957 0.0003583480049968446 0.04602492778684253 -0.003342694261070367 0.7579578214702095 -0.6506692503026611
1623 1783356117.193551 0.21906468801294293 0.21353913162321442 0.0003615834320343965 0.04574412786240889 -0.003453650395444763 0.758329628382213 -0.6502551205355849
1624 1783356117.221822 0.21894258556878451 0.21259320729129574 0.0003803187415008791 0.045324123104997116 -0.0037205782474795113 0.758665657790366 -0.6498909915145606
1625 1783356117.253619 0.21872601717232917 0.21138788078807885 0.0003887071911549758 0.04507652540547402 -0.0035964713653140468 0.7588455725093053 -0.6496988297158252
1626 1783356117.285566 0.21851355637225947 0.21010318435513126 0.00039747679082353417 0.04481854424020071 -0.0034927840926727294 0.7588233118810664 -0.6497432415172326
1627 1783356117.309641 0.2183785309076684 0.20916278699521199 0.0004131299826698846 0.044568977265086684 -0.0034974295226126717 0.7587105507409677 -0.6498920483023439
1628 1783356117.345598 0.2181950566629405 0.20790583244178337 0.0004290574500761639 0.044243787297407744 -0.0034366589639045486 0.7583203491446002 -0.6503698368881812
1629 1783356117.36996 0.21806712603592004 0.20696434088286206 0.00042474109032222124 0.04394748457575359 -0.003664029129839763 0.7580403287047104 -0.6507150325198078
1630 1783356117.401581 0.21780285190879756 0.2057796724928398 0.00044064671175338826 0.043706561204803096 -0.0036750260810554103 0.7574487285551457 -0.651419722069533
1631 1783356117.437628 0.21767149772506156 0.20451924832733676 0.000415108833781078 0.04359382428065206 -0.003990530343606413 0.7573028123508395 -0.6515950464496133
1632 1783356117.461636 0.21754001334899337 0.20360530953240494 0.00042975063886478183 0.04356242523249876 -0.004242244747335366 0.757230354422795 -0.6516797593972788
1633 1783356117.485671 0.21739582523425544 0.2026456584331998 0.0004218596077309681 0.0438515425133299 -0.0042552594432268 0.7572050062305542 -0.6516897371645951
1634 1783356117.517607 0.2172174572648095 0.2014127914920675 0.00040988119049000307 0.044300527747902385 -0.004219088310896901 0.757315339239435 -0.6515313802786034
1635 1783356117.553633 0.21706311207019396 0.20019813346010193 0.00042452993847231883 0.044508641698141505 -0.004387243969997678 0.7577197784950365 -0.6510456744207485
1636 1783356117.577641 0.21691073684372364 0.19927005997939495 0.0004118093692955672 0.04478051225714763 -0.004461273200801141 0.758049628716172 -0.650642423429866
1637 1783356117.609612 0.21670907815845972 0.1980313146146574 0.00041288809889433384 0.04499113132090149 -0.0046676257948735644 0.7585494814340261 -0.6500436105278434
1638 1783356117.633864 0.21660688729683925 0.19710185099968888 0.00038715160533299604 0.044737746782017696 -0.004755159870579062 0.7589523296819206 -0.6495900890083366
1639 1783356117.669628 0.21641470617086506 0.19584327184302952 0.0004047487973683865 0.044513366007895794 -0.004705638327157535 0.7592496096822101 -0.649258382627435
1640 1783356117.693734 0.2162789216327991 0.19494037125081168 0.00043851771741277787 0.04413445303114938 -0.004886709269797285 0.7594483016823615 -0.6490504966487051
1641 1783356117.725623 0.2160266289790673 0.19367784761078768 0.00045485760633206217 0.0440314111624136 -0.00468087103155046 0.7593506918401826 -0.6491732057619667
1642 1783356117.757579 0.2158466824159474 0.1924326060973716 0.00046707891720439154 0.04391205889711336 -0.004633290903272247 0.7593042184394976 -0.6492359875721658
1643 1783356117.785628 0.2156929134365642 0.19152817273691547 0.0005009893045316884 0.043456506089670555 -0.0047492579843267935 0.7591837138141535 -0.6494067025419635
1644 1783356117.809787 0.21556630573544125 0.19059507414609245 0.0005065524265612607 0.04320067888868895 -0.004896785507865986 0.7590687077390077 -0.6495570950783921
1645 1783356117.84164 0.21538770622404893 0.18936968793325376 0.0005277084255002912 0.043141591325742135 -0.005163169439968862 0.7589734408367287 -0.6496702708941465
1646 1783356117.873592 0.21526401939927092 0.188095850311652 0.000506831366712656 0.0431103323377634 -0.005078396636817528 0.7589312298566177 -0.6497223233671816
1647 1783356117.901632 0.2151199195691241 0.18715058882520114 0.0004689122476891367 0.04339949019997791 -0.004963944773938911 0.7589772604409646 -0.6496501840499944
1648 1783356117.925761 0.21498911172958776 0.18622488609858465 0.0004936184562546516 0.043617935340705016 -0.005334104789832428 0.7591206576408017 -0.6494650492410673
1649 1783356117.957643 0.21481536678541496 0.18501356992776366 0.000516100328614863 0.04415493799079684 -0.005392990813907872 0.7595663107593479 -0.6489069861394189
1650 1783356117.989602 0.21467355675169014 0.18371908875564485 0.000517770762907644 0.044883411641153836 -0.005096086626413143 0.7600876820416327 -0.6482485826202202
1651 1783356118.017638 0.21452610719223578 0.18282445700487193 0.0005232255179775727 0.045561977668128084 -0.004733563899243953 0.7603720155563322 -0.6478704326658083
1652 1783356118.041685 0.214370803280084 0.18194188940135553 0.0005286384290899386 0.04581701524887716 -0.00466900834216688 0.7606093207154591 -0.6475742912713204
1653 1783356118.073654 0.2141891443841526 0.18071205015368302 0.000534651569404871 0.045524768151605666 -0.004665065030832971 0.7611037428999897 -0.6470137751212311
1654 1783356118.097628 0.21403801846304643 0.17976503834135177 0.000507629508021067 0.04558594773522251 -0.004465243648753892 0.7613205421168239 -0.6467557615662841
1655 1783356118.133685 0.21386365043930675 0.17854881925300034 0.0005094153809871004 0.045417334363347495 -0.004245587418391095 0.7615326790616416 -0.6465193109629438
1656 1783356118.157908 0.21369640710737822 0.17762528250116358 0.0005131188546303785 0.045180720567856825 -0.0039886387069260065 0.7615026046444028 -0.6465729474467868
1657 1783356118.189674 0.21348398682412123 0.17640935424442983 0.0005477723707486715 0.04485447210729021 -0.004146949420979151 0.7615071365779403 -0.646589328773173
1658 1783356118.221646 0.21331926017907282 0.17517962954708882 0.0005427258810806468 0.04372863859160836 -0.003972500579573324 0.7606095873846695 -0.6477229971095612
1659 1783356118.249676 0.21321760122547184 0.1742619171899906 0.0005622622778643175 0.0422148438944665 -0.005533357046705989 0.7575664890800107 -0.6513680246509999
1660 1783356118.281706 0.21308326351292373 0.1730138744511281 0.0005625191470752106 0.04117131404348706 -0.006323080440478801 0.7536871442724812 -0.6559120597397704
1661 1783356118.305924 0.21290409679753564 0.17209660236538132 0.0005731191771730145 0.04150621406796995 -0.005010186101309433 0.7523758327457721 -0.6574060682174147
1662 1783356118.337669 0.21275360648806355 0.1708415148552762 0.0005743167415364209 0.04336036716655356 -0.004038103649803615 0.7527903102080555 -0.6568183319114614
1663 1783356118.366026 0.21266568635118807 0.16995809667260217 0.0005823639174506665 0.04449872961136747 -0.003946354835590138 0.7543571855580666 -0.6549423836822587
1664 1783356118.397773 0.2124885727751722 0.1687680152311626 0.0005983421593348734 0.04557340803912935 -0.0034637698013785245 0.7573756049184132 -0.6513779700396153
1665 1783356118.42969 0.21228184205779643 0.16753068499413626 0.0005848494934620942 0.04577705607626115 -0.0036594887517859 0.7608129570416199 -0.6473443547885875
1666 1783356118.461702 0.2120885191213233 0.166305256188725 0.0006445653399545 0.046110090792147895 -0.003677743004240508 0.7636896213352278 -0.6439242936855165
1667 1783356118.489724 0.2119243150613113 0.16533640648624998 0.0005837572210956685 0.04651425494341299 -0.0034991300365874167 0.7653149548072713 -0.6419635504640357
1668 1783356118.514028 0.2117591281425007 0.16445230048348125 0.0006351687091981535 0.04676482746062838 -0.0034470206901549005 0.7662779843925879 -0.6407957705823066
1669 1783356118.545695 0.211538254069231 0.16321530320057565 0.000668071100766332 0.046635015969512916 -0.003402340804647852 0.7669014643658106 -0.6400591717303546
1670 1783356118.58172 0.21131177943509666 0.16195287346544304 0.0006260176715959329 0.0460675423395126 -0.003283825132745277 0.7668826436872772 -0.6401234325085338
1671 1783356118.605731 0.2111666605320143 0.1610661762163864 0.0006820695755690546 0.045833993126427774 -0.0033455046999137927 0.7666161412062418 -0.6404590109557682
1672 1783356118.629737 0.21101518980902592 0.16013379349941198 0.0007382388651151605 0.045552439777080234 -0.0035603985836820673 0.7660963565081388 -0.6410995798916386
1673 1783356118.661706 0.2107903798015967 0.15889003906558327 0.0007342966441462005 0.04549794184493838 -0.0034315580674016966 0.7650601654632694 -0.642340334183071
1674 1783356118.697711 0.2105578643001331 0.15760600879901177 0.0006437755038976242 0.04528543777825911 -0.0031545436821215356 0.7639982859495719 -0.6436193728015848
1675 1783356118.721746 0.21047066491572583 0.15666231724477023 0.0006820071412368227 0.04513962737226307 -0.003472134718650155 0.7634188571350304 -0.6443151456328129
1676 1783356118.753713 0.21026224289749662 0.1554306672908904 0.0007208187916685743 0.04531750508433652 -0.0036426679507031157 0.7624655783072642 -0.6454295442569246
1677 1783356118.777754 0.21009866981225017 0.15448640564868438 0.0007279060571084763 0.04528170485130378 -0.0038089902691079702 0.7617513199079361 -0.6462739244448955
1678 1783356118.813722 0.2099007449904701 0.15327338526981693 0.0007549674882113885 0.043843056466582375 -0.005074797534602382 0.7609405745422875 -0.6473186810566369
1679 1783356118.837735 0.20977984694895074 0.15241441922729407 0.0007881719306682897 0.041377361029473425 -0.007061401064252237 0.7605497459016434 -0.6479213954008559
1680 1783356118.869716 0.20965212697375654 0.15133255698008766 0.0008121642705366909 0.035838403006773656 -0.012348812018716182 0.7605144559634512 -0.6482136052122526
1681 1783356118.894007 0.20953952405157614 0.15064684144244037 0.0008541941147328942 0.03125212331854432 -0.015092234781242553 0.7601609437912843 -0.648807266275382
1682 1783356118.929764 0.20940426086951108 0.14987821183813851 0.0008472511026880979 0.03372995656023969 -0.013358898839459843 0.7602585943359054 -0.6486067372380854
1683 1783356118.953764 0.2094189311761527 0.14942052693377347 0.0008478798836881671 0.03434277178060097 -0.013149836542075355 0.7610672962081279 -0.6476296985683966
1684 1783356118.985737 0.2093465444235055 0.1490225713468561 0.0008796069297570437 0.03241338347770362 -0.0141758603400437 0.7627587350982679 -0.6457147432004611
1685 1783356119.009906 0.20936219553794227 0.14878962833429668 0.0008484985502763311 0.03469414571000751 -0.013145350857439286 0.7637390825225034 -0.6444580124662679
1686 1783356119.045772 0.2093653641682437 0.1485395967637052 0.0008471254693271143 0.03706814053837437 -0.011717621218911178 0.7642503241196279 -0.6437469164143943
1687 1783356119.069787 0.20930206402030174 0.14839408391454748 0.0008555244145926292 0.03779843157858609 -0.010988602121010604 0.7646280122976356 -0.6432686312913074
1688 1783356119.101746 0.2093100146139683 0.14816692047076604 0.0008497150864201289 0.039876619537776214 -0.009175477473896798 0.7652020416460696 -0.642488522300634
1689 1783356119.13371 0.20926237823005323 0.14796509039251665 0.0008818459084997884 0.04193759146401488 -0.007674028037937153 0.7653517375523139 -0.6421986184518965
1690 1783356119.161761 0.2092105148720789 0.14778334538888407 0.0008235311552167533 0.044070675075059684 -0.0059382251622378535 0.7652939662432275 -0.6421430201380849
1691 1783356119.186101 0.20917628217711523 0.14762342706758771 0.0008664610931015965 0.0458427559842669 -0.004331614159578834 0.7651582067533533 -0.6421935825594431
1692 1783356119.217745 0.20909490183067525 0.14742431647511492 0.0008978793252955551 0.047285114294517316 -0.00371354882598518 0.7652513721954461 -0.6419818259688183
1693 1783356119.249728 0.2090852445341083 0.14720692072957303 0.0009325939535041166 0.046884586650553506 -0.0038446655217354575 0.7661102921741182 -0.6409852371985802
1694 1783356119.277776 0.20899396342495516 0.14703174801632646 0.0009034327080766139 0.047116582429724496 -0.003851299534928576 0.7666126162754375 -0.6403673100021298
1695 1783356119.309782 0.20898790115029844 0.14673840641074035 0.0009213883482957069 0.04681163539984934 -0.003980308079419181 0.7674343627106865 -0.6394038839963572
1696 1783356119.333761 0.20892403557131492 0.14655145378649514 0.0009009460181383551 0.04675980809764724 -0.004105507482398574 0.7675872766431151 -0.6392233083129781
1697 1783356119.365739 0.2088559017106932 0.14625981735689159 0.0008862764297761366 0.046813966153430475 -0.0039203976476794855 0.7676857295490495 -0.639102263884281
1698 1783356119.393789 0.20881946639106722 0.1460560911427448 0.000892403499649955 0.0469340767506814 -0.0037461198886143965 0.7677307710533978 -0.6390403916835745
1699 1783356119.425799 0.20876309737536286 0.14578772309596114 0.0008959175407789802 0.04688486761741706 -0.003571755747186045 0.7676399539082953 -0.6391540916813802
1700 1783356119.449763 0.20874703912131917 0.14558133982598692 0.0009042278951906894 0.04690883531748302 -0.003606324449528908 0.7675246059150639 -0.6392906497893175
1701 1783356119.481766 0.20871219753863857 0.14530186356999755 0.0009085304944019112 0.0468131026264752 -0.0036593869942821433 0.7672209969943781 -0.6396616950234412
1702 1783356119.510099 0.20866330030644795 0.14510134736685726 0.0009550976931126318 0.04635171962003448 -0.003978622569775547 0.7669306789156078 -0.6400414224007365
1703 1783356119.541799 0.20868168665641193 0.14498205739946446 0.0008989242784024441 0.03960469156492519 -0.009633082484961308 0.7664920418921007 -0.6409591421018686
1704 1783356119.573783 0.20862569636733927 0.1449276276613344 0.0009207856637240587 0.032797128150305555 -0.014357978800486726 0.7662004364476246 -0.6416035286821037
1705 1783356119.60983 0.20863097217392307 0.14491498197726496 0.0008972509483434754 0.036423207405272606 -0.011947454004018532 0.7667144335740674 -0.640842871267467
1706 1783356119.633815 0.20865617964582533 0.14495318167513704 0.000880965881574795 0.03809283663779661 -0.011150249645466737 0.7665728273157 -0.6409295656707874
1707 1783356119.658157 0.2086402924240837 0.14499709583742976 0.0008913131883770218 0.038381887917689594 -0.010856453425987511 0.7660953367571405 -0.641488038156478
1708 1783356119.689795 0.20863328048930488 0.14505178773828037 0.000847041769705929 0.03898740937313394 -0.009845257355635129 0.7653511659758022 -0.6423555445058858
1709 1783356119.725844 0.20866575024048264 0.1450965175459529 0.000853464321275527 0.04057752174109519 -0.008780702569994747 0.7646924014209332 -0.6430566811726744
1710 1783356119.74985 0.21143785164367143 0.14491614249974474 0.0009055041285399561 0.042250852430616215 -0.008703808430844617 0.7715194818949417 -0.6347415208131938
1711 1783356119.781811 0.21147380911821714 0.14491797096286713 0.0009069302957395563 0.044398188132209415 -0.006866202531869869 0.7711833662905083 -0.6350258827088924
1712 1783356119.805888 0.2114484517445315 0.14507166302802005 0.000932373983399442 0.045919791099402696 -0.005398327641615186 0.7709701297906271 -0.6351907507313725
1713 1783356119.841838 0.21142606484174192 0.14516648001520685 0.0009260195124242213 0.047427659984729975 -0.004400729681331539 0.7704675423578458 -0.6356972682179042
1714 1783356119.865858 0.21138479833510188 0.14518258423640035 0.0009151760421904857 0.04803531743330047 -0.004245671490935687 0.7699464354949092 -0.6362837959757871
1715 1783356119.897815 0.21140873354455011 0.1451362853798403 0.0009322342366309116 0.04924079247470914 -0.003842570421517255 0.7716652731654121 -0.6341082598417787
1716 1783356119.922063 0.21134545261287552 0.14492519652662755 0.0009362572271113014 0.04855752572251382 -0.004086314346056219 0.774237912512738 -0.631015945566109
1717 1783356119.957822 0.21126832457405445 0.14468310471625725 0.0009476213249954499 0.046877395491517926 -0.004601758662139299 0.7774935468423629 -0.6271244838368453
1718 1783356119.982017 0.21122390690137008 0.14443994179324604 0.0009396931383414096 0.047451745974185444 -0.00423789766145366 0.7790006026044278 -0.6252107110161749
1719 1783356120.013843 0.21107516545265514 0.14401679191788477 0.0009663435202090526 0.047499443926612206 -0.00456553353215694 0.7795959059990852 -0.6244623143790943
1720 1783356120.045814 0.2109433117991059 0.14355907611670654 0.0009701838246005678 0.047693295036463246 -0.004334788704779768 0.7785475976775629 -0.6257557010255246
1721 1783356120.073848 0.2108518352609477 0.14319771491073296 0.000964622621174159 0.04722387163299757 -0.004366196844868053 0.777073113301531 -0.6276210790413019
1722 1783356120.098075 0.2107549758543852 0.1428174378273512 0.000952199870733304 0.0468066943716956 -0.004500395512162636 0.7751108548048206 -0.6300730454209014
1723 1783356120.129835 0.21061016663592916 0.14235155035320804 0.0009060187097068885 0.04664397051150915 -0.004503074865638057 0.7722378776864338 -0.6336029692149721
1724 1783356120.16182 0.21048527136050735 0.14185911345217658 0.0008689266867163998 0.04683877701355321 -0.004171116305196176 0.7697808800987902 -0.6365737407331341
1725 1783356120.189891 0.21045983657471842 0.14151940133373483 0.0009310889141911308 0.047159074903982745 -0.003942257147006911 0.7684365466874921 -0.6381737647206982
1726 1783356120.221875 0.21033349905931317 0.14106295113556022 0.0009214627831427569 0.04739366446446913 -0.0038845183104112557 0.7673269852256898 -0.639490460312411
1727 1783356120.245851 0.21033214138528222 0.14069623537688905 0.0009672235309303948 0.0476242721114053 -0.003888925190612569 0.767066548160994 -0.6397856794732889
1728 1783356120.277825 0.21023473436421267 0.1402251263476799 0.001005879440813857 0.047230337554251434 -0.004036743537806919 0.7667931516480039 -0.6401415956660238
1729 1783356120.305874 0.2101528275186807 0.1398783309040093 0.0010162909071964547 0.04731901125655458 -0.0038238372191327086 0.7667330269204449 -0.640208368323967
1730 1783356120.330027 0.21014275745256067 0.13953907894394788 0.0010999189668955429 0.04770280819060846 -0.003754494556421073 0.766797177522508 -0.6401034560169718
1731 1783356120.361854 0.21011504736643424 0.1390713293428949 0.0011108445316292091 0.04756951422828459 -0.0039157707697996536 0.7669271994177431 -0.639956622630488
1732 1783356120.393848 0.21006000988825696 0.1386056228759347 0.0011549481960614512 0.04778214875707043 -0.0038476710083727994 0.7670423862602924 -0.6398031254753958
1733 1783356120.421885 0.21001162775888083 0.13825222193635164 0.0011638234275701178 0.047315500605429994 -0.00415058376334787 0.7672354118191618 -0.6396044394057644
1734 1783356120.453905 0.20994808816425256 0.13776502506524888 0.00117141604835512 0.04699542980921356 -0.004347090986207891 0.7674877355273012 -0.6393239462058186
1735 1783356120.477873 0.20986253318974166 0.1373821954952308 0.0012021582341869477 0.0469973672497338 -0.0043752358346048625 0.7675683861320539 -0.63922678087954
1736 1783356120.509849 0.20978590707583514 0.13690793810545576 0.0012866968234666373 0.04658014267403643 -0.0047199525650547525 0.7676048888565334 -0.6392110347606643
1737 1783356120.537891 0.20971341459644668 0.1365324284646593 0.001301095533285281 0.046239501580315534 -0.004694790041061547 0.7674642402788999 -0.6394048070926629
1738 1783356120.569903 0.20961553222112278 0.13608044776653574 0.0013259116647017146 0.04593385407321249 -0.004755913066960438 0.7669656951122824 -0.6400242845875567
1739 1783356120.594071 0.20954400549364596 0.1357136796819149 0.0013615581919298424 0.04611461277516027 -0.00466053781352882 0.7665573478879292 -0.6405010181685192
1740 1783356120.625858 0.20940535384651418 0.13524265656116122 0.0013541023892302967 0.04625495972843097 -0.0046175303171188675 0.7663484315564665 -0.6407411634702702
1741 1783356120.653906 0.20933429636765727 0.13488696447917917 0.0013411189477096734 0.046487248005401716 -0.0045028351830180835 0.7664704812861642 -0.64057916104503
1742 1783356120.685923 0.20920671708225694 0.134399122368651 0.001344426151044121 0.046924828296108556 -0.0041869686205554535 0.7667407764523197 -0.6402258285233776
1743 1783356120.717876 0.20912928397783725 0.1339329416954141 0.0013132096341597552 0.0466444300774248 -0.004514924522598718 0.7675771338972172 -0.6392411564640071
1744 1783356120.741992 0.20935365151757057 0.13374232333245922 0.0013604867898099095 0.04248059110132729 -0.007853123587374222 0.7636850455812341 -0.6441419711408283
1745 1783356120.770142 0.20751088459857084 0.13366004176270957 0.0015104673547816066 0.03926679092066521 -0.009650911839467646 0.7540923859431601 -0.6555224271480051
1746 1783356120.801943 0.20758150351350055 0.1333180753333369 0.001426958327002733 0.03650905606707999 -0.012453467759752201 0.7465130372289134 -0.6642516730977128
1747 1783356120.833897 0.20982790116460592 0.13293468723639165 0.001357005900941774 0.034777102818738914 -0.014415959365190245 0.7458709446118685 -0.665025764327154
1748 1783356120.85795 0.20893617373433918 0.13297272289259623 0.0022756421545046153 0.03147289973160827 -0.01673345832367623 0.7388235973363624 -0.6729555260000255
1749 1783356120.886255 0.20428615411537 0.13289543159970058 0.0026287794263204437 0.03115774065033694 -0.015962079014434694 0.7198702041015028 -0.6932252855154405
1750 1783356120.917911 0.2042652179686627 0.13276134610963078 0.0025495275535295688 0.03335175573942839 -0.014644205241706953 0.714627795378273 -0.6985558830292143
1751 1783356120.949908 0.20427718934667285 0.13279011987059935 0.0025786434781759106 0.03271547510482997 -0.014839361542617446 0.7144502378746334 -0.698763442545868
1752 1783356120.974082 0.204307192423381 0.13274934633960814 0.0025956580320493673 0.03285965720600181 -0.015173379294123657 0.7143843011639366 -0.6988169157509102
1753 1783356121.002251 0.2043238527669788 0.13273760078274185 0.002561948508350979 0.03311775979542664 -0.014774087208001774 0.7142992331678246 -0.6989002402554749
1754 1783356121.033934 0.20436531590050983 0.13275906779312943 0.002598487976272934 0.03328480260679445 -0.014803792379556757 0.7143232591919906 -0.6988671197187217
1755 1783356121.065912 0.2044020628066264 0.1327602503420817 0.0026036404187560463 0.03345688947910408 -0.014666110933103438 0.7144018637769083 -0.6987814527937619
1756 1783356121.090218 0.2044092967062508 0.13274668509454787 0.002620110286125181 0.03356417434359793 -0.014680398947534368 0.7144685535444473 -0.6987078202535586
1757 1783356121.118198 0.20442284682708478 0.13277375237391853 0.0026249340221994044 0.03386495126980271 -0.01470726721365534 0.7147283994489307 -0.6984269298844151
1758 1783356121.149951 0.20441520306083405 0.1328440624741241 0.0025084403986271216 0.03440976922514993 -0.014269299797191382 0.715196762047861 -0.6979297575124772
1759 1783356121.181916 0.20444545233071612 0.13286979333692633 0.0025793805356131815 0.03413302260322071 -0.01412581075201802 0.7160391477971085 -0.6970820160214698
1760 1783356121.209998 0.20443964168268178 0.13288228383252917 0.002557037989231908 0.03441018931628037 -0.013816219061699608 0.7166887672045957 -0.6964066785469635
1761 1783356121.241982 0.20447285887233496 0.13292175841730858 0.0026310191960566675 0.034444210025006416 -0.01368853075468457 0.7173550461355858 -0.6957211785660569
1762 1783356121.26604 0.20447506882419683 0.13295122188893918 0.002593589969022189 0.0348073140663665 -0.013111804815127748 0.7177338129609263 -0.695323453649124
1763 1783356121.297918 0.20445140384311147 0.13296419264590187 0.0025724120288007513 0.03567385670485235 -0.01230588443593883 0.7178654679134021 -0.695158335297451
1764 1783356121.326007 0.20450602377723273 0.132992929671485 0.0025528332068943758 0.03641422647040571 -0.011740377345313746 0.7179509297441962 -0.6950414592884342
1765 1783356121.35795 0.20452426964231593 0.13303614178757517 0.0025702010614331566 0.03722835298592586 -0.010870665273201574 0.7183772729453983 -0.6945717904479034
1766 1783356121.382191 0.20452210650866764 0.1331062332828743 0.0025515749248194754 0.037286409189385084 -0.010930596917321456 0.7206633752157575 -0.6921954531513661
1767 1783356121.41395 0.2070208199140754 0.13318780971378544 0.003076488737008507 0.0355524548472107 -0.013741950481421683 0.7326083663452455 -0.6795823447620265
1768 1783356121.442017 0.20703161152856503 0.1332628568581243 0.0030092439188870133 0.03605109304272902 -0.013616563004330229 0.7359485417997794 -0.6759398284796895
1769 1783356121.473966 0.2070211900554695 0.13333356234060262 0.002867665752261144 0.036950319053568825 -0.012746635687444274 0.7403332082059153 -0.6711027775445635
1770 1783356121.505957 0.20706407643792915 0.13350261827289434 0.002823759668788804 0.03786288742243393 -0.012115242245930635 0.7451639473567667 -0.6656953614237074
1771 1783356121.529952 0.20708560425081515 0.13366503862765877 0.002778169717291633 0.03876412250485928 -0.011613872761248145 0.7491750442137962 -0.6611347925296099
1772 1783356121.558 0.20959458609480383 0.13377675759177024 0.0024984507720894403 0.0407017518520052 -0.010802458927478109 0.7603062515216135 -0.648198332437265
1773 1783356121.590012 0.21204850771677478 0.133655178260045 0.002379850589918339 0.042562173053122376 -0.009475194358939731 0.7719413524091128 -0.6341965236089256
1774 1783356121.614209 0.2119042233236831 0.13380774138724222 0.0023457609041388373 0.04462945870210844 -0.00801154095695178 0.7738795217591589 -0.6317076162507996
1775 1783356121.645958 0.2119456414992126 0.1339710898667867 0.002331177411930195 0.044803958967675084 -0.008141551884812137 0.7757244799269304 -0.6294266054400807
1776 1783356121.673998 0.21187911635714815 0.13409870828066406 0.002226160995565005 0.04102788602091767 -0.01085439247198794 0.777210525550945 -0.6278078477572119
1777 1783356121.706018 0.21181872717756264 0.13439796074332142 0.002234849327307364 0.030746754471157933 -0.01728138697794135 0.7788325410502437 -0.6262394619910421
1778 1783356121.730002 0.2117768395498002 0.13460551615480132 0.002208793368701915 0.031468111648253916 -0.016262870388515593 0.7794385882840037 -0.6254764296836924
1779 1783356121.761963 0.21180538090202716 0.13494017909438574 0.0021619253586188814 0.0339495621770769 -0.015478971809393727 0.7808293338045941 -0.6236292008316983
1780 1783356121.790033 0.21181990358375052 0.1353715210347473 0.0021441774472057314 0.03222214820016467 -0.01644874624478232 0.7810078700123522 -0.6234724363523301
1781 1783356121.81443 0.2117951242409284 0.13583836775266278 0.0021639009804548907 0.0325487757485744 -0.016333940759739707 0.781164047563949 -0.623262793988246
1782 1783356121.845991 0.21185105291855164 0.13646617154150723 0.0021901743807674935 0.03269232589875937 -0.016425697191403077 0.7804621901090224 -0.6241315391080103
1783 1783356121.877977 0.21185055120288857 0.13718842383462626 0.0021713553154458897 0.03271491710957619 -0.016208398136883906 0.7784601877821172 -0.6266312775999782
1784 1783356121.906021 0.21191338130291967 0.1376948855179396 0.0021068598252424135 0.03308706552201246 -0.01572992108582716 0.7770190991191864 -0.62841000571425
1785 1783356121.930407 0.21195987758754686 0.13826151039780502 0.0019901085507278635 0.033275509052239305 -0.015371110281521827 0.775460563447395 -0.6303311701033645
1786 1783356121.962008 0.2118776470560593 0.13901620634457346 0.001886629869212288 0.03345340368016936 -0.015258763087586003 0.7735440034487692 -0.6326750466548363
1787 1783356121.993983 0.21198905774322824 0.1396551898018011 0.0018905661230025073 0.033356046417034046 -0.015194699379339482 0.7724235549017163 -0.6340491677395308
1788 1783356122.022032 0.2121047427573477 0.14018611263007905 0.00184841776009023 0.032889804001030476 -0.01538338109741455 0.772066054459318 -0.6345042316095356
1789 1783356122.046381 0.21218378235319538 0.1406907098975931 0.001859763229400806 0.032641864178967306 -0.015326174872390186 0.771771870135833 -0.6348762064637022
1790 1783356122.078025 0.21220475379377754 0.141376615439642 0.001918437866929773 0.03253835663808169 -0.015751504500850944 0.7711410826082064 -0.635637141903379
1791 1783356122.110023 0.2121980951769179 0.14207226760505565 0.001926791313192672 0.033420597922265816 -0.0150453142692335 0.7703797262105175 -0.636531051557476
1792 1783356122.138047 0.21227322796542503 0.1425303407230985 0.0019233839603944244 0.03530055328873438 -0.013422536838262222 0.7700072987573671 -0.636916373084189
1793 1783356122.162079 0.21248226774917525 0.14294991371043853 0.001991788511389387 0.03898851405912518 -0.010731184831955232 0.7697701562368259 -0.6370389658495755
1794 1783356122.194042 0.21250917235655384 0.1434208753844936 0.001979818625468595 0.04649619336483535 -0.006295766702764771 0.767947644511761 -0.6387917364940174
1795 1783356122.226048 0.2125284078539833 0.14369642974525704 0.0018942128171675465 0.04592895416415976 -0.006556035616103739 0.7660877163873182 -0.6410594047097747
1796 1783356122.254069 0.21250355805085244 0.1438908590248913 0.0018344771598359441 0.04367143251796424 -0.006879292719237706 0.7654324851810902 -0.6419957881037947
1797 1783356122.286063 0.21249125832424678 0.1440934331192658 0.001819470135806054 0.04174383179872865 -0.007252451092823797 0.7649185996992508 -0.6427319739160665
1798 1783356122.310045 0.21247337106226882 0.14417912204632144 0.00179973650558953 0.040846641562302444 -0.008237462321299405 0.7645290060151916 -0.6432410862569408
1799 1783356122.342055 0.21243208856702345 0.14440484875069443 0.0017598565546765327 0.03957247057839153 -0.010061283514347541 0.7642073279366325 -0.6436768988198338
1800 1783356122.370069 0.21237472512646366 0.14458894419607726 0.0017346918426013325 0.03798538233600768 -0.010855225257694334 0.7640557400122913 -0.6439395165445759
1801 1783356122.394107 0.21228201823843612 0.14474810160847418 0.0017190692244545159 0.03680931591891279 -0.011639544121823664 0.7639325630117938 -0.6441402288667036
1802 1783356122.42606 0.21222436300942732 0.14497992234150064 0.0016746423218069358 0.03576331398236632 -0.012907049255361458 0.7636933644618621 -0.6444585623059405
1803 1783356122.458058 0.21223505687871413 0.14518498244221426 0.0016109405237300905 0.034690806314576106 -0.014240479189910005 0.7634508771123816 -0.6447763293933966
1804 1783356122.486076 0.21216797742336693 0.1452813056843659 0.001538937991134916 0.037086980697489946 -0.01219704429541868 0.7636384139884819 -0.6444626914371037
1805 1783356122.518057 0.21214005279818324 0.14532440148256826 0.0015278956225561677 0.042878064933242976 -0.007266129378189712 0.7639466706473426 -0.6438122081152866
1806 1783356122.542281 0.21209727356863547 0.14538347467752827 0.0015281280900753692 0.04551798869352297 -0.0060373475570675295 0.7640071229761555 -0.6435718912300855
1807 1783356122.574087 0.21204811554737793 0.1454461188202313 0.0015233223724628805 0.04428236371837235 -0.006536124799560894 0.7628610517703737 -0.6450111371347921
1808 1783356122.602147 0.21199476629261715 0.14551999600628335 0.001502653201707409 0.04293357552932564 -0.006711159925327337 0.7618559435696354 -0.6462872346506195
1809 1783356122.63406 0.21494119921842417 0.14481010886695864 0.0013628763843729855 0.04310073937479941 -0.007115287297831396 0.7682598213128721 -0.6386458689354598
1810 1783356122.658222 0.21478125972986667 0.1448520208588932 0.0013807118901140846 0.04376710959190855 -0.006947482434517149 0.7668240941152491 -0.6403256837657846
1811 1783356122.6901 0.21481147594250588 0.14483964037774322 0.0013808242148591835 0.043949602656878306 -0.006381434841173594 0.7662357213110976 -0.6410230332074914
1812 1783356122.718123 0.21466497541938653 0.1448260399207286 0.0013314591892352335 0.04347163272068366 -0.006439793101545854 0.7658598772171932 -0.6415040098723259
1813 1783356122.75008 0.21465793047526827 0.14480232070419724 0.0013238311649010643 0.043720369559612116 -0.005925124849167296 0.7673846860728336 -0.6396672304894094
1814 1783356122.774259 0.21470598784594744 0.14481635642435142 0.0012817881012854877 0.04406228273706536 -0.005932813795915259 0.7719994821875239 -0.6340663344340691
1815 1783356122.810118 0.2145924280238857 0.14473709239499116 0.0013002589488470967 0.04371570924435031 -0.006452778323996267 0.7817847135385385 -0.621980675017022
1816 1783356122.83414 0.21436565295089752 0.1447886971250412 0.0012234560827837238 0.04437694626146127 -0.006156141241694946 0.7904587422025878 -0.6108745906002496
1817 1783356122.866099 0.21420114952818478 0.14487506979557332 0.0012943393842695678 0.0448948974747303 -0.006579694423555216 0.8033145674801927 -0.5938239313770852
1818 1783356122.890272 0.2139534288480497 0.14499802924989638 0.0013273340691532572 0.045204379590521815 -0.006610140361132055 0.8126947062694619 -0.5808960186744572
1819 1783356122.926119 0.21369614150968164 0.14510324605975788 0.001307853955317781 0.04642641132420622 -0.0059430241488357405 0.8251979329021458 -0.5629010928480668
1820 1783356122.950151 0.21360179604233026 0.1452586481224401 0.0013629269779591334 0.04712101502061539 -0.005766321550527698 0.8343612073954163 -0.5491700420387715
1821 1783356122.982096 0.21347953362176778 0.14540709842741958 0.0013369274599884951 0.04812436620977234 -0.005924339623799457 0.8459577235984376 -0.5310409376508358
1822 1783356123.006097 0.2134643765297154 0.14546384704771256 0.0014383356052993495 0.0480546583017013 -0.006255844582411019 0.8546549331410542 -0.5169299367242409
1823 1783356123.042133 0.21354209287224524 0.14561260854184138 0.0016767362371660106 0.04825608359861244 -0.007302826671722218 0.8662235656895839 -0.4972672856345467
1824 1783356123.066143 0.21329108108402633 0.1458138300207337 0.001705926418931341 0.048930099481813455 -0.007179295542436848 0.8739400756761706 -0.48351116554568163
1825 1783356123.090339 0.21319729687864336 0.14588650933797853 0.00176815805211992 0.04928612829883089 -0.007530614781200151 0.8816808343496638 -0.4692047247618136
1826 1783356123.122107 0.21312814984958758 0.14608576784109736 0.0018194108330782518 0.04953164445304514 -0.007661873087302817 0.8917094065298792 -0.44982468385439
1827 1783356123.158154 0.2130342756597341 0.14618633527820024 0.0018150554861348302 0.05013384692756456 -0.0074157448343207255 0.901571028681209 -0.4296525158351835
1828 1783356123.182146 0.21296697188817026 0.14629756544697486 0.0017945320103794535 0.05054128173789382 -0.007245543127780529 0.9086602559832457 -0.4144027269957772
1829 1783356123.206308 0.21301560486772053 0.1462630114573557 0.0017895817765683519 0.051079267188189115 -0.007164988713324938 0.9157393221545768 -0.3984483219441788
1830 1783356123.238121 0.21310546412544576 0.1463984414358156 0.0017576682071160363 0.05202123772408909 -0.0072098671527972 0.9245639093835614 -0.37739023053952914
1831 1783356123.274152 0.21318078206526334 0.14659437079855742 0.0017642387859092765 0.052048538122522636 -0.00725156245578118 0.9328764225063074 -0.35634245446352797
1832 1783356123.298141 0.21337872227507265 0.14673762698925646 0.0017858493495328336 0.05234157754222357 -0.007283812587903116 0.9391293947798023 -0.33947501409543784
1833 1783356123.322145 0.2135062192605656 0.1466943066624208 0.001780481574187765 0.05270429292309109 -0.006906647356182738 0.945083598784133 -0.32247720390596046
1834 1783356123.354117 0.21363595888595102 0.14669847319683962 0.0018082632776236871 0.05286588277561699 -0.007045554305861068 0.9523582181041916 -0.30028217231844934
1835 1783356123.38217 0.2137767809448001 0.14674735468291644 0.0017734783846574244 0.05320180243219566 -0.006997479167648535 0.9573838241578176 -0.2837900927520499
1836 1783356123.414149 0.21435342278201372 0.14683133057949205 0.0016839409156778286 0.053570615573943214 -0.0067876131638462955 0.9640900001617236 -0.26002805433786264
1837 1783356123.438149 0.21449542736749094 0.1476649223411043 0.0015102269039372726 0.053493553032362695 -0.005491422971742765 0.9682084823875995 -0.24429617002814574
1838 1783356123.470136 0.21466516184673637 0.14820057466058867 0.0015355643530505325 0.05354583815958433 -0.00447575536137329 0.9735993102953622 -0.22184948461091367
1839 1783356123.498175 0.21490730031474425 0.14862084076999676 0.0014727481059911762 0.05394290348645267 -0.004188601982118234 0.9772824051744695 -0.20491881151639266
1840 1783356123.522383 0.2152456486546862 0.1489112062364178 0.0014732759674863554 0.05383220038532935 -0.004069867538988192 0.9806967291380563 -0.18793471163626682
1841 1783356123.55417 0.21556943746092086 0.14923220449461677 0.0014296682490601478 0.05421860996105915 -0.0039381991987075815 0.9848149552755792 -0.16487673209559023
1842 1783356123.57831 0.21571563975620564 0.1494167437953296 0.001440113173399453 0.054696297894924056 -0.0039858882777469296 0.9876107229042296 -0.14702886687930442
1843 1783356123.614175 0.215858087284768 0.14964192948944743 0.001390647578542974 0.055417164479754005 -0.004259386180431313 0.9907409831873716 -0.12386726663372497
1844 1783356123.638205 0.21581156991240646 0.14974600265606883 0.0013919432506928169 0.055643905777971736 -0.0043721263792553255 0.9927229372845067 -0.10670431129957936
1845 1783356123.670173 0.21582098867108565 0.14994355997791595 0.0014469759446504391 0.05528777621855835 -0.004533802269079457 0.9949149980479115 -0.08406457694603547
1846 1783356123.694179 0.21579692219535687 0.15005325592704805 0.0015026551808708924 0.05500585610612965 -0.004572511682758462 0.9962694219695059 -0.06633767240030261
1847 1783356123.730185 0.21594838880832917 0.1502254102283745 0.0015448452552391636 0.05523518389889148 -0.00488808341744662 0.9975560784254686 -0.04250942832549198
1848 1783356123.754208 0.21592711311109783 0.150228374460889 0.001544406165237602 0.05570107442662925 -0.005015071584524078 0.9981377527974113 -0.02435704836910224
1849 1783356123.778423 0.21606149469789107 0.15026294812148222 0.0015464040349329987 0.0555609858371896 -0.005342446290385827 0.9984171988166167 -0.00689436201648036
1850 1783356123.810188 0.21620654448520837 0.15033610947787 0.0015683429777354496 0.05544864012143247 -0.005589018822361513 0.9983091303489997 0.01652547848357816
1851 1783356123.846203 0.21638952674997824 0.15038915486551685 0.0016084153673008711 0.055721631822833295 -0.0056213825937290185 0.9976179577597082 0.04027294575871948
1852 1783356123.870182 0.21648149255281093 0.15041116113895447 0.0016377429261012 0.055919964620706225 -0.005850279296797378 0.9968290040432075 0.056308689269023465
1853 1783356123.894196 0.21654708556649271 0.15042765493686475 0.0016536089508099273 0.05588125618564005 -0.005784993929478899 0.9959593291364053 0.07006306986217586
1854 1783356123.926176 0.2164007364398053 0.15035738555385506 0.0016293052114694918 0.056006871815598186 -0.0058476774325308956 0.9948165139231993 0.0846707659335226
1855 1783356123.954207 0.21641545165955237 0.15035436734811852 0.0016680189385729922 0.0557624338356342 -0.005977360265360554 0.9940861018761504 0.09299271043293958
1856 1783356123.978234 0.21627161378054258 0.15030816082214885 0.0016475853022645134 0.05657199957928194 -0.0062073225012120314 0.9934358491048669 0.09922848242445198
1857 1783356124.01019 0.21611405535693323 0.15028667565600554 0.0016706878091881441 0.05788493443718368 -0.007251218489479516 0.9929336954164247 0.10334133104573212
1858 1783356124.034213 0.2159773657756775 0.15031259611664974 0.0016066729748926535 0.057611690615086475 -0.006632864600612132 0.9927892186292964 0.10491170375650377
1859 1783356124.070222 0.21568314658024057 0.15028322368922342 0.001640939616115587 0.05718267607239111 -0.006389245842215396 0.992488266557352 0.1079646230982654
1860 1783356124.094227 0.21548326818568797 0.15027806053977613 0.0016864187718631865 0.056541261463524395 -0.005876409750621592 0.9923077365155162 0.10997231293379933
1861 1783356124.118245 0.21523125251252384 0.15025244910297778 0.0017130828959724832 0.05645715585189631 -0.005675795821499685 0.9922122861119005 0.1108835162839974
1862 1783356124.150216 0.2149199762408509 0.1502061282090494 0.0017990006650683435 0.056088477200751885 -0.005671152302951565 0.9924103657591385 0.10928671781451915
1863 1783356124.186252 0.21455703252713562 0.1502140145344846 0.001845502038320279 0.05551033271965819 -0.005697914949245209 0.9929912467030716 0.10418503106331481
1864 1783356124.218252 0.2141229233647021 0.1502254215641146 0.0019301238835123902 0.054564889252776305 -0.005595537146279805 0.9937473364810804 0.097250162270483
1865 1783356124.242446 0.21378914130574103 0.15020547720980856 0.0019371821737334794 0.05456722710519854 -0.005156463924728905 0.9941882728801931 0.09265800922392833
1866 1783356124.274392 0.21334821949377425 0.15022632908482142 0.001983654829209444 0.0546459128896678 -0.005074733743245297 0.9946280039331207 0.08776790457739159
1867 1783356124.31026 0.21302908634239756 0.1502566349759152 0.001955714456471889 0.05548470360469254 -0.005422235513327878 0.9948004633147499 0.08522960293639992
1868 1783356124.34228 0.21263159785846072 0.1502686142189287 0.001987822055695981 0.05514519917446464 -0.00526673629073654 0.9948233795056174 0.08519220672030287
1869 1783356124.374231 0.2121335471383057 0.1502256134767067 0.0020669484227639123 0.05536946353240116 -0.005156492319677408 0.9947154913819185 0.08630599225963212
1870 1783356124.410255 0.21159601512688408 0.15029673699120338 0.0021221149986688586 0.05477260636549089 -0.005659132589020677 0.9946394400628746 0.08752325451948087
1871 1783356124.434267 0.21128135075825308 0.15028309965518127 0.002129942323896655 0.055177834008862586 -0.005701483209122171 0.9945366790119405 0.0884290326940578
1872 1783356124.466254 0.2109308809554517 0.1503427312867013 0.002155007261922612 0.0553509240723008 -0.006240506026747306 0.9944615362644352 0.08912678710383293
1873 1783356124.490263 0.21065000270344794 0.15037284680718127 0.002161528139305769 0.05505999410385698 -0.006504373932102181 0.9944219241295662 0.08972807241597314
1874 1783356124.52626 0.21032847532877824 0.15034058043712034 0.002175256754363347 0.055781701920541465 -0.006687996859184309 0.9943327539424932 0.09025545338646782
1875 1783356124.550274 0.2100916978875575 0.15036385931025728 0.0022036079672120615 0.05571701284371741 -0.006614473870646842 0.9943145045772654 0.09050154254185247
1876 1783356124.57459 0.2098981335924543 0.15044437462255553 0.002255287476873737 0.05558143676231053 -0.006102971411928171 0.9943162008608134 0.09060215413057893
1877 1783356124.606262 0.20955894407028125 0.15054750850583787 0.0023263518348248923 0.05586105771189909 -0.006121311812723351 0.9943012948011182 0.0905925324175208
1878 1783356124.630407 0.20933475329246212 0.15060364381734961 0.0023585267453747932 0.055597488425913 -0.00607855248346767 0.9943171288494115 0.0905837610010708
1879 1783356124.658542 0.20912181290388016 0.15067340816095345 0.002402486526630166 0.0556101778389862 -0.005878018454332168 0.9943208121509011 0.09054876886705582
1880 1783356124.690298 0.20887253203875183 0.15080715955491536 0.0024038470741074495 0.05598990438101631 -0.005424438282369659 0.9943447915896786 0.09007852971271307
1881 1783356124.722265 0.20833414259294775 0.15088618032819928 0.002506956467251929 0.055629700669901666 -0.005811491356401133 0.9943789082336567 0.0899007777031601
1882 1783356124.746265 0.2079621447545114 0.15093371918699164 0.0025253702590772153 0.0554680322133172 -0.005804481126453265 0.99437953207055 0.08999417536923815
1883 1783356124.774304 0.2075900798039203 0.15095656800244506 0.002560580639086557 0.055337313980214686 -0.005698407184538901 0.9943861403436249 0.0900084092155996
1884 1783356124.806267 0.20710904362376836 0.15104676401337996 0.0025832957815012103 0.05537955244929105 -0.005445820067233709 0.994416707828919 0.0896596866211673
1885 1783356124.830322 0.20676724121182663 0.15108937861838867 0.0025933396340341486 0.05521102811321671 -0.005552471478318333 0.9944263405505946 0.08965024068186983
1886 1783356124.862275 0.20625098335852637 0.15114820409511986 0.0026035378102633915 0.055568424133862454 -0.00581335885747325 0.9943930513613487 0.0897820388626783
1887 1783356124.890305 0.20582620136833363 0.1511736607706997 0.002652908123856989 0.05530169458840076 -0.005946977107664286 0.9943709979821544 0.09018134181140994
1888 1783356124.914636 0.20545948923965907 0.15125096784603867 0.002674080987292591 0.055261838751273384 -0.005872568582180604 0.9943420886163381 0.09052874086263624
1889 1783356124.946291 0.20500782094187836 0.15137489280156072 0.0027337534919150345 0.05531211961569532 -0.005925611514121076 0.9943296344208425 0.09063131172126065
1890 1783356124.97055 0.20466557449404846 0.15144608113361308 0.002767896370624834 0.055147076027210806 -0.005852621734021235 0.9943393730613305 0.09062978541565797
1891 1783356124.998618 0.20425152781090009 0.15148422245230939 0.0027998909658008397 0.05523197731162316 -0.0058160700666231024 0.9943180744366881 0.0908139243714623
1892 1783356125.030343 0.20366872463881172 0.1515363968989576 0.002808195138773896 0.05503680468690339 -0.005803313100791074 0.9942930295863555 0.09120659517215171
1893 1783356125.054487 0.20326634796963666 0.15158036485421839 0.0028242731728478397 0.0551103232140471 -0.005791969000352115 0.9942625606206945 0.09149462234646447
1894 1783356125.086288 0.20270697167664406 0.15161571399919066 0.0028346332033484857 0.055156639959503206 -0.005837399947661581 0.9941720081358525 0.09244289085351837
1895 1783356125.114329 0.2022050631674099 0.15165417647801938 0.00287993060684615 0.055092914384691105 -0.005896306756608349 0.9941181148786661 0.0930547044556091
1896 1783356125.146344 0.2017299595987976 0.15168763091154347 0.0029494391185618057 0.05506900508644555 -0.005957274714627314 0.9940731873197564 0.09354364654376127
1897 1783356125.170335 0.2013566959772592 0.1517244762634331 0.00296498546039975 0.05503458989575369 -0.0060525226672641375 0.994038027119251 0.09393062080725254
1898 1783356125.202293 0.2007699214501962 0.15169759250423165 0.0029830296333992366 0.05482224062249566 -0.00625530029500837 0.9939866335794163 0.09458311380372178
1899 1783356125.230351 0.20051472339001086 0.151767377422063 0.003015189017193791 0.05491780480701136 -0.006216023809204718 0.993964949887716 0.09475797675073633
1900 1783356125.254414 0.19999351826367173 0.15172152184339113 0.0030362610240758452 0.05490505802085702 -0.0062078655701408025 0.9939187019594893 0.09524972915422594
1901 1783356125.286325 0.199699703019236 0.15173390908414158 0.0030819466232738825 0.05474376586072954 -0.006037906271392057 0.9939277623786087 0.09525894687794739
1902 1783356125.310518 0.19949450790681478 0.15177184149562606 0.003102753845152555 0.05458172362194766 -0.00596834126207163 0.9939378184283594 0.09525139078727726
1903 1783356125.3386 0.1992324335237495 0.15176908408849327 0.003115118943224749 0.05471292761350674 -0.006065026415850994 0.9939089077976615 0.09547143031815222
1904 1783356125.370376 0.19887370848587088 0.1517635631086236 0.0031469285664028563 0.054354561698789716 -0.0055910267350310905 0.9938899373387745 0.09590158757449091
1905 1783356125.402327 0.19852859855028088 0.15177034809507745 0.00316314479011239 0.05448966696113006 -0.005498792501547445 0.9938550868708196 0.0961909859419568
1906 1783356125.42633 0.19830298240793026 0.15178410261638592 0.0031786457960229606 0.05444880863538892 -0.005532995788684492 0.9938422269260734 0.0963449073610676
1907 1783356125.454369 0.19807741463965906 0.15177981588385686 0.003202409440324397 0.054311287650959994 -0.00552748829759836 0.9938362210286451 0.0964846966016733
1908 1783356125.486391 0.19776039080564686 0.15178537128109165 0.0032136236281959025 0.054419420003579216 -0.005637370226081739 0.9937966929713764 0.09682396305958499
1909 1783356125.510381 0.197451512737152 0.15175559547723017 0.003266483572610644 0.054658124530360286 -0.0056611958345429425 0.9937269274861693 0.09740243258483938
1910 1783356125.542357 0.19708788487123857 0.15177886909269522 0.0033139340629715214 0.05465701507729187 -0.005759440293335694 0.9936857189142878 0.09781682665136698
1911 1783356125.57038 0.19681422550386043 0.15173154703978897 0.0033483278756649736 0.054783652467936844 -0.005770899917945105 0.9936450468640199 0.09815787782449889
1912 1783356125.594613 0.19650915826885063 0.1517264739669988 0.00339500010612288 0.05494927410034556 -0.005819820598732428 0.9936125066834153 0.09839153178167226
1913 1783356125.626358 0.19618062858385454 0.15168981631147982 0.0034263972127043492 0.054760798623872536 -0.0060132551453751515 0.9935705564942916 0.09890725435606931
1914 1783356125.658335 0.19580488035711885 0.15163233671984339 0.003460369071728836 0.055046706418418856 -0.006172022608021466 0.9934645879139454 0.09979919243353336
1915 1783356125.686389 0.19558825550789777 0.1516234529198378 0.003506244793935455 0.05510424092398797 -0.006481674929959269 0.9934211641780732 0.10017934460443984
1916 1783356125.7104 0.19531702652476352 0.1515978232347095 0.0035254907299402953 0.054786175496072204 -0.006464103078793859 0.9933963157534037 0.10060044827665746
1917 1783356125.742362 0.19498768040422126 0.15157787269100398 0.003549476813842041 0.05506006278198358 -0.006424183876642453 0.9933539902060239 0.10087105377527181
1918 1783356125.766383 0.19473216139445265 0.15155517550326797 0.003573555389482808 0.05511464629262386 -0.006613076590213707 0.9933386509768936 0.10098003494481728
1919 1783356125.794402 0.19444386493232307 0.15151265330756106 0.0035924768948311756 0.05482459579566662 -0.006586589414494082 0.9933300361601167 0.10122410680202676
1920 1783356125.826395 0.19414669204495155 0.15148181073904068 0.003616287130064431 0.054815497490510845 -0.006611540824642437 0.9933126029513888 0.10139833125218878
1921 1783356125.850397 0.19385762659866457 0.15145085919058088 0.0036240416130561824 0.054871592941626385 -0.006588684579584003 0.9933169190214246 0.10132717261102245
1922 1783356125.882361 0.19352236861279848 0.15145332255182614 0.0036729739398740054 0.05462395215863758 -0.00625774586953165 0.9933843433820284 0.10081969445827332
1923 1783356125.910404 0.19325795810209062 0.15143284878055896 0.0037150605402258125 0.054696154033815 -0.006120446588234962 0.9933967523179612 0.10066659501342706
1924 1783356125.934426 0.19299031867539665 0.15140939122229893 0.0037594252343228344 0.054845304925757954 -0.006315792670932796 0.9933890333645561 0.10064954883938343
1925 1783356125.9664 0.19266096906289246 0.15137028584105633 0.0037878186720114813 0.054774082070496416 -0.006371211941903376 0.993391557536084 0.10065992751715638
1926 1783356125.99057 0.19242816751520014 0.15134281185030682 0.0038092086758438402 0.054925929255321054 -0.006496833583653938 0.9933917104282952 0.10056760463077549
1927 1783356126.01863 0.19216655582947276 0.15130171143619006 0.0038341486959276166 0.054897902832244244 -0.006619297908364075 0.9933979098341252 0.10051367019969323
1928 1783356126.050427 0.19177647375820236 0.15124059559807923 0.003872120191372396 0.05470357879723464 -0.006571339275438293 0.9934006576820129 0.10059557288392856
1929 1783356126.074494 0.19144586873053704 0.15120772389844375 0.0038889224227789424 0.05471656710120776 -0.006605729155390261 0.9933741999714976 0.10084721343682213
1930 1783356126.106379 0.19104456553930016 0.15120286045121661 0.003906633003010843 0.05439230611077214 -0.006818981427419157 0.9933564206805001 0.10118300262924704
1931 1783356126.134439 0.19079864213170566 0.15122162968525182 0.00391741234803177 0.0540580702674745 -0.006698823538934917 0.9933830611881915 0.10110857800666073
1932 1783356126.158639 0.1905273764357466 0.1512485215047286 0.003929499738131623 0.053883014586805666 -0.006540265468585438 0.9934076315728344 0.10097090273682852
1933 1783356126.190407 0.19014145786562364 0.15125990745612913 0.003969663182045092 0.05356814073441232 -0.006539528270560813 0.9934533400337867 0.10068838087868129
1934 1783356126.222379 0.18982777006375173 0.15127269532021861 0.003990954827136146 0.048803682343781546 -0.006722310541119825 0.9941914285606268 0.09568915564083855
1935 1783356126.250445 0.18953736067762833 0.15121928142360794 0.003988682432490039 0.04339495205124441 -0.005499192144132303 0.9952127560775732 0.08739683725806593
1936 1783356126.274703 0.1893885484189975 0.15120506479835688 0.004022693899720712 0.04006978594153665 -0.0054538313689564966 0.9958508985675518 0.08152089180202843
1937 1783356126.306416 0.18906618121248384 0.15130858232769898 0.004030835887247779 0.03970882229633324 -0.004849567208480288 0.9966394783407524 0.07148035633935887
1938 1783356126.330595 0.1890383200927124 0.15132766533634923 0.004018013837180353 0.04183449581524437 -0.005937120763570558 0.997062493819552 0.06388277526265504
1939 1783356126.358724 0.18897864733773198 0.15128837917953064 0.0040296229877076865 0.043684637344434646 -0.006957003970848918 0.9973876188656423 0.05710683224763061
1940 1783356126.390471 0.1889354082233393 0.15123867049592749 0.004034786714045151 0.046604983833733266 -0.007478814059643901 0.9976743028385983 0.04917345094291778
1941 1783356126.422447 0.18890689516167436 0.1512730268568983 0.004043366459514903 0.04951278900529871 -0.007092274159221534 0.9978631722710097 0.04203894381884937
1942 1783356126.446418 0.18890248997555437 0.15122828611062006 0.004040699642844861 0.04991951127650518 -0.006919614795830364 0.9979089351161883 0.04047120631100115
1943 1783356126.474464 0.18893968679437534 0.15119238613256045 0.004035096598839323 0.05001113678393582 -0.006722025598523862 0.9978623054610471 0.04152733930069452
1944 1783356126.506474 0.1889698765160144 0.1512145404452805 0.004054206296687951 0.05107297571946423 -0.007177185199004232 0.9978383100740728 0.0407277069363971
1945 1783356126.530579 0.1890029753022015 0.1512198227927612 0.004057471328665919 0.05166849144715879 -0.007004690184148954 0.997812254773369 0.04064487090746516
1946 1783356126.562433 0.18908819383870712 0.15117937298945683 0.004084059324355558 0.05243728466193326 -0.00703009376171565 0.9977682437812669 0.040736232774170655
1947 1783356126.590477 0.18906401281777366 0.15119461102414827 0.004076463121363396 0.05284579197794931 -0.007409414066880227 0.9977488343088144 0.040616332783875
1948 1783356126.622479 0.18912214825878526 0.1511836371257274 0.004097025456554705 0.05287565579130299 -0.007349434363790763 0.9977445302489001 0.040694019186775066
1949 1783356126.646452 0.1891347089747626 0.15116961143459684 0.004085124447133856 0.052713433732415105 -0.007213621126401115 0.9977480628117592 0.04084189919390152
1950 1783356126.678429 0.18909702504202452 0.15120108964934972 0.004072543461088399 0.05273616836678047 -0.00727554969255656 0.9977509510148654 0.0407308565045405
1951 1783356126.706468 0.18905477574428345 0.15121243365126816 0.004061751819671935 0.05269842873156211 -0.007100464720070754 0.9977510447687377 0.04080823045509313
1952 1783356126.7305 0.18904694455410656 0.15121605926261605 0.004061599738385472 0.05253505493367783 -0.007126299292782523 0.997759674006016 0.04080339188001525
1953 1783356126.762458 0.18905126561583802 0.15123194451566524 0.004060361984386963 0.05246916874478502 -0.007197115523511821 0.9977555285935598 0.04097673755143494
1954 1783356126.78645 0.18900400946318713 0.1512415261572383 0.004046493482093359 0.052381033162822443 -0.007201344828597023 0.9977535419433101 0.04113681486253168
1955 1783356126.814506 0.18903541637309967 0.15124780732839374 0.004053985839930328 0.05238853141560518 -0.00708997886317464 0.9977424238644883 0.04141533045686924
1956 1783356126.846495 0.18903342053528846 0.15126421026199843 0.004053537586750032 0.052489859203917744 -0.007167380036596671 0.9977175749264894 0.0418698462735278
1957 1783356126.870489 0.18903111205652876 0.15127530700941555 0.004042869323181452 0.05260892997529093 -0.006999500898125843 0.9977009313102134 0.042144503043280546
1958 1783356126.902449 0.18901755558847294 0.15127135212456222 0.004049540839695314 0.05263228080414517 -0.007058850236752678 0.9976912864992372 0.04233334966885777
1959 1783356126.9305 0.18901988561054667 0.15127095845732189 0.004052456408094728 0.052577561191944955 -0.007108343125417971 0.9976913852869653 0.04239069757971459
1960 1783356126.954528 0.18902678193192105 0.15127335169117653 0.004059543461659306 0.052565394790635434 -0.007090738461754176 0.9976894868108979 0.04245336977883968
