0 0.5152191814746183 0.442218540417477 5 0.03176620076238882
0 0.16292081800664754 0.23149086536647037 10 0.03186743148502231
0 0.17963269396034479 0.10444785451554242 15 0.03200341369746106
1 0.5151067619777969 0.4423296500499757 5 0.03178639542275906
1 0.16299545473520824 0.23145606127260784 10 0.0318775900541919
1 0.1796424711674989 0.10449645243611003 15 0.03201024327784891
2 0.5150260429179335 0.44242603691813437 5 0.031806615776081425
2 0.16305261496087847 0.23142995150988283 10 0.03188775510204082
2 0.1796337489060997 0.10453165264823704 15 0.032017075773746
3 0.5149376820629968 0.44254338117175224 5 0.031826861871419476
3 0.16312025710652975 0.23140533949581416 10 0.03189792663476874
3 0.17960645001749612 0.10455231208007514 15 0.03202391118701964
4 0.514855781699763 0.44265789796625993 5 0.03184713375796178
4 0.16318620975884218 0.23138076230639043 10 0.03190810465858328
4 0.1795788504312081 0.10457377119319666 15 0.032030749519538756
5 0.5147691671628348 0.442775941418033 5 0.03186743148502231
5 0.16325414848915426 0.23135618723941637 10 0.031918289179699966
5 0.17955027752350933 0.10459398682854526 15 0.032037590773173856
6 0.5146790532872167 0.4428975090831341 5 0.03188775510204082
6 0.16332449655959222 0.23133120594797835 10 0.03192848020434227
6 0.17952096812440518 0.10461348501675788 15 0.03204443494979705
7 0.514597816317458 0.44301497465000594 5 0.03190810465858328
7 0.16339209084982173 0.23130658172374624 10 0.031938677738741615
7 0.17949085098667705 0.10463362746163703 15 0.03205128205128205
8 0.5145141689110261 0.4431345518676476 5 0.03192848020434227
8 0.16346098693416564 0.2312818534819594 10 0.03194888178913738
8 0.1794602321825746 0.104653189999572 15 0.03205813207950416
9 0.5144300450434633 0.4432546171526278 5 0.03194888178913738
9 0.16352993759372692 0.2312573293476961 10 0.03195909236177692
9 0.1794290818526225 0.10467225123774317 15 0.03206498503634032
10 0.5143478754755056 0.44337388679193196 5 0.0319693094629156
10 0.16359832319320383 0.23123290057474458 10 0.0319693094629156
10 0.17939771131792795 0.10469144158520526 15 0.032071840923669014
11 0.5142666005410291 0.44349220231321 5 0.03198976327575176
11 0.16366571218834947 0.23120889789786436 10 0.03197953309881675
11 0.17936605114427492 0.1047103585842175 15 0.0320786997433704
12 0.514191258163386 0.4436118202334723 5 0.03201024327784891
12 0.16373476750733792 0.23118390972942748 10 0.03198976327575176
12 0.17933284979202177 0.10472986378448577 15 0.03208556149732621
13 0.5141102743402706 0.44372980999508826 5 0.03203074951953875
13 0.1638019835794992 0.2311599275277653 10 0.032
13 0.17930161418294535 0.10474912204423197 15 0.03209242618741977
14 0.5140290390579987 0.4438461420217289 5 0.03205128205128205
14 0.1638681019071145 0.23113616565030073 10 0.03201024327784891
14 0.17927165744232532 0.10476902953154286 15 0.032099293815536056
15 0.5139456165536791 0.4439641887230791 5 0.03207184092366902
15 0.1639356332689779 0.23111200608408805 10 0.032020493115593976
15 0.17924205762837142 0.10478910403347504 15 0.03210616438356164
16 0.5138594190468033 0.4440824029528809 5 0.03209242618741977
16 0.16400310170166985 0.2310880488675434 10 0.03203074951953875
16 0.17921321462611373 0.1048091623031396 15 0.03211303789338471
17 0.5137732691957009 0.44420201794399566 5 0.03211303789338471
17 0.16407147843581416 0.23106395434538302 10 0.03204101249599487
17 0.17918348832320252 0.1048287817245375 15 0.032119914346895075
18 0.5136878954733423 0.44432226334451863 5 0.032133676092544985
18 0.16413991354836308 0.23104011190424917 10 0.03205128205128205
18 0.17915245952873965 0.10484756515443647 15 0.03212679374598415
19 0.5136063867586623 0.44444071333393415 5 0.03215434083601286
19 0.1642066173847298 0.2310168936543658 10 0.032061558191728116
19 0.17912017164960573 0.10486576706685843 15 0.032133676092544985
20 0.5135261967451201 0.44455807487540244 5 0.032175032175032175
20 0.16427257959236224 0.23099381563481175 10 0.03207184092366902
20 0.17908815103478973 0.10488427844907931 15 0.032140561388472245
21 0.5134446104899097 0.4446758962001889 5 0.032195750160978746
21 0.1643390197573134 0.23097057033252444 10 0.032082130253448825
21 0.1790567992348732 0.10490312717976523 15 0.03214744963566223
22 0.5133604906279425 0.4447947672171663 5 0.03221649484536082
22 0.16440633492166895 0.23094710541340943 10 0.03209242618741977
22 0.17902617058442638 0.10492221397298307 15 0.03215434083601286
23 0.5132785473181011 0.44491190657040647 5 0.03223726627981947
23 0.1644729301231582 0.23092341437914815 10 0.03210272873194221
23 0.17899671879461182 0.10494255994813008 15 0.03216123499142367
24 0.5131935909279984 0.44503103979401415 5 0.03225806451612903
24 0.1645413645877823 0.23089909236924275 10 0.03211303789338471
24 0.1789681885622803 0.1049634707192963 15 0.03216813210379584
25 0.5131071951154826 0.4451512934790438 5 0.03227888960619755
25 0.16461083368899584 0.2308744078638898 10 0.032123353678123995
25 0.17894015778926584 0.10498476782827565 15 0.03217503217503217
26 0.5130212487034135 0.4452712397908113 5 0.03229974160206718
26 0.16468024639677228 0.23084961607321022 10 0.032133676092544985
26 0.17891257680188496 0.10500653916358402 15 0.03218193520703711
27 0.5129312620459721 0.44539340947017125 5 0.03232062055591467
27 0.16475109991137588 0.2308246889375904 10 0.03214400514304082
27 0.17888519484471122 0.10502796309824743 15 0.032188841201716736
28 0.512846807122459 0.4455143842972544 5 0.03234152652005174
28 0.16482073646485523 0.23080015399505194 10 0.03215434083601286
28 0.17885581153141272 0.1050487643381705 15 0.032195750160978746
29 0.5127635434788707 0.4456341742041592 5 0.032362459546925564
29 0.1648884367168955 0.23077676192780835 10 0.0321646831778707
29 0.17882461536428262 0.10506790751394063 15 0.0322026620867325
30 0.5126831924709012 0.4457543529923533 5 0.03238341968911917
30 0.16495605214140738 0.2307535787051159 10 0.032175032175032175
30 0.17879147846725607 0.10508616026059009 15 0.03220957698088898
31 0.5126018882943318 0.4458748935732717 5 0.03240440699935191
31 0.16502461381502667 0.2307297863231516 10 0.03218538783392339
31 0.17875989802420408 0.10510563771628827 15 0.03221649484536082
32 0.5125193045162991 0.44599457580289437 5 0.03242542153047989
32 0.165093067033095 0.2307057556108041 10 0.032195750160978746
32 0.17873030098545373 0.10512632022440441 15 0.0322234156820623
33 0.5124395527152978 0.44611386261376795 5 0.032446463335496424
33 0.16516207135291677 0.23068101976962369 10 0.0322061191626409
33 0.17870158867810165 0.10514847683087489 15 0.03223033949290932
34 0.5123558818458561 0.44623375593638565 5 0.032467532467532464
34 0.16523111541354815 0.23065665785099707 10 0.03221649484536082
34 0.1786732830343796 0.10517003261565493 15 0.032237266279819474
35 0.5122739359602655 0.44635147028330663 5 0.03248862897985705
35 0.16529821073654932 0.23063296969162078 10 0.032226877215597804
35 0.1786447981682896 0.10519131920290116 15 0.03224419604471195
36 0.5121937188462772 0.4464692834159457 5 0.03250975292587776
36 0.1653651646335107 0.2306094090259693 10 0.03223726627981947
36 0.17861530399139344 0.10521220967779947 15 0.03225112878950763
37 0.5121160796384723 0.4465894987761049 5 0.03253090435914118
37 0.16543392138960292 0.23058527703575607 10 0.032247662044501774
37 0.17858390957327278 0.10523274970797561 15 0.03225806451612903
38 0.512036338007746 0.44670698198736625 5 0.03255208333333333
38 0.16550042421899175 0.23056191055011857 10 0.03225806451612903
38 0.17855426516872147 0.10525364096207254 15 0.03226500322650032
39 0.5119537695036193 0.44682616641207096 5 0.03257328990228013
39 0.16556831325670834 0.2305381963105734 10 0.03226847370119393
39 0.17852518475823384 0.10527472447443012 15 0.032271944922547334
40 0.511870375028104 0.44694640007503195 5 0.03259452411994785
40 0.1656369783856314 0.23051432637028318 10 0.03227888960619755
40 0.1784959938260238 0.1052957322515167 15 0.03227888960619754
41 0.5117854331567827 0.44706643993860534 5 0.03261578604044357
41 0.1657052742146931 0.23049077008568958 10 0.03228931223764933
41 0.17846704102015534 0.10531640548508703 15 0.03228583727938011
42 0.5117058822577045 0.44718412633567806 5 0.03263707571801566
42 0.16577169257863025 0.230467679156454 10 0.03229974160206718
42 0.17843703705467048 0.10533692227224159 15 0.03229278794402583
43 0.5116271514359703 0.4473029695684237 5 0.032658393207054215
43 0.16583879447470282 0.23044453167391593 10 0.03231017770597738
43 0.17840590061711226 0.10535686513024115 15 0.03229974160206718
44 0.5115498239884589 0.4474203685566141 5 0.032679738562091505
44 0.16590455245917082 0.23042188151348025 10 0.03232062055591467
44 0.1783744545529365 0.10537649475147683 15 0.03230669825543829
45 0.5114668194626822 0.44753586814951357 5 0.032701111837802485
45 0.16596820338724452 0.2304003817533033 10 0.032331070158422244
45 0.17834458741415463 0.10539551606788608 15 0.03231365790607497
46 0.5113857620769757 0.44765344683157704 5 0.032722513089005235
46 0.1660340563285449 0.23037784678562861 10 0.03234152652005174
46 0.1783144549827318 0.10541541269312972 15 0.03232062055591467
47 0.5113054553244585 0.4477727468189795 5 0.03274394237066142
47 0.16610140849101254 0.2303547592723784 10 0.03235198964736331
47 0.1782837998639341 0.10543552795923167 15 0.032327586206896554
48 0.5112266012611212 0.44789489720560755 5 0.0327653997378768
48 0.16617117419735353 0.2303308230769673 10 0.032362459546925564
48 0.17825201937261376 0.10545578380482891 15 0.032334554860961415
49 0.5111473429784776 0.4480146242182583 5 0.03278688524590164
49 0.16623897273315402 0.23030752245051606 10 0.03237293622531563
49 0.17822124794158659 0.10547621924483246 15 0.03234152652005175
50 0.5110665950254282 0.4481339387168486 5 0.03280839895013123
50 0.1663064109093344 0.23028441293962426 10 0.03238341968911917
50 0.1781911830768175 0.10549678555187361 15 0.032348501186111704
51 0.510985754419886 0.4482538775790024 5 0.032829940906106365
51 0.1663743173999525 0.2302611939713572 10 0.03239390994493035
51 0.17816098726687632 0.10551736871062849 15 0.03235547886108714
52 0.5109012249912503 0.44837477757012917 5 0.03285151116951379
52 0.16644284729892805 0.23023798913252164 10 0.03240440699935191
52 0.17813156589126147 0.10553789566049072 15 0.032362459546925564
53 0.5108196564862916 0.4484950823909125 5 0.03287310979618672
53 0.16651111313623118 0.23021466169999744 10 0.03241491085899514
53 0.17810187747399017 0.1055588706087188 15 0.032369443245576175
54 0.510737536274993 0.44861615970404073 5 0.03289473684210526
54 0.1665797389973992 0.23019137964104175 10 0.03242542153047989
54 0.17807171741876188 0.10557948617336653 15 0.03237642995898986
55 0.5106540773103354 0.4487329881104646 5 0.03291639236339697
55 0.16664450909904455 0.23016956647064535 10 0.03243593902043464
55 0.17804263403381318 0.105599646422281 15 0.03238341968911917
56 0.5105720607672904 0.4488520782543925 5 0.03293807641633728
56 0.16671140652355995 0.23014688649428292 10 0.032446463335496424
56 0.1780130690452992 0.10562037086821373 15 0.032390412437918376
57 0.5104913635968702 0.4489718111836418 5 0.03295978905735003
57 0.16677911534134685 0.23012376353553746 10 0.03245699448231094
57 0.17798355492099918 0.1056416697901708 15 0.032397408207343416
58 0.5104104670219961 0.44909136064559385 5 0.032981530343007916
58 0.166846302930379 0.23010104287824684 10 0.032467532467532464
58 0.17795344756718803 0.10566229559785 15 0.03240440699935191
59 0.5103330401081346 0.4492143308636022 5 0.033003300330033
59 0.16691604315228786 0.23007755314051664 10 0.03247807729782397
59 0.17792066045469387 0.10568225794944676 15 0.032411408815903195
60 0.510251308872174 0.4493360214144695 5 0.03302509907529722
60 0.16698421440685166 0.23005502390883778 10 0.03248862897985705
60 0.17788865333802073 0.10570135541925335 15 0.032418413658958284
61 0.5101711842446146 0.44945758845814077 5 0.033046926635822864
61 0.16705279661676092 0.23003206691248196 10 0.03249918752031199
61 0.17785726309404368 0.10572139364764961 15 0.03242542153047989
62 0.5100928098056055 0.4495795204571917 5 0.03306878306878307
62 0.1671222970607889 0.23000847243800307 10 0.03250975292587776
62 0.17782660521567817 0.10574267351834123 15 0.032432432432432434
63 0.5100114841437536 0.44970034612429444 5 0.03309066843150232
63 0.16719071800598426 0.2299854227005304 10 0.032520325203252036
63 0.17779696541312404 0.1057637554667799 15 0.032439446366782004
64 0.5099305765301041 0.4498198838825617 5 0.033112582781456956
64 0.16725808928733285 0.22996271354902778 10 0.03253090435914118
64 0.17776763193163353 0.10578489325659048 15 0.03244646333549643
65 0.5098486728834084 0.4499408925796923 5 0.03313452617627568
65 0.16732648679910966 0.2299398355653998 10 0.03254149040026033
65 0.17773790166232104 0.10580575353297875 15 0.032453483340545215
66 0.5097702449725321 0.45006373454822707 5 0.03315649867374005
66 0.1673963277443971 0.22991643038922796 10 0.03255208333333333
66 0.17770645387860537 0.10582644508681278 15 0.032460506383899586
67 0.5096880213131532 0.45018593740303603 5 0.033178500331785
67 0.16746519616219807 0.2298937219852152 10 0.0325626831650928
67 0.177675563609638 0.10584640587547299 15 0.032467532467532464
68 0.5096069463417536 0.45030734440683684 5 0.033200531208499334
68 0.16753344243966245 0.22987116513759592 10 0.03257328990228013
68 0.17764468677929254 0.10586649203282238 15 0.03247456159341849
69 0.509521675215687 0.45042836841857986 5 0.03322259136212625
69 0.16760103044809257 0.2298491532492652 10 0.032583903551645484
69 0.17761466499028783 0.10588611240333974 15 0.032481593763533996
70 0.5094396687188746 0.4505502959397917 5 0.03324468085106383
70 0.16766974436810345 0.2298264713381904 10 0.03259452411994785
70 0.1775842789580683 0.10590657064066293 15 0.03248862897985705
71 0.5093603766701227 0.4506710061975491 5 0.0332667997338656
71 0.16773760352378114 0.22980389219196867 10 0.032605151613955004
71 0.17755376479870527 0.10592737689905388 15 0.032495667244367414
72 0.5092811769529908 0.45079190351288617 5 0.03328894806924101
72 0.16780543228879718 0.22978142121051937 10 0.03261578604044357
72 0.1775228773168477 0.10594793180043217 15 0.032502708559046585
73 0.5092028965722191 0.45091106008115495 5 0.033311125916055964
73 0.1678717213588443 0.2297594725306174 10 0.03262642740619902
73 0.17749203025967786 0.10596834527366762 15 0.03250975292587776
74 0.50912418936221 0.4510305492029487 5 0.03333333333333333
74 0.16793846716167346 0.22973730505756298 10 0.03263707571801566
74 0.17746174496392061 0.10598927306698071 15 0.03251680034684587
75 0.509041766068676 0.4511527257441779 5 0.0333555703802535
75 0.16800743802509352 0.2297145679295501 10 0.0326477309826967
75 0.17743206768449266 0.10601044687660811 15 0.03252385082393755
76 0.5089713630537659 0.4512725234500003 5 0.03337783711615487
76 0.1680754232408801 0.22969121003950815 10 0.032658393207054215
76 0.17740138842932704 0.10603346316381791 15 0.03253090435914118
77 0.508890584198576 0.45139488284667156 5 0.0334001336005344
77 0.1681446246787432 0.22966832171878698 10 0.03266906239790918
77 0.17737146252706756 0.10605493783436486 15 0.03253796095444685
78 0.5088142916091095 0.45151426397756617 5 0.03342245989304813
78 0.16821155569991858 0.22964591260481138 10 0.032679738562091505
78 0.17734134027770843 0.10607671643765913 15 0.03254502061184639
79 0.5087347284059872 0.4516352969735994 5 0.033444816053511704
79 0.16827957644472116 0.22962342250565113 10 0.03269042170644001
79 0.177311335192985 0.1060981194077577 15 0.032552083333333336
80 0.5086463198881921 0.45175915706062664 5 0.03346720214190094
80 0.16834936755395427 0.22960099460727762 10 0.032701111837802485
80 0.17728225424035376 0.10611865003840561 15 0.03255914912090297
81 0.5085658315824728 0.45187994943724563 5 0.03348961821835231
81 0.16841728538736492 0.22957854522008475 10 0.03271180896303566
81 0.17725299227285235 0.10614046068818409 15 0.03256621797655232
82 0.5084839867804034 0.4520020829151319 5 0.03351206434316353
82 0.1684862076631252 0.2295558844890703 10 0.032722513089005235
82 0.17722370795685655 0.10616223028515036 15 0.03257328990228013
83 0.5084031075133664 0.4521243187818354 5 0.0335345405767941
83 0.16855526580440738 0.22953312999861125 10 0.03273322422258593
83 0.17719434237781834 0.10618423069686554 15 0.03258036490008688
84 0.5083235685178314 0.4522447094360297 5 0.03355704697986577
84 0.16862259308465882 0.22951098805128387 10 0.03274394237066142
84 0.17716468353000028 0.10620586853526684 15 0.0325874429719748
85 0.5082456687661987 0.4523651926419368 5 0.0335795836131632
85 0.16868990263377487 0.22948884586751528 10 0.03275466754012447
85 0.17713441741550726 0.10622742993485407 15 0.03259452411994784
86 0.5081659754467778 0.452487988054428 5 0.033602150537634407
86 0.16875867515585816 0.22946654466847644 10 0.0327653997378768
86 0.17710323582606916 0.10624821319348057 15 0.03260160834601174
87 0.5080896333918238 0.45260941341073435 5 0.03362474781439139
87 0.16882610204476972 0.22944468173255475 10 0.03277613897082923
87 0.17707090283673074 0.10626846553536468 15 0.03260869565217391
88 0.5080120332078197 0.4527311479651425 5 0.033647375504710635
88 0.16889363913884956 0.2294229434099794 10 0.03278688524590164
88 0.17703855570180455 0.10628837281110148 15 0.03261578604044357
89 0.5079327464620628 0.4528527218636878 5 0.03367003367003367
89 0.1689609336015355 0.22940143819453737 10 0.032797638570022956
89 0.17700652240930836 0.10630801122466024 15 0.032622879512831666
90 0.5078519424498031 0.45297918716214197 5 0.03369272237196765
90 0.16903229723363447 0.22937870660596799 10 0.03280839895013123
90 0.17697396924995495 0.10632799100872982 15 0.032629976071350875
91 0.5077714217516356 0.45310165635859495 5 0.033715441672285906
91 0.16910092498516488 0.22935658365397535 10 0.032819166393173616
91 0.1769435962873338 0.10634903992019744 15 0.03263707571801566
92 0.5076934100198216 0.4532220893528308 5 0.033738191632928474
92 0.16916855545556603 0.2293343695396038 10 0.032829940906106365
92 0.17691457144817233 0.10637152979771142 15 0.03264417845484222
93 0.5076128322356621 0.4533446264508151 5 0.0337609723160027
93 0.16923800788725574 0.22931165769917095 10 0.03284072249589491
93 0.1768860962868951 0.10639435469883396 15 0.032651284283848496
94 0.5075377352944905 0.45346359399910224 5 0.033783783783783786
94 0.16930500012876465 0.22928928507715068 10 0.03285151116951379
94 0.17685800125604406 0.1064181579157081 15 0.032658393207054215
95 0.50745904728994 0.45358551614068593 5 0.03380662609871535
95 0.16937416792102322 0.2292665115882313 10 0.03286230693394676
95 0.17682980620837452 0.10644162850183178 15 0.03266550522648083
96 0.5073790240806906 0.4537084802107687 5 0.03382949932341001
96 0.16944396021613845 0.22924372243303867 10 0.03287310979618672
96 0.17680133269687218 0.10646472836093754 15 0.0326726203441516
97 0.5073000085943475 0.45383158327671563 5 0.033852403520649964
97 0.16951384431539515 0.22922089478864197 10 0.03288391976323578
97 0.1767726009420694 0.10648790811443536 15 0.032679738562091505
98 0.5072148473613775 0.45395742674176204 5 0.03387533875338754
98 0.16958545391556218 0.22919804647262326 10 0.03289473684210526
98 0.17674386989221963 0.10651004316376711 15 0.0326868598823273
99 0.5071330853368357 0.45408068377791083 5 0.03389830508474576
99 0.16965491791238363 0.22917577610444914 10 0.03290556103981573
99 0.17671473063100224 0.10653205479368956 15 0.03269398430688753
100 0.507052990397033 0.4542030542490766 5 0.033921302578018994
100 0.16972342444428729 0.2291538735821232 10 0.03291639236339697
100 0.17668483468943819 0.10655357282357096 15 0.032701111837802485
101 0.5069766634131949 0.45432482858517564 5 0.03394433129667345
101 0.16979135890264294 0.22913205734306447 10 0.03292723081988805
101 0.17665388799015866 0.10657498597524792 15 0.03270824247710423
102 0.5068989251342859 0.45444639501836487 5 0.033967391304347824
102 0.16985927247929888 0.22911025922885533 10 0.03293807641633728
102 0.1766238410875556 0.10659677455913355 15 0.03271537622682661
103 0.5068202867434933 0.45456835666616435 5 0.03399048266485384
103 0.1699279558488474 0.22908806297924902 10 0.032948929159802305
103 0.17659513223936854 0.10661966453693014 15 0.032722513089005235
104 0.5067360213960928 0.454691005595756 5 0.034013605442176874
104 0.1699971330544868 0.22906599374945968 10 0.03295978905735003
104 0.17656779747929338 0.10664245437842242 15 0.0327296530656775
105 0.5066550397847696 0.45481287368334006 5 0.03403675970047651
105 0.17006573440494055 0.22904393965987868 10 0.03297065611605671
105 0.17653995952757656 0.10666553115923001 15 0.03273679615888258
106 0.5065736653248362 0.4549356074752504 5 0.03405994550408719
106 0.1701348705567216 0.2290218169970391 10 0.032981530343007916
106 0.1765117363300077 0.10668840206582123 15 0.03274394237066142
107 0.5064946450528198 0.45505775994046394 5 0.03408316291751874
107 0.17020364311643327 0.22899966648659334 10 0.03299241174529858
107 0.17648334720685765 0.10671166173403075 15 0.03275109170305677
108 0.5064160161458051 0.4551778627446038 5 0.034106412005457026
108 0.1702708870740298 0.22897792943778747 10 0.033003300330033
108 0.17645571901851964 0.10673523117633002 15 0.032758244158113126
109 0.5063359590281411 0.45530069194839673 5 0.034129692832764506
109 0.17034039621452113 0.22895555119036776 10 0.03301419610432486
109 0.17642802228665902 0.10675903102121187 15 0.0327653997378768
110 0.5062542583276841 0.45542599555542845 5 0.03415300546448087
110 0.1704118629929986 0.2289326884284156 10 0.03302509907529722
110 0.17640016036674458 0.10678283062871902 15 0.03277255844439589
111 0.5061741625044958 0.4555473993741668 5 0.034176349965823645
111 0.17047989645550837 0.22891095897417232 10 0.03303600925008259
111 0.1763721520627061 0.10680590715611922 15 0.03277972027972028
112 0.5060945520592148 0.45567094913335354 5 0.034199726402188775
112 0.1705494427892818 0.22888888978950606 10 0.033046926635822864
112 0.17634306191931742 0.10682863339660932 15 0.03278688524590164
113 0.5060139285263909 0.45579469051311217 5 0.034223134839151265
113 0.17061891780001648 0.22886701604484574 10 0.03305785123966942
113 0.17631374428889066 0.10685087606502226 15 0.03279405334499344
114 0.505933855940591 0.45591792631542144 5 0.03424657534246575
114 0.17068818498915012 0.2288451119786076 10 0.03306878306878307
114 0.17628500750917828 0.10687368210714358 15 0.03280122457905095
115 0.5058491269792926 0.4560414488350323 5 0.03427004797806717
115 0.17075796003421914 0.2288231388390301 10 0.033079722130334104
115 0.17625824961590073 0.10689713278064773 15 0.03280839895013123
116 0.505769161125327 0.4561656072132104 5 0.034293552812071325
116 0.1708281582739905 0.2288008779570178 10 0.03309066843150232
116 0.1762300392192914 0.1069207763398079 15 0.03281557646029315
117 0.5056890893291341 0.45628992238875865 5 0.03431708991077556
117 0.17089825240237738 0.22877877291715248 10 0.03310162197947699
117 0.1762013872104186 0.10694402685154607 15 0.03282275711159737
118 0.5056102865235357 0.45641339019787985 5 0.034340659340659344
118 0.17096773827698622 0.22875679656063502 10 0.033112582781456956
118 0.17617287625679753 0.10696752967522502 15 0.032829940906106365
119 0.5055179393357975 0.45653286027603396 5 0.03436426116838488
119 0.17103329575392204 0.22873695420108878 10 0.033123550844650546
119 0.17614701967247717 0.10698867182692412 15 0.03283712784588441
120 0.5054362442648885 0.45665693931220985 5 0.0343878954607978
120 0.17110241384139577 0.22871563659690888 10 0.03313452617627568
120 0.17611706424806767 0.10701020648634775 15 0.03284431793299759
121 0.505381124915199 0.45678853992352186 5 0.034411562284927734
121 0.1711781385094929 0.2286908852418023 10 0.03314550878355983
121 0.1760802148071949 0.10703473349067832 15 0.0328515111695138
122 0.5053041266859961 0.4569135311664657 5 0.034435261707988975
122 0.17124815131522014 0.22866903153943294 10 0.03315649867374005
122 0.1760495125132725 0.10705712625262505 15 0.03285870755750274
123 0.5052228932472066 0.4570364263890247 5 0.03445899379738112
123 0.17131692689197034 0.2286475752335205 10 0.03316749585406302
123 0.17602148437922688 0.1070802868094358 15 0.03286590709903593
124 0.5051409236405033 0.4571604109446271 5 0.034482758620689655
124 0.17138690153836889 0.2286256657645073 10 0.033178500331785
124 0.17599425054768197 0.10710425441302952 15 0.03287310979618672
125 0.5050669421350535 0.45729152009528945 5 0.03450655624568668
125 0.1714629930982112 0.22860140380228539 10 0.03318951211417192
125 0.17596458935744513 0.10713003293457486 15 0.032880315651030244
126 0.5049853765369127 0.4574164683815627 5 0.03453038674033149
126 0.1715336878578217 0.22857932986574953 10 0.033200531208499334
126 0.17593712863267055 0.10715412649340873 15 0.0328875246656435
127 0.5049041924704099 0.4575401567559624 5 0.03455425017277124
127 0.1716031800367857 0.2285577322865151 10 0.033211557622052475
127 0.17590936950393962 0.10717767946733185 15 0.03289473684210526
128 0.5048241110684705 0.4576641373856427 5 0.034578146611341634
128 0.171672774219948 0.22853615735808086 10 0.03322259136212625
128 0.17588094820093844 0.10720093843976548 15 0.03290195218249616
129 0.5047358315716343 0.4577842170690064 5 0.03460207612456748
129 0.17173878454752167 0.22851626100205547 10 0.03323363243602526
129 0.17585417512882012 0.107222380235243 15 0.03290917068889864
130 0.504653543021911 0.4579095495901896 5 0.03462603878116343
130 0.17180918075438134 0.2284947402272235 10 0.03324468085106383
130 0.17582527508324694 0.10724484222447542 15 0.03291639236339697
131 0.5045773493566487 0.4580336630737092 5 0.03465003465003465
131 0.17187867874041943 0.22847319834556984 10 0.03325573661456602
131 0.1757954879936299 0.10726785537973611 15 0.03292361720807726
132 0.504499837242438 0.4581571774995095 5 0.03467406380027739
132 0.171947456776662 0.2284520537938227 10 0.0332667997338656
132 0.17576566265266633 0.10729030078863232 15 0.03293084522502744
133 0.504413045822947 0.4582773202882692 5 0.03469812630117974
133 0.17201329010220995 0.2284323409182905 10 0.033277870216306155
133 0.1757382380302601 0.10731153739261236 15 0.03293807641633728
134 0.5043336966714316 0.4584019376154103 5 0.034722222222222224
134 0.17208291657444497 0.22841107355318013 10 0.03328894806924101
134 0.17570875931999988 0.10733412618210289 15 0.032945310784098396
135 0.5042554337911649 0.45852727136503335 5 0.03474635163307853
135 0.17215312633419383 0.2283895856369384 10 0.0333000333000333
135 0.17567904351808392 0.10735700639328848 15 0.032952548330404216
136 0.5041883403292592 0.45865711282741 5 0.03477051460361613
136 0.1722270581070888 0.22836644970004566 10 0.033311125916055964
136 0.1756462511329892 0.10738130837423362 15 0.03295978905735003
137 0.5041094414777529 0.4587844127928247 5 0.034794711203897
137 0.17229858091001032 0.22834476916659865 10 0.033322225924691765
137 0.17561581922242112 0.10740379367161233 15 0.03296703296703297
138 0.5040274450102438 0.4589106993762046 5 0.034818941504178275
138 0.1723693377800525 0.2283234922355592 10 0.03333333333333333
138 0.17558645081125956 0.10742610186423833 15 0.03297428006155199
139 0.5039383660777967 0.45902571671590964 5 0.03484320557491289
139 0.17243121992724908 0.22830514424452925 10 0.03334444814938312
139 0.17556136230180247 0.10744751691089213 15 0.032981530343007916
140 0.5038566930416141 0.4591513232439325 5 0.03486750348675035
140 0.1725016741965623 0.22828390361108294 10 0.0333555703802535
140 0.1755327157645497 0.1074704056490878 15 0.032988783813503404
141 0.503776032120464 0.45927866319619903 5 0.034891835310537335
141 0.17257328258818536 0.22826238260716755 10 0.033366700033366704
141 0.17550297146997612 0.10749299093057045 15 0.03299604047514298
142 0.5036895253064466 0.4594088692614787 5 0.034916201117318434
142 0.172647073766037 0.22824058734790492 10 0.03337783711615487
142 0.1754737488653441 0.10751507032409333 15 0.033003300330033
143 0.503607315358307 0.4595361529329276 5 0.03494060097833683
143 0.17271959596824743 0.2282186042865189 10 0.0333889816360601
143 0.17544709211931236 0.10753990693299392 15 0.03301056338028169
144 0.5034406603822343 0.45961458581453396 5 0.03496503496503497
144 0.17275427028615178 0.228211251376817 10 0.0334001336005344
144 0.17545172597352396 0.10755790574612409 15 0.033017829627999117
145 0.5033490003959662 0.4597427402961978 5 0.03498950314905528
145 0.1728314124924499 0.22818624656039863 10 0.03341129301703976
145 0.1754367487598934 0.10759120619158308 15 0.03302509907529722
146 0.5032485436108256 0.45988865881732466 5 0.0350140056022409
146 0.1729248756369818 0.2281540526991963 10 0.03342245989304813
146 0.17542423560342424 0.10762788670502564 15 0.0330323717242898
147 0.5031735997876178 0.46002660138603046 5 0.0350385423966363
147 0.17300848379065115 0.22812503040858365 10 0.033433634236041454
147 0.1753983621310116 0.107657251322713 15 0.03303964757709251
148 0.5031055676302338 0.4601613150266191 5 0.03506311360448808
148 0.1730897862166449 0.22809618480990887 10 0.033444816053511704
148 0.17537314756717756 0.1076886240907238 15 0.033046926635822864
149 0.5030340949284938 0.4602944774749699 5 0.03508771929824561
149 0.17317871754718606 0.22806169557648032 10 0.03345600535296085
149 0.17537381039003155 0.10774310785577451 15 0.03305420890260027
150 0.5028853945423951 0.4604346851199466 5 0.03511235955056179
150 0.17328377593530148 0.228021903512201 10 0.03346720214190094
150 0.17541672221535268 0.10781716297232619 15 0.033061494379545954
151 0.5027666887519432 0.46059577173381044 5 0.035137034434293744
151 0.1733899419192026 0.22798716301037514 10 0.03347840642785403
151 0.17540624701046548 0.10785363212113706 15 0.03306878306878307
152 0.5026718778752586 0.46074740432908917 5 0.035161744022503515
152 0.17347394563830698 0.22796393498604398 10 0.03348961821835231
152 0.17535144925328944 0.10785189303819707 15 0.03307607497243661
153 0.502580145140431 0.4608886326604387 5 0.035186488388458836
153 0.17355492960355248 0.22793915680864005 10 0.03350083752093802
153 0.17531503852480074 0.10786665145795798 15 0.033083370092633436
154 0.5024894168872887 0.4610400953201502 5 0.035211267605633804
154 0.17367197913978247 0.22789225318677758 10 0.03351206434316353
154 0.17535487951615505 0.10795749253696187 15 0.03309066843150232
155 0.502148087108613 0.4611841702696977 5 0.035236081747709654
155 0.1738180412705916 0.22783466673969435 10 0.03352329869259135
155 0.17554353997876504 0.10811743701263735 15 0.03309796999117387
156 0.5019653656635508 0.46138032768222903 5 0.03526093088857545
156 0.17399940749030202 0.2277623067822115 10 0.0335345405767941
156 0.17567265394009962 0.10827820072503339 15 0.03310527477378062
157 0.501931229899357 0.4615677161143964 5 0.03528581510232886
157 0.17416571026092648 0.227690758297505 10 0.03354579000335458
157 0.17575316867029214 0.10843137473814611 15 0.033112582781456956
158 0.5017566423195627 0.4617973553358296 5 0.03531073446327684
158 0.1743602691916924 0.22758182622236833 10 0.03355704697986577
158 0.17578568963743332 0.10848570136696685 15 0.03311989401633914
159 0.5015938747698028 0.46200389383229784 5 0.0353356890459364
159 0.17453068610484546 0.22748071383315088 10 0.033568311513930846
159 0.17580322923672606 0.10852210572939627 15 0.03312720848056537
160 0.5014632941896153 0.4622063138067368 5 0.03536067892503536
160 0.17469862860732116 0.22737856888826524 10 0.0335795836131632
160 0.1758088039616205 0.10836622895148156 15 0.03312720848056537
161 0.5012963759040849 0.4624019514019233 5 0.03538570417551309
161 0.1748559142398491 0.22728355268234407 10 0.03359086328518643
161 0.1758151612163415 0.10838848751589532 15 0.03313452617627568
162 0.5011311761382646 0.4625889573484662 5 0.03541076487252124
162 0.1750001977085604 0.22719488810197364 10 0.033602150537634407
162 0.17580604428551758 0.10839405635932228 15 0.03314184710561202
163 0.5009814996656711 0.4627654074054913 5 0.03543586109142452
163 0.17513228209747642 0.22711051068578172 10 0.03361344537815126
163 0.17578452056156774 0.10838947241597752 15 0.03314917127071823
164 0.5007196415170204 0.46293745659473623 5 0.03546099290780142
164 0.1752580350007625 0.2270348035583814 10 0.03362474781439139
164 0.1757752244409842 0.10836377181202114 15 0.03315649867374005
165 0.499501291110757 0.4616310719338155 5 0.03546099290780142
165 0.17539182664188374 0.22695068213320418 10 0.033636057854019505
165 0.17575460374643254 0.10835814843710725 15 0.033163829316825114
166 0.49935747747923787 0.46181761710145264 5 0.035486160397444996
166 0.1755331458027479 0.22686327430665595 10 0.033647375504710635
166 0.17573593360335182 0.10836037465509399 15 0.033171163202122954
167 0.49920968689751843 0.46200670728892995 5 0.03551136363636363
167 0.17645772189715164 0.22710121994910665 10 0.033647375504710635
167 0.17571622030355655 0.1083613833256992 15 0.033178500331785
168 0.4990665378675456 0.4621965498608005 5 0.0355366027007818
168 0.17659653480350473 0.22701660456780265 10 0.03365870077415011
168 0.17568194512133042 0.1083504505145872 15 0.033185840707964605
169 0.49902044677794366 0.46238232784001293 5 0.03556187766714083
169 0.17672583137404146 0.2269319925710948 10 0.03367003367003367
169 0.17561655371134002 0.10833699187818023 15 0.03319318433281699
170 0.49895971892194824 0.4624640587462376 5 0.03558718861209965
170 0.17679339119887388 0.22680348006306167 10 0.03368137420006736
170 0.1755672224372124 0.10809673023212071 15 0.03319318433281699
171 0.49896378559201393 0.46256457075994445 5 0.03561253561253561
171 0.17687850940175046 0.22666394082959967 10 0.03369272237196765
171 0.17552356927207272 0.10806298755103483 15 0.033200531208499334
172 0.4981061856447776 0.4611530027255847 5 0.03561253561253561
172 0.1769376616519483 0.22653409289767903 10 0.03370407819346141
172 0.17550496987770417 0.10802548820118904 15 0.03320788133717068
173 0.49804304359073404 0.461209749228147 5 0.035637918745545255
173 0.17774500332339827 0.22673573189922663 10 0.03370407819346141
173 0.1754832643206517 0.10798161951531027 15 0.033215234720992026
174 0.49798459842978077 0.46127334830912126 5 0.035663338088445073
174 0.17779489201836635 0.22661199576557906 10 0.033715441672285906
174 0.17550542578169087 0.10773308695545764 15 0.033215234720992026
175 0.4979968637118847 0.4613311231144217 5 0.03568879371877231
175 0.17782993800483335 0.2264925921597431 10 0.03372681281618887
175 0.1754250833154753 0.10765600650387178 15 0.03322259136212625
176 0.497949341763743 0.4613889020025443 5 0.03571428571428571
176 0.17786815204251316 0.2263743631143988 10 0.033738191632928474
176 0.17536235635952763 0.10757840599410513 15 0.033229951262738144
177 0.49729825078016665 0.45998244594813026 5 0.03571428571428571
177 0.17791179932789428 0.226255345528713 10 0.03374957813027337
177 0.1753051230453639 0.10750248709841285 15 0.03323731442499446
178 0.4971218828606472 0.4600040697512055 5 0.035739814152966405
178 0.17858509634658096 0.22647555668685 10 0.03374957813027337
178 0.17528566992193603 0.10721452256475608 15 0.03323731442499446
179 0.4970278958162127 0.4600814174621388 5 0.035765379113018594
179 0.17864078207776193 0.22635501231444452 10 0.0337609723160027
179 0.1752356093118001 0.1071406170607721 15 0.03324468085106383
180 0.4969354634109034 0.46018781042720314 5 0.03579098067287043
180 0.17872084346117983 0.22622671969900215 10 0.03377237419790611
180 0.17518460267315222 0.10707462456064294 15 0.03325205054311682
181 0.49616548177415803 0.4588170897981233 5 0.03579098067287043
181 0.17878629610552482 0.22610375469787747 10 0.033783783783783786
181 0.1751172920985651 0.10699704601169181 15 0.03325942350332594
182 0.49595886031008635 0.4587662022953314 5 0.03581661891117479
182 0.1795461905129396 0.22630722939552278 10 0.033783783783783786
182 0.17507883008395975 0.1066544750599313 15 0.03325942350332594
183 0.4959316130938394 0.45874986889888236 5 0.035842293906810034
183 0.17953271851702154 0.22614279382717917 10 0.03379520108144643
183 0.17500690123457188 0.10652601451942491 15 0.0332667997338656
184 0.4948245196845467 0.4572898561039911 5 0.035842293906810034
184 0.17954193796398193 0.22597094260329303 10 0.03380662609871535
184 0.17492626435409683 0.10640416951844411 15 0.03327417923691216
185 0.49494362071137277 0.4573562667654757 5 0.035868005738880916
185 0.18037071499729995 0.22612669678948066 10 0.03380662609871535
185 0.1748356698163773 0.10610762184833541 15 0.03327417923691216
186 0.4949503135542388 0.4573661890504961 5 0.03589375448671931
186 0.18037853469709128 0.22595453149227387 10 0.033818058843422386
186 0.17476484035382114 0.10599900661653429 15 0.033281562014643884
187 0.4940433935503109 0.4559131584979924 5 0.03589375448671931
187 0.18039366785750083 0.22578081279456588 10 0.03382949932341001
187 0.17470304085821725 0.10589446966788676 15 0.03328894806924101
188 0.4940376154120786 0.4559418584314249 5 0.035919540229885055
188 0.1811893541357042 0.22595566274318749 10 0.03382949932341001
188 0.17479342797581174 0.10557230682611543 15 0.03328894806924101
189 0.49426670619328944 0.4559979295353104 5 0.03594536304816679
189 0.18119743703577984 0.22578371281025297 10 0.0338409475465313
189 0.17459244468770177 0.1054180483943294 15 0.033296337402885685
190 0.4935564072119637 0.4545089324401707 5 0.03594536304816679
190 0.18115570423481486 0.2256291593886095 10 0.033852403520649964
190 0.17454678187322117 0.10507567750136054 15 0.033296337402885685
191 0.49357546148399833 0.45448645173638047 5 0.03597122302158273
191 0.1818022528582072 0.22581303939905242 10 0.033852403520649964
191 0.1744368647546096 0.10493046925304403 15 0.03330373001776199
192 0.493556812376691 0.45441804830997645 5 0.03599712023038157
192 0.18170510765043751 0.2256835436570524 10 0.033863867253640365
192 0.17428888736922618 0.10472519024241739 15 0.033311125916055964
193 0.4926855776187722 0.45289256644202736 5 0.03599712023038157
193 0.18162803516520262 0.22553948554666184 10 0.03387533875338754
193 0.1742018010478235 0.10438368856522878 15 0.033311125916055964
194 0.4927513981940349 0.45279036562586067 5 0.03602305475504323
194 0.18240252425058784 0.22569313025455098 10 0.03387533875338754
194 0.17413502811185655 0.10424833348321316 15 0.03331852509995557
195 0.49284755504158423 0.45269346903541063 5 0.03604902667627974
195 0.18231801873393466 0.22549809559261974 10 0.03388681802778719
195 0.17422704453151425 0.10388637004498245 15 0.03331852509995557
196 0.49197772763814795 0.4510479057252148 5 0.03604902667627974
196 0.18301392152438667 0.2257078170247379 10 0.03388681802778719
196 0.17410784724862374 0.10360616618252834 15 0.033325927571650746
197 0.4920577425937688 0.4508981120080688 5 0.03607503607503608
197 0.18288055409388693 0.22552944413282483 10 0.03389830508474576
197 0.17409657726512742 0.10323289028517517 15 0.033325927571650746
198 0.4916529913237756 0.44936484583877645 5 0.03607503607503608
198 0.182814615042941 0.2253274247094081 10 0.03390979993218039
198 0.17403868980673193 0.1031066433065604 15 0.03333333333333333
199 0.4916060038073905 0.4492926042284238 5 0.036101083032490974
199 0.18364487614508782 0.22544231937778214 10 0.03390979993218039
199 0.1740899724152108 0.10279407251120144 15 0.03333333333333333
200 0.49107661776047234 0.44779018154773703 5 0.036101083032490974
200 0.18361251495247172 0.2252322411324283 10 0.033921302578018994
200 0.1740673108780925 0.10269331604460014 15 0.03334074238719715
201 0.4910911343421488 0.4477433646120318 5 0.0361271676300578
201 0.18459539948417197 0.22531804508101066 10 0.033921302578018994
201 0.1743549791816361 0.10243492401652175 15 0.03334074238719715
202 0.49109721536069345 0.44772617370896217 5 0.03615328994938539
202 0.18460424231571762 0.2250953294948014 10 0.0339328130302002
202 0.17435035248287145 0.10236682952730995 15 0.03334815473543797
203 0.49070985606641093 0.44621153767777744 5 0.03615328994938539
203 0.18566594126979474 0.22514949890458577 10 0.0339328130302002
203 0.17444524049415128 0.10216115524440848 15 0.03334815473543797
204 0.49078144491303766 0.44617371518013266 5 0.0361794500723589
204 0.18565471397022462 0.22493156072074805 10 0.03394433129667345
204 0.17443450725084367 0.10209805326632976 15 0.033355570380253496
205 0.4901295305120327 0.4445269920277031 5 0.0361794500723589
205 0.18561164402587246 0.2247233247762682 10 0.03395585738539898
205 0.17457388698340096 0.10184989090667511 15 0.033355570380253496
206 0.49018630666874186 0.4444507603089828 5 0.036205648081100654
206 0.18651164237293666 0.22478650998355834 10 0.03395585738539898
206 0.17453758083754636 0.10172970884851004 15 0.03336298932384341
207 0.4898677437357696 0.44284424347837714 5 0.036205648081100654
207 0.18648345236840938 0.22451317207163307 10 0.033967391304347824
207 0.1745756630413604 0.10142538705039096 15 0.03336298932384341
208 0.49000085263552656 0.4427331036436871 5 0.036231884057971016
208 0.18734312029844166 0.22458527247556134 10 0.033967391304347824
208 0.17449660709860984 0.1012683839052956 15 0.03337041156840934
209 0.48923229565725473 0.44104538153991707 5 0.036231884057971016
209 0.18723783798604046 0.22434598520307106 10 0.03397893306150187
209 0.1747124081263806 0.10092502164772697 15 0.03337041156840934
210 0.4892108572054855 0.44089825644055225 5 0.03625815808556925
210 0.18797629049183978 0.22445418973051975 10 0.03397893306150187
210 0.17481597597352125 0.10051687258524557 15 0.03337041156840934
211 0.48863914494405475 0.4392064939600016 5 0.03625815808556925
211 0.18875694830236048 0.22455094535402184 10 0.03397893306150187
211 0.17472289044170866 0.10032536923948449 15 0.03337783711615487
212 0.4887071038242266 0.4390973243448311 5 0.036284470246734396
212 0.1886584571591345 0.22431434352368457 10 0.03399048266485384
212 0.1748393219901564 0.09999631551812102 15 0.03337783711615487
213 0.48839187904622944 0.43743920560697613 5 0.036284470246734396
213 0.18952911128808364 0.22440621707763317 10 0.03399048266485384
213 0.17471978905719457 0.09980039881612902 15 0.03338526596928555
214 0.48816016111316907 0.43725261458777426 5 0.03631082062454611
214 0.18931473113964276 0.22422562182131617 10 0.03400204012240734
214 0.17483464333172197 0.09931002429254857 15 0.03338526596928555
215 0.4876900612298053 0.43553970316626395 5 0.03631082062454611
215 0.190124104689186 0.2243484257865386 10 0.03400204012240734
215 0.17504632563513559 0.09891799244364335 15 0.03338526596928555
216 0.48692086760355935 0.43389188313796223 5 0.03631082062454611
216 0.19001907179429045 0.22411597003890432 10 0.034013605442176874
216 0.17496140465713875 0.09876500037411855 15 0.0333926981300089
217 0.4870020070342548 0.43383851832931086 5 0.036337209302325583
217 0.19082601563802254 0.22421375850717912 10 0.034013605442176874
217 0.17514504135391068 0.09843655057971194 15 0.0333926981300089
218 0.48624466248399356 0.43217969140000134 5 0.036337209302325583
218 0.1907334230164933 0.22394237911450743 10 0.03402517863218781
218 0.17537102983770655 0.09813653995396221 15 0.0333926981300089
219 0.4863098032013259 0.4320835537914568 5 0.03636363636363636
219 0.19151403643537906 0.2239876731468032 10 0.03402517863218781
219 0.17535252803015358 0.09802000557920804 15 0.0334001336005344
220 0.48563247414202404 0.43048296098516026 5 0.03636363636363636
220 0.19236422073285994 0.22402812658845567 10 0.03402517863218781
220 0.17558305384242018 0.09770492329152325 15 0.0334001336005344
221 0.48530204823087153 0.4288367691171602 5 0.03636363636363636
221 0.19223348080675212 0.22374939314041892 10 0.03403675970047651
221 0.17571463770457282 0.09736444642279735 15 0.0334001336005344
222 0.48551074759046475 0.4286997199034926 5 0.036390101892285295
222 0.19317683859009682 0.22375395545724888 10 0.03403675970047651
222 0.17560367974098143 0.09717870039123176 15 0.0334075723830735
223 0.4850147847907137 0.42704733276880474 5 0.036390101892285295
223 0.19414863517564163 0.22374835854883718 10 0.03403675970047651
223 0.17583182806291858 0.09683795589382074 15 0.0334075723830735
224 0.4852864285448447 0.42692249157861817 5 0.03641660597232338
224 0.193996898455857 0.22349104320716165 10 0.03404834865509023
224 0.17603071755239172 0.096482809654661 15 0.0334075723830735
225 0.4850925874293163 0.4251858070494666 5 0.03641660597232338
225 0.19478293359864013 0.22350260319039966 10 0.03404834865509023
225 0.17641383251836495 0.09617050120257373 15 0.0334075723830735
226 0.4847722536018363 0.42347761251163085 5 0.03641660597232338
226 0.1946409223288417 0.2232423277746376 10 0.03405994550408719
226 0.17635768203216878 0.09602848084928459 15 0.033415014479839605
227 0.48498123846730257 0.42336684562074556 5 0.03644314868804664
227 0.1955678442218109 0.22326249682355095 10 0.03405994550408719
227 0.17661759210983133 0.095697807846431 15 0.033415014479839605
228 0.48437035984765126 0.4216159822239828 5 0.03644314868804664
228 0.1963907447384737 0.22332943949288583 10 0.03405994550408719
228 0.17680197920225138 0.09526063269298815 15 0.033415014479839605
229 0.4838766236413014 0.41988124029995816 5 0.03644314868804664
229 0.19617863911185734 0.22309968700461655 10 0.034071550255536626
229 0.17667521282910392 0.09504758089338651 15 0.03342245989304813
230 0.4840404256633084 0.4197293071988666 5 0.03646973012399708
230 0.1968893614217901 0.223105131560706 10 0.034071550255536626
230 0.17720177346216986 0.09475922067678531 15 0.03342245989304813
231 0.4836316341644478 0.4180333606137435 5 0.03646973012399708
231 0.19770824095245748 0.2230985850028731 10 0.034071550255536626
231 0.17757539116249443 0.09445378196814581 15 0.03342245989304813
232 0.48311946299724917 0.41633001157339766 5 0.03646973012399708
232 0.19847484104937801 0.2231230871735312 10 0.034071550255536626
232 0.17778970568889987 0.0940548120601378 15 0.03342245989304813
233 0.48342920539610257 0.41608449668537384 5 0.0364963503649635
233 0.19820601638823787 0.2228574910674411 10 0.03408316291751874
233 0.1780804698371624 0.09371867244157683 15 0.03342245989304813
234 0.4831631971378919 0.41434753485840803 5 0.0364963503649635
234 0.19901095161991217 0.22287492209832965 10 0.03408316291751874
234 0.17850041615508305 0.09342808886889142 15 0.03342245989304813
235 0.4830932216000767 0.41274968749226354 5 0.0364963503649635
235 0.19986883627066607 0.22286850904016736 10 0.03408316291751874
235 0.17832754421205532 0.09325406487593003 15 0.03342990862491642
236 0.482815777146384 0.41102303506765275 5 0.0364963503649635
236 0.19965211470016542 0.22259277572313177 10 0.03409478349812479
236 0.1786869962575131 0.09298477999519773 15 0.03342990862491642
237 0.4831124027554976 0.4108538114913249 5 0.036523009495982466
237 0.20057852353995256 0.2226216831030663 10 0.03409478349812479
237 0.179028170610044 0.09272562605693105 15 0.03342990862491642
238 0.48266135807285826 0.40923577163207037 5 0.036523009495982466
238 0.20149538460355282 0.22264856514039563 10 0.03409478349812479
238 0.17932543662373368 0.09243276841855824 15 0.03342990862491642
239 0.48223943137516256 0.4074983085626095 5 0.036523009495982466
239 0.20229864978916107 0.22262225642008487 10 0.03409478349812479
239 0.17974497955819752 0.09220328547573525 15 0.03342990862491642
240 0.4824534317418491 0.4073062409279064 5 0.03654970760233918
240 0.20209189538677969 0.2223497349469122 10 0.034106412005457026
240 0.17974091490645253 0.09211614033332265 15 0.03343736067766384
241 0.4820903714422151 0.4056358419283721 5 0.03654970760233918
241 0.2027039540157261 0.22228517404658898 10 0.034106412005457026
241 0.18013615788886034 0.09190775986009968 15 0.03343736067766384
242 0.4816923555182612 0.40389356616038363 5 0.03654970760233918
242 0.20353348807655597 0.22223001116197136 10 0.034106412005457026
242 0.18041461145648408 0.0916142392103729 15 0.03343736067766384
243 0.4815272309751453 0.4019665183407425 5 0.03654970760233918
243 0.20428255543864365 0.22217285275623108 10 0.034106412005457026
243 0.18091669061878013 0.09138734799815108 15 0.03343736067766384
244 0.48146074754707674 0.4000679397906858 5 0.03654970760233918
244 0.20491576776171017 0.22211635487118192 10 0.034106412005457026
244 0.1814498725967258 0.09122821713188693 15 0.03343736067766384
245 0.48177950025166105 0.39982231169747423 5 0.036576444769568395
245 0.20464960353926256 0.2218130795328978 10 0.03411804844762879
245 0.18193345649099898 0.0910770970190007 15 0.03343736067766384
246 0.48161036611883173 0.3980912708107769 5 0.036576444769568395
246 0.20541137204026944 0.22177577054164505 10 0.03411804844762879
246 0.1824099388007618 0.09086723496064968 15 0.03343736067766384
247 0.48110565180560727 0.39618524035274594 5 0.036576444769568395
247 0.2060411471194002 0.22176020252550344 10 0.03411804844762879
247 0.18288253956447323 0.09071602331336907 15 0.03343736067766384
248 0.4808230431222939 0.394320955441681 5 0.036576444769568395
248 0.20675043613364202 0.22173819480109924 10 0.03411804844762879
248 0.18323338673205924 0.09060568361848657 15 0.03343736067766384
249 0.4804770227142302 0.3925838671974143 5 0.036576444769568395
249 0.20734171902057436 0.22170775865389808 10 0.03411804844762879
249 0.1831803227300347 0.0905120291003039 15 0.033444816053511704
250 0.4798728726271116 0.390781135597987 5 0.036576444769568395
250 0.20812151110497484 0.22169093514443086 10 0.03411804844762879
250 0.18353664316493531 0.0904196804989028 15 0.033444816053511704
251 0.48018726628792663 0.3905577789317073 5 0.036603221083455345
251 0.2078435314073847 0.22140862284071913 10 0.034129692832764506
251 0.18413936206983553 0.09034750887157168 15 0.033444816053511704
252 0.47992956331261755 0.3888333306393697 5 0.036603221083455345
252 0.2086670009077259 0.2214077272580714 10 0.034129692832764506
252 0.184545750667733 0.09025974803941711 15 0.033444816053511704
253 0.47983051079586014 0.38705563814265853 5 0.036603221083455345
253 0.20928165450292924 0.22141853326670385 10 0.034129692832764506
253 0.18497968968105413 0.09022258008523751 15 0.033444816053511704
254 0.479497645421662 0.3853334965445667 5 0.036603221083455345
254 0.21008603237934365 0.22133582495894336 10 0.034129692832764506
254 0.18560145881982512 0.09022489554061482 15 0.033444816053511704
255 0.4787532618637701 0.38366663952718494 5 0.036603221083455345
255 0.21090666680291387 0.22120328341282486 10 0.034129692832764506
255 0.18605295413449538 0.0902291372467269 15 0.033444816053511704
256 0.47864276725749066 0.38199331906220746 5 0.036603221083455345
256 0.21173363195063372 0.22108314588542877 10 0.034129692832764506
256 0.18633611838580216 0.09021595398545325 15 0.033444816053511704
257 0.4785629598471778 0.380202687635894 5 0.036603221083455345
257 0.2125139362711153 0.22097610555379568 10 0.034129692832764506
257 0.18675050882176703 0.09024270767018977 15 0.033444816053511704
258 0.478807028982272 0.38000366271571234 5 0.03663003663003663
258 0.2134359832345794 0.22087249824206084 10 0.034129692832764506
258 0.18729414089154597 0.09030476287962523 15 0.033444816053511704
259 0.47838184026872266 0.37829616491567686 5 0.03663003663003663
259 0.21437748471621537 0.2207723400611446 10 0.034129692832764506
259 0.18777587155441716 0.09037066457706713 15 0.033444816053511704
260 0.4785356929567898 0.37664330794598205 5 0.03663003663003663
260 0.21416682135158688 0.2204585608910264 10 0.03414134516899966
260 0.18809249274309242 0.09043511340102398 15 0.033444816053511704
261 0.47859030916467604 0.37483983893384065 5 0.03663003663003663
261 0.21491759692703744 0.22039542500146575 10 0.03414134516899966
261 0.1885187065859339 0.0905192487349047 15 0.033444816053511704
262 0.47834694886468654 0.37307230502829103 5 0.03663003663003663
262 0.21570742116415778 0.22033985583518176 10 0.03414134516899966
262 0.18883829823722426 0.09062797512732236 15 0.033444816053511704
263 0.4780147730971982 0.3714351482054882 5 0.03663003663003663
263 0.2165127703101286 0.22027105649786533 10 0.03414134516899966
263 0.18904767104314685 0.09075560277971038 15 0.033444816053511704
264 0.47767958612034384 0.3696978380709786 5 0.03663003663003663
264 0.2172195937051664 0.2202250774788303 10 0.03414134516899966
264 0.1893530066640419 0.09090389924547271 15 0.033444816053511704
265 0.47749476080651015 0.3680042065541191 5 0.03663003663003663
265 0.21798520246131284 0.22017590136614795 10 0.03414134516899966
265 0.18983821082323651 0.09106853711722836 15 0.033444816053511704
266 0.4773517908819853 0.3663632519555542 5 0.03663003663003663
266 0.2188482984355288 0.2201272258703088 10 0.03414134516899966
266 0.19014956719598106 0.09123898839561823 15 0.033444816053511704
267 0.4770419833766947 0.36459447604650796 5 0.03663003663003663
267 0.21961552276880983 0.2200152886958897 10 0.03414134516899966
267 0.19049828604468486 0.09143899878414855 15 0.033444816053511704
268 0.47735388692317915 0.36442514061618453 5 0.03665689149560117
268 0.22025833681984644 0.21986975842863124 10 0.03414134516899966
268 0.19087806457124967 0.0916639830324108 15 0.033444816053511704
269 0.47710644059388807 0.36277518845606677 5 0.03665689149560117
269 0.22101602302370837 0.21973821151935993 10 0.03414134516899966
269 0.1912564043786093 0.09190165660882538 15 0.033444816053511704
270 0.47716302403696664 0.36106000505444896 5 0.03665689149560117
270 0.2216388213942162 0.2196463880543777 10 0.03414134516899966
270 0.19152589455286445 0.09214137579628298 15 0.033444816053511704
271 0.4771774062147179 0.3593236055682981 5 0.03665689149560117
271 0.22231913014886778 0.2195478899571055 10 0.03414134516899966
271 0.19185673650642393 0.09241578083227578 15 0.033444816053511704
272 0.4768495966407726 0.35763341218638167 5 0.03665689149560117
272 0.22300871963093374 0.21943576423132974 10 0.03414134516899966
272 0.19230065428157964 0.09271560192945068 15 0.033444816053511704
273 0.4767566571185361 0.3560413839361106 5 0.03665689149560117
273 0.2239142933010581 0.2193304389406893 10 0.03414134516899966
273 0.19263901425899788 0.09303281815290314 15 0.033444816053511704
274 0.4771626651208912 0.3544340294531434 5 0.03665689149560117
274 0.224717433063095 0.21926343650103797 10 0.03414134516899966
274 0.19286808854825618 0.09336946000646124 15 0.033444816053511704
275 0.47751154995494494 0.3527976612466645 5 0.03665689149560117
275 0.22441912174137119 0.21899296170658206 10 0.03415300546448087
275 0.19311658956674713 0.09371430660164917 15 0.033444816053511704
276 0.4775374470070103 0.3512095858839889 5 0.03665689149560117
276 0.22511633258365085 0.21891915613825255 10 0.03415300546448087
276 0.19347860534468403 0.09406964162702916 15 0.033444816053511704
277 0.47720897130700957 0.34970515488498366 5 0.03665689149560117
277 0.22592167248438888 0.21884934516605198 10 0.03415300546448087
277 0.19396934278079744 0.09460669798514773 15 0.03343736067766384
278 0.4773955188118076 0.34813901326989294 5 0.03665689149560117
278 0.22657136303252617 0.2187949622230291 10 0.03415300546448087
278 0.1941197871743361 0.09502416298683315 15 0.03343736067766384
279 0.4776352400912917 0.34654867560190206 5 0.03665689149560117
279 0.22721564477290754 0.21871725093269306 10 0.03415300546448087
279 0.194440208249935 0.09546039902682307 15 0.03343736067766384
280 0.47767669825256115 0.3450197124706019 5 0.03665689149560117
280 0.2277863922338911 0.21858303388618855 10 0.03415300546448087
280 0.1947049557534028 0.09590893283506224 15 0.03343736067766384
281 0.477408436990331 0.34348186579631257 5 0.03665689149560117
281 0.22843037415292028 0.21843501927547798 10 0.03415300546448087
281 0.1949122197908336 0.09637819410479406 15 0.03343736067766384
282 0.4773261861726964 0.3418732785323009 5 0.03665689149560117
282 0.2290380381298745 0.2183013081241434 10 0.03415300546448087
282 0.19550163853743832 0.09705704465982871 15 0.03342990862491642
283 0.47740933955284515 0.3402998546516958 5 0.03665689149560117
283 0.22958912646242075 0.21817532614215246 10 0.03415300546448087
283 0.1958138819363743 0.09755987857752818 15 0.03342990862491642
284 0.4774078774092264 0.33878058546127543 5 0.03665689149560117
284 0.2301603318693836 0.21806957842787825 10 0.03415300546448087
284 0.19604500162798744 0.09808717876527487 15 0.03342990862491642
285 0.47723492506769444 0.3372103480365419 5 0.03665689149560117
285 0.2306926027031099 0.21796624998564745 10 0.03415300546448087
285 0.19640118219194444 0.09860596723481557 15 0.03342990862491642
286 0.47703000619834957 0.3357085787434382 5 0.03665689149560117
286 0.23224269117833357 0.21802903049307779 10 0.03414134516899966
286 0.1967499904819748 0.09918520925654017 15 0.03342990862491642
287 0.47696997027440596 0.33428272459906655 5 0.03665689149560117
287 0.2330122176282611 0.2179278251338021 10 0.03414134516899966
287 0.19701732838687644 0.09985196328504181 15 0.03342990862491642
288 0.4769033148040546 0.3327435367705392 5 0.03665689149560117
288 0.23356108695371702 0.2178764649901729 10 0.03414134516899966
288 0.19727118965163293 0.10057514619195966 15 0.03342990862491642
289 0.4769603006920029 0.33124840598958716 5 0.03665689149560117
289 0.2340506186993178 0.21782245754051352 10 0.03414134516899966
289 0.19763861563517776 0.10129646356061449 15 0.03342990862491642
290 0.4770934389413224 0.3297942828745022 5 0.03665689149560117
290 0.23465557414937313 0.21775659534617922 10 0.03414134516899966
290 0.19770285757913914 0.10164340974068893 15 0.03343736067766384
291 0.4772021755792676 0.3283162867601013 5 0.03665689149560117
291 0.23517956158828937 0.21765846832281435 10 0.03414134516899966
291 0.19804150346748964 0.10239301618822468 15 0.03343736067766384
292 0.47726439469132653 0.3266564639214887 5 0.03665689149560117
292 0.23544886993216557 0.21755913647649475 10 0.03414134516899966
292 0.19833151932348622 0.10321299359163505 15 0.03343736067766384
293 0.4774261983090106 0.3251341534839308 5 0.03665689149560117
293 0.23570308109008348 0.21744603732466974 10 0.03414134516899966
293 0.19864821400292335 0.10403873127353758 15 0.03343736067766384
294 0.47780148967665914 0.3236810576316328 5 0.03665689149560117
294 0.23623245990011205 0.21732948845471128 10 0.03414134516899966
294 0.19892683931056104 0.1048623937855148 15 0.03343736067766384
295 0.4783706980599092 0.32217043709707627 5 0.03665689149560117
295 0.23673337458828617 0.21723177155168433 10 0.03414134516899966
295 0.1989704981691939 0.1052911889291638 15 0.033444816053511704
296 0.47859080163577217 0.3206586020202239 5 0.03665689149560117
296 0.23713393378874326 0.2171441791241689 10 0.03414134516899966
296 0.19928800298329033 0.10611537409383356 15 0.033444816053511704
297 0.47834398906195474 0.3191967181340689 5 0.03665689149560117
297 0.2376243175920326 0.2170620124620794 10 0.03414134516899966
297 0.19963411128439384 0.10693103161365662 15 0.033444816053511704
298 0.47831057530261106 0.3177983724171348 5 0.03665689149560117
298 0.23811643276779057 0.21698815491440385 10 0.03414134516899966
298 0.2000055067229063 0.10778141240302194 15 0.033444816053511704
299 0.4784322683909424 0.31629173106050534 5 0.03665689149560117
299 0.23845227020186033 0.21696060218387792 10 0.03414134516899966
299 0.20033951183928686 0.108720199607474 15 0.033444816053511704
300 0.4791052180758745 0.3149015446050216 5 0.03665689149560117
300 0.238901278586746 0.21692576609823155 10 0.03414134516899966
300 0.20032248569588681 0.10925089427898975 15 0.03345227475468331
301 0.47996515882064283 0.3133871401545636 5 0.03665689149560117
301 0.23923680677504655 0.21693567028588712 10 0.03414134516899966
301 0.20063725260004472 0.11024602851760731 15 0.03345227475468331
302 0.4808113638980206 0.31200469747972176 5 0.03665689149560117
302 0.23969068700668208 0.21691513540479684 10 0.03414134516899966
302 0.2009218555799967 0.11104846252395921 15 0.03345227475468331
303 0.4813650503344098 0.3105323306621098 5 0.03665689149560117
303 0.23999410342299451 0.21685223174815943 10 0.03414134516899966
303 0.2018253008496175 0.11133130916093979 15 0.03343736067766384
304 0.4815848373151231 0.30910987284474356 5 0.03665689149560117
304 0.2403353205318338 0.21674815439024536 10 0.03414134516899966
304 0.2030423048252742 0.1115079749532145 15 0.0334075723830735
305 0.4822912261436162 0.307734359882286 5 0.03665689149560117
305 0.2406473595019852 0.2166601748016857 10 0.03414134516899966
305 0.20391924520544746 0.11180836565022283 15 0.03338526596928555
306 0.48334177823613667 0.30621089217124187 5 0.03665689149560117
306 0.24079671367811845 0.21661584003468892 10 0.03414134516899966
306 0.20460240803845473 0.11262150883634112 15 0.03337041156840934
307 0.4841361365985148 0.30473472203883933 5 0.03665689149560117
307 0.24085601753707725 0.216564085275822 10 0.03414134516899966
307 0.2052609162772715 0.11361068655153331 15 0.033355570380253496
308 0.48504423802204394 0.30332676636825706 5 0.03665689149560117
308 0.24123716575091603 0.21651358498424483 10 0.03414134516899966
308 0.20579169142001746 0.11457335688033213 15 0.03334074238719715
309 0.48600601602049814 0.3019207192002059 5 0.03665689149560117
309 0.2415349287902928 0.21648150324994458 10 0.03414134516899966
309 0.20641892917355592 0.1155350976368055 15 0.033325927571650746
310 0.4866868752231106 0.30050733568169 5 0.03665689149560117
310 0.2418053922026254 0.2164591141825 10 0.03414134516899966
310 0.2069279673674351 0.1163029678334904 15 0.03331852509995557
311 0.4874115271469702 0.29914318941052553 5 0.03665689149560117
311 0.24205763699489097 0.21644160818842675 10 0.03414134516899966
311 0.20773931605954293 0.11726726093452008 15 0.033296337402885685
312 0.48838542295266774 0.2978255907874733 5 0.03665689149560117
312 0.2422769208295304 0.21643577372947215 10 0.03414134516899966
312 0.20827123340129625 0.11813584264459501 15 0.033281562014643884
313 0.48945729688127004 0.2964002100930947 5 0.03665689149560117
313 0.24240883957670795 0.21646688828111543 10 0.03414134516899966
313 0.2090373453683766 0.119107693193723 15 0.0332667997338656
314 0.4902347979941123 0.29506158857277587 5 0.03665689149560117
314 0.24260857672091127 0.21649497980553417 10 0.03414134516899966
314 0.20898990986617472 0.12024153855786616 15 0.03324468085106383
315 0.4909883795469784 0.2941460538922838 5 0.03665689149560117
315 0.24321527427782894 0.21643497607210907 10 0.03414134516899966
315 0.20858025891606902 0.12136885435263058 15 0.03322259136212625
316 0.4916990392963336 0.29335644111606096 5 0.03665689149560117
316 0.24381002337941116 0.21633763510276816 10 0.03414134516899966
316 0.20810311980386237 0.12241827577543855 15 0.033200531208499334
317 0.4922058244207932 0.2926308493170272 5 0.03665689149560117
317 0.24433814658369085 0.2162225830449827 10 0.03414134516899966
317 0.20759446634316508 0.12339545900234351 15 0.033178500331785
318 0.49245720903225126 0.2919170671914668 5 0.03665689149560117
318 0.24535000941193105 0.21630066940621825 10 0.034129692832764506
318 0.20715167552622832 0.12427354770393235 15 0.03315649867374005
319 0.4930508211408179 0.2912201898947372 5 0.03665689149560117
319 0.24591085158142256 0.21621526777523714 10 0.034129692832764506
319 0.2063247267025393 0.12540901983956332 15 0.03311989401633914
320 0.49382770266008374 0.29044277529213386 5 0.03665689149560117
320 0.2462798005045534 0.21616503345851693 10 0.034129692832764506
320 0.20564521375457964 0.12655617207573508 15 0.03309066843150232
321 0.4942406796278238 0.28827845510768896 5 0.03663003663003663
321 0.24688714920305124 0.21611510585800592 10 0.034129692832764506
321 0.20492524166169496 0.12777971690492365 15 0.033046926635822864
322 0.4947137245681087 0.28763802195630767 5 0.03663003663003663
322 0.24737429535990815 0.21607297130863246 10 0.034129692832764506
322 0.20454967386736125 0.12890859580437042 15 0.03301056338028169
323 0.4945688912997275 0.2869242856831026 5 0.03663003663003663
323 0.2478045474157622 0.21607384375971553 10 0.034129692832764506
323 0.20407524403629776 0.13012678950519282 15 0.03296703296703297
324 0.49498258377482685 0.2862573372785848 5 0.03663003663003663
324 0.24830404311813772 0.21607088148583883 10 0.034129692832764506
324 0.20365604642025506 0.1313918786542421 15 0.03291639236339697
325 0.4957532312044142 0.2856463805589127 5 0.03663003663003663
325 0.24882228344025342 0.21607305041882724 10 0.034129692832764506
325 0.20330371633846897 0.13258891733375347 15 0.03286590709903593
326 0.49607956230365524 0.28499336169588824 5 0.03663003663003663
326 0.24915820846316591 0.21612039655987486 10 0.034129692832764506
326 0.2026881124499855 0.1338635897153956 15 0.03280839895013123
327 0.49701591646685295 0.2828929247246322 5 0.03663003663003663
327 0.24862736125826784 0.2162150774884887 10 0.034129692832764506
327 0.20091147811186869 0.13496521391320013 15 0.03275109170305677
328 0.49809418105159253 0.2808476542079722 5 0.03663003663003663
328 0.24809763448319377 0.21629883289688526 10 0.034129692832764506
328 0.19943197464270426 0.13603090229982864 15 0.03269398430688753
329 0.4989409487670975 0.27867370444326645 5 0.03663003663003663
329 0.2473372106331515 0.21639676802309732 10 0.034129692832764506
329 0.1978250575719565 0.13707134267973592 15 0.03263707571801566
330 0.49982871130146994 0.27656680127747957 5 0.03663003663003663
330 0.2465319128838821 0.21647931979848645 10 0.034129692832764506
330 0.19618843841188316 0.13811477235590444 15 0.03257328990228013
331 0.5000981531905004 0.27451290924080896 5 0.03663003663003663
331 0.24596559212420996 0.21656225173337576 10 0.034129692832764506
331 0.19462374733884794 0.13904830800417753 15 0.03250975292587776
332 0.5003946657197973 0.27252250599927763 5 0.03663003663003663
332 0.2454582852225383 0.21665069380331192 10 0.034129692832764506
332 0.19298208496276728 0.13992453803099136 15 0.03244646333549643
333 0.5009614464369742 0.27058321305180183 5 0.03663003663003663
333 0.24483951423112332 0.21675316038827125 10 0.034129692832764506
333 0.19127027017040665 0.14086504774186928 15 0.03238341968911917
334 0.5017067843975441 0.26868766825679996 5 0.03663003663003663
334 0.24419753188641186 0.21688707317801859 10 0.034129692832764506
334 0.1896037594552211 0.14186587627724825 15 0.03232062055591467
335 0.5028029869102439 0.26678634057927086 5 0.03663003663003663
335 0.24356097530446252 0.21702732243117767 10 0.034129692832764506
335 0.18790086680238824 0.1428485636530718 15 0.03225112878950763
336 0.5037994356021127 0.26493828199023955 5 0.03663003663003663
336 0.24334683091878623 0.2174211069416661 10 0.03411804844762879
336 0.18625242036857842 0.14383109077257075 15 0.03218193520703711
337 0.5042557746489977 0.2631288182067622 5 0.03663003663003663
337 0.24262802166811817 0.21760057613563233 10 0.03411804844762879
337 0.18457218395772862 0.14485446026806623 15 0.03211303789338471
338 0.5050448215901678 0.2613600141526249 5 0.03663003663003663
338 0.2419771649420314 0.21777807052414055 10 0.03411804844762879
338 0.18297092709612975 0.14582493252910408 15 0.03204443494979705
339 0.5058870736691126 0.2600600063693022 5 0.03663003663003663
339 0.24171342848351868 0.21784342208684188 10 0.03411804844762879
339 0.18199260101501363 0.1468424942863488 15 0.03197612449371136
340 0.5066027977929461 0.25872587274466197 5 0.03663003663003663
340 0.24140518303513464 0.217934192246312 10 0.03411804844762879
340 0.18085910020981977 0.14788301219347985 15 0.03190131858783496
341 0.5070858840546917 0.25741106526766544 5 0.03663003663003663
341 0.24109765429669597 0.21797746770977397 10 0.03411804844762879
341 0.1791760014158905 0.14879855185842164 15 0.03182011030971574
342 0.5075973945525029 0.2561098930313478 5 0.03663003663003663
342 0.24084125722712466 0.21802425395434982 10 0.03411804844762879
342 0.17487388850576116 0.14948940652175766 15 0.03163222269084774
343 0.5083617691876418 0.25486499151400077 5 0.03663003663003663
343 0.2405061002829561 0.21807941462920893 10 0.03411804844762879
343 0.16713244016500975 0.1482761022074563 15 0.031036623215394164
344 0.5093108296671409 0.25349181434188905 5 0.03663003663003663
344 0.2401191879999594 0.21817332715296453 10 0.03411804844762879
344 0.16610285573143374 0.14828305097390673 15 0.030991735537190084
345 0.5098319467579577 0.25224850562165047 5 0.03663003663003663
345 0.2398462754874342 0.21825937003702087 10 0.03411804844762879
345 0.16564353865489553 0.14823579618826133 15 0.030953363598844406
346 0.5102414952661605 0.25107517641266197 5 0.03663003663003663
346 0.23940915219038444 0.21834555224927893 10 0.03411804844762879
346 0.16531038132899054 0.14817197295635182 15 0.030927835051546393
347 0.510757651100926 0.2499854001874353 5 0.03663003663003663
347 0.23955547496663207 0.2186772461018906 10 0.034106412005457026
347 0.16486643005431192 0.14812921242240543 15 0.030902348578491962
348 0.5115341546910839 0.2488191694669693 5 0.03663003663003663
348 0.23903380239756372 0.218806608389921 10 0.034106412005457026
348 0.16435042087460652 0.14832507298092984 15 0.030883261272390362
349 0.512597217854021 0.2477954035604057 5 0.03663003663003663
349 0.2387357845529511 0.21893469473822816 10 0.034106412005457026
349 0.16386194639229 0.1484496775423952 15 0.030857848179386957
350 0.5138116878794854 0.24662788087015838 5 0.03663003663003663
350 0.2382588670300399 0.2190956979395095 10 0.034106412005457026
350 0.16327370995198115 0.14854354219425103 15 0.030832476875642344
351 0.5144852250591907 0.2453779007595208 5 0.03663003663003663
351 0.23782850733746908 0.21918517097872842 10 0.034106412005457026
351 0.1625429261742601 0.14861631379662876 15 0.030813475760065736
352 0.5152630982956556 0.2441808195957537 5 0.03663003663003663
352 0.23745594861789385 0.2192608017576923 10 0.034106412005457026
352 0.16178116649214028 0.14853404748143595 15 0.030788177339901475
353 0.5163404539697568 0.24303199783229684 5 0.03663003663003663
353 0.2371396054357137 0.219287613892718 10 0.034106412005457026
353 0.16101607659749492 0.1484617421339295 15 0.03075661267172442
354 0.5172837591530103 0.241595585886845 5 0.03663003663003663
354 0.2367275865245641 0.21955008461510767 10 0.03409478349812479
354 0.15999513484208477 0.1484066611827107 15 0.03071882039729674
355 0.5178878863122292 0.2404345720900142 5 0.03663003663003663
355 0.23634191865036644 0.21959164813954887 10 0.03409478349812479
355 0.15936264618351317 0.14837133519895168 15 0.03067484662576687
356 0.518528258890572 0.2393667220587227 5 0.03663003663003663
356 0.23601527980419496 0.21962966467797398 10 0.03409478349812479
356 0.15878678299727383 0.1482352571434618 15 0.030624744793793384
357 0.5193521583005969 0.2383289860832159 5 0.03663003663003663
357 0.2358850673589369 0.2198850082257015 10 0.03408316291751874
357 0.15778036563327041 0.14805333386557604 15 0.030568575504381492
358 0.5197662950277928 0.2370305242253427 5 0.03663003663003663
358 0.23519304170408387 0.21999817229562435 10 0.03408316291751874
358 0.15471749602747942 0.14714684623272042 15 0.03027856277755349
359 0.5208400284270143 0.23606814533502893 5 0.03663003663003663
359 0.23484795116597074 0.22007598745825838 10 0.03408316291751874
359 0.16304456577175042 0.1451755177378642 15 0.029603315571343988
360 0.5222530642173202 0.23521844460774818 5 0.03663003663003663
360 0.2348156171938646 0.22037526896974682 10 0.034071550255536626
360 0.16349383302714288 0.14585660387801588 15 0.029562475364603862
361 0.5235825151639167 0.23422238521031225 5 0.03663003663003663
361 0.23427750781605608 0.22049520933045602 10 0.034071550255536626
361 0.1643558686016984 0.1465895391191389 15 0.029539188656951557
362 0.524720329552656 0.23335096527861365 5 0.03663003663003663
362 0.23387398667301995 0.22060224588572835 10 0.034071550255536626
362 0.16522307518702348 0.14730282901485217 15 0.029515938606847696
363 0.5256808629287388 0.23229562825178945 5 0.03663003663003663
363 0.23355924606623382 0.22077865419736892 10 0.03405994550408719
363 0.16595273618729087 0.14794219020777963 15 0.029498525073746312
364 0.5265811926420163 0.23130864453388575 5 0.03663003663003663
364 0.2331544189076656 0.22073858169179017 10 0.03405994550408719
364 0.16669293479846656 0.14860414327876387 15 0.0294811320754717
365 0.5273313029406471 0.23012277121537453 5 0.03663003663003663
365 0.23265260278567737 0.22089687556407198 10 0.03404834865509023
365 0.16752323302882421 0.14922276105036014 15 0.029469548133595286
366 0.5283685255645395 0.22904396464810048 5 0.03663003663003663
366 0.23251292592704959 0.22104037854294925 10 0.03403675970047651
366 0.16829608960438655 0.14996602644695312 15 0.029446407538280327
367 0.5296031231193352 0.22808197747034092 5 0.03663003663003663
367 0.2319650940897894 0.22101620976524355 10 0.03403675970047651
367 0.1690060384980115 0.15066233288166916 15 0.02942907592701589
368 0.530766344935711 0.2270364308367395 5 0.03663003663003663
368 0.23169655086176982 0.22118507231488485 10 0.03402517863218781
368 0.16976615187230018 0.1513542655067147 15 0.029411764705882353
369 0.5315345803006478 0.2260962785670701 5 0.03663003663003663
369 0.23119296974397602 0.2211947214013886 10 0.03402517863218781
369 0.1705987705741362 0.15202338629157322 15 0.029394473838918283
370 0.5321200390588462 0.22525507693913144 5 0.03663003663003663
370 0.23100275227155825 0.221398363785759 10 0.034013605442176874
370 0.17160682551555181 0.1526544154177573 15 0.02937720329024677
371 0.5328000327204816 0.22451338693875753 5 0.03663003663003663
371 0.23069253280502028 0.22154325616505863 10 0.03400204012240734
371 0.1722346503869431 0.15330548100800925 15 0.02935995302407516
372 0.5336382400537503 0.22359687775978387 5 0.03663003663003663
372 0.2300527856521417 0.22168871894321698 10 0.03399048266485384
372 0.17173705984528 0.15392353530914388 15 0.029319781078967943
373 0.5344279659405425 0.2228947546323478 5 0.03663003663003663
373 0.22973061200409467 0.22181019259861134 10 0.03397893306150187
374 0.5352379475286152 0.22228405379932897 5 0.03663003663003663
374 0.2292628379018736 0.2219390138450273 10 0.033967391304347824
375 0.5357161995953074 0.22134091636695374 5 0.03663003663003663
375 0.22865882807437057 0.22202972147741556 10 0.03395585738539898
376 0.5361435148112459 0.22055918436413552 5 0.03663003663003663
376 0.22823277127117944 0.2220845451478576 10 0.03394433129667345
377 0.5366953825580443 0.21985946067474563 5 0.03663003663003663
377 0.2278957603277212 0.22212762615795395 10 0.0339328130302002
378 0.5375718321381471 0.21917068778227694 5 0.03663003663003663
378 0.22770669924969864 0.22218667313629464 10 0.03390979993218039
379 0.5385686879233446 0.21822090392982077 5 0.03663003663003663
379 0.22687363634402566 0.22219176629601195 10 0.03389830508474576
380 0.5393229528785042 0.21756275401827896 5 0.03663003663003663
380 0.22665731143203222 0.22224690447729953 10 0.03387533875338754
381 0.5403001014741291 0.21701682815429013 5 0.03663003663003663
381 0.2264252584181111 0.22221516994877005 10 0.033863867253640365
382 0.5414938700020764 0.21629080744842138 5 0.03663003663003663
382 0.2263708584769218 0.22230019194712827 10 0.0338409475465313
383 0.5426564815925161 0.21578198267231197 5 0.03663003663003663
383 0.22629426222772855 0.2222340654774413 10 0.033818058843422386
384 0.5436276294777308 0.21536231487180588 5 0.03663003663003663
384 0.22614548241339225 0.22211203897865542 10 0.03379520108144643
385 0.5442522685975382 0.21499409129455432 5 0.03663003663003663
385 0.22601277901411057 0.22196842846235976 10 0.03377237419790611
386 0.5451235745397657 0.21442308281725103 5 0.03663003663003663
386 0.22583195960666352 0.22188481311391853 10 0.033738191632928474
387 0.5463305140887087 0.21401739200545028 5 0.03663003663003663
387 0.22523138578261262 0.22175234334883304 10 0.033715441672285906
388 0.5475672606934224 0.21368874274039157 5 0.03663003663003663
388 0.2246794085323407 0.22173501132206566 10 0.03367003367003367
389 0.5485933544484933 0.21323076266525062 5 0.03663003663003663
389 0.22412909592880967 0.221684219285337 10 0.033636057854019505
390 0.5494007619301479 0.21278244657479323 5 0.03663003663003663
390 0.22415065748594248 0.2215386786170971 10 0.033602150537634407
391 0.550217393809085 0.21242654711359976 5 0.03663003663003663
391 0.22442719605134034 0.22131756054250734 10 0.03355704697986577
392 0.551203838868598 0.21216265140298685 5 0.03663003663003663
392 0.22412187912055206 0.2210044184335939 10 0.03352329869259135
393 0.5522079260707382 0.21177451248372398 5 0.03663003663003663
393 0.22369246455535596 0.22062615886050851 10 0.03346720214190094
394 0.552586161541587 0.21152738416573702 5 0.03663003663003663
394 0.22406916671821991 0.22019299238021933 10 0.03341129301703976
395 0.5529779511090479 0.21136390453950754 5 0.03663003663003663
395 0.22457545911612536 0.21965246858585924 10 0.0333555703802535
396 0.553578059996578 0.21127183542465552 5 0.03663003663003663
396 0.22466550500567598 0.21892366378673253 10 0.03328894806924101
397 0.5543708243014517 0.21110102357905935 5 0.03663003663003663
397 0.22399506989882467 0.21861971550165288 10 0.03322259136212625
398 0.5546712197187235 0.21110665400726486 5 0.03663003663003663
398 0.2235641428796918 0.2183320343293469 10 0.03314550878355983
399 0.5552550360180535 0.21116983391438504 5 0.03663003663003663
399 0.2233512995300432 0.21783382032445475 10 0.03306878306878307
400 0.5562070567473197 0.21118258487224567 5 0.03663003663003663
400 0.2233470478693131 0.2170830845070742 10 0.03299241174529858
401 0.5569173845847514 0.21127727466348528 5 0.03663003663003663
401 0.22458276673878955 0.2161276569334883 10 0.03290556103981573
402 0.5572221217756691 0.21135522207001706 5 0.03663003663003663
402 0.2257331256280569 0.2149153807320347 10 0.032819166393173616
403 0.557867344895189 0.21151107573278996 5 0.03663003663003663
403 0.22667697867522246 0.21322328342064253 10 0.03271180896303566
404 0.5589173190973734 0.21162529380678702 5 0.03663003663003663
404 0.22697088899475046 0.21170108820590886 10 0.03261578604044357
405 0.5597199889238833 0.21188484911858424 5 0.03663003663003663
405 0.22844015500164466 0.20988401640389975 10 0.03249918752031199
406 0.5599665625760805 0.21222015406745953 5 0.03663003663003663
406 0.2297468481796082 0.20799989962181437 10 0.03238341968911917
407 0.5602535253446239 0.21260938482002995 5 0.03663003663003663
407 0.2305327266462478 0.2063056536819976 10 0.03226847370119393
408 0.5605870336570901 0.2129706648085193 5 0.03663003663003663
408 0.2313903038323059 0.2045356947229417 10 0.03215434083601286
409 0.5602076617514323 0.21322528166314636 5 0.036603221083455345
409 0.2338267723513172 0.2030464705672174 10 0.03205128205128205
410 0.5607242640215768 0.21375585737191033 5 0.036603221083455345
410 0.23641978313950074 0.20169248299740872 10 0.03195909236177692
411 0.5609688629233547 0.21441953485458037 5 0.036603221083455345
411 0.23895087497053208 0.2004081705933241 10 0.03185727938834023
412 0.5608028769475036 0.21495794050748512 5 0.036603221083455345
412 0.2421337877072971 0.1990786072849054 10 0.03175611305176246
413 0.5609543564806451 0.21542964581353571 5 0.036603221083455345
413 0.24486938491924876 0.1978193703618913 10 0.03164556962025317
414 0.5614614173770369 0.21599189206105884 5 0.036603221083455345
414 0.24764618690198908 0.19671007580472738 10 0.031545741324921134
415 0.5621333944157668 0.21661677131350796 5 0.036603221083455345
415 0.2500453268690242 0.19560838164950997 10 0.031446540880503145
416 0.5622086049208507 0.21723599192685028 5 0.036603221083455345
416 0.2530759305641769 0.1944142276085739 10 0.03134796238244514
417 0.5625479910415825 0.21791938440228448 5 0.036603221083455345
417 0.2603601893344294 0.19276677037619763 10 0.03119151590767311
418 0.5633269412417097 0.21862162806933777 5 0.036603221083455345
418 0.27743542802404664 0.18390793347032536 10 0.030275507114744173
419 0.5635062568762061 0.21938090492985377 5 0.036603221083455345
419 0.27828838936395606 0.18207594317118428 10 0.030211480362537766
420 0.5637785005852629 0.2201960266678432 5 0.036603221083455345
420 0.278739131339937 0.1804787554896193 10 0.030184123151222455
421 0.5642376558298154 0.2210928253180135 5 0.036603221083455345
421 0.2796326382429919 0.17868761580288653 10 0.030147723846849557
422 0.5647220357423774 0.221940938611659 5 0.036603221083455345
422 0.28012156052012044 0.17695716567154668 10 0.030120481927710843
423 0.5651644584017649 0.22285304620172636 5 0.036603221083455345
423 0.2808742173875436 0.17539778899985697 10 0.03010234798314268
424 0.5656835524535189 0.22382096926830003 5 0.036603221083455345
424 0.28158445067350396 0.17387291225551024 10 0.030084235860409144
425 0.5662399584351889 0.22485226998013355 5 0.036603221083455345
425 0.28195310050287214 0.17236792087824146 10 0.030066145520144315
426 0.5670741581995344 0.22570872348546828 5 0.03663003663003663
426 0.2821273813721534 0.17075912349183173 10 0.03004807692307692
427 0.5671827438205845 0.22661415157218506 5 0.03663003663003663
427 0.2827595505282518 0.169397795452703 10 0.030039050765995792
428 0.5675550977793021 0.22758695445940152 5 0.03663003663003663
428 0.2835429764883891 0.167776609082729 10 0.030021014710297205
429 0.5679937994259625 0.2285547310027037 5 0.03663003663003663
429 0.28433530637287985 0.1664132908942838 10 0.030012004801920764
430 0.5682878819803749 0.22959467661971944 5 0.03663003663003663
430 0.2849910668822621 0.16479367237938036 10 0.029994001199760045
431 0.5677851276635983 0.23068838823382318 5 0.03663003663003663
431 0.2852213288101509 0.1634220552407099 10 0.029985007496251874
432 0.5677998045800403 0.2318266836213731 5 0.03663003663003663
432 0.285218456778571 0.16201038353206804 10 0.029976019184652276
433 0.5680589768104966 0.23293513403967533 5 0.03663003663003663
433 0.2853583040287601 0.16050994900380997 10 0.02996703626011387
434 0.5680581136156521 0.23410912979953952 5 0.03663003663003663
434 0.28526458057971793 0.15906791068781295 10 0.029958058717795086
435 0.5684481156244475 0.23537463099547443 5 0.03663003663003663
435 0.2855308856574295 0.15769444600874644 10 0.029949086552860136
436 0.5687569997421853 0.23676752952727348 5 0.03663003663003663
436 0.2854851417639445 0.15636576749527362 10 0.029940119760479042
437 0.5690814914229567 0.23815076835703824 5 0.03663003663003663
437 0.28590856173705326 0.1549291536876729 10 0.029931158335827594
438 0.5688119892627983 0.23956515287019792 5 0.03663003663003663
438 0.2863395584603827 0.15345011380471096 10 0.02992220227408737
439 0.5688778871219277 0.24102428476908694 5 0.03663003663003663
439 0.2865787636931894 0.1519830784455837 10 0.029913251570445706
440 0.5687560449932372 0.24243964352797698 5 0.03663003663003663
440 0.28624868504038387 0.1509408379225205 10 0.029913251570445706
441 0.5686670112650205 0.24381811363104955 5 0.03663003663003663
441 0.28624633821720796 0.1494988714577574 10 0.02990430622009569
442 0.568935765523956 0.24523667077865316 5 0.03663003663003663
442 0.28671416055389537 0.1480727848566933 10 0.029895366218236172
443 0.5693399030416153 0.24664518729041024 5 0.03663003663003663
443 0.2867593559383913 0.1466003334849872 10 0.029886431560071727
444 0.5686654108007871 0.2483495954955195 5 0.036603221083455345
444 0.28674224603614706 0.1455116292479658 10 0.029886431560071727
445 0.5687579932335158 0.24988148795340942 5 0.036603221083455345
445 0.2869173024097145 0.14400917467015403 10 0.029877502240812665
446 0.5693134494585278 0.2514371802731584 5 0.036603221083455345
446 0.2868210655338613 0.14295702556047735 10 0.029877502240812665
447 0.570396391468412 0.2528969875972735 5 0.036603221083455345
447 0.28689034520596096 0.14135665611267376 10 0.02986857825567503
448 0.5703830842834062 0.2545134050976038 5 0.036603221083455345
448 0.2870150060820152 0.139851973463611 10 0.02985965959988056
449 0.5704705219836216 0.25619736927998615 5 0.036603221083455345
449 0.287036322539175 0.1388259995089397 10 0.02985965959988056
450 0.5707618940085336 0.25790253356966975 5 0.036603221083455345
450 0.2873266913903135 0.13735046343775564 10 0.029850746268656716
451 0.5714712720681318 0.2594954599529951 5 0.036603221083455345
451 0.2872574319680605 0.13623856224311773 10 0.029850746268656716
452 0.5718534180333068 0.2611141446025558 5 0.036603221083455345
452 0.29059971279255625 0.13493232902833283 10 0.029744199881023198
453 0.5721652584762663 0.262702290853295 5 0.036603221083455345
453 0.290419171654213 0.13327621927939204 10 0.029744199881023198
454 0.5723183957060286 0.26425191462409403 5 0.036603221083455345
454 0.2900939312418016 0.1326312105074296 10 0.029753049687592976
455 0.5726656459728375 0.26588179573737647 5 0.036603221083455345
455 0.2898975180784328 0.13096737556185303 10 0.029753049687592976
456 0.5731134246619322 0.26754581104034736 5 0.036603221083455345
456 0.2897642779668973 0.1293123108930016 10 0.029753049687592976
457 0.5732142606904088 0.26920295650734294 5 0.036603221083455345
457 0.28934266747119597 0.12869149303639354 10 0.02976190476190476
458 0.5723513396954238 0.2712054467406854 5 0.036576444769568395
458 0.28945145755108376 0.12701652513281525 10 0.02976190476190476
459 0.5726436859872975 0.2729301085875102 5 0.036576444769568395
459 0.28926783692906277 0.12643784154842166 10 0.02977076510866329
460 0.572930338225691 0.2746388668422353 5 0.036576444769568395
460 0.2892149310427147 0.12480935799586017 10 0.02977076510866329
461 0.5722161086004246 0.27637946773759464 5 0.036576444769568395
461 0.2887893070068928 0.12321216543219109 10 0.02977076510866329
462 0.5721346646994634 0.2781051092642094 5 0.036576444769568395
462 0.2885071429918463 0.12263545058514606 10 0.029779630732578916
463 0.5722379295999478 0.27985521333176616 5 0.036576444769568395
463 0.2885332248238252 0.12098626631800688 10 0.029779630732578916
464 0.5720491740226946 0.2815894595588824 5 0.036576444769568395
464 0.28842158357182723 0.11935640112051168 10 0.029779630732578916
465 0.5720190532155401 0.2832080997575926 5 0.036576444769568395
465 0.2879728158832221 0.11881059346436282 10 0.029788501638367586
466 0.5723015992125144 0.28483128958421633 5 0.036576444769568395
466 0.28774656349671257 0.11717090036190266 10 0.029788501638367586
467 0.5717768854432201 0.2867383165422609 5 0.03654970760233918
467 0.28756308990613616 0.11660969174425632 10 0.02979737783075089
468 0.5716502012724332 0.2884128046587572 5 0.03654970760233918
468 0.28751020034560415 0.11499462325010443 10 0.02979737783075089
469 0.5717445624007308 0.29002573109863666 5 0.03654970760233918
469 0.2872276766906986 0.11330817685043948 10 0.02979737783075089
470 0.570949150739962 0.29199213025883314 5 0.036523009495982466
470 0.28694193906613574 0.11273655187639406 10 0.029806259314456036
471 0.5711489565773364 0.2937317580938356 5 0.036523009495982466
471 0.286791466369694 0.11159260095251726 10 0.029806259314456036
472 0.5713124111204938 0.2955326404532927 5 0.036523009495982466
472 0.2866456562618784 0.11047226403891788 10 0.029806259314456036
473 0.5706399336826258 0.297378040269593 5 0.036523009495982466
473 0.2865727019600105 0.10886730760063659 10 0.02979737783075089
474 0.5701085515971929 0.29958130661155924 5 0.0364963503649635
474 0.2864612671156019 0.10781085289778805 10 0.02979737783075089
475 0.5699300957750273 0.30131273649799273 5 0.0364963503649635
475 0.2862209860146928 0.106705786761811 10 0.02979737783075089
476 0.5698880104018096 0.30326821910543317 5 0.03646973012399708
476 0.2858383873475865 0.10508374156182843 10 0.029788501638367586
477 0.5699077075286193 0.30504353402076934 5 0.03646973012399708
477 0.2857421091595448 0.1040096177760029 10 0.029788501638367586
478 0.5687805062160282 0.3070396085543881 5 0.03644314868804664
478 0.2856180912838578 0.10294929996133854 10 0.029788501638367586
479 0.5686857451417635 0.3090146266046783 5 0.03641660597232338
479 0.2852753063220087 0.10130108221304827 10 0.029779630732578916
480 0.5682535398035984 0.31079356729161145 5 0.03641660597232338
480 0.28496817552360676 0.10023790946107698 10 0.029779630732578916
481 0.5669091358940259 0.3128375956591897 5 0.036390101892285295
481 0.2847148315449798 0.0992066607551345 10 0.029779630732578916
482 0.5667613062601888 0.3146405198465106 5 0.036390101892285295
482 0.2840535814814077 0.09764909178261004 10 0.02977076510866329
483 0.5667888367257572 0.3166384184360188 5 0.03636363636363636
483 0.2837420958926243 0.09659305995926695 10 0.02977076510866329
484 0.5664763801067705 0.3184816037724699 5 0.036337209302325583
484 0.28350426191670414 0.09504306781396378 10 0.02976190476190476
485 0.5664254919085373 0.3203473072306773 5 0.03631082062454611
485 0.2833254778866068 0.09401082956373509 10 0.02976190476190476
486 0.5655550970437618 0.32218488111391336 5 0.036284470246734396
486 0.2831005709221742 0.09293757648760029 10 0.02976190476190476
487 0.5645834182846731 0.3240584950558177 5 0.03625815808556925
487 0.28282985358481694 0.09137376434346926 10 0.029753049687592976
488 0.5643334183067383 0.3259648414085292 5 0.036231884057971016
488 0.28273217058899547 0.09033384018131796 10 0.029753049687592976
489 0.5640447174270256 0.3278867564555522 5 0.036205648081100654
489 0.28248042322760714 0.08901951878903919 10 0.029744199881023198
490 0.564189728800385 0.3298031353929156 5 0.03615328994938539
490 0.2822578823011 0.08806430254788601 10 0.029744199881023198
491 0.5638436706618651 0.33160131311653607 5 0.0361271676300578
491 0.28194292648183755 0.08676359847547324 10 0.029735355337496282
492 0.5634426789618836 0.3334236548943934 5 0.036101083032490974
492 0.28169965724266893 0.08548095816341299 10 0.029726516052318665
493 0.5627437924307045 0.3353583061245772 5 0.03604902667627974
493 0.281535602150397 0.08416292882251072 10 0.029717682020802376
494 0.5627356116010416 0.3371983714200407 5 0.03602305475504323
494 0.28168920472429365 0.08286719090681413 10 0.029708853238265002
495 0.562899313810228 0.33912896369611756 5 0.03597122302158273
495 0.28157146098979424 0.08165393694655032 10 0.029700029700029697
496 0.5626179159029802 0.34096651868044053 5 0.035919540229885055
496 0.2814921087224532 0.08055090443205618 10 0.029691211401425176
497 0.5611445907125683 0.3428308721069803 5 0.035868005738880916
497 0.2817832125149623 0.07919913542880554 10 0.02967359050445104
498 0.5599233020512242 0.34471762305517534 5 0.03581661891117479
498 0.2820019761373448 0.07813022983273607 10 0.029664787896766538
499 0.559610700231788 0.3467001687480355 5 0.035739814152966405
499 0.28195680577445553 0.0767917896880913 10 0.029647198339756892
500 0.5594709436361722 0.34850128645797945 5 0.03568879371877231
500 0.2817963405845626 0.07562843469661752 10 0.02962962962962963
501 0.5583552171796262 0.3503712910024007 5 0.03561253561253561
501 0.28180184461724 0.07423971642507017 10 0.02959455460195324
502 0.5582857795468719 0.35227426849773014 5 0.0355366027007818
502 0.2820391734652878 0.07303758490704719 10 0.029568302779420456
503 0.5589517987035155 0.3541874089883617 5 0.03543586109142452
503 0.2821634079284415 0.07183494559024814 10 0.029533372711163613
504 0.5589516052330329 0.3560058274626261 5 0.03536067892503536
504 0.2821407286521238 0.07057495778043285 10 0.02948982601002654
505 0.5581993818148927 0.35783151317983014 5 0.03528581510232886
505 0.28198550624830804 0.06936592627740847 10 0.029446407538280327
506 0.5579990433764684 0.3596377045683618 5 0.035186488388458836
506 0.2822247721118173 0.06811075602450026 10 0.02939447383891828
507 0.5575229276977528 0.361468348713832 5 0.0350385423966363
507 0.28168505272159494 0.06688433239205653 10 0.029334115576415368
508 0.5585195879479307 0.3632467431524792 5 0.034916201117318434
508 0.2810987315298695 0.06553698814363348 10 0.029265437518290895
509 0.5586684837760034 0.3650175643428146 5 0.03477051460361613
509 0.280676714338452 0.06429560969200772 10 0.02920560747663551
510 0.5577918526670899 0.3668128369374342 5 0.03462603878116343
510 0.2805879555485621 0.06304940181793664 10 0.029146021568055958
511 0.5583402036645799 0.368600241986729 5 0.03450655624568668
511 0.2801680761505955 0.06180839188194652 10 0.029086678301337987
512 0.5586184978448129 0.3703790131441988 5 0.03436426116838488
512 0.2797043303522134 0.06049991095406354 10 0.02901915264074289
513 0.5581710429085194 0.37212602548470775 5 0.034199726402188775
513 0.27912193524252327 0.059301875287133175 10 0.028960324355632783
514 0.5577531245219557 0.37378539132805677 5 0.03399048266485384
514 0.27810358075614955 0.05813651133101536 10 0.028901734104046242
515 0.5587979331218801 0.37540473960974363 5 0.0337609723160027
515 0.2774073931543001 0.056915015619253786 10 0.02883506343713956
516 0.5593655919935249 0.3770042892038467 5 0.0335345405767941
516 0.27701311895311914 0.05574303291986228 10 0.02877697841726619
517 0.5589580826044303 0.3786408801182852 5 0.033311125916055964
517 0.27655033229343906 0.05458526970488185 10 0.028719126938541065
518 0.557564245951557 0.3802967460683643 5 0.033112582781456956
518 0.27637645144554523 0.05337714007642438 10 0.02865329512893983
519 0.5558524821704126 0.38188275256154464 5 0.03289473684210526
519 0.27633618616849515 0.05217373476423365 10 0.02858776443682104
520 0.5569293561052178 0.38346595071490885 5 0.032679738562091505
520 0.2761586935641266 0.0510855374603986 10 0.028530670470756064
521 0.5573209743849225 0.38506324103240147 5 0.032467532467532464
521 0.2761238432681608 0.05009772542725528 10 0.028473804100227786
522 0.5569733755237177 0.38662112262861115 5 0.03223726627981947
522 0.27596609924863885 0.0489812157334073 10 0.028409090909090908
523 0.5562095281398827 0.3881760593682223 5 0.03203074951953875
523 0.27539779631937605 0.048002042564848815 10 0.028352707683583778
524 0.5559465559312773 0.38970125244862464 5 0.031826861871419476
524 0.27555013075002266 0.047160934415773854 10 0.02821670428893905
525 0.5564614955974818 0.3912500358656782 5 0.03164556962025317
525 0.29405477261936924 0.049952402041293066 10 0.02767783005812344
526 0.5573030087566274 0.39286675980851016 5 0.031446540880503145
526 0.2515056405254905 0.05487182647941646 10 0.027270248159258246
527 0.5568319415299808 0.39444844729246714 5 0.031230480949406617
527 0.2456668127771633 0.05771457691197705 10 0.027019724398811132
528 0.5555476474114093 0.39601074790638185 5 0.031017369727047144
528 0.24538720094207833 0.058363195780837804 10 0.02696144513345915
529 0.5559746938807977 0.39763775483589775 5 0.030826140567200983
529 0.24495234855566986 0.05877026378416045 10 0.026925148088314484
530 0.5578165081939265 0.39921686054362904 5 0.030618493570116347
530 0.24466953489572166 0.059096638683683624 10 0.02689618074233459
531 0.5587037854304444 0.4008151603944402 5 0.03041362530413625
531 0.24413075637277343 0.059341158349018 10 0.026874496103198062
532 0.5575232766975986 0.4024106188203042 5 0.03022974607013301
532 0.2433706176214571 0.05971357980151639 10 0.026845637583892617
533 0.5562246878270458 0.4038658766775905 5 0.03004807692307692
533 0.24287128225111015 0.05995062638605937 10 0.02682403433476395
534 0.5542024446371954 0.40525497696935037 5 0.02986857825567503
534 0.2424830230919628 0.060188954836587795 10 0.02680246582685607
535 0.5516734180319982 0.4065197764892349 5 0.02967359050445104
535 0.24212127975051626 0.06044175861890917 10 0.026780931976432776
536 0.5474443821951509 0.4078605768837962 5 0.029498525073746312
536 0.2418284274708073 0.06071418257122295 10 0.026759432700026755
537 0.5452556587546382 0.4092416064766427 5 0.029342723004694836
537 0.24167422453030016 0.06103308292300978 10 0.026737967914438502
538 0.5446643608537525 0.4106832740691413 5 0.029188558085230586
538 0.2410261243812349 0.06135458926928737 10 0.026716537536735238
539 0.5239851666633958 0.4102576066331672 5 0.02865329512893983
539 0.24017287984725216 0.06182156181957592 10 0.026680896478121663
540 0.5226470716806055 0.40968257691695725 5 0.0282326369282891
540 0.23581858806424782 0.06919015356754733 10 0.02611647949856359
541 0.5270042754712096 0.41096689576976564 5 0.028105677346824058
541 0.23593826351557184 0.0705402003762404 10 0.026041666666666668
542 0.5307930081707569 0.41232807921788994 5 0.027995520716685325
542 0.23608621622527748 0.07131550741331494 10 0.026014568158168574
543 0.5329008296118067 0.41388370469522473 5 0.02791736460078168
543 0.23626318210501757 0.07213197464712798 10 0.025987525987525985
544 0.5351291516914108 0.4154115886000058 5 0.027839643652561245
544 0.23607267307467122 0.07298330955071278 10 0.025967281225655673
545 0.5341180554742176 0.4169501884075105 5 0.027762354247640196
545 0.23573435325157704 0.07376336601930925 10 0.025953802232026993
546 0.5301880211393744 0.41828118963549654 5 0.027654867256637166
546 0.2352876498666047 0.0746075727759907 10 0.02594033722438392
547 0.5240200256024639 0.4147656470256818 5 0.026371308016877634
547 0.23492040866119313 0.07544872079882183 10 0.025926886180969663
548 0.5261471013885773 0.415719426155289 5 0.026232948583420772
548 0.23444737952415956 0.07642159856548886 10 0.025913449080072554
549 0.5277768870983022 0.41686803293961106 5 0.02615062761506276
549 0.23405705775273183 0.07721858588657331 10 0.025906735751295335
550 0.5284405633541083 0.4181636956918669 5 0.026096033402922752
550 0.23366781052687177 0.07803686091583438 10 0.025900025900025898
551 0.5290429767847531 0.41938009860174486 5 0.02602811035918792
551 0.23316225978977762 0.0788457067526887 10 0.025893319523562917
552 0.529610070713085 0.42073483335429734 5 0.025987525987525985
552 0.23256687506932588 0.07992629962018839 10 0.02587991718426501
553 0.5302075847393246 0.42209341432122016 5 0.025947067981318107
553 0.23226475683796383 0.0808876675297888 10 0.0258732212160414
554 0.5315541377857849 0.42338718441456036 5 0.025893319523562917
554 0.23196280625811244 0.0819098123678478 10 0.02586652871184687
555 0.5320786542565891 0.4247762478326392 5 0.025853154084798345
555 0.2317459383162987 0.08263191020380233 10 0.02586652871184687
556 0.5317332290639494 0.426115434036445 5 0.025799793601651185
556 0.23141693592351792 0.08373857350047273 10 0.02585983966899405
557 0.5309994433468372 0.4274200651706024 5 0.025746652935118432
557 0.23108054023876048 0.08486667856730148 10 0.025853154084798345
558 0.5300387196077457 0.428712642425532 5 0.02569373072970195
558 0.2307245783228773 0.08602367143037623 10 0.025846471956577924
559 0.529708976405037 0.4300376412401904 5 0.025627883136852894
559 0.23041234414063366 0.08726049460309529 10 0.025839793281653745
560 0.5309691443765521 0.4313629021724899 5 0.025536261491317668
560 0.2302476964999618 0.08821265049828396 10 0.025839793281653745
561 0.5341634771628119 0.4326858167058652 5 0.025432349949135298
561 0.2300159360312609 0.08955622532202212 10 0.02583311805734952
562 0.5383395657382918 0.43393598114294624 5 0.02531645569620253
562 0.22988180097319727 0.09048083071150967 10 0.02583311805734952
563 0.5422632178226953 0.435058919972394 5 0.025176233635448134
563 0.22974600121946626 0.09188700122733369 10 0.025826446280991733
564 0.5322124351816215 0.43351418746020826 5 0.024582104228121928
564 0.22953900850651238 0.0929502855034633 10 0.025826446280991733
565 0.45234803291532577 0.42731589489054933 5 0.024236548715462918
565 0.22935043559039947 0.09438292530624011 10 0.02581977794990963
566 0.31958633912738144 0.4136743957220991 5 0.02336448598130841
566 0.22921453171656242 0.09536894802479375 10 0.02581977794990963
567 0.31698711192677587 0.4159745762897983 5 0.023266635644485806
567 0.22900103615717246 0.09695729175515115 10 0.025813113061435206
568 0.31508450011735445 0.4184234566123319 5 0.02321262766945218
568 0.2289062989733998 0.09800861887939123 10 0.025813113061435206
569 0.314160143600218 0.4209132622993904 5 0.023169601482854494
569 0.22881474473421828 0.09904397831029109 10 0.025813113061435206
570 0.3131312019761478 0.4235273953368123 5 0.023137436372049975
570 0.22868346363114694 0.10063203569069215 10 0.025806451612903226
571 0.3119230266528985 0.4265416969533896 5 0.023094688221709007
571 0.2286115041706705 0.10184315050286016 10 0.025806451612903226
572 0.31138109111245194 0.42932875169897244 5 0.023062730627306273
572 0.22855666182780268 0.10293254419372014 10 0.025806451612903226
573 0.31035766556514166 0.43210102654492066 5 0.023030861354214647
573 0.22840556674879417 0.10457233604434486 10 0.025799793601651185
574 0.3073190740786007 0.4348821356431268 5 0.022999080036798528
574 0.22831818900730821 0.10578185984723279 10 0.025799793601651185
575 0.3044712672654175 0.4373403202073553 5 0.022967386311437757
575 0.2282039854759214 0.10692454566571763 10 0.025799793601651185
576 0.30432867249199475 0.43987656539575504 5 0.022925263640531865
576 0.22814538861746728 0.10806756685648988 10 0.025799793601651185
577 0.3037486812328698 0.42851306604197636 5 0.021920210434020166
577 0.2279065920477402 0.10985384615982463 10 0.02579313902501934
578 0.3067529041786287 0.4271983772089385 5 0.021843599825251202
578 0.22773711608884883 0.11120273612705722 10 0.02579313902501934
579 0.30712490926208136 0.4261614976338466 5 0.021795989537925022
579 0.22759883993419766 0.11241720111777243 10 0.02579313902501934
580 0.3060030171117506 0.425592141981926 5 0.021767522855899
580 0.22746216828732918 0.11361877261594786 10 0.02579313902501934
581 0.30371237102373094 0.4256039183137765 5 0.021748586341887775
581 0.22724611302088404 0.11495312729834443 10 0.02579313902501934
582 0.3013183289695432 0.42470678261484107 5 0.021720243266724587
582 0.22700285024825656 0.11680419456908908 10 0.025786487880350695
583 0.30098063626501037 0.42492166729603237 5 0.021710811984368215
583 0.2268220051279753 0.11802625727058629 10 0.025786487880350695
584 0.2997726138028426 0.424391790172565 5 0.021691973969631236
584 0.22664966294059896 0.11928602434872457 10 0.025786487880350695
585 0.29870686911516026 0.42394132712392707 5 0.02167316861725184
585 0.22643277960054617 0.12071815951380922 10 0.025786487880350695
586 0.2982121764610688 0.4241631067397302 5 0.02166377816291161
586 0.2262688176431205 0.12202202215267485 10 0.025786487880350695
587 0.2977900420912902 0.42406454722134235 5 0.021654395842355997
587 0.22603836116506973 0.12398889747104909 10 0.025779840164990974
588 0.2968821699980453 0.4230501000564983 5 0.021635655560363478
588 0.22587283843623393 0.12533459164769745 10 0.025779840164990974
589 0.29623515440301795 0.4229575488936435 5 0.02162629757785467
589 0.22570469096093695 0.1268143168759806 10 0.025779840164990974
590 0.2958212836182832 0.4228455599144708 5 0.021616947686986597
590 0.22555370259904226 0.1281937986630474 10 0.025779840164990974
591 0.29557809052254347 0.4227320652665608 5 0.021607605877268798
591 0.22539571918632467 0.12956227841040815 10 0.025779840164990974
592 0.29531850662216275 0.4224787222665177 5 0.02159827213822894
592 0.22519737778003548 0.13099556446006 10 0.025779840164990974
593 0.295011875098472 0.42207856240092856 5 0.02158894645941278
593 0.225115692745745 0.13238444738073613 10 0.025779840164990974
594 0.29507491889535686 0.42261403358254734 5 0.02158894645941278
594 0.2249696260247068 0.13372892189014401 10 0.025779840164990974
595 0.2950599525234265 0.42209996044957104 5 0.021579628830384116
595 0.22480234023336357 0.13507565531238705 10 0.025779840164990974
596 0.29477893091405194 0.42158691293584144 5 0.02157031924072476
596 0.22469023473181574 0.13645567719332694 10 0.025779840164990974
597 0.29474765375333367 0.4221107504673182 5 0.02157031924072476
597 0.22451289562592947 0.1378508677899028 10 0.025779840164990974
598 0.2945866122269289 0.4216031141566242 5 0.021561017680034496
598 0.2243534130381155 0.13926671120340733 10 0.025779840164990974
599 0.29437710287172025 0.42091261605660224 5 0.021551724137931036
599 0.224255260423685 0.1406717794627148 10 0.025779840164990974
600 0.2943162651798445 0.4212343226729775 5 0.021551724137931036
600 0.2240695855544801 0.1421138527619425 10 0.025779840164990974
601 0.2943046366817003 0.4215697637786338 5 0.021551724137931036
601 0.22386575143330742 0.14356092446889168 10 0.025779840164990974
602 0.2942166450463247 0.42069652247367023 5 0.021542438604049977
602 0.22367436151267078 0.1450064346518704 10 0.025779840164990974
603 0.2941318790325236 0.4210261441816943 5 0.021542438604049977
603 0.22365582487404084 0.14640397729531568 10 0.025779840164990974
604 0.29417195773035354 0.4213887654420117 5 0.021542438604049977
604 0.22348564191040526 0.14786289367275254 10 0.025779840164990974
605 0.2942580834468722 0.4205307992903248 5 0.021533161068044787
605 0.22328434631938338 0.14932600373083302 10 0.025779840164990974
606 0.2942649310231408 0.420843391483295 5 0.021533161068044787
606 0.22310253724504164 0.1507703356672471 10 0.025779840164990974
607 0.2943048330942846 0.4210096590741207 5 0.021533161068044787
607 0.2230314241799661 0.1521243750365049 10 0.025779840164990974
608 0.29427842037106505 0.42117847612815124 5 0.021533161068044787
608 0.22294130567419704 0.15275566999149398 10 0.025786487880350695
609 0.29420969150531373 0.4212038044673675 5 0.021533161068044787
609 0.22278128021453272 0.15413144511755722 10 0.025786487880350695
610 0.2940356554015825 0.4212047275202398 5 0.021533161068044787
610 0.22265900919429318 0.15551695674235017 10 0.025786487880350695
611 0.29392634696393216 0.4212215042360688 5 0.021533161068044787
611 0.2225170618161055 0.15691028769856513 10 0.025786487880350695
612 0.29359711869958166 0.4198462812050587 5 0.02152389151958674
612 0.22240141649770734 0.15831410857777956 10 0.025786487880350695
613 0.29325509476959255 0.41981051104324774 5 0.02152389151958674
613 0.22226401084900393 0.15971555240961527 10 0.025786487880350695
614 0.2928059529829628 0.4197552902955982 5 0.02152389151958674
614 0.22218860028137838 0.1603697876654589 10 0.02579313902501934
615 0.292508437670851 0.41970349153582215 5 0.02152389151958674
615 0.22204455691289407 0.1617787209938641 10 0.02579313902501934
616 0.2921912735259056 0.41965553731930916 5 0.02152389151958674
616 0.22191863773844292 0.16318425846062545 10 0.02579313902501934
617 0.2916209065365175 0.41962107646142366 5 0.02152389151958674
617 0.22177355680820648 0.1646431774837386 10 0.02579313902501934
618 0.29127023490291987 0.4195940272267862 5 0.02152389151958674
618 0.22162376454102467 0.16606541812629422 10 0.02579313902501934
619 0.2910004224103733 0.4194288338384813 5 0.02152389151958674
619 0.221523761165282 0.16662868390328406 10 0.025799793601651185
620 0.2906294101287812 0.41904189372082035 5 0.02152389151958674
620 0.22135062752205587 0.16794911556576236 10 0.025799793601651185
621 0.2904513386226806 0.42014602525251926 5 0.021533161068044787
621 0.2211234591052468 0.16936206592949773 10 0.025799793601651185
622 0.29001328528733616 0.4197000942143571 5 0.021533161068044787
622 0.22102521969242667 0.16987187841477294 10 0.025806451612903226
623 0.289643641760591 0.41924630648305 5 0.021533161068044787
623 0.2208793944759952 0.1711644914488366 10 0.025806451612903226
624 0.2890248184888553 0.41885727445378435 5 0.021533161068044787
624 0.2207738700359289 0.17257808433317726 10 0.025806451612903226
625 0.28890984869037506 0.41989880836192695 5 0.021542438604049977
625 0.22069431768875453 0.17308459241337876 10 0.025813113061435206
626 0.28845812130946663 0.41942315374205785 5 0.021542438604049977
626 0.22060419723848068 0.17436369747095584 10 0.025813113061435206
627 0.287914324938248 0.41890999653082234 5 0.021542438604049977
627 0.2204676612642061 0.1756562396413242 10 0.025813113061435206
628 0.2871688007815927 0.4184550336333241 5 0.021542438604049977
628 0.22033539036361316 0.17629251048252031 10 0.02581977794990963
629 0.2867547874349833 0.4180033608007866 5 0.021542438604049977
629 0.2201663614844843 0.1776474119576651 10 0.02581977794990963
630 0.2867006893352409 0.419076395616602 5 0.021551724137931036
630 0.22000051437004928 0.178985208098345 10 0.02581977794990963
631 0.2865127009141755 0.41865602782935385 5 0.021551724137931036
631 0.2198744918629178 0.17951097541691433 10 0.025826446280991733
632 0.28630575458487006 0.41810082399164517 5 0.021551724137931036
632 0.21964860553945878 0.18084939356967553 10 0.025826446280991733
633 0.2863326646645901 0.4190402044039951 5 0.021561017680034496
633 0.219507372707166 0.1813227436788419 10 0.02583311805734952
634 0.28637952233367703 0.4185341047119165 5 0.021561017680034496
634 0.21937911935299495 0.18258455757166955 10 0.02583311805734952
635 0.28637865093265014 0.41809230225994176 5 0.021561017680034496
635 0.21946085356697448 0.18307013619682766 10 0.025839793281653745
636 0.28656846816482395 0.4191184136895977 5 0.02157031924072476
636 0.21928157975657067 0.18437688942289215 10 0.025839793281653745
637 0.2866902237878922 0.41857316908342135 5 0.02157031924072476
637 0.21915418375176623 0.18486143296984817 10 0.025846471956577924
638 0.28668610692576 0.417985609726469 5 0.02157031924072476
638 0.21919076334564794 0.18613193053573873 10 0.025846471956577924
639 0.2868204393955279 0.41896450943840746 5 0.021579628830384116
639 0.21909361247099013 0.18660023517491753 10 0.025853154084798345
640 0.28700545192219384 0.41838557301225326 5 0.021579628830384116
640 0.21890671613759208 0.1878857953991993 10 0.025853154084798345
641 0.2872750912828461 0.4193917250035183 5 0.02158894645941278
641 0.21868187419215843 0.18917180777811327 10 0.025853154084798345
642 0.2876413071675528 0.4188574599184043 5 0.02158894645941278
642 0.2185072679108671 0.1896342853118925 10 0.02585983966899405
643 0.28787906048976925 0.418314729110134 5 0.02158894645941278
643 0.21831281201142344 0.1909362908626587 10 0.02585983966899405
644 0.28808829540710756 0.4191132367956115 5 0.02159827213822894
644 0.2182133105966515 0.1913005433839964 10 0.02586652871184687
645 0.288298983861479 0.4199039579727681 5 0.021607605877268798
645 0.21811523867271393 0.19166151526137717 10 0.0258732212160414
646 0.2885273955923476 0.41917207850689575 5 0.021607605877268798
646 0.21797848170575335 0.19285899383905478 10 0.0258732212160414
647 0.2887069474114416 0.41994841492881346 5 0.021616947686986597
647 0.21790400674239718 0.19320902728056857 10 0.02587991718426501
648 0.28874514811917507 0.41911345107392906 5 0.021616947686986597
648 0.21775289720144314 0.19437391137706975 10 0.02587991718426501
649 0.28855527576426654 0.41985125517188837 5 0.02162629757785467
649 0.2177590527062668 0.19476592510110818 10 0.02588661661920787
650 0.2884965028709701 0.41899536501369833 5 0.02162629757785467
650 0.21761173858399713 0.19594228304199823 10 0.02588661661920787
651 0.2885278112794643 0.4196975241200698 5 0.021635655560363478
651 0.2175397201586966 0.19626948119415438 10 0.025893319523562917
652 0.2885535893271777 0.41886528641893445 5 0.021635655560363478
652 0.21744867014923824 0.19660882803134364 10 0.025900025900025898
653 0.2886627168826698 0.4196669539748898 5 0.021645021645021644
653 0.21713225858360885 0.1978741380884576 10 0.025900025900025898
654 0.2887954306477535 0.4188651162882551 5 0.021645021645021644
654 0.21704344916875268 0.19821486671872696 10 0.025906735751295335
655 0.2890253040425128 0.4196352146406547 5 0.021654395842355997
655 0.21688619813736967 0.19939523953756327 10 0.025906735751295335
656 0.2892020650228023 0.41888823143919973 5 0.021654395842355997
656 0.2168142609277488 0.19977771258756422 10 0.025913449080072554
657 0.28951711054123186 0.4195714643288901 5 0.02166377816291161
657 0.21674725882434034 0.20005917959414968 10 0.02592016588906169
658 0.28982557910066703 0.420235013990731 5 0.02167316861725184
658 0.2166016943536761 0.20117879085761584 10 0.02592016588906169
659 0.29011980031863976 0.41934907407460315 5 0.02167316861725184
659 0.21652369449667547 0.20145693182380725 10 0.025926886180969663
660 0.2904170530024911 0.42009957276525417 5 0.02168256721595837
660 0.21640438605290074 0.2018081803439625 10 0.025933609958506222
661 0.29074479600578207 0.4191884223786716 5 0.02168256721595837
661 0.21616715277568135 0.2029305846529542 10 0.025933609958506222
662 0.2910096357005724 0.4198302587236715 5 0.021691973969631236
662 0.21613162646781045 0.20318204984358007 10 0.02594033722438392
663 0.2910094929119111 0.4205280598810089 5 0.021701388888888888
663 0.21610274231632137 0.20354009258962252 10 0.025947067981318107
664 0.29120065004378437 0.41956190314564434 5 0.021701388888888888
664 0.21597662986667396 0.20466029780880596 10 0.025947067981318107
665 0.2914124310357064 0.42017847955430215 5 0.021710811984368215
665 0.21594948777795203 0.2049021988456224 10 0.025953802232026993
666 0.2915335063700685 0.4207689587205884 5 0.021720243266724587
666 0.21590610377184496 0.20515093184416028 10 0.025960539979231565
667 0.29133559670880865 0.41978872732056594 5 0.021720243266724587
667 0.21582370511128657 0.2063527650384524 10 0.025960539979231565
668 0.29136249667693354 0.42038226984374827 5 0.021729682746631895
668 0.2157678835878917 0.2066302456544819 10 0.025967281225655673
669 0.2914528101105233 0.41930298207256333 5 0.021729682746631895
669 0.21570463579720528 0.2068597686128426 10 0.025974025974025976
670 0.29151197527261785 0.41976470630705365 5 0.021739130434782608
670 0.2155421851474082 0.2079343329664713 10 0.025974025974025976
671 0.29148132723705067 0.42022400013905176 5 0.021748586341887775
671 0.21530611240099903 0.20820889275976057 10 0.025980774227071964
672 0.29147492842511313 0.42068031559888797 5 0.02175805047867711
672 0.21519835316819438 0.20844237914874789 10 0.025987525987525985
673 0.291479420488152 0.4195418009962295 5 0.02175805047867711
673 0.21512689007236124 0.20866503670660036 10 0.02599428125812321
674 0.29138282747060784 0.42002482205563024 5 0.021767522855899
674 0.21485077753385767 0.20978379926318985 10 0.02599428125812321
675 0.2914178966501055 0.4205141695882074 5 0.021777003484320556
675 0.21477330751344512 0.2100243609639695 10 0.026001040041601663
676 0.29151720994911734 0.41942422470203355 5 0.021777003484320556
676 0.21468890334295643 0.2102648379332023 10 0.02600780234070221
677 0.29170382944444484 0.41995976636121013 5 0.02178649237472767
677 0.21462091277683132 0.21050141829570834 10 0.026014568158168574
678 0.2918403198824505 0.42048717818801845 5 0.021795989537925022
678 0.21456199540191917 0.21158140020436383 10 0.026014568158168574
679 0.29200346329724697 0.42101579920559046 5 0.021805494984736152
679 0.21448923904024605 0.2118209291744547 10 0.026021337496747333
680 0.29215652918007157 0.4199476103625296 5 0.021805494984736152
680 0.21440041424945214 0.21206336544976417 10 0.02602811035918792
681 0.29231822704253857 0.4204802874748985 5 0.02181500872600349
681 0.21440665466075073 0.2122871719538882 10 0.026034886748242645
682 0.2924937770875623 0.4209319619434244 5 0.021824530772588387
682 0.21427668446131407 0.21334918405143638 10 0.026034886748242645
683 0.2926506444045225 0.4213578739351547 5 0.021834061135371178
683 0.21417926279134716 0.2135466450465878 10 0.026041666666666668
684 0.2927325342390977 0.42018017210322034 5 0.021834061135371178
684 0.2140791536845527 0.21374347370852204 10 0.026048450117218024
685 0.2929061925167917 0.42059012241825744 5 0.021843599825251202
685 0.2139758292608563 0.2139269719983497 10 0.026055237102657634
686 0.29308444489379176 0.4210254001909071 5 0.021853146853146852
686 0.21387573657932518 0.21412628256954633 10 0.02606202762574928
687 0.2933365413978805 0.4214912021500501 5 0.021862702229995624
687 0.2136045431903472 0.21518991372699525 10 0.02606202762574928
688 0.2936283559605419 0.42038875810960113 5 0.021862702229995624
688 0.2134642637661976 0.21539595346942497 10 0.026068821689259645
689 0.2938895709924635 0.4208563884090126 5 0.021872265966754154
689 0.21336693631844766 0.2155973086569268 10 0.02607561929595828
690 0.2941020770497735 0.42130579901622456 5 0.02188183807439825
690 0.21328338197912822 0.21579376957283478 10 0.026082420448617628
691 0.29433948239915547 0.42176810496383393 5 0.021891418563922942
691 0.21320308588187126 0.21599246325901342 10 0.026089225150013044
692 0.29457462019334285 0.4222610653589909 5 0.02190100744634253
692 0.2131478511419941 0.21704209700853175 10 0.026089225150013044
693 0.29469649443200663 0.42111068897207204 5 0.02190100744634253
693 0.21309533708067468 0.2172260152863234 10 0.026096033402922752
694 0.2948849465205275 0.42153787126813996 5 0.02191060473269062
694 0.2130270296185186 0.21740857735739558 10 0.0261028452101279
695 0.29509652113954826 0.4219733470015135 5 0.021920210434020166
695 0.21296162928959328 0.21759112695775945 10 0.02610966057441253
696 0.2953762547791717 0.42242606357243345 5 0.021929824561403508
696 0.21296514094104677 0.2177539746295158 10 0.02611647949856359
697 0.2955272161955541 0.4212522476894362 5 0.021929824561403508
697 0.21294567072257556 0.21874073775482406 10 0.02611647949856359
698 0.29568310934757636 0.4216632802745517 5 0.021939447125932425
698 0.2129457005015652 0.21890406546813396 10 0.02612330198537095
699 0.2958269550853873 0.4220486361226542 5 0.021949078138718173
699 0.21292379731974193 0.21905816520189672 10 0.026130128037627383
700 0.29594395188178824 0.42241608202617337 5 0.021958717610891524
700 0.2129024011020208 0.2192060393284084 10 0.026136957658128592
701 0.29588116172540024 0.4211604029229802 5 0.021958717610891524
701 0.2128798139075892 0.219351991785716 10 0.026143790849673203
702 0.2957970760480608 0.4215029032834477 5 0.02196836555360281
702 0.21285032707095403 0.22036122122589924 10 0.026143790849673203
703 0.29582885257879776 0.42184905639294745 5 0.02197802197802198
703 0.2128228705243526 0.22051506353166644 10 0.02615062761506276
704 0.2958723769675994 0.4221872006705632 5 0.021987686895338608
704 0.21279587657200053 0.22066079245303385 10 0.026157467957101752
705 0.295820155390587 0.4224853348512238 5 0.02199736031676199
705 0.2127618090535622 0.22080303975256088 10 0.02616431187859759
706 0.29556016530245366 0.4211097606602795 5 0.02199736031676199
706 0.21254892973238268 0.221801852407537 10 0.02616431187859759
707 0.2954693706712711 0.42140340775448965 5 0.022007042253521125
707 0.21250001278678599 0.2219540581738079 10 0.026171159382360636
708 0.29539474095879803 0.42166383587610506 5 0.022016732716864815
708 0.21245466504490823 0.22208793080238612 10 0.02617801047120419
709 0.29517277432781625 0.4218168535801734 5 0.022026431718061675
709 0.21238659317649108 0.22220014528541637 10 0.026184865147944485
710 0.29464777000404785 0.4219326930095752 5 0.022036139268400177
710 0.2122906696915531 0.2223607869234244 10 0.02619172341540073
711 0.29431345097237355 0.42206572212409565 5 0.02204585537918871
711 0.2122101925313657 0.22248717187511952 10 0.02619858527639507
712 0.2939706765381159 0.420480688214835 5 0.02204585537918871
712 0.21212873742401853 0.22260898161024328 10 0.02620545073375262
713 0.29368474120216553 0.42066180368705347 5 0.022055580061755623
713 0.21192618403476127 0.22360942568980477 10 0.02620545073375262
714 0.2935509571806362 0.42087673663336594 5 0.022065313327449248
714 0.21183225762471994 0.2237485767411392 10 0.02621231979030144
715 0.29356657817055837 0.421145120655804 5 0.02207505518763797
715 0.21176250529850896 0.22388403148975144 10 0.026219192448872573
716 0.2936683311781071 0.42144354086558 5 0.022084805653710248
716 0.21169848097119978 0.22401872151389632 10 0.026226068712300026
717 0.2937252435042104 0.4217720531865542 5 0.02209456473707468
717 0.21165507457827584 0.22417665119680857 10 0.026232948583420772
718 0.2938402797478149 0.42208503158529337 5 0.022104332449160033
718 0.21159152485124907 0.22431700240004088 10 0.026239832065074783
719 0.2938292547217386 0.4206579189668374 5 0.022104332449160033
719 0.2115254033321133 0.22445363764137105 10 0.026246719160104987
720 0.29394327688853233 0.4209973097035567 5 0.0221141088014153
720 0.21145707207862516 0.22543725671578368 10 0.026246719160104987
721 0.2940553585004035 0.42130750948106027 5 0.022123893805309734
721 0.21138483231472124 0.2255792827411866 10 0.02625360987135731
722 0.2941248265055273 0.4215952769761026 5 0.02213368747233289
722 0.2113031414083651 0.22571897816343736 10 0.026260504201680673
723 0.2941498101961669 0.42187891164333235 5 0.022143489813994683
723 0.2112036692409157 0.22586995414112154 10 0.026267402153926974
724 0.2941778588441253 0.4221580213079211 5 0.02215330084182543
724 0.21111772213864524 0.22601417577759242 10 0.02627430373095113
725 0.29421219158831874 0.42244090941329127 5 0.022163120567375884
725 0.21103635299972723 0.22615846550684998 10 0.026281208935611037
726 0.2941692894862694 0.4209905659506882 5 0.022163120567375884
726 0.2109502488550882 0.22630457758001848 10 0.02628811777076761
727 0.29425646118666415 0.4212896601527597 5 0.022172949002217297
727 0.21078462423269834 0.22729045024172212 10 0.02628811777076761
728 0.2943075384986822 0.4215804544371696 5 0.022182786157941437
728 0.21069678803975028 0.22743826826327768 10 0.026295030239284773
729 0.294335405810651 0.42186397064386927 5 0.022192632046160673
729 0.21061679148881388 0.22758478389449283 10 0.026301946344029454
730 0.29436291487229405 0.4221455941228399 5 0.02220248667850799
730 0.21053338379892597 0.22773145347039056 10 0.02630886608787161
731 0.29439876321410485 0.42243260366636715 5 0.02221235006663705
731 0.2104396169429148 0.22788241848597246 10 0.02631578947368421
732 0.2944502897005129 0.4227240450165627 5 0.022222222222222223
732 0.2103491604103335 0.22803258892263772 10 0.026322716504343247
733 0.2943564188349225 0.42127765405478995 5 0.022222222222222223
733 0.21027839061608494 0.22817092956522728 10 0.02632964718272775
734 0.29440158246615733 0.4215590550928261 5 0.022232103156958647
734 0.2102634762713123 0.22912255542255067 10 0.02632964718272775
735 0.2945559428817311 0.4218609745773114 5 0.022241992882562275
735 0.21020938815380488 0.22925023068163713 10 0.026336581511719775
736 0.29477938772755596 0.4221858733730975 5 0.022251891410769914
736 0.2101290572495833 0.22938421058469896 10 0.026343519494204423
737 0.2950349577355606 0.42252100703682816 5 0.02226179875333927
737 0.21004866722152618 0.22951760932144558 10 0.026350461133069828
738 0.2953297095994305 0.4228518313853572 5 0.022271714922048998
738 0.209967446334914 0.22964056691709933 10 0.026357406431207167
739 0.2955843273373793 0.4231870447293029 5 0.022281639928698752
739 0.20988825001533967 0.22977390137737844 10 0.026364355391510677
740 0.29563489940577886 0.4217916607571639 5 0.022281639928698752
740 0.2098099040437305 0.22990971256807077 10 0.026371308016877634
741 0.29590110584955565 0.42212542089237637 5 0.022291573785109226
741 0.20973484682589977 0.23003866680754687 10 0.026378264310208385
742 0.29612300062645425 0.42245260537566026 5 0.02230151650312221
742 0.20962090344205345 0.23100613076333754 10 0.026378264310208385
743 0.29631520355842866 0.4227704114190612 5 0.022311468094600623
743 0.20955036123070836 0.23113965553088445 10 0.026385224274406333
744 0.2965120640550304 0.42309242289418353 5 0.022321428571428572
744 0.20947909143009746 0.23127481977165526 10 0.026392187912377935
745 0.2967558478247405 0.42342999418535926 5 0.022331397945511387
745 0.20941240134757244 0.23140836612859528 10 0.026399155227032733
746 0.2970240430322727 0.42377539365808226 5 0.022341376228775692
746 0.20937512241119954 0.2315347196728264 10 0.026406126221283334
747 0.297234797238598 0.4240819992566756 5 0.022351363433169423
747 0.2093330432601952 0.23165085016656556 10 0.026413100898045428
748 0.2971273704221799 0.4226326881252348 5 0.022351363433169423
748 0.20933285840568785 0.23177381910164302 10 0.026420079260237782
749 0.2972416917301715 0.4229103902743299 5 0.022361359570661894
749 0.20923439419334203 0.23272949238390866 10 0.026420079260237782
750 0.297359116785124 0.423179322246904 5 0.02237136465324385
750 0.2091800617143337 0.23284505382450932 10 0.02642706131078224
751 0.29738022876598086 0.42340607378361905 5 0.022381378692927483
751 0.2091300068620713 0.23295432065820307 10 0.026434047052603753
752 0.29714028405190696 0.42361359717733943 5 0.022391401701746527
752 0.2091455815148487 0.23308868327311977 10 0.026441036488630353
753 0.29710700201386386 0.4238370138963471 5 0.022401433691756272
753 0.2090925235808177 0.2332069728344343 10 0.026448029621793174
754 0.29717417684651254 0.42408092547389514 5 0.022411474675033616
754 0.20902454336716053 0.23332064447366233 10 0.026455026455026454
755 0.2972276181989638 0.4243151312922345 5 0.02242152466367713
755 0.20895639071554273 0.2334315681432666 10 0.02646202699126753
756 0.29716133274183015 0.4228004619604236 5 0.02242152466367713
756 0.20886784674713404 0.2335547318066767 10 0.026469031233456855
757 0.2972088901586646 0.42303714663762815 5 0.022431583669807086
757 0.20875201667769136 0.2345077221449198 10 0.026469031233456855
758 0.29731262993868374 0.4232956346416473 5 0.02244165170556553
758 0.20864459684996078 0.234633143236679 10 0.02647603918453799
759 0.2975001904609738 0.4235616062248465 5 0.022451728783116298
759 0.20848555568521276 0.2347588477118614 10 0.026483050847457626
760 0.29765127848627604 0.4238329321100768 5 0.0224618149146451
760 0.20837204501711262 0.2348840561534053 10 0.026490066225165563
761 0.2977965601493682 0.4241096387990361 5 0.02247191011235955
761 0.2082743338781674 0.23500978573766979 10 0.02649708532061473
762 0.29795836205497495 0.4243908408798752 5 0.022482014388489208
762 0.20816863891324938 0.23513674507470114 10 0.026504108136761198
763 0.2981468879722885 0.4246905810739838 5 0.022492127755285647
763 0.2080162420421218 0.23528015586795661 10 0.026511134676564154
764 0.2981970426133326 0.42324939903838155 5 0.022492127755285647
764 0.20791075946916196 0.23540837104271534 10 0.026518164942985943
765 0.2983605640221593 0.42353478620186386 5 0.022502250225022502
765 0.20777258436874174 0.23636897895992695 10 0.026518164942985943
766 0.2983945965927905 0.42383892985992827 5 0.022512381809995496
766 0.20775005510232214 0.23651277995647005 10 0.026525198938992044
767 0.2985366778607942 0.42412938027353253 5 0.02252252252252252
767 0.20766998793552047 0.23664134237553403 10 0.02653223666755107
768 0.29870096151502046 0.42441687892429086 5 0.022532672374943667
768 0.2075813406708496 0.23676551769080945 10 0.026539278131634817
769 0.2988261156155968 0.42468585221535415 5 0.022542831379621278
769 0.2075015891725394 0.23688469571933743 10 0.02654632333421821
770 0.2987812296768562 0.4249585535755161 5 0.02255299954894001
770 0.20749020161266835 0.2370222917456763 10 0.02655337227827934
771 0.29890033504542723 0.42523033449272896 5 0.022563176895306857
771 0.2074314951970276 0.23713850004834938 10 0.02656042496679947
772 0.2991071895031956 0.42552501348863736 5 0.022573363431151242
772 0.20735255303976036 0.23725489944160896 10 0.026567481402763014
773 0.29921112918700865 0.42409663825018 5 0.022573363431151242
773 0.2072388239908028 0.23736621626272517 10 0.026574541589157587
774 0.2994446298988356 0.42439570911588537 5 0.022583559168925023
774 0.20709331222673302 0.23832223171625416 10 0.026574541589157587
775 0.2996476898112228 0.4246868530129782 5 0.022593764121102575
775 0.20702512544566004 0.23843445944588973 10 0.026581605528973946
776 0.2998281736549674 0.4249681656720874 5 0.02260397830018083
776 0.20693406098188785 0.23855106615377458 10 0.026588673225206062
777 0.3000919951509117 0.4252356263586058 5 0.02261420171867933
777 0.2067232479541743 0.23867284267786754 10 0.026595744680851064
778 0.3002656615219518 0.4255090976033896 5 0.02262443438914027
778 0.206612296685374 0.23879191503963013 10 0.026602819898909284
779 0.3004329175777147 0.42579045212735983 5 0.022634676324128564
779 0.20652023869533087 0.2389123226918132 10 0.026609898882384245
780 0.30065677737592 0.42607767553441234 5 0.022644927536231884
780 0.20637236509426224 0.2390384979004338 10 0.02661698163428267
781 0.3006615121555643 0.4246366370584145 5 0.022644927536231884
781 0.2062704383858076 0.2391612766826206 10 0.02662406815761448
782 0.30082090973325853 0.42491438969579615 5 0.022655188038060714
782 0.20608958551320228 0.24015188954229832 10 0.02662406815761448
783 0.3009735858231336 0.42518740619350776 5 0.02266545784224841
783 0.2060087872358884 0.24026840328184815 10 0.02663115845539281
784 0.30102019842558714 0.42546350981093806 5 0.022675736961451247
784 0.2060275808067999 0.2403825154562159 10 0.02663825253063399
785 0.30115534212702866 0.42572653725324805 5 0.022686025408348458
785 0.20597615876776695 0.24048922869406342 10 0.02664535038635758
786 0.3012944541596515 0.42597958788162044 5 0.022696323195642305
786 0.20591039069178643 0.24059324846169602 10 0.02665245202558635
787 0.3013173592057817 0.4262295304947884 5 0.022706630336058128
787 0.2058982656304711 0.2407046621091705 10 0.026659557451346304
788 0.30146018268462477 0.4264934776396013 5 0.022716946842344387
788 0.2058367313746358 0.24081217236617358 10 0.02666666666666667
789 0.3016316661937658 0.4267573988668705 5 0.022727272727272728
789 0.20576708498657412 0.24091581522678215 10 0.026673779674579887
790 0.30162684250202587 0.42526471053099835 5 0.022727272727272728
790 0.20570273766984687 0.24101449946106057 10 0.026680896478121663
791 0.3015739740639882 0.42546871487913807 5 0.022737608003638016
791 0.20563108447043735 0.2411295008021633 10 0.026688017080330927
792 0.30167706817667883 0.42571436708261323 5 0.022747952684258416
792 0.2054611740250246 0.24210737471628171 10 0.026688017080330927
793 0.30186619449762125 0.425990461593076 5 0.02275830678197542
793 0.20538787293396116 0.24221396436536394 10 0.026695141484249865
794 0.3020186248502917 0.4262504757340414 5 0.022768670309653915
794 0.20529929716960735 0.24232223727769 10 0.0267022696929239
795 0.30215646192292067 0.4264571613757532 5 0.022779043280182234
795 0.20510257470457643 0.24243142548527374 10 0.026709401709401708
796 0.30228031879902406 0.42671783345801384 5 0.022789425706472195
796 0.20498940179810785 0.24255126966265034 10 0.026716537536735238
797 0.3025233611160099 0.4270422645151301 5 0.022799817601459188
797 0.20489516287606496 0.24267677143736685 10 0.026723677177979688
798 0.30294235774089134 0.42740988508158295 5 0.02281021897810219
798 0.20476447437377443 0.24279994308526104 10 0.02673082063619353
799 0.3030871965531253 0.4260313551812439 5 0.02281021897810219
799 0.20467793756490807 0.24291920749439372 10 0.026737967914438502
800 0.30339134420442987 0.42638073929752185 5 0.02282062984938384
800 0.2045856451748055 0.24304562713727265 10 0.02674511901577962
801 0.3038664248521997 0.42680980721934336 5 0.0228310502283105
801 0.20441066864698015 0.24404788716341871 10 0.02674511901577962
802 0.30451855095739944 0.42734039128571544 5 0.02284148012791229
802 0.20446461404578292 0.24416546076184145 10 0.02675227394328518
803 0.30506575506723826 0.427791061881816 5 0.022851919561243144
803 0.20442598537307197 0.2442842318673709 10 0.026759432700026755
804 0.3054805800857313 0.42818130261917464 5 0.022862368541380886
804 0.2043655359743466 0.24440265424061494 10 0.026766595289079226
805 0.3057901307142309 0.42858462704772543 5 0.022872827081427263
805 0.20438477859088872 0.2445286768102867 10 0.02677376171352075
806 0.3061251818169315 0.428941048203756 5 0.02288329519450801
806 0.204349511333777 0.24463893039567516 10 0.026780931976432776
807 0.30622414887724014 0.4275210024122635 5 0.02288329519450801
807 0.2043282063167467 0.24472095834430277 10 0.02678810608090008
808 0.3064640148128795 0.42779062714151755 5 0.022893772893772892
808 0.20429868331212386 0.24480403190913996 10 0.026795284030010715
809 0.3067429798173643 0.42804280938361144 5 0.022904260192395786
809 0.20422025521982579 0.2448822907716489 10 0.02680246582685607
810 0.30697722409907724 0.4283059030976714 5 0.022914757103574702
810 0.20409244469118457 0.2458355673799011 10 0.02680246582685607
811 0.3071201581385524 0.428530237857662 5 0.022925263640531865
811 0.2040726113573263 0.24591151110210374 10 0.02680965147453083
812 0.3070751709862769 0.4286648285324758 5 0.022935779816513763
812 0.20403308830324374 0.24598256407687713 10 0.02681684097613301
813 0.30687981368567774 0.42870823087701504 5 0.02294630564479119
813 0.20387941906669985 0.24606342906463946 10 0.02682403433476395
814 0.3067137608301157 0.428787121426074 5 0.02295684113865932
814 0.20381317997419107 0.24613619901989278 10 0.026831231553528304
815 0.30651978219752485 0.4288545298196505 5 0.022967386311437757
815 0.2037841764303722 0.24619967056598996 10 0.026838432635534083
816 0.3060204933254612 0.4288887422488368 5 0.022977941176470586
816 0.20381033110664562 0.24628995755846766 10 0.026845637583892617
817 0.30559156051571834 0.4272392305269298 5 0.022977941176470586
817 0.20377634618425122 0.2463641464447351 10 0.026852846401718578
818 0.30537772948650055 0.4272976092882527 5 0.022988505747126436
818 0.20373616300933217 0.24642944431770872 10 0.02686005909213
819 0.30497239220576156 0.427347101541652 5 0.022999080036798528
819 0.2036457446831407 0.24653801656670873 10 0.02686727565824825
820 0.3048480964642758 0.4274907259331096 5 0.023009664058904738
820 0.20341737385580072 0.24751973258026722 10 0.02686727565824825
821 0.30495406795355706 0.42773471389639467 5 0.023020257826887658
821 0.20329274548251425 0.2476371857499613 10 0.026874496103198062
822 0.30514981759675747 0.4280137587273859 5 0.023030861354214647
822 0.2031554027425299 0.247758126890057 10 0.026881720430107527
823 0.30546775713723184 0.42825041649957224 5 0.02304147465437788
823 0.20291409309815983 0.24786141620884994 10 0.02688894864210809
824 0.3056547468698497 0.4285105644579362 5 0.02305209774089442
824 0.20276808218173897 0.2479770007042208 10 0.02689618074233459
825 0.3058975072756776 0.4288080149764092 5 0.023062730627306273
825 0.2026450296375104 0.24809482601014735 10 0.026903416733925205
826 0.3062787486832572 0.42916873630500507 5 0.023073373327180433
826 0.2025264048906393 0.24821621564606366 10 0.026910656620021525
827 0.30655046163362365 0.427893278110237 5 0.023073373327180433
827 0.20246837571927706 0.2483394438957815 10 0.026917900403768506
828 0.3069238174449004 0.42824986749604166 5 0.023084025854108955
828 0.2023788999996011 0.24845226980080226 10 0.026925148088314484
829 0.30713176305332135 0.4285266443100563 5 0.023094688221709007
829 0.20228389576165115 0.24855860834582594 10 0.026932399676811204
830 0.3071446756637129 0.42877825071260106 5 0.02310536044362292
830 0.2022281812707863 0.24867887377902806 10 0.02693965517241379
831 0.3072904455059115 0.4290276459655321 5 0.02311604253351826
831 0.2020501467636922 0.2496518259755267 10 0.02693965517241379
832 0.3074938916290194 0.4292663574587271 5 0.02312673450508788
832 0.2019765271337052 0.24973661558751456 10 0.026946914578280787
833 0.30769227660130144 0.4295022289855511 5 0.023137436372049975
833 0.2018946134180737 0.2498230489510153 10 0.026954177897574125
834 0.30792571266166235 0.42971649648450033 5 0.023148148148148147
834 0.20175681945285726 0.2499064090439837 10 0.02696144513345915
835 0.3081303430688167 0.42994745558362524 5 0.02315886984715146
835 0.20166457531458787 0.24999191819948496 10 0.026968716289104636
836 0.30836734899232404 0.4301997338979707 5 0.023169601482854494
836 0.20158255227619862 0.25007898871182044 10 0.02697599136768276
837 0.3086605868883068 0.430476262131113 5 0.02318034306907742
837 0.20150009001329333 0.25016714881062757 10 0.02698327037236913
838 0.30903861055484233 0.430764447249938 5 0.023191094619666047
838 0.20142407490054554 0.2502438869947614 10 0.02699055330634278
839 0.3090934358788873 0.42932138929589725 5 0.023191094619666047
839 0.20135488914194255 0.25032462374165687 10 0.026997840172786173
840 0.3093496403519814 0.4295744618529779 5 0.02320185614849188
840 0.20129187275142132 0.25040397822899585 10 0.027005130974885227
841 0.30955026127325125 0.4298402495145607 5 0.02321262766945218
841 0.201262537494951 0.25049096855953634 10 0.027012425715829277
842 0.30978834391053545 0.43009087769021487 5 0.023223409196470042
842 0.2012065369554009 0.25057052696533233 10 0.027019724398811132
843 0.3100294555098448 0.4303395134773228 5 0.023234200743494422
843 0.20113803465148278 0.2506514211429607 10 0.02702702702702703
844 0.31028728956241197 0.43060202329898356 5 0.02324500232450023
844 0.20099508131017346 0.25160422374442937 10 0.02702702702702703
845 0.31061812808358485 0.43088089998621915 5 0.023255813953488372
845 0.20092182516788556 0.25168385558874784 10 0.02703433360367667
846 0.31086007247291064 0.4311388620728535 5 0.023266635644485806
846 0.20087087590177094 0.2517645127348266 10 0.02704164413196322
847 0.3110393768771055 0.43137124612381683 5 0.023277467411545624
847 0.20082337299685565 0.2518439955862432 10 0.027048958615093315
848 0.3112090397999721 0.4315846413983868 5 0.023288309268747087
848 0.20076044353086825 0.2519203389913826 10 0.027056277056277056
849 0.31137351400270774 0.4318077951641013 5 0.023299161230195712
849 0.2007092635771425 0.2519993275221806 10 0.02706359945872801
850 0.3112724038021004 0.4303050459239929 5 0.023299161230195712
850 0.20066867183118017 0.2520748266349827 10 0.027070925825663235
851 0.3113471510030297 0.4304812877720806 5 0.023310023310023312
851 0.20063143837318434 0.25214571898242644 10 0.027078256160303276
852 0.3112357008136462 0.4306355240445602 5 0.023320895522388058
852 0.20061236495418244 0.2522355883823678 10 0.027085590465872153
853 0.3112838746586139 0.4308124642785322 5 0.02333177788147457
853 0.20056694592200675 0.25231339509057554 10 0.0270929287455974
854 0.3113668081851776 0.4309956197900277 5 0.023342670401493928
854 0.20050467258579469 0.25239186709296296 10 0.02710027100271003
855 0.3114165437026222 0.43115292007067 5 0.02335357309668379
855 0.20032824120243284 0.2533458309455006 10 0.02710027100271003
856 0.311551886898385 0.43136580913311784 5 0.02336448598130841
856 0.20024967738441563 0.2534324284706816 10 0.027107617240444564
857 0.3117644388063044 0.4316159332873008 5 0.02337540906965872
857 0.2001647569915626 0.253522853981488 10 0.027114967462039046
858 0.31198268830085985 0.4318667526355554 5 0.023386342376052385
858 0.20008633514572444 0.2536111143728883 10 0.02712232167073501
859 0.3120643082908669 0.4321075918498113 5 0.02339728591483388
859 0.20003475172991472 0.25371255679530397 10 0.027129679869777535
860 0.3123083528263499 0.43238329621517196 5 0.02340823970037453
860 0.19994549070073114 0.25380970936112407 10 0.027137042062415198
861 0.3124392262200229 0.43100029906737075 5 0.02340823970037453
861 0.19984741186539715 0.25390989245620194 10 0.027144408251900107
862 0.31291418930344533 0.4313687128905735 5 0.0234192037470726
862 0.19976502921231418 0.25400473546328095 10 0.027151778441487917
863 0.3133167757821022 0.4317045613472935 5 0.023430178069353328
863 0.19968487003331023 0.2540974542429286 10 0.027159152634437803
864 0.3136343915244484 0.43200199715396764 5 0.02344116268166901
864 0.19960143823243517 0.25418877834504144 10 0.027166530834012496
865 0.31389550448100734 0.43227141265564306 5 0.02345215759849906
865 0.19950882318613955 0.25427989226862946 10 0.02717391304347826
866 0.31421559613060285 0.4325084197171069 5 0.023463162834350067
866 0.19930402427944222 0.2552256735684957 10 0.02717391304347826
867 0.31446910080047263 0.4327618915820838 5 0.023474178403755867
867 0.19921252031265496 0.25531106727071845 10 0.02718129926610492
868 0.31470948871585114 0.4330180792824819 5 0.023485204321277594
868 0.1991415581602159 0.25539516582303984 10 0.02718868950516585
869 0.3148306203902713 0.433283988977555 5 0.023496240601503758
869 0.1991050255392469 0.2554960359505374 10 0.02719608376393799
870 0.3150856368950189 0.43355770020570217 5 0.023507287259050304
870 0.19903933153441308 0.25558374164141157 10 0.02720348204570185
871 0.31542062924409875 0.43385932924011233 5 0.023518344308560674
871 0.19895998741663407 0.255672292972148 10 0.027210884353741496
872 0.3155575533387639 0.4324726975091545 5 0.023518344308560674
872 0.19887891109034533 0.25576331504742095 10 0.02721829069134458
873 0.3160576195940699 0.4328204222554123 5 0.023529411764705882
873 0.19878951358756186 0.2558443218951923 10 0.02722570106180234
874 0.3164613392581771 0.43314889470014234 5 0.023540489642184557
874 0.19871858958164926 0.25592937084572465 10 0.027233115468409584
875 0.31680482607384747 0.4334534634854375 5 0.023551577955723033
875 0.1986558062994486 0.25601305163240096 10 0.027240533914464723
876 0.317132797605327 0.4337541600511199 5 0.0235626767200754
876 0.19859766867838397 0.256096611349362 10 0.027247956403269755
877 0.3173168618354924 0.4340833091027596 5 0.02357378595002357
877 0.1985991938026182 0.2562032198818575 10 0.02725538293813028
878 0.3176043700171824 0.43438390421008827 5 0.02358490566037736
878 0.19846972586463954 0.2571620316371166 10 0.02725538293813028
879 0.3179921228254791 0.43465573027757703 5 0.023596035865974516
879 0.1983452885942148 0.2572376603519127 10 0.027262813522355506
880 0.3182975467750669 0.43494046008473025 5 0.02360717658168083
880 0.19825992428029673 0.2573239820177594 10 0.027270248159258246
881 0.31860557884871155 0.4352362782778589 5 0.02361832782239017
881 0.19818551106830312 0.25741179934342034 10 0.027277686852154936
882 0.3189141854508445 0.4355270831224451 5 0.02362948960302457
882 0.1981178883137005 0.2574955398750007 10 0.027285129604365622
883 0.3189021987641694 0.4340529137588004 5 0.02362948960302457
883 0.19807058763592839 0.25756177068260605 10 0.02729257641921397
884 0.3190503473700752 0.4342811264684573 5 0.02364066193853428
884 0.1980444055715331 0.25763703810346955 10 0.0273000273000273
885 0.3192759555130393 0.43451142086466293 5 0.023651844843897825
885 0.19800579455983208 0.2577026653364575 10 0.027307482250136534
886 0.31952010900117317 0.4347440263090011 5 0.0236630383341221
886 0.19797019162211643 0.25776535097575437 10 0.027314941272876262
887 0.3195985810686198 0.4349854988464993 5 0.023674242424242424
887 0.1979577290677263 0.2578554029720448 10 0.0273224043715847
888 0.31981256838232736 0.43522285062163535 5 0.023685457129322594
888 0.1979209964557495 0.25792558568876095 10 0.027329871549603715
889 0.32005965073074366 0.4354614414639901 5 0.023696682464454975
889 0.19787300831161053 0.2579926673485561 10 0.02733734281027884
890 0.3202686083894065 0.43568178947518055 5 0.02370791844476055
890 0.19780245875791108 0.25806367075638165 10 0.027344818156959255
891 0.320600545039758 0.43585823615799174 5 0.02371916508538899
891 0.19759438503251484 0.2589794148981517 10 0.027344818156959255
892 0.32082445768013973 0.43607339924491084 5 0.023730422401518746
892 0.19752236784555796 0.25904573300738376 10 0.02735229759299781
893 0.32100844810191126 0.4362855558949617 5 0.023741690408357073
893 0.1974815767567269 0.25911058053841346 10 0.027359781121751026
894 0.32100376610888176 0.43648492380556825 5 0.023752969121140142
894 0.19747536736205104 0.2591950133901385 10 0.02736726874657909
895 0.3211606644726609 0.4367135598167492 5 0.02376425855513308
895 0.19742679975647215 0.259273038904955 10 0.027374760470845878
896 0.3213980761837795 0.43699233785813646 5 0.02377555872563005
896 0.1973447067998386 0.2593657042435963 10 0.027382256297918944
897 0.3213133037853021 0.43555350400193393 5 0.02377555872563005
897 0.19726259531226295 0.2594582286336972 10 0.02738975623116954
898 0.32157761201798085 0.4358240517211951 5 0.023786869647954328
898 0.1971580440314245 0.25954763576101 10 0.0273972602739726
899 0.3218356074995935 0.4361091612707229 5 0.02379819133745835
899 0.19707211121989227 0.2596395244836546 10 0.027404768429706766
900 0.3221059239767987 0.4364038064216156 5 0.023809523809523808
900 0.19699111951549791 0.2597317661646677 10 0.027412280701754384
901 0.3224155119014661 0.4366952454882468 5 0.023820867079561697
901 0.19689632917403818 0.2598188776501728 10 0.027419797093501504
902 0.32267989531047675 0.4369793500261848 5 0.023832221163012392
902 0.1968196188417677 0.2599067394861701 10 0.027427317608337904
903 0.3228812681242278 0.4372338255644751 5 0.02384358607534573
903 0.19675182864543198 0.25999163857191304 10 0.027434842249657063
904 0.3229066631368295 0.4374632221687517 5 0.023854961832061067
904 0.1966773246842567 0.26095610482340104 10 0.027434842249657063
905 0.3230593113585237 0.43770524221945256 5 0.02386634844868735
905 0.1966079785625084 0.26104457305918993 10 0.0274423710208562
906 0.3232861841932341 0.4379733760463959 5 0.02387774594078319
906 0.19653329000014 0.26113176805144295 10 0.02744990392533626
907 0.3235168518960776 0.4382431972935648 5 0.023889154323936932
907 0.19645767905623074 0.2612189988670547 10 0.02745744096650192
908 0.3234322989897974 0.43677979464518424 5 0.023889154323936932
908 0.1963780989259334 0.26130870757341335 10 0.027464982147761604
909 0.3236429429438866 0.4370218815183292 5 0.02390057361376673
909 0.19626516302649807 0.261399415959975 10 0.027472527472527472
910 0.32384918736847756 0.43729595048531156 5 0.02391200382592061
910 0.1961858239678139 0.26149580332523686 10 0.02748007694421544
911 0.3240928771505035 0.43759467872848445 5 0.023923444976076555
911 0.19612130410554535 0.2615918926707345 10 0.02748763056624519
912 0.3243065667470604 0.4379077795293256 5 0.023934897079942556
912 0.19607417999168444 0.2616945604006219 10 0.02749518834204014
913 0.32458986785602484 0.4382341149760808 5 0.023946360153256702
913 0.1960060904576935 0.2617947651769701 10 0.0275027502750275
914 0.32494352234412466 0.43858928337968467 5 0.02395783421178725
914 0.19591598271630384 0.2618986320028553 10 0.027510316368638238
915 0.3255228424307442 0.4389606194406084 5 0.023969319271332692
915 0.19571160599230292 0.2628420374170694 10 0.027510316368638238
916 0.32595342242219216 0.4393444159383285 5 0.023980815347721823
916 0.19561304541513017 0.26294503082179127 10 0.0275178866263071
917 0.32638403408990135 0.43974666186572053 5 0.02399232245681382
917 0.1955336180846719 0.2630504478544729 10 0.027525461051472612
918 0.3267162897657915 0.43845965828439504 5 0.02399232245681382
918 0.19545183333764835 0.263142418813332 10 0.027533039647577088
919 0.3271451462905446 0.43884983465061644 5 0.02400384061449832
919 0.19538664274880088 0.26323977100040763 10 0.027540622418066648
920 0.3274663454882051 0.4391888846435676 5 0.024015369836695482
920 0.1953256638262503 0.263334522431479 10 0.027548209366391185
921 0.32773872022054557 0.43946794507693926 5 0.024026910139356077
921 0.195287050590272 0.26340697704995764 10 0.027555800496004406
922 0.32798479968742283 0.43973351980426106 5 0.02403846153846154
922 0.19526532151839338 0.2634746964194889 10 0.027563395810363836
923 0.3278902494045538 0.44001737485594133 5 0.02405002405002405
923 0.19542790615683567 0.263566154092649 10 0.027570995312930793
924 0.3280725157805866 0.4402886494838988 5 0.02406159769008662
924 0.1954266777837885 0.26364238419063124 10 0.027578599007170433
925 0.32834017973584023 0.4405614826644868 5 0.024073182474723155
925 0.19539944186483843 0.2637110272085844 10 0.027586206896551724
926 0.32847031694771456 0.440842088761891 5 0.024084778420038533
926 0.1954154179741537 0.26463914520196763 10 0.027586206896551724
927 0.32869803240454165 0.4411123357757961 5 0.024096385542168676
927 0.1953914855466275 0.26471303320727435 10 0.02759381898454746
928 0.32893035323839426 0.4413730034087715 5 0.024108003857280617
928 0.19533556218086626 0.2647895408912223 10 0.02760143527463428
929 0.3289554571608444 0.43988104753598495 5 0.024108003857280617
929 0.1952515397954222 0.26486039698360736 10 0.027609055770292653
930 0.32916913464734016 0.44012774083573103 5 0.024119633381572598
930 0.1951987593205339 0.26493411607087125 10 0.027616680475006903
931 0.32936899327512587 0.44037359377371804 5 0.024131274131274128
931 0.19515310159647833 0.2650079399941613 10 0.027624309392265192
932 0.3295621768347062 0.44061628820078064 5 0.024142926122646062
932 0.1950863900176674 0.2650859583651906 10 0.027631942525559543
933 0.32988900478500016 0.44074385423926704 5 0.024154589371980676
933 0.1949274772346679 0.26510762631814566 10 0.027639579878385848
934 0.3301205377280945 0.4408665798468763 5 0.02416626389560174
934 0.1948483515996165 0.26512245504779114 10 0.027647221454243844
935 0.3303701641591351 0.44101131673469257 5 0.024177949709864602
935 0.19479311193291815 0.2651369303269719 10 0.027654867256637166
936 0.3306534691019278 0.44117128301443875 5 0.024189646831156264
936 0.19472982369306477 0.2651528746699986 10 0.027662517289073305
937 0.3309935839640782 0.4413266790898325 5 0.024201355275895446
937 0.19463103097421736 0.26516513250092494 10 0.027670171555063638
938 0.33129661989795267 0.44148977775547926 5 0.024213075060532687
938 0.1945643706311475 0.2651793958694144 10 0.02767783005812344
939 0.33159556128028067 0.44165552458056884 5 0.024224806201550386
939 0.1945069088896443 0.2651931959327859 10 0.027685492801771867
940 0.3319017051604031 0.44182341003494985 5 0.024236548715462918
940 0.1944457864461473 0.26520718470536503 10 0.027693159789531983
941 0.3322159614283817 0.4419974731932378 5 0.02424830261881668
941 0.1943849268480437 0.26522184732730947 10 0.027700831024930747
942 0.33254310719337815 0.44217835386033155 5 0.024260067928190195
942 0.19432490241519523 0.2652364704697249 10 0.027708506511499028
943 0.3328691428526295 0.44236537949990273 5 0.024271844660194174
943 0.19426924400474102 0.26525235721561685 10 0.027716186252771616
944 0.33319588168297287 0.4425469070100335 5 0.02428363283147159
944 0.19421095229169208 0.2652665147766509 10 0.027723870252287217
945 0.33351472120940595 0.4427214899282916 5 0.024295432458697763
945 0.1941549626471101 0.2652787355532701 10 0.027731558513588463
946 0.33382398560003584 0.4428909266594353 5 0.024307243558580455
946 0.1940996114183789 0.26529038841839814 10 0.027739251040221916
947 0.33411264913331584 0.44305901040555834 5 0.02431906614785992
947 0.19404407905916748 0.26530500073201907 10 0.027746947835738067
948 0.3344135493322855 0.44322569159131414 5 0.024330900243309004
948 0.19398890806678756 0.26531677017581196 10 0.027754648903691368
949 0.3347219733690383 0.4433942573964404 5 0.0243427458617332
949 0.1939337811502482 0.265327773744862 10 0.027762354247640196
950 0.33503464542593353 0.4435648536279994 5 0.024354603019970774
950 0.19387919288607722 0.26533851533574604 10 0.027770063871146902
951 0.3353514118018776 0.4437381644789979 5 0.024366471734892786
951 0.19382284603743244 0.265349766747815 10 0.027777777777777776
952 0.3356648121480274 0.44391000624191407 5 0.024378352023403216
952 0.19376790642694228 0.2653605938360445 10 0.02778549597110308
953 0.33597538074513766 0.44407992361176324 5 0.024390243902439025
953 0.1937124037767172 0.26537117558175694 10 0.027793218454697052
954 0.33628182227493564 0.4442478875426102 5 0.02440214738897023
954 0.19365613212227778 0.2653817815917111 10 0.02780094523213789
955 0.33658629135809426 0.44441496263939345 5 0.0244140625
955 0.19360108360320621 0.2653919982174071 10 0.027808676307007785
956 0.33688940487202784 0.444581372242553 5 0.024425989252564728
956 0.19354738589280823 0.2654017639526146 10 0.027816411682892908
957 0.3371925716946621 0.44474887369834687 5 0.02443792766373411
957 0.19349499282557556 0.26541146584883885 10 0.027824151363383415
958 0.33750224009283636 0.44491910096753295 5 0.02444987775061125
958 0.1934393862007685 0.2654215561009941 10 0.027831895352073477
959 0.3378121816830255 0.44508927473750387 5 0.02446183953033268
959 0.19338559647151632 0.2654310343258774 10 0.027839643652561245
960 0.3381177782255614 0.4452563953726968 5 0.024473813020068524
960 0.1933347305063238 0.2654393993161577 10 0.0278473962684489
961 0.3384037423928515 0.4454184426481862 5 0.024485798237022526
961 0.1932823354753449 0.26544961176878906 10 0.027855153203342618
962 0.33870050832816323 0.44558236635601833 5 0.024497795198432138
962 0.1932275266183978 0.2654590034035261 10 0.0278629144608526
963 0.3390087480763209 0.4457514596149954 5 0.024509803921568627
963 0.19317222765768008 0.2654682063730322 10 0.027870680044593088
964 0.3393344514252094 0.445924036886998 5 0.024521824423737126
964 0.19311623126108404 0.26547559239278473 10 0.02787844995818232
965 0.3396491895526492 0.44609559580784747 5 0.02453385672227674
965 0.19306168797718462 0.2654840879472488 10 0.02788622420524261
966 0.33996035934292057 0.4462661835855288 5 0.024545900834560628
966 0.19300681721670204 0.2654927908977113 10 0.02789400278940028
967 0.34027289362521806 0.44643657322706265 5 0.02455795677799607
967 0.19295309544903771 0.26550077266726413 10 0.027901785714285712
968 0.3405879328808764 0.4466083801593473 5 0.02457002457002457
968 0.19289659287580718 0.26550927601159147 10 0.027909572983533353
969 0.34090314125557986 0.44678045915011355 5 0.024582104228121928
969 0.1928412976497015 0.26551742198736666 10 0.02791736460078168
970 0.3412197968247211 0.4469540491888397 5 0.024594195769798325
970 0.192786564003097 0.26552559212208615 10 0.027925160569673275
971 0.34154246700308694 0.4471311878044073 5 0.024606299212598423
971 0.19273387494685512 0.26553335851056314 10 0.027932960893854747
972 0.3418541900865161 0.4473146078724916 5 0.024618414574101424
972 0.19268485287647533 0.2655443562156148 10 0.027940765576976806
973 0.3421718255204741 0.44749029087235515 5 0.024630541871921183
973 0.19263426457839725 0.26555169148438856 10 0.02794857462269424
974 0.34248248396867564 0.4476605384138724 5 0.02464268112370626
974 0.19258228193555788 0.26555848656435976 10 0.027956388034665918
975 0.3427956279012575 0.44782617727370805 5 0.024654832347140037
975 0.1925326100896702 0.2655625353542066 10 0.02796420581655481
976 0.34309924239326006 0.4479931484696831 5 0.024666995559940796
976 0.19247934558687682 0.2655694176938127 10 0.027972027972027972
977 0.3434011988614311 0.44816032594544436 5 0.024679170779861793
977 0.19242557584019426 0.2655766291324336 10 0.027979854504756572
978 0.34370479824439076 0.44832750250120607 5 0.024691358024691357
978 0.19237225704679145 0.265583284215739 10 0.027987685418415897
979 0.34401389607226945 0.44849460256879337 5 0.024703557312252964
979 0.1923134028745281 0.2655899854441604 10 0.027995520716685325
980 0.34432023683356733 0.4486637079871733 5 0.024715768660405337
980 0.19225795128685388 0.26559700769887784 10 0.028003360403248388
981 0.344628855997659 0.4488344612115854 5 0.02472799208704253
981 0.19220581237337991 0.26560332938816994 10 0.028011204481792718
982 0.3449312464462596 0.4490066803712307 5 0.02474022761009401
982 0.1921581702029998 0.26561017003776516 10 0.028019052956010083
983 0.3452365777449714 0.4491758779364984 5 0.024752475247524754
983 0.19210865899205343 0.26561567972010447 10 0.02802690582959641
984 0.3455421996353118 0.4493441301978686 5 0.024764735017335313
984 0.1920572282292717 0.2656210977076786 10 0.028034763106251748
985 0.3458495300903911 0.44951349366739846 5 0.024777006937561942
985 0.19200632678801358 0.26562634386640804 10 0.028042624789680313
986 0.3461621401124991 0.44968549791346135 5 0.024789291026276646
986 0.1919571554732904 0.26563103559263346 10 0.028050490883590462
987 0.3464740125796675 0.44985668077452895 5 0.0248015873015873
987 0.1919069356446446 0.2656356578170086 10 0.028058361391694722
988 0.3467829924680451 0.4500267477072127 5 0.02481389578163772
988 0.19185580006252106 0.26564046902236427 10 0.028066236317709794
989 0.3470899611591609 0.45019602330871306 5 0.024826216484607744
989 0.1918033155736633 0.26564553391765056 10 0.028074115665356537
990 0.3474034801848392 0.4503636392261643 5 0.02483854942871336
990 0.1917496993025599 0.2656489389478848 10 0.028081999438360008
991 0.34771222858017203 0.450532557507296 5 0.024850894632206758
991 0.19169966557009663 0.26565279060517344 10 0.028089887640449437
992 0.3480236804360775 0.4507043563328791 5 0.024863252113376425
992 0.1916485535492138 0.2656572839151079 10 0.028097780275358242
993 0.34832846567771975 0.4508805122308127 5 0.024875621890547265
993 0.1916022913913889 0.2656633321366634 10 0.028105677346824058
994 0.34863127884289896 0.4510496086184427 5 0.024888003982080638
994 0.19155129999543316 0.26566815512381414 10 0.028113578858588693
995 0.34892191403887685 0.4512107377439384 5 0.0249003984063745
995 0.19149934251021997 0.26567250989158747 10 0.028121484814398197
996 0.3492053298425599 0.4513652261582964 5 0.024912805181863475
996 0.191440925569174 0.26567719478605356 10 0.02812939521800281
997 0.3494931730862691 0.4515250571841688 5 0.02492522432701894
997 0.19138622742512731 0.2656820346643144 10 0.028137310073157003
998 0.3498233710390986 0.45170871129368867 5 0.02493765586034913
998 0.1913267646641531 0.26568822898934885 10 0.028145229383619477
999 0.3502366237719784 0.45193665223811685 5 0.0249500998003992
999 0.19126271301146375 0.265695326597161 10 0.02815315315315315
1000 0.35082790019121035 0.45221133134881325 5 0.02496255616575137
1000 0.19118578143296874 0.2656883028975104 10 0.028161081385525203
1001 0.3512730304388557 0.4524464849486575 5 0.024975024975024972
1001 0.19112968835136995 0.26568972704265714 10 0.028169014084507043
1002 0.35176692980023805 0.45271694271888085 5 0.02498750624687656
1002 0.19105702811038222 0.26569746179416226 10 0.028176951253874327
1003 0.35255357958795364 0.4531379318249572 5 0.025
1003 0.19098803088505786 0.26570148841014746 10 0.02818489289740699
1004 0.3538135513618371 0.4537557698719346 5 0.02501250625312656
1004 0.1909918838684032 0.26566798825212007 10 0.0281928390188892
1005 0.3548501983659033 0.45427151120707043 5 0.025025025025025023
1005 0.19096092328536085 0.26564593641287665 10 0.028200789622109416
1006 0.355852786711228 0.4547592316378011 5 0.02503755633450175
1006 0.19094499341814003 0.26561303070212455 10 0.028208744710860368
1007 0.3570762424574384 0.4553819863799468 5 0.0250501002004008
1007 0.19098423423981728 0.26557131438950077 10 0.02821670428893905
1008 0.35790304227512915 0.4557856479731924 5 0.02506265664160401
1008 0.19098998088905256 0.2655343902817183 10 0.028224668360146768
1009 0.35847756193300934 0.4560596432886834 5 0.025075225677031094
1009 0.190957416201191 0.2655078969260681 10 0.0282326369282891
1010 0.3592581543630247 0.4564412873882707 5 0.025087807325639738
1010 0.19090879609268915 0.2654826666131135 10 0.02824060999717594
1011 0.36063018092567595 0.4570855187273898 5 0.0251004016064257
1011 0.1909354214670762 0.26541728969510786 10 0.02824858757062147
1012 0.36170891199821614 0.4575899864093942 5 0.0251130085384229
1012 0.19095165259139166 0.26536181619572835 10 0.02825656965244419
1013 0.36259670649471054 0.45800846555067354 5 0.02512562814070352
1013 0.19096386104507826 0.26531418009387386 10 0.02826455624646693
1014 0.36359906639536993 0.45847678202230213 5 0.02513826043237808
1014 0.1910026439495017 0.2652553147635909 10 0.028272547356516818
1015 0.3643373331914552 0.4588084129573593 5 0.02515090543259557
1015 0.19102482122947234 0.26520361000318105 10 0.028280542986425336
1016 0.3648068544003986 0.45900686416171615 5 0.02516356316054353
1016 0.19102691323074586 0.2651626928890739 10 0.028288543140028287
1017 0.36519124202103564 0.45915929320743143 5 0.025176233635448134
1017 0.1910166695161663 0.26512463892868854 10 0.028296547821165814
1018 0.36572204406574327 0.45917674274569364 5 0.02518891687657431
1018 0.19114367950104205 0.264959857041784 10 0.028304557033682422
1019 0.3661244740629354 0.4591438125110482 5 0.025201612903225805
1019 0.19120938463916817 0.2656509671501652 10 0.028304557033682422
1020 0.36636214023037683 0.45903016543327296 5 0.025214321734745335
1020 0.19133510592822664 0.26549910689771966 10 0.02831257078142695
1021 0.3660900983968594 0.4571019189979356 5 0.025214321734745335
1021 0.19144792982499514 0.26535501486988256 10 0.02832058906825262
1022 0.36629721765563195 0.45697847464317976 5 0.02522704339051463
1022 0.19155067300973427 0.26521055324009873 10 0.028328611898016998
1023 0.36649967867957356 0.4568519910725309 5 0.025239777889954566
1023 0.19165998866091744 0.2650638002766308 10 0.02833663927458203
1024 0.3665078569364827 0.4566230139641143 5 0.025252525252525252
1024 0.191762926903673 0.26492049719200905 10 0.028344671201814057
1025 0.36627248366687143 0.4562751251690644 5 0.025265285497726123
1025 0.19179965206734234 0.2647983258748699 10 0.028352707683583778
1026 0.36624742342691835 0.4560473538835331 5 0.025278058645096056
1026 0.19186617419181423 0.26466950581683246 10 0.028360748723766305
1027 0.36641300563084966 0.45592105550865075 5 0.025290844714213452
1027 0.1919564033601942 0.26453259752118796 10 0.028368794326241134
1028 0.36660542739862134 0.4558046353990738 5 0.025303643724696352
1028 0.19206912577537402 0.26524269345815993 10 0.028368794326241134
1029 0.3664058969757429 0.4538672020796918 5 0.025303643724696352
1029 0.19211096840127442 0.26511382937681016 10 0.028376844494892164
1030 0.36646935354661325 0.4536261634903682 5 0.02531645569620253
1030 0.19195933538940793 0.2649972501376513 10 0.028384899233607718
1031 0.3665696883943511 0.4534002987333142 5 0.025329280648429583
1031 0.19181506565462103 0.2648769069547326 10 0.02839295854628052
1032 0.366693793994339 0.45315790510078313 5 0.02534211860111505
1032 0.19165131314577716 0.264749832964016 10 0.028401022436807723
1033 0.36679428869584363 0.4529260979951002 5 0.025354969574036507
1033 0.19151539816014723 0.26462521627671365 10 0.028409090909090908
1034 0.36686813835738163 0.45268464678223735 5 0.025367833587011668
1034 0.19134617567199236 0.2653476120909709 10 0.028409090909090908
1035 0.3666319558448022 0.45067603702614784 5 0.025367833587011668
1035 0.1912356550359363 0.2652265401120588 10 0.028417163967036085
1036 0.3667239374560481 0.45044818261799746 5 0.025380710659898477
1036 0.19112228509573198 0.26509819975502175 10 0.028425241614553724
1037 0.3668639660744556 0.45024118932866414 5 0.025393600812595226
1037 0.19100997905039413 0.26496692336088423 10 0.02843332385555871
1038 0.36696764072255406 0.4500140469810806 5 0.02540650406504065
1038 0.19089472605114388 0.26483654943705337 10 0.02844141069397042
1039 0.3670035858519382 0.4497472305834262 5 0.02541942043721403
1039 0.1906699148091087 0.26555974789919984 10 0.02844141069397042
1040 0.3667155704356372 0.44777158598973044 5 0.02541942043721403
1040 0.19054079758305337 0.26543239845569905 10 0.02844950213371266
1041 0.3668316905890844 0.4475439860244615 5 0.025432349949135298
1041 0.19042400216553604 0.2652995198110232 10 0.028457598178713715
1042 0.3669197177670569 0.4472571585700142 5 0.02544529262086514
1042 0.1903338891305759 0.26514142560285514 10 0.028465698832906346
1043 0.36697056709968584 0.4469292854370477 5 0.02545824847250509
1043 0.19022757001341573 0.26498022251313785 10 0.028473804100227786
1044 0.36703301758320966 0.4466231848329182 5 0.025471217524197655
1044 0.1900315901793179 0.26567269592215303 10 0.028473804100227786
1045 0.36687822254595287 0.4445939370359696 5 0.025471217524197655
1045 0.1899393764261728 0.26551397325855663 10 0.028481913984619765
1046 0.36692410262577724 0.4442716471632827 5 0.0254841997961264
1046 0.18984335164940255 0.2653537828768702 10 0.02849002849002849
1047 0.36699870874703283 0.44397423745856096 5 0.02549719530851606
1047 0.18974042019737022 0.26519780591018083 10 0.02849814762040467
1048 0.3671047501543505 0.4436947801835439 5 0.025510204081632654
1048 0.18964046094951678 0.26504093387199246 10 0.028506271379703532
1049 0.36699417748426977 0.4416894001768731 5 0.025510204081632654
1049 0.18949190783765163 0.2657341706749255 10 0.028506271379703532
1050 0.36709771364957355 0.4413983506817053 5 0.02552322613578356
1050 0.1893859981697386 0.2655745717597765 10 0.0285143997718848
1051 0.36719633608397173 0.44111491654723867 5 0.025536261491317668
1051 0.18928031437478723 0.26541828975607856 10 0.028522532800912718
1052 0.36728743235985367 0.44083038622407794 5 0.025549310168625446
1052 0.18918191659775727 0.2652614099346569 10 0.028530670470756064
1053 0.3673237549025797 0.4405440132497194 5 0.025562372188139056
1053 0.1890081666107779 0.2659650104047747 10 0.028530670470756064
1054 0.36722377657161687 0.43855276351489775 5 0.025562372188139056
1054 0.18892076994768792 0.26580305919591846 10 0.028538812785388126
1055 0.3673756405159184 0.4382955594371093 5 0.02557544757033248
1055 0.1888370572148669 0.2656383979175649 10 0.02854695974878675
1056 0.3675112011257039 0.4380305592054429 5 0.025588536335721595
1056 0.18876573559581653 0.2654719643527651 10 0.02855511136493432
1057 0.3674702918464713 0.4377567867231978 5 0.02560163850486431
1057 0.18873197832766808 0.2653292903970846 10 0.028563267637817764
1058 0.3676043989122243 0.4375068686432829 5 0.025614754098360653
1058 0.18854541758054835 0.26602628020276325 10 0.028563267637817764
1059 0.3673757405144652 0.43556662389289624 5 0.025614754098360653
1059 0.18845463120285938 0.26586376157306224 10 0.02857142857142857
1060 0.36766463384389275 0.43537548279265836 5 0.025627883136852894
1060 0.18838834658381762 0.26569192976254413 10 0.028579594169762787
1061 0.36791477588896393 0.4351684083293875 5 0.02564102564102564
1061 0.18830594176457635 0.2655258927221659 10 0.02858776443682104
1062 0.3681509927711698 0.43495525015229514 5 0.02565418163160595
1062 0.18821447388277512 0.26536261676616657 10 0.02859593937660852
1063 0.36813265466727413 0.43303922722385924 5 0.02565418163160595
1063 0.1880200985616679 0.26605344075762566 10 0.02859593937660852
1064 0.3684708973287001 0.4328729691189633 5 0.02566735112936345
1064 0.1879432989118728 0.2658817859888699 10 0.02860411899313501
1065 0.3687678290223475 0.4326875739634278 5 0.025680534155110422
1065 0.1878622825294981 0.2657128002180243 10 0.02861230329041488
1066 0.3690337097824053 0.43253253451372986 5 0.02569373072970195
1066 0.1877998702363264 0.26556327030613597 10 0.028620492272467084
1067 0.3693039766138663 0.4323872833945064 5 0.02570694087403599
1067 0.1877409939978389 0.26541626682308106 10 0.0286286859433152
1068 0.3692655387456682 0.43054288735446267 5 0.02570694087403599
1068 0.1876109645890567 0.2661250005075798 10 0.0286286859433152
1069 0.3695646345390326 0.4304145355577152 5 0.0257201646090535
1069 0.1875523202259921 0.2659772459861399 10 0.028636884306987395
1070 0.3699130442010408 0.4303033345546764 5 0.025733401955738547
1070 0.18748035711927413 0.26582791526902366 10 0.02864508736751647
1071 0.3704563569167013 0.4302267367805467 5 0.025746652935118432
1071 0.18741268544922576 0.26565058053360774 10 0.02865329512893983
1072 0.3708422916089098 0.43012504968023657 5 0.02575991756826378
1072 0.18735991524069692 0.26549200714142707 10 0.02866150759529951
1073 0.371141740576039 0.42998842716283614 5 0.02577319587628866
1073 0.18721308888570526 0.2662004058757339 10 0.02866150759529951
1074 0.3709419058115534 0.4281218023868057 5 0.02577319587628866
1074 0.18715732703121182 0.2660471077795309 10 0.0286697247706422
1075 0.3712978187360525 0.42796003324175896 5 0.025786487880350695
1075 0.18709416519576685 0.26587638836158806 10 0.02867794665901921
1076 0.3715588162515059 0.4277947655472832 5 0.025799793601651185
1076 0.18704438229364323 0.2657197965710504 10 0.028686173264486515
1077 0.37177791756746204 0.4276157129544204 5 0.025813113061435206
1077 0.187001184156785 0.26556536149512444 10 0.028694404591104734
1078 0.37196481940366966 0.42746669787194563 5 0.025826446280991733
1078 0.1869569372581093 0.26543575735537533 10 0.028702640642939148
1079 0.37192925506067614 0.4256215479698132 5 0.025826446280991733
1079 0.1867811009378902 0.26616937782628947 10 0.028702640642939148
1080 0.3720744520500673 0.4254749325776081 5 0.025839793281653745
1080 0.18671932088363524 0.26605795937701404 10 0.02871088142405972
1081 0.37218343172439133 0.4253186175137326 5 0.025853154084798345
1081 0.1866601202779518 0.2659504654598015 10 0.028719126938541065
1082 0.372307776905293 0.4251425721004874 5 0.02586652871184687
1082 0.18658309666475456 0.26583821788332507 10 0.02872737719046251
1083 0.3723910843467366 0.42497078067136335 5 0.02587991718426501
1083 0.1865224690402713 0.2657318960462717 10 0.028735632183908046
1084 0.3724432671481864 0.42478657021042265 5 0.025893319523562917
1084 0.18648045989681428 0.26562386503367286 10 0.028743891922966367
1085 0.3723663249913879 0.42457288986489583 5 0.025906735751295335
1085 0.18646047279634564 0.26552676346449555 10 0.02875215641173088
1086 0.3724257647705177 0.424394061206372 5 0.02592016588906169
1086 0.18642836273818209 0.26541694072877015 10 0.02876042565429968
1087 0.37233798405309104 0.42255882747596923 5 0.02592016588906169
1087 0.1863430848631362 0.2661586256409632 10 0.02876042565429968
1088 0.3725071565579482 0.42242646569980147 5 0.025933609958506222
1088 0.18633030906118234 0.2660379802027502 10 0.028768699654775604
1089 0.37257175411918403 0.42229274435046166 5 0.025947067981318107
1089 0.186343186026504 0.2659308999843796 10 0.02877697841726619
1090 0.37273518056633936 0.42222003918675977 5 0.025960539979231565
1090 0.18630376717068406 0.26584332606093053 10 0.028785261945883704
1091 0.37296228875496257 0.4221906569676186 5 0.025974025974025976
1091 0.18623757055523094 0.2657655272194945 10 0.028793550244745177
1092 0.3732618765548851 0.42219319843251507 5 0.025987525987525985
1092 0.18615274837053397 0.2656873994711219 10 0.028801843317972347
1093 0.37384772590704773 0.4222337208562192 5 0.026001040041601663
1093 0.18603972624801107 0.26557216923913074 10 0.02881014116969173
1094 0.37419351509646775 0.4222437571829614 5 0.026014568158168574
1094 0.18593531784680756 0.2654924355199848 10 0.02881844380403458
1095 0.3745743662968483 0.42222198779591336 5 0.02602811035918792
1095 0.1858113793719354 0.26540169091623134 10 0.028826751225136924
1096 0.3744934288405637 0.4204873051551271 5 0.02602811035918792
1096 0.18571180272035204 0.26533095455643274 10 0.02883506343713956
1097 0.37465282438032566 0.4204240032756246 5 0.026041666666666668
1097 0.18555763380780574 0.2661198617398654 10 0.02883506343713956
1098 0.37477937126021577 0.42034465396047604 5 0.026055237102657634
1098 0.18546778201298159 0.2660541635744401 10 0.028843380444188056
1099 0.3748479790868923 0.4202468983778858 5 0.026068821689259645
1099 0.18540802773727277 0.2659874266747026 10 0.028851702250432775
1100 0.3749646008900686 0.42016203445906086 5 0.026082420448617628
1100 0.18532425716750603 0.26592057660740404 10 0.02886002886002886
1101 0.3751271241313582 0.4200962947046401 5 0.026096033402922752
1101 0.1852326318525936 0.2658524638281047 10 0.028868360277136258
1102 0.3753280087972799 0.42004542891756547 5 0.02610966057441253
1102 0.18516284497809285 0.2657767107868909 10 0.028876696505919723
1103 0.37560567862717587 0.42000745766479686 5 0.02612330198537095
1103 0.18512706340194288 0.2656828302263069 10 0.02888503755054881
1104 0.3758112649919692 0.41995334518447214 5 0.026136957658128592
1104 0.18508004963006355 0.26560042931902084 10 0.02889338341519792
1105 0.37597675097413596 0.4198822398996341 5 0.02615062761506276
1105 0.1850293569744965 0.26552161710248084 10 0.028901734104046242
1106 0.3761225064329255 0.4198012692431278 5 0.02616431187859759
1106 0.18497776811309746 0.2654438272451918 10 0.028910089621277824
1107 0.37575491514933507 0.41802596113366103 5 0.02616431187859759
1107 0.18494934732188412 0.26535706240420803 10 0.028918449971081547
1108 0.3758919149139398 0.417940205555922 5 0.02617801047120419
1108 0.18483802395431032 0.26613233145536885 10 0.028918449971081547
1109 0.3759852085874849 0.41783518286885535 5 0.02619172341540073
1109 0.18480425276261891 0.26605374502873425 10 0.02892681515765114
1110 0.37593003748326864 0.4177000613541931 5 0.02620545073375262
1110 0.18481679283139957 0.2659841163968991 10 0.028935185185185182
1111 0.3759735292777937 0.41757611575346043 5 0.026219192448872573
1111 0.18479398369237285 0.26590625060518375 10 0.02894356005788712
1112 0.37600770568097897 0.4174490622560329 5 0.026232948583420772
1112 0.18477683805473738 0.2658270279022163 10 0.028951939779965255
1113 0.37551991567464876 0.4172984410021627 5 0.026246719160104987
1113 0.18492041307765705 0.26580294081410266 10 0.028960324355632783
1114 0.37552368757528976 0.4171976242314012 5 0.026260504201680673
1114 0.18489919062439028 0.26573830662508247 10 0.02896871378910776
1115 0.3757178103560257 0.4171353317722752 5 0.02627430373095113
1115 0.1848300554452533 0.2656612280820875 10 0.028977108084613155
1116 0.37586538287804033 0.4170520336556781 5 0.02628811777076761
1116 0.18476128517130713 0.2655876859130935 10 0.028985507246376812
1117 0.37598452821883493 0.4169290683404694 5 0.026301946344029454
1117 0.1846729654104389 0.2655124611603533 10 0.028993911278631483
1118 0.37570342489882996 0.4151467699101885 5 0.026301946344029454
1118 0.18457936545420783 0.2654441731834852 10 0.029002320185614848
1119 0.3759537211068425 0.4150767567258776 5 0.02631578947368421
1119 0.18444893839558457 0.2662190986922737 10 0.029002320185614848
1120 0.37665725950745016 0.4150306268515737 5 0.02632964718272775
1120 0.18423919263391206 0.26607972027231197 10 0.029010733971569478
1121 0.3769263807355903 0.4149723797932824 5 0.026343519494204423
1121 0.18411529780644334 0.26599978385844303 10 0.02901915264074289
1122 0.3770824927901092 0.4149069986042602 5 0.026357406431207167
1122 0.1840525423084317 0.26592706073090777 10 0.02902757619738752
1123 0.3772203813567915 0.41482341087524965 5 0.026371308016877634
1123 0.18398054509320197 0.2658555482296928 10 0.02903600464576074
1124 0.37742246565345283 0.4147082654802473 5 0.026385224274406333
1124 0.18382089654418182 0.26578255410557566 10 0.02904443799012489
1125 0.37756102947757736 0.41462227074362507 5 0.026399155227032733
1125 0.18372501465185995 0.26571600263397127 10 0.029052876234747237
1126 0.3777237587769089 0.4146417200439586 5 0.026413100898045428
1126 0.18364875045708415 0.26568655686441145 10 0.02906131938390003
1127 0.377915103200879 0.41472221937050957 5 0.02642706131078224
1127 0.18356870884748247 0.26567938738461044 10 0.029069767441860465
1128 0.3781026144251961 0.4148034519710239 5 0.026441036488630353
1128 0.18349942966810628 0.2656707145002179 10 0.02907822041291073
1129 0.3781974011237762 0.4148876506180571 5 0.026455026455026454
1129 0.18347773242042942 0.265669345233123 10 0.029086678301337987
1130 0.3783920989226273 0.4149804511205956 5 0.026469031233456855
1130 0.1834263947815489 0.2656580632768616 10 0.029095141111434387
1131 0.378550353811825 0.4150833112759333 5 0.026483050847457626
1131 0.18339930236625412 0.2656507952007008 10 0.02910360884749709
1132 0.37876107808834386 0.41517798263474887 5 0.02649708532061473
1132 0.18334509778786506 0.26563740047051576 10 0.02911208151382824
1133 0.37898870102321913 0.4152731147372594 5 0.026511134676564154
1133 0.1832772546604724 0.265623895074882 10 0.029120559114735
1134 0.3792217081878171 0.4153709585461797 5 0.026525198938992044
1134 0.18320680310348572 0.2656106729949569 10 0.029129041654529564
1135 0.3794994684488621 0.4154788764788022 5 0.026539278131634817
1135 0.1831292769745572 0.26559332853389583 10 0.029137529137529133
1136 0.3797543554394326 0.4155872887886852 5 0.02655337227827934
1136 0.1830571979815006 0.26557918641505346 10 0.029146021568055958
1137 0.380031011989159 0.4157099261622793 5 0.026567481402763014
1137 0.1829860299949864 0.2655645568833802 10 0.029154518950437316
1138 0.3804017468330895 0.41587920192341904 5 0.026581605528973946
1138 0.1829301756236817 0.26554473731899425 10 0.02916302128900554
1139 0.38068274062655894 0.41603257459102183 5 0.026595744680851064
1139 0.1828966401985586 0.26553600778306696 10 0.029171528588098017
1140 0.3808896391523204 0.4161507278254885 5 0.026609898882384245
1140 0.1828640402269986 0.26553117344802296 10 0.02918004085205719
1141 0.3813035960596791 0.41637748987718826 5 0.02662406815761448
1141 0.18280168876534333 0.2655230071401255 10 0.029188558085230586
1142 0.38224518096175353 0.41688790492871297 5 0.02663825253063399
1142 0.1827473481442846 0.2654903485764909 10 0.029197080291970802
1143 0.38392633744746907 0.41781947856208124 5 0.02665245202558635
1143 0.18274934951411287 0.2654174673000945 10 0.02920560747663551
1144 0.3859109323409952 0.41887058657942944 5 0.02666666666666667
1144 0.18272516935656796 0.2653220874308935 10 0.029214139643587496
1145 0.3882241535232164 0.41999592908482947 5 0.026680896478121663
1145 0.1827339660326788 0.26517209227070665 10 0.02922267679719462
1146 0.38957844628188887 0.42069039900232585 5 0.026695141484249865
1146 0.18274120393014093 0.26508917986908054 10 0.02923121894182987
1147 0.39041216593404504 0.4211310198484274 5 0.026709401709401708
1147 0.18270935915474276 0.26504243613127965 10 0.029239766081871343
1148 0.3912958900568016 0.4215987998305669 5 0.026723677177979688
1148 0.18262521390208736 0.2649996140847689 10 0.02924831822170225
1149 0.3927574859727151 0.4223217040222137 5 0.026737967914438502
1149 0.1825405258783635 0.2649074641274069 10 0.029256875365710942
1150 0.3941001707300159 0.4229924469594515 5 0.02675227394328518
1150 0.18272337596713356 0.2647639471738751 10 0.029265437518290895
1151 0.39561382501974146 0.4237435051695727 5 0.026766595289079226
1151 0.18309166290411158 0.26456526827129945 10 0.029274004683840747
1152 0.3975136844439243 0.4247306091856773 5 0.026780931976432776
1152 0.18353222406686953 0.26433586991306746 10 0.029282576866764276
1153 0.39904526443312327 0.42548294339080595 5 0.026795284030010715
1153 0.18394384536119152 0.2641230843819743 10 0.029291154071470413
1154 0.4002705032583055 0.42606847983838536 5 0.02680965147453083
1154 0.18433852396472064 0.2639250087278372 10 0.02929973630237328
1155 0.40193020086907405 0.4268794374591483 5 0.02682403433476395
1155 0.18473356988521142 0.2636921278272488 10 0.029308323563892142
1156 0.40428310455849237 0.42805699751442833 5 0.026838432635534083
1156 0.18515393684729664 0.26339962893073654 10 0.02931691586045148
1157 0.4064756309907464 0.4291293716485668 5 0.026852846401718578
1157 0.18563931745016213 0.2630892546238598 10 0.02932551319648094
1158 0.40841212750729056 0.4300748386148513 5 0.02686727565824825
1158 0.18609128274480852 0.2627969757778917 10 0.029334115576415368
1159 0.410652770236405 0.43114020392825025 5 0.026881720430107527
1159 0.1864497681532874 0.2624863577562164 10 0.029342723004694836
1160 0.4123531474503174 0.4319516935478382 5 0.02689618074233459
1160 0.1869330092536075 0.26219876692814903 10 0.029351335485764598
1161 0.41357207478958324 0.4325361760405636 5 0.026910656620021525
1161 0.18739029635320975 0.2619503151838322 10 0.02935995302407516
1162 0.414410958594702 0.43141293386293106 5 0.026910656620021525
1162 0.1882396888908599 0.2615825455597249 10 0.02936857562408223
1163 0.4166806748891484 0.4322846380074054 5 0.026925148088314484
1163 0.18965257172227218 0.2609156186277737 10 0.029377203290246765
1164 0.4182695898701424 0.432912674964481 5 0.02693965517241379
1164 0.19108808112253897 0.26033707042679377 10 0.029385836027034967
1165 0.4197025435825359 0.43346996261703274 5 0.026954177897574125
1165 0.19253308050353388 0.2597729380891242 10 0.02939447383891828
1166 0.42185618890812976 0.43431982175494427 5 0.026968716289104636
1166 0.19399186854536246 0.2591224530771757 10 0.029403116730373418
1167 0.4252526419955493 0.4355900931724183 5 0.02698327037236913
1167 0.19573060958604588 0.2581970661928796 10 0.029411764705882353
1168 0.42823535115054073 0.43676439927437594 5 0.026997840172786173
1168 0.1973644128185729 0.25736597000286265 10 0.02942041776993233
1169 0.4306696947908173 0.43766523212513164 5 0.027012425715829277
1169 0.19896822375858375 0.2565761144297526 10 0.02942907592701589
1170 0.43302310456776816 0.43843415273163144 5 0.02702702702702703
1170 0.20055615315359748 0.2557497047566665 10 0.029437739181630847
1171 0.4347136045153473 0.43891336592996255 5 0.02704164413196322
1171 0.2021195750637645 0.255011316646408 10 0.029446407538280327
1172 0.4361880159450813 0.43928694705655 5 0.027056277056277056
1172 0.2036677403531541 0.25429622805419794 10 0.029455081001472753
1173 0.4382734285195231 0.4399077235336584 5 0.027070925825663235
1173 0.20523706122217847 0.2534942338133422 10 0.029463759575721858
1174 0.44126552247553547 0.4407801789151235 5 0.027085590465872153
1174 0.20707462955536649 0.2524247778252687 10 0.029472443265546714
1175 0.44358487301374494 0.4411991318937781 5 0.02710027100271003
1175 0.2095024428483651 0.2512299482393938 10 0.029481132075471695
1176 0.4452440686145517 0.44127564798241714 5 0.027114967462039046
1176 0.21192338594599666 0.25007554327219633 10 0.02948982601002654
1177 0.44687507083340006 0.4412920662617264 5 0.027129679869777535
1177 0.21429012942252842 0.24889645453723896 10 0.029498525073746312
1178 0.4491693639784125 0.4415415724669708 5 0.027144408251900107
1178 0.2164632240239109 0.24760791218858186 10 0.029507229271171435
1179 0.4513194152052239 0.4416933046953001 5 0.027159152634437803
1179 0.218881941713629 0.2462764803261311 10 0.029515938606847696
1180 0.45385648868191064 0.44196158092444343 5 0.02717391304347826
1180 0.22138305311113102 0.2448732858974111 10 0.029524653085326244
1181 0.4570702386972254 0.4425339253611348 5 0.02718868950516585
1181 0.2235631292613302 0.24347074423864398 10 0.029533372711163613
1182 0.459478793509572 0.4426068330717922 5 0.02720348204570185
1182 0.226011116371426 0.242049894071031 10 0.029542097488921712
1183 0.46131840343981 0.442353626976549 5 0.02721829069134458
1183 0.2284982301423454 0.24064072959287736 10 0.029550827423167846
1184 0.46333647314258297 0.44213727521535506 5 0.027233115468409584
1184 0.23093762018788538 0.23918630378877714 10 0.029559562518474726
1185 0.4662037542575822 0.4422542762527219 5 0.027247956403269755
1185 0.23323635956198524 0.23759363526119232 10 0.029568302779420456
1186 0.4689341178596849 0.4422411433466791 5 0.027262813522355506
1186 0.2357423439680925 0.2359746135698635 10 0.029577048210588583
1187 0.4719932777055315 0.4423227065032653 5 0.027277686852154936
1187 0.2383363461785064 0.23431763957227503 10 0.029585798816568046
1188 0.4752136111044514 0.4426894307786718 5 0.02729257641921397
1188 0.2405170475165684 0.2328829655813253 10 0.02959455460195324
1189 0.47786606456995484 0.44243919665486464 5 0.027307482250136534
1189 0.2431334702539087 0.23123664943391145 10 0.02960331557134399
1190 0.4795739869314078 0.4416881976318859 5 0.0273224043715847
1190 0.24569275736584673 0.22961247636722 10 0.02961208172934557
1191 0.481070732828634 0.44081580531344455 5 0.02733734281027884
1191 0.24815391756562347 0.22797335416185954 10 0.029620853080568717
1192 0.48266652199386606 0.44019938908402045 5 0.02735229759299781
1192 0.2502898186774082 0.22647763457210682 10 0.02962962962962963
1193 0.48428292411351637 0.43932730596951863 5 0.02736726874657909
1193 0.25269044907494076 0.2248239487731351 10 0.029638411381149966
1194 0.4859355914729154 0.4383618513748191 5 0.027382256297918944
1194 0.2551828115193985 0.22310793454719885 10 0.029647198339756892
1195 0.48788765998375927 0.43748096421526894 5 0.0273972602739726
1195 0.2577016210680614 0.22135226657677176 10 0.02965599051008303
1196 0.49004413697787835 0.43701978506465283 5 0.027412280701754384
1196 0.2598114385159556 0.21983736522201722 10 0.029664787896766538
1197 0.4923892347722415 0.43622724478367036 5 0.027427317608337904
1197 0.262380233944848 0.21801165779471 10 0.02967359050445104
1198 0.49493909556964555 0.43540225975162156 5 0.0274423710208562
1198 0.2650527307955908 0.21613770161201912 10 0.02968239833778569
1199 0.4976780149586757 0.4349007807608243 5 0.02745744096650192
1199 0.2674310833057859 0.2145449603519733 10 0.029691211401425176
1200 0.5000669449031625 0.43389469398011427 5 0.027472527472527472
1200 0.2700455796395389 0.2127239301350195 10 0.029700029700029697
1201 0.5020272003496776 0.43259455656325985 5 0.02748763056624519
1201 0.272646191063025 0.2108402971628252 10 0.029708853238265002
1202 0.5039773527193337 0.43130330764340385 5 0.0275027502750275
1202 0.2751616422304507 0.2089653915248527 10 0.029717682020802376
1203 0.5060050322808665 0.4302355502911161 5 0.0275178866263071
1203 0.2774943046671327 0.20726250205375277 10 0.029726516052318665
1204 0.5084155589345938 0.42893499644156624 5 0.027533039647577088
1204 0.28017636336082613 0.2052699766946542 10 0.029735355337496282
1205 0.5112725063020684 0.42759219610606164 5 0.027548209366391185
1205 0.2830659799364752 0.2032077764513501 10 0.029744199881023198
1206 0.5147194893702433 0.4264266841707963 5 0.027563395810363836
1206 0.2860018733449132 0.2012288048019611 10 0.029753049687592976
1207 0.5175034204612543 0.42480231305130456 5 0.027578599007170433
1207 0.28896951339752863 0.19918457385684693 10 0.02976190476190476
1208 0.5197620953341224 0.42297963458725885 5 0.02759381898454746
1208 0.29180106292406105 0.19716335041674235 10 0.02977076510866329
1209 0.5222479264362253 0.4212204769727503 5 0.027609055770292653
1209 0.294624703498242 0.19518757832453879 10 0.029779630732578916
1210 0.5255388426200491 0.41954260567134194 5 0.027624309392265192
1210 0.2976990065820095 0.1931929248698761 10 0.029788501638367586
1211 0.5282389334407205 0.41809397492371775 5 0.027639579878385848
1211 0.3002386609259492 0.1915886501352579 10 0.02979737783075089
1212 0.5306176201034372 0.41655039137766714 5 0.027654867256637166
1212 0.3026679623188357 0.19006792459434224 10 0.029806259314456036
1213 0.5330672309626786 0.41512922572846145 5 0.027670171555063638
1213 0.3049747479667132 0.18872951904108276 10 0.029815146094215858
1214 0.5350279489246987 0.4134255709426739 5 0.027685492801771867
1214 0.3072716445056351 0.18730140300378711 10 0.029824038174768863
1215 0.5365753101871321 0.4116178392692006 5 0.027700831024930747
1215 0.30944325991936206 0.18585466450608862 10 0.029832935560859183
1216 0.5381646158208084 0.4098610173103075 5 0.027716186252771616
1216 0.3115575429341184 0.18447717880291026 10 0.029841838257236644
1217 0.5401364162516444 0.40823731260536167 5 0.027731558513588463
1217 0.31371280623894615 0.18333932715846515 10 0.029850746268656716
1218 0.5418348202237339 0.4062998572793871 5 0.027746947835738067
1218 0.31236289209559853 0.18198294056658004 10 0.02985965959988056
1219 0.5431646597365889 0.4042771536491589 5 0.027762354247640196
1219 0.3102308787841764 0.18056089369137604 10 0.02986857825567503
1220 0.5444614715804004 0.4023030328474156 5 0.027777777777777776
1220 0.3081784578956267 0.17918834341615636 10 0.029877502240812665
1221 0.5459893374560104 0.40037522031343087 5 0.027793218454697052
1221 0.3060790962158406 0.17801835216473536 10 0.029886431560071727
1222 0.5474737566903733 0.398295279853539 5 0.027808676307007785
1222 0.3039546213193588 0.1775405957720885 10 0.029886431560071727
1223 0.5484304306098505 0.39737547506488624 5 0.027824151363383415
1223 0.3028858451254158 0.1769849161367827 10 0.029895366218236172
1224 0.5493554007556408 0.39674657646704625 5 0.027839643652561245
1224 0.3020503088918088 0.17667288934648512 10 0.02990430622009569
1225 0.5501192353942904 0.39598663521984206 5 0.027855153203342618
1225 0.3011846311089827 0.17622667713175927 10 0.029913251570445706
1226 0.550780488333904 0.395240455018054 5 0.027870680044593088
1226 0.30037111118363474 0.1757602120291194 10 0.02992220227408737
1227 0.5516309352765283 0.3945489634242546 5 0.02788622420524261
1227 0.29953179200725083 0.17540527589341134 10 0.029931158335827594
1228 0.552754808472311 0.3939160501772977 5 0.027901785714285712
1228 0.29862337820581414 0.17531847634561595 10 0.029940119760479042
1229 0.5538793892625055 0.393099218967652 5 0.02791736460078168
1229 0.297600978709137 0.1750220809091218 10 0.029949086552860136
1230 0.5549077777045326 0.39227648439088825 5 0.027932960893854747
1230 0.29661726647171294 0.17470254623627884 10 0.029958058717795086
1231 0.5557401788771527 0.39156789855846574 5 0.02794857462269424
1231 0.2957618329859418 0.17465872035414853 10 0.02996703626011387
1232 0.55656070612215 0.39070723207445096 5 0.02796420581655481
1232 0.29483035027989035 0.17434456732722237 10 0.029976019184652276
1233 0.5572366232739175 0.3898678665141149 5 0.027979854504756572
1233 0.29397277588436455 0.173960501256228 10 0.029985007496251874
1234 0.5580519255907751 0.38908841693017515 5 0.027995520716685325
1234 0.29311695123220644 0.17366088246358208 10 0.029994001199760045
1235 0.5591192970560412 0.388718211631236 5 0.028011204481792718
1235 0.29245996476466846 0.1737962486166435 10 0.030003000300030003
1236 0.5600404663730537 0.3881777341354613 5 0.02802690582959641
1236 0.2917390350578773 0.17374170435038339 10 0.030012004801920764
1237 0.5607883780724616 0.38763829418949225 5 0.028042624789680313
1237 0.29108032835274283 0.17363427793743852 10 0.030021014710297205
1238 0.5616985772407751 0.38720530927237273 5 0.028058361391694722
1238 0.2904572746061139 0.17357838802824382 10 0.03003003003003003
1239 0.5623554573175981 0.3866522719003868 5 0.028074115665356537
1239 0.2898286572355874 0.17341820978905037 10 0.030039050765995792
1240 0.5627472363948332 0.3861584765459319 5 0.028089887640449437
1240 0.2893278221911075 0.1732154760092966 10 0.03004807692307692
1241 0.5631344173238776 0.3857448403455768 5 0.028105677346824058
1241 0.2888907516065475 0.17302862583673612 10 0.030057108506161702
1242 0.5643085922033757 0.3854015382520456 5 0.028121484814398197
1242 0.2883109787307161 0.17262472488864394 10 0.030066145520144315
1243 0.564811736376963 0.3849127071356066 5 0.028137310073157003
1243 0.2877966839598274 0.1723438483955349 10 0.03007518796992481
1244 0.5650298982009174 0.3843657333078154 5 0.02815315315315315
1244 0.2873251983291383 0.17200126113889957 10 0.030084235860409144
1245 0.5650307274973849 0.3837837224641526 5 0.028169014084507043
1245 0.2868888780006037 0.17165566535027757 10 0.030093289196509176
1246 0.5651717485168082 0.3832715814371776 5 0.02818489289740699
1246 0.28646802031730784 0.17130455418730506 10 0.03010234798314268
1247 0.5652960009544123 0.382938935463846 5 0.028200789622109416
1247 0.28619619190797063 0.1710199845849408 10 0.03011141222523336
1248 0.5653310302082291 0.38261032765298036 5 0.02821670428893905
1248 0.2859570309344607 0.1706760443054469 10 0.030120481927710843
1249 0.5652623211142834 0.3823761888587274 5 0.0282326369282891
1249 0.2858203512328854 0.1702825435583105 10 0.030129557095510694
1250 0.5651930306741086 0.38212409106324047 5 0.02824858757062147
1250 0.28566597139617694 0.1699355821562795 10 0.03013863773357444
1251 0.5651548879573812 0.3818414044915484 5 0.02826455624646693
1251 0.2854811762863164 0.1695733457139525 10 0.030147723846849557
1252 0.5651856726441642 0.3815978905413756 5 0.028280542986425336
1252 0.2853114084513503 0.1691374717098222 10 0.030156815440289503
1253 0.5651944781271416 0.3813284494315972 5 0.028296547821165814
1253 0.28512058056283 0.16880932773258878 10 0.030165912518853696
1254 0.5652892606598787 0.38101981097663484 5 0.02831257078142695
1254 0.2848750181014221 0.16851132650934567 10 0.030175015087507542
1255 0.5653700722196422 0.3806988506076534 5 0.028328611898016998
1255 0.2846265840390511 0.16818003156546224 10 0.030184123151222455
1256 0.5653694217184665 0.38044306380696713 5 0.028344671201814057
1256 0.2844510705054774 0.16780041668197654 10 0.03019323671497584
1257 0.5654063992138519 0.38018464722786977 5 0.028360748723766305
1257 0.28425851834772997 0.16749172552659855 10 0.03020235578375113
1258 0.5655439736044502 0.3799028638138606 5 0.028376844494892164
1258 0.28401750736270276 0.1672438273148583 10 0.030211480362537766
1259 0.5656091109256578 0.38009798842341647 5 0.02839295854628052
1259 0.284164713199227 0.16730673808287594 10 0.030220610456331214
1260 0.5657906181855543 0.3803852290030063 5 0.028409090909090908
1260 0.28435223388515196 0.16737435611848966 10 0.03022974607013301
1261 0.5653965726354432 0.37906719215678575 5 0.028409090909090908
1261 0.28453044827388163 0.1674852900096157 10 0.030238887208950706
1262 0.5655626229358675 0.3793083808871832 5 0.028425241614553724
1262 0.28476010378343014 0.16843348825539634 10 0.030238887208950706
1263 0.5658669900723396 0.379557367703668 5 0.02844141069397042
1263 0.28487681864749154 0.1686339828506313 10 0.030248033877797943
1264 0.5660489587346204 0.37973995877119393 5 0.028457598178713715
1264 0.2849831447584457 0.16876229918052463 10 0.030257186081694403
1265 0.5661403032858339 0.37994695273853185 5 0.028473804100227786
1265 0.28513447656616014 0.16886246294739643 10 0.030266343825665856
1266 0.5662570243853217 0.3801855605450143 5 0.02849002849002849
1266 0.2853010635425713 0.16898784128800023 10 0.030275507114744173
1267 0.5665092687966892 0.38047381552277243 5 0.028506271379703532
1267 0.2854630595163257 0.16918079314164763 10 0.030284675953967288
1268 0.566307267124306 0.3791134190411631 5 0.028506271379703532
1268 0.28559917569122806 0.16932910128022532 10 0.030293850348379277
1269 0.5663777074789268 0.37932510797396257 5 0.028522532800912718
1269 0.285760793402205 0.16944206993373784 10 0.030303030303030304
1270 0.566334123286538 0.37954523362458864 5 0.028538812785388126
1270 0.2860573952967668 0.17036411840131943 10 0.030303030303030304
1271 0.5664473271362201 0.3793776010018607 5 0.02855511136493432
1271 0.28596660085628284 0.17028663069914 10 0.030312215822976656
1272 0.5665740391694484 0.3791596651563581 5 0.02857142857142857
1272 0.2858396324841877 0.17017350688323868 10 0.030321406913280776
1273 0.5666636439132119 0.3789359271293276 5 0.02858776443682104
1273 0.2857196963993454 0.1700267491666309 10 0.03033060357901122
1274 0.5663660723833537 0.37715036509841104 5 0.02858776443682104
1274 0.28564712395009867 0.1698899694666943 10 0.030339805825242715
1275 0.5664163970258633 0.37697416094957326 5 0.02860411899313501
1275 0.28565223891248326 0.17056385157798665 10 0.030339805825242715
1276 0.5665373337927682 0.37679495527354157 5 0.028620492272467084
1276 0.28555307505053784 0.17046432206335302 10 0.030349013657056147
1277 0.5668864341218856 0.3765364640430461 5 0.028636884306987395
1277 0.2853388314306012 0.17026469722119258 10 0.03035822707953855
1278 0.5667748710465033 0.3747292730716397 5 0.028636884306987395
1278 0.28518728945359856 0.1701364049533299 10 0.030367446097783177
1279 0.5669188557562738 0.3745081263063484 5 0.02865329512893983
1279 0.2850526928496976 0.1700276066208734 10 0.030376670716889424
1280 0.5671142535128242 0.3742890914713083 5 0.0286697247706422
1280 0.28501278834575094 0.17074339742021147 10 0.030376670716889424
1281 0.5673459101275137 0.3739778629582955 5 0.028686173264486515
1281 0.28478937566725 0.17067848882187253 10 0.030385900941962928
1282 0.5675641061871908 0.3737217986882987 5 0.028702640642939148
1282 0.2846098947772758 0.17059657903679312 10 0.030395136778115502
1283 0.5672010751753 0.37199313573183657 5 0.028702640642939148
1283 0.284528024476981 0.17055024544640984 10 0.030404378230465184
1284 0.567347401095335 0.37188578555994073 5 0.028719126938541065
1284 0.28448283617211717 0.17053225129107707 10 0.03041362530413625
1285 0.5674786814305065 0.3717670409959905 5 0.028735632183908046
1285 0.28453977603098346 0.17135554549892035 10 0.03041362530413625
1286 0.5676289036333879 0.37163846834425474 5 0.02875215641173088
1286 0.28447966686464204 0.17132683384634192 10 0.030422878004259198
1287 0.5673852792283378 0.3699443134980532 5 0.02875215641173088
1287 0.284437313790095 0.17128138470830656 10 0.030432136335970784
1288 0.5674810905740746 0.3698386300401121 5 0.028768699654775604
1288 0.28440825190167857 0.17123009071120654 10 0.030441400304414
1289 0.5675198935199245 0.3697320883256056 5 0.028785261945883704
1289 0.2843511881558111 0.1718773282252062 10 0.030441400304414
1290 0.5673473701283405 0.369616209106728 5 0.028801843317972347
1290 0.28438320150915725 0.17156810645735604 10 0.03045066991473812
1291 0.5657853313461896 0.3678987594300972 5 0.028801843317972347
1291 0.2846878480370597 0.17148332322298315 10 0.030459945172098688
1292 0.5653238395075837 0.36795410279252017 5 0.02881844380403458
1292 0.28491480146107706 0.1713038159310149 10 0.030469226081657523
1293 0.5652554946959171 0.36798025256018163 5 0.02883506343713956
1293 0.2849920868154248 0.17195958726152122 10 0.030469226081657523
1294 0.5651386961640819 0.36794529327544545 5 0.028851702250432775
1294 0.2850627956824452 0.1718129538473247 10 0.030478512648582746
1295 0.5645688636030706 0.3678984204351292 5 0.028868360277136258
1295 0.2852343499976547 0.17167674886436812 10 0.03048780487804878
1296 0.5638981855727455 0.3664920154639504 5 0.028868360277136258
1296 0.2855027317243267 0.17162325232416586 10 0.03049710277523635
1297 0.563869447420201 0.36672846555226696 5 0.02888503755054881
1297 0.2857274206010998 0.17167605325281451 10 0.03050640634533252
1298 0.563952240556006 0.3669461767991029 5 0.028901734104046242
1298 0.28589364084022095 0.17260790257108233 10 0.03050640634533252
1299 0.5647238863093704 0.36720190636339767 5 0.028918449971081547
1299 0.2859173363396975 0.17248780859786236 10 0.030515715593530664
1300 0.5648974739981536 0.3674122996840412 5 0.028935185185185182
1300 0.2860679448618154 0.1725781951036644 10 0.030525030525030524
1301 0.5647240616037903 0.36602192140531875 5 0.028935185185185182
1301 0.28625790255447464 0.17265337748020365 10 0.030534351145038167
1302 0.5657945445747491 0.3664339239109725 5 0.028951939779965255
1302 0.2863085085239687 0.17228930705828693 10 0.030543677458766034
1303 0.5659796556845463 0.36670653357025806 5 0.02896871378910776
1303 0.2864910853552293 0.17310351065411428 10 0.030543677458766034
1304 0.5660423775767677 0.3668501642683657 5 0.028985507246376812
1304 0.2866273018692805 0.17316590969058604 10 0.030553009471432933
1305 0.5659827807108426 0.3668918173278656 5 0.029002320185614848
1305 0.2867267374690978 0.17329765276804304 10 0.030562347188264054
1306 0.5659126476089235 0.365374329113525 5 0.029002320185614848
1306 0.2868283054048231 0.17335523429013047 10 0.030571690614490978
1307 0.5660138934637683 0.36545252075413565 5 0.02901915264074289
1307 0.2868624820103395 0.17333924650142055 10 0.03058103975535168
1308 0.5661146238479681 0.36551296705991154 5 0.02903600464576074
1308 0.28685989618566116 0.17328801765904295 10 0.030590394616090543
1309 0.5660371186588624 0.36555016657278383 5 0.029052876234747237
1309 0.2868891226253044 0.17332292276930136 10 0.030599755201958383
1310 0.5660897100419653 0.3655950261687263 5 0.029069767441860465
1310 0.28688759015291354 0.1732715957617506 10 0.030609121518212424
1311 0.5661431448150012 0.3656348873660268 5 0.029086678301337987
1311 0.28688070404767135 0.17317900953568474 10 0.030618493570116347
1312 0.5660246520401276 0.36570225727288136 5 0.02910360884749709
1312 0.2869388554019858 0.17314305963440624 10 0.030627871362940276
1313 0.5660365529259128 0.3657640170111578 5 0.029120559114735
1313 0.2869583481561558 0.1730719646355447 10 0.03063725490196078
1314 0.5661024692039316 0.3658235070634947 5 0.029137529137529133
1314 0.28696226340297937 0.1730099658024717 10 0.030646644192460923
1315 0.5661812262359975 0.3658899987819573 5 0.029154518950437316
1315 0.2869680729861092 0.17296174278882448 10 0.03065603923973022
1316 0.5664044926232645 0.36596340956610945 5 0.029171528588098017
1316 0.28693849650688635 0.17284088532630082 10 0.030665440049064702
1317 0.5665010104771749 0.366028534952514 5 0.029188558085230586
1317 0.286937520432386 0.172775447671581 10 0.03067484662576687
1318 0.5665716166156133 0.36608629182066604 5 0.02920560747663551
1318 0.2869383159021578 0.1727097533946687 10 0.030684258975145748
1319 0.566610097790803 0.36615441684565353 5 0.02922267679719462
1319 0.28695334988380417 0.1726568936434738 10 0.03069367710251688
1320 0.5666832065942831 0.3661982383259395 5 0.029239766081871343
1320 0.28693998509579555 0.1725841892618896 10 0.030703101013202328
1321 0.5667690853403733 0.366235259476127 5 0.029256875365710942
1321 0.28691843982278953 0.1725118661937177 10 0.03071253071253071
1322 0.5668588002961361 0.3662740707867355 5 0.029274004683840747
1322 0.28689745013697704 0.1724452324344708 10 0.030721966205837174
1323 0.5669530992264484 0.3663164477339327 5 0.029291154071470413
1323 0.28687777460696084 0.17238113324627058 10 0.030731407498463426
1324 0.567092424065166 0.3663609581298079 5 0.029308323563892142
1324 0.2868470341694125 0.1722965115325698 10 0.03074085459575776
1325 0.5671919050833033 0.36640367255037887 5 0.02932551319648094
1325 0.2868258299806208 0.17222634728773495 10 0.030750307503075027
1326 0.5672838331005328 0.36645783868846593 5 0.029342723004694836
1326 0.2868146745058021 0.17216025330646229 10 0.030759766225776683
1327 0.5673760570678125 0.36650093025067165 5 0.02935995302407516
1327 0.28679562028269845 0.17209123442678265 10 0.03076923076923077
1328 0.5674718100860328 0.3665439789219939 5 0.029377203290246765
1328 0.2867755915006042 0.17202278136645827 10 0.03077870113881194
1329 0.567566968705576 0.3665913782047128 5 0.02939447383891828
1329 0.28675884405664875 0.17195693518449914 10 0.03078817733990148
1330 0.567694899748638 0.36663938590629797 5 0.029411764705882353
1330 0.28673342151664877 0.17187449165088897 10 0.030797659377887275
1331 0.5677944569831945 0.36668015459855063 5 0.02942907592701589
1331 0.2867115345422794 0.17180343578548368 10 0.030807147258163893
1332 0.5678894367591485 0.36671568060996224 5 0.029446407538280327
1332 0.28668804951217736 0.17173368712648815 10 0.030816640986132512
1333 0.5679864893539727 0.36674960871390877 5 0.029463759575721858
1333 0.2866628086827618 0.17166455102343153 10 0.030826140567200983
1334 0.5680850338692969 0.3667826690332888 5 0.029481132075471695
1334 0.2866365523154287 0.17159564053886817 10 0.030835646006783842
1335 0.5681543650328542 0.3668175512765528 5 0.029498525073746312
1335 0.28661923522347077 0.17153950219340572 10 0.03084515731030228
1336 0.568244371277057 0.3668539645333195 5 0.029515938606847696
1336 0.286596890322833 0.1714684602914093 10 0.0308546744831842
1337 0.5683573501785195 0.3668901008718687 5 0.029533372711163613
1337 0.28656740000795516 0.17138087606180077 10 0.030864197530864196
1338 0.5684532506536291 0.3669293888656223 5 0.029550827423167846
1338 0.28654548224897175 0.1713098414069014 10 0.03087372645878357
1339 0.5685588825109014 0.3669673005912134 5 0.029568302779420456
1339 0.28652012364733614 0.17124344126918273 10 0.030883261272390362
1340 0.5686539722106154 0.3670082228363168 5 0.029585798816568046
1340 0.28650028830734997 0.17119023530023653 10 0.030892801977139322
1341 0.5687573626359647 0.3670428184443244 5 0.02960331557134399
1341 0.28647326624235897 0.17112636572839293 10 0.030902348578491962
1342 0.5688566343045613 0.36707774244212515 5 0.029620853080568717
1342 0.28644751292817466 0.17105956395063154 10 0.030911901081916538
1343 0.5689497000618502 0.3671156547153602 5 0.029638411381149966
1343 0.28642478810951333 0.1709924243806929 10 0.030921459492888062
1344 0.5690386960106923 0.36715990251890185 5 0.02965599051008303
1344 0.2864068454593188 0.1709266027811284 10 0.030931023816888337
1345 0.5691304657859934 0.36720078642844484 5 0.02967359050445104
1345 0.28638581584320955 0.17086091934867761 10 0.030940594059405937
1346 0.5692256853246191 0.3672411821593985 5 0.029691211401425176
1346 0.2863635170229097 0.17079588286275466 10 0.03095017022593624
1347 0.5693209471157564 0.36728238179821543 5 0.029708853238265002
1347 0.28634173924112083 0.17073075731190943 10 0.030959752321981424
1348 0.5694212809264293 0.3673239560833923 5 0.029726516052318665
1348 0.2863188068191553 0.17066240409283068 10 0.030969340353050476
1349 0.5695204667995083 0.3673638569159468 5 0.029744199881023198
1349 0.28629526324303767 0.1705972304233988 10 0.03097893432465923
1350 0.56962403182034 0.36740296661641747 5 0.02976190476190476
1350 0.28627007604335375 0.1705344859946401 10 0.030988534242330334
1351 0.5697237401979396 0.3674461058360162 5 0.029779630732578916
1351 0.2862487204892434 0.17047740705018724 10 0.0309981401115933
1352 0.5698248002272261 0.36748488319264194 5 0.02979737783075089
1352 0.28622349035373834 0.17041445074015496 10 0.031007751937984496
1353 0.5699199785848357 0.36752584276131606 5 0.029815146094215858
1353 0.2862009785836512 0.1703484074715317 10 0.031017369727047144
1354 0.5700093135609996 0.3675685900139192 5 0.029832935560859183
1354 0.28618098364030536 0.1702785778036508 10 0.031026993484331366
1355 0.5700978018018761 0.3676145450280383 5 0.029850746268656716
1355 0.28616326837278283 0.17020610575857245 10 0.03103662321539416
1356 0.5701896071381658 0.3676562260639501 5 0.02986857825567503
1356 0.28614210187341826 0.17013755723763196 10 0.031046258925799437
1357 0.5702932102503186 0.3676949159363133 5 0.029886431560071727
1357 0.28611598130222526 0.1700715919912079 10 0.031055900621118012
1358 0.5703695919844642 0.36773544666393326 5 0.02990430622009569
1358 0.2860993915264349 0.17002646165172391 10 0.031065548306927614
1359 0.5704704506126225 0.3677710368533651 5 0.02992220227408737
1359 0.286072052003644 0.16996394884171567 10 0.031075201988812928
1360 0.5705691472223648 0.36780785970303514 5 0.029940119760479042
1360 0.2860459103824867 0.16989847532751715 10 0.031084861672365554
1361 0.5706637205107149 0.36784935071407143 5 0.029958058717795086
1361 0.2860239899848521 0.16983343678701662 10 0.031094527363184077
1362 0.570768988721267 0.36789619671279444 5 0.029976019184652276
1362 0.2860024472326759 0.1697632271199154 10 0.03110419906687403
1363 0.5708657608528646 0.36793890452481415 5 0.029994001199760045
1363 0.2859804714521524 0.1696987550757691 10 0.031113876789047912
1364 0.570963825565871 0.36798008686367917 5 0.030012004801920764
1364 0.28595715818973866 0.1696355594159073 10 0.03112356053532524
1365 0.5710550014865852 0.36801911264171366 5 0.03003003003003003
1365 0.28593452641896644 0.1695769671007338 10 0.0311332503113325
1366 0.5711543289063002 0.36805565753127256 5 0.03004807692307692
1366 0.28590787644646165 0.16951237841388447 10 0.031142946122703206
1367 0.5712541123790655 0.36809218343788186 5 0.030066145520144315
1367 0.28588113661957104 0.1694474661750232 10 0.03115264797507788
1368 0.5713554351800469 0.368131595139608 5 0.030084235860409144
1368 0.2858559984197357 0.16938421213830102 10 0.03116235587410408
1369 0.5714518547387469 0.36817203970226203 5 0.03010234798314268
1369 0.28583289663488987 0.16932474730897767 10 0.031172069825436407
1370 0.5715502135597381 0.368209495581592 5 0.030120481927710843
1370 0.28580685684693047 0.16926184746405046 10 0.03118178983473651
1371 0.5716460504565037 0.3682502438359563 5 0.03013863773357444
1371 0.28578348778925056 0.1691977188139439 10 0.03119151590767311
1372 0.571737028065493 0.3682935032270828 5 0.030156815440289503
1372 0.285762895534258 0.16913170032596442 10 0.031201248049921998
1373 0.5718437518840467 0.3683390884976766 5 0.030175015087507542
1373 0.28573893827345087 0.16905377634415264 10 0.03121098626716604
1374 0.5719366306344079 0.36838220732525806 5 0.03019323671497584
1374 0.2857176989403783 0.16898695442716385 10 0.031220730565095223
1375 0.5720344476081802 0.3684225545224778 5 0.030211480362537766
1375 0.2856935236337427 0.16892275784460825 10 0.031230480949406617
1376 0.5721104497899755 0.3684592630237843 5 0.03022974607013301
1376 0.28567357749439337 0.16887235790447053 10 0.031240237425804434
1377 0.5722073426726729 0.3684962898098215 5 0.030248033877797943
1377 0.28564757756847 0.16880897760181846 10 0.03125
1378 0.572305392379334 0.3685340373122844 5 0.030266343825665856
1378 0.285621541660755 0.16874323745590353 10 0.03125976867771178
1379 0.5724039634075597 0.36857505519019995 5 0.030284675953967288
1379 0.28559749976103416 0.168678557740673 10 0.031269543464665414
1380 0.5725146063142825 0.3686209231890408 5 0.030303030303030304
1380 0.28557296602852617 0.16860893031117447 10 0.031279324366593676
1381 0.5726115254521016 0.3686627871299685 5 0.030321406913280776
1381 0.2855492839591657 0.16854227544552935 10 0.03128911138923654
1382 0.572704199849827 0.36870567841955026 5 0.030339805825242715
1382 0.2855272765588722 0.16847434117526833 10 0.03129890453834116
1383 0.5727941368924846 0.3687479501063098 5 0.03035822707953855
1383 0.28550561192855267 0.16840564081945647 10 0.03130870381966186
1384 0.5728883124801778 0.3687874891644044 5 0.030376670716889424
1384 0.28548115427977927 0.16833600356180098 10 0.03131850923896022
1385 0.5729843650187483 0.36882569633835127 5 0.030395136778115502
1385 0.2854556533643931 0.16826949708821573 10 0.03132832080200501
1386 0.5730858516074955 0.3688634827101218 5 0.03041362530413625
1386 0.2854286376724066 0.16820572868214462 10 0.031338138514572234
1387 0.5731698096574667 0.3689036422858568 5 0.030432136335970784
1387 0.28540873671534034 0.16815562573867604 10 0.03134796238244514
1388 0.573266920445878 0.3689420681667934 5 0.03045066991473812
1388 0.28538312759379847 0.16809295637023472 10 0.03135779241141423
1389 0.5733589294518822 0.36898146860654746 5 0.030469226081657523
1389 0.28535891113441025 0.16802434899708568 10 0.031367628607277286
1390 0.5734269472920331 0.3690187521820064 5 0.03048780487804878
1390 0.28533968331071763 0.1679589862145697 10 0.031377470975839344
1391 0.5735122626658995 0.3690580082082828 5 0.03050640634533252
1391 0.28531673278195785 0.16788755531279942 10 0.03138731952291274
1392 0.5736132309806005 0.36909067617047614 5 0.030525030525030524
1392 0.2852863946598113 0.16783136649389158 10 0.03139717425431711
1393 0.5737736277917594 0.369113630613076 5 0.030543677458766034
1393 0.28523647673427033 0.1678057534882897 10 0.031407035175879394
1394 0.5735152395038241 0.36902983769458897 5 0.030562347188264054
1394 0.2852456607002585 0.16804696443976055 10 0.031416902293433864
1395 0.5735936694698296 0.36901615748511507 5 0.03058103975535168
1395 0.28520018973958117 0.1681031942582378 10 0.031426775612822117
1396 0.5737334906303405 0.369032711171864 5 0.030599755201958383
1396 0.28515393819957485 0.16809679262397031 10 0.03143665513989311
1397 0.5734943434723185 0.36898701892024144 5 0.030618493570116347
1397 0.2851779456017951 0.16825381807890488 10 0.031446540880503145
1398 0.5735442278829803 0.3690215496593119 5 0.03063725490196078
1398 0.2851697573154969 0.16827586327425745 10 0.031456432840515886
1399 0.5736141163783135 0.36908696398908997 5 0.03065603923973022
1399 0.2851709491848388 0.16823673675807846 10 0.03146633102580239
1400 0.57359411335067 0.3691975595928698 5 0.03067484662576687
1400 0.2852208582006379 0.16814615199971655 10 0.0314762354422411
1401 0.5738658943004549 0.36947537276296905 5 0.03069367710251688
1401 0.2852891784193801 0.16786023056591537 10 0.031486146095717885
1402 0.5738212224070116 0.3695961977889655 5 0.03071253071253071
1402 0.28534739062260406 0.16772997606561113 10 0.031496062992125984
1403 0.5737699216962359 0.3696787147996893 5 0.030731407498463426
1403 0.28538145112353297 0.16761212132489084 10 0.0315059861373661
1404 0.5739308416644995 0.36989207682814507 5 0.030750307503075027
1404 0.2852922953277126 0.16817804316778528 10 0.0315059861373661
1405 0.5739321185638733 0.37001914845370965 5 0.03076923076923077
1405 0.2853162579679792 0.16807609627002465 10 0.03151591553734636
1406 0.5739615664533584 0.3700859760221339 5 0.03078817733990148
1406 0.28529454457721126 0.16799215777011695 10 0.03152585119798234
1407 0.5739891830676248 0.37013995418795087 5 0.030807147258163893
1407 0.28526181016497426 0.16787351141427273 10 0.031535793125197095
1408 0.573608363250238 0.3702081806687926 5 0.030826140567200983
1408 0.28535818024471826 0.16789102164654077 10 0.031545741324921134
1409 0.5735387906311398 0.37033775762094545 5 0.03084515731030228
1409 0.2854087365615515 0.16784488845262363 10 0.031555695803092455
1410 0.5735867677060507 0.3704537927720915 5 0.030864197530864196
1410 0.285420761001602 0.16781668175403672 10 0.03156565656565657
1411 0.5736620655984012 0.3705587580661278 5 0.030883261272390362
1411 0.28541939363379887 0.16779957166610868 10 0.03157562361856646
1412 0.5731240334038598 0.36903277773567 5 0.030883261272390362
1412 0.2855179693509695 0.16796913005112873 10 0.03158559696778269
1413 0.5731378858542098 0.369185313681061 5 0.030902348578491962
1413 0.285570764490518 0.16801252604546352 10 0.0315955766192733
1414 0.5732517873388197 0.36935573187204007 5 0.030921459492888062
1414 0.2856079608933665 0.16804835187603756 10 0.0316055625790139
1415 0.5734139495965712 0.3695504672067261 5 0.030940594059405937
1415 0.28565022263183953 0.16810192783814776 10 0.03161555485298767
1416 0.5735015640427021 0.36988832690293594 5 0.030959752321981424
1416 0.28574660030740584 0.16901824151912173 10 0.03161555485298767
1417 0.5736176897221723 0.370218986755921 5 0.03097893432465923
1417 0.2858494879431378 0.16914672775338932 10 0.031625553447185324
1418 0.5737142185398482 0.37056685057776023 5 0.0309981401115933
1418 0.28597733018790644 0.1693642985307924 10 0.031635558367605184
1419 0.5733916627390776 0.3692740512131054 5 0.0309981401115933
1419 0.28606103102139874 0.16949790458423508 10 0.03164556962025317
1420 0.5735422382556814 0.36958735157634637 5 0.031017369727047144
1420 0.2861415710207932 0.16961888257250618 10 0.03165558721114276
1421 0.5738731665999743 0.3699114540923375 5 0.03103662321539416
1421 0.28618703512216015 0.169810285995714 10 0.031665611146295125
1422 0.5738298205394317 0.3701813108286098 5 0.031055900621118012
1422 0.2863566526321406 0.17121634793454005 10 0.031665611146295125
1423 0.5741232626706185 0.37042481568962066 5 0.031075201988812928
1423 0.2863629350879716 0.17145911094316713 10 0.03167564143173899
1424 0.5744171876633652 0.37071092518903404 5 0.031094527363184077
1424 0.2863859002226912 0.1715865299154889 10 0.03168567807351077
1425 0.5745309113952656 0.36945448058433633 5 0.031094527363184077
1425 0.2864174022924967 0.17177809880251818 10 0.03169572107765452
1426 0.574670512385245 0.36970978135367105 5 0.031113876789047912
1426 0.2865035338519108 0.17239522972554935 10 0.03170577045022194
1427 0.5750709036089123 0.3699514214664001 5 0.0311332503113325
1427 0.2865251093790758 0.1734526964014966 10 0.03170577045022194
1428 0.5754738542828595 0.3699926379150676 5 0.03115264797507788
1428 0.2863086416684172 0.1734486154864347 10 0.03171582619727244
1429 0.5758013980147302 0.36844012461216324 5 0.03115264797507788
1429 0.2860578082841061 0.17349151209610825 10 0.031725888324873094
1430 0.5767961609090855 0.36838845169217466 5 0.031172069825436407
1430 0.2856271597468334 0.17361948215282727 10 0.031735956839098696
1431 0.5775493800776041 0.3683284965035348 5 0.03119151590767311
1431 0.2851819327292326 0.17451925817797992 10 0.031735956839098696
1432 0.5781506127720183 0.3682830969208246 5 0.03121098626716604
1432 0.2848566012713867 0.17460283383276823 10 0.031746031746031744
1433 0.5786530248743417 0.36663482477481424 5 0.03121098626716604
1433 0.28449313846971747 0.1747231807842552 10 0.03175611305176246
1434 0.579225804552987 0.36656315980816395 5 0.031230480949406617
1434 0.28423181652245816 0.17556807430420007 10 0.03175611305176246
1435 0.5797105975189535 0.3665059498518218 5 0.03125
1435 0.2839245595853727 0.17558829153756275 10 0.03176620076238882
1436 0.5799026219081935 0.3648713939811346 5 0.03125
1436 0.28361091138487815 0.1757013129266052 10 0.031776294884016516
1437 0.5803320519617778 0.36475045988535804 5 0.031269543464665414
1437 0.28337888421102597 0.17646170213793305 10 0.031776294884016516
1438 0.5806839390676807 0.36467616933929187 5 0.03128911138923654
1438 0.28308521861656355 0.17639435565641992 10 0.03178639542275906
1439 0.5809633004719686 0.3631178885127265 5 0.03128911138923654
1439 0.282817810849156 0.17646188152979245 10 0.03179650238473768
1440 0.5816562671064842 0.36294926451669707 5 0.03130870381966186
1440 0.2823020203155742 0.17756823298430144 10 0.03179650238473768
1441 0.5822917960602314 0.3626621908846359 5 0.03132832080200501
1441 0.2817784806291783 0.17761652260732638 10 0.031806615776081425
1442 0.582535604199591 0.36084823224976276 5 0.03132832080200501
1442 0.281309793200353 0.17753641654303903 10 0.03181673560292714
1443 0.5830577764573226 0.36068389850281024 5 0.03134796238244514
1443 0.28092454251064847 0.17827903010626112 10 0.03181673560292714
1444 0.5835179577514065 0.35892145729133634 5 0.03134796238244514
1444 0.28045034056358886 0.17848726989967242 10 0.031826861871419476
1445 0.5842035608717076 0.35864562540363193 5 0.031367628607277286
1445 0.2800004322165712 0.17932752750226727 10 0.031826861871419476
1446 0.5847991992901849 0.35841655369708625 5 0.03138731952291274
1446 0.2795222813598274 0.1793646318696101 10 0.031836994587710915
1447 0.5854367845977383 0.35655722545698015 5 0.03138731952291274
1447 0.2789443393415605 0.17939436119427926 10 0.03184713375796178
1448 0.5859575000245352 0.3563279798186812 5 0.031407035175879394
1448 0.27838255267167494 0.18015607885850454 10 0.03184713375796178
1449 0.5861890439817031 0.35460760256056556 5 0.031407035175879394
1449 0.27798472099136706 0.18010433863654582 10 0.03185727938834023
1450 0.5867030950291122 0.35449354573465575 5 0.031426775612822117
1450 0.27759053648824544 0.18092159581182526 10 0.03185727938834023
1451 0.5875821174789995 0.3543050284188355 5 0.031446540880503145
1451 0.2770977583567244 0.1811355084786201 10 0.03186743148502231
1452 0.5879782729983805 0.35253060387980056 5 0.031446540880503145
1452 0.27659355896460347 0.18122293475035767 10 0.0318775900541919
1453 0.5885515757907102 0.3523555756716029 5 0.03146633102580239
1453 0.2761534321694449 0.1820272801757346 10 0.0318775900541919
1454 0.5885957606674488 0.3506028708999195 5 0.03146633102580239
1454 0.2756919116877497 0.18211506423985033 10 0.03188775510204082
1455 0.5890449439577671 0.3504207506610322 5 0.031486146095717885
1455 0.2752686381408432 0.18284600828117423 10 0.03188775510204082
1456 0.5889095905585274 0.3487411466180149 5 0.031486146095717885
1456 0.2748677434399473 0.18275382080168517 10 0.03189792663476874
1457 0.5894485293609475 0.3486703811894748 5 0.0315059861373661
1457 0.27440290205110734 0.18356200453094085 10 0.03189792663476874
1458 0.5894027315624342 0.34704536637808026 5 0.0315059861373661
1458 0.27404122565632527 0.1839435892420263 10 0.03190810465858328
1459 0.5900610738865646 0.34681164176133134 5 0.03152585119798234
1459 0.2734820082750781 0.1848541534053857 10 0.03190810465858328
1460 0.5895297930996876 0.3450865533799669 5 0.03152585119798234
1460 0.27301566955624756 0.184907563193902 10 0.031918289179699966
1461 0.5900322393932216 0.3448649324412758 5 0.031545741324921134
1461 0.27249588604548647 0.1858068066369699 10 0.031918289179699966
1462 0.5897581681106823 0.3431070364244761 5 0.031545741324921134
1462 0.27202115641303226 0.1857638266555374 10 0.03192848020434227
1463 0.590114115451439 0.3429263994478431 5 0.03156565656565657
1463 0.27154847748731686 0.18640733076367266 10 0.03192848020434227
1464 0.5902439844519705 0.34131690244325064 5 0.03156565656565657
1464 0.2711300551758803 0.18637262675643237 10 0.031938677738741615
1465 0.5910287136257161 0.34117221978803774 5 0.03158559696778269
1465 0.27062131775631515 0.18739043515850287 10 0.031938677738741615
1466 0.5913278217112298 0.3394071205813586 5 0.03158559696778269
1466 0.27000156281378546 0.1882500574554047 10 0.031938677738741615
1467 0.5910773590210194 0.3376798439359828 5 0.03158559696778269
1467 0.26947909023105693 0.18828540936755578 10 0.03194888178913738
1468 0.591741360163562 0.3375002274696425 5 0.0316055625790139
1468 0.26886830778857057 0.18915616257708195 10 0.03194888178913738
1469 0.5916486085962027 0.3357782145726075 5 0.0316055625790139
1469 0.2683572466930896 0.18912889886088488 10 0.03195909236177692
1470 0.5920552963933174 0.33562024995895223 5 0.031625553447185324
1470 0.26780039104698716 0.18978647747108274 10 0.03195909236177692
1471 0.5921956146978504 0.33408155622125024 5 0.031625553447185324
1471 0.2671757227789842 0.19054624459882943 10 0.03195909236177692
1472 0.5925034224156435 0.33247955243918603 5 0.031625553447185324
1472 0.26670444536498095 0.19082164329937523 10 0.0319693094629156
1473 0.5932816185795587 0.33229093941822324 5 0.03164556962025317
1473 0.2660291810405054 0.19170309599984334 10 0.0319693094629156
1474 0.5936105084246233 0.3306694971875161 5 0.03164556962025317
1474 0.2655429009528179 0.19175731615851987 10 0.03197953309881675
1475 0.594168048772813 0.33060992914700005 5 0.031665611146295125
1475 0.26500498322997557 0.19268396050746212 10 0.03197953309881675
1476 0.594437288508135 0.3289357297594907 5 0.031665611146295125
1476 0.26434201631239324 0.1933888885370659 10 0.03197953309881675
1477 0.5944599372034829 0.3272700244944476 5 0.031665611146295125
1477 0.26383742388956277 0.19325649910662931 10 0.03198976327575176
1478 0.5949973833976682 0.3271296697841215 5 0.03168567807351077
1478 0.2632159067666823 0.19393127668901283 10 0.03198976327575176
1479 0.5951446714236451 0.3254780448397717 5 0.03168567807351077
1479 0.26257304714974866 0.19485052779754805 10 0.03198976327575176
1480 0.5953927552875132 0.3238173667451063 5 0.03168567807351077
1480 0.2620288240573065 0.19494151962903178 10 0.032
1481 0.5960954678169763 0.3236315099878832 5 0.03170577045022194
1481 0.26142254929790454 0.1957367457613381 10 0.032
1482 0.5966114100646576 0.3218774630584963 5 0.03170577045022194
1482 0.26067103118989626 0.19651661605454693 10 0.032
1483 0.5966966826893977 0.3201998258545194 5 0.03170577045022194
1483 0.2601193278759761 0.19652273675329618 10 0.03201024327784891
1484 0.5970636734659073 0.3200094678219424 5 0.031725888324873094
1484 0.25953585655284206 0.19714685095576898 10 0.03201024327784891
1485 0.5971461348039232 0.31847234770717914 5 0.031725888324873094
1485 0.2590207317540938 0.1977833300324067 10 0.03201024327784891
1486 0.5975645349642861 0.31673269857751596 5 0.031725888324873094
1486 0.2584227717190422 0.19787932129500246 10 0.032020493115593976
1487 0.5980990212730923 0.3165023476299224 5 0.031746031746031744
1487 0.2578602976560738 0.19864342843398786 10 0.032020493115593976
1488 0.5983104720564213 0.31489484729341616 5 0.031746031746031744
1488 0.2572535858572358 0.1993453796929344 10 0.032020493115593976
1489 0.5983009049036193 0.3130568071074091 5 0.031746031746031744
1489 0.25660765101622546 0.19932707068982244 10 0.03203074951953875
1490 0.5984476802424192 0.3113357273878104 5 0.031746031746031744
1490 0.25589891016756094 0.20000669685373498 10 0.03203074951953875
1491 0.598975263161998 0.3110595159537083 5 0.03176620076238882
1491 0.25526863630110375 0.2007002980273671 10 0.03203074951953875
1492 0.5991361159804957 0.30919937236337885 5 0.03176620076238882
1492 0.25461479816936883 0.20158248102637963 10 0.03203074951953875
1493 0.5989353409361675 0.3074619276659612 5 0.03176620076238882
1493 0.2540168696087871 0.20155953460430723 10 0.03204101249599487
1494 0.5991850867118164 0.30718404904852453 5 0.03178639542275906
1494 0.25352845794870826 0.20216333509351742 10 0.03204101249599487
1495 0.5990077117219801 0.3056260874231397 5 0.03178639542275906
1495 0.253141041297067 0.20277231433849216 10 0.03204101249599487
1496 0.5986155081111486 0.3038010782433219 5 0.03178639542275906
1496 0.2526767632132608 0.20364882531098205 10 0.03204101249599487
1497 0.5976900665312586 0.30216981309882784 5 0.03178639542275906
1497 0.25212346914674344 0.20360225332050316 10 0.03205128205128205
1498 0.5979230272521378 0.3019846405651331 5 0.031806615776081425
1498 0.25178189318764005 0.20420471292665746 10 0.03205128205128205
1499 0.5974284315623161 0.3005121251105912 5 0.031806615776081425
1499 0.25144766389876355 0.20483439190267005 10 0.03205128205128205
1500 0.597095068554474 0.2988424409040447 5 0.031806615776081425
1500 0.25094267841930784 0.2049873252038966 10 0.032061558191728116
1501 0.5966266606230451 0.2972331630381134 5 0.031806615776081425
1501 0.2504744845148863 0.20564330175915133 10 0.032061558191728116
1502 0.5952981761339822 0.2957136024178612 5 0.031806615776081425
1502 0.2500677463030219 0.20617515872489958 10 0.032061558191728116
1503 0.5955889674142362 0.29557554255187657 5 0.031826861871419476
1503 0.24972992517591655 0.2067269944601715 10 0.032061558191728116
1504 0.5948125134116469 0.29425136877190067 5 0.031826861871419476
1504 0.2495698552594837 0.2076909568453597 10 0.032061558191728116
1505 0.5949226530670884 0.29276922554036877 5 0.031826861871419476
1505 0.24913127688118056 0.20779760088713836 10 0.03207184092366902
1506 0.5950444558908319 0.29104520493657887 5 0.031826861871419476
1506 0.24863671227926712 0.20863944509407992 10 0.03207184092366902
1507 0.5952848189955489 0.29082661311412505 5 0.03184713375796178
1507 0.2481294851457687 0.2092865008465028 10 0.03207184092366902
1508 0.5945269522446295 0.2894312567495605 5 0.03184713375796178
1508 0.24764388946881227 0.20984677035923388 10 0.03207184092366902
1509 0.5943299483765877 0.288115307227985 5 0.03184713375796178
1509 0.24737956534788452 0.21047825576635976 10 0.03207184092366902
1510 0.594911059099546 0.2865211010032419 5 0.03184713375796178
1510 0.24687142305671586 0.21116117560017184 10 0.03207184092366902
1511 0.5947401017116702 0.2850900675845452 5 0.03184713375796178
1511 0.24636093609902782 0.21110114852867898 10 0.032082130253448825
1512 0.5935251853955144 0.283659023467397 5 0.03184713375796178
1512 0.2460704081608786 0.21162983882590267 10 0.032082130253448825
1513 0.5936788503667672 0.28341051801577066 5 0.03186743148502231
1513 0.24579306481880553 0.21214278740711814 10 0.032082130253448825
1514 0.5929517254200648 0.28166536788403956 5 0.03186743148502231
1514 0.2452101182643982 0.21279194246926836 10 0.032082130253448825
1515 0.592146646440096 0.28017845944808634 5 0.03186743148502231
1515 0.24489563708947007 0.213453927487098 10 0.032082130253448825
1516 0.591914687509751 0.2787952518665631 5 0.03186743148502231
1516 0.24464808324494033 0.21414825369518659 10 0.032082130253448825
1517 0.5919705880649672 0.2772013778671557 5 0.03186743148502231
1517 0.24403365190389037 0.21502902183294575 10 0.032082130253448825
1518 0.5917445407020511 0.27577285435175874 5 0.03186743148502231
1518 0.24351168116122346 0.21498928390843383 10 0.03209242618741977
1519 0.5918542484782227 0.2755919790004742 5 0.03188775510204082
1519 0.24303340506424828 0.2155655356848422 10 0.03209242618741977
1520 0.5910759030521497 0.2742895151580852 5 0.03188775510204082
1520 0.24262545205431435 0.21617317477135475 10 0.03209242618741977
1521 0.5904289217666926 0.27283776631363393 5 0.03188775510204082
1521 0.2422028514642447 0.21720430936840213 10 0.03209242618741977
1522 0.5904932783274545 0.271546690033899 5 0.03188775510204082
1522 0.2417209305634862 0.2180102053409044 10 0.03209242618741977
1523 0.5905031886454312 0.2703639268239972 5 0.03188775510204082
1523 0.24113432842204455 0.21873784946307281 10 0.03209242618741977
1524 0.5896918307072954 0.2690686518262509 5 0.03188775510204082
1524 0.24060235330478288 0.2196773679125456 10 0.03209242618741977
1525 0.5891580611090923 0.2677546405521962 5 0.03188775510204082
1525 0.24012723695910193 0.21957440488433727 10 0.03210272873194221
1526 0.5892395228864851 0.2676258057972495 5 0.03190810465858328
1526 0.23960954017375968 0.2200771618307722 10 0.03210272873194221
1527 0.5886415672754307 0.26652071001787403 5 0.03190810465858328
1527 0.2391808055311318 0.22061779265584486 10 0.03210272873194221
1528 0.5873546120372375 0.26534775094274526 5 0.03190810465858328
1528 0.23885635708391945 0.22150100287489166 10 0.03210272873194221
1529 0.5866707611727533 0.2642044516524776 5 0.03190810465858328
1529 0.2384257417940963 0.22225029458728734 10 0.03210272873194221
1530 0.5862417635431765 0.2631278749310776 5 0.03190810465858328
1530 0.23792704790145347 0.22295531962031917 10 0.03210272873194221
1531 0.5852875221098438 0.2619652320347054 5 0.03190810465858328
1531 0.23746955112980767 0.22390060814406895 10 0.03210272873194221
1532 0.5848567908735894 0.2608718378812055 5 0.03190810465858328
1532 0.23695715748700463 0.22460610781463025 10 0.03210272873194221
1533 0.5846506323260986 0.25982988989071315 5 0.03190810465858328
1533 0.23634705927477792 0.22515905597337404 10 0.03210272873194221
1534 0.5841928532770033 0.2588821452599911 5 0.03190810465858328
1534 0.2358974966741212 0.22577097115288175 10 0.03210272873194221
1535 0.5827080396117881 0.25784462108142847 5 0.03190810465858328
1535 0.23563914884633838 0.22677185912920406 10 0.03210272873194221
1536 0.5827591080898119 0.2577807629658885 5 0.03192848020434227
1536 0.23518629341774205 0.22750947960135867 10 0.03210272873194221
1537 0.5818866099335389 0.25680862769007406 5 0.03192848020434227
1537 0.23475334123827393 0.227242081129299 10 0.03211303789338471
1538 0.5815800973468015 0.25590764558328205 5 0.03192848020434227
1538 0.23423071893880354 0.22776327335946983 10 0.03211303789338471
1539 0.5813756330245794 0.2549646151158325 5 0.03192848020434227
1539 0.23370275022907436 0.22853551188625745 10 0.03211303789338471
1540 0.5804886928708698 0.25403984312221095 5 0.03192848020434227
1540 0.23307810243128033 0.2292122372061721 10 0.03211303789338471
1541 0.5797353701167874 0.25316802864941806 5 0.03192848020434227
1541 0.2326015521412595 0.2298376799237874 10 0.03211303789338471
1542 0.5789765094699317 0.2523520428940237 5 0.03192848020434227
1542 0.2323759651730825 0.23052608568683808 10 0.03211303789338471
1543 0.577555374879721 0.2515614082621557 5 0.03192848020434227
1543 0.23219886304369047 0.2311194901632329 10 0.03211303789338471
1544 0.576479678559054 0.25085176534894427 5 0.03192848020434227
1544 0.23179376559004722 0.23160517295154057 10 0.03211303789338471
1545 0.5757807950399649 0.2501989984693764 5 0.03192848020434227
1545 0.23121260518520126 0.23212640586257188 10 0.03211303789338471
1546 0.5748172973979835 0.24948036475156074 5 0.03192848020434227
1546 0.23082232308102735 0.2329549476686897 10 0.03211303789338471
1547 0.5744028757984443 0.24880398282465452 5 0.03192848020434227
1547 0.23043073825679086 0.23363128245250048 10 0.03211303789338471
1548 0.5742651385273952 0.24817624184842596 5 0.03192848020434227
1548 0.23014403205353268 0.23423206531812038 10 0.03211303789338471
1549 0.5735005813759744 0.2475658910827812 5 0.03192848020434227
1549 0.23003886341080362 0.2349703182780138 10 0.03211303789338471
1550 0.5723085808709227 0.2469311174687296 5 0.03192848020434227
1550 0.2297755398632222 0.2354965584386902 10 0.03211303789338471
1551 0.5713651448420158 0.24635443644958777 5 0.03192848020434227
1551 0.22939016029202625 0.23588865894615824 10 0.03211303789338471
1552 0.5705655978549957 0.24582732696579462 5 0.03192848020434227
1552 0.22898406082062883 0.2363225395491971 10 0.03211303789338471
1553 0.5691504038722266 0.24534894749119546 5 0.03192848020434227
1553 0.2286504055016103 0.23707958464100048 10 0.03211303789338471
1554 0.5685407257513118 0.2448803813574803 5 0.03192848020434227
1554 0.22817021722241196 0.23766256842018119 10 0.03211303789338471
1555 0.5686281846868398 0.24512185571394615 5 0.03194888178913738
1555 0.22789008548829504 0.23818708663420649 10 0.03211303789338471
1556 0.568159121634096 0.24482307221578403 5 0.03194888178913738
1556 0.22800208060590524 0.23886499943230985 10 0.03211303789338471
1557 0.5674230424999726 0.24450523638278127 5 0.03194888178913738
1557 0.22797397952849557 0.23935110045059454 10 0.03211303789338471
1558 0.5658368627014569 0.24422951274230945 5 0.03194888178913738
1558 0.2278841396263092 0.23974171073818681 10 0.03211303789338471
1559 0.5650014027576333 0.24394134136400578 5 0.03194888178913738
1559 0.22757842860023234 0.24018408513990308 10 0.03211303789338471
1560 0.5647112468800115 0.2437559215299258 5 0.03194888178913738
1560 0.22754595229998364 0.24083966663844655 10 0.03211303789338471
1561 0.5642353936678938 0.2434534072892831 5 0.03194888178913738
1561 0.22739808273721612 0.24133878926608174 10 0.03211303789338471
1562 0.5624640018531939 0.24318875472781123 5 0.03194888178913738
1562 0.22731819473419002 0.24176227591420202 10 0.03211303789338471
1563 0.5613702179545199 0.24306185619177403 5 0.03194888178913738
1563 0.2272745901771341 0.24227123885346563 10 0.03211303789338471
1564 0.5605230524970044 0.2429414946924613 5 0.03194888178913738
1564 0.2269951771082661 0.2426735463394138 10 0.03211303789338471
1565 0.55914632537218 0.24287057395924833 5 0.03194888178913738
1565 0.22663963187499275 0.2429903067036931 10 0.03211303789338471
1566 0.5582788784878243 0.24285193293322566 5 0.03194888178913738
1566 0.2265354814868715 0.24335171057130908 10 0.03211303789338471
1567 0.5575115616907624 0.24289602772428326 5 0.03194888178913738
1567 0.2266807700883086 0.24390715630145424 10 0.03211303789338471
1568 0.556511858618681 0.24292247825830376 5 0.03194888178913738
1568 0.226825625494426 0.24504132081936603 10 0.03210272873194221
1569 0.5559539125850745 0.24301131722457786 5 0.03194888178913738
1569 0.22672873024749224 0.2453799037565426 10 0.03210272873194221
1570 0.5555596443690134 0.24320986346314943 5 0.03194888178913738
1570 0.22670676435976836 0.2457781096477767 10 0.03210272873194221
1571 0.5548630644555321 0.24332637151000638 5 0.03194888178913738
1571 0.22647444906483213 0.2460741399921343 10 0.03210272873194221
1572 0.5532464814058778 0.24342993389602693 5 0.03194888178913738
1572 0.2260806607333615 0.24628501960066385 10 0.03210272873194221
1573 0.5523707590611833 0.2434550345348006 5 0.03194888178913738
1573 0.22567149105279172 0.2465384666299862 10 0.03210272873194221
1574 0.5519100028741196 0.24354887369409378 5 0.03194888178913738
1574 0.22546109488198388 0.24691861439961477 10 0.03210272873194221
1575 0.5512310926868932 0.24364620905579376 5 0.03194888178913738
1575 0.22522535024371612 0.24718764156457906 10 0.03210272873194221
1576 0.5494615702044977 0.2437840706367418 5 0.03194888178913738
1576 0.22478001978969467 0.24736567654370895 10 0.03210272873194221
1577 0.5486298213744971 0.2439847401101069 5 0.03194888178913738
1577 0.22433875230337558 0.24759457311325145 10 0.03210272873194221
1578 0.5482149069561747 0.24425210877890385 5 0.03194888178913738
1578 0.22411278179708574 0.24798834293763056 10 0.03210272873194221
1579 0.5476280055160888 0.2445056829396534 5 0.03194888178913738
1579 0.22379340927129646 0.24826321097106913 10 0.03210272873194221
1580 0.5459569425894858 0.24479204546118055 5 0.03194888178913738
1580 0.22365513460194633 0.2490748002472062 10 0.03209242618741977
1581 0.5448488387307677 0.2451726007183707 5 0.03194888178913738
1581 0.22365919090994626 0.24933066847741042 10 0.03209242618741977
1582 0.5438018039571872 0.24558254768564355 5 0.03194888178913738
1582 0.22348856835376707 0.24949191771630716 10 0.03209242618741977
1583 0.542080717867987 0.2459374383590145 5 0.03194888178913738
1583 0.22316810709954754 0.24955959078786544 10 0.03209242618741977
1584 0.5410127737451158 0.24630163909653904 5 0.03194888178913738
1584 0.22282969035428968 0.24965737853534548 10 0.03209242618741977
1585 0.5401572753463171 0.24670850624317792 5 0.03194888178913738
1585 0.22263904045741983 0.24977865945300448 10 0.03209242618741977
1586 0.5387188009211432 0.24709034703231642 5 0.03194888178913738
1586 0.22223013480982204 0.24987565799936684 10 0.03209242618741977
1587 0.5379875081550506 0.24751890349718023 5 0.03194888178913738
1587 0.22193666480887436 0.2505896705225258 10 0.032082130253448825
1588 0.5377163330208611 0.2479941245118335 5 0.03194888178913738
1588 0.22176076639033854 0.2507631342551032 10 0.032082130253448825
1589 0.5368950920411233 0.248534187142251 5 0.03194888178913738
1589 0.2213739710856538 0.2508378989425893 10 0.032082130253448825
1590 0.5349766420195148 0.24914610297316786 5 0.03194888178913738
1590 0.22091151081362742 0.2507723662114296 10 0.032082130253448825
1591 0.5339060206486039 0.2498083970085077 5 0.03194888178913738
1591 0.22070839593112565 0.250765452458641 10 0.032082130253448825
1592 0.5336411903942585 0.25046402921508265 5 0.03194888178913738
1592 0.22067683843240715 0.25089750423837104 10 0.032082130253448825
1593 0.5330665391908911 0.25116278801523917 5 0.03194888178913738
1593 0.22075970368872083 0.2515635165197121 10 0.03207184092366902
1594 0.5314621971196866 0.251905736683811 5 0.03194888178913738
1594 0.2205781615775723 0.25163250910608703 10 0.03207184092366902
1595 0.5303007979791062 0.2525705931295409 5 0.03194888178913738
1595 0.22043821666482405 0.2517457272554663 10 0.03207184092366902
1596 0.5290864819027468 0.2532482219909704 5 0.03194888178913738
1596 0.22019320311923316 0.25175828466580613 10 0.03207184092366902
1597 0.5272523422467918 0.25395309944389044 5 0.03194888178913738
1597 0.22006880920456803 0.25166518192141524 10 0.03207184092366902
1598 0.5260986386925318 0.25469865707516176 5 0.03194888178913738
1598 0.22012453155353925 0.25161795408968957 10 0.03207184092366902
1599 0.525191984340403 0.2554938770410836 5 0.03194888178913738
1599 0.2205642934786943 0.25167471837850475 10 0.03207184092366902
1600 0.5236092854049492 0.25628609008582903 5 0.03194888178913738
1600 0.22122410293701092 0.25225438638274633 10 0.032061558191728116
1601 0.5227988750857943 0.2571258826657569 5 0.03194888178913738
1601 0.22119654494811053 0.25220375570396125 10 0.032061558191728116
1602 0.5224230497433119 0.2580160853606786 5 0.03194888178913738
1602 0.22126245728025662 0.2521624275926885 10 0.032061558191728116
1603 0.521417178335802 0.25895064113398414 5 0.03194888178913738
1603 0.2213885414462728 0.2520389083586822 10 0.032061558191728116
1604 0.5191316300780547 0.25992392990595664 5 0.03194888178913738
1604 0.22140221172320054 0.2518634075114308 10 0.032061558191728116
1605 0.5179769179376343 0.2609216073642431 5 0.03194888178913738
1605 0.2215927738282301 0.251771489026556 10 0.032061558191728116
1606 0.5177136896240373 0.26193184217002097 5 0.03194888178913738
1606 0.22211885366775141 0.2517884040385472 10 0.032061558191728116
1607 0.5172506317330555 0.26282310591792546 5 0.03194888178913738
1607 0.22231986199551534 0.2517437664188256 10 0.032061558191728116
1608 0.5156322965674854 0.263694729203951 5 0.03194888178913738
1608 0.2223371881853692 0.25165577857402993 10 0.032061558191728116
1609 0.5145666726068855 0.2645671082130388 5 0.03194888178913738
1609 0.22303909944569397 0.2520627396124255 10 0.03205128205128205
1610 0.5134076556836887 0.2654974881024108 5 0.03194888178913738
1610 0.22326480798501075 0.25191173643232867 10 0.03205128205128205
1611 0.5115087326269243 0.26649965468606146 5 0.03194888178913738
1611 0.22335255815138083 0.2516900889010088 10 0.03205128205128205
1612 0.5100187240653404 0.267475659939939 5 0.03192848020434227
1612 0.2235395854072252 0.25151367432087157 10 0.03205128205128205
1613 0.5090367250828727 0.26853136128271304 5 0.03192848020434227
1613 0.22377204441676155 0.2514501505959056 10 0.03205128205128205
1614 0.5069449815704636 0.26961039313265134 5 0.03192848020434227
1614 0.22398757368969724 0.2512492793612717 10 0.03205128205128205
1615 0.5057068445756921 0.27074758176316555 5 0.03192848020434227
1615 0.22429816405324904 0.25101820503497557 10 0.03205128205128205
1616 0.5044092561693058 0.2719021709653248 5 0.03192848020434227
1616 0.22479254423688308 0.2508948804872406 10 0.03205128205128205
1617 0.5026226910614733 0.2731253466536088 5 0.03192848020434227
1617 0.22580155952326514 0.25104762522328916 10 0.03204101249599487
1618 0.5017152652254976 0.27427789155615845 5 0.03192848020434227
1618 0.22605668181953414 0.25076358948608596 10 0.03204101249599487
1619 0.5013961775806969 0.27537743244484064 5 0.03192848020434227
1619 0.22632608786584707 0.25054330581784046 10 0.03204101249599487
1620 0.5007044651961841 0.27642924872469204 5 0.03192848020434227
1620 0.2266364226276465 0.25046014983075715 10 0.03204101249599487
1621 0.4990328185315171 0.27753698879318217 5 0.03192848020434227
1621 0.2270237870409575 0.25023580945422774 10 0.03204101249599487
1622 0.4979823765959276 0.2787008198406641 5 0.03192848020434227
1622 0.22766911959395117 0.24996919688015695 10 0.03204101249599487
1623 0.49720290862631955 0.27980448140388625 5 0.03192848020434227
1623 0.2282773851983518 0.2498098525416465 10 0.03204101249599487
1624 0.4958239647187538 0.28100746052554065 5 0.03192848020434227
1624 0.22869836048075293 0.24956984025959014 10 0.03204101249599487
1625 0.4950481456550386 0.2822763757095111 5 0.03192848020434227
1625 0.2290655030538721 0.24928522723659685 10 0.03204101249599487
1626 0.4949663446041804 0.2835274627642188 5 0.03192848020434227
1626 0.2295594839359084 0.2490338899117938 10 0.03204101249599487
1627 0.4951758527931508 0.28466307511449607 5 0.03192848020434227
1627 0.2305966174921077 0.24926638493060235 10 0.03203074951953875
1628 0.4937586934577799 0.28592242482047237 5 0.03192848020434227
1628 0.23108883799463814 0.24906513349089635 10 0.03203074951953875
1629 0.4927143759301155 0.2872669617788175 5 0.03192848020434227
1629 0.23139650968373973 0.24877321321367804 10 0.03203074951953875
1630 0.49194548721212283 0.28850078921156774 5 0.03192848020434227
1630 0.2317490864857208 0.2485128884788609 10 0.03203074951953875
1631 0.49115733964616004 0.28959729460303774 5 0.03192848020434227
1631 0.23240088851540835 0.24835385097811202 10 0.03203074951953875
1632 0.49057092645304623 0.2908049127801141 5 0.03192848020434227
1632 0.23287502193020582 0.24810593720379356 10 0.03203074951953875
1633 0.4902688040615513 0.292065833531807 5 0.03192848020434227
1633 0.2331573659953204 0.2477571696930443 10 0.03203074951953875
1634 0.48964258467850535 0.2933356480377655 5 0.03192848020434227
1634 0.2334772860814201 0.2474265074278712 10 0.03203074951953875
1635 0.48778003453570384 0.2945766335272477 5 0.03192848020434227
1635 0.23395348945358901 0.24719291482675826 10 0.03203074951953875
1636 0.48635369705183357 0.29588783026267323 5 0.03192848020434227
1636 0.23418097386011016 0.24687446306114924 10 0.03203074951953875
1637 0.48496061662687656 0.2973010368305886 5 0.03192848020434227
1637 0.2345974898820847 0.24674468746441264 10 0.032020493115593976
1638 0.4829986033736747 0.29874464168519493 5 0.03192848020434227
1638 0.23492911698998445 0.24623225741857172 10 0.032020493115593976
1639 0.4820392740291609 0.30016600049017855 5 0.03192848020434227
1639 0.2352904847416358 0.24579444999451727 10 0.032020493115593976
1640 0.4814997350590269 0.30160437740563983 5 0.03192848020434227
1640 0.23573685845995257 0.2454491069585218 10 0.032020493115593976
1641 0.4808078821597085 0.30305656603262465 5 0.03192848020434227
1641 0.23610618387982835 0.24504495448893132 10 0.032020493115593976
1642 0.4787321078232433 0.30443780057805264 5 0.03192848020434227
1642 0.23693434817708448 0.2448833890259904 10 0.03201024327784891
1643 0.47747508778584 0.30575498203506835 5 0.03192848020434227
1643 0.23725755374913163 0.2444692153788799 10 0.03201024327784891
1644 0.47655052037721524 0.30707483328274243 5 0.03192848020434227
1644 0.23783603440431303 0.24414911385222976 10 0.03201024327784891
1645 0.47518796826824394 0.30840812362884285 5 0.03192848020434227
1645 0.23837255297551554 0.243763318523732 10 0.03201024327784891
1646 0.4744048469089138 0.30979439436697137 5 0.03192848020434227
1646 0.2391374819857412 0.24361363891042748 10 0.032
1647 0.4740843040264486 0.31119632924479634 5 0.03192848020434227
1647 0.23937683495693882 0.2431849137268451 10 0.032
1648 0.47373005157754733 0.3125688643948858 5 0.03192848020434227
1648 0.23969896641751762 0.24283949836996088 10 0.032
1649 0.472217426838776 0.31397295366034195 5 0.03192848020434227
1649 0.23983951822564512 0.2424573035926607 10 0.032
1650 0.471074590077096 0.31542005056702516 5 0.03192848020434227
1650 0.23975904658821928 0.241734537968115 10 0.03201024327784891
1651 0.4703503420990569 0.3168433590917376 5 0.03192848020434227
1651 0.24002118528681934 0.24139263692263463 10 0.03201024327784891
1652 0.4689567818979862 0.31835001119462836 5 0.03192848020434227
1652 0.24025824230209109 0.2409784034002314 10 0.03201024327784891
1653 0.4681943930238918 0.3199155115110539 5 0.03192848020434227
1653 0.24039803787817302 0.2405161924224696 10 0.03201024327784891
1654 0.4680316068378841 0.3214364693003934 5 0.03192848020434227
1654 0.24060956461709265 0.24010609691012572 10 0.03201024327784891
1655 0.46792192144317435 0.32277428491116794 5 0.03192848020434227
1655 0.2407610017606585 0.23949525899669705 10 0.032020493115593976
1656 0.46629480020065694 0.3241882458935059 5 0.03192848020434227
1656 0.24093009758775513 0.23912229390128892 10 0.032020493115593976
1657 0.46515477287335666 0.3257020854796723 5 0.03192848020434227
1657 0.2408888516671699 0.238635106722992 10 0.032020493115593976
1658 0.4643316140597409 0.3272568940300685 5 0.03192848020434227
1658 0.24081332967063446 0.23811935096980147 10 0.032020493115593976
1659 0.46332159221767294 0.3287790753546315 5 0.03192848020434227
1659 0.2407489942596897 0.23734552744094853 10 0.03203074951953875
1660 0.46280552629900784 0.33028711553114004 5 0.03192848020434227
1660 0.2410074761978454 0.23698797443819264 10 0.03203074951953875
1661 0.46282017716024076 0.3318109598771025 5 0.03192848020434227
1661 0.24135734338253728 0.23661855488189967 10 0.03203074951953875
1662 0.462417685242787 0.3333841975424226 5 0.03192848020434227
1662 0.24152439862550054 0.23621095866843017 10 0.03203074951953875
1663 0.46108442993080434 0.3350307741323118 5 0.03192848020434227
1663 0.24143422434578507 0.23570268551187992 10 0.03203074951953875
1664 0.46010867092451224 0.33676477894493634 5 0.03192848020434227
1664 0.24105179070838262 0.23475315311048264 10 0.03204101249599487
1665 0.45948299469000176 0.33852870330705365 5 0.03192848020434227
1665 0.2408305690218532 0.23405934686367208 10 0.03204101249599487
1666 0.458740871584501 0.34023173955080016 5 0.03192848020434227
1666 0.24124475559593367 0.2333393243587532 10 0.03201024327784891
1667 0.45831922737606623 0.34183483122816793 5 0.03192848020434227
1667 0.2420074866279082 0.23271636825964462 10 0.0319693094629156
1668 0.4581799539411094 0.343488547459397 5 0.03192848020434227
1668 0.24266327920832853 0.23198884450051588 10 0.031938677738741615
1669 0.45782453045812127 0.3451810616092485 5 0.03192848020434227
1669 0.24335948021188775 0.2313957730170358 10 0.031918289179699966
1670 0.4562293066791434 0.3468612807556587 5 0.03192848020434227
1670 0.24384320084141145 0.23083951751940585 10 0.03189792663476874
1671 0.45499492619825277 0.34859515246557665 5 0.03192848020434227
1671 0.24371831837741018 0.23010346562817768 10 0.03188775510204082
1672 0.45357935409835604 0.35036698498252616 5 0.03192848020434227
1672 0.24359943950511487 0.22945970075772934 10 0.03186743148502231
1673 0.452917749816928 0.3521272960096831 5 0.03192848020434227
1673 0.24364682567739124 0.2288493380431295 10 0.03184713375796178
1674 0.452682125337481 0.35393348298752486 5 0.03192848020434227
1674 0.24387470672962155 0.22815105407303946 10 0.031826861871419476
1675 0.4525316412489352 0.3557849030031024 5 0.03192848020434227
1675 0.24388595542788644 0.2275204032160974 10 0.03179650238473768
1676 0.4520163444756856 0.3576141038909153 5 0.03192848020434227
1676 0.2441826876576579 0.2268414848287575 10 0.031776294884016516
1677 0.45077575753938454 0.359388964023602 5 0.03192848020434227
1677 0.24455145115624735 0.2262455959569714 10 0.03175611305176246
1678 0.44920126507261726 0.361336891853887 5 0.03190810465858328
1678 0.24516361756186683 0.22563688930957296 10 0.031725888324873094
1679 0.4480978671605428 0.3631337173869213 5 0.03190810465858328
1679 0.24531370646934145 0.22496540636160217 10 0.03169572107765452
1680 0.4474795143235541 0.36494130846170597 5 0.03190810465858328
1680 0.24568717911134094 0.224302872517339 10 0.031665611146295125
1681 0.447225322953142 0.3667077149461492 5 0.03190810465858328
1681 0.24618407768528364 0.22370836228292057 10 0.031625553447185324
1682 0.44679347352912774 0.368486669736827 5 0.03190810465858328
1682 0.24647449540694527 0.22308862146247949 10 0.03158559696778269
1683 0.4453679560618461 0.3702688912551614 5 0.03190810465858328
1683 0.24735298241544185 0.22247494449613953 10 0.031545741324921134
1684 0.4443624734503603 0.3720219247769089 5 0.03190810465858328
1684 0.2483369035757616 0.22197834289506804 10 0.031486146095717885
1685 0.4432538546957551 0.3737933219358499 5 0.03190810465858328
1685 0.2486525400703526 0.2214298591899601 10 0.03143665513989311
1686 0.4430193038907708 0.3755714827836582 5 0.03190810465858328
1686 0.24909160346650738 0.2209327392307061 10 0.031377470975839344
1687 0.44309934892498976 0.37732158053516895 5 0.03190810465858328
1687 0.24999958509082107 0.22049232088212262 10 0.03131850923896022
1688 0.44314871427419195 0.37912652160031773 5 0.03190810465858328
1688 0.25074902828907375 0.21998354487982819 10 0.03125
1689 0.4425950696203321 0.3809842439632886 5 0.03190810465858328
1689 0.2521872090665521 0.21943320166843513 10 0.031172069825436407
1690 0.4424610571476557 0.38285532002877576 5 0.03190810465858328
1690 0.2539270051015741 0.21887510627971068 10 0.031094527363184077
1691 0.44263355689531875 0.3846685564693068 5 0.03190810465858328
1691 0.2555940920726581 0.21834534749829074 10 0.031026993484331366
1692 0.4425997089261922 0.3864575177910969 5 0.03190810465858328
1692 0.256740419630537 0.21779552105077085 10 0.03095017022593624
1693 0.44163260566312046 0.3882541792154015 5 0.03190810465858328
1693 0.25777827442510126 0.21724748262320834 10 0.030864197530864196
1694 0.44122482365977495 0.3900192859092774 5 0.03190810465858328
1694 0.2585694531829082 0.21672663197886172 10 0.03078817733990148
1695 0.44099559252908777 0.39174311417046537 5 0.03190810465858328
1695 0.2594830581636003 0.2163104464382264 10 0.030703101013202328
1696 0.4405880614288133 0.3934876886060065 5 0.03190810465858328
1696 0.26042670240564375 0.2158531332960702 10 0.030627871362940276
1697 0.44037746129759403 0.39526855682501666 5 0.03190810465858328
1697 0.2618043064421421 0.21539258185730623 10 0.030543677458766034
1698 0.4401607535114619 0.39711714187045427 5 0.03190810465858328
1698 0.26323182573144543 0.2148587005895471 10 0.03045066991473812
1699 0.43977512655446416 0.3990044930588657 5 0.03190810465858328
1699 0.26471070187800977 0.21427442438451635 10 0.030367446097783177
1700 0.43974466858579087 0.40088317666377227 5 0.03190810465858328
1700 0.26624183838598053 0.21375657243624985 10 0.030275507114744173
1701 0.4399688705024166 0.4027098789197249 5 0.03190810465858328
1701 0.2676314205311505 0.2132719666289756 10 0.03019323671497584
1702 0.4399749017871429 0.40457823936317683 5 0.03190810465858328
1702 0.26865366679835084 0.21274825336810096 10 0.03010234798314268
1703 0.4392054035957026 0.4064865733471249 5 0.03190810465858328
1703 0.2691401540753141 0.21218932688775785 10 0.030012004801920764
1704 0.43897523198118 0.40839402899855476 5 0.03190810465858328
1704 0.27118159933761665 0.21159680982975154 10 0.02990430622009569
1705 0.4391616551731471 0.4101984059029064 5 0.03190810465858328
1705 0.274918682552094 0.2110189147783777 10 0.029788501638367586
1706 0.4389902803778763 0.4120580339387619 5 0.03190810465858328
1706 0.2920318973039649 0.20746349314253423 10 0.028868360277136258
1707 0.43716081717818717 0.4142027198035085 5 0.03188775510204082
1707 0.291441413268391 0.20605918848950583 10 0.028785261945883704
1708 0.4368692592927209 0.41609880373955016 5 0.03188775510204082
1708 0.2911864000585404 0.20481159550735112 10 0.028735632183908046
1709 0.43631364742454226 0.41794129058719376 5 0.03188775510204082
1709 0.29135345070544566 0.203719459499681 10 0.028702640642939148
1710 0.43601340612701767 0.4198102436882428 5 0.03188775510204082
1710 0.29172585006979623 0.20252942148570768 10 0.0286697247706422
1711 0.43577028267521545 0.42170125867029357 5 0.03188775510204082
1711 0.2922772931545528 0.20132340627362502 10 0.028636884306987395
1712 0.43518414404703687 0.4235775406194661 5 0.03188775510204082
1712 0.29271455733620544 0.20012937311891993 10 0.02860411899313501
1713 0.43505502022996856 0.425492709805093 5 0.03188775510204082
1713 0.2927619152947023 0.19900810294133575 10 0.028579594169762787
1714 0.43515572407907077 0.4274452583483076 5 0.03188775510204082
1714 0.2927748101167664 0.19777289713732724 10 0.02854695974878675
1715 0.4344740545833273 0.4297140309275357 5 0.03186743148502231
1715 0.2927799539319356 0.19653254098750708 10 0.0285143997718848
1716 0.434059906260538 0.4316189959895106 5 0.03186743148502231
1716 0.2926531516597178 0.19527610168240878 10 0.028481913984619765
1717 0.43348196399643085 0.4334981051309814 5 0.03186743148502231
1717 0.2927140353600189 0.1939261240888595 10 0.02843332385555871
1718 0.4322200422532424 0.4353275182977754 5 0.03186743148502231
1718 0.29343168796186486 0.19269873180904665 10 0.028384899233607718
1719 0.4314052032467496 0.4373516389745914 5 0.03184713375796178
1719 0.29453474628276977 0.1914897605294755 10 0.028328611898016998
1720 0.43143854634050494 0.4391922835595472 5 0.03184713375796178
1720 0.29614761835765824 0.19013847334483552 10 0.02825656965244419
1721 0.43085665167406084 0.4410489809610961 5 0.03184713375796178
1721 0.29858364239615487 0.18875235617472935 10 0.028176951253874327
1722 0.4304124861012508 0.44315894522798754 5 0.031826861871419476
1722 0.2811390143878447 0.18190975633790454 10 0.02710027100271003
1723 0.4300912618690173 0.4450751727497736 5 0.031826861871419476
1723 0.27671646909428865 0.1815020399993576 10 0.02696144513345915
1724 0.429918367256411 0.44703354585968286 5 0.031826861871419476
1724 0.2767332848309466 0.18134342862772806 10 0.02693965517241379
1725 0.4297198093611409 0.44926541819916255 5 0.031806615776081425
1725 0.27634263773674983 0.18132445971779126 10 0.026910656620021525
1726 0.4292628383169447 0.45117351311664355 5 0.031806615776081425
1726 0.27591854467783655 0.1812311297429436 10 0.02688894864210809
1727 0.4291160631706724 0.4530067412980009 5 0.031806615776081425
1727 0.2756952876048203 0.1812123660889585 10 0.02686727565824825
1728 0.42860214259045487 0.45497579830925605 5 0.03178639542275906
1728 0.2754058661226362 0.18121454119685307 10 0.026845637583892617
1729 0.42873069276107645 0.45672777172920875 5 0.03178639542275906
1729 0.27475223799139753 0.18124441786901327 10 0.02682403433476395
1730 0.42830805557077517 0.45868725283603806 5 0.03176620076238882
1730 0.2739556585019421 0.1812242487653996 10 0.02680246582685607
1731 0.42695569667014543 0.46066374330675625 5 0.031746031746031744
1731 0.27354968575953453 0.18118450963893631 10 0.026780931976432776
1732 0.4267092374180731 0.4624795301752938 5 0.031746031746031744
1732 0.2730155434271165 0.181177039166429 10 0.026759432700026755
1733 0.42630006196841297 0.46447743946273407 5 0.031725888324873094
1733 0.27330864189006454 0.18120450703688032 10 0.026737967914438502
1734 0.42639177626570407 0.4663166484271505 5 0.031725888324873094
1734 0.2738572276770787 0.18120820725087589 10 0.026716537536735238
1735 0.42580667953426066 0.4683000953513609 5 0.03170577045022194
1735 0.27371506436125664 0.18116616463057425 10 0.026688017080330927
1736 0.4259894545720918 0.4701907342595363 5 0.03168567807351077
1736 0.27142172971893563 0.18118283462589196 10 0.02663115845539281
1737 0.4250532186974093 0.47208131930525565 5 0.031665611146295125
1738 0.4240346719703325 0.474172083235635 5 0.031625553447185324
1739 0.4237068146463341 0.47609790017209147 5 0.0316055625790139
1740 0.42356238776536637 0.47797671188470475 5 0.03158559696778269
1741 0.4233611934581593 0.47980386329933034 5 0.03156565656565657
1742 0.42349239546162465 0.48154312671942073 5 0.031545741324921134
1743 0.423530936672982 0.48332129435997284 5 0.0315059861373661
1744 0.4237283996088614 0.4849836618103895 5 0.031486146095717885
1745 0.4237518262074745 0.4867493339731375 5 0.031446540880503145
1746 0.4230386710945672 0.48846590469719836 5 0.031426775612822117
1747 0.42184341992252306 0.49004222468097247 5 0.03138731952291274
1748 0.42144100071556806 0.49142687218942893 5 0.03132832080200501
1749 0.4211063381763466 0.4927722727436872 5 0.03128911138923654
1750 0.41986692760677274 0.49413147485576625 5 0.03125
1751 0.4191482312981683 0.4957712376079395 5 0.03119151590767311
1752 0.418820489640774 0.4974958465754632 5 0.0311332503113325
1753 0.4185020196255757 0.4991824939130982 5 0.031075201988812928
1754 0.41702590159787334 0.5007177929201527 5 0.031017369727047144
1755 0.4153564097643027 0.5020426398667002 5 0.030940594059405937
1756 0.415579060683927 0.5031130243030009 5 0.030864197530864196
1757 0.41687028968307177 0.5040703834695157 5 0.03078817733990148
1758 0.4172704188191439 0.504821607667318 5 0.03069367710251688
1759 0.41538940384600254 0.5051349120582131 5 0.03058103975535168
1760 0.41253758367587007 0.5053620423853556 5 0.03048780487804878
1761 0.41095360155735944 0.5063667595759752 5 0.030376670716889424
1762 0.4102320075387703 0.5073814667431364 5 0.030248033877797943
1763 0.4095405581425946 0.5080928225203456 5 0.030120481927710843
1764 0.40779091780266236 0.5080727602572835 5 0.029976019184652276
1765 0.40624824277055016 0.5076636340974511 5 0.029832935560859183
1766 0.4024957452381096 0.506526783565685 5 0.029691211401425176
1767 0.4001202325168066 0.5044909677592856 5 0.029533372711163613
1768 0.3964599344179466 0.5021809099490142 5 0.02935995302407516
1769 0.3924210474854775 0.49967329710267283 5 0.029188558085230586
1770 0.38820197135806933 0.4965493479809132 5 0.029002320185614848
1771 0.38329393599123657 0.493741197245314 5 0.02881844380403458
1772 0.37857307941246704 0.4907373958133947 5 0.028636884306987395
1773 0.37283572877762405 0.4885164840302384 5 0.028473804100227786
1774 0.366869483965242 0.4865197662217084 5 0.028328611898016998
1775 0.36149996721070815 0.48444399694641344 5 0.028169014084507043
1776 0.3559948520550533 0.4824022467294614 5 0.028011204481792718
1777 0.3514923829827202 0.48071191820815484 5 0.027855153203342618
1778 0.34835514061884504 0.47882873786271807 5 0.027685492801771867
1779 0.34552857911375356 0.47695415833101806 5 0.027533039647577088
1780 0.3421585070246068 0.47475781318879273 5 0.027382256297918944
1781 0.3340483052978985 0.4711638659681679 5 0.02717391304347826
1782 0.3123321613173427 0.4341001281510931 5 0.025786487880350695
1783 0.31393895798787275 0.4315565127925075 5 0.02569373072970195
1784 0.3157626917206177 0.4302232540612117 5 0.02565418163160595
1785 0.3177622149314959 0.4288010177441938 5 0.025614754098360653
1786 0.3192305510561686 0.42727590546137656 5 0.02557544757033248
1787 0.3199901019269148 0.42542969288318766 5 0.025536261491317668
1788 0.3209366444478464 0.4243220791506238 5 0.025510204081632654
1789 0.3217846465668677 0.42331008129649544 5 0.0254841997961264
1790 0.32242642547115313 0.4222986786257949 5 0.02545824847250509
1791 0.324038644882516 0.4218052195468437 5 0.02544529262086514
1792 0.3252266146296978 0.4208329994743714 5 0.02541942043721403
1793 0.32696496847610623 0.42059732001405215 5 0.02540650406504065
1794 0.32906372593584465 0.41976746086650085 5 0.025380710659898477
1795 0.3305474528008687 0.41928294585626347 5 0.025367833587011668
1796 0.33203404231510125 0.4186417955282196 5 0.025354969574036507
1797 0.334524008200238 0.4179930082866954 5 0.02534211860111505
1798 0.33608861948957125 0.41749928593588875 5 0.025329280648429583
1799 0.338578201500524 0.4167222906316789 5 0.025303643724696352
1800 0.3411467237173996 0.41656020650843495 5 0.025290844714213452
1801 0.34276802255331096 0.41687999494329936 5 0.025290844714213452
1802 0.34460651881534965 0.41626975257265036 5 0.025278058645096056
1803 0.3461515821313962 0.4157509551582974 5 0.025265285497726123
1804 0.3482539182459771 0.4152798536084107 5 0.025252525252525252
1805 0.3501449306449703 0.4153406370057186 5 0.025252525252525252
1806 0.3520707119871949 0.41490068542531944 5 0.025239777889954566
1807 0.35381772978502257 0.41459302093091405 5 0.02522704339051463
1808 0.3559788213956388 0.41483244542826014 5 0.02522704339051463
1809 0.3575339884629016 0.4144547430332762 5 0.025214321734745335
1810 0.3599070035292176 0.41468895953271157 5 0.025214321734745335
1811 0.3615316814152006 0.4144158008989554 5 0.025201612903225805
1812 0.3631660106743205 0.41470754594442616 5 0.025201612903225805
1813 0.3660289532340222 0.4143086262941512 5 0.02518891687657431
1814 0.367845537022354 0.4145040720153535 5 0.02518891687657431
1815 0.3704267237101817 0.4141771853802151 5 0.025176233635448134
1816 0.374882221870334 0.4129311900075135 5 0.025025025025025023
1817 0.37658305412776494 0.4137071501605402 5 0.02503755633450175
1818 0.37830199206448967 0.4132063274329571 5 0.02503755633450175
1819 0.37999540735124016 0.4127239373472662 5 0.02503755633450175
1820 0.38153975617847075 0.41350535420653356 5 0.0250501002004008
1821 0.38306259370045515 0.41315545282218774 5 0.0250501002004008
1822 0.38459246183820495 0.41394627248621285 5 0.02506265664160401
1823 0.3867129215569602 0.41339104012351785 5 0.02506265664160401
1824 0.38843207261792234 0.41411406998609246 5 0.025075225677031094
1825 0.38998473429823555 0.4137902273257027 5 0.025075225677031094
1826 0.3915234389730848 0.4134878048929158 5 0.025075225677031094
1827 0.3934213463884999 0.4141539797059822 5 0.025087807325639738
1828 0.39531982039059194 0.4137767800804116 5 0.025087807325639738
1829 0.3969434948320528 0.4145628870820004 5 0.0251004016064257
1830 0.3987738818608503 0.41415422772771987 5 0.0251004016064257
1831 0.4000418040853499 0.4148164139782936 5 0.0251130085384229
1832 0.40123971390230784 0.41446543630074395 5 0.0251130085384229
1833 0.4024123630742172 0.4151597170940472 5 0.02512562814070352
1834 0.4044659772304177 0.414608581807827 5 0.02512562814070352
1835 0.405943428948979 0.41519625164786395 5 0.02513826043237808
1836 0.4074610976882632 0.41477015751048213 5 0.02513826043237808
1837 0.40912312402040324 0.41530409284917863 5 0.02515090543259557
1838 0.4105894869578483 0.41534661092748654 5 0.02515090543259557
1839 0.4118213442092684 0.4155428215089705 5 0.02515090543259557
1840 0.413455600687633 0.41571635191069645 5 0.02515090543259557
1841 0.41513261965408554 0.4157768013495975 5 0.02515090543259557
1842 0.41655781959802374 0.41590246393187263 5 0.02515090543259557
1843 0.41781855621515734 0.4160953803948596 5 0.02515090543259557
1844 0.4195853423531486 0.4160151010573355 5 0.02515090543259557
1845 0.4209134453121298 0.4164783394009148 5 0.02516356316054353
1846 0.42211885907685326 0.41647781749274415 5 0.02516356316054353
1847 0.423415850177535 0.4164344248449834 5 0.02516356316054353
1848 0.4254388688454981 0.41628055883152343 5 0.02516356316054353
1849 0.42700862729397404 0.41619469705585443 5 0.02516356316054353
1850 0.42827486871676984 0.4161924005206229 5 0.02516356316054353
1851 0.42948827173893867 0.41670588233932626 5 0.025176233635448134
1852 0.4312629115309049 0.41658395739824916 5 0.025176233635448134
1853 0.4333744930542913 0.4164825787862311 5 0.025176233635448134
1854 0.4350547562552792 0.41644031380667323 5 0.025176233635448134
1855 0.43653956318341736 0.4164587512325909 5 0.025176233635448134
1856 0.43782803815239946 0.4165408368478637 5 0.025176233635448134
1857 0.43876727075465255 0.4169941971057223 5 0.02518891687657431
1858 0.4401026405686669 0.4168406700243912 5 0.02518891687657431
1859 0.4412573778202871 0.4167436055094889 5 0.02518891687657431
1860 0.44212587283809945 0.41714936223889765 5 0.025201612903225805
1861 0.4432152305908974 0.41706857731849106 5 0.025201612903225805
1862 0.4447053523028547 0.41690232363237484 5 0.025201612903225805
1863 0.44589906618750097 0.41723139717847413 5 0.025214321734745335
1864 0.44713418683083955 0.4171325656260529 5 0.025214321734745335
1865 0.4483651860435406 0.4170403932282916 5 0.025214321734745335
1866 0.4494613318549171 0.4174077752881965 5 0.02522704339051463
1867 0.4504259739748404 0.41738524351572304 5 0.02522704339051463
1868 0.45142561532368414 0.41744190977931944 5 0.02522704339051463
1869 0.4525505032078886 0.4174955284967113 5 0.02522704339051463
1870 0.4535241210648331 0.41752274750095 5 0.02522704339051463
1871 0.45415820432670495 0.4178760477800788 5 0.025239777889954566
1872 0.4549565224858484 0.41787538948590985 5 0.025239777889954566
1873 0.4561228859318751 0.41780440989589274 5 0.025239777889954566
1874 0.4571554441286855 0.41777804278174074 5 0.025239777889954566
1875 0.4578743757903112 0.41811602720943747 5 0.025252525252525252
1876 0.4587039749768291 0.41813345349040504 5 0.025252525252525252
1877 0.45963900782403844 0.41813331175762797 5 0.025252525252525252
1878 0.46064414825636 0.4181226927349161 5 0.025252525252525252
1879 0.46146879882977254 0.41844378262029486 5 0.025265285497726123
1880 0.46258487203787946 0.4184294247112231 5 0.025265285497726123
1881 0.46382336181294564 0.41845134668912537 5 0.025265285497726123
1882 0.4647604075841817 0.4184870703190581 5 0.025265285497726123
1883 0.46559578265517193 0.4188047882917519 5 0.025278058645096056
1884 0.46637838085241157 0.4187798991001256 5 0.025278058645096056
1885 0.46690328890966076 0.41881167688558774 5 0.025278058645096056
1886 0.46755881308025504 0.418832911039393 5 0.025278058645096056
1887 0.4680252219148427 0.41889236872004004 5 0.025278058645096056
1888 0.4686348020652473 0.41913942101392354 5 0.025290844714213452
1889 0.4696170992732971 0.41911564159235154 5 0.025290844714213452
1890 0.47077993909411625 0.4190549038137232 5 0.025290844714213452
1891 0.47184557335120203 0.4190200701499526 5 0.025290844714213452
1892 0.47299260464372883 0.4190221591876263 5 0.025290844714213452
1893 0.4738572153397588 0.4190317063131646 5 0.025290844714213452
1894 0.47437934426064954 0.4193061344775564 5 0.025303643724696352
1895 0.47490330788131774 0.41936605189277626 5 0.025303643724696352
1896 0.47544364849205306 0.4194256825746526 5 0.025303643724696352
1897 0.4762497390646834 0.4194038928300574 5 0.025303643724696352
1898 0.47686849807907705 0.41941721997168324 5 0.025303643724696352
1899 0.47733906561492034 0.4196295129698021 5 0.02531645569620253
1900 0.4778043185888466 0.4195056302478829 5 0.025303643724696352
1901 0.47857946995935574 0.41951471599128237 5 0.025303643724696352
1902 0.47930296439764764 0.4195352513939352 5 0.025303643724696352
1903 0.4800360710423777 0.41956387571669007 5 0.025303643724696352
1904 0.48090109713633533 0.41957483906731463 5 0.025303643724696352
1905 0.48161169046759744 0.41960733737041345 5 0.025303643724696352
1906 0.482211939043159 0.41965746356896283 5 0.025303643724696352
1907 0.4828753025931733 0.419718832402958 5 0.025303643724696352
1908 0.483401697172102 0.4197832390421669 5 0.025303643724696352
1909 0.48383863276812766 0.41985789669653445 5 0.025303643724696352
1910 0.48447463813838104 0.4198072265393944 5 0.025290844714213452
1911 0.48498747024718253 0.41988184220882313 5 0.025290844714213452
1912 0.48545834740221167 0.41996010915533966 5 0.025290844714213452
1913 0.4860293318833758 0.4199126689293589 5 0.025278058645096056
1914 0.4864585279942447 0.41999721779496235 5 0.025278058645096056
1915 0.4870856851005253 0.4200721809148302 5 0.025278058645096056
1916 0.48760788762697577 0.42014708442919285 5 0.025278058645096056
1917 0.4883577251752239 0.42008462865544455 5 0.025265285497726123
1918 0.48931744287775497 0.4201230463692795 5 0.025265285497726123
1919 0.49008055062267797 0.42007646661935893 5 0.025252525252525252
1920 0.4904714270489963 0.4201603453228753 5 0.025252525252525252
1921 0.4909240791242661 0.42015783262399503 5 0.025239777889954566
1922 0.4914220926817895 0.4202499140064905 5 0.025239777889954566
1923 0.4920803781829381 0.4202093596415783 5 0.02522704339051463
1924 0.49250647003961107 0.4202342373685123 5 0.02522704339051463
1925 0.4928941915994258 0.42027189294505496 5 0.02522704339051463
1926 0.49337035758239106 0.42029705711439574 5 0.02522704339051463
1927 0.49396712270340526 0.4202138077815144 5 0.025214321734745335
1928 0.4941075421942253 0.420274507204517 5 0.025214321734745335
1929 0.4945773985458174 0.42031033137273643 5 0.025214321734745335
1930 0.4952221526084202 0.42024377245875355 5 0.025201612903225805
1931 0.4956620003361622 0.4202841911623807 5 0.025201612903225805
1932 0.4960847456092088 0.42032826800499923 5 0.025201612903225805
1933 0.49665389232239343 0.420263324115073 5 0.02518891687657431
1934 0.49708190959924936 0.4203041935283478 5 0.02518891687657431
1935 0.4979124102935041 0.42022972466963493 5 0.025176233635448134
1936 0.49839020159806113 0.42027019348074324 5 0.025176233635448134
1937 0.49878963318259373 0.4202915624844836 5 0.025176233635448134
1938 0.49919138746645686 0.42031250590297464 5 0.025176233635448134
1939 0.499719218933181 0.4203236704570584 5 0.025176233635448134
1940 0.5003524512667715 0.4202414358725776 5 0.02516356316054353
1941 0.5007567251889651 0.42026230550419974 5 0.02516356316054353
1942 0.5012079765108313 0.42027848476916685 5 0.02516356316054353
1943 0.5016086918830506 0.4203006666187855 5 0.02516356316054353
1944 0.5019908197252257 0.42032375271550226 5 0.02516356316054353
1945 0.50262646631759 0.420238932858252 5 0.02515090543259557
1946 0.5030848558767486 0.4202580449134129 5 0.02515090543259557
1947 0.5036222382392986 0.42026699309615123 5 0.02515090543259557
1948 0.5041350228478563 0.4202795994860956 5 0.02515090543259557
1949 0.5046425799629091 0.42029054637819296 5 0.02515090543259557
1950 0.505263393103524 0.42030343369964057 5 0.02515090543259557
1951 0.5061081435806316 0.42021970924006913 5 0.02513826043237808
1952 0.5066358857573581 0.4202457963978169 5 0.02513826043237808
1953 0.507064370003564 0.42027441897979134 5 0.02513826043237808
1954 0.5075665632539778 0.42030808624071214 5 0.02513826043237808
1955 0.5082147668005461 0.42024365514725526 5 0.02512562814070352
1956 0.5086909600172 0.42027985712365695 5 0.02512562814070352
1957 0.5090775864290594 0.420320849826446 5 0.02512562814070352
1958 0.5095860475104812 0.4203612528897677 5 0.02512562814070352
1959 0.5102117286765429 0.4203016020389466 5 0.0251130085384229
1960 0.5106707927010887 0.4203414313073794 5 0.0251130085384229
1961 0.5111333639183919 0.42038196594589217 5 0.0251130085384229
1962 0.5115239756520912 0.42042321645307323 5 0.0251130085384229
1963 0.5120979230965228 0.42034643571535757 5 0.0251004016064257
1964 0.5124079865193993 0.42036313814400617 5 0.0251004016064257
1965 0.5129137473416183 0.42038124964035656 5 0.0251004016064257
1966 0.5134339315002816 0.4203998250304374 5 0.0251004016064257
1967 0.5139469760692836 0.42041889161114376 5 0.0251004016064257
1968 0.514454494141441 0.420439157111716 5 0.0251004016064257
1969 0.5149629155988832 0.4204600427680223 5 0.0251004016064257
1970 0.5154929504368334 0.42047952549922785 5 0.0251004016064257
1971 0.5159860876320354 0.4205008208692148 5 0.0251004016064257
1972 0.5165913158679676 0.4205209266128251 5 0.0251004016064257
1973 0.5171379409037867 0.42054298226846065 5 0.0251004016064257
1974 0.51767179014509 0.42056413687477623 5 0.0251004016064257
1975 0.5183080007534564 0.4205876566657512 5 0.0251004016064257
1976 0.5188881216277424 0.4206059631661578 5 0.0251004016064257
1977 0.5193999521163819 0.4206051768985196 5 0.0251004016064257
1978 0.5198277609709286 0.4206035089532957 5 0.0251004016064257
1979 0.5203856799685687 0.42060536696171785 5 0.0251004016064257
1980 0.5209504900058317 0.420608740431715 5 0.0251004016064257
1981 0.5214631758630814 0.420612530549176 5 0.0251004016064257
1982 0.5217168553960485 0.4207065714867529 5 0.0251130085384229
1983 0.5222013008026009 0.42071099264176876 5 0.0251130085384229
1984 0.522717849670694 0.4207174495282734 5 0.0251130085384229
1985 0.5232076338354941 0.4207241313733709 5 0.0251130085384229
1986 0.523710216351731 0.4207335313993701 5 0.0251130085384229
1987 0.524194007858054 0.4207444058176111 5 0.0251130085384229
1988 0.5244722803216622 0.4208452731494822 5 0.02512562814070352
1989 0.5247872241686788 0.4208509959638387 5 0.02512562814070352
1990 0.5251633650386325 0.4208404205791398 5 0.02512562814070352
1991 0.5255261996443904 0.4208302579121358 5 0.02512562814070352
1992 0.5256989522374121 0.4209078415999027 5 0.02513826043237808
1993 0.5260265242723177 0.42089537793931103 5 0.02513826043237808
1994 0.5264527574514096 0.42088284467941295 5 0.02513826043237808
1995 0.5266414377551972 0.42096058194444924 5 0.02515090543259557
1996 0.5269628677656343 0.420948292877869 5 0.02515090543259557
1997 0.5273947988779901 0.42093903119627385 5 0.02515090543259557
1998 0.5278025410508925 0.42092748129364316 5 0.02515090543259557
1999 0.5279583350382949 0.4210038333678791 5 0.02516356316054353
2000 0.5283589774454488 0.4209922308239643 5 0.02516356316054353
2001 0.5289010853410494 0.4209799474350991 5 0.02516356316054353
2002 0.5290500271909934 0.42105436446116745 5 0.025176233635448134
2003 0.5295382206911023 0.4210476087405975 5 0.025176233635448134
2004 0.5299428720682686 0.4210420187158487 5 0.025176233635448134
2005 0.5303202401177967 0.42103506743967045 5 0.025176233635448134
2006 0.5304557937454378 0.42111599267432603 5 0.02518891687657431
2007 0.5310722419788402 0.42112015715224327 5 0.02518891687657431
2008 0.5315231055226944 0.42111763263377056 5 0.02518891687657431
2009 0.5319268812751603 0.42111384095436744 5 0.02518891687657431
2010 0.5321381039791935 0.42120958737631203 5 0.025201612903225805
2011 0.5324707376571269 0.4212091923728109 5 0.025201612903225805
2012 0.5327362204569595 0.4212060092455479 5 0.025201612903225805
2013 0.5330562538641926 0.42120441588397944 5 0.025201612903225805
2014 0.533342762851733 0.42120789092000227 5 0.025201612903225805
2015 0.5335333887104653 0.42129618976138916 5 0.025214321734745335
2016 0.5338452287316386 0.4212972488689791 5 0.025214321734745335
2017 0.5342943389581969 0.4213092503214292 5 0.025214321734745335
2018 0.5346926975743733 0.4213138923497285 5 0.025214321734745335
2019 0.5350988729594801 0.4213169435738223 5 0.025214321734745335
2020 0.5353339368047887 0.42140981508966824 5 0.02522704339051463
2021 0.5360536696202416 0.4214270161295726 5 0.02522704339051463
2022 0.5365174161619306 0.4214353284435436 5 0.02522704339051463
2023 0.5369233127847257 0.4214432632480484 5 0.02522704339051463
2024 0.5373605405635937 0.421453682762003 5 0.02522704339051463
2025 0.5377462389213603 0.42146374192193015 5 0.02522704339051463
2026 0.5379556634356788 0.4215564409131597 5 0.025239777889954566
2027 0.5383203554519922 0.42156423219240935 5 0.025239777889954566
2028 0.5387044756905333 0.42157792368015057 5 0.025239777889954566
2029 0.5390694925046595 0.4215854580532379 5 0.025239777889954566
2030 0.5393843951167822 0.4215835599720753 5 0.025239777889954566
2031 0.5395446513450629 0.42166644881754545 5 0.025252525252525252
2032 0.5398312135310668 0.4216650887095449 5 0.025252525252525252
2033 0.5401247193525254 0.42166587023557733 5 0.025252525252525252
2034 0.540422508275656 0.4216644891101245 5 0.025252525252525252
2035 0.5407378806683724 0.421665000289393 5 0.025252525252525252
2036 0.5408828951023513 0.42174979452174666 5 0.025265285497726123
2037 0.5411823846077625 0.4217478805264959 5 0.025265285497726123
2038 0.5416228719513552 0.4217534878326329 5 0.025265285497726123
2039 0.5419225856219955 0.42175750031774717 5 0.025265285497726123
2040 0.5420980643206326 0.42175562573939535 5 0.025265285497726123
2041 0.542209459468814 0.4218392590625288 5 0.025278058645096056
2042 0.5424900105598575 0.4218492413636089 5 0.025278058645096056
2043 0.5427188259886917 0.421854692518162 5 0.025278058645096056
2044 0.542877183354707 0.4218547335702678 5 0.025278058645096056
2045 0.5429677418778083 0.42193592894400495 5 0.025290844714213452
2046 0.5430186525868372 0.42192743103276653 5 0.025290844714213452
2047 0.5430594545654694 0.4219227813533471 5 0.025290844714213452
2048 0.5431449721215778 0.4220031533484783 5 0.025303643724696352
2049 0.543266566975326 0.4219996573175381 5 0.025303643724696352
2050 0.5434373288478636 0.4219969447938052 5 0.025303643724696352
2051 0.5436933737249982 0.42199495572070145 5 0.025303643724696352
2052 0.5438046582081734 0.42207854349855534 5 0.02531645569620253
2053 0.5439415792986094 0.42207613127192334 5 0.02531645569620253
2054 0.5441178940140678 0.4220804000858007 5 0.02531645569620253
2055 0.5443007715509942 0.4220859805667237 5 0.02531645569620253
2056 0.5443162003350046 0.422158195302782 5 0.025329280648429583
2057 0.5444742113332224 0.42214879320780535 5 0.025329280648429583
2058 0.5446004146947953 0.4221414754635748 5 0.025329280648429583
2059 0.5448879786853787 0.4221554442191023 5 0.025329280648429583
2060 0.5450134624519454 0.4222394379342684 5 0.02534211860111505
2061 0.5451246995465349 0.4222361542410679 5 0.02534211860111505
2062 0.5452189517381367 0.4222319404752387 5 0.02534211860111505
2063 0.54549757629433 0.4222567410515697 5 0.02534211860111505
2064 0.5455955892260202 0.4223380495368462 5 0.025354969574036507
2065 0.5456631246822066 0.42233240128835436 5 0.025354969574036507
2066 0.5457345152451245 0.42232984980167465 5 0.025354969574036507
2067 0.5457760671732197 0.4223215293484839 5 0.025354969574036507
2068 0.5458749404949569 0.4224036489781476 5 0.025367833587011668
2069 0.5461088933095483 0.4224178938983842 5 0.025367833587011668
2070 0.5463709871949647 0.42243774318472005 5 0.025367833587011668
2071 0.546684219085067 0.4224672632626884 5 0.025367833587011668
2072 0.5469637479836315 0.42257902993900964 5 0.025380710659898477
2073 0.547360389779151 0.4226210281208225 5 0.025380710659898477
2074 0.5475725828909282 0.4226539235023602 5 0.025380710659898477
2075 0.5478591302492228 0.42268071885937647 5 0.025380710659898477
2076 0.5480836507013536 0.42278453373185554 5 0.025393600812595226
2077 0.5484610167046835 0.4228227895253137 5 0.025393600812595226
2078 0.548211328820327 0.4228503134097619 5 0.025393600812595226
2079 0.5485071066324834 0.42287443559397475 5 0.025393600812595226
2080 0.5489682708359283 0.4229069005700993 5 0.025393600812595226
2081 0.549145092316253 0.4230067443278706 5 0.02540650406504065
2082 0.5496233142248544 0.42304655568660676 5 0.02540650406504065
2083 0.5501182306748841 0.42309018774679574 5 0.02540650406504065
2084 0.5506126316558032 0.4231204627347408 5 0.02540650406504065
2085 0.5508411118835375 0.42323136930990374 5 0.02541942043721403
2086 0.551335834219433 0.4232708820238281 5 0.02541942043721403
2087 0.5517715619393637 0.4232961996734286 5 0.02541942043721403
2088 0.552591952882424 0.42335107880307976 5 0.02541942043721403
2089 0.5532203881647331 0.42335057660287995 5 0.02540650406504065
2090 0.5541842570528526 0.4233017540350235 5 0.025380710659898477
2091 0.5550523440500641 0.4233110524000475 5 0.025367833587011668
2092 0.5555714810433928 0.4233364461779342 5 0.025354969574036507
2093 0.5559907677494947 0.4233637011522644 5 0.02534211860111505
2094 0.5562153272239707 0.42339714921051713 5 0.02531645569620253
2095 0.5566574848597641 0.42344460869216294 5 0.025290844714213452
2096 0.5571012221327396 0.42348228609512206 5 0.025265285497726123
2097 0.5574023315052838 0.42354245349669045 5 0.025252525252525252
2098 0.5580551385528596 0.4234801582203209 5 0.025176233635448134
2099 0.5607480885750225 0.4225035295370301 5 0.024789291026276646
2100 0.5497593572411276 0.42253983373701065 5 0.024715768660405337
2101 0.5404404739514763 0.42263700082831523 5 0.024666995559940796
2102 0.5294526144064494 0.42276765364725993 5 0.024630541871921183
2103 0.52103969884486 0.42288474442854146 5 0.024606299212598423
2104 0.5093251994131531 0.42306144248454014 5 0.02457002457002457
2105 0.49698413880881115 0.42324146846561367 5 0.02453385672227674
2106 0.48413041909140275 0.4234353372528479 5 0.024497795198432138
2107 0.4706553412584887 0.4236975219369253 5 0.02446183953033268
2108 0.4604516423882429 0.42391825859467164 5 0.02443792766373411
2109 0.4500849592221381 0.42411914560605873 5 0.0244140625
2110 0.43936194244927973 0.42431390622953924 5 0.024390243902439025
2111 0.4287688546964562 0.4245235317306797 5 0.024366471734892786
2112 0.3867990139374201 0.42559690566725134 5 0.024189646831156264
2113 0.382183114561658 0.425823856432206 5 0.024154589371980676
2114 0.3775736211566678 0.42605312224622705 5 0.024119633381572598
2115 0.37450253649577714 0.42648617166184455 5 0.02405002405002405
2116 0.3711566391641527 0.42700779947801176 5 0.023980815347721823
2117 0.36691462496405214 0.4277742043212294 5 0.02391200382592061
2118 0.36471981658073493 0.42832866093269867 5 0.02386634844868735
2119 0.3642094156649681 0.4287710973297313 5 0.02384358607534573
2120 0.3636339815838011 0.4291898113753785 5 0.023820867079561697
2121 0.3631283598620185 0.42967930362824214 5 0.023786869647954328
2122 0.3637715373283466 0.4299854062480909 5 0.023786869647954328
2123 0.36457488731732285 0.4303341099056464 5 0.023786869647954328
2124 0.365217759258921 0.43063501636418094 5 0.023786869647954328
2125 0.36538657874419633 0.43069787367031376 5 0.02379819133745835
2126 0.36608192987595295 0.4310250010503629 5 0.02379819133745835
2127 0.36663650466354997 0.4313185686450396 5 0.02379819133745835
2128 0.367129231887581 0.4315971723512342 5 0.02379819133745835
2129 0.3676971018743662 0.43187867308993944 5 0.02379819133745835
2130 0.3679980452456755 0.4319585175166226 5 0.023809523809523808
2131 0.3686297579875353 0.432240270231688 5 0.023809523809523808
2132 0.369244876204334 0.4325081624572859 5 0.023809523809523808
2133 0.3700130549603789 0.4328092481045032 5 0.023809523809523808
2134 0.37063879262104493 0.4330861489646661 5 0.023809523809523808
2135 0.3706916551440467 0.43311508493757395 5 0.023820867079561697
2136 0.37120528669250674 0.43339236418481164 5 0.023820867079561697
2137 0.3717389627178066 0.4337919229516115 5 0.023820867079561697
2138 0.3720700979923822 0.4342113405426886 5 0.023820867079561697
2139 0.3721102579048252 0.4342766073402796 5 0.023832221163012392
2140 0.3723685980983364 0.4346824154768035 5 0.023832221163012392
2141 0.3725874668493687 0.4347987927980833 5 0.02384358607534573
2142 0.37292184302466425 0.4352220264175635 5 0.02384358607534573
2143 0.3730068982695308 0.4352910139125262 5 0.023854961832061067
2144 0.37347518001187996 0.4357544827227322 5 0.023854961832061067
2145 0.37363492295666734 0.43584974946530214 5 0.02386634844868735
2146 0.37394649671357794 0.4362799218207587 5 0.02386634844868735
2147 0.37414493075268485 0.436395414713144 5 0.02387774594078319
2148 0.3744487457109994 0.43683042264659655 5 0.02387774594078319
2149 0.3744692892156342 0.4369164853246472 5 0.023889154323936932
2150 0.3746320454128227 0.4373556917057332 5 0.023889154323936932
2151 0.37455975154561716 0.43743888393454133 5 0.02390057361376673
2152 0.37466723632877064 0.43786182352295216 5 0.02390057361376673
2153 0.3746133183561353 0.43794324548693797 5 0.02391200382592061
2154 0.3747581325128162 0.4383841954767327 5 0.02391200382592061
2155 0.3747572707453248 0.43848587092564817 5 0.023923444976076555
2156 0.3749608624821155 0.43893209295584346 5 0.023923444976076555
2157 0.37502002648595767 0.4390411628524597 5 0.023934897079942556
2158 0.3754342632560515 0.4395554568013256 5 0.023934897079942556
2159 0.3755463246724374 0.4396911857262132 5 0.023946360153256702
2160 0.37563674118208834 0.4402518850978601 5 0.023946360153256702
2161 0.3758103294484265 0.440388137302671 5 0.02395783421178725
2162 0.37617875596761546 0.440553442480376 5 0.023969319271332692
2163 0.3763308223890304 0.4411101899565571 5 0.023969319271332692
2164 0.37636887093315885 0.4411967046719458 5 0.023980815347721823
2165 0.37645731983927727 0.4412926314787451 5 0.02399232245681382
2166 0.37674646737048084 0.4418516808649332 5 0.02399232245681382
2167 0.37691824343442554 0.4419458418013769 5 0.02400384061449832
2168 0.37703402577068224 0.4424864410830473 5 0.02400384061449832
2169 0.377117180430228 0.442565761273373 5 0.024015369836695482
2170 0.3771600301769912 0.4426495457501014 5 0.024026910139356077
2171 0.3771735900333237 0.4431796373528877 5 0.024026910139356077
2172 0.3771096869150449 0.44324602368182087 5 0.02403846153846154
2173 0.37707064316922007 0.44331697044816465 5 0.02405002405002405
2174 0.3770859471986664 0.44383887454673604 5 0.02405002405002405
2175 0.3770975527888703 0.44391730362222337 5 0.02406159769008662
2176 0.37714817298277403 0.44443698758235417 5 0.02406159769008662
2177 0.37716500573969897 0.4445098245385436 5 0.024073182474723155
2178 0.377266021046164 0.44459231768991075 5 0.024084778420038533
2179 0.37757063617570685 0.4451423949509509 5 0.024084778420038533
2180 0.3781357485157083 0.4453220739973279 5 0.024096385542168676
2181 0.3785072097456448 0.4454612585922345 5 0.024108003857280617
2182 0.3787687394504924 0.44600370650674026 5 0.024108003857280617
2183 0.37910502360961607 0.4460893928559327 5 0.024119633381572598
2184 0.379739098410966 0.446607318813456 5 0.024119633381572598
2185 0.3801746022560302 0.4467047860639501 5 0.024131274131274128
2186 0.38042226868755835 0.4467862712145905 5 0.024142926122646062
2187 0.3806417666708957 0.44728416690843203 5 0.024142926122646062
2188 0.3807835883194228 0.44735391433567334 5 0.024154589371980676
2189 0.380990184627891 0.44747543261676637 5 0.02416626389560174
2190 0.3812635832926778 0.4480403127070819 5 0.02416626389560174
2191 0.3816376132372896 0.4481807667748493 5 0.024177949709864602
2192 0.3820620309875967 0.4487902230304857 5 0.024177949709864602
2193 0.3823268647925605 0.4489138561969292 5 0.024189646831156264
2194 0.3826284805031566 0.44903620841707353 5 0.024201355275895446
2195 0.38316496974166514 0.44964077497201477 5 0.024201355275895446
2196 0.3835193161666117 0.4497721973295222 5 0.024213075060532687
2197 0.3838349930161397 0.44989310486279893 5 0.024224806201550386
2198 0.3843368791658716 0.4504828449208181 5 0.024224806201550386
2199 0.38467919742087514 0.45060324987390316 5 0.024236548715462918
2200 0.38514317433362255 0.4511999487217884 5 0.024236548715462918
2201 0.385465270353314 0.4513084130682258 5 0.02424830261881668
2202 0.38572010484777447 0.4514007011106352 5 0.024260067928190195
2203 0.38610071077582037 0.45196072364662276 5 0.024260067928190195
2204 0.3863700806390096 0.45204209908681303 5 0.024271844660194174
2205 0.3867583819553534 0.4521783482934202 5 0.02428363283147159
2206 0.3872076199557616 0.4527629501685479 5 0.02428363283147159
2207 0.38747668044262984 0.4528608046919951 5 0.024295432458697763
2208 0.38784800464990093 0.4529703330214242 5 0.024307243558580455
2209 0.3885704318446104 0.4535816386295279 5 0.024307243558580455
2210 0.3890201057855815 0.4537081557226016 5 0.02431906614785992
2211 0.38936394394563373 0.45382578459189177 5 0.024330900243309004
2212 0.3897969327535223 0.45436720579044226 5 0.024330900243309004
2213 0.39007053083374343 0.45446762808777663 5 0.0243427458617332
2214 0.39029663760034905 0.45456347207505443 5 0.024354603019970774
2215 0.39065380398094696 0.4551443202164179 5 0.024354603019970774
2216 0.3908556077066253 0.45523804313601357 5 0.024366471734892786
2217 0.3910864799825783 0.45533589671819097 5 0.024378352023403216
2218 0.3914893264007813 0.45590383316493616 5 0.024378352023403216
2219 0.391932139543513 0.4561263575857706 5 0.024390243902439025
2220 0.3922604269408415 0.4562536759734507 5 0.02440214738897023
2221 0.3927388504602688 0.4568491468709056 5 0.02440214738897023
2222 0.39323622670181174 0.45698784417552873 5 0.0244140625
2223 0.39410511404890824 0.4576594255401722 5 0.0244140625
2224 0.39466741998471755 0.4578244982193196 5 0.024425989252564728
2225 0.3951424183312445 0.45796294394868725 5 0.02443792766373411
2226 0.3958934493445626 0.45855836706202674 5 0.02443792766373411
2227 0.3963308250976208 0.4586847645725138 5 0.02444987775061125
2228 0.39665318117069664 0.45878887337732177 5 0.02446183953033268
2229 0.3972194647150843 0.45936333237383237 5 0.02446183953033268
2230 0.3978172025110838 0.4594944062735129 5 0.024473813020068524
2231 0.3984940004219582 0.46009573304732426 5 0.024473813020068524
2232 0.39886748557190027 0.460214022695534 5 0.024485798237022526
2233 0.39929611884542304 0.4603866450380746 5 0.024497795198432138
2234 0.39976107080417095 0.4609808197814842 5 0.024497795198432138
2235 0.40002395204556895 0.4611049326579706 5 0.024509803921568627
2236 0.40020456296018364 0.46168894450730935 5 0.024509803921568627
2237 0.4005717984195193 0.4618453421271312 5 0.024521824423737126
2238 0.4008642381466914 0.4624411103332511 5 0.024521824423737126
2239 0.40116908841095295 0.46256910225108794 5 0.02453385672227674
2240 0.4015070431973366 0.46269127571262986 5 0.024545900834560628
2241 0.40191205781821404 0.46327639291318434 5 0.024545900834560628
2242 0.40210931665563115 0.4633734573286074 5 0.02455795677799607
2243 0.40266151963710595 0.4639356437993724 5 0.02455795677799607
2244 0.40290497372311646 0.46400353262157223 5 0.02457002457002457
2245 0.4031322469509271 0.46410688005197115 5 0.024582104228121928
2246 0.40344299106299947 0.464651113912202 5 0.024582104228121928
2247 0.40360342579089953 0.46483194237343184 5 0.024594195769798325
2248 0.4037002020820172 0.4649213559790205 5 0.024606299212598423
2249 0.40395994694786747 0.46546542692875664 5 0.024606299212598423
2250 0.4041074631272424 0.4655734994544717 5 0.024618414574101424
2251 0.4043933299803559 0.4660538623443711 5 0.024618414574101424
2252 0.4045575809863958 0.4661400269947875 5 0.024630541871921183
2253 0.404770692282001 0.46624710677489806 5 0.02464268112370626
2254 0.40521957581840845 0.46672983941159335 5 0.02464268112370626
2255 0.4053728748167851 0.46676466403147127 5 0.024654832347140037
2256 0.4055034720960517 0.4667993339169314 5 0.024666995559940796
2257 0.4056149426151382 0.46682284552416115 5 0.024679170779861793
2258 0.4058167207510956 0.46691202116070435 5 0.024691358024691357
2259 0.40589727467192604 0.46726533155545036 5 0.024691358024691357
2260 0.4059838120639897 0.4672889803681494 5 0.024703557312252964
2261 0.40605788026960904 0.46731082606653596 5 0.024715768660405337
2262 0.40589261987751124 0.46755504317496815 5 0.024715768660405337
2263 0.4059489210326812 0.4675734549071203 5 0.02472799208704253
2264 0.40584834189351754 0.4678279712646801 5 0.02472799208704253
2265 0.40593214305059905 0.4678547098591733 5 0.02474022761009401
2266 0.40601592357478217 0.46787003278996747 5 0.024752475247524754
2267 0.40612550741494086 0.46787258861178505 5 0.024764735017335313
2268 0.4063114792457195 0.46789148450578033 5 0.024777006937561942
2269 0.4065616605051927 0.4678890057496591 5 0.024789291026276646
2270 0.4069117935468166 0.4679400270023629 5 0.0248015873015873
2271 0.4075459389620546 0.4680404987230804 5 0.02481389578163772
2272 0.4084320838281902 0.46839164375187287 5 0.02481389578163772
2273 0.4095417767663555 0.4685965577176848 5 0.024826216484607744
2274 0.4109880819519437 0.46886377258789674 5 0.02483854942871336
2275 0.41323806792620593 0.4693527839446029 5 0.024850894632206758
2276 0.4148056203667684 0.4697081939390674 5 0.024863252113376425
2277 0.41601366202341905 0.46999119202150447 5 0.024875621890547265
2278 0.41760252116006 0.47037217635667883 5 0.024888003982080638
2279 0.42078668129527574 0.4713944333797393 5 0.0249003984063745
2280 0.42295779150093793 0.47209339900513375 5 0.024912805181863475
2281 0.42438579889662986 0.47258791652751864 5 0.02492522432701894
2282 0.4258777160196348 0.47306500406280705 5 0.02493765586034913
2283 0.42830033434853504 0.47372007416920264 5 0.0249500998003992
2284 0.43036891066207594 0.47437209510344436 5 0.02496255616575137
2285 0.43230249107693525 0.47498704271487746 5 0.024975024975024972
2286 0.43445545067147123 0.4758374871337267 5 0.024975024975024972
2287 0.43646963381024795 0.47646761630613665 5 0.02498750624687656
2288 0.4382167492677439 0.47702333350422566 5 0.025
2289 0.440249674433148 0.47761063330050985 5 0.02501250625312656
2290 0.4419660325404943 0.47820282173580847 5 0.025025025025025023
2291 0.4435444859202282 0.47899331107795484 5 0.02503755633450175
2292 0.4446530332205977 0.47966892813859907 5 0.0250501002004008
2293 0.44560958235378034 0.480696115866901 5 0.0250501002004008
2294 0.4466854929005818 0.48138861522328763 5 0.02506265664160401
2295 0.4476434761775042 0.4820598276908646 5 0.025075225677031094
2296 0.44800602136099055 0.482933873188127 5 0.025075225677031094
2297 0.4481084014695429 0.48342846032119546 5 0.025087807325639738
2298 0.44833801440604554 0.4840360028155871 5 0.0251004016064257
2299 0.44829397398874626 0.4846611439495548 5 0.0251130085384229
2300 0.4474515981458197 0.48534935442785054 5 0.0251130085384229
2301 0.4471054290967954 0.4859466534185571 5 0.02512562814070352
2302 0.44684618754813676 0.4864686001577746 5 0.02513826043237808
2303 0.44533021825243224 0.48652989502476257 5 0.02513826043237808
2304 0.4440713744556316 0.4864970607927205 5 0.02513826043237808
2305 0.44317511424039474 0.48651468325905256 5 0.02513826043237808
2306 0.4420716666810251 0.48653487124604 5 0.02513826043237808
2307 0.44071282240734255 0.4862979084781645 5 0.02515090543259557
2308 0.4395533812295576 0.48623539654171655 5 0.02515090543259557
2309 0.4554685468021481 0.4918620055722983 5 0.024271844660194174
2310 0.45551648134034844 0.491599313218902 5 0.024271844660194174
2311 0.45525005390100104 0.49125065887991726 5 0.024271844660194174
2312 0.4551148662182848 0.4909419451699705 5 0.024271844660194174
2313 0.4550078552712713 0.49064393054115163 5 0.024271844660194174
2314 0.45479140958496833 0.490357624301302 5 0.024271844660194174
2315 0.454894371457054 0.48981725853774394 5 0.024260067928190195
2316 0.45472117948325286 0.4893567129567786 5 0.024260067928190195
2317 0.45496021510260043 0.4887859065881278 5 0.02424830261881668
2318 0.45528881345156835 0.4880469510482223 5 0.024236548715462918
2319 0.45490859012124485 0.4876626535883788 5 0.02424830261881668
2320 0.4549792105068039 0.4870260472965258 5 0.02424830261881668
2321 0.454833475647651 0.4863781821115679 5 0.02424830261881668
2322 0.45392204239916706 0.48597386864720454 5 0.024260067928190195
2323 0.45345376179895264 0.48524766724978374 5 0.024260067928190195
2324 0.453033944016091 0.48454490480962853 5 0.024260067928190195
2325 0.45255500412378113 0.4841387634304598 5 0.024271844660194174
2326 0.4525877780654737 0.48349521947500856 5 0.024271844660194174
2327 0.4528525098442818 0.4831249833162132 5 0.024271844660194174
2328 0.4528395672687967 0.48262443797777027 5 0.024271844660194174
2329 0.45254969568996106 0.482481093955057 5 0.02428363283147159
2330 0.45258483618631373 0.48208330631317653 5 0.02428363283147159
2331 0.452557984060205 0.4816827221607317 5 0.02428363283147159
2332 0.452347559714367 0.48122095949301025 5 0.02428363283147159
2333 0.4519235155177165 0.4810732834348583 5 0.024295432458697763
2334 0.4518699135404927 0.48065904958871136 5 0.024295432458697763
2335 0.4515777237202226 0.48008320530563087 5 0.024295432458697763
2336 0.4512645323799858 0.4799638369017226 5 0.024307243558580455
2337 0.4511444347619542 0.47941615832798823 5 0.024307243558580455
2338 0.4508585142780821 0.47936321036373286 5 0.02431906614785992
2339 0.450763026927786 0.47881208072221326 5 0.02431906614785992
2340 0.4507412223865416 0.47873708541339993 5 0.024330900243309004
2341 0.45084860598405196 0.4782635782104886 5 0.024330900243309004
2342 0.4514266977790884 0.4784281312219427 5 0.0243427458617332
2343 0.4517561204351474 0.478017564606648 5 0.0243427458617332
2344 0.4518997218151462 0.4779963820409314 5 0.024354603019970774
2345 0.45246801435112144 0.47758034606340266 5 0.024354603019970774
2346 0.4532049277023195 0.4774898564790814 5 0.024366471734892786
2347 0.4540773554378765 0.4771332385367667 5 0.024366471734892786
2348 0.4546702048949777 0.477231219993221 5 0.024378352023403216
2349 0.4553426294502536 0.47682915970815165 5 0.024378352023403216
2350 0.45573103284630606 0.47689231091573153 5 0.024390243902439025
2351 0.45627820048718515 0.47665371065604767 5 0.024390243902439025
2352 0.45660036212932215 0.4768589526693591 5 0.02440214738897023
2353 0.4570507458877631 0.47717707893909145 5 0.0244140625
2354 0.4573719839137237 0.47741170338106376 5 0.024425989252564728
2355 0.4577711081360273 0.4771526478398833 5 0.024425989252564728
2356 0.4580495073144738 0.47743602617563063 5 0.02443792766373411
2357 0.4582449506437844 0.4776211378721511 5 0.02444987775061125
2358 0.45843571057512583 0.4778008763538817 5 0.02446183953033268
2359 0.4586419310508315 0.4779860555123327 5 0.024473813020068524
2360 0.4589366197282949 0.4777015831295672 5 0.024473813020068524
2361 0.45914326725164656 0.47788929311737033 5 0.024485798237022526
2362 0.45934666254613826 0.4780777274171558 5 0.024497795198432138
2363 0.4594818341700738 0.4781754499873075 5 0.024509803921568627
2364 0.4595971176043232 0.47824663976092563 5 0.024521824423737126
2365 0.4597136053865653 0.478319622528298 5 0.02453385672227674
2366 0.45982580659838856 0.47838816938533935 5 0.024545900834560628
2367 0.45994812297308296 0.47846987762105087 5 0.02455795677799607
2368 0.4600574417068767 0.4785390972023376 5 0.02457002457002457
2369 0.46016072593391993 0.4786094665999506 5 0.024582104228121928
2370 0.4602593596456133 0.47867973420836646 5 0.024594195769798325
2371 0.4603630541779852 0.4787473586548063 5 0.024606299212598423
2372 0.46047490899637183 0.4788159238499764 5 0.024618414574101424
2373 0.4605940588252645 0.47888942048693667 5 0.024630541871921183
2374 0.46068266623731235 0.47892626188916765 5 0.02464268112370626
2375 0.4607731654291549 0.47897437184203745 5 0.024654832347140037
2376 0.4608540852322932 0.47901967058014316 5 0.024666995559940796
2377 0.46092887203989463 0.4790675368678051 5 0.024679170779861793
2378 0.46100577279598437 0.4791104909652626 5 0.024691358024691357
2379 0.46109281225066023 0.4791552506541879 5 0.024703557312252964
2380 0.4611861419720952 0.47919877694767293 5 0.024715768660405337
2381 0.4612937548477361 0.4792535039054391 5 0.02472799208704253
2382 0.4613926349914991 0.47930140845852653 5 0.02474022761009401
2383 0.4614864618811521 0.4793477716874202 5 0.024752475247524754
2384 0.4615818397491852 0.47939421478958344 5 0.024764735017335313
2385 0.46166614231078773 0.47942415288561613 5 0.024777006937561942
2386 0.4617629737872953 0.4794700601655693 5 0.024789291026276646
2387 0.4618576999073671 0.47951497041126184 5 0.0248015873015873
2388 0.46198306879466317 0.4796006918292683 5 0.02481389578163772
2389 0.4620681593251902 0.47964124937644953 5 0.024826216484607744
2390 0.46214499605163495 0.47967643579916563 5 0.02483854942871336
2391 0.46223569741319903 0.47973114592381244 5 0.024850894632206758
2392 0.46231119267007276 0.47976429635539547 5 0.024863252113376425
2393 0.4623870091680276 0.4797965528218726 5 0.024875621890547265
2394 0.46246812949664634 0.4798318883412066 5 0.024888003982080638
2395 0.4625360747811141 0.4798483228897359 5 0.0249003984063745
2396 0.4626175367850335 0.47988414967383913 5 0.024912805181863475
2397 0.46270188444860194 0.4799239096589355 5 0.02492522432701894
2398 0.46278756907639407 0.47996275556745865 5 0.02493765586034913
2399 0.46287998891922283 0.48000217950359997 5 0.0249500998003992
2400 0.46296994593610535 0.48004357780814366 5 0.02496255616575137
2401 0.46305085017523817 0.4800839053406419 5 0.024975024975024972
2402 0.46312984297122517 0.48013278538659876 5 0.02498750624687656
2403 0.4632017786861871 0.48016751524859214 5 0.025
2404 0.46327743777838126 0.48020089639415897 5 0.02501250625312656
2405 0.46335835421693333 0.4802374212074458 5 0.025025025025025023
2406 0.46343591343854057 0.48026937730701097 5 0.02503755633450175
2407 0.46351730261586865 0.48030621304525434 5 0.0250501002004008
2408 0.4636040176573889 0.48034600358284685 5 0.02506265664160401
2409 0.4636879296590838 0.4803785870013977 5 0.025075225677031094
2410 0.46377701780937636 0.4804202283756621 5 0.025087807325639738
2411 0.4638645880089701 0.48046232247058657 5 0.0251004016064257
2412 0.4639470842712238 0.48050169324736725 5 0.0251130085384229
2413 0.4640364121928722 0.48055412331017927 5 0.02512562814070352
2414 0.46411600429034633 0.4805924500460959 5 0.02513826043237808
2415 0.4641985336348961 0.48063341193697917 5 0.02515090543259557
2416 0.46428327172787576 0.48067429017075003 5 0.02516356316054353
2417 0.4643565582972379 0.48069893641080197 5 0.025176233635448134
2418 0.4644434021427129 0.48074247334678677 5 0.02518891687657431
2419 0.46453208843400684 0.4807873899024373 5 0.025201612903225805
2420 0.4646180518116834 0.4808290314298748 5 0.025214321734745335
2421 0.46470648647802537 0.48087286735387663 5 0.02522704339051463
2422 0.46479676716510676 0.48091662213221475 5 0.025239777889954566
2423 0.46489075834183763 0.48095890660859614 5 0.025252525252525252
2424 0.46499999417849497 0.48101396212222197 5 0.025265285497726123
2425 0.4650927197872822 0.4810590821007964 5 0.025278058645096056
2426 0.465161053166326 0.4810928022237581 5 0.025290844714213452
2427 0.46526300831891954 0.48118879445789353 5 0.025303643724696352
2428 0.46532581717121035 0.48122300596164147 5 0.02531645569620253
2429 0.46538794706747205 0.4812529784466162 5 0.025329280648429583
2430 0.46545022314363377 0.48128555222466607 5 0.02534211860111505
2431 0.465513422184378 0.48133411382021424 5 0.025354969574036507
2432 0.46559572213169914 0.4813679674847814 5 0.025367833587011668
2433 0.46574296129784065 0.48141298426507706 5 0.025380710659898477
2434 0.46594731332282374 0.481448717367697 5 0.025393600812595226
2435 0.46612893239962416 0.4815067298459965 5 0.02540650406504065
2436 0.46642069011154697 0.48111121196057105 5 0.02540650406504065
2437 0.46672127274004194 0.48117616544318054 5 0.02541942043721403
2438 0.46726722805257703 0.48133416044320343 5 0.025432349949135298
2439 0.46768504043317816 0.481460491415956 5 0.02544529262086514
2440 0.46802655055350373 0.4815593223757908 5 0.02545824847250509
2441 0.4684463101472078 0.4816806452696393 5 0.025471217524197655
2442 0.46876768690589216 0.48180324767455873 5 0.0254841997961264
2443 0.46896823750602845 0.4818858614918365 5 0.02549719530851606
2444 0.4691784723359638 0.4820037277740803 5 0.025510204081632654
2445 0.46931591097582925 0.48208146725268186 5 0.02552322613578356
2446 0.4693576616353736 0.4815217034959402 5 0.02552322613578356
2447 0.4693224761533483 0.4815655359576433 5 0.025536261491317668
2448 0.46924501998406687 0.48164272001780056 5 0.025549310168625446
2449 0.469227135621652 0.48170253993691176 5 0.025562372188139056
2450 0.46910142891473033 0.48114564633800444 5 0.025562372188139056
2451 0.4689009638285174 0.4811964266919201 5 0.02557544757033248
2452 0.46846198353924784 0.48123638047788475 5 0.025588536335721595
2453 0.46807925856105426 0.48061100208961466 5 0.025588536335721595
2454 0.4678336439802634 0.48064929449885535 5 0.02560163850486431
2455 0.4674596422928679 0.4806217993750116 5 0.025614754098360653
2456 0.467271790802156 0.4806505348297213 5 0.025627883136852894
2457 0.46734616406501744 0.48010702482318274 5 0.025627883136852894
2458 0.4674776458006085 0.48022428983238774 5 0.02564102564102564
2459 0.46749059123347037 0.4802391073295156 5 0.02565418163160595
2460 0.46747320311085233 0.4794954368978986 5 0.02565418163160595
2461 0.46745980813485166 0.4793957044392722 5 0.02566735112936345
2462 0.46731495814027946 0.478654073446942 5 0.02566735112936345
2463 0.4673137231828536 0.4785547196561709 5 0.025680534155110422
2464 0.4673110147741699 0.4778160796886827 5 0.025680534155110422
2465 0.46731410132429396 0.4777203248445261 5 0.02569373072970195
2466 0.46739342517205396 0.4769447184494832 5 0.02569373072970195
2467 0.46739750736430635 0.47685141747125803 5 0.02570694087403599
2468 0.46738024476490886 0.47676202262467093 5 0.0257201646090535
2469 0.46730863347782103 0.47596610252606036 5 0.0257201646090535
2470 0.4672661504682619 0.4758596486695915 5 0.025733401955738547
2471 0.46727203713731685 0.47511831435282803 5 0.025733401955738547
2472 0.4673075035968142 0.4751212184745718 5 0.025746652935118432
2473 0.4673886400202199 0.47449519761123177 5 0.025746652935118432
2474 0.4673926627492057 0.4744885872541972 5 0.02575991756826378
2475 0.4674865510471104 0.47383968088263356 5 0.02575991756826378
2476 0.46748549325254835 0.47383831469136173 5 0.02577319587628866
2477 0.46722576416383443 0.47291065940044125 5 0.02577319587628866
2478 0.46716985536002686 0.4728697209142848 5 0.025786487880350695
2479 0.46706611093968664 0.4720085796886696 5 0.025786487880350695
2480 0.46692614795763976 0.47192575028966627 5 0.025799793601651185
2481 0.46671951809195356 0.47104314858129914 5 0.025799793601651185
2482 0.46658324164053216 0.4710028517790394 5 0.025813113061435206
2483 0.46627259638954505 0.47083816912126564 5 0.025826446280991733
2484 0.46612395669379164 0.46987697484817376 5 0.025826446280991733
2485 0.46605595748025497 0.4697980408583183 5 0.025839793281653745
2486 0.46614981512673237 0.46889641036138874 5 0.025839793281653745
2487 0.46596776204034385 0.46865761927877114 5 0.025853154084798345
2488 0.46592311790310664 0.46856498323431583 5 0.02586652871184687
2489 0.4660908171391508 0.46767698944447317 5 0.02586652871184687
2490 0.46617812523092905 0.4676351072749793 5 0.02587991718426501
2491 0.46646646703063566 0.466783825845482 5 0.02587991718426501
2492 0.46667695299911227 0.46678027454414084 5 0.025893319523562917
2493 0.46692110949535737 0.46678214466029644 5 0.025906735751295335
2494 0.46707908798573616 0.4659391618233146 5 0.025906735751295335
2495 0.4672193479450609 0.4659238682037192 5 0.02592016588906169
2496 0.4675144493832632 0.4651285500523933 5 0.02592016588906169
2497 0.4678481026559683 0.46514316779930337 5 0.025933609958506222
2498 0.46810203603894635 0.4651939026383526 5 0.025947067981318107
2499 0.4684224396212831 0.4644005813207534 5 0.025947067981318107
2500 0.46868650387617183 0.46444457638362086 5 0.025960539979231565
2501 0.4691850816394597 0.4646471049056151 5 0.025974025974025976
2502 0.46964641726735223 0.46391581684675404 5 0.025974025974025976
2503 0.4699463951840669 0.46396991882852356 5 0.025987525987525985
2504 0.47033740570616434 0.4640819476116727 5 0.026001040041601663
2505 0.47073081647962234 0.46329384297566645 5 0.026001040041601663
2506 0.4708851361260149 0.4633109963369641 5 0.026014568158168574
2507 0.4709382826924677 0.4632980948952966 5 0.02602811035918792
2508 0.47100755782061166 0.46337966173643685 5 0.026041666666666668
2509 0.47121815319971716 0.4625138214008156 5 0.026041666666666668
2510 0.4712677878371753 0.46261497340191315 5 0.026055237102657634
2511 0.47131974976807545 0.4627955492202389 5 0.026068821689259645
2512 0.4713588306636984 0.4629204457280637 5 0.026082420448617628
2513 0.47145266476144954 0.4620560127395662 5 0.026082420448617628
2514 0.47146984617346055 0.4621679428165305 5 0.026096033402922752
2515 0.47155005974936265 0.46244304684227744 5 0.02610966057441253
2516 0.47153836139724553 0.4625722665057407 5 0.02612330198537095
2517 0.47152573039664114 0.46269550330242043 5 0.026136957658128592
2518 0.4717188428406052 0.4620390128376175 5 0.026136957658128592
2519 0.47173369286805755 0.4622016903106667 5 0.02615062761506276
2520 0.4716017104972939 0.4622349952190281 5 0.02616431187859759
2521 0.47140476192733527 0.46224665896047873 5 0.02617801047120419
2522 0.47128404208119223 0.46244266160452596 5 0.02619172341540073
2523 0.47109770671289597 0.46248478987971264 5 0.02620545073375262
2524 0.47092711212221766 0.4625276161616661 5 0.026219192448872573
2525 0.47081711946126525 0.46156676701389987 5 0.026219192448872573
2526 0.4707183178182155 0.46177725065755304 5 0.026232948583420772
2527 0.4705255496887636 0.4618233070051222 5 0.026246719160104987
2528 0.47031857570464386 0.4618427185555693 5 0.026260504201680673
2529 0.4702233464652455 0.46203847850222185 5 0.02627430373095113
2530 0.47001691357211284 0.4620575625421804 5 0.02628811777076761
2531 0.46983154714379494 0.4610545565034011 5 0.02628811777076761
2532 0.4696033862222168 0.46108579167187047 5 0.026301946344029454
2533 0.46937474050314815 0.461077815494392 5 0.02631578947368421
2534 0.4691793475194407 0.4610743321010101 5 0.02632964718272775
2535 0.4689712862528023 0.461054248678834 5 0.026343519494204423
2536 0.4688534630878001 0.46121509022344426 5 0.026357406431207167
2537 0.4686260510127032 0.4611914464246715 5 0.026371308016877634
2538 0.4683881976030504 0.4611526915081666 5 0.026385224274406333
2539 0.4679897786472281 0.4601023460897484 5 0.026385224274406333
2540 0.46766891458022225 0.4599906632421649 5 0.026399155227032733
2541 0.4673770230875708 0.4599222515722574 5 0.026413100898045428
2542 0.4671385810910783 0.45988142737138915 5 0.02642706131078224
2543 0.466802115451729 0.4596175881436431 5 0.026441036488630353
2544 0.46662399179895686 0.4595865457369829 5 0.026455026455026454
2545 0.46644805994123734 0.4595894588119737 5 0.026469031233456855
2546 0.4662446257820264 0.4585785102512173 5 0.026469031233456855
2547 0.46598771205982337 0.45848056075725907 5 0.026483050847457626
2548 0.46579256614031417 0.45846225005926156 5 0.02649708532061473
2549 0.46560634576307136 0.45845977557862766 5 0.026511134676564154
2550 0.4656501773730744 0.45882456754013157 5 0.026525198938992044
2551 0.46547516249580195 0.45882485308441856 5 0.026539278131634817
2552 0.4652999373502422 0.4587749069754493 5 0.02655337227827934
2553 0.46515634386511334 0.4587307555981798 5 0.026567481402763014
2554 0.4652307061421387 0.45783322813027266 5 0.026567481402763014
2555 0.4651077321790014 0.45779943783878857 5 0.026581605528973946
2556 0.46501189003661725 0.4577974960224269 5 0.026595744680851064
2557 0.46491991905911634 0.4577746236551765 5 0.026609898882384245
2558 0.46483861023533796 0.4577838213825814 5 0.02662406815761448
2559 0.46472198005283466 0.457788727029648 5 0.02663825253063399
2560 0.464581913958118 0.457793187223918 5 0.02665245202558635
2561 0.46433677569905984 0.45765285445814063 5 0.02666666666666667
2562 0.4641930991223493 0.45765297776812497 5 0.026680896478121663
2563 0.4640736713419503 0.4576789843544142 5 0.026695141484249865
2564 0.4639441222992412 0.45769342220868003 5 0.026709401709401708
2565 0.46384183189229083 0.4577535046600363 5 0.026723677177979688
2566 0.4637111220238574 0.4577656787166072 5 0.026737967914438502
2567 0.4635742819123953 0.45777165867301955 5 0.02675227394328518
2568 0.4634115145378338 0.45776104678441465 5 0.026766595289079226
2569 0.4632366815088547 0.4577680746420163 5 0.026780931976432776
2570 0.4630587899362816 0.45774407403521195 5 0.026795284030010715
2571 0.4629044040881114 0.45771966794571106 5 0.02680965147453083
2572 0.4627733433486272 0.45770108098685236 5 0.02682403433476395
2573 0.4626394474278457 0.45768458491278335 5 0.026838432635534083
2574 0.46249683588761953 0.4576661677064653 5 0.026852846401718578
2575 0.46233397742744564 0.45762867460921874 5 0.02686727565824825
2576 0.4621811214863773 0.45760658557093636 5 0.026881720430107527
2577 0.4620618879914581 0.4575940712899251 5 0.02689618074233459
2578 0.46205619784704577 0.457618061626035 5 0.026910656620021525
2579 0.4620915059801115 0.4575199761826593 5 0.026925148088314484
2580 0.46228391889762366 0.4575968154046454 5 0.02693965517241379
2581 0.4626833985321091 0.4577378310845758 5 0.026954177897574125
2582 0.46334192124883167 0.45790808592218973 5 0.026968716289104636
2583 0.4637888098518519 0.45807472875884236 5 0.02698327037236913
2584 0.4641213536175723 0.4582137019393532 5 0.026997840172786173
2585 0.4648222633056207 0.45844920521739574 5 0.027012425715829277
2586 0.4662149488498373 0.4589686565879977 5 0.02702702702702703
2587 0.4671928071200657 0.45932705944713764 5 0.02704164413196322
2588 0.46781904328037954 0.45957080359298297 5 0.027056277056277056
2589 0.4686981756250549 0.45987507034576086 5 0.027070925825663235
2590 0.47012608242091336 0.4601617106626703 5 0.027085590465872153
2591 0.4713094193600578 0.46059151178167745 5 0.02710027100271003
2592 0.47237513911796125 0.46130173771030386 5 0.027114967462039046
2593 0.47384767612442114 0.46226291977984235 5 0.027129679869777535
2594 0.47605352652223115 0.46328866543550484 5 0.027144408251900107
2595 0.47837065502589005 0.4645462864051531 5 0.027159152634437803
2596 0.48065377011457044 0.46580740105005625 5 0.02717391304347826
2597 0.48335593557219747 0.46722788649279734 5 0.02718868950516585
2598 0.4859535966992234 0.4686298245412425 5 0.02720348204570185
2599 0.48844327343274524 0.4699783158367329 5 0.02721829069134458
2600 0.49148012894625326 0.4717149821037852 5 0.027233115468409584
2601 0.4938034736248335 0.4730213593499899 5 0.027247956403269755
2602 0.49544998080236224 0.4740636263047279 5 0.027262813522355506
2603 0.4971351290728319 0.47413313100385246 5 0.027262813522355506
2604 0.5000496828151377 0.4759933468105747 5 0.027277686852154936
2605 0.5028724281226724 0.47806690008913916 5 0.02729257641921397
2606 0.5052837750172819 0.4799777939783579 5 0.027307482250136534
2607 0.5077220211059144 0.48189757714204723 5 0.0273224043715847
2608 0.510836286632514 0.48407442444301274 5 0.02733734281027884
2609 0.5138300368896827 0.48613065040153886 5 0.02735229759299781
2610 0.5167704686204526 0.48806768696323166 5 0.02736726874657909
2611 0.5202538993635712 0.49021343767928593 5 0.027382256297918944
2612 0.5237876970852426 0.49216154188686556 5 0.0273972602739726
2613 0.5273141176139237 0.49401030287545267 5 0.027412280701754384
2614 0.5311452096271956 0.4961536968399171 5 0.027427317608337904
2615 0.534090356504107 0.4978105509662332 5 0.0274423710208562
2616 0.5370571224391856 0.4996411552320226 5 0.02745744096650192
2617 0.540541035266729 0.5017361520348028 5 0.027472527472527472
2618 0.5450110560442505 0.5041819817302822 5 0.02748763056624519
2619 0.5486816294013064 0.5061387725565123 5 0.0275027502750275
2620 0.5518408393623 0.5079902867737393 5 0.0275178866263071
2621 0.554671504806463 0.5090183960767632 5 0.0275178866263071
2622 0.5580250928669266 0.5110609274851918 5 0.027533039647577088
2623 0.5614834238751462 0.5128994588046886 5 0.027548209366391185
2624 0.5652707406510834 0.5146514508519646 5 0.027563395810363836
2625 0.569705674318031 0.5165549819156694 5 0.027578599007170433
2626 0.573884926124384 0.5181636320487064 5 0.02759381898454746
2627 0.5779722909537968 0.5196126492349112 5 0.027609055770292653
2628 0.5830371389784046 0.5216891221686037 5 0.027624309392265192
2629 0.586986499033167 0.5231349512842546 5 0.027639579878385848
2630 0.5902969645148706 0.5245231124509224 5 0.027654867256637166
2631 0.5935561289869566 0.5260035745933133 5 0.027670171555063638
2632 0.5982905826152676 0.5281295546777941 5 0.027685492801771867
2633 0.6023090592696178 0.529350054528847 5 0.027700831024930747
2634 0.6066853657709617 0.5299338354154903 5 0.027716186252771616
2635 0.6120135240156609 0.5306817720732726 5 0.027731558513588463
2636 0.6162547586942612 0.5310536510432289 5 0.027746947835738067
2637 0.6193407215727146 0.531661787571925 5 0.027762354247640196
2638 0.6219988644277274 0.5325447615514294 5 0.027777777777777776
2639 0.6250393553480496 0.5333895005476611 5 0.027793218454697052
2640 0.6279442495193249 0.5341297642099139 5 0.027808676307007785
2641 0.6257324801383595 0.5346445665221682 5 0.027824151363383415
2642 0.622155482331484 0.5350711138919738 5 0.027839643652561245
2643 0.6192593813008043 0.5354084247775538 5 0.027855153203342618
2644 0.6167636477273597 0.5358621229139378 5 0.027870680044593088
2645 0.614173900620209 0.5362815211514839 5 0.02788622420524261
2646 0.6107906726383884 0.5365488539699068 5 0.027901785714285712
2647 0.6078326191567115 0.5365329154190226 5 0.02791736460078168
2648 0.6049696815490561 0.5361523986098656 5 0.027932960893854747
2649 0.6015899310004371 0.5356076689304834 5 0.02794857462269424
2650 0.5988825661653131 0.5351384807971361 5 0.02796420581655481
2651 0.5966530225731076 0.5349963764654546 5 0.027979854504756572
2652 0.594558849002206 0.5348110617286039 5 0.027995520716685325
2653 0.5922977206599721 0.5340409928199016 5 0.028011204481792718
2654 0.5903745644290821 0.5335091486575736 5 0.02802690582959641
2655 0.5887612552735487 0.5333184207191481 5 0.028042624789680313
2656 0.5871270722128246 0.5330080676754314 5 0.028058361391694722
2657 0.5850907110271166 0.5321664816891286 5 0.028074115665356537
2658 0.5832762910903797 0.5314680831274916 5 0.028089887640449437
2659 0.5816734746018549 0.5309443936259447 5 0.028105677346824058
2660 0.5801097462269282 0.5303011111951679 5 0.028121484814398197
2661 0.5785900825940348 0.5298134334276059 5 0.028137310073157003
2662 0.5771245697791954 0.529308940695563 5 0.02815315315315315
2663 0.5755967876345305 0.5284496604526245 5 0.028169014084507043
2664 0.5744345768063666 0.5278934376910465 5 0.02818489289740699
2665 0.573873902797378 0.5275444949353816 5 0.028200789622109416
2666 0.5732805337324833 0.5270625825755865 5 0.02821670428893905
2667 0.5725107655375503 0.52612458004038 5 0.0282326369282891
2668 0.5718376475014775 0.5255355999742736 5 0.02824858757062147
2669 0.5712272327404184 0.5251115985041631 5 0.02826455624646693
2670 0.5704992411345503 0.5242785288249396 5 0.028280542986425336
2671 0.569184513074092 0.5227399266079412 5 0.028296547821165814
2672 0.5681544974831334 0.5211871178316506 5 0.02831257078142695
2673 0.5674828685280264 0.5196852206466758 5 0.028328611898016998
2674 0.5668730195238822 0.5189378759538076 5 0.028344671201814057
2675 0.5663601952897719 0.5176882749221506 5 0.028344671201814057
2676 0.5657438952782904 0.5169650629830083 5 0.028360748723766305
2677 0.5648224670367011 0.5155119163812353 5 0.028376844494892164
2678 0.564166531114822 0.5144610181888846 5 0.02839295854628052
2679 0.5637131502933111 0.5138622117678919 5 0.028409090909090908
2680 0.5632399319857767 0.5131681005176649 5 0.028425241614553724
2681 0.5625953208657639 0.5118106541927323 5 0.02844141069397042
2682 0.5619636080843067 0.5106846979972037 5 0.028457598178713715
2683 0.561370118413685 0.509617016831321 5 0.028473804100227786
2684 0.5606476305195229 0.5082442080883469 5 0.02849002849002849
2685 0.5600629353149154 0.5072612822125127 5 0.028506271379703532
2686 0.5596145312859344 0.506626077809744 5 0.028522532800912718
2687 0.5590789470632413 0.5060078246378505 5 0.028538812785388126
2688 0.5586625372565995 0.5055997657515742 5 0.02855511136493432
2689 0.5583452033215207 0.5054967823313412 5 0.02857142857142857
2690 0.5580669497043549 0.5055387300863465 5 0.02858776443682104
2691 0.5577245841566748 0.5056611728427388 5 0.02860411899313501
2692 0.5574493248709441 0.5057152239538677 5 0.028620492272467084
2693 0.5571928957091423 0.5058147940081198 5 0.028636884306987395
2694 0.5569737792359399 0.5061112024222687 5 0.02865329512893983
2695 0.5568670293268874 0.5066529086565636 5 0.0286697247706422
2696 0.5567212277490323 0.5071861340808508 5 0.028686173264486515
2697 0.5565847184367809 0.5078552441435698 5 0.028702640642939148
2698 0.5565406899852916 0.5087469739108751 5 0.028719126938541065
2699 0.5564459506573601 0.5093777318538284 5 0.028735632183908046
2700 0.5563279269145412 0.509797695694286 5 0.02875215641173088
2701 0.5563338652951237 0.51032718940782 5 0.028768699654775604
2702 0.5563693482839638 0.5106292696448136 5 0.028785261945883704
2703 0.5563714441306286 0.5107299529472472 5 0.028801843317972347
2704 0.5563509124414192 0.5107843616057587 5 0.02881844380403458
2705 0.5563397861816191 0.5109281885584901 5 0.02883506343713956
2706 0.5562284114901586 0.5112041496138909 5 0.028851702250432775
2707 0.5561945181132751 0.5105183291756878 5 0.028851702250432775
2708 0.5561476642191392 0.5105144512584994 5 0.028868360277136258
2709 0.5561061024064493 0.5104859519340815 5 0.02888503755054881
2710 0.5560583513168315 0.5104317236771587 5 0.028901734104046242
2711 0.5559907508966878 0.5102765571494068 5 0.028918449971081547
2712 0.5556933860708341 0.5100572216150104 5 0.028935185185185182
2713 0.5555834696362254 0.5100392038029015 5 0.028951939779965255
2714 0.5555210675228122 0.5092007693364249 5 0.028951939779965255
2715 0.5554424404651834 0.509192952988798 5 0.02896871378910776
2716 0.5554046593753112 0.5089606950666239 5 0.028985507246376812
2717 0.5553257504718636 0.5089430233563966 5 0.029002320185614848
2718 0.5552464855853361 0.5080873484172072 5 0.029002320185614848
2719 0.5551933327348391 0.5081970385543993 5 0.02901915264074289
2720 0.5550844988878133 0.5081922442217734 5 0.02903600464576074
2721 0.5550095611663525 0.508275211408367 5 0.029052876234747237
2722 0.5549018611559818 0.5074507680458046 5 0.029052876234747237
2723 0.5548805723009193 0.5075926065704773 5 0.029069767441860465
2724 0.554817226590371 0.5077852105381889 5 0.029086678301337987
2725 0.5546807086709604 0.5080463181406525 5 0.02910360884749709
2726 0.5543787585206759 0.5072716570406273 5 0.02910360884749709
2727 0.5542318510870853 0.5075270678609738 5 0.029120559114735
2728 0.5540960720546142 0.5078045031081648 5 0.029137529137529133
2729 0.5539356214119493 0.5079940653230365 5 0.029154518950437316
2730 0.5534953732954049 0.5071108366848923 5 0.029154518950437316
2731 0.5532941423870913 0.5072258097276335 5 0.029171528588098017
2732 0.5531493130268009 0.5074231902611206 5 0.029188558085230586
2733 0.5529617547843001 0.5066393543563148 5 0.029188558085230586
2734 0.5528227263355214 0.5068673804077646 5 0.02920560747663551
2735 0.552693203551575 0.5071277740837014 5 0.02922267679719462
2736 0.5525385445195876 0.5064321919734764 5 0.02922267679719462
2737 0.552388934470359 0.5067634691517744 5 0.029239766081871343
2738 0.5522795576144843 0.5070707829382335 5 0.029256875365710942
2739 0.5521537524446246 0.5063995762976387 5 0.029256875365710942
2740 0.5520600195248926 0.5067205025770786 5 0.029274004683840747
2741 0.5519586667013752 0.5070794368595816 5 0.029291154071470413
2742 0.5518413512556208 0.5073165710143849 5 0.029308323563892142
2743 0.5516539628522442 0.506189333720269 5 0.029308323563892142
2744 0.5520945766148497 0.5053142436318174 5 0.02932551319648094
2745 0.5520002705120677 0.5049676827902099 5 0.029342723004694836
2746 0.5517507335876596 0.5039476412851682 5 0.029342723004694836
2747 0.5515298239981065 0.50363422756098 5 0.02935995302407516
2748 0.5521455731585512 0.5023485932729743 5 0.029377203290246765
2749 0.5519120641864018 0.5007007677822441 5 0.029377203290246765
2750 0.5516123592039077 0.500700216634691 5 0.02939447383891828
2751 0.5508637929788025 0.5013116584540511 5 0.029411764705882353
2752 0.5506574020918086 0.5016873651410122 5 0.02942907592701589
2753 0.550498590604317 0.5010629926198225 5 0.02942907592701589
2754 0.5502986871781279 0.5015582446225115 5 0.029446407538280327
2755 0.549050836212823 0.5025016049361537 5 0.029463759575721858
2756 0.54875235807521 0.5030813054472888 5 0.029481132075471695
2757 0.5486075591649525 0.5024083470972385 5 0.029481132075471695
2758 0.5484772107691391 0.5025895230837939 5 0.029498525073746312
2759 0.548183585195713 0.502682751206219 5 0.029515938606847696
2760 0.548043476585632 0.5028280535320073 5 0.029533372711163613
2761 0.5479876148554392 0.5028669717151594 5 0.029550827423167846
2762 0.5482061888986347 0.5028084473512731 5 0.029568302779420456
2763 0.5481932960580717 0.502869500284447 5 0.029585798816568046
2764 0.5481391591541114 0.5030327840345356 5 0.02960331557134399
2765 0.5482494250440008 0.5032621569575718 5 0.029620853080568717
2766 0.5481791388933429 0.5024040583858814 5 0.029620853080568717
2767 0.5481089797066743 0.5024959056610011 5 0.029638411381149966
2768 0.5480348702146367 0.5025456538270863 5 0.02965599051008303
2769 0.5478229230567209 0.5026453618579767 5 0.02967359050445104
2770 0.5477376602194138 0.5027088563131353 5 0.029691211401425176
2771 0.5476744704746498 0.5027628935403701 5 0.029708853238265002
2772 0.5476056674517409 0.5028065347454596 5 0.029726516052318665
2773 0.5474895554342922 0.5028626620446655 5 0.029744199881023198
2774 0.547429271315741 0.502911176909792 5 0.02976190476190476
2775 0.5473798518365383 0.5029668673833714 5 0.029779630732578916
2776 0.547306551545557 0.5030351390140181 5 0.02979737783075089
2777 0.5472528824844239 0.5030916035596762 5 0.029815146094215858
2778 0.5472022241469924 0.5031406485051579 5 0.029832935560859183
2779 0.5471491969263225 0.5031763519391286 5 0.029850746268656716
2780 0.5471262272155455 0.5031867707815958 5 0.02986857825567503
2781 0.5470761943476374 0.5032181010028831 5 0.029886431560071727
2782 0.5470212308283153 0.5032616352527475 5 0.02990430622009569
2783 0.5469690501191687 0.5033089678452625 5 0.02992220227408737
2784 0.5469275191951783 0.5033545164916665 5 0.029940119760479042
2785 0.5468745989454593 0.5033995176068851 5 0.029958058717795086
2786 0.54682137791336 0.5034430559428419 5 0.029976019184652276
2787 0.5467448036474424 0.5034900722984637 5 0.029994001199760045
2788 0.5466879066127996 0.5035351848054916 5 0.030012004801920764
2789 0.546635968836722 0.5035831392372061 5 0.03003003003003003
2790 0.5465948882894768 0.5036333089046202 5 0.03004807692307692
2791 0.5465442979782511 0.503683075468171 5 0.030066145520144315
2792 0.5464924197959847 0.5037306225152532 5 0.030084235860409144
2793 0.5464405282073687 0.5037781312425976 5 0.03010234798314268
2794 0.5463740341335888 0.5038305290953315 5 0.030120481927710843
2795 0.5463220881506154 0.5038790806924867 5 0.03013863773357444
2796 0.546272201912603 0.5039270472108004 5 0.030156815440289503
2797 0.5462231131343405 0.5039725913854977 5 0.030175015087507542
2798 0.5461640664680875 0.5040165436167691 5 0.03019323671497584
2799 0.5461136295710423 0.504062003840696 5 0.030211480362537766
2800 0.5460632939147152 0.5041105170373099 5 0.03022974607013301
2801 0.5460179912287073 0.5041618532394054 5 0.030248033877797943
2802 0.5459693266819302 0.5042106791085066 5 0.030266343825665856
2803 0.5459208464972816 0.5042581979173365 5 0.030284675953967288
2804 0.5458727907373607 0.5043045834702534 5 0.030303030303030304
2805 0.5458199642196777 0.5043500355932589 5 0.030321406913280776
2806 0.5457712881965714 0.5043967012831223 5 0.030339805825242715
2807 0.5457206233142861 0.5044429235235146 5 0.03035822707953855
2808 0.5456580765630875 0.504490544307347 5 0.030376670716889424
2809 0.5456063878276366 0.5045346574958414 5 0.030395136778115502
2810 0.5455561575331893 0.5045762887277496 5 0.03041362530413625
2811 0.5455048478114127 0.5046090489065093 5 0.030432136335970784
2812 0.5454971158928232 0.5046196207226689 5 0.03045066991473812
2813 0.5454490083406458 0.5046515014496069 5 0.030469226081657523
2814 0.5453970710000531 0.5046984179178278 5 0.03048780487804878
2815 0.5453500996153319 0.504756504544471 5 0.03050640634533252
2816 0.5452941679607031 0.5048215939682209 5 0.030525030525030524
2817 0.5452438767295147 0.5048810527184637 5 0.030543677458766034
2818 0.5451940595035341 0.5049390785270524 5 0.030562347188264054
2819 0.545142000279685 0.5050026441421601 5 0.03058103975535168
2820 0.5450904019435296 0.5050611535616423 5 0.030599755201958383
2821 0.5450395291974266 0.5051177798090472 5 0.030618493570116347
2822 0.5449881270972727 0.5051722833098893 5 0.03063725490196078
2823 0.5449557055548089 0.5052190945570291 5 0.03065603923973022
2824 0.5449058566539358 0.5052713147926275 5 0.03067484662576687
2825 0.5448518737028927 0.5053241429237845 5 0.03069367710251688
2826 0.5448098882270619 0.5053753431673419 5 0.03071253071253071
2827 0.5447575567787787 0.5054287635342617 5 0.030731407498463426
2828 0.544702503449622 0.5054800756173251 5 0.030750307503075027
2829 0.5446485371904991 0.5055299172913077 5 0.03076923076923077
2830 0.544564628524343 0.5055907417639969 5 0.03078817733990148
2831 0.5445109254950239 0.5056432221402173 5 0.030807147258163893
2832 0.5444625615524078 0.5056940290763923 5 0.030826140567200983
2833 0.5444294819084973 0.5057357834003608 5 0.03084515731030228
2834 0.5443801696424732 0.5057863234994109 5 0.030864197530864196
2835 0.5443280788055127 0.5058382818045863 5 0.030883261272390362
2836 0.5442753188608688 0.5058910835891515 5 0.030902348578491962
2837 0.544222201047251 0.5059439661995067 5 0.030921459492888062
2838 0.5441709931881716 0.505998412526773 5 0.030940594059405937
2839 0.5441195516281511 0.5060595677498324 5 0.030959752321981424
2840 0.5440879230724598 0.5061219192585477 5 0.03097893432465923
2841 0.5440380215873184 0.5061851308760474 5 0.0309981401115933
2842 0.5439896218028197 0.5062630332868714 5 0.031017369727047144
2843 0.5439403281778936 0.5063593792146774 5 0.03103662321539416
2844 0.5442272513569021 0.5063704062522769 5 0.031055900621118012
2845 0.5442253992263383 0.5065191120138325 5 0.031075201988812928
2846 0.5441888224507132 0.5067451791382862 5 0.031094527363184077
2847 0.5447853173398571 0.5068545891183343 5 0.031113876789047912
2848 0.5448392372280911 0.5070705297032502 5 0.0311332503113325
2849 0.5447695012271169 0.5073470232583421 5 0.03115264797507788
2850 0.5447110127248542 0.5078735396652799 5 0.031172069825436407
2851 0.5444114501928494 0.508777688172433 5 0.03119151590767311
2852 0.5443572889275838 0.5094549519047917 5 0.03121098626716604
2853 0.5443016088524864 0.5101727092591015 5 0.031230480949406617
2854 0.5438734945841339 0.5112125849164052 5 0.03125
2855 0.543795422628723 0.5117768775664607 5 0.031269543464665414
2856 0.5437462775146764 0.5120079643843505 5 0.03128911138923654
2857 0.5436975027911715 0.5122265642246135 5 0.03130870381966186
2858 0.5439372547506016 0.5125207423730456 5 0.03132832080200501
2859 0.5439919768420369 0.5127126620883277 5 0.03134796238244514
2860 0.5439978365134457 0.5128288867560153 5 0.031367628607277286
2861 0.5440298516420619 0.5130787765653297 5 0.03138731952291274
2862 0.544439870269662 0.5134755807077844 5 0.031407035175879394
2863 0.5445358127036715 0.5128204537608806 5 0.031407035175879394
2864 0.5445628128021948 0.5130672013807991 5 0.031426775612822117
2865 0.544453095802309 0.5133617730128772 5 0.031446540880503145
2866 0.544484437246002 0.5135025602119451 5 0.03146633102580239
2867 0.5445278732415572 0.5135848628847705 5 0.031486146095717885
2868 0.5444200071963159 0.5137828130832462 5 0.0315059861373661
2869 0.5444450312622455 0.5137838876631096 5 0.03152585119798234
2870 0.5444515549090557 0.5124755965322147 5 0.03152585119798234
2871 0.54447063569557 0.5120640652841988 5 0.031545741324921134
2872 0.5448444134524494 0.5114805058329621 5 0.03156565656565657
2873 0.5448674761235429 0.5100229129690139 5 0.03156565656565657
2874 0.5448582688253512 0.5095535804716864 5 0.03158559696778269
2875 0.5448465064061485 0.5088465355994621 5 0.0316055625790139
2876 0.5451430305348313 0.5065961520412776 5 0.0316055625790139
2877 0.5451365439629239 0.5056160011266535 5 0.031625553447185324
2878 0.545011491864884 0.5046153674658498 5 0.03164556962025317
2879 0.5446754475741112 0.5033353262886316 5 0.031665611146295125
2880 0.5444303846236315 0.5012531845072407 5 0.031665611146295125
2881 0.5443086535174413 0.5003952308979919 5 0.03168567807351077
2882 0.5438482574455363 0.4984035083540205 5 0.03168567807351077
2883 0.5436336034375977 0.49750725640476634 5 0.03170577045022194
2884 0.543480108709799 0.49681492460273013 5 0.031725888324873094
2885 0.5431895135770822 0.4951774865413047 5 0.031725888324873094
2886 0.5430237832913705 0.4944224259426244 5 0.031746031746031744
2887 0.5428346043283024 0.4924668833147486 5 0.031746031746031744
2888 0.5426720102515599 0.49153508635184906 5 0.03176620076238882
2889 0.5428163099404729 0.48947613686246705 5 0.03176620076238882
2890 0.5427154480459769 0.4886570231231103 5 0.03178639542275906
2891 0.5425349992134392 0.48695558000228284 5 0.03178639542275906
2892 0.5423824882788704 0.4862449106890037 5 0.031806615776081425
2893 0.5424099556006238 0.4843088404032409 5 0.031806615776081425
2894 0.5422985869193785 0.4834575665530815 5 0.031826861871419476
2895 0.5421428975780692 0.4815945753525396 5 0.031826861871419476
2896 0.5419934049537238 0.4808035238640488 5 0.03184713375796178
2897 0.5418521761229156 0.4787955412840092 5 0.03184713375796178
2898 0.5417130754072473 0.47796158306112596 5 0.03186743148502231
2899 0.5416339979808018 0.476096598899562 5 0.03186743148502231
2900 0.5416289040424929 0.4752505334508174 5 0.03188775510204082
2901 0.5415103104351756 0.47340709077223153 5 0.03188775510204082
2902 0.5413875170277065 0.47268279868729224 5 0.03190810465858328
2903 0.541369230952659 0.47082288568454167 5 0.03190810465858328
2904 0.5412873121871641 0.4701494631828617 5 0.03192848020434227
2905 0.5411283077352703 0.46844350877485025 5 0.03192848020434227
2906 0.5410221194761485 0.46767362886934827 5 0.03194888178913738
2907 0.5408763917514529 0.4658165449671916 5 0.03194888178913738
2908 0.540706331403956 0.46397041523324506 5 0.03194888178913738
2909 0.540606450752968 0.46325514962516684 5 0.0319693094629156
2910 0.5404326762964242 0.46148754702614825 5 0.0319693094629156
2911 0.5403220998716265 0.46076268273317134 5 0.03198976327575176
2912 0.540006470351132 0.45897947795676475 5 0.03198976327575176
2913 0.5397858183828925 0.4571734849983432 5 0.03198976327575176
2914 0.53974239661659 0.4564189433114832 5 0.03201024327784891
2915 0.5396155892717023 0.45461230769906924 5 0.03201024327784891
2916 0.5394974567295416 0.4539033445720217 5 0.03203074951953875
2917 0.5392841197014506 0.4520991375855388 5 0.03203074951953875
2918 0.539176355144806 0.45014291897866565 5 0.03203074951953875
2919 0.5390794356763614 0.44928775361335643 5 0.03205128205128205
2920 0.5388627197829765 0.4473496913065249 5 0.03205128205128205
2921 0.5386093541201479 0.4454409028337486 5 0.03205128205128205
2922 0.5383869145030229 0.44349913390846396 5 0.03205128205128205
2923 0.5382633860222802 0.4426329177410969 5 0.03207184092366902
2924 0.5380541617712468 0.4407200297163561 5 0.03207184092366902
2925 0.537964067955601 0.4388277461081522 5 0.03207184092366902
2926 0.5378563578250911 0.43802883868518155 5 0.03209242618741977
2927 0.5376275779969995 0.43614631462840253 5 0.03209242618741977
2928 0.5376794806640602 0.4341999443818133 5 0.03209242618741977
2929 0.5375186155296963 0.43230079811615046 5 0.03209242618741977
2930 0.5373853475107762 0.431344885657812 5 0.03211303789338471
2931 0.5371765117781726 0.4292880038293531 5 0.03211303789338471
2932 0.5370142987883229 0.4271402402862866 5 0.03211303789338471
2933 0.5368544655190374 0.42502722031633555 5 0.03211303789338471
2934 0.5366242186335177 0.42291255471777933 5 0.03211303789338471
2935 0.5363951132307925 0.4218287086127547 5 0.032133676092544985
2936 0.5361496508321231 0.4197235652085965 5 0.032133676092544985
2937 0.5359897832354558 0.4176568933169853 5 0.032133676092544985
2938 0.5357574987855134 0.41553665958855557 5 0.032133676092544985
2939 0.5355417193040389 0.4143599572747426 5 0.03215434083601286
2940 0.5352693450232596 0.41218659545024217 5 0.03215434083601286
2941 0.5350546637412196 0.41005512032470487 5 0.03215434083601286
2942 0.5348802334932318 0.4077547756105733 5 0.03215434083601286
2943 0.5346046340919377 0.4055422636841096 5 0.03215434083601286
2944 0.53431547529848 0.4034162763133464 5 0.03215434083601286
2945 0.5341212628415437 0.40230067764853494 5 0.032175032175032175
2946 0.5341581991025067 0.39997824340174315 5 0.032175032175032175
2947 0.5339308160571703 0.397818423046904 5 0.032175032175032175
2948 0.5336293276832403 0.3957733138459326 5 0.032175032175032175
2949 0.5333471819306954 0.39378015789238086 5 0.032175032175032175
2950 0.5334303865730332 0.3917299453264795 5 0.032175032175032175
2951 0.5332947312686037 0.3907591363724626 5 0.032195750160978746
2952 0.5331012215578276 0.38883705529418106 5 0.032195750160978746
2953 0.5329798903635525 0.3868936111273982 5 0.032195750160978746
2954 0.5329457254091959 0.3849770254094054 5 0.032195750160978746
2955 0.5327577469859646 0.3830947878571146 5 0.032195750160978746
2956 0.532605396041929 0.3811801737425478 5 0.032195750160978746
2957 0.5325052003089497 0.3793373648816262 5 0.032195750160978746
2958 0.5323825347246498 0.3784699680435787 5 0.03221649484536082
2959 0.5321553036577673 0.37669530898510406 5 0.03221649484536082
2960 0.5317993146016532 0.3749686252297246 5 0.03221649484536082
2961 0.531523448603618 0.3732128960625217 5 0.03221649484536082
2962 0.531152907754722 0.3714349142365674 5 0.03221649484536082
2963 0.5308537944603933 0.3697014097349315 5 0.03221649484536082
2964 0.5304311082428628 0.3680502636179639 5 0.03221649484536082
2965 0.5299082605591177 0.3663778977777855 5 0.03221649484536082
2966 0.5296193194968387 0.36473513914321043 5 0.03221649484536082
2967 0.5293721029217354 0.364071550576153 5 0.03223726627981947
2968 0.5291414852830753 0.3624610990570575 5 0.03223726627981947
2969 0.5288928678570451 0.3608250516036807 5 0.03223726627981947
2970 0.5283068519193694 0.3592175878901448 5 0.03223726627981947
2971 0.5279639040791032 0.3576853074396177 5 0.03223726627981947
2972 0.5277792695667209 0.35609662063432923 5 0.03223726627981947
2973 0.5273698789226047 0.35448402668714507 5 0.03223726627981947
2974 0.5271806350163291 0.35284119777664646 5 0.03223726627981947
2975 0.5269685381299467 0.3512415112665589 5 0.03223726627981947
2976 0.5268655609064108 0.3504491083237403 5 0.03225806451612903
2977 0.5266027536237755 0.3488863383828051 5 0.03225806451612903
2978 0.5263936030793214 0.3472283839002903 5 0.03225806451612903
2979 0.5261259048719571 0.34560459713540487 5 0.03225806451612903
2980 0.525866484200285 0.34399401593910023 5 0.03225806451612903
2981 0.5258312346854888 0.34229070050481003 5 0.03225806451612903
2982 0.5256040137642402 0.3406789595992262 5 0.03225806451612903
2983 0.525338506107106 0.3391010237614917 5 0.03225806451612903
2984 0.5250826402573942 0.3375743042955603 5 0.03225806451612903
2985 0.5252022362448227 0.33598599532319967 5 0.03225806451612903
2986 0.525016896308131 0.33452487648216483 5 0.03225806451612903
2987 0.5247509630999424 0.33307869127303913 5 0.03225806451612903
2988 0.5245487227921336 0.3316330489433387 5 0.03225806451612903
2989 0.5244609547892607 0.3301656240097556 5 0.03225806451612903
2990 0.5242619288696788 0.32877194748440614 5 0.03225806451612903
2991 0.5240369494784047 0.32740791076655495 5 0.03225806451612903
2992 0.523952712408369 0.3260518057617619 5 0.03225806451612903
2993 0.523791654868563 0.32471505919336796 5 0.03225806451612903
2994 0.5236060764455888 0.3234011452167339 5 0.03225806451612903
2995 0.5235438902156907 0.3221085165387852 5 0.03225806451612903
2996 0.5233981429404427 0.32085347587907054 5 0.03225806451612903
2997 0.5232221931661508 0.3196326061499909 5 0.03225806451612903
2998 0.523062985576391 0.3184308151474712 5 0.03225806451612903
2999 0.5230439823598421 0.3172266379909301 5 0.03225806451612903
3000 0.5228979183167692 0.3161055118055859 5 0.03225806451612903
3001 0.5227030974951697 0.3150584176680744 5 0.03225806451612903
3002 0.5225231648152354 0.31406226290365874 5 0.03225806451612903
3003 0.5223061618018684 0.3131753845761024 5 0.03225806451612903
3004 0.5221142988398846 0.312266281066545 5 0.03225806451612903
3005 0.5218802238383606 0.3114101560478789 5 0.03225806451612903
3006 0.52132349887292 0.31073587637263916 5 0.03225806451612903
3007 0.5210839460993391 0.3099749292109179 5 0.03225806451612903
3008 0.520854142852744 0.3092375567086586 5 0.03225806451612903
3009 0.5205853299701685 0.3085608459221255 5 0.03225806451612903
3010 0.5198028859455287 0.3080887763533346 5 0.03225806451612903
3011 0.5194556049071786 0.3074903481025077 5 0.03225806451612903
3012 0.5191956186885001 0.30687151589487044 5 0.03225806451612903
3013 0.5186926382033376 0.3063457046247722 5 0.03225806451612903
3014 0.5185072058577896 0.3060377698826978 5 0.03227888960619755
3015 0.518302840572877 0.3055368177252566 5 0.03227888960619755
3016 0.5180662521427513 0.3050486673840958 5 0.03227888960619755
3017 0.517611178190012 0.3046041996055408 5 0.03227888960619755
3018 0.5174956143184773 0.3041718183005177 5 0.03227888960619755
3019 0.517256883512258 0.30376086092122095 5 0.03227888960619755
3020 0.5169220528768281 0.3033366835443061 5 0.03227888960619755
3021 0.5166793260007669 0.30302337214225383 5 0.03227888960619755
3022 0.516615074643451 0.3028258541671559 5 0.03227888960619755
3023 0.5163987098806382 0.3026627508090999 5 0.03227888960619755
3024 0.5162934217839965 0.30239323974929294 5 0.03227888960619755
3025 0.5162065161691836 0.3022880986441755 5 0.03227888960619755
3026 0.5159464427245184 0.30224708737285877 5 0.03227888960619755
3027 0.5157749941666027 0.30216782294821404 5 0.03227888960619755
3028 0.5155589387779334 0.30221242528349823 5 0.03227888960619755
3029 0.5154850750236563 0.30234822576598736 5 0.03227888960619755
3030 0.515254034707841 0.30251610508652654 5 0.03227888960619755
3031 0.5150150334345368 0.30264539682911384 5 0.03227888960619755
3032 0.5147845587946042 0.30288427585108446 5 0.03227888960619755
3033 0.5146923472043569 0.30322597457648676 5 0.03227888960619755
3034 0.5144563153635847 0.303611846708823 5 0.03227888960619755
3035 0.5141557314408696 0.30400033763075174 5 0.03227888960619755
3036 0.5140316459170955 0.30445254487672563 5 0.03227888960619755
3037 0.5137742708454889 0.30497573519521237 5 0.03227888960619755
3038 0.5133986352085709 0.3055360129492708 5 0.03227888960619755
3039 0.5132294755303951 0.30611721884275966 5 0.03227888960619755
3040 0.5130176133265735 0.306760599193213 5 0.03227888960619755
3041 0.5127383616931953 0.3074471960970441 5 0.03227888960619755
3042 0.5122909605727572 0.30821391278628785 5 0.03227888960619755
3043 0.5120157062797199 0.3089852201676004 5 0.03227888960619755
3044 0.5117628627639468 0.30976647968656307 5 0.03227888960619755
3045 0.5116977538081808 0.31047774016157825 5 0.03227888960619755
3046 0.5115183290880098 0.311334979126339 5 0.03227888960619755
3047 0.5113794034689378 0.31231506696790307 5 0.03227888960619755
3048 0.5112012979151312 0.31334344887879484 5 0.03227888960619755
3049 0.5112156152870975 0.31429927731042157 5 0.03227888960619755
3050 0.5110670436273688 0.31540370143297863 5 0.03227888960619755
3051 0.5111958783186001 0.31656768617215186 5 0.03227888960619755
3052 0.5112470094501371 0.3177244810837934 5 0.03227888960619755
3053 0.5112151733398601 0.31893493909645876 5 0.03227888960619755
3054 0.511388713786439 0.32019277830174764 5 0.03227888960619755
3055 0.5113713237628124 0.32151550080994384 5 0.03227888960619755
3056 0.5111478659004867 0.32294592621485446 5 0.03227888960619755
3057 0.5112372088542508 0.3243662394489181 5 0.03227888960619755
3058 0.5112090829076028 0.3258083978140278 5 0.03227888960619755
3059 0.5109680026147687 0.3273519278953343 5 0.03227888960619755
3060 0.5108944458032727 0.3288410320301469 5 0.03227888960619755
3061 0.5108972675895711 0.3303849714073789 5 0.03227888960619755
3062 0.5108753859601243 0.3319834155451383 5 0.03227888960619755
3063 0.5108780466338458 0.3336112454335763 5 0.03227888960619755
3064 0.5108754109096885 0.335295263529972 5 0.03227888960619755
3065 0.5108802595063884 0.3370384479125921 5 0.03227888960619755
3066 0.5110097894208507 0.33881030032777676 5 0.03227888960619755
3067 0.5110339209497148 0.3406693517793398 5 0.03227888960619755
3068 0.5112888920155163 0.34262263256542025 5 0.03227888960619755
3069 0.5115558513933751 0.3446427898431961 5 0.03227888960619755
3070 0.5116953447120792 0.3466693441448706 5 0.03227888960619755
3071 0.5120339986580291 0.34869660692986504 5 0.03227888960619755
3072 0.5121360769923926 0.3508296032497353 5 0.03227888960619755
3073 0.5124770347064883 0.3530543507057955 5 0.03227888960619755
3074 0.5129949054995326 0.3552736944495878 5 0.03227888960619755
3075 0.5132084375328978 0.3573991232001116 5 0.03227888960619755
3076 0.5132457222526294 0.35955013327006485 5 0.03227888960619755
3077 0.5135755052298157 0.36174316894523717 5 0.03227888960619755
3078 0.5137938015673007 0.36397884847111495 5 0.03227888960619755
3079 0.5143103355124307 0.36624329713136017 5 0.03227888960619755
3080 0.514490940950411 0.3686400054934461 5 0.03227888960619755
3081 0.5146947363412353 0.37127369078687583 5 0.03227888960619755
3082 0.5151847216243326 0.37397071239867824 5 0.03227888960619755
3083 0.5154126642802639 0.37670686399180814 5 0.03227888960619755
3084 0.5156557340774056 0.3792517189519551 5 0.03227888960619755
3085 0.5163691760985742 0.3817690703102999 5 0.03227888960619755
3086 0.516767025458095 0.38440051774355755 5 0.03227888960619755
3087 0.5171791296659253 0.3872429807039174 5 0.03227888960619755
3088 0.5179489723930316 0.3899193794092924 5 0.03227888960619755
3089 0.5185485040935685 0.3924840718303982 5 0.03227888960619755
3090 0.5189503870184821 0.3951229699185266 5 0.03227888960619755
3091 0.5193834848618569 0.3979868661273242 5 0.03227888960619755
3092 0.5198905653554372 0.4008561305150553 5 0.03227888960619755
3093 0.5206726335307815 0.40382490625097345 5 0.03227888960619755
3094 0.5214765172057925 0.4069606164062273 5 0.03227888960619755
3095 0.5221105919621694 0.4100355474457431 5 0.03227888960619755
3096 0.5229063128720987 0.41303999533295066 5 0.03227888960619755
3097 0.5243999347162844 0.4175950510250053 5 0.03225806451612903
3098 0.5256506916518336 0.4205691499096621 5 0.03225806451612903
3099 0.5266922958765473 0.4234272868111771 5 0.03225806451612903
3100 0.5275978800907739 0.42648113577062263 5 0.03225806451612903
3101 0.5290935778661352 0.42981261942297017 5 0.03225806451612903
3102 0.5302825129309798 0.4329882411025504 5 0.03225806451612903
3103 0.5312088000165721 0.4359630241209847 5 0.03225806451612903
3104 0.5320796763048878 0.43898016466729733 5 0.03225806451612903
3105 0.5332450360092686 0.4422857312972373 5 0.03225806451612903
3106 0.534882998869437 0.4456298908750063 5 0.03225806451612903
3107 0.5362485525889591 0.44908859864921863 5 0.03225806451612903
3108 0.5380028209333048 0.45280130895424875 5 0.03225806451612903
3109 0.5394574507685318 0.4563266172743662 5 0.03225806451612903
3110 0.540736058832603 0.4597243444724358 5 0.03225806451612903
3111 0.5421629508850606 0.46316811928196355 5 0.03225806451612903
3112 0.5440233024363605 0.46640749122839953 5 0.03225806451612903
3113 0.5456732692058988 0.4695203419758262 5 0.03225806451612903
3114 0.5472146703994761 0.47282433726588513 5 0.03225806451612903
3115 0.5489490114433173 0.47659829553882566 5 0.03225806451612903
3116 0.5506928790808182 0.48015513529004317 5 0.03225806451612903
3117 0.5522738708315433 0.48362100882015435 5 0.03225806451612903
3118 0.5537825445894621 0.48729309025306283 5 0.03225806451612903
3119 0.5555120962251923 0.4906887981261191 5 0.03225806451612903
3120 0.5578293820005021 0.49390409779579214 5 0.03225806451612903
3121 0.5601925063547306 0.4973170329438418 5 0.03225806451612903
3122 0.5630407738806898 0.501158994158216 5 0.03225806451612903
3123 0.5656616701180568 0.5045528874161812 5 0.03225806451612903
3124 0.567957395299448 0.5076803395589788 5 0.03225806451612903
3125 0.5703447631500344 0.5109690504622503 5 0.03225806451612903
3126 0.5740168638897761 0.5144924716157286 5 0.03225806451612903
3127 0.5769260469806899 0.5179842632456344 5 0.03225806451612903
3128 0.5793856806277582 0.5214365554496602 5 0.03225806451612903
3129 0.5842703571948538 0.5265700856149492 5 0.03223726627981947
3130 0.5871343811036704 0.5300354093382555 5 0.03223726627981947
3131 0.5899711432641397 0.5334463019537037 5 0.03223726627981947
3132 0.593340527939196 0.5369178377556405 5 0.03223726627981947
3133 0.5965861841092464 0.5401417513264922 5 0.03223726627981947
3134 0.5996008292219054 0.5432374031243785 5 0.03223726627981947
3135 0.6030689566234984 0.5464286333497033 5 0.03223726627981947
3136 0.6066801815423059 0.5499663715174138 5 0.03223726627981947
3137 0.6100065047958856 0.5532170201374644 5 0.03223726627981947
3138 0.6132164329948664 0.5562310189575694 5 0.03223726627981947
3139 0.6168186301287841 0.5593881199208535 5 0.03223726627981947
3140 0.6228006613307635 0.5642732007126943 5 0.03221649484536082
3141 0.6262793386545135 0.5673912403406545 5 0.03221649484536082
3142 0.6263840638337135 0.5702821565480486 5 0.03221649484536082
3143 0.6224832243908321 0.5732494011442043 5 0.03221649484536082
3144 0.618010696937149 0.5763964202586094 5 0.03221649484536082
3145 0.6132861741050649 0.5795302503350693 5 0.03221649484536082
3146 0.6089838501496707 0.5826308520154756 5 0.03221649484536082
3147 0.6041989587215738 0.5856221261916762 5 0.03221649484536082
3148 0.5962154794401923 0.5899616612838122 5 0.032195750160978746
3149 0.5919963035686987 0.592842999845936 5 0.032195750160978746
3150 0.5872845151011379 0.5956980988050281 5 0.032195750160978746
3151 0.5823385663602403 0.5984090815601367 5 0.032195750160978746
3152 0.5779574365405479 0.6009804466643525 5 0.032195750160978746
3153 0.5736400375548981 0.6037464777885153 5 0.032195750160978746
3154 0.5686162250692134 0.6067275770107041 5 0.032195750160978746
3155 0.5600400850134577 0.6106788867552757 5 0.032175032175032175
3156 0.5553560173724156 0.6131124992955193 5 0.032175032175032175
3157 0.5504900076572918 0.6156566419323455 5 0.032175032175032175
3158 0.5453556513492894 0.6185068223845398 5 0.032175032175032175
3159 0.5402177020768276 0.621044354671291 5 0.032175032175032175
3160 0.5349128164889353 0.6234498028402399 5 0.032175032175032175
3161 0.5290000346464849 0.6258805607500288 5 0.032175032175032175
3162 0.5233276070485705 0.6281947934273522 5 0.032175032175032175
3163 0.5134274915847276 0.6316207290830826 5 0.03215434083601286
3164 0.5075179391094872 0.6338957487454115 5 0.03215434083601286
3165 0.5022906064763675 0.6358318588919183 5 0.03215434083601286
3166 0.4973393631618409 0.6375622209356175 5 0.03215434083601286
3167 0.49177748892414314 0.639457454437921 5 0.03215434083601286
3168 0.4860815475853476 0.6416849843740786 5 0.03215434083601286
3169 0.48047653225245296 0.6434940609535484 5 0.03215434083601286
3170 0.4747996624110814 0.6450649243781212 5 0.03215434083601286
3171 0.46948926291025905 0.6466059243769354 5 0.03215434083601286
3172 0.4612077943388936 0.6494009976357931 5 0.032133676092544985
3173 0.4553847338713991 0.6509973879274592 5 0.032133676092544985
3174 0.4497644990017219 0.6525272793232733 5 0.032133676092544985
3175 0.4442363055107009 0.6542093932743162 5 0.032133676092544985
3176 0.4385758555020775 0.6555783251490415 5 0.032133676092544985
3177 0.4336169961573658 0.6567549937521919 5 0.032133676092544985
3178 0.42931776028486146 0.6579013774234053 5 0.032133676092544985
3179 0.42486880001956867 0.6593698624584043 5 0.032133676092544985
3180 0.41976175654845366 0.6605282176660576 5 0.032133676092544985
3181 0.41490177068217793 0.6615820180163802 5 0.032133676092544985
3182 0.4075907028186793 0.6634588602700394 5 0.03211303789338471
3183 0.4029573423864374 0.664223775955153 5 0.03211303789338471
3184 0.3986557664129783 0.6648284078424733 5 0.03211303789338471
3185 0.39429693057854065 0.6655304217072002 5 0.03211303789338471
3186 0.3894744288645525 0.666465051126605 5 0.03211303789338471
3187 0.3845425815994036 0.6671053908637133 5 0.03211303789338471
3188 0.37977443573049635 0.6676567411610268 5 0.03211303789338471
3189 0.3751946024464409 0.6683176744479037 5 0.03211303789338471
3190 0.37128504746760194 0.668598177255995 5 0.03211303789338471
3191 0.3677015017970236 0.668831783489703 5 0.03211303789338471
3192 0.36415999275849914 0.6691566258506032 5 0.03211303789338471
3193 0.35988282263957816 0.6695344481023571 5 0.03211303789338471
3194 0.35428526715371833 0.6701834737211898 5 0.03209242618741977
3195 0.35054972411275453 0.6703382318527167 5 0.03209242618741977
3196 0.346900377507778 0.6706592274322577 5 0.03209242618741977
3197 0.3431628829266732 0.6706848780178032 5 0.03209242618741977
3198 0.33959271130528385 0.670650566203821 5 0.03209242618741977
3199 0.33605669253482984 0.6706905735264234 5 0.03209242618741977
3200 0.33229729217572257 0.6708977161396164 5 0.03209242618741977
3201 0.32852523714583526 0.6708604160758678 5 0.03209242618741977
3202 0.325117577178677 0.6706888248579806 5 0.03209242618741977
3203 0.32177804566794155 0.6705240282627101 5 0.03209242618741977
3204 0.31750396926556823 0.6704609058386752 5 0.03207184092366902
3205 0.3145455663354581 0.6701814764031528 5 0.03207184092366902
3206 0.31167971690653906 0.6699915505985193 5 0.03207184092366902
3207 0.308631749420784 0.6698647760488889 5 0.03207184092366902
3208 0.3058150062627564 0.6696212541433613 5 0.03207184092366902
3209 0.3022387648423154 0.6695840205682891 5 0.03205128205128205
3210 0.2994381424279085 0.6693610752281535 5 0.03205128205128205
3211 0.296737706159483 0.6690278115875266 5 0.03205128205128205
3212 0.29426384002050715 0.6687013453210711 5 0.03205128205128205
3213 0.2916899967160048 0.6682841908035388 5 0.03205128205128205
3214 0.28895725334917693 0.6676811896899081 5 0.03205128205128205
3215 0.28629199835022173 0.6669860826316836 5 0.03205128205128205
3216 0.2839020970268557 0.6663485784273772 5 0.03205128205128205
3217 0.2822486502412217 0.6658474294245662 5 0.03207184092366902
3218 0.2796312027954932 0.6650841270928677 5 0.03207184092366902
3219 0.2772459692933845 0.6643863405821364 5 0.03207184092366902
3220 0.2752877082078068 0.6638766329157727 5 0.03207184092366902
3221 0.2739471264211045 0.6635959154721095 5 0.03209242618741977
3222 0.27171599761525955 0.6629308099616786 5 0.03209242618741977
3223 0.26947403237827794 0.6622251859901253 5 0.03209242618741977
3224 0.26728456505676057 0.6616086508455268 5 0.03209242618741977
3225 0.2658711486865368 0.6610237119089251 5 0.03211303789338471
3226 0.26382702649722806 0.6602990218384577 5 0.03211303789338471
3227 0.26167764723700093 0.6596299111513297 5 0.03211303789338471
3228 0.2595459950152994 0.6589931397275279 5 0.03211303789338471
3229 0.25741514331789184 0.6582734220500802 5 0.03211303789338471
3230 0.2556050699757639 0.657814064850171 5 0.03211303789338471
3231 0.252178046021355 0.6582241184148285 5 0.03205128205128205
3232 0.24830276594228207 0.6587681298185584 5 0.0319693094629156
3233 0.2452391271183893 0.6588574938220212 5 0.03190810465858328
3234 0.2437269843940693 0.6583533067275886 5 0.03188775510204082
3235 0.2419081218416556 0.6581032693370406 5 0.03184713375796178
3236 0.23994334840660136 0.6574610735694005 5 0.031806615776081425
3237 0.23759241538505854 0.6568014004715755 5 0.03176620076238882
3238 0.2358907700888618 0.6562495345300101 5 0.031746031746031744
3239 0.23328689336687286 0.6555844434591076 5 0.03168567807351077
3240 0.2316202085799101 0.6550435823333779 5 0.03164556962025317
3241 0.22980473982723942 0.6544732216586109 5 0.0316055625790139
3242 0.2279763509117295 0.6538782437567862 5 0.03156565656565657
3243 0.22648888858814537 0.6530710003487432 5 0.0315059861373661
3244 0.22517529875232106 0.6524768975334725 5 0.031446540880503145
3245 0.22372075437312744 0.6520910254918919 5 0.03138731952291274
3246 0.22194769557387187 0.6516299880052322 5 0.03132832080200501
3247 0.220148801066178 0.6511205118116316 5 0.03125
3248 0.21905681399367977 0.6505877365017161 5 0.031172069825436407
3249 0.21734891869784478 0.6498845914100151 5 0.031055900621118012
3250 0.21566277867786007 0.6491142264257692 5 0.030959752321981424
3251 0.21444037612029732 0.6484934716915232 5 0.03084515731030228
3252 0.21316794534291325 0.6476293597861269 5 0.030750307503075027
3253 0.21190221884276159 0.6465897213832952 5 0.030618493570116347
3254 0.21091530722693003 0.6455322423614056 5 0.030469226081657523
3255 0.21080825179191068 0.6445833294740955 5 0.030339805825242715
3256 0.21059951941724048 0.6433892796344346 5 0.03019323671497584
3257 0.21007326730956377 0.6421881733214045 5 0.03004807692307692
3258 0.20931095375065972 0.6411651821127295 5 0.02992220227408737
3259 0.20823848310248844 0.6404500309523821 5 0.029779630732578916
3260 0.2070331147406143 0.6393164175036989 5 0.029620853080568717
3261 0.20593837410124247 0.6382487294931488 5 0.029481132075471695
3262 0.20515463383335603 0.6374134690688739 5 0.029342723004694836
3263 0.20488070412373446 0.6363613715825008 5 0.029188558085230586
3264 0.20464722780740424 0.6352618742775868 5 0.02901915264074289
3265 0.20498606850253714 0.6341119649238735 5 0.028868360277136258
3266 0.20496883423931478 0.6330800921358385 5 0.028719126938541065
3267 0.20512223746680064 0.6320204148939721 5 0.02857142857142857
3268 0.2046082227477543 0.6308710581430118 5 0.028409090909090908
3269 0.20488499718854425 0.6297904365795054 5 0.02824858757062147
3270 0.20785304100235114 0.6283146451597472 5 0.028074115665356537
3271 0.21248886965078712 0.6268142284833457 5 0.02788622420524261
3272 0.2355362577723626 0.6153054864296146 5 0.026343519494204423
3273 0.2342983404632188 0.6151638298555275 5 0.026219192448872573
3274 0.23389316404008445 0.614992141755405 5 0.02615062761506276
3275 0.2332257179762439 0.6148283363605361 5 0.026082420448617628
3276 0.23389276277934706 0.6152806757506102 5 0.026041666666666668
3277 0.234877516127889 0.6152883436427552 5 0.026001040041601663
3278 0.23609530139989338 0.6151989602518272 5 0.025947067981318107
3279 0.23701496791707402 0.6155563173591417 5 0.025906735751295335
3280 0.23716212293571076 0.6154827096306814 5 0.02586652871184687
3281 0.23696901047051733 0.6153557619753995 5 0.025826446280991733
3282 0.2369477113206063 0.615326111855902 5 0.02577319587628866
3283 0.23694178817957842 0.615408340103422 5 0.025733401955738547
3284 0.23659439673290933 0.6151221001571696 5 0.025680534155110422
3285 0.2374397113866178 0.6148620307842132 5 0.025627883136852894
3286 0.2390852705656637 0.614991553304299 5 0.02557544757033248
3287 0.24095237408829684 0.6146641401526445 5 0.02549719530851606
3288 0.2428466038067087 0.6142377205055252 5 0.02541942043721403
3289 0.24517231434273673 0.6137645972001363 5 0.025329280648429583
3290 0.24928935853455592 0.6134580995889303 5 0.02522704339051463
3291 0.3745683720560934 0.6025383658802991 5 0.02387774594078319
3292 0.40295213743428393 0.6011680117541959 5 0.02340823970037453
3293 0.4030244925126893 0.6022394582729911 5 0.02335357309668379
3294 0.40249773372840486 0.6028571728197266 5 0.02333177788147457
3295 0.4020911114021864 0.6037472976744775 5 0.023299161230195712
3296 0.4017562347315728 0.6044015177061615 5 0.023277467411545624
3297 0.4020620622220368 0.6057494086075109 5 0.023255813953488372
3298 0.4018975627447444 0.6062740979638045 5 0.02324500232450023
3299 0.40179667501848704 0.60708227834808 5 0.023223409196470042
3300 0.40216631435703026 0.6079498809253912 5 0.02321262766945218
3301 0.40211448280700973 0.6087514949051085 5 0.023191094619666047
3302 0.4023998440000331 0.6091104390080087 5 0.02318034306907742
3303 0.40269697722125464 0.6098427235956424 5 0.02315886984715146
3304 0.403426600986002 0.6109942560077352 5 0.023137436372049975
3305 0.4036793519310211 0.6115139760975874 5 0.02312673450508788
3306 0.40390227247139354 0.6124046524506945 5 0.02310536044362292
3307 0.40321674293607834 0.6129386289306521 5 0.023094688221709007
3308 0.4024129933498156 0.6138684119095715 5 0.023073373327180433
3309 0.4017600812526022 0.6148101962284607 5 0.02305209774089442
3310 0.40185488029367267 0.615529928200253 5 0.02304147465437788
3311 0.4035843136696031 0.616005348112519 5 0.023020257826887658
3312 0.40571432148048325 0.6166492875070477 5 0.022988505747126436
3313 0.40753799186908085 0.6173200076900828 5 0.02295684113865932
