0 -0.012264816278 0.9999247843120003 2.6595080907486356e-21 0.155825747213 -0.999924784312 -0.012264816278000003 2.1682412469463398e-19 1.791539383805 0.0 0.0 1.0 0.0
1 0.006766025600736384 0.9999770650020536 0.0003006098903294543 0.15677476393446904 -0.9999719153789749 0.006766959131344884 -0.003221291170939043 1.7256162915948463 -0.0032232515056419267 -0.0002788061097839774 0.9999947664451343 -0.0026289430916557107
2 0.015561376351622481 0.9998788578125496 0.00033654984322012535 0.15733157267367534 -0.9998763781879035 0.01556209412165594 -0.0022471247483647505 1.6941789600931714 -0.002252089947433464 -0.00030153988338203243 0.9999974185792858 -0.0032705259695147496
3 0.024390685078669684 0.9997024808762551 0.00021026530437778172 0.1588769026410516 -0.9997018267617925 0.024390912678113323 -0.0011579928828188279 1.6590991542443922 -0.0011627769204709303 -0.00018195836820222595 0.9999993074203124 -0.004690140925662308
4 0.029926297345652837 0.999551693751181 0.0009100802063709943 0.15960962488748032 -0.9995518725161134 0.029925652827824313 0.0007137588687004672 1.6446770823321606 0.0006862041415215204 -0.0009310325343392951 0.9999993311503594 -0.0055465736671268485
5 0.03733863234300693 0.999302627062769 0.00029339210318444765 0.16020286018737115 -0.9993016567335978 0.03733817474191743 0.0014351159305605184 1.6272270139326614 0.0014231603934534726 -0.00034677248042549146 0.9999989271806125 -0.00601333940961147
6 0.049342573069865635 0.9987789955019939 -0.002414254746583002 0.16092462390110213 -0.9987807485120747 0.0493386796492562 -0.0016465393236424711 1.60057986980341 -0.0015254127501170842 0.002492555649317299 0.9999957301322612 -0.006167470025857451
7 0.056231529337830086 0.9984126525610273 -0.0031922272441150218 0.16189275255650915 -0.998413283116363 0.056221419743973766 -0.003173020637732394 1.5842537918836106 -0.0029885124039724315 0.0033655858867582614 0.999989870760742 -0.0068552348854912645
8 0.06390491515199788 0.9979496995721805 -0.00354385974837477 0.16338742301968112 -0.997952993206615 0.06389561472810182 -0.002678389143553219 1.5635334054416408 -0.0024464605438668623 0.0037077676747368444 0.9999901335961696 -0.007536453263209647
9 0.07685334639855092 0.9970316540262566 -0.00463076845278747 0.1653098797359658 -0.9970388122292817 0.07683976685564757 -0.0030425545412240984 1.5361486802471913 -0.002677696018932212 0.004850886376117077 0.9999846493043402 -0.008369162775333484
10 0.0823260838136193 0.9965930954695673 -0.004961651601679615 0.1666807979217698 -0.9966031646679248 0.08231422149324939 -0.002549728336639843 1.5173708020756447 -0.002132627166581682 0.005154706837087476 0.9999844403279379 -0.00892956912798652
11 0.08634338943578491 0.9962520438090295 -0.005165685521145549 0.1679530630359786 -0.9962612143526418 0.0863267681961278 -0.003358849558441741 1.503932581576056 -0.002900323801187509 0.00543638658598318 0.9999810167314418 -0.009249303845075912
12 0.0933056965972928 0.9956315387381671 -0.0034476153716444247 0.17088999125125506 -0.9956365031234722 0.09330012379326015 -0.0017437169802078628 1.4758395947947798 -0.001414436678746695 0.0035952704406865986 0.9999925366712484 -0.01012254011358519
13 0.09700424810712097 0.9952771338041139 -0.003688194088003956 0.1728951809929041 -0.9952836139760989 0.09700042454812662 -0.0012022429135094936 1.4555924834362295 -0.0008388084888036032 0.003787421811726057 0.9999924758893184 -0.011015872209589255
14 0.10530079355040821 0.9944303704402304 -0.004470036240576898 0.17590689829282294 -0.9944381137219694 0.1052898113828258 -0.0026255659584431216 1.4243239215122792 -0.0021402932556385135 0.004721648586418781 0.9999865624988775 -0.011858637338713708
15 0.10840459637484459 0.9940957427622477 -0.004700819667339709 0.17746752734139765 -0.9941045835688659 0.10839302306919325 -0.002651316027523967 1.4116676951842317 -0.002126125920960269 0.004960521222139603 0.999985436302433 -0.01228325259986227
16 0.11256011174365521 0.9936265987799467 -0.006033526417660991 0.1795602981142441 -0.9936419344787508 0.11254282104623604 -0.003133604412904677 1.3937545383865608 -0.0024346026114181376 0.006347883723917602 0.9999768882741312 -0.012573396328102143
17 0.12037014879704284 0.9926984154547568 -0.0078027707938566155 0.18260199977924976 -0.9927233279957116 0.1203389756130626 -0.004350287575240035 1.3631168551744481 -0.003379546137834586 0.008269637352847956 0.9999600950871278 -0.013813501657732931
18 0.12468173424404216 0.9921664000616501 -0.0077652903639245105 0.18493430932395666 -0.9921944667897068 0.12466069678954073 -0.003138590091527103 1.350652755755895 -0.0021459771253976943 0.008096002987402139 0.99996492414382 -0.014205463163123046
19 0.13354834333022994 0.9910036703269434 -0.00875016528269067 0.1887601714165158 -0.9910399340137601 0.13352352686393537 -0.003364069544364308 1.3192342463299611 -0.0021654523367258404 0.009121029139417397 0.9999560578560254 -0.015304624460796192
20 0.1411906534012966 0.98993972403068 -0.009194682082656383 0.19344413258583776 -0.9899816013268993 0.14117247432421814 -0.0026002936323356587 1.2899897941241576 -0.0012760979406275985 0.009469703248576725 0.9999543471055183 -0.016154697307247137
21 0.14477798116823876 0.9894192160435741 -0.009431388622110957 0.19529492202892576 -0.9894633899584523 0.14475935102725726 -0.002632531715895672 1.2767657322183448 -0.0012393957709709764 0.009713146385401272 0.9999520581936862 -0.016563878955414186
22 0.15321605118748005 0.9881513521571539 -0.009041398520423205 0.20021646328216158 -0.9881927068100022 0.1532108030082908 -0.001274381624942987 1.2477293954642734 0.00012595800253867716 0.009129899797718949 0.9999583136631649 -0.01747619365703291
23 0.15815566373793494 0.9873717063180975 -0.009159671953457954 0.2020054204140176 -0.9874139771918988 0.15815493942990103 -0.0008079481351885119 1.2348232969267583 0.0006509022342695554 0.00917216968668767 0.9999577229209312 -0.017906923096833657
24 0.1745989756082126 0.9845880230664925 -0.010080801033406046 0.20809756642777583 -0.9846383975612628 0.17457341886480993 -0.0033686012596478554 1.2015682176112212 -0.0015568445538654083 0.010514098105963944 0.9999435133926986 -0.018577724149956402
25 0.18443960240628868 0.9827816843490625 -0.011054138214955505 0.2128225507059113 -0.9828438378847997 0.1844261838572585 -0.0022300316074462126 1.1757204469959963 -0.00015296169280273222 0.011275797770509794 0.9999364144715689 -0.019220504132411182
26 0.19487174608438254 0.9807465586916394 -0.012696069969196061 0.2185181965503534 -0.9808284967686495 0.19486434802913372 -0.0018291513562274928 1.145415562938056 0.0006800774987364531 0.012809117141399113 0.9999177286215282 -0.020071604152179016
27 0.20642463505251135 0.9783739543597867 -0.01316341419743868 0.22461093920501793 -0.9784625030271794 0.20640615520181907 -0.0027621124632257513 1.1166448351783491 1.4630820064715584e-05 0.01345007526069247 0.9999095435396955 -0.020699287928726006
28 0.21878047764609615 0.975684014768964 -0.013259182666710122 0.23124704471939783 -0.9757715471393825 0.21879081415346985 -0.000683692827102748 1.0891877394638194 0.002233919208867905 0.013087511828154364 0.9999118594355109 -0.021512056507383435
29 0.23576578261265313 0.9717216308016827 -0.013098396136478747 0.23909371840616567 -0.9718010269024272 0.23579983223373416 0.0010969182474677294 1.0584428707452944 0.004154498799771136 0.01247041902779461 0.9999136106631212 -0.02283393504669972
30 0.2446381924287497 0.9695356767242032 -0.01235825082028138 0.2419139311252848 -0.9696119702668089 0.24464644380661213 -0.000862930320692881 1.0469797924617734 0.0021867603818282125 0.012193813640920693 0.9999232615489968 -0.022771705674365247
31 0.2608715115742312 0.9652922157928819 -0.012529667899164125 0.2507185713392255 -0.9653698305165723 0.26088447507293827 -0.0006172475233995083 1.0162851704145446 0.0026729716036887558 0.012256785670089752 0.9999213101175682 -0.023699965348820958
32 0.2711896675783913 0.962429584262452 -0.013618352874058525 0.25796715881693205 -0.9625074026661633 0.27124508724465823 0.0023669513865110328 0.9919513811862521 0.005971935352678663 0.012465872694855384 0.9999044644394752 -0.023888003527894296
33 0.2895744706182035 0.9570537011775548 -0.013958475091529024 0.26599103498121174 -0.9571461813251029 0.28960516728959057 0.00018615735946234707 0.9636873185999651 0.004220609104582176 0.013306394712347333 0.9999025584116056 -0.024491760196289673
34 0.30844115890223817 0.9511257657129448 -0.014960925474935731 0.2756049620007612 -0.9512329025926947 0.3084735694153134 -0.00014831630909232368 0.9341610788933454 0.004473982619750357 0.014277071419649352 0.9998880680912877 -0.02573800724746831
35 0.32803143578709143 0.9445259096218712 -0.01631512144790629 0.2852585846058433 -0.9446609507821055 0.3280412914937476 -0.0021445611284862977 0.9054210104662676 0.0033264399594346767 0.016115741605117938 0.9998645996678965 -0.026404067795856564
36 0.3489517165668599 0.9370077617072768 -0.01578461292988018 0.2961462299389419 -0.9371403150870671 0.3488867201444771 -0.006788692413704906 0.8769697622982756 -0.0008540156500332411 0.01716132300530814 0.9998523689274504 -0.02736286204020235
37 0.35772356464970523 0.9336887522849314 -0.01609860710458263 0.30026739824120857 -0.9338274201144932 0.35767863367953917 -0.005687218267930085 0.8650492016092409 0.0004480360643492631 0.01706777273160994 0.9998542345753721 -0.027692040742003435
38 0.38948345730159023 0.9208810606353537 -0.01675436213383395 0.3165833237080606 -0.9210225014893505 0.38950311831829504 -0.0022073901707856457 0.8250466205475494 0.004493132494875252 0.016290886479137786 0.9998571991932071 -0.02776817498281186
39 0.4109890463642289 0.9114859841717388 -0.016772132423702627 0.32891007750141066 -0.9116246608159353 0.41102014588639063 -0.00170805967346525 0.7966234701111812 0.005336811863431167 0.015991883348202902 0.9998578789533416 -0.02857781230669583
40 0.4361777477772546 0.8996762077468996 -0.018212456092232505 0.3424698220474859 -0.8998188231829762 0.4362630493638351 0.0007982519433178102 0.7691927818447211 0.008663589912128414 0.016039731074237992 0.9998338208106976 -0.02963458460440133
41 0.46164572451539576 0.8868247237788396 -0.020618785890646384 0.3553336737020112 -0.8870093114353189 0.4617513541324683 0.0004103468535405549 0.7433304805160086 0.009884658040179198 0.018099620205783207 0.9997873260269559 -0.030906413278928544
42 0.47251845510609464 0.8810533474852091 -0.02170963998791789 0.36115848110394955 -0.8812641927232697 0.47262387369244174 -0.0003108696479195485 0.732325595296744 0.009986601403926106 0.019278820004743055 0.9997642696616423 -0.03093663665279502
43 0.4980674657487574 0.8668476911565887 -0.022447269277878445 0.37553950101260347 -0.8670908852745493 0.4981439946574202 -0.002440749895945672 0.706547599773732 0.009066213974699833 0.020679480706053827 0.999745048920507 -0.031198253810291898
44 0.5227779276026223 0.8521855986086854 -0.021975985405913147 0.3898306069259183 -0.8524382536752542 0.5228040129438367 -0.004998771951014579 0.6827777413744935 0.0072292518912089555 0.02134641826353479 0.9997460019147426 -0.03132068043829372
45 0.5343107667888461 0.8450152864790257 -0.02147487159504355 0.39786404179525137 -0.845268410859139 0.5342993388314331 -0.006747601709058123 0.6710148491911847 0.005772183104424889 0.02175734682987847 0.9997466177794947 -0.03215883965297167
46 0.563331806454324 0.8259133243648947 -0.022901014666998752 0.4137849282678847 -0.8261898236279717 0.5633633941019707 -0.0056622893168185836 0.6463960620891183 0.008225033157411517 0.022110332938458377 0.9997217022787488 -0.03240831808926787
47 0.5746464345758621 0.8180924444346959 -0.02249950193512672 0.4213914251447105 -0.8183539745351163 0.5746928264346369 -0.0049927554528922235 0.6372786059198883 0.00884576684701505 0.02128162595408625 0.9997343871275869 -0.032654255774944026
48 0.6057219285501012 0.7953413397566217 -0.023088926957604564 0.43763299383656473 -0.7956288218756425 0.6057479973998923 -0.006643902943638586 0.6135522906225757 0.008701900598195492 0.02239457345855859 0.9997113383402543 -0.03169520491797789
49 0.6169597634310862 0.7865911132465951 -0.025200612441884176 0.446744668762729 -0.7868970618444521 0.6170712535225668 -0.004010254098039883 0.6045069513707364 0.01239614327423011 0.022304453307150106 0.9996743704795023 -0.032565228236823625
50 0.6410551318766876 0.7670060467386369 -0.027386897617253093 0.4644612145312892 -0.7673311568447392 0.6412471546704143 -0.0022321205847212434 0.5873250526606493 0.01584972018696799 0.022445732187467253 0.999622416453489 -0.03207309369829771
51 0.665629938844039 0.7457732708147334 -0.027550191495419814 0.48385600652569283 -0.74612566316214 0.6657924282203421 -0.004115494574137472 0.567800979356045 0.015273483044069811 0.023295301301317173 0.9996119495343465 -0.03197273647912659
52 0.6774186476661425 0.7350653532624699 -0.027980390030950594 0.49360938218048533 -0.7354361223894875 0.6775769279587963 -0.004818358918230429 0.5519369293045651 0.01541705801931783 0.023841835730391003 0.9995968593338734 -0.034095528949598004
53 0.6923833127625063 0.7209677883583296 -0.028474486071340205 0.5029169449376499 -0.7213795874575517 0.6925052520605319 -0.0069257972933613006 0.5456755298990694 0.014725454396665352 0.02533621948841707 0.9995705262634947 -0.0322401616215189
54 0.7179231159684172 0.6954756955032878 -0.029999275346954804 0.5214400644733067 -0.695947053986132 0.7180426945882432 -0.008508043093715943 0.5246772662778074 0.01562362331777362 0.026986028108991936 0.9995137101018067 -0.03247289696927898
55 0.7281986298371944 0.6846839610514929 -0.03057170229451058 0.5346034908163269 -0.6851638782153668 0.7283427493842198 -0.00820362166457598 0.5102745002944242 0.016649789525947232 0.026920492163327668 0.9994989102597134 -0.03511777712919393
56 0.7388133270898317 0.6732209124349992 -0.030470818399007813 0.5430173314157604 -0.6737188941733147 0.7389253800503234 -0.00959866405161802 0.5039480417175433 0.01605363969520624 0.02762038699991046 0.9994895671660236 -0.034744519355908124
57 0.7533112959293999 0.656938199777595 -0.030891634742248607 0.555219456571566 -0.6574728022576259 0.7533938107098166 -0.011281856028283825 0.49289954015005244 0.015862084227913912 0.028809159245684057 0.9994590670098817 -0.03400745117988999
58 0.7684394229128688 0.6391251693502468 -0.031935422599172855 0.5678679659184851 -0.6396878845843672 0.7685518457270422 -0.011290294301465414 0.48146473306644877 0.017328116725994783 0.029104610162905616 0.9994261643756468 -0.0374528430836831
59 0.788193865031354 0.6145791529482466 -0.03229389861283796 0.5846241359666587 -0.6151614419537796 0.7883097346019124 -0.012006775770017455 0.4753512840886698 0.018078480562986596 0.029329628237942697 0.9994062944807092 -0.03288985157535686
60 0.7996275787238529 0.5996247917931707 -0.03233951778907058 0.601919305195677 -0.6001889722676674 0.799781187396942 -0.01110179506597699 0.4630544531436336 0.01920762638216105 0.028287123453672642 0.999415281919789 -0.03271867551716108
61 0.809207078064622 0.5865593236409342 -0.0336461685573465 0.6098908409319584 -0.587157299701812 0.809397196155856 -0.011067260798151684 0.457182163413437 0.02074150948397501 0.028711299248213234 0.9993725286791919 -0.033812629127547074
62 0.82984675870084 0.5567544118072695 -0.03713330050739731 0.6321553876172449 -0.5574383442442127 0.8301486326921015 -0.010758252944478191 0.439835996176817 0.024836453853657472 0.0296272268858822 0.9992524095478469 -0.03347721712256772
63 0.840222039871139 0.5410264890249639 -0.03629410266997186 0.6448007597156582 -0.5416819691720682 0.8405138048321391 -0.010825348049762809 0.4348413223286407 0.024648894280100895 0.02875555702381229 0.9992825175845534 -0.03336152994830104
64 0.848303022128687 0.5281840241792531 -0.03746490690182682 0.6513895828403039 -0.5288750160454017 0.8486275066652441 -0.01107123903501324 0.4312811855553902 0.025946098946062254 0.029206018771454678 0.9992366128288337 -0.030056531394852957
65 0.8655407495461942 0.49939284710524556 -0.03802624270109757 0.6824185016360497 -0.5000601242178012 0.8659324352065176 -0.010044392703111431 0.4100423164654574 0.027912059074494792 0.027709238838616406 0.9992262581825101 -0.03461012036380686
66 0.8755381353487958 0.4817176660576152 -0.03716266619153792 0.6877337262541371 -0.4823746809164522 0.8758982797283291 -0.010810678972841109 0.4073120576221849 0.02734302034392322 0.02739149095567535 0.9992507520448288 -0.03267511454063308
67 0.8822241475737689 0.469331838889812 -0.037525703736348885 0.6956677185628822 -0.4699926393981049 0.8826045294892882 -0.010777914360874254 0.3994477410861983 0.028061937723586033 0.027145340854752197 0.9992375383862426 -0.03308420723933265
68 0.8887437585306791 0.4568526517762543 -0.037685358400677896 0.7080197688238788 -0.4575019665150448 0.8891475846846538 -0.010417450935167535 0.3919512937366676 0.028748605315498256 0.02649957007602682 0.9992353528964443 -0.03531693365355728
69 0.8976107142957714 0.4391123039601471 -0.03841080696778084 0.721027643994546 -0.43982052277873446 0.8980049352591897 -0.012043421132774353 0.384827448890376 0.02920467982367989 0.027704165046827003 0.9991894544660683 -0.03524137527236536
70 0.9046571645103648 0.42436492482864313 -0.03885647018114156 0.7395120500048061 -0.4250449501762195 0.9051062823813317 -0.010927393293043016 0.37997630682070493 0.03053203283901214 0.026401291063863772 0.9991850513296322 -0.03394429597154842
71 0.9102144349958122 0.4121157072761848 -0.040869623692089976 0.7467376137940398 -0.4128607909685897 0.9107218192993459 -0.011477592618235147 0.37290540891101 0.032490761842932495 0.0273205356440862 0.9990985630690765 -0.032933073259210036
72 0.9158411654534363 0.3991587285116846 -0.04367229229451182 0.7663370592020086 -0.3999147172602192 0.9164995769871046 -0.009835868099088856 0.36789442728347144 0.036099564810488136 0.026473285327524 0.998997490779501 -0.03292017107923659
73 0.9206074697204034 0.38794082140778896 -0.044539934663412425 0.7751980865789695 -0.3887003222263993 0.9213148804099066 -0.009536804347919888 0.36365704175514635 0.037335588865854814 0.026092340276066623 0.9989620831554433 -0.03213418209469712
74 0.9269713941184666 0.3727489202730569 -0.04221702169839761 0.7804039516257525 -0.37346397567280637 0.9275879799215381 -0.010256626160082534 0.3574855914933528 0.03533685554929772 0.025274135815528787 0.9990558166078807 -0.03114581790804641
75 0.9321475931344845 0.35952190778073845 -0.04295186187622507 0.7978748746391774 -0.36029046215555477 0.9327696176336194 -0.011472719802155425 0.35192033122831146 0.03593949766866566 0.026169414316116784 0.999011268335697 -0.03172210492062271
76 0.9399835134663092 0.3382808951393573 -0.044688146025145606 0.8194272144630035 -0.33905199551236764 0.9407062289297845 -0.010748729752458434 0.34316388251229957 0.038402327403208675 0.025255233843439442 0.9989431587496496 -0.031676462781652176
77 0.9447379994662962 0.3247028951711959 -0.045145788632435783 0.8328803339437312 -0.32556506927867657 0.9454292976809625 -0.013070147354510644 0.33818015162899284 0.038438236553248295 0.027045756667815266 0.9988949038896822 -0.030589567092977187
78 0.9489805602580085 0.31198268297697546 -0.04585522623904544 0.8476237698940641 -0.3128526870368606 0.9497123332809778 -0.013026136342177226 0.3322268040076992 0.03948534493978501 0.026707480906672357 0.998863162799617 -0.029097063610366354
79 0.9516681851605214 0.3036668720716013 -0.04597930141932369 0.861028784133781 -0.3045248862131902 0.9524183059828734 -0.012804846951035133 0.32940588842822893 0.039903120547613705 0.026187806992669083 0.9988603204323949 -0.029013900236533652
80 0.9537964579329319 0.29706131928418 -0.0450209886504135 0.885773035486667 -0.29776392648775163 0.9545908250673966 -0.009643691218932358 0.3263310541186075 0.040111855065394865 0.022603744880449285 0.9989394925626108 -0.03321815664337467
81 0.9580826036107771 0.2837866202685845 -0.03927949611212664 0.8725260333773328 -0.28455325536078446 0.958536173293175 -0.015422365319043256 0.3391350935569595 0.033274156961983596 0.025953008407097203 0.9991092391889248 -0.007611433866172482
82 0.9613327901580158 0.2719720317312588 -0.043249052272471146 0.8850509645467652 -0.2727692547805606 0.9619828963358913 -0.01363234403651612 0.32467841345505155 0.03789723226359011 0.0249022310868132 0.9989713102356322 -0.0191801958087229
83 0.9641285636103697 0.2616807804119624 -0.04448912218833095 0.9075901325968014 -0.26248034253748476 0.9648485115017417 -0.013092732085737708 0.313965810057385 0.03949914697155244 0.024300597011248874 0.9989240703741447 -0.023317188082844057
84 0.9679646834066629 0.24679134703677524 -0.046242866524651996 0.9495985958663599 -0.247499104314568 0.9688347287982321 -0.010171609399810787 0.3069807862946876 0.04229142986323951 0.021290826717588692 0.9988784388789247 -0.029088960703221367
85 0.9706517441774037 0.2358139728871535 -0.04719069522175653 0.9597261557178971 -0.23653592221818873 0.971568481126805 -0.01026859198784176 0.30192881186598286 0.043427514607496914 0.0211295213379735 0.9988331163426918 -0.027871459937252478
86 0.9724654797260289 0.22811386471297468 -0.047696493220484956 0.9598011674258337 -0.2289479980977234 0.9733551257652142 -0.012751992544674339 0.301446079739498 0.04351671985494369 0.02332088918684709 0.9987804719863449 -0.02414660131281465
87 0.9741131003888186 0.2210815300615831 -0.0471871244754942 0.9871963547425363 -0.22182303019263677 0.9750244723794085 -0.011037279411857354 0.2973974459261748 0.04356846252553947 0.021218749404560297 0.9988250866631331 -0.028175049750698154
88 0.9752623314832977 0.21603447188141667 -0.046824050947733405 0.9985855275961407 -0.2167431362863823 0.9761714916785726 -0.010565590689695216 0.29585349091995705 0.04342577185536091 0.020453014264731516 0.9988472738846904 -0.028095541086050054
89 0.9769164333239138 0.20816879525461374 -0.047958679967373505 1.012073764840761 -0.20890594599976742 0.9778755153228113 -0.010852753520986108 0.291081885104697 0.044638414261937605 0.020621086669493978 0.9987903597639723 -0.029183116859957378
90 0.9804769315060686 0.19082563022906207 -0.04744012681328697 1.0377946296218747 -0.19151696785690997 0.9814337822042258 -0.010439452658713566 0.2864654357375498 0.044567227954110535 0.019321231751258678 0.9988195293429029 -0.03147622802030434
91 0.9824965858417706 0.18089643698542537 -0.0444627697509467 1.050431226361523 -0.18151899629198628 0.9833329278534123 -0.010354080625580294 0.2833428119748156 0.041848689266369754 0.018243686201962494 0.9989573840358663 -0.030564415615785226
92 0.9832480973168001 0.17704726482827127 -0.043329495032451995 1.0790290204407447 -0.17763434193408856 0.9840450821760834 -0.01006562522874971 0.2819597354017742 0.04085608508443593 0.0175938131901487 0.9990101291017865 -0.030985948599660636
93 0.9843459884581434 0.17124550122970753 -0.04168876724419014 1.0997663890281864 -0.17178992900637474 0.9850846534401531 -0.009820684805427245 0.2799825548337078 0.039385216741145715 0.01682866205707856 0.9990823794041765 -0.03153585760056391
94 0.9857668652306388 0.16338193422788216 -0.03962361644381287 1.0845932315834748 -0.16389458227113296 0.9864268423239199 -0.010032479516394412 0.28045564305018456 0.03744667294174054 0.016383781948724217 0.9991643099983175 -0.029820604595082824
95 0.9871405361709449 0.15491129910436924 -0.03944681555748099 1.0995386902810202 -0.15543938608992983 0.9877877683616707 -0.010673421545480455 0.27846868145050085 0.03731164831022408 0.016667755860853242 0.9991646645150521 -0.030157203492053565
96 0.9880759639266129 0.1490573471918604 -0.038571968547913546 1.1352778117756532 -0.14953548416330364 0.9887077252428701 -0.009806784504160906 0.27323171363962406 0.036674629998939105 0.01545772604336032 0.9992077012411978 -0.03037122805625925
97 0.9894664485930692 0.13981321824469242 -0.03752880375470488 1.149545741856312 -0.1402858842255128 0.9900578924800889 -0.010258665818519296 0.27123568645041063 0.03572139127011003 0.015415367053722161 0.9992428877229876 -0.030231196048331896
98 0.9904864840977163 0.1321863944367105 -0.038252868447936274 1.146561552117457 -0.13267069085606462 0.9911056032845952 -0.010400525249836062 0.27227632216078446 0.03653782432785937 0.015376614171594532 0.9992139646396009 -0.031086005231853755
99 0.9910205402577064 0.12793269608550703 -0.03887819515377955 1.1579692695722807 -0.12842240216078482 0.9916654388454405 -0.010360696089815684 0.2710034586558885 0.03722869067457321 0.01526049384930044 0.9991902431055211 -0.03054274020596526
100 0.9917025341462534 0.12200231367702867 -0.0405156664084291 1.1723058143989866 -0.1225250855425675 0.9924080429929665 -0.010671439234650356 0.2690449692894601 0.03890613293361697 0.015547078824585607 0.9991219150629291 -0.030439899060350044
101 0.9921814282946794 0.11798037820718026 -0.04070188822361335 1.2010722887404124 -0.11851050321274922 0.9928934203607581 -0.010858933359112508 0.26479408436955 0.03913149594843422 0.01559763326455069 0.9991123259474851 -0.030111720875174768
102 0.9929105546387814 0.11191793873304941 -0.04003755082946699 1.2227684108091732 -0.11244853585164606 0.9935938807796418 -0.01124841596972604 0.2625503772705875 0.0385221659760032 0.015670834908741885 0.9991348595970283 -0.02966464000469323
103 0.9934671244631033 0.10694007290227209 -0.03983583083157081 1.2375907383320073 -0.1074593358287083 0.9941472452015055 -0.011124118065949975 0.26068944414616624 0.03841306748476677 0.015332177510804526 0.9991443141899846 -0.029584208512761296
104 0.9938649677644642 0.10326403153691549 -0.03961017092450911 1.2262688815975167 -0.10380652097803648 0.9945264712692725 -0.0118871421474282 0.26325026507126137 0.038165849294095305 0.015926008186328656 0.9991444991646268 -0.030222176003696616
105 0.9945247767308306 0.0977336696949721 -0.03699457090586082 1.2630225111626587 -0.09820653715599399 0.9951032081496552 -0.011183970249082676 0.258512665423726 0.03572036573791976 0.014755844217194322 0.9992528811734934 -0.029443661673609532
106 0.995166943725363 0.09046091094567495 -0.03820441998286729 1.2807475556825667 -0.09093589317618325 0.9957973135515216 -0.010879965864507719 0.25724584414892604 0.03705964716208663 0.014301535431099511 0.9992107128305778 -0.02926351322230668
107 0.9954056475791939 0.08608223065517373 -0.04192190754644775 1.290752078118671 -0.08658181341509996 0.9961920392728691 -0.01024746188186137 0.2562896381255151 0.04088014619158408 0.013830056207136041 0.9990683375992833 -0.02900526648604887
108 0.995562705772229 0.0827743303323552 -0.044758341267223924 1.30173503256656 -0.08327800793276352 0.9964810222496903 -0.009505035066303947 0.25549911170987394 0.04381406474752849 0.013190243928149535 0.9989526240990021 -0.02883624826594874
109 0.9956393977471469 0.08237412821105662 -0.04378004858262896 1.3121632934234757 -0.08285215326985707 0.9965192377797357 -0.00921571671351922 0.25464047564606784 0.04286852401294032 0.012802801933828987 0.998998687642345 -0.028768379039279698
110 0.9959624197516306 0.0790466758977548 -0.04254975289943025 1.33480265786379 -0.07948849869044972 0.9967970164317966 -0.008791280301918475 0.25323316324291345 0.04171854525527997 0.012138000779888875 0.9990556700794136 -0.02858549295029964
111 0.9963575063540604 0.07393435344899364 -0.0424903625763601 1.3457296129113672 -0.07437620669806816 0.9971904338072967 -0.00891171140859932 0.2526976975554087 0.04171210146870022 0.012039522546267546 0.9990571307427396 -0.028720886110836612
112 0.996774842560147 0.06749169635703006 -0.04341410094827393 1.3602901409984574 -0.06796630145602402 0.9976419205902095 -0.009548829677980843 0.2513873838717302 0.042667260337878724 0.012468729071574406 0.9990115293081497 -0.028472212861788034
113 0.9970174328617984 0.06386056068731172 -0.043336674513959235 1.3789179490217878 -0.06435131274561617 0.9978769623073626 -0.010023803871389948 0.2504572628837709 0.042604543385236074 0.012782679098218123 0.9990102381848814 -0.028264670360097856
114 0.9971679002463206 0.062259141080265284 -0.04218978632950254 1.3900321025663576 -0.0627268650057407 0.9979820904925597 -0.009853297098573553 0.2501890036291501 0.04149119334424193 0.012471824610318904 0.9990610263969235 -0.027957318980445366
115 0.9974316622559675 0.059364519430299564 -0.040074093401687196 1.4048983770160284 -0.059845269927695524 0.9981481039396272 -0.010904415157025655 0.24895688573084995 0.039352544980706256 0.013274653872703115 0.9991372081786853 -0.02786368223641384
116 0.9976052041225443 0.05688046719771575 -0.039350592865440084 1.4163598183119885 -0.05736782911239585 0.998288386284912 -0.011367937022691009 0.24842447331010642 0.038636626282135725 0.013598171220718153 0.9991607982944977 -0.02775596815020953
117 0.9978035526394669 0.05325815157733847 -0.03939085719034251 1.4356715624835825 -0.053769269211301506 0.9984809037515807 -0.012031231537276215 0.24763081785441465 0.038690257534246666 0.014122823174494313 0.9991514448957715 -0.028011484499015023
118 0.9980927809905872 0.0486315464838008 -0.03802332469596335 1.4512736147790382 -0.049159004637165514 0.9987055533538051 -0.01306177487795335 0.24674697605348528 0.037338891218637676 0.014906052008171902 0.9991914815570329 -0.02798141596830738
119 0.998324352618633 0.04544552838524122 -0.035821654320338674 1.462550650969167 -0.04595768124576341 0.9988507299106717 -0.013605546385741482 0.24628685554079288 0.03516217432028895 0.015229028458909308 0.9992655794076792 -0.027830331811377815
120 0.9984645979468233 0.04249794248893114 -0.03552986814281154 1.4780881912133472 -0.04301460405658533 0.9989776665625405 -0.013905594087499638 0.24559064037736422 0.034902585632400986 0.015412546619958655 0.9992718663715454 -0.027815574510042504
121 0.9985125396065248 0.04034886083105277 -0.03666984699061797 1.4974859789577686 -0.04087547925057128 0.9990699584966704 -0.01372636974247225 0.2449634484393799 0.03608189912909079 0.015204849880695799 0.9992331605265367 -0.02772666346811717
122 0.9986007822323697 0.03830152348103627 -0.03646191196210269 1.509001307725894 -0.03880200815588394 0.9991607990862136 -0.013118754995078549 0.2447653429895773 0.03592884479061356 0.014515194405207849 0.9992489315694005 -0.027640733456639602
123 0.9987030818398988 0.03512192976849586 -0.036859250829244884 1.5233084983921 -0.03561117090625021 0.9992850023550509 -0.012701518638494586 0.24434282622627546 0.03638679470623318 0.013997646889672631 0.9992397445323942 -0.027225747377302694
124 0.9987742434887271 0.032113237180619446 -0.03766630512337035 1.5350531478613356 -0.032597173798323574 0.9993928229331225 -0.012304866096946884 0.24396278339632893 0.037248285923326505 0.013517598421965487 0.9992146114467481 -0.027218643193407555
125 0.9988428987021111 0.029371005772252788 -0.03808159307668612 1.5498725630984125 -0.029845387607825034 0.9994831059000758 -0.011948801577407218 0.2436926776634598 0.037710960606786886 0.013071535509310749 0.9992031917533318 -0.026928449975906873
126 0.998886869131335 0.027853131668434526 -0.038068697534362074 1.5692923984448255 -0.02834546554748811 0.9995205924489995 -0.012454712098767313 0.2431785196646712 0.03770354437798023 0.013519923329234206 0.9991975052079602 -0.026873614298086754
127 0.9989689359762953 0.025652710350892963 -0.03745668705489505 1.5805192927218865 -0.026142251939860278 0.9995783339604857 -0.012638707991346924 0.242848986024091 0.03711667572661913 0.013604878824487472 0.9992183243186864 -0.026787736820831274
128 0.9990106679315038 0.022734663601370435 -0.038220680660678984 1.5947694856194183 -0.023234223721605447 0.999649665944963 -0.012677390270978669 0.24285054025025987 0.03791907445141728 0.013552875967075124 0.9991889027334017 -0.026554884487236752
129 0.9989827136158645 0.020875305082228 -0.039971984361972406 1.6099053144997528 -0.021404069307732317 0.999688369535735 -0.012846385942819463 0.24260807010182495 0.03969135564866818 0.013688880613067902 0.9991182166465175 -0.02645185902600902
130 0.9989664531308576 0.01939738810085701 -0.04110677381539297 1.62079519882875 -0.019962093355657247 0.9997113126679487 -0.013371841783953052 0.24251472444853528 0.040835528006906895 0.01417859861564984 0.9990652766430325 -0.02644870698599683
131 0.9990365645033473 0.016410384939407247 -0.040701867894216585 1.635512122247894 -0.01699330451470112 0.9997573422036289 -0.014017286184264814 0.2423539362190863 0.040461962207192156 0.014695440668587257 0.9990730071613493 -0.026105203729237827
132 0.9990845726359346 0.013996975812064386 -0.04042401995445638 1.6468576768000092 -0.014577581814690776 0.9997942642788676 -0.014104014488782724 0.24201633778467646 0.04021828973996573 0.014680387745933592 0.9990830673102977 -0.026097071382486226
133 0.9991331476010951 0.011872014973970259 -0.03989998275651991 1.668799429974662 -0.012455547602987895 0.9998186143845957 -0.014408249847243648 0.24205340830664013 0.03972169051576456 0.014892736155320606 0.9990997916690482 -0.026148076907362157
134 0.999154764118327 0.011107621328728227 -0.039577494715967734 1.6805984066500546 -0.011689396722627421 0.9998265580301192 -0.014498684879368897 0.2421362497211501 0.03940958441690033 0.014949067107890818 0.9991113101391427 -0.026023008012708772
135 0.9992091836912228 0.009889370906782498 -0.03851243396043958 1.695417667205042 -0.01044292568960222 0.9998446567974553 -0.014198858327691712 0.24202871794297787 0.0383660335391114 0.014589812124791107 0.9991572373018345 -0.025822797940935314
136 0.9992282183212357 0.00797902854635444 -0.03846170581029855 1.7103781570862104 -0.008532232473748375 0.9998621934053806 -0.014240618239768446 0.24194008055005822 0.038342779234380474 0.014557791807223486 0.9991585970091842 -0.025683584338590547
137 0.9991652684434931 0.0058900602820996135 -0.04042367530565179 1.7251507779185764 -0.0064220776310469066 0.9998943022345486 -0.013043821471067493 0.24216906420712703 0.040342573718781666 0.013292537362828063 0.9990974853320532 -0.025482784868665512
138 0.9991448944326204 0.0038065897006262315 -0.041170253865828205 1.7367911274911927 -0.004349599249104209 0.9999046281710542 -0.013107842995373918 0.2421554733023057 0.041116431202795296 0.013275708511766172 0.9990661612972263 -0.025421414649030832
139 0.9991557387136704 0.002364599809560681 -0.041014856615656986 1.752059001986188 -0.0029289734276005085 0.9999017840586246 -0.013705595645808859 0.24176802155455812 0.04097842005481714 0.013814155966795813 0.999064531541204 -0.025547815609721313
140 0.9991973048224776 0.0024018347753033773 -0.039987213275883525 1.7690216676751505 -0.0029487358033118 0.999902847325289 -0.013623540940220997 0.24201190463526556 0.03995060691702742 0.013730517117255855 0.9991073125073233 -0.02518430807121735
141 0.9992055284910845 0.00242556441490698 -0.0397797494816082 1.783720567686418 -0.002985909049917204 0.9998970768597266 -0.014032819953201537 0.24228151216390303 0.039741617716277905 0.014140449991014551 0.9991099296348176 -0.02523429107871955
142 0.9992284323240546 0.0013431830782662559 -0.039252208788527934 1.7953240893483207 -0.0019216047428874793 0.9998900730133381 -0.01470201770783233 0.24211253315916936 0.03922814641012839 0.01476610133672397 0.9991211712205275 -0.025022953624191678
143 0.9992791465587932 -9.199192524038044e-05 -0.03796286067368646 1.810464057359182 -0.0004947952752890599 0.9998805626098956 -0.015447190438824155 0.24222606927209722 0.03795974750529279 0.015454839122959146 0.999159749748512 -0.02480970293860369
144 0.9993217585172003 -0.002107753437249992 -0.03676384541466636 1.8250339075674218 0.0015144420808622105 0.9998682905888142 -0.01615883475836289 0.24216801740788862 0.036793062109408796 0.016092198451796366 0.9991933305066363 -0.02463547710668311
145 0.9993279904606537 -0.0038338870756282808 -0.03645365263816851 1.8403899222183557 0.003235209237364558 0.9998591623428644 -0.01646781408343307 0.24238108359065014 0.036511654330255244 0.016338812361027643 0.9991996508746107 -0.024280339710347053
146 0.9993188170787833 -0.004796835940950735 -0.036590875877493934 1.8521387547343633 0.004180862000905641 0.9998485777699953 -0.016892066932182304 0.24206767904146398 0.03666636367930312 0.016727578941937712 0.9991875529038877 -0.024454037804366217
147 0.9994338578962333 -0.006614511367660732 -0.03298805738515305 1.886289392599629 0.006029989943826931 0.9998236100069405 -0.017787301480089637 0.24268532311446323 0.03309989292940043 0.017578313684589286 0.9992974532020068 -0.024232858185358353
148 0.9994054667276013 -0.006882757000707984 -0.033783734712490944 1.9015323849929509 0.006275264436792665 0.9998173019944693 -0.018055018389734834 0.24279281607272507 0.03390183079584009 0.017832282211401117 0.9992660684621321 -0.024150614673138917
149 0.9993611611723735 -0.006718706907918311 -0.035101688245927104 1.916731792417067 0.006088731086254013 0.9998190269232823 -0.018023339234549157 0.24321243313959573 0.03521642931978167 0.0177981004852613 0.999221212107185 -0.024015616881820575
150 0.9993618638617563 -0.007184405421554473 -0.034989275183738636 1.92746935272795 0.00656948344428279 0.9998225035300318 -0.017657953542438595 0.2432186055408938 0.0351099266085345 0.017416823899613725 0.9992316784904537 -0.023898918561837533
151 0.9993757856282168 -0.007799816742494607 -0.03445579715861748 1.9425624093726979 0.007228951068850655 0.9998350517117768 -0.016661681628586646 0.24341602099523962 0.03458007179777196 0.01640220189590296 0.9992673247973449 -0.023690817074327943
152 0.999365630214231 -0.008499684901944762 -0.03458457028636642 1.9537484965630707 0.00793322515776598 0.9998326673212193 -0.01648336420966625 0.24340942798970655 0.03471888656037605 0.016198540479065743 0.9992658336005394 -0.023689315173804314
153 0.9993648590663786 -0.008618121488749492 -0.034577542485348056 1.9744795457793949 0.008071783768615481 0.9998408628776924 -0.015908966879302634 0.2439236135988152 0.03470914532489757 0.015619759996931354 0.999275386631455 -0.023729723240462963
154 0.9993724454202254 -0.009167130208114467 -0.03421518752614593 1.9898844717462159 0.008633158869575918 0.999839138376965 -0.015721511919132073 0.2444473134999774 0.03435380476256634 0.015416260662951478 0.9992908260386119 -0.023470950977040054
155 0.999380740654844 -0.009714467181737851 -0.033819585070238 2.001272980640416 0.009172689943720067 0.9998276969788359 -0.016138095082858992 0.24471174426462894 0.03397053084881788 0.0158178848488334 0.999297652129847 -0.023428085676710113
156 0.9994000341606577 -0.010265462187039774 -0.03307857319705511 2.016072588455183 0.0097344220797478 0.999821786843815 -0.016175153159193646 0.24462737725179595 0.033238723583703354 0.015843447826117504 0.9993218562682116 -0.02327238602618788
157 0.9994090745677099 -0.010838347198109327 -0.0326195018551306 2.027656512902443 0.010310049737068496 0.9998136528852313 -0.016320612093762114 0.2448413192766128 0.03279031176529353 0.015974659143177652 0.999334581468406 -0.023256335353738087
158 0.9994223425428316 -0.011621701497899017 -0.031936143773936165 2.0429852245294446 0.011113277224182615 0.9998094011065078 -0.016051683035296017 0.24501157357718695 0.032116604648426236 0.015687495442116898 0.9993610089409904 -0.02315718043101157
159 0.9994076351685892 -0.012295499933289197 -0.03214341998253812 2.0629262362879097 0.011756811457068621 0.9997881536452542 -0.016894532136584806 0.24520569118052205 0.03234433723458826 0.016506620282393577 0.9993404701777653 -0.023156326619270806
160 0.999380550056434 -0.012816819239130504 -0.03277568172147597 2.074692637369777 0.012253239172858109 0.9997745917838364 -0.01733850492997653 0.2455439080510815 0.0329905182981796 0.01692615632695732 0.9993123290214474 -0.02307785350865298
161 0.9993848890940816 -0.013011623818378788 -0.03256594994038105 2.0896333930535747 0.012444158259691243 0.999768234928338 -0.01756756540579693 0.2457407142197825 0.03278698484313292 0.01715150356959297 0.9993151852895747 -0.02311392942916205
162 0.9993938719922536 -0.012989602478205357 -0.03229796976781751 2.10469581705411 0.012422858422200412 0.9997664020415754 -0.017686546802928096 0.24606472735067864 0.032520166239483464 0.01727459338556626 0.9993217836168381 -0.022919471231616566
163 0.9993714606223595 -0.01293430460076098 -0.03300587005178987 2.1157169185822235 0.012347034870754201 0.9997629132476589 -0.01793510592019376 0.24612524579301587 0.033230022920099 0.0175163083723215 0.9992942231978559 -0.023016563712772626
164 0.9993499636473732 -0.01176753981666638 -0.034076020375038714 2.1306921366624425 0.011177808650519518 0.9997853336277002 -0.017445436577766246 0.24666059392053485 0.03427399526865647 0.017053201174100908 0.9992669721241565 -0.023000177436863868
165 0.9993490635915879 -0.01148903294249353 -0.03419723995355815 2.14692846316066 0.01091465524473768 0.9997970075314558 -0.01693558480412893 0.2469234620067755 0.03438487166257051 0.016551309730702304 0.9992716020914361 -0.022816419185723778
166 0.9993109767852121 -0.012188502192975143 -0.03505726871395961 2.161656755909073 0.011617744943744736 0.9997973796469712 -0.016438602550368976 0.24721199366915458 0.03525052734117033 0.016019989565440245 0.9992500989521321 -0.02292103938989069
167 0.9992672589721115 -0.01223095177149005 -0.03626774001111851 2.1768357089509576 0.011663114589813428 0.9998067160220763 -0.01582726623040912 0.24770837087637476 0.0364543125685005 0.015392674135222132 0.9992167676122683 -0.022860294904010474
168 0.9992492351048187 -0.01144132863830884 -0.037014350460311735 2.1879713380976837 0.010879428347515029 0.9998230446507516 -0.015346576979551439 0.24783023062817344 0.037183385803335356 0.014932360334728969 0.9991968877227255 -0.022540973821585424
169 0.9992369743476197 -0.010865598652518453 -0.037515434993477315 2.2025577899425626 0.010311959887048873 0.9998355191574876 -0.014919722306224117 0.24814037490480656 0.037671376137074684 0.014521480515387595 0.9991846646261907 -0.022477468067168827
170 0.9992241118395263 -0.010634875319139123 -0.0379219427827191 2.2133855274477154 0.010071007475164052 0.9998363336875512 -0.015029326217770688 0.24836731246005073 0.038075571248793794 0.014635752971912193 0.9991676764234234 -0.022501471620026844
171 0.9992415132091275 -0.010430221475471374 -0.03751811240270045 2.2287509509521386 0.009853004064626678 0.9998307429625329 -0.01553717281472116 0.24844641355260189 0.03767381835195807 0.015155721960596003 0.99917515356506 -0.022180219756707243
172 0.9992507890940348 -0.010505128497669766 -0.03724919825307469 2.2452945169425957 0.009912171377760163 0.9998217721165558 -0.01606775844155411 0.2486755643134566 0.037411353275160805 0.015686499864327134 0.9991768233744148 -0.021988257253597855
173 0.999278339039833 -0.010402926606706551 -0.036531907189782574 2.2604671114571238 0.009801408723001193 0.9998140656238841 -0.016606220774321865 0.24900501295258182 0.036697867948977086 0.01623617255923567 0.9991945021812342 -0.021708914961418496
174 0.9992956134587142 -0.010132113344790005 -0.03613332533974734 2.275129952514224 0.009511524698088402 0.9998050027079215 -0.01730570592313428 0.24943795403056335 0.03630162281269522 0.016949832999520992 0.9991971253670329 -0.021526011578081167
175 0.9992938823221408 -0.01094676403360374 -0.03594308152411551 2.286304336349457 0.010315958410698416 0.9997903194321831 -0.01768892796000195 0.24937691735364353 0.036129181479109575 0.017305650160299422 0.9991972761762116 -0.021546819396753368
176 0.9993178580855275 -0.011732570972061642 -0.03501664304412622 2.3014488458771885 0.011096917184389732 0.9997710973797641 -0.01829238295003349 0.2497221253001043 0.03522324432422946 0.01789132816114766 0.9992193069767533 -0.02127789363015204
177 0.99933714540124 -0.012532872308650505 -0.03417889601230524 2.316525406742798 0.011882688135835979 0.999745811657736 -0.01916021385175172 0.2498944853705367 0.0344103406492787 0.018741376253883613 0.9992320497624833 -0.021313742985763724
178 0.99933557315925 -0.012735222177310372 -0.03415005613579609 2.328023066465534 0.012106733305039122 0.9997546728586385 -0.018547805988309192 0.2502825008825109 0.03437788862997569 0.018122036706364676 0.9992445909579094 -0.021196241226885338
179 0.9993095209014657 -0.013642607418994066 -0.034559523974730215 2.3428549544242365 0.013000468283930085 0.9997399086451075 -0.018737739644853327 0.24998333145892104 0.034806166967488145 0.018275511632067976 0.9992269694192987 -0.021022888465775255
180 0.9992907268722252 -0.012803170729837023 -0.03541358503451167 2.365663896490287 0.01216350334865549 0.9997600185005645 -0.018219621160700677 0.2507835621327459 0.03563835535055351 0.017775945213184527 0.9992066469953875 -0.021022359958106026
181 0.9992971159731605 -0.012667216123321258 -0.03528194499732201 2.376686488349085 0.012030631624427272 0.9997620378391114 -0.018197021724621044 0.25062229449367024 0.03550405483627934 0.017759767245690998 0.9992117156828473 -0.021110978473721682
182 0.9993242920654074 -0.012373013893784974 -0.03461022703711037 2.3912499369370517 0.01175697534984062 0.9997698206122403 -0.01794656855948734 0.25113016956655954 0.03482431361841451 0.01752753033418561 0.9992397374311381 -0.02075976916687216
183 0.999333660534552 -0.01142988505314962 -0.034663996462477524 2.4029268568483997 0.010815139296044947 0.9997818174829675 -0.017870371943530687 0.2510706100104061 0.03486068968143764 0.017483568258943618 0.9992392391992551 -0.020756738061578045
184 0.9993394261622992 -0.009837770006918442 -0.03498470519691461 2.4176342267612885 0.009227373185231338 0.9998031192110846 -0.01756639972385254 0.251412888740127 0.03515063158161684 0.017231978889564452 0.999233452203557 -0.020658629286381666
185 0.9993232549755671 -0.009206908438269544 -0.035612707032455754 2.4326002860881575 0.008581499633101463 0.9998069652095171 -0.01767456313793371 0.2515571360414204 0.03576856062595102 0.017356991532806853 0.9992093599021628 -0.020435752815024234
186 0.999320614786532 -0.008541154089234278 -0.03585188346941287 2.4471670311558116 0.007898212427744727 0.9998061280312447 -0.01803675670277067 0.2517184374054622 0.035998987512334775 0.0177413370051837 0.999194334380905 -0.020117751960173024
187 0.9993199326642013 -0.008226807172244444 -0.0359442877586421 2.4591668750473006 0.007591406694318041 0.9998131350679169 -0.017778230828324134 0.2518369387022925 0.03608382910853555 0.01749327272714087 0.9991956478518533 -0.01990095741027702
188 0.9993233164261424 -0.007391094177026618 -0.03603166625547664 2.4808821275220074 0.0067441429818029305 0.9998144540588818 -0.018043668980027357 0.25260028821270053 0.03615834318365069 0.01778845641658076 0.9991877426373131 -0.01943035883223987
189 0.9993313640031467 -0.006984664079890745 -0.035889265613325665 2.4922122666615554 0.00632836380910121 0.9998112667041759 -0.018367982549293616 0.25275480676434636 0.03601078630206024 0.0181285807252362 0.9991869583968305 -0.0193074483538656
190 0.9993574930907801 -0.006591605789176974 -0.035229983480133405 2.5076173748942443 0.005952089570058201 0.9998161619042525 -0.018226766700719967 0.25331710986206035 0.035343650528746155 0.01800536386024911 0.9992130069408602 -0.019102467020052357
191 0.9993348134541046 -0.006789041801008776 -0.03583070651295159 2.5185373880644146 0.006126265346264644 0.9998087021433307 -0.018574929133322954 0.2536355656872591 0.03594995814592877 0.0183430649245369 0.9991852343173441 -0.018814219919031917
192 0.9993053313270678 -0.006370976959845448 -0.036718734102812435 2.533328670909792 0.005706377773429694 0.9998185150662116 -0.018176198297007905 0.2539264347199901 0.036827870346728214 0.017954040892768006 0.9991603276657276 -0.018586914600534896
193 0.999258899018943 -0.006578150963560533 -0.0379259892624035 2.547839818845883 0.005891180413794614 0.9998170677740095 -0.01819683986547363 0.253611291725784 0.03803875293678394 0.017959925323575304 0.9991148554378443 -0.019394184776668037
194 0.9992211010424955 -0.007001131981764198 -0.03883523377698046 2.5596288886967122 0.0063004071956936705 0.9998156661379283 -0.018136664904432324 0.2539205203507491 0.03895505231268467 0.017877860488189328 0.9990810207405699 -0.018767286311709104
195 0.9991442930173864 -0.006489054267456102 -0.04084818116956809 2.573035257892963 0.005762518403416041 0.999823552991896 -0.01787893355822503 0.2532705855655113 0.040956991000928714 0.017628246034320835 0.9990053902909162 -0.018416142994851382
196 0.999103057435785 -0.004453249356174376 -0.04210996547661398 2.595228437817307 0.003741853288665548 0.9998492090732345 -0.016957524853786998 0.2541236440329908 0.04217913176258176 0.016784745614587634 0.9989690651656985 -0.019227559656981263
197 0.9990945980011479 -0.002666101487817943 -0.04246028907187489 2.605829526133223 0.0019649273848284365 0.9998611611752247 -0.016546825486422816 0.25454472155772656 0.04249850945169084 0.016448412572852886 0.9989611235772162 -0.01926779528666917
198 0.9990507203006794 -0.0012717187027786857 -0.04354355287946433 2.61673078792221 0.0005584746605452051 0.9998655474291261 -0.01638826320029324 0.25493329821288824 0.04355853959769957 0.016348388183019875 0.9989171055854205 -0.018890926578163568
199 0.9990395985439557 1.863658194991083e-05 -0.0438164374817732 2.6309650087399854 -0.0007209460789193503 0.9998715285760574 -0.01601270057425189 0.2551567046722987 0.04381050990046552 0.016028911241639306 0.998911263940241 -0.018724049818498848
200 0.9990209316555029 0.0008975651717619531 -0.04423089972084353 2.6449016289817475 -0.0016225155930101615 0.9998648994991326 -0.016356961626256283 0.25561709707821634 0.044210242665047216 0.01641271236733182 0.9988874197405365 -0.017937469804124626
201 0.9990273578840406 0.001014215751681636 -0.04408298499559314 2.659796830638993 -0.0017656183726638911 0.9998537674829764 -0.017009592648945672 0.2556887310768705 0.044059287232505503 0.017070882130992168 0.9988830583165198 -0.017533370172354602
202 0.9990671741566838 0.0006741268464460631 -0.04317785398780157 2.6714262148967407 -0.0014436676232253004 0.9998406341442517 -0.017793879237847872 0.25563019887069904 0.043158977581076445 0.017839615116847864 0.9989089301770218 -0.01782602416622343
203 0.9991537046145323 -0.002550006990957799 -0.04105328268843422 2.685116931185157 0.00173660600844407 0.9998017234645366 -0.019836782938675752 0.2539286989847451 0.04109572672059801 0.019748701783210563 0.9989600242370267 -0.017670585080347235
204 0.9991512472348411 -0.003636350652141995 -0.04103123326138555 2.702539228195997 0.002809605591529797 0.9997922362466668 -0.020188869638153323 0.25381547500375734 0.04109612226832361 0.020056452697384666 0.9989538765324374 -0.017839902226802585
205 0.9991208101890565 -0.0029376483691411423 -0.04182077079145144 2.715096796866426 0.002082764922795445 0.9997882876713637 -0.02047051356915194 0.25364206687797375 0.04187205198928095 0.02036541326732094 0.9989154024264916 -0.01773350642353735
206 0.9990373958080289 -0.0010213731576599102 -0.04385474403217226 2.7240530075626057 0.00011153869291173624 0.9997848142197382 -0.020743982610843384 0.2536491025946137 0.043866494461996204 0.020719122865647494 0.9988225310894887 -0.017521305118474967
207 0.9990894795147761 0.0015551445789176305 -0.04263558897743082 2.7350485354807104 -0.0024387521072842793 0.999783161722776 -0.020680474480845513 0.2544258335823022 0.04259418282147438 0.020765622117891597 0.998876631285302 -0.017300298842361648
208 0.9990237201936116 0.0041398229377063705 -0.04398259150455566 2.7454038261292624 -0.00502472259791445 0.9997867959625565 -0.020027850150270095 0.25421765301082155 0.043890302485124905 0.020229297686180297 0.9988315257652179 -0.01762848617470351
209 0.9989319479376544 0.004634965010670593 -0.04597260585216177 2.754380652404923 -0.005618787287788416 0.999757465859871 -0.02129409981545059 0.25350098678232946 0.04586275851789811 0.021529666901291638 0.998715715718867 -0.01779572497309654
210 0.998965515124431 0.005751801892340568 -0.04510893888234001 2.7606437373501165 -0.006685769804688798 0.9997658288324724 -0.02058125315137015 0.2540669043644921 0.04497999637888982 0.020861550136853483 0.9987700414263968 -0.016801687041944968
211 0.9988223977854775 0.009431406153555736 -0.04759061105206075 2.7686813352129853 -0.010401659748166049 0.9997422290636192 -0.02018120166995718 0.25393520040253237 0.04738800646643136 0.020652457586190515 0.9986630326781913 -0.01679019455015359
212 0.9988293516611294 0.011186290246131528 -0.047061589123413246 2.7789209719670307 -0.012118791126568145 0.9997349217601181 -0.01957603422244822 0.25399282495025033 0.04683013092032853 0.020123447139961472 0.9987001480492913 -0.017208001461054414
213 0.9987990084078656 0.013312583440906037 -0.04715205113112208 2.7855586656762603 -0.014223277804452596 0.9997177119392329 -0.01903141621064318 0.254150012350828 0.046885383354069915 0.01967921636214917 0.9987064079452642 -0.01710652477184105
214 0.9987590221896753 0.014153759228282554 -0.0477502533359748 2.7897109328542085 -0.015073267127294288 0.9997067702090167 -0.018951786634844266 0.25455034029584134 0.047468012514747325 0.019648020211970825 0.9986794996837292 -0.017286435872425013
215 0.9987403411105344 0.015276087120006958 -0.04779510645625315 2.7950137962765726 -0.016202073247554377 0.9996873032444795 -0.01904700906431999 0.2541478597708424 0.04748919731160211 0.019797396145734118 0.9986755425283352 -0.016962958033883504
216 0.9990056892848922 0.013974781347052002 -0.04233601612510067 2.7968975591314384 -0.01473042799557375 0.9997367735221454 -0.017589717394005392 0.2542732682159021 0.04207905970996854 0.018195855387476142 0.9989485790467781 -0.016847430148635226
217 0.9987808463009427 0.014525143886999808 -0.04717882212084286 2.7950802673047708 -0.015404230389680995 0.9997134433108359 -0.018323235229782926 0.25505688152667316 0.04689915508545042 0.01902764983457367 0.9987183876321636 -0.016689326645484524
218 0.9984425997363559 0.01550708513650681 -0.053590160859397905 2.7942320173244335 -0.016519083141952155 0.999692518364081 -0.018492934305818966 0.25431860458662037 0.0532869113625268 0.019349393728517836 0.9983917598010557 -0.016067719466944234
219 0.9984482227035362 0.015988825607341318 -0.05334326606514733 2.7943157491853126 -0.01693365960688941 0.9997068058860511 -0.017307612161972675 0.25423319672291345 0.05305089774110484 0.01818405131212732 0.9984262328920233 -0.016169468591383088
220 0.9985614088657397 0.015528906517419923 -0.051322176355373464 2.7950413136087944 -0.016504172633146075 0.9996901460249064 -0.01863395359863305 0.2540197882667974 0.05101690905094118 0.019454177016472018 0.9985082923977388 -0.016067312639677183
221 0.9987346590957422 0.015947639187849832 -0.04769437624451997 2.7953250808082584 -0.016839413811484048 0.9996897217131218 -0.018354684549980436 0.2545356159046157 0.04738686382922826 0.019134604954093852 0.9986933223113289 -0.016589136575475526
222 0.9987428165346152 0.015569833420414476 -0.04764836520960476 2.7959034565945204 -0.01647778739624717 0.999688932722874 -0.0187221877393865 0.2536932657293429 0.04734204201828137 0.019483790146407998 0.99868869673108 -0.016200225926009136
223 0.9986628660683099 0.015830801051192115 -0.049212454464836464 2.7954919819689836 -0.016793082920436218 0.9996745843234733 -0.019202026579084226 0.2539221829192242 0.048892456498752596 0.020002779726642113 0.9986037334700724 -0.016279611963630678
224 0.998679453330635 0.01593228486141678 -0.048841701378136135 2.7953744698143455 -0.01689122939426158 0.9996713482388536 -0.01928423915647459 0.2538897238485933 0.048518407475640554 0.020083769800981647 0.9986203514485907 -0.01632094249307866
225 0.9987006261432053 0.015591466483676208 -0.04851768248381364 2.795554261002407 -0.01654389424289248 0.9996770214519647 -0.019291250471300037 0.2538716451088585 0.04820123342839671 0.02006885533316473 0.9986360108369884 -0.016411073446140404
226 0.9987271157273688 0.0156041432400743 -0.047965185540995665 2.7953389072550183 -0.016551611830862987 0.999674402049001 -0.019419939088509027 0.25399067758583627 0.047646536664305725 0.02018912088551631 0.9986602059462707 -0.015767427302861733
227 0.9987410014541822 0.015516497218467526 -0.047703776880223786 2.795688433325033 -0.016436448941348852 0.9996852590703272 -0.018953256810271667 0.2536650891038652 0.047394674392392845 0.019713475381137543 0.998681692897295 -0.016219920851893964
228 0.9987433879938337 0.015863234951194342 -0.04753948585496398 2.7955236822802094 -0.016779420787144127 0.999679899896193 -0.01893538437403112 0.2537139947147906 0.047223892009075355 0.0197092749793571 0.9986898660260287 -0.016442922719324363
229 0.9987343818500838 0.015906136925871544 -0.04771403691099163 2.7953537282553294 -0.016822844233700358 0.9996803524347417 -0.01887286061903001 0.2538524087135725 0.04739859093103546 0.019651660594379245 0.9986827253002556 -0.01634827945581986
230 0.9987702644730805 0.015741262334483832 -0.04701246073208484 2.7953463738133366 -0.016631358331401447 0.9996886255820153 -0.018602413874739987 0.25407634597907447 0.04670499677812999 0.01936141890516707 0.9987210715373538 -0.016120138357088754
231 0.9987278687039158 0.015691730333493963 -0.04792091269158824 2.795235025222792 -0.016603491258973063 0.999687493764111 -0.01868793431762851 0.25419983610183605 0.04761269108177743 0.019459815266873574 0.9986762975250082 -0.01623444591386023
232 0.998721954096462 0.01521261539186156 -0.04819787067517587 2.795359408128219 -0.016137763133293747 0.9996918109525799 -0.01886413835013889 0.25358832282752997 0.04789604373812593 0.019617834935949197 0.9986596565124793 -0.016623182925419203
233 0.9987544345528885 0.015135439073236896 -0.04754469417369057 2.7951173882692943 -0.01604215400274994 0.9996955449937546 -0.01874744286836027 0.2543142061709127 0.04724646817473842 0.01948681100674419 0.9986931638103786 -0.016612134029968657
234 0.998728845547735 0.014968437960813909 -0.048131475511771854 2.7951873285973456 -0.015880891870247098 0.9997002906426355 -0.018631322114042025 0.25395791278422375 0.047838168269376175 0.01937200958508193 0.9986672293120479 -0.017048076278604152
235 0.9987377658772473 0.014944175347145105 -0.047953588332222866 2.795173612707023 -0.01585532934194407 0.9996998451242135 -0.01867694276995883 0.25411954146491467 0.04766008332155716 0.01941368803127369 0.998674934687949 -0.016456993537469197
236 0.9987346756962333 0.01489128487691064 -0.048034333510045574 2.795066166771556 -0.015796609385341328 0.999703635040673 -0.01852320756294563 0.25414081562574253 0.04774426345681569 0.01925854930224769 0.9986739175456456 -0.017101248990742515
237 0.9987354164415166 0.014911483156196103 -0.04801266099349793 2.7953003158361778 -0.015830935656856192 0.9996974128321388 -0.018827221078195473 0.2543957406494881 0.047717391188265894 0.01956349783066158 0.998669274650348 -0.01641075586968249
238 0.998775480050469 0.014547270957240477 -0.047285487803809735 2.795445828524449 -0.015437358954806678 0.9997094301426527 -0.01851332580856049 0.2544207521177895 0.04700242969944124 0.01922061891997667 0.9987098374460144 -0.016462383419875215
239 0.9988764239099654 0.012443551498035096 -0.0457279759267894 2.793939561185518 -0.01328142193870703 0.9997485981227837 -0.018065004361222867 0.25456191434554665 0.04549168701621783 0.018652039496277372 0.998790572560227 -0.017120446550034005
240 0.9988505891536928 0.008881539717552508 -0.0471022164963493 2.7918531098755834 -0.009762873472226982 0.9997809321390885 -0.018514157650649645 0.25670927169421565 0.046927463687804115 0.018952730257381666 0.9987184824402993 -0.016906882125511162
241 0.9988664341642551 0.002593470806896047 -0.0475302073214121 2.7898494225161214 -0.0035176933950639908 0.9998061640372284 -0.019371633568117483 0.25421961125267334 0.04747075449146823 0.019516871243348048 0.9986819409628591 -0.016865352907860783
242 0.9988538314909868 -0.0043803269684371225 -0.04766378132525261 2.7861886898334225 0.0034548366240893386 0.9998042359199604 -0.019482144157885878 0.25418043280920233 0.04773978863121194 0.01929514376018161 0.9986734251039786 -0.01704820946329421
243 0.998854863614318 -0.007118096652347432 -0.047310613337338076 2.7820574705552414 0.006203130589300785 0.9997914258127372 -0.019458315519559545 0.254598427342446 0.047439251734672415 0.019142559182412717 0.9986906827557844 -0.01698425964505205
244 0.998873743495702 -0.005993661133747132 -0.04706719219450905 2.778874899282866 0.005086313718099483 0.9997993712661242 -0.019373864597420094 0.2541549929315423 0.0471738695431612 0.01911264615131069 0.998703826361184 -0.01703979033841717
245 0.9989235972750946 -0.0004275277355047843 -0.04638387679098404 2.773760544415131 -0.00046422156683766785 0.9998153066579261 -0.01921294022067476 0.25357139294104214 0.046383524062947365 0.019213791755874905 0.9987389042697649 -0.01693003486852114
246 0.9989282971343987 0.0054950636019431565 -0.04595716984663146 2.7674948491641294 -0.006379982250991188 0.9997966329407748 -0.019130828163282175 0.25409791530549075 0.04584269855454721 0.01940353152858616 0.9987602064329314 -0.017295093220595033
247 0.9989283317701908 0.007569752593245342 -0.04566056100210526 2.7632110709096245 -0.008462344625603253 0.9997762432721434 -0.019386905676422657 0.2538595474108378 0.045503590064441 0.0197525247482214 0.9987688726915979 -0.01724300503620585
248 0.9989127298642614 0.008613142302781792 -0.04581672068812953 2.758938757123058 -0.009478177083209405 0.9997802744457923 -0.018696710630929852 0.25354941699155065 0.0456456161546867 0.019110641248317354 0.9987748800985444 -0.01733681359358786
249 0.9989369799048083 0.010502478457241676 -0.04488438620785473 2.752594730400377 -0.011347133831554387 0.9997625145421764 -0.018605296843909457 0.25394211210703355 0.04467832508943567 0.019094828176704434 0.9988189199265439 -0.01710368680395197
250 0.9988353943799221 0.013078231415657149 -0.04644152016774961 2.7466361504955015 -0.013935173874645945 0.9997376785263443 -0.018176497570475715 0.2546387954882925 0.04619162111875871 0.018802499777869398 0.9987556258363489 -0.017365287792951704
251 0.9988852776231685 0.014222767975932693 -0.04501016572487192 2.7400349433308233 -0.015069318111821939 0.9997148315784531 -0.0185248798900134 0.2553254635529143 0.04473385517899912 0.019182502297965157 0.998814754500085 -0.01730485349683463
252 0.9988358814286747 0.015796785050399817 -0.04557788447314017 2.735215517488837 -0.016651660569545323 0.9996913327608037 -0.018438042305763097 0.2550398273190295 0.04527255428256209 0.019175525699790096 0.9987906162168854 -0.017347341792038548
253 0.9987605100766207 0.015802691120675023 -0.047198712530803225 2.7300484158832923 -0.01667797657340081 0.9996950960002904 -0.018208792696694013 0.25350705967670883 0.046896573528068204 0.018973402103046867 0.9987195409139069 -0.01738989230151325
254 0.9987843388496581 0.014323511797862046 -0.04716652920350293 2.725396247602495 -0.015170688140702455 0.9997290803055756 -0.017652654583560613 0.25393493595427663 0.04690090285606102 0.018346743641917615 0.9987310460318668 -0.017784307068335583
255 0.9989213688796078 0.012573021222106939 -0.044699193863002494 2.7200358050444478 -0.013392079233171419 0.999746999534835 -0.01807177732593932 0.2539857355417392 0.04446066810710628 0.018650899689885703 0.9988370202048783 -0.017906488903784996
256 0.998907728450679 0.01203066213781121 -0.04515100451591468 2.715989807291441 -0.012870488802195372 0.9997486721470608 -0.018356008804789496 0.25409603653863955 0.04491882187031854 0.018917074556623843 0.9988115156183108 -0.01800543712477199
257 0.9986275272179532 0.012309524095936851 -0.05090714584410771 2.7118818879785613 -0.013235921091290969 0.999752154008131 -0.017900864509505007 0.2548208371175633 0.05067417758939144 0.01855009902495475 0.9985429492770441 -0.01754315187883028
258 0.9986669029175038 0.010410247003427821 -0.05055733155763773 2.7087059052398246 -0.011288265322348393 0.9997898481930415 -0.017112408263678824 0.25468448273058164 0.05036856244647938 0.017660300335389713 0.9985745448936861 -0.017396070725011873
259 0.9988806549683716 0.00889922277063385 -0.04645687208767061 2.706251082604728 -0.009742531878948907 0.9997912792027809 -0.01795775886368606 0.2541500591056023 0.04628736547561224 0.018390265493548927 0.9987588687625376 -0.017875361550762938
260 0.99910856377521 0.009799897544694139 -0.04106141497007024 2.703349318068884 -0.010587070613877186 0.9997634815853754 -0.018997232020055217 0.25486212635272754 0.040865532262183105 0.019415017299253854 0.9989760084084166 -0.018569488217811538
261 0.9990108977134154 0.011841039659932622 -0.04286042496853913 2.701562124357688 -0.012648896651479407 0.9997464938424876 -0.01862668688884531 0.2553812208441575 0.042629000249131785 0.019150400275691766 0.9989074183860442 -0.019066873355370537
262 0.9989112409140056 0.012923253679412829 -0.04482546474466572 2.698956433686791 -0.013699141601795894 0.9997608671413921 -0.01704529415606102 0.2560581535815438 0.04459446484336268 0.01764080632566903 0.9988494058952859 -0.019526878474596027
263 0.9989425757848354 0.013159777805423467 -0.04405168024515963 2.696382920152613 -0.013941559121028717 0.9997498880552119 -0.01748697407602611 0.2566688712310461 0.043810537700988555 0.018082632031270716 0.9988761961354291 -0.02012883298544509
264 0.9990265135803219 0.011434050481416878 -0.0426061926650747 2.693329962264227 -0.012233541481713024 0.9997530621773167 -0.01855141855972174 0.2543236593299536 0.04238355372804376 0.0190545836305902 0.9989196950786131 -0.018318433454548595
265 0.9990151993594681 0.012653373730839393 -0.042526739605070814 2.6853396115529145 -0.013446787684213483 0.9997398576370843 -0.01842283781082481 0.2546362117192045 0.0422825655460309 0.018976543027076218 0.9989254604153265 -0.018359912744731328
266 0.9990023524016513 0.014722467088699004 -0.04216098740118462 2.68274476848986 -0.015510220602371973 0.999710051128211 -0.018418651702902463 0.2548290741486654 0.0418775948768322 0.019054202594317542 0.9989410415090779 -0.018372651078195947
267 0.998976248465715 0.015910615480584842 -0.04234745937358787 2.6735897822465806 -0.016707376591099506 0.9996887419255233 -0.018527893458937236 0.25428758451047084 0.042039488196855795 0.019216440451021402 0.9989311336867779 -0.01860788046281028
268 0.9989404311580588 0.015423780134475462 -0.04336037365981093 2.683015322578422 -0.01624100402829487 0.9996958584195051 -0.018558568054377448 0.25431450936108724 0.04306094269400178 0.01924311997708622 0.998887109510947 -0.018287238194653572
269 0.9984829896153893 0.015698796030843308 -0.05277563122376538 2.6762578499788185 -0.01662031157595307 0.9997161894130517 -0.01706768491681285 0.25480363651931626 0.05249271083691674 0.01791894049661083 0.9984605284537166 -0.01830885267575541
270 0.998343658083494 0.01979560298108704 -0.054019204610906195 2.676370245294986 -0.020655122839326887 0.9996680526285595 -0.015399690112213716 0.25464067037356264 0.05369642692671 0.01648995626717982 0.9984211411411309 -0.018096500728802124
271 0.9985325459418345 0.021724210616646707 -0.049606585927614175 2.67569459846667 -0.022564945867552633 0.9996100124065369 -0.016451331736455535 0.25435923879671574 0.049229847778200685 0.0175465600889423 0.9986333362731747 -0.019099319522924534
272 0.9986293918269824 0.0234676028120317 -0.04678257579428149 2.678059712636585 -0.02431783123915595 0.99954777884669 -0.017688439369024048 0.2536992171322179 0.04634631445474785 0.01880184623272568 0.9987484716959822 -0.018682982486644007
273 0.9988965971504935 0.02406274663637359 -0.04033078754606097 2.6798674208660094 -0.02481268351311412 0.9995264635988795 -0.018198332390213564 0.2538810569153971 0.03987378758828928 0.019178967365543524 0.9990206445679529 -0.018724811796567365
274 0.9989608424706549 0.021287266566634315 -0.040299968886996454 2.680436537048652 -0.02206346423972897 0.9995776298516097 -0.01891468865911879 0.2532495336212821 0.039880305363440734 0.019784190240868135 0.9990085820756852 -0.01846039172087925
275 0.9989285225670445 0.01920519022046961 -0.04210662027525261 2.681006803491915 -0.0199826081571675 0.9996361040533442 -0.01812056414293224 0.2538091026636762 0.0417432889657992 0.018942548461246194 0.9989487863173216 -0.018245798175252487
276 0.9988885611678997 0.0189141924637818 -0.04317285827295925 2.681044829911639 -0.019679835049094017 0.9996552823985825 -0.01737873600845757 0.25384933513915287 0.042829271071944966 0.01820905533557002 0.9989164548869212 -0.018592284735490915
277 0.9988818895718238 0.01942129512152854 -0.04310201828406383 2.6810948232995013 -0.02021593712402683 0.9996321902180879 -0.018077615048503175 0.2536284913415552 0.042735074243620594 0.01892874997046958 0.9989071107238512 -0.01824150124452489
278 0.9989077663471002 0.020263024329788895 -0.04210325612757275 2.681122411903724 -0.02103247329506405 0.9996183003700941 -0.017913364627763932 0.2535611978542378 0.041724206386778796 0.01877933465898181 0.9989526651404449 -0.018264775317622165
279 0.9988826838913362 0.020520022014889942 -0.04257126399198448 2.6813451043028858 -0.021278000158736772 0.9996216697665623 -0.01742882794937079 0.2537312511791372 0.042197518063505336 0.01831518580072627 0.9989414014036778 -0.01829227263781654
280 0.9988786576646718 0.01988975735448352 -0.04296306336725573 2.6811879327366284 -0.020665695364072784 0.9996298828266396 -0.017692551963622696 0.25347348414995885 0.0425952614347407 0.018560574135845654 0.9989199911858434 -0.01841804408951814
281 0.9988927380993169 0.018476196267934442 -0.04326578259557851 2.6809710215623013 -0.01923972560791227 0.9996652503207262 -0.01729798425013526 0.25465397930030886 0.042931698436064474 0.018111252636830052 0.9989138360223232 -0.019083546835449928
282 0.9990652436301929 0.007590844929006531 -0.042556057646958134 2.680849073768318 -0.008370098151295701 0.9998000027220387 -0.01816303978384068 0.25404071574441334 0.042409673732813145 0.01850226014603966 0.9989289694185333 -0.018383864625642083
283 0.9988665962896899 -0.021232875788515303 -0.042599152601123055 2.680739896960051 0.02042902358155297 0.9996065920913133 -0.019217597218723608 0.25471498759956357 0.0429904386126926 0.018325556829088284 0.9989074011910667 -0.01804236608479442
284 0.9969135617154627 -0.06625450812897547 -0.042115206522823856 2.6804024059955096 0.06545226039712464 0.9976521914505266 -0.020152084340002964 0.25558089969677145 0.04335149451592367 0.01733335071112369 0.9989095068502231 -0.017892666344931276
285 0.9921244279083241 -0.11786887887918529 -0.042379793992503995 2.6802597469370086 0.11704065803422999 0.9928937525336033 -0.021528598337750015 0.2554514767045273 0.044616184438399105 0.01639888933340304 0.9988695973524949 -0.01763514846633646
286 0.9870565052172078 -0.15450957277721783 -0.042967981430968166 2.679845945198501 0.15365780207942867 0.987868245625941 -0.022485754276200875 0.25584158243215915 0.04592096872098669 0.015592344446263414 0.9988233794956525 -0.01809782332155546
287 0.9787640487711707 -0.20034807411393174 -0.043377252453022715 2.680604192298215 0.19947756738043593 0.979618441597226 -0.023588323258100143 0.2568425505756593 0.04721903158567204 0.01443461397638531 0.9987802586029475 -0.018272527894439363
288 0.9680681932697469 -0.24681766433132873 -0.04387497867221423 2.6812934121707164 0.24591941136053616 0.9689705195659385 -0.02489528729166964 0.2572764667767453 0.048658157542347126 0.013310626860346673 0.9987267949332679 -0.018401092975421494
289 0.9550040688370282 -0.2933362317421988 -0.04383016828040044 2.6804705484342213 0.29241089300597317 0.9559295219938777 -0.0263556186227487 0.25759866982003765 0.04962960966526222 0.012353304373906119 0.9986912925004144 -0.01915844331847785
290 0.9437407423136598 -0.3279725994910442 -0.042277479576015346 2.6807401780732065 0.3270790799424225 0.9446182128473499 -0.026752708663394992 0.25717372394416316 0.04871023260529739 0.011419542010765373 0.9987476694836203 -0.018106153265536582
291 0.9273572283067836 -0.37186413811216557 -0.04154074978142355 2.679934967107558 0.37097009706503464 0.9282295748379163 -0.0277676696802134 0.2582357004377436 0.04888515306094408 0.010340173212411229 0.9987508811646377 -0.018246757650359022
292 0.9092606195986942 -0.41405745114248993 -0.04244470285567383 2.6806631258102973 0.41314089306050605 0.9102088974019388 -0.02888538682195159 0.2597096463997197 0.05059375583011441 0.008728702275261405 0.998681171159057 -0.019075815435809006
293 0.8937722344137481 -0.44649075417093165 -0.04262862220053876 2.681932185012637 0.4455355119101706 0.89475178378126 -0.030287836632485875 0.26097719023153365 0.05166527477430582 0.008077862408742177 0.9986317877580113 -0.01908651711191646
294 0.8707393571325903 -0.489980300857116 -0.041620628436179544 2.682014410506204 0.4890378142400733 0.8717074594440634 -0.03111464918144832 0.2605241722687943 0.0515265774417143 0.006738688467953891 0.9986488881959403 -0.01915567619185914
295 0.8460671818178391 -0.5314459442632926 -0.04165971886990968 2.6821708811776626 0.5304824566822387 0.8470753924685634 -0.03242903986325222 0.2606654241824782 0.052523204423445026 0.005337396354827959 0.9986054402004159 -0.019493612174217665
296 0.8194223221921678 -0.5716949069933283 -0.04137621551698951 2.682051666820843 0.5706804848657685 0.8204537968980358 -0.034341685291526855 0.26037128604169624 0.053580239701719656 0.004527744776831901 0.9985532822239819 -0.019648706845573613
297 0.7982565683300856 -0.6009320586306712 -0.04083028322038573 2.682461912676552 0.5998996089712596 0.7992911963887152 -0.03541246294121127 0.26155798398780705 0.053915770181869646 0.0037741602052229336 0.9985383545159051 -0.0195580865047258
298 0.7674811595205618 -0.6398068168942879 -0.040248066236738225 2.682177582372904 0.6387556832037395 0.7685317347234372 -0.03674438595353071 0.2606241118226764 0.054441224779973256 0.002491942891377853 0.9985138673371775 -0.019400459875877397
299 0.737087698702579 -0.6745955137622809 -0.0402817232970888 2.6778355793002255 0.6736301794994601 0.7381873748860632 -0.036080199932004564 0.2624525474823298 0.05407500058690096 -0.0005407129592558142 0.9985367303912546 -0.018943786297200654
300 0.7045356410397045 -0.7085282386067803 -0.040215240908718114 2.6780510564986666 0.7075631550333625 0.7056785257738547 -0.03704321665524755 0.2629044043967006 0.054625196967187345 -0.002356556345392773 0.9985041484633415 -0.018874362420182596
301 0.6784197755163119 -0.7335962112428516 -0.039789534281416336 2.677914802352754 0.732614099646571 0.6795775538813518 -0.03809106536326067 0.26288480891406274 0.05498353560968719 -0.0033086418199230975 0.9984817793536471 -0.018906978221284527
302 0.6414530336452108 -0.7661818054679618 -0.03877430330290359 2.677884962470309 0.7652247443733059 0.6426050955322701 -0.03859769156697819 0.2626753817578966 0.05448941388985069 -0.00491244998668998 0.9985022641982998 -0.019102343188838546
303 0.6039852462588443 -0.7961264763449082 -0.037208278159049944 2.677935959975894 0.7951415485118786 0.6051057256628345 -0.03996221466197949 0.2624291316802152 0.054329919301912714 -0.005449259849847793 0.9985081699397474 -0.01910428631233866
304 0.5757976006611415 -0.8167906389281266 -0.03619634278002102 2.6777116897638353 0.8157289660503497 0.5769093096928064 -0.04197502039076064 0.26234668720468646 0.05516681085090805 -0.005357289241963877 0.9984627796931634 -0.019306039048468157
305 0.5361188120701146 -0.8433693881512284 -0.03612055471415895 2.677893722423046 0.8423517563032259 0.5372772050016894 -0.04215119973028688 0.2623489035852695 0.054955782205841956 -0.007828161574919616 0.9984581022200831 -0.01925549928021003
306 0.4945783708485372 -0.8684803524478067 -0.03367658683822017 2.67792465145056 0.8674252970677206 0.495663696077146 -0.04348395564741535 0.26264237120238976 0.05445722263000923 -0.007705699399828954 0.9984863710136404 -0.01901219203474959
307 0.45302225710737287 -0.8908894435474963 -0.03296716456159555 2.6742504861955294 0.8899517731355728 0.45410447216408084 -0.04213039109923663 0.2604259071517119 0.05250405754550468 -0.010253181688539082 0.9985680728952644 -0.017626384083308605
308 0.420405742879623 -0.9067820431134561 -0.031707059773933684 2.67466857082993 0.9058240733973111 0.42146542840184276 -0.04300744954104302 0.2604287460644643 0.05236181249475746 -0.010640439266509424 0.9985714905022357 -0.017567999838394244
309 0.3771510453390287 -0.9256877190988008 -0.02931442835703309 2.6742689003071196 0.9246246314494839 0.37815740817621235 -0.045456193847321275 0.26066180090162283 0.0531637086507342 -0.009960991488958664 0.998536127904347 -0.01783428532259811
310 0.3316111937807418 -0.9430446912919404 -0.02647123694663856 2.6739841114056846 0.9418738068417569 0.33254249550132026 -0.04784580097377069 0.2595773389350615 0.05392353980216818 -0.009066361536522642 0.9985039073252486 -0.018028890587146476
311 0.29747333713022467 -0.9542850892644759 -0.029147591738905725 2.674251827189992 0.9533914007939319 0.29853393138254664 -0.04384436915650401 0.2601800707717681 0.05054157288707374 -0.014746532510122366 0.9986130828246044 -0.01775444697135692
312 0.29747333713022467 -0.9542850892644759 -0.029147591738905725 2.674251827189992 0.9533914007939319 0.29853393138254664 -0.04384436915650401 0.2601800707717681 0.05054157288707374 -0.014746532510122366 0.9986130828246044 -0.01775444697135692
313 0.29747333713022467 -0.9542850892644759 -0.029147591738905725 2.674251827189992 0.9533914007939319 0.29853393138254664 -0.04384436915650401 0.2601800707717681 0.05054157288707374 -0.014746532510122366 0.9986130828246044 -0.01775444697135692
314 0.29747333713022467 -0.9542850892644759 -0.029147591738905725 2.674251827189992 0.9533914007939319 0.29853393138254664 -0.04384436915650401 0.2601800707717681 0.05054157288707374 -0.014746532510122366 0.9986130828246044 -0.01775444697135692
315 0.29747333713022467 -0.9542850892644759 -0.029147591738905725 2.674251827189992 0.9533914007939319 0.29853393138254664 -0.04384436915650401 0.2601800707717681 0.05054157288707374 -0.014746532510122366 0.9986130828246044 -0.01775444697135692
316 0.29747333713022467 -0.9542850892644759 -0.029147591738905725 2.674251827189992 0.9533914007939319 0.29853393138254664 -0.04384436915650401 0.2601800707717681 0.05054157288707374 -0.014746532510122366 0.9986130828246044 -0.01775444697135692
317 0.29747333713022467 -0.9542850892644759 -0.029147591738905725 2.674251827189992 0.9533914007939319 0.29853393138254664 -0.04384436915650401 0.2601800707717681 0.05054157288707374 -0.014746532510122366 0.9986130828246044 -0.01775444697135692
318 0.29747333713022467 -0.9542850892644759 -0.029147591738905725 2.674251827189992 0.9533914007939319 0.29853393138254664 -0.04384436915650401 0.2601800707717681 0.05054157288707374 -0.014746532510122366 0.9986130828246044 -0.01775444697135692
319 0.29747333713022467 -0.9542850892644759 -0.029147591738905725 2.674251827189992 0.9533914007939319 0.29853393138254664 -0.04384436915650401 0.2601800707717681 0.05054157288707374 -0.014746532510122366 0.9986130828246044 -0.01775444697135692
320 0.29747333713022467 -0.9542850892644759 -0.029147591738905725 2.674251827189992 0.9533914007939319 0.29853393138254664 -0.04384436915650401 0.2601800707717681 0.05054157288707374 -0.014746532510122366 0.9986130828246044 -0.01775444697135692
321 0.29747333713022467 -0.9542850892644759 -0.029147591738905725 2.674251827189992 0.9533914007939319 0.29853393138254664 -0.04384436915650401 0.2601800707717681 0.05054157288707374 -0.014746532510122366 0.9986130828246044 -0.01775444697135692
322 0.29747333713022467 -0.9542850892644759 -0.029147591738905725 2.674251827189992 0.9533914007939319 0.29853393138254664 -0.04384436915650401 0.2601800707717681 0.05054157288707374 -0.014746532510122366 0.9986130828246044 -0.01775444697135692
323 0.29747333713022467 -0.9542850892644759 -0.029147591738905725 2.674251827189992 0.9533914007939319 0.29853393138254664 -0.04384436915650401 0.2601800707717681 0.05054157288707374 -0.014746532510122366 0.9986130828246044 -0.01775444697135692
324 0.29747333713022467 -0.9542850892644759 -0.029147591738905725 2.674251827189992 0.9533914007939319 0.29853393138254664 -0.04384436915650401 0.2601800707717681 0.05054157288707374 -0.014746532510122366 0.9986130828246044 -0.01775444697135692
325 0.29747333713022467 -0.9542850892644759 -0.029147591738905725 2.674251827189992 0.9533914007939319 0.29853393138254664 -0.04384436915650401 0.2601800707717681 0.05054157288707374 -0.014746532510122366 0.9986130828246044 -0.01775444697135692
326 0.29747333713022467 -0.9542850892644759 -0.029147591738905725 2.674251827189992 0.9533914007939319 0.29853393138254664 -0.04384436915650401 0.2601800707717681 0.05054157288707374 -0.014746532510122366 0.9986130828246044 -0.01775444697135692
327 0.29747333713022467 -0.9542850892644759 -0.029147591738905725 2.674251827189992 0.9533914007939319 0.29853393138254664 -0.04384436915650401 0.2601800707717681 0.05054157288707374 -0.014746532510122366 0.9986130828246044 -0.01775444697135692
328 0.29747333713022467 -0.9542850892644759 -0.029147591738905725 2.674251827189992 0.9533914007939319 0.29853393138254664 -0.04384436915650401 0.2601800707717681 0.05054157288707374 -0.014746532510122366 0.9986130828246044 -0.01775444697135692
329 0.29747333713022467 -0.9542850892644759 -0.029147591738905725 2.674251827189992 0.9533914007939319 0.29853393138254664 -0.04384436915650401 0.2601800707717681 0.05054157288707374 -0.014746532510122366 0.9986130828246044 -0.01775444697135692
330 0.29747333713022467 -0.9542850892644759 -0.029147591738905725 2.674251827189992 0.9533914007939319 0.29853393138254664 -0.04384436915650401 0.2601800707717681 0.05054157288707374 -0.014746532510122366 0.9986130828246044 -0.01775444697135692
331 0.29747333713022467 -0.9542850892644759 -0.029147591738905725 2.674251827189992 0.9533914007939319 0.29853393138254664 -0.04384436915650401 0.2601800707717681 0.05054157288707374 -0.014746532510122366 0.9986130828246044 -0.01775444697135692
332 0.29747333713022467 -0.9542850892644759 -0.029147591738905725 2.674251827189992 0.9533914007939319 0.29853393138254664 -0.04384436915650401 0.2601800707717681 0.05054157288707374 -0.014746532510122366 0.9986130828246044 -0.01775444697135692
333 0.29747333713022467 -0.9542850892644759 -0.029147591738905725 2.674251827189992 0.9533914007939319 0.29853393138254664 -0.04384436915650401 0.2601800707717681 0.05054157288707374 -0.014746532510122366 0.9986130828246044 -0.01775444697135692
334 0.29747333713022467 -0.9542850892644759 -0.029147591738905725 2.674251827189992 0.9533914007939319 0.29853393138254664 -0.04384436915650401 0.2601800707717681 0.05054157288707374 -0.014746532510122366 0.9986130828246044 -0.01775444697135692
335 0.29747333713022467 -0.9542850892644759 -0.029147591738905725 2.674251827189992 0.9533914007939319 0.29853393138254664 -0.04384436915650401 0.2601800707717681 0.05054157288707374 -0.014746532510122366 0.9986130828246044 -0.01775444697135692
336 0.29747333713022467 -0.9542850892644759 -0.029147591738905725 2.674251827189992 0.9533914007939319 0.29853393138254664 -0.04384436915650401 0.2601800707717681 0.05054157288707374 -0.014746532510122366 0.9986130828246044 -0.01775444697135692
337 0.29747333713022467 -0.9542850892644759 -0.029147591738905725 2.674251827189992 0.9533914007939319 0.29853393138254664 -0.04384436915650401 0.2601800707717681 0.05054157288707374 -0.014746532510122366 0.9986130828246044 -0.01775444697135692
338 0.29747333713022467 -0.9542850892644759 -0.029147591738905725 2.674251827189992 0.9533914007939319 0.29853393138254664 -0.04384436915650401 0.2601800707717681 0.05054157288707374 -0.014746532510122366 0.9986130828246044 -0.01775444697135692
339 0.29747333713022467 -0.9542850892644759 -0.029147591738905725 2.674251827189992 0.9533914007939319 0.29853393138254664 -0.04384436915650401 0.2601800707717681 0.05054157288707374 -0.014746532510122366 0.9986130828246044 -0.01775444697135692
340 0.29747333713022467 -0.9542850892644759 -0.029147591738905725 2.674251827189992 0.9533914007939319 0.29853393138254664 -0.04384436915650401 0.2601800707717681 0.05054157288707374 -0.014746532510122366 0.9986130828246044 -0.01775444697135692
341 0.29747333713022467 -0.9542850892644759 -0.029147591738905725 2.674251827189992 0.9533914007939319 0.29853393138254664 -0.04384436915650401 0.2601800707717681 0.05054157288707374 -0.014746532510122366 0.9986130828246044 -0.01775444697135692
342 0.29747333713022467 -0.9542850892644759 -0.029147591738905725 2.674251827189992 0.9533914007939319 0.29853393138254664 -0.04384436915650401 0.2601800707717681 0.05054157288707374 -0.014746532510122366 0.9986130828246044 -0.01775444697135692
343 0.29747333713022467 -0.9542850892644759 -0.029147591738905725 2.674251827189992 0.9533914007939319 0.29853393138254664 -0.04384436915650401 0.2601800707717681 0.05054157288707374 -0.014746532510122366 0.9986130828246044 -0.01775444697135692
344 0.29747333713022467 -0.9542850892644759 -0.029147591738905725 2.674251827189992 0.9533914007939319 0.29853393138254664 -0.04384436915650401 0.2601800707717681 0.05054157288707374 -0.014746532510122366 0.9986130828246044 -0.01775444697135692
345 0.29747333713022467 -0.9542850892644759 -0.029147591738905725 2.674251827189992 0.9533914007939319 0.29853393138254664 -0.04384436915650401 0.2601800707717681 0.05054157288707374 -0.014746532510122366 0.9986130828246044 -0.01775444697135692
346 0.29747333713022467 -0.9542850892644759 -0.029147591738905725 2.674251827189992 0.9533914007939319 0.29853393138254664 -0.04384436915650401 0.2601800707717681 0.05054157288707374 -0.014746532510122366 0.9986130828246044 -0.01775444697135692
347 0.29747333713022467 -0.9542850892644759 -0.029147591738905725 2.674251827189992 0.9533914007939319 0.29853393138254664 -0.04384436915650401 0.2601800707717681 0.05054157288707374 -0.014746532510122366 0.9986130828246044 -0.01775444697135692
348 0.29747333713022467 -0.9542850892644759 -0.029147591738905725 2.674251827189992 0.9533914007939319 0.29853393138254664 -0.04384436915650401 0.2601800707717681 0.05054157288707374 -0.014746532510122366 0.9986130828246044 -0.01775444697135692
349 0.29747333713022467 -0.9542850892644759 -0.029147591738905725 2.674251827189992 0.9533914007939319 0.29853393138254664 -0.04384436915650401 0.2601800707717681 0.05054157288707374 -0.014746532510122366 0.9986130828246044 -0.01775444697135692
350 0.29747333713022467 -0.9542850892644759 -0.029147591738905725 2.674251827189992 0.9533914007939319 0.29853393138254664 -0.04384436915650401 0.2601800707717681 0.05054157288707374 -0.014746532510122366 0.9986130828246044 -0.01775444697135692
351 0.29747333713022467 -0.9542850892644759 -0.029147591738905725 2.674251827189992 0.9533914007939319 0.29853393138254664 -0.04384436915650401 0.2601800707717681 0.05054157288707374 -0.014746532510122366 0.9986130828246044 -0.01775444697135692
352 0.29747333713022467 -0.9542850892644759 -0.029147591738905725 2.674251827189992 0.9533914007939319 0.29853393138254664 -0.04384436915650401 0.2601800707717681 0.05054157288707374 -0.014746532510122366 0.9986130828246044 -0.01775444697135692
353 0.29747333713022467 -0.9542850892644759 -0.029147591738905725 2.674251827189992 0.9533914007939319 0.29853393138254664 -0.04384436915650401 0.2601800707717681 0.05054157288707374 -0.014746532510122366 0.9986130828246044 -0.01775444697135692
354 0.29747333713022467 -0.9542850892644759 -0.029147591738905725 2.674251827189992 0.9533914007939319 0.29853393138254664 -0.04384436915650401 0.2601800707717681 0.05054157288707374 -0.014746532510122366 0.9986130828246044 -0.01775444697135692
355 0.29747333713022467 -0.9542850892644759 -0.029147591738905725 2.674251827189992 0.9533914007939319 0.29853393138254664 -0.04384436915650401 0.2601800707717681 0.05054157288707374 -0.014746532510122366 0.9986130828246044 -0.01775444697135692
356 0.29747333713022467 -0.9542850892644759 -0.029147591738905725 2.674251827189992 0.9533914007939319 0.29853393138254664 -0.04384436915650401 0.2601800707717681 0.05054157288707374 -0.014746532510122366 0.9986130828246044 -0.01775444697135692
357 0.29747333713022467 -0.9542850892644759 -0.029147591738905725 2.674251827189992 0.9533914007939319 0.29853393138254664 -0.04384436915650401 0.2601800707717681 0.05054157288707374 -0.014746532510122366 0.9986130828246044 -0.01775444697135692
358 0.29747333713022467 -0.9542850892644759 -0.029147591738905725 2.674251827189992 0.9533914007939319 0.29853393138254664 -0.04384436915650401 0.2601800707717681 0.05054157288707374 -0.014746532510122366 0.9986130828246044 -0.01775444697135692
359 0.29747333713022467 -0.9542850892644759 -0.029147591738905725 2.674251827189992 0.9533914007939319 0.29853393138254664 -0.04384436915650401 0.2601800707717681 0.05054157288707374 -0.014746532510122366 0.9986130828246044 -0.01775444697135692
360 0.29747333713022467 -0.9542850892644759 -0.029147591738905725 2.674251827189992 0.9533914007939319 0.29853393138254664 -0.04384436915650401 0.2601800707717681 0.05054157288707374 -0.014746532510122366 0.9986130828246044 -0.01775444697135692
361 0.29747333713022467 -0.9542850892644759 -0.029147591738905725 2.674251827189992 0.9533914007939319 0.29853393138254664 -0.04384436915650401 0.2601800707717681 0.05054157288707374 -0.014746532510122366 0.9986130828246044 -0.01775444697135692
362 0.29747333713022467 -0.9542850892644759 -0.029147591738905725 2.674251827189992 0.9533914007939319 0.29853393138254664 -0.04384436915650401 0.2601800707717681 0.05054157288707374 -0.014746532510122366 0.9986130828246044 -0.01775444697135692
363 0.29747333713022467 -0.9542850892644759 -0.029147591738905725 2.674251827189992 0.9533914007939319 0.29853393138254664 -0.04384436915650401 0.2601800707717681 0.05054157288707374 -0.014746532510122366 0.9986130828246044 -0.01775444697135692
364 0.29747333713022467 -0.9542850892644759 -0.029147591738905725 2.674251827189992 0.9533914007939319 0.29853393138254664 -0.04384436915650401 0.2601800707717681 0.05054157288707374 -0.014746532510122366 0.9986130828246044 -0.01775444697135692
365 0.29747333713022467 -0.9542850892644759 -0.029147591738905725 2.674251827189992 0.9533914007939319 0.29853393138254664 -0.04384436915650401 0.2601800707717681 0.05054157288707374 -0.014746532510122366 0.9986130828246044 -0.01775444697135692
366 0.29747333713022467 -0.9542850892644759 -0.029147591738905725 2.674251827189992 0.9533914007939319 0.29853393138254664 -0.04384436915650401 0.2601800707717681 0.05054157288707374 -0.014746532510122366 0.9986130828246044 -0.01775444697135692
367 0.29747333713022467 -0.9542850892644759 -0.029147591738905725 2.674251827189992 0.9533914007939319 0.29853393138254664 -0.04384436915650401 0.2601800707717681 0.05054157288707374 -0.014746532510122366 0.9986130828246044 -0.01775444697135692
368 0.29747333713022467 -0.9542850892644759 -0.029147591738905725 2.674251827189992 0.9533914007939319 0.29853393138254664 -0.04384436915650401 0.2601800707717681 0.05054157288707374 -0.014746532510122366 0.9986130828246044 -0.01775444697135692
369 0.29747333713022467 -0.9542850892644759 -0.029147591738905725 2.674251827189992 0.9533914007939319 0.29853393138254664 -0.04384436915650401 0.2601800707717681 0.05054157288707374 -0.014746532510122366 0.9986130828246044 -0.01775444697135692
370 0.29747333713022467 -0.9542850892644759 -0.029147591738905725 2.674251827189992 0.9533914007939319 0.29853393138254664 -0.04384436915650401 0.2601800707717681 0.05054157288707374 -0.014746532510122366 0.9986130828246044 -0.01775444697135692
371 0.29747333713022467 -0.9542850892644759 -0.029147591738905725 2.674251827189992 0.9533914007939319 0.29853393138254664 -0.04384436915650401 0.2601800707717681 0.05054157288707374 -0.014746532510122366 0.9986130828246044 -0.01775444697135692
372 0.29747333713022467 -0.9542850892644759 -0.029147591738905725 2.674251827189992 0.9533914007939319 0.29853393138254664 -0.04384436915650401 0.2601800707717681 0.05054157288707374 -0.014746532510122366 0.9986130828246044 -0.01775444697135692
373 0.29747333713022467 -0.9542850892644759 -0.029147591738905725 2.674251827189992 0.9533914007939319 0.29853393138254664 -0.04384436915650401 0.2601800707717681 0.05054157288707374 -0.014746532510122366 0.9986130828246044 -0.01775444697135692
374 0.29747333713022467 -0.9542850892644759 -0.029147591738905725 2.674251827189992 0.9533914007939319 0.29853393138254664 -0.04384436915650401 0.2601800707717681 0.05054157288707374 -0.014746532510122366 0.9986130828246044 -0.01775444697135692
375 0.29747333713022467 -0.9542850892644759 -0.029147591738905725 2.674251827189992 0.9533914007939319 0.29853393138254664 -0.04384436915650401 0.2601800707717681 0.05054157288707374 -0.014746532510122366 0.9986130828246044 -0.01775444697135692
376 0.29747333713022467 -0.9542850892644759 -0.029147591738905725 2.674251827189992 0.9533914007939319 0.29853393138254664 -0.04384436915650401 0.2601800707717681 0.05054157288707374 -0.014746532510122366 0.9986130828246044 -0.01775444697135692
377 0.29747333713022467 -0.9542850892644759 -0.029147591738905725 2.674251827189992 0.9533914007939319 0.29853393138254664 -0.04384436915650401 0.2601800707717681 0.05054157288707374 -0.014746532510122366 0.9986130828246044 -0.01775444697135692
378 0.29747333713022467 -0.9542850892644759 -0.029147591738905725 2.674251827189992 0.9533914007939319 0.29853393138254664 -0.04384436915650401 0.2601800707717681 0.05054157288707374 -0.014746532510122366 0.9986130828246044 -0.01775444697135692
379 0.29747333713022467 -0.9542850892644759 -0.029147591738905725 2.674251827189992 0.9533914007939319 0.29853393138254664 -0.04384436915650401 0.2601800707717681 0.05054157288707374 -0.014746532510122366 0.9986130828246044 -0.01775444697135692
380 0.29747333713022467 -0.9542850892644759 -0.029147591738905725 2.674251827189992 0.9533914007939319 0.29853393138254664 -0.04384436915650401 0.2601800707717681 0.05054157288707374 -0.014746532510122366 0.9986130828246044 -0.01775444697135692
381 0.29747333713022467 -0.9542850892644759 -0.029147591738905725 2.674251827189992 0.9533914007939319 0.29853393138254664 -0.04384436915650401 0.2601800707717681 0.05054157288707374 -0.014746532510122366 0.9986130828246044 -0.01775444697135692
382 0.29747333713022467 -0.9542850892644759 -0.029147591738905725 2.674251827189992 0.9533914007939319 0.29853393138254664 -0.04384436915650401 0.2601800707717681 0.05054157288707374 -0.014746532510122366 0.9986130828246044 -0.01775444697135692
383 0.29747333713022467 -0.9542850892644759 -0.029147591738905725 2.674251827189992 0.9533914007939319 0.29853393138254664 -0.04384436915650401 0.2601800707717681 0.05054157288707374 -0.014746532510122366 0.9986130828246044 -0.01775444697135692
384 0.29747333713022467 -0.9542850892644759 -0.029147591738905725 2.674251827189992 0.9533914007939319 0.29853393138254664 -0.04384436915650401 0.2601800707717681 0.05054157288707374 -0.014746532510122366 0.9986130828246044 -0.01775444697135692
385 0.29747333713022467 -0.9542850892644759 -0.029147591738905725 2.674251827189992 0.9533914007939319 0.29853393138254664 -0.04384436915650401 0.2601800707717681 0.05054157288707374 -0.014746532510122366 0.9986130828246044 -0.01775444697135692
386 0.29747333713022467 -0.9542850892644759 -0.029147591738905725 2.674251827189992 0.9533914007939319 0.29853393138254664 -0.04384436915650401 0.2601800707717681 0.05054157288707374 -0.014746532510122366 0.9986130828246044 -0.01775444697135692
387 0.29747333713022467 -0.9542850892644759 -0.029147591738905725 2.674251827189992 0.9533914007939319 0.29853393138254664 -0.04384436915650401 0.2601800707717681 0.05054157288707374 -0.014746532510122366 0.9986130828246044 -0.01775444697135692
388 0.29747333713022467 -0.9542850892644759 -0.029147591738905725 2.674251827189992 0.9533914007939319 0.29853393138254664 -0.04384436915650401 0.2601800707717681 0.05054157288707374 -0.014746532510122366 0.9986130828246044 -0.01775444697135692
389 0.29747333713022467 -0.9542850892644759 -0.029147591738905725 2.674251827189992 0.9533914007939319 0.29853393138254664 -0.04384436915650401 0.2601800707717681 0.05054157288707374 -0.014746532510122366 0.9986130828246044 -0.01775444697135692
390 -0.6431618243847034 -0.76573008075459 -0.0005577457881835511 2.629470292548826 0.7651536347252234 -0.6426490449108481 -0.03926984011527327 0.8675153165985917 0.029711663045078735 -0.02568362322889276 0.9992284866716907 0.012980958381546658
391 -0.6893538573462495 -0.7244246606907718 0.00041272765956760593 2.409667372126499 0.7238322290761238 -0.6888129218319817 -0.04004575967955566 1.1189245264496601 0.029294428012689954 -0.027306953323916746 0.9991977616008678 0.015852182897931784
392 -0.6998246314239178 -0.7143125546278218 0.001749158004535573 2.5760287933829167 0.7137233645840682 -0.6993428161015037 -0.038969018649312695 0.9243164164964667 0.02905932034787697 -0.026023064176438716 0.999238888369965 0.013609536767939334
393 -0.7087987518549315 -0.7054105863424621 0.00048378127609693 2.3509918235387173 0.7048785886954176 -0.7082905001545526 -0.038350261942910864 1.1619164728886267 0.027395338444970222 -0.02684161073596387 0.9992642410113417 0.02190429348647351
394 -0.7222289975666547 -0.6916513626454169 0.0019151043138183543 2.550656144233269 0.6910903240984582 -0.7217493880909889 -0.038366453167184074 0.9489123090611167 0.02791843497968244 -0.026385854950903453 0.9992619014285914 0.013471558026206793
395 -0.7337472913932872 -0.6794047570051286 0.004908006856947574 2.514394871554018 0.6786960691041853 -0.733277623427495 -0.04093376067475909 0.9822599455522271 0.031409523327758315 -0.026703991060566194 0.9991498079394123 0.005024864937407886
396 -0.7420041961924088 -0.6703756942757626 0.0051187259870234345 2.5284072176139794 0.669667735679331 -0.7415329953132739 -0.040913819802692916 0.9689197765622346 0.031223334568510033 -0.026930380334481353 0.9991495673784324 0.01337973739356162
397 -0.7517340028456041 -0.6594266394393926 0.0072454235935676585 2.489532065401991 0.658595562965829 -0.7512604138972631 -0.043123948720331755 0.9996896956094813 0.03388028051126248 -0.02764593475909718 0.9990434569545685 0.011970801196125758
398 -0.7580742654607853 -0.6520990457695571 0.009499608003747573 2.271077044823207 0.6511517543949249 -0.7576253620002776 -0.04477949980488227 1.1824049534944239 0.03639781304546724 -0.027760500004451318 0.9989517274847856 -0.0018334760926380258
399 -0.7691242130544155 -0.6390642140821177 0.0066988934412514425 2.4919191907716978 0.6383118347411402 -0.7686544901125015 -0.04157254453820547 0.999676866342531 0.03171666002414706 -0.02769846763917096 0.9991130308259967 0.013434844916666373
400 -0.779801534425568 -0.625972230547845 0.008266407351843566 2.4517338071994264 0.6251631662372447 -0.779351217966182 -0.04222196863971604 1.030015403716622 0.03287221452508222 -0.027756902538222696 0.9990740572519601 0.009117937478336495
401 -0.7896606499289021 -0.6134990368990859 0.007415502548123935 2.4640624396337008 0.6127818446545453 -0.7892244903440856 -0.04028789772717667 1.021823546984075 0.030569082673369677 -0.027269682173029594 0.9991605955091545 0.013308228598830775
402 -0.7985480950667784 -0.6019005534673336 0.0060550474495403945 2.4270412433747985 0.6012623479333024 -0.7980946786898387 -0.03909568780898938 1.050352935646043 0.02836421727872905 -0.027579114978541024 0.9992171253512554 0.012795643214367118
403 -0.8052706362330363 -0.5928722602195784 0.006456429502590377 2.4391475800161566 0.592248647479365 -0.8048414069566188 -0.03836468696956199 1.0405188042680718 0.027941760480959307 -0.027070144244838508 0.9992429460909474 0.013268778630899725
404 -0.8148823832333226 -0.579564707559382 0.008452883941202402 2.4016259183754145 0.5788386905497872 -0.8144485068182087 -0.040241770158392566 1.0660054932036427 0.030207148457154897 -0.027899453300377554 0.9991542166688883 0.014214223944998106
405 -0.8235396995210555 -0.5671911925050831 0.008747254198893434 2.3626025201245 0.5664425023075539 -0.8230839404736452 -0.04093554095546714 1.0932696602982528 0.030418002745022776 -0.02875722654159608 0.9991234993888236 0.013403735617451338
406 -0.8313616010748932 -0.5556562669300762 0.00916522114847814 2.3961363311534822 0.5548973651498195 -0.8309037870265882 -0.04108297523403813 1.0696687436477503 0.030443429614068714 -0.029069051001186175 0.9991137011704492 0.01341349075732443
407 -0.8374470321374378 -0.5464299706409592 0.00983643989797637 2.3671688649204903 0.5456424673147559 -0.8369878929654686 -0.04153991926900174 1.0893579100095838 0.030931637971458554 -0.02942030277102174 0.9990884242931306 0.013310307444531745
408 -0.8454081672556532 -0.5340164802978575 0.0105560175750655 2.327840536212117 0.5332245077568005 -0.8449691225126457 -0.04121657831034066 1.1138357061048834 0.030929840986591992 -0.02921610465453562 0.999094472092377 0.013674451241906518
409 -0.8531325190194488 -0.5215698489434797 0.01139287782971611 2.3558539955876254 0.5207512634521617 -0.8526997838879948 -0.041487349527029184 1.0949000621112694 0.031353255089126245 -0.029461351485250923 0.9990740724112788 0.013276649224277879
410 -0.860281669233187 -0.5096690082761224 0.012367359591285642 2.3180344122894745 0.5088699477866492 -0.8599069776077739 -0.04014182484236898 1.1185061115252828 0.03109382286488305 -0.028239898451704926 0.999117451711404 0.013751872106464
411 -0.8654146190159832 -0.5008783376385807 0.013357697284904881 2.2234653424338657 0.5000369605841534 -0.8650466041703364 -0.04071130878920751 1.1761402599041006 0.03194644334537041 -0.028552819435006725 0.9990816589548784 0.01302172586617155
412 -0.871847726759139 -0.4895927547702241 0.013434128980355354 2.3152437406164883 0.48877386891659047 -0.8714892946232528 -0.04008134756607019 1.118624288079121 0.03133123695813184 -0.028378580563139855 0.9991061053544985 0.013347000986900498
413 -0.8779355889905448 -0.4785984243695733 0.013139626107956262 2.2746479505389634 0.47783080473023626 -0.8775934316313377 -0.03882641894971485 1.1398367031913565 0.030113512500111402 -0.027808576872347588 0.9991595765523212 0.012431406597842988
414 -0.8843657087015954 -0.46661342890221574 0.013007737706099663 2.169488492562613 0.4659030654702253 -0.8840552147972576 -0.037157916718452026 1.2002714919775967 0.028837941282856133 -0.026800842480454015 0.9992247434806306 0.012875906929187138
415 -0.8891493408460867 -0.4574307244057392 0.013060705995685805 2.2718873443803007 0.45673422554969506 -0.8888443823243495 -0.03673569412235983 1.141688577610294 0.028412970326707067 -0.02669824677716188 0.9992396643132828 0.01323535867190239
416 -0.8954685066313889 -0.44490149545203256 0.014100105517431277 2.231368778880044 0.4441779697829071 -0.8951802539634591 -0.03685436301490366 1.16298497478765 0.02901869725750235 -0.026738965169552563 0.9992211681855814 0.011963332863306995
417 -0.9009835513214268 -0.43360972784744545 0.014534241080852661 2.124241927182742 0.4328673017069231 -0.9006886825707321 -0.0372262837528436 1.2152665801395284 0.029232505217675637 -0.02724887161939809 0.9992011607447412 0.0134000798759217
418 -0.9069494143874974 -0.4209904608689879 0.014484184423986435 2.2246223412813926 0.4202838984601647 -0.9066715883369952 -0.03616732775834966 1.164502906996634 0.02835849847910764 -0.026714467234912807 0.9992407781935262 0.013167135983838424
419 -0.9114529099821005 -0.4111574426231916 0.014253078952648048 2.196547069082033 0.4104655632001191 -0.9111662224627333 -0.035974108336156024 1.1770472329983936 0.027777946491552782 -0.026938307647336467 0.9992510761911845 0.013522304099975013
420 -0.9168875724125484 -0.39886492316046235 0.014965046846531334 2.1541956731803515 0.3981734395812772 -0.9166265150409626 -0.03540824672064556 1.1958469738989086 0.027840466345319413 -0.0265066972028779 0.9992608785679481 0.013208621305722472
421 -0.9220149010603921 -0.38685794173673976 0.015147776629563837 2.113939617359711 0.3861682454123661 -0.9217529957490559 -0.035291657130132895 1.2129646245108647 0.02761536632467238 -0.026689843434181165 0.9992622497626085 0.013409599726927266
422 -0.9256311067428781 -0.37811185321862884 0.015442819818765132 2.168657296883301 0.3774153735249366 -0.92536948018321 -0.035340641949750104 1.1883001761049168 0.02765302977002386 -0.02688403991033925 0.9992560024047343 0.013020018552002379
423 -0.9304284298431669 -0.3661195703539066 0.016105810828074493 2.1282001135917197 0.36542171166354276 -0.9301888013515082 -0.034867843135846156 1.2044022730670592 0.027747244616792767 -0.026556619580193386 0.9992621459715025 0.012588872816508005
424 -0.9351481405434473 -0.353915758808074 0.015543194845219047 2.085659172204725 0.3532652381997277 -0.9349129961869157 -0.03378403530021197 1.220619515696792 0.026488237351663866 -0.026102207361701213 0.9993082847916811 0.01184609146845959
425 -0.9399962696932642 -0.3408987792025837 0.013965503935528482 2.0455714128735574 0.34032690393320264 -0.9397478487616384 -0.03242806203409851 1.2357997717904061 0.024178739039700418 -0.0257294206294056 0.9993764983693644 0.012584102038981
426 -0.9433138534530977 -0.331600099628947 0.014154427195298979 2.0143462865209134 0.33104279474288323 -0.9430824485379837 -0.031720077384065196 1.2463165164626584 0.02386717267831871 -0.02523626729243006 0.9993965623723241 0.012456403504247373
427 -0.9470718828474182 -0.3207015941223007 0.01432955853419175 2.090204831017782 0.32015310351791165 -0.9468494867814454 -0.03127362610212421 1.216936206028918 0.023597436888208877 -0.02503071931849875 0.9994081368802534 0.012740573742092701
428 -0.9504639186165157 -0.3104986041706847 0.014455317929176795 2.0481210141612416 0.30995011223134056 -0.9502393892615565 -0.031241495224288124 1.230465154028497 0.023436453139391338 -0.02521348655969648 0.9994073307518085 0.011887495252733145
429 -0.9530902263872183 -0.30238358503955703 0.013534691110576058 2.017083480073262 0.3018691320296071 -0.9528498688879522 -0.030857000643927174 1.2394597925864441 0.022227179128617196 -0.025323800271326493 0.999432167606798 0.011865496331580997
430 -0.9568871052492018 -0.2902509917794023 0.011019509024447023 1.9744892402929997 0.2898186103514461 -0.9566064565755579 -0.030153943891390127 1.2524386560075431 0.01929354560092881 -0.025660261290057114 0.9994845221857228 0.011920275543222073
431 -0.9603598350487711 -0.2785661131037929 0.010483694717090817 2.0270095263803283 0.27813791976599006 -0.9600451718932219 -0.03086366007337796 1.2359124243350879 0.018662390319138147 -0.026724306458065165 0.9994686221341523 0.012202704945223413
432 -0.9634328503875993 -0.26774805284612 0.01039822052243428 1.985493328179497 0.267306192565796 -0.9630826954929413 -0.03192367552253631 1.246635994479266 0.018561848209371564 -0.02797680896692714 0.9994362190509838 0.011736775058636219
433 -0.9654591141265867 -0.26036637194305257 0.009902086166969705 1.9515592107697473 0.25992923442178345 -0.965077582853506 -0.03258914186191972 1.2546544243668196 0.018041398014686648 -0.028889642355461057 0.9994197799334055 0.011776958380000108
434 -0.9685698731587716 -0.24862752448484446 0.007533583261804884 1.9106905084846322 0.24826315314377317 -0.9681409098149892 -0.032689226569151776 1.2641600113569047 0.015421011631292888 -0.029791488896550124 0.9994371714070542 0.010998624763845227
435 -0.9716805130204677 -0.23624618112794085 0.004972174387849743 1.8666857697337391 0.2359757214487904 -0.9712378254705517 -0.03182051637339027 1.275023674766869 0.01234663931397826 -0.02974606323618071 0.9994812315493016 0.009971723890324751
436 -0.973795122420259 -0.22737044026072958 0.005073701374069238 1.9504066368695037 0.22709173053560688 -0.973328378178668 -0.03257628210282461 1.2543327678741865 0.012345261133849705 -0.030570428993519604 0.9994563739345645 0.011511403161990756
437 -0.9764557034483928 -0.21561889941990153 0.006538303656605272 1.907646344127445 0.21529314736647934 -0.9759861570272519 -0.03316446877244094 1.2634231962646107 0.013532180116345788 -0.03097598271141814 0.999428521004331 0.009470367664132208
438 -0.9788670597275936 -0.20437617299884203 0.00704693473171928 1.8647612586764475 0.20404117172832853 -0.9784032062379404 -0.03308120709772021 1.2720630447480898 0.013655754040727984 -0.03094423910395656 0.99942782353073 0.00971678314825086
439 -0.9812022941765071 -0.1928497306979347 0.007144177477213461 1.8221962641066314 0.1925241740430071 -0.9807519877778369 -0.03255734754200971 1.2804383436239588 0.013285341967723265 -0.030569917232724238 0.9994443355430033 0.008904010661693187
440 -0.9831433865327516 -0.1827148522440316 0.006660652020246888 1.7927878614960622 0.18241380867438312 -0.9826958209145112 -0.032157828928367736 1.285256344774836 0.012421107865135325 -0.030400761932769114 0.9994606094050701 0.008880013182911234
441 -0.9854439222029182 -0.16979609504865678 0.008340401557023537 1.8688816412872502 0.16944803623378174 -0.9850099996424903 -0.03229030228068298 1.2700171845141988 0.01369814617016549 -0.030407017462960394 0.9994437323229124 0.009893846435002298
442 -0.9874177196143721 -0.15783948623866706 0.009640724865723845 1.826183734246465 0.15746459179760303 -0.987013277250943 -0.0317756645878024 1.2771851560728973 0.014530978017605677 -0.029857781460812423 0.9994485297224814 0.009230992489709608
443 -0.9890555394726247 -0.14724261287075788 0.009420870103236152 1.7843401323410049 0.14688472995036708 -0.9886569291457473 -0.031342504047869944 1.2837057747830172 0.013928960696267693 -0.02961569528877602 0.9994643038383122 0.008940416773054878
444 -0.990092268489872 -0.14008821194844562 0.009622512655957111 1.751611516361771 0.1397353355235092 -0.9897110415610078 -0.03075857958126601 1.2887417075063885 0.013832421438508493 -0.02910922679885806 0.9994805235883851 0.008207924935081743
445 -0.9912180640620992 -0.1318384961277272 0.010264522210229226 1.7065541893001552 0.13147483827722783 -0.9908525662465993 -0.03042299890182181 1.2946637720169323 0.014181550596229019 -0.028806299676814934 0.9994844074428254 0.007134315842592925
446 -0.9920017998537284 -0.1257754707279527 0.010628266494971261 1.6737132854346055 0.12540436668044397 -0.9916408794033127 -0.030366282521388756 1.2995463594308583 0.014358757011458202 -0.028790575887226666 0.9994823304274777 0.006585689504125108
447 -0.993074838997769 -0.11703077146712558 0.010303527468881739 1.7730713558815032 0.1166678378895672 -0.9926968091929228 -0.030686489222985187 1.2833929820729404 0.01381954234914343 -0.029271890072648264 0.9994759510368776 0.008471837529454898
448 -0.9939792716289084 -0.10919198562843026 0.009072918250933782 1.740973803344903 0.10887146418685904 -0.9935899810848073 -0.03042948855115768 1.2866888796413165 0.012337416949942906 -0.029258498971499007 0.9994957370494164 0.007790291245131907
449 -0.9953912167557194 -0.09570617398410927 0.006054243586628512 1.698191441319834 0.09548444565230542 -0.9949800891746292 -0.029955680349856822 1.2904025425164223 0.008890795378355361 -0.02923953501961767 0.9995328925800944 0.00652668780022929
450 -0.9964681904089215 -0.08352591714808702 0.008635199353015717 1.6559655186447095 0.08322902642794451 -0.9960672137397565 -0.030381488988542427 1.294270017085245 0.01113888069188611 -0.029555488118810026 0.9995010747661781 0.0057710206746503226
451 -0.9969537040287648 -0.07719848908711108 0.011122288715170651 1.6260539737247837 0.0768167778055205 -0.996550210375406 -0.03141434144986144 1.295564344509142 0.013509058854172199 -0.030464265687488425 0.9994445626667565 0.005891049272334924
452 -0.997472528922538 -0.06963698782418427 0.014115380680700574 1.5852555312686198 0.06916783608040314 -0.997111620105007 -0.03137240034263678 1.298056438838235 0.016259289559011222 -0.03031677717145369 0.9994080890829157 0.0046064144117200665
453 -0.9981112193603334 -0.05976421886107259 0.014220827313296805 1.679945534445821 0.05930336224662589 -0.9977622800774696 -0.030879502610755186 1.2901320754299124 0.016034494436622346 -0.029977835131040395 0.9994219451203972 0.0070774584605247095
454 -0.9985703940398376 -0.05166954032593317 0.013690388936770949 1.6482191901089716 0.051234385680737175 -0.9982229841891982 -0.030428794923444285 1.2923005327233321 0.015238302745490862 -0.029683875070618777 0.9994431758186737 0.005835648752746374
455 -0.9989674847035027 -0.043672681996495294 0.012516443228610745 1.6147404658641786 0.04328292021744101 -0.9986158976570222 -0.02988106030805615 1.2939319649365886 0.01380410523380724 -0.02930845944297193 0.999475092678034 0.005118612492777478
456 -0.9993737360703409 -0.03378820337129755 0.010511563390924796 1.5724773597813115 0.03346724416816098 -0.9990089933574994 -0.02934237138455519 1.295261593192056 0.011492572373997095 -0.02897220225632388 0.9995141481123658 0.004540482190970305
457 -0.9996663062681089 -0.024342905113049894 0.008642863063536784 1.5285543576754588 0.024089147176519544 -0.9993079989947397 -0.028341420822050066 1.2969459885702062 0.009326794710774617 -0.028123764267677098 0.999560936003026 0.00369674666333462
458 -0.999847828671441 -0.014773394581887173 0.009277193217361295 1.4848931160733547 0.014505051098680107 -0.9994926673036821 -0.02835509653663009 1.2976618653327288 0.00969138762297806 -0.028216215542040794 0.9995548620188778 0.002879384407475404
459 -0.9999205214020481 -0.007244302887028914 0.010318476356901212 1.5880182462389323 0.006946836673029797 -0.9995674173659219 -0.02857830647130349 1.2927914012662625 0.01052104267128345 -0.028504354336949627 0.9995382981377903 0.005230642893696491
460 -0.9999351223420301 0.0037960683542189438 0.010739691408958791 1.5457575754881088 -0.00410133342448823 -0.999584058804863 -0.028546251011296576 1.2914034611494225 0.010626860808764987 -0.028588446052417917 0.9995347770747705 0.004755297947440423
461 -0.9998274296859916 0.016210267284466832 0.00907403333141231 1.5010937734128738 -0.01645878917729077 -0.9994718916658596 -0.028018672853461792 1.2922861663461216 0.008615051082607518 -0.028163185264247746 0.9995662138605031 0.004304720305568841
462 -0.9996559624264539 0.024771554898562777 0.008621302249650008 1.4700528309734933 -0.02500238249081073 -0.999301215999771 -0.027784178443968948 1.2905179627414083 0.007927020519247863 -0.027990172739154107 0.9995767667246342 0.0037920590134393915
463 -0.999281375135788 0.03658298330867658 0.009920616842474875 1.4269101968486555 -0.03684400934050848 -0.9989412900400888 -0.02754665186629161 1.2906386853123606 0.008902375081498102 -0.02789237145741416 0.9995712897703503 0.0021922385499909057
464 -0.9989011647331764 0.04583614924920549 0.009772948205747728 1.397005576190893 -0.04609062301979124 -0.998554973969568 -0.027633646698876267 1.2886076717508508 0.008492206086722479 -0.02805372314421465 0.9995703432244015 0.0019101528234172754
465 -0.9982500825980328 0.05809868270713219 0.011014338825348503 1.3515372749232009 -0.058381536005432264 -0.9979187046896274 -0.02738348196262759 1.2854023041476725 0.009400470503310535 -0.027978597149804156 0.999564319719217 0.00011257444080542678
466 -0.997594035171857 0.06841094845783463 0.011228674042123177 1.4744080673979827 -0.06869581893705505 -0.9972634205147018 -0.027323150712816487 1.288039925398809 0.009328743227323043 -0.028028775132339926 0.9995635859285344 0.003174672130401807
467 -0.9971059771226448 0.07524737702588538 0.010839863280203225 1.4449870606621886 -0.07552030196390833 -0.9967659353848033 -0.02746550652162955 1.2853573494749333 0.008738099138045095 -0.028204650465612657 0.9995639765990249 0.0029296289933695287
468 -0.9964474951684904 0.08364487106384337 0.009794126601633795 1.4010909339591866 -0.0838826067235843 -0.9961072708699297 -0.027092678163920712 1.2819583540925144 0.0074898371472934015 -0.0278179881640153 0.9995849448015166 0.0017203772747988136
469 -0.9956509447575449 0.09259417248943434 0.010272070120390395 1.3595141649656661 -0.09283787495247016 -0.9953275497551982 -0.026536723085384278 1.2781128681090632 0.007766928468977975 -0.02737495057149132 0.9995950614641731 0.0007725864550950666
470 -0.9948874231120345 0.10038405555480417 0.011047928444378569 1.3278737045268694 -0.10064661288700638 -0.994568036212854 -0.0265458218737125 1.2738918266325063 0.008323139239702427 -0.027522040895187116 0.9995865458364984 -0.00013879049206679268
471 -0.9939889493851687 0.10889469737245008 0.011309879890135478 1.2973065349734085 -0.10916049496930234 -0.9936735964600882 -0.026396401974082002 1.2706317849045126 0.008363900820610035 -0.027472323952524417 0.9995875732417352 -0.00024367569375834897
472 -0.9926941471377597 0.12014692056292581 0.011092687517156967 1.2539530317468186 -0.1203992359661599 -0.9923876389723697 -0.025899768211744167 1.265720558672077 0.007896468580378993 -0.027046099418264923 0.9996029983396862 -0.001159913080035705
473 -0.9914487109860282 0.13003234929486343 0.011001891676937428 1.3676491590000264 -0.13028011976019954 -0.9911354634260765 -0.02603043479161655 1.2763556002295218 0.007519566417084324 -0.027241168786339514 0.9996006076647356 0.0011002585528483598
474 -0.9904008625927934 0.13773570112621647 0.011619294777079497 1.337251869322759 -0.1379962654070033 -0.990096055848449 -0.02582306965776877 1.2723781218549752 0.007947459326490207 -0.027178609749799805 0.9995990001305365 0.0012769296848955287
475 -0.9890036023749998 0.1474132256015291 0.011883408913152392 1.2959676294201845 -0.14768041218728567 -0.9886899702593706 -0.026127352803889295 1.2662453671648095 0.007897489850718472 -0.027594992770231374 0.9995879881370997 -4.7839051546530886e-05
476 -0.9874333821174726 0.15763261098630135 0.011281659153738492 1.2547550006628911 -0.15787998749712284 -0.9871123143442936 -0.026137873231920444 1.2579529909017555 0.007016083474386203 -0.02759055677243799 0.9995946857349851 -0.00037649555836156675
477 -0.9860196425822252 0.1663149039809373 0.010228252843449418 1.2231279984107368 -0.16652574920066796 -0.9857115738814306 -0.02533511335772583 1.2546650520626113 0.0058685002626832315 -0.02668418688518067 0.99962668775684 -0.0004429590095615636
478 -0.9845937749550735 0.17460868308300992 0.009322344736761983 1.190253734056438 -0.1747950134484873 -0.9842665315106081 -0.025808878739001544 1.2474825007640153 0.004669217591678296 -0.027040760718564053 0.9996234269295139 -0.0013183337238954688
479 -0.9826752508497566 0.18514444777549816 0.0084193125653362 1.2779599698784216 -0.18530371487858124 -0.9823359313855105 -0.026050934000295716 1.2608293638917085 0.00344740746136546 -0.027159737998722965 0.999625161754423 -0.0006711585448345554
480 -0.9804026535729092 0.19688127791867513 0.006956958496663853 1.239181081264825 -0.19699634954963938 -0.9800666747133615 -0.02572452876084543 1.2537206609557683 0.0017536050835031962 -0.02659089168691682 0.9996448616122389 -0.0005139067664225887
481 -0.9786706538830772 0.20533552053076043 0.0064089965049050025 1.206760408767657 -0.2054331430441269 -0.9783329340589878 -0.025727298246717815 1.2456185006066678 0.0009874041778052214 -0.026495172092997166 0.9996484536523055 -0.002036560451338998
482 -0.9759551327288527 0.21788835338381501 0.006020328791424876 1.1631918224756281 -0.21797115591101673 -0.9756309647067847 -0.02515543474012255 1.2366166094901683 0.0003925429321427268 -0.02586283367612427 0.9996654239018287 -0.0029916422570452797
483 -0.9741668633576048 0.22570201995398012 0.007584228605277496 1.1307442650125226 -0.22582211791993698 -0.9738557814922572 -0.02468375806581802 1.2275711275372756 0.0018147708196142001 -0.025758785736780577 0.99966654018392 -0.004946902974493929
484 -0.9717694134089466 0.2357613340268489 0.008988912064077927 1.0915029917509262 -0.23591383945102684 -0.9714673859885024 -0.02440857055152041 1.2184786521726572 0.0029778377509178783 -0.0258401110447201 0.9996616533327183 -0.005659905985186029
485 -0.9694123398754527 0.24526568915087268 0.00919005018765449 1.1843768776978403 -0.24542068074555792 -0.969107234153707 -0.024492002257790198 1.238639835409034 0.002899096305680917 -0.025998277589438616 0.9996577838451807 -0.0030521615000050645
486 -0.9674674266621061 0.2528269078087021 0.00923758811259667 1.1545384958745517 -0.25297988268291427 -0.9671693180530934 -0.024180346857922252 1.2311351439981086 0.002820869469065143 -0.02573062190775565 0.9996649327604384 -0.004226173953020264
487 -0.9646040135299306 0.26352602023182875 0.00965058249212344 1.1169302007918398 -0.2636857616216054 -0.964310444097067 -0.023983046574509517 1.2206300174141396 0.002986000672095218 -0.025678864176959474 0.9996657840173321 -0.005662119990449395
488 -0.962178192729098 0.2722355494324753 0.01004644517398031 1.0870249517779411 -0.2724015204564708 -0.961894850446194 -0.023573466807199427 1.2118766606517624 0.0032460881893843236 -0.025418542628937047 0.9996716263862859 -0.006130349255291021
489 -0.9590580384911542 0.28304175505336476 0.009749035857731026 1.049876863668782 -0.28319793631994483 -0.9587626028686659 -0.023941599890330116 1.201251658583193 0.0025705385420249404 -0.025722290665192313 0.9996658222097312 -0.00584961705452084
490 -0.9567111276491451 0.2908774222024565 0.009702756576266477 1.0168886545678073 -0.2910287584529652 -0.956427448406325 -0.023426431409498426 1.1917022356145888 0.00246576273481074 -0.025236108809777686 0.9996784777244319 -0.007403447191183995
491 -0.9536804504191433 0.3006427958440768 0.010368596620793494 1.0978669629868054 -0.30080902401882065 -0.9533885386791471 -0.02375342889320725 1.2128234972194811 0.0027440039070842593 -0.0257721481957452 0.9996640769874656 -0.005507244874831501
492 -0.9505955836506645 0.310266033197105 0.01015012257879935 1.0600102682417833 -0.3104225583898392 -0.9503135936596816 -0.02327893786979812 1.2004587046005941 0.002423135753646606 -0.025279682549934596 0.9996774810226254 -0.006008593486002865
493 -0.9468212421092879 0.3216546549532872 0.008235195029666414 1.0212182526543108 -0.32175976285648566 -0.9465449242746575 -0.02287709197328608 1.1881421333759477 0.00043645893060040904 -0.02431027103759433 0.9997043664134974 -0.006124687013255807
494 -0.9437524519946924 0.33057185412578505 0.007318375021468389 0.9901389647617609 -0.3306527346737608 -0.9435021820325935 -0.021734800511408803 1.1777994344595726 -0.0002800105024551268 -0.022932111990309683 0.9997369853284553 -0.007790448378412311
495 -0.9405628314869017 0.3395499342442924 0.0068849240665581225 0.9625267043400092 -0.3396189258593547 -0.9403232406417473 -0.021241193631303074 1.1680134257880965 -0.0007383917914800479 -0.02231692774225957 0.9997506736745814 -0.008432806876505819
496 -0.9363098614154753 0.35111911979602445 0.006261559698652966 0.9202415425178859 -0.35117264303850954 -0.9360902838539826 -0.020316378997732833 1.1518734046167827 -0.0012720839151852906 -0.021221314472902115 0.9997739932680915 -0.011261137197249447
497 -0.9320237107017916 0.3623584147853847 0.005308664945206468 0.8793133411811854 -0.36238995475237323 -0.9318115554619327 -0.02001863638829676 1.1364743212265669 -0.00230724600829961 -0.020581650619015672 0.999785513134472 -0.011783589376874532
498 -0.9290151407123585 0.36999826161224986 0.005670514105084575 0.996043392428517 -0.3700360592489393 -0.9288071693137923 -0.01976251723295396 1.1760833874139438 -0.002045282866982338 -0.020457972422067996 0.9997886217504749 -0.008417823345108605
499 -0.9247032614360268 0.3806308173243281 0.00663770989341176 0.9551446039117036 -0.3806868493353477 -0.9245040064725109 -0.019231868365891552 1.1592674878120102 -0.0011836523845071755 -0.02031066026786854 0.9997930166021856 -0.010304815629763512
500 -0.9213923121659198 0.38857631824668315 0.006682213621968332 0.927900399567329 -0.3886320507866048 -0.9212008865542984 -0.018816368236942785 1.1475201318983688 -0.0011559339793838922 -0.019934179419947212 0.9998006262787726 -0.010791917128642282
501 -0.9168767229217821 0.39911853824654847 0.00643951790713666 0.88842727391668 -0.3991675033567796 -0.9166882240313883 -0.018654870335128308 1.1306241611966064 -0.0015424743459471462 -0.019674662665060103 0.9998052452465983 -0.01197075945336616
502 -0.9131603958226648 0.407547308206934 0.006578987275660035 0.862099714833945 -0.40759708416461143 -0.9129688244114 -0.01877611872336045 1.1178408410073328 -0.0016457463657973837 -0.019827184036221336 0.99980206755754 -0.011901912186267079
503 -0.9075801147889911 0.41981108029955344 0.007549311022124042 0.8224306955731778 -0.41987855003142793 -0.9074076224651954 -0.0177033871408807 1.1035335085784448 -0.0005817757144501706 -0.019237035898896193 0.9998147818399442 -0.015377645510281271
504 -0.9028102796759918 0.4299736865007652 0.007498521760716572 0.7862270846949991 -0.43003763209013396 -0.9026249710314852 -0.018324755294389587 1.0815983481849154 -0.0011108096009182916 -0.01976842399440495 0.9998039685430067 -0.015153778873888715
505 -0.8988198234673551 0.43824845065034895 0.007824349369090757 0.8974740074118731 -0.4383175298659221 -0.8986417597532795 -0.01790895418521216 1.1309663467047888 -0.000817284338715302 -0.01952647252754792 0.9998090062185802 -0.01160159821294668
506 -0.8937345937405586 0.44851919256485356 0.008307216852465956 0.8605422034514034 -0.4485960053914692 -0.8935680691289656 -0.017254848012197403 1.1122599195504712 -0.0003160667756480721 -0.019147838873973845 0.9998166133691646 -0.012841530343576418
507 -0.8899707665420376 0.4559505892192008 0.007816322042319688 0.831984784155361 -0.45601747687581823 -0.8898282043862941 -0.01593196356747853 1.0983975903090983 -0.0003090043689726943 -0.017743361284617586 0.9998425264245546 -0.013847980810648653
508 -0.884882891689553 0.4657469230489469 0.00787855732057687 0.7949963216100479 -0.465813411237431 -0.8847427544069354 -0.015751966110659568 1.0784784215769383 -0.00036593324377625757 -0.017608582983009366 0.9998448899191732 -0.015288544814512252
509 -0.8803480793239438 0.47427073504834594 0.007384382636568028 0.7675992444403721 -0.4743274944000572 -0.8802128356670481 -0.015452895609759956 1.0651588719488885 -0.0008290277793351168 -0.017106542683342676 0.999853328699346 -0.01592845860586027
510 -0.8739621169559195 0.48593486984802736 0.007584219870175043 0.7303361604000409 -0.4859930911197906 -0.8738229390038129 -0.0156264729044061 1.042301443147926 -0.000966182780180869 -0.017342823798132685 0.9998491350964624 -0.018040150383823245
511 -0.8672606594228861 0.49781075417939713 0.0065879922107739955 0.6955080941067834 -0.49784922606158377 -0.8671158027895739 -0.016010392352461034 1.0226024202195063 -0.0022575933371397107 -0.01716501025231829 0.9998501216157848 -0.017851860089090836
512 -0.860719716039494 0.5090377406946871 0.006492223634270062 0.7987728394824558 -0.5090725672361582 -0.8605738074917042 -0.0160574950526178 1.077346708773388 -0.002586833390993978 -0.01712601553389218 0.9998499926913472 -0.014780140368842846
513 -0.8555694628544208 0.5176491768796205 0.006342231941732459 0.7735018189233677 -0.5176805231267918 -0.8554268864819209 -0.015865618785259234 1.0608962316183836 -0.002787508782108367 -0.016857388891073768 0.9998540184613957 -0.015233885690055172
514 -0.8505583429625093 0.5258385915411908 0.006654386633407752 0.7461760648650095 -0.5258753208371899 -0.850424348086398 -0.015283164461964784 1.0444593157256823 -0.00237742526109679 -0.016498600745433994 0.9998610623592773 -0.016652625646216904
515 -0.8440795694010793 0.5361740703267366 0.006859069054096359 0.7107402200661446 -0.5362132571650229 -0.8439496716166603 -0.01497646880793549 1.0222950173837286 -0.002241285163756084 -0.016319255100818136 0.9998643200721606 -0.017783379420185836
516 -0.8362725950211415 0.5482851956296412 0.005611690387602295 0.6776833882367144 -0.5482987048788915 -0.8361293788552155 -0.016006000266946787 1.0000926123777647 -0.004083753789230071 -0.01646226195016337 0.9998561480968707 -0.01835616494901243
517 -0.8306607383934251 0.5567450548545851 0.006138532881712029 0.6517153455414784 -0.5567663891444726 -0.8305177028553068 -0.015859797103441188 0.9825863681044544 -0.003731703381359486 -0.01659183956037342 0.999855382168165 -0.019538389126649045
518 -0.8226122725021892 0.5685510781934384 0.007662937709655096 0.7237676895469217 -0.568597358618695 -0.8224713110238052 -0.015426805051954305 1.028188934705846 -0.002468380221200592 -0.01704740530270733 0.9998516355297461 -0.01744949274257407
519 -0.8163823062178645 0.5774445482800085 0.008816107791177264 0.697988573094782 -0.5775104768001896 -0.8162520239691712 -0.01463839308273736 1.0101318559035186 -0.0012566944529682988 -0.017041919718306785 0.9998539861851856 -0.0185354381517033
520 -0.8084842004385729 0.5884360984602708 0.00981099739992533 0.6635616170058622 -0.5885178401725826 -0.8083780897602701 -0.01310022118243791 0.9851737174501867 0.00022235229506703058 -0.016365268847507296 0.9998660552967835 -0.020941049472426303
521 -0.8004594947037114 0.599312302646225 0.00945310714128074 0.6328066786745714 -0.5993864101271281 -0.8003402168872532 -0.01383721749063173 0.9614669667751244 -0.0007271128571835232 -0.016742196074261168 0.9998595752294231 -0.0203513481028177
522 -0.7934787414545741 0.6085442326637245 0.00808725853796949 0.6079523175943291 -0.608595798216652 -0.7933703681673325 -0.01321413285537713 0.9433280945372118 -0.0016251930552101876 -0.015407005073679977 0.9998799842686513 -0.021865136650342162
523 -0.784534377981285 0.6200318605056823 0.008142586970478826 0.6625232966759634 -0.620082981644384 -0.7844276732043628 -0.013050723619511111 0.9822139083819926 -0.0017045938966182917 -0.015287820944231626 0.999881681445615 -0.019673236536508647
524 -0.7765765487877692 0.6299599713137107 0.008904965733719995 0.6295458218775921 -0.6300226862169259 -0.776486855845544 -0.01181429440087138 0.9551711139214449 -0.000527943718444866 -0.014785034404312364 0.9998905560273734 -0.022131266348252555
525 -0.7704307435896091 0.6374655412825928 0.008611214113931143 0.605957593015972 -0.6375233408995732 -0.7703456676022898 -0.0114691854540291 0.9358654679422072 -0.0006775990287404116 -0.014326063068746283 0.9998971470986641 -0.022292141377104186
526 -0.7614787543997025 0.6481414467234339 0.007922855367416246 0.5741722211516218 -0.648188445193102 -0.761394574257896 -0.01140358755080632 0.9097068771486447 -0.0013587186439541882 -0.013819092945739764 0.9999035886296759 -0.02396295249413989
527 -0.7512641196323357 0.6599773956507129 0.005662135788813006 0.5437396220262026 -0.6599916238996916 -0.7511776560500432 -0.011966011652967378 0.8818335907787496 -0.003644027317227401 -0.012726597404352256 0.9999123735526758 -0.025131900951179596
528 -0.7425591595007632 0.6697663708640302 0.0043477697392566225 0.603610599709976 -0.669753363168445 -0.7424550350965995 -0.013818588371604287 0.9320198368945621 -0.006027202249708249 -0.013173052772404482 0.9998950662507728 -0.022399857998843187
529 -0.7322556727950487 0.6810037904807589 0.005955418514439271 0.5743667731859178 -0.6810202179204461 -0.7321708782612723 -0.01171613464106297 0.9046818391079495 -0.003618348095941564 -0.012634966468818403 0.9999136288595116 -0.023465499022184623
530 -0.7255342647604233 0.6881507182930233 0.006972773584256713 0.5521458073336653 -0.6881834608082886 -0.7254665400767558 -0.010090763119517954 0.8839303161626031 -0.001885451962284132 -0.012119741857387628 0.9999247756350924 -0.02483188885413229
531 -0.7162570971244805 0.6977979790390916 0.00733152557611535 0.5227232454211167 -0.6978343888614215 -0.7161896080410769 -0.009980533920448977 0.854615181431581 -0.0017136339712397583 -0.01226481892359977 0.9999233158969646 -0.026669732815472507
532 -0.7076923755138543 0.7064896917005599 0.006619453120048642 0.5027656625188067 -0.7065107707885293 -0.7076016925085479 -0.011932121353852295 0.8349323187121499 -0.0037459845050479825 -0.013120986231871162 0.9999068993262115 -0.025980971280366284
533 -0.6960116228719034 0.7180052138690625 0.006027742860858334 0.4738970229197006 -0.7180190562433565 -0.6959285630057966 -0.011492174020514164 0.8066201292181343 -0.004056562438281564 -0.01232672093018 0.9999157945804574 -0.028481071282617752
534 -0.6849635801754334 0.7285618142350812 0.004751491522476062 0.5382988461900241 -0.7285464792371025 -0.6848600373984065 -0.01366589791063897 0.8658890071408939 -0.006702344713657217 -0.012822324778975802 0.9998953278030421 -0.02551608721702484
535 -0.6744705125312231 0.7382746359436615 0.006331638692547711 0.5117365104651425 -0.738284045055724 -0.6743700501039807 -0.012716302122971878 0.8348332642803827 -0.00511825581739705 -0.013251318635831755 0.9998990979156611 -0.02714244540115136
536 -0.6671999127188868 0.74484462052102 0.00712514905364751 0.49251101180047874 -0.744868156665955 -0.6671090531183932 -0.011702155052500414 0.8127889828952484 -0.003963035800906189 -0.013114973471536546 0.9999061415042255 -0.02734157581976648
537 -0.6595275002452761 0.7516385085551041 0.007939072790919786 0.4703693115503952 -0.7516773984355294 -0.6594580283634209 -0.00980803284491721 0.7884617269370984 -0.0021366098898446925 -0.012436288965290867 0.9999203836376471 -0.02948057340500173
538 -0.6493753305222697 0.7604227910844961 0.008298126833568769 0.4441472447101674 -0.7604662573421634 -0.6493113227894117 -0.009267013595922453 0.7567755262222324 -0.001658780632365553 -0.012328215472563074 0.9999226287821021 -0.03040824850004427
539 -0.6375131814989972 0.7704127400244731 0.006415093264308822 0.48902279188971554 -0.770428557725395 -0.637437797700148 -0.010625041397575984 0.8079638550825498 -0.004096444333564693 -0.01171597499603141 0.9999229745705395 -0.02789897298053166
540 -0.6274456248841165 0.7786441908751686 0.005021138258464744 0.47017580742729737 -0.7786388345067826 -0.6273672478189156 -0.011484849285718829 0.7835238656030403 -0.005792513489667963 -0.011115771678682823 0.9999214401182838 -0.029377768391742505
541 -0.6143359013344936 0.7890340361853023 0.004085348489963247 0.4455748735860715 -0.7890197788191199 -0.6142672543251179 -0.011114355411777419 0.752943157909 -0.006260108910509175 -0.010051368310678033 0.9999298880577882 -0.03017523527062902
542 -0.6030059490517679 0.7977243112532462 0.004443944522336571 0.42218270868923036 -0.7977206478697952 -0.6029491395897635 -0.009700671675271394 0.7195580116366704 -0.005058989105110123 -0.009394589032794293 0.9999430725427823 -0.03126413926326641
543 -0.594801895621899 0.8038585233094142 0.004709508081400802 0.452511013296098 -0.8038635929773794 -0.594757934870303 -0.008143880793585625 0.7604105742009983 -0.003745510687790091 -0.008629797821378528 0.9999557478903481 -0.030322924192634486
544 -0.5832534430651772 0.8122765660788466 0.0047118309095994775 0.4289139918041929 -0.8122807863796323 -0.5832088741740021 -0.00820567869143783 0.7267933174078409 -0.0039172989094912805 -0.008613320065380835 0.9999552317411403 -0.031070424514453875
545 -0.5708537511428757 0.8210400334195218 0.004388431299867026 0.40574127710875696 -0.8210351237187427 -0.5708000034699698 -0.009417093987613053 0.692318235888056 -0.005226894560649925 -0.00897883966260213 0.9999460285491191 -0.032410328137384356
546 -0.558290910927389 0.8296359351216663 0.003933691676458525 0.3852290254825006 -0.8296214883239311 -0.5582327453646186 -0.01021705016902117 0.6598192762977031 -0.006280516466941138 -0.008967561388321929 0.9999400671822153 -0.03320938452627719
547 -0.5501821116442156 0.8350353738802292 0.0039456806699367415 0.4166285236153715 -0.8350138999365395 -0.5501150993631404 -0.011187688159526494 0.7068171548950779 -0.007171536852031954 -0.009449964099552682 0.9999296311428657 -0.032459503344365856
548 -0.5380192777008966 0.8429251976621851 0.003516812200483258 0.3947223609433569 -0.842888054125261 -0.5379433453415653 -0.012517404525902111 0.6713150699388861 -0.008659389964181237 -0.009698883933716516 0.9999154697354466 -0.03390593504542353
549 -0.5275497197484359 0.8495140791744609 0.004137931578671506 0.3765923203156569 -0.8494886901980157 -0.5274769288800499 -0.011707037409010723 0.6438525528448309 -0.007762629663919049 -0.009691170380997843 0.9999229084271127 -0.034816783199232974
550 -0.513948159725788 0.8577991076030871 0.006162800397838566 0.35855527641951546 -0.857801928453235 -0.5138751100222186 -0.010403020845327805 0.6116028122287056 -0.005756792264481934 -0.010633075484879188 0.9999268958518706 -0.035260854030838465
551 -0.5033563217582074 0.8640526224125208 0.006743815569628925 0.38558347909209234 -0.8640701959483731 -0.5033007882805964 -0.008426920540593979 0.6552646149576569 -0.0038871350996134845 -0.010068873766840552 0.9999417522839218 -0.03437779577712567
552 -0.4885677371841508 0.8725021063332205 0.00645295480978858 0.36638519371703326 -0.8725200102798669 -0.4885237070196758 -0.007308853595783966 0.6203920248693784 -0.0032245687516110205 -0.009201202259751953 0.9999524688871243 -0.03598884378993394
553 -0.473840771467235 0.8805885316727484 0.00622584776202206 0.3464043074529187 -0.8806043138306731 -0.47379899317173324 -0.00711031164077329 0.5836994253619638 -0.0033114584859947113 -0.008851663948859709 0.9999553401462897 -0.03774950672193235
554 -0.45998563760737576 0.8879118969951763 0.0050671855485933375 0.327248806176137 -0.8879191947597324 -0.45995151839362447 -0.006641107199870818 0.5466629182469915 -0.0035660584055642137 -0.007554065241635394 0.9999651090542587 -0.039365767569815684
555 -0.4495785702719676 0.8932312569720859 0.0041268292544341945 0.3150858392334901 -0.8932312343502946 -0.44954759233794955 -0.0067025520835973735 0.5214015043883911 -0.0041317228675391265 -0.006699536572527634 0.9999690220583202 -0.039693069740233955
556 -0.43568656447398424 0.9000949557327399 0.0025076285970999923 0.3483693255808501 -0.9000816702257666 -0.435659741588582 -0.007319595797648749 0.5835212173854616 -0.005495858428880439 -0.00544612008143669 0.9999700672097226 -0.037568416366919766
557 -0.4255735520022316 0.9049226617770788 0.0014587794370346935 0.33537602167640923 -0.9048954342677333 -0.425546869090962 -0.008609021332690078 0.5560944283119835 -0.007169719478008011 -0.004983814639907353 0.9999618776303804 -0.03858758392493652
558 -0.41268519137071746 0.9108726461323021 0.0013983381309643802 0.31962547955337695 -0.9108475627323698 -0.4126612203968935 -0.00821186007456648 0.5187176230328336 -0.006902918796263424 -0.004662585924375058 0.9999653044007394 -0.03888649702683078
559 -0.4013369006239363 0.9159279623698849 0.002158691029023069 0.32586509792252094 -0.9159148070030815 -0.40131510798632797 -0.006800765797128235 0.5392514653777871 -0.005362696236151715 -0.004706575343975979 0.9999745444947659 -0.04122700170140206
560 -0.38607799772864987 0.9224636006850192 0.002164504628636561 0.3183233924961251 -0.9224478483462258 -0.38605450273325453 -0.007203332565328149 0.5217817085079128 -0.005809195337419335 -0.004777690851400594 0.9999717130601434 -0.041999833036230554
561 -0.3705115968006745 0.9288256773562038 0.002004424916651394 0.31131395591538746 -0.928810589296439 -0.3704907002610604 -0.006894217141750411 0.5053398559269333 -0.005660905115653359 -0.004416118489741643 0.9999742256930297 -0.04262751893764057
562 -0.35899593574953553 0.933336574117319 0.002181176198578817 0.30780948939952213 -0.9333215097360827 -0.3589738239117646 -0.006982350002420442 0.49304072757430495 -0.0057338974694381255 -0.00454237393595564 0.9999732442715559 -0.04305870659598958
563 -0.34405179544319736 0.9389505635607142 0.00044859965367870355 0.30728957171149884 -0.9389235992253065 -0.34403820863343343 -0.007757951978875881 0.4842398844597735 -0.007129997961904309 -0.0030903381078867176 0.9999698060138527 -0.04206313019247858
564 -0.33316509270167216 0.9428680700858272 0.0009074233214352322 0.3021601501122505 -0.9428411255407293 -0.33314792867821036 -0.00794163754605167 0.4714670400055001 -0.007185610266577278 -0.0035014324346588654 0.9999680529775957 -0.04259206868318976
565 -0.31874587299300694 0.9478402034956042 0.0001307139905841225 0.29647873012616516 -0.9478149588327245 -0.318736370806264 -0.007343686993295287 0.4578143912867476 -0.006918978471662916 -0.0024646625971072606 0.9999730262233206 -0.04236952924417539
566 -0.30690087164864205 0.95174130375614 0.000587966899871645 0.29176820698435046 -0.951722324052748 -0.3068907141538242 -0.006535094898273671 0.4457101799185146 -0.006039278156903579 -0.0025652075448465836 0.9999784731828403 -0.04349313716997587
567 -0.29060683529542336 0.9568416851723066 0.0012871657933989113 0.2882893179721029 -0.9568253060327384 -0.29059325844329703 -0.006394676198203636 0.43016949562470574 -0.005744651047591993 -0.0030899294163912326 0.9999787254336511 -0.04282057995763313
568 -0.26054587541248886 0.9654612814078639 -0.0006007560758468096 0.276463650125968 -0.9654510130059539 -0.260545899294674 -0.004491753247251273 0.40083370146496655 -0.004493138378237099 -0.000590307220203987 0.999989731569441 -0.044237572900161205
569 -0.24860352420751672 0.9686032118865707 -0.002026246277636414 0.26742433354371853 -0.968589725738901 -0.2486108496667644 -0.005156415480396375 0.39736945477299934 -0.005498267405299583 0.0006806982664553148 0.9999846527353126 -0.04358591780478726
570 -0.2362307363611867 0.971694330932886 -0.0022729784552788183 0.26487510333475617 -0.9716729316459781 -0.23624070169994835 -0.006484193661854515 0.3808870038500276 -0.00683762424654079 0.0006768257962994299 0.9999763941219817 -0.044423463031655064
571 -0.22911432490003586 0.9733947440114952 -0.0030493371024480627 0.2652281718881363 -0.973382382585956 -0.22912775599884508 -0.005216196196295137 0.36558821639238315 -0.005776105728084662 0.0017730657443000642 0.9999817462533374 -0.0469505814491076
572 -0.21872242712033188 0.975781371975233 -0.003348728164711616 0.26104847265022624 -0.9757722978496556 -0.2187367314129076 -0.004760785697249043 0.35029603874062554 -0.005377975852998465 0.002226305573887294 0.9999830603264697 -0.047805630465784794
573 -0.21132323968048253 0.9774118554266972 -0.0029245925856998607 0.2597748613482437 -0.9773901970515758 -0.2113385037569162 -0.006666298694190267 0.34034771096511696 -0.0071337983959439116 0.0014497242870838423 0.9999735032589118 -0.04711660646925247
574 -0.18884516234426876 0.9820004713259076 -0.003546684866390745 0.2524583808551309 -0.9819739009451095 -0.18886718695136911 -0.007512892713204226 0.31653090477999357 -0.008047516578934131 0.002063978529635303 0.9999654881387717 -0.04752308091943761
575 -0.18170544423607546 0.9833467226201487 -0.003514917843482055 0.2510840597443502 -0.9833302246535002 -0.18172440401922402 -0.006157131385189495 0.3074445379898707 -0.006693341318592535 0.002337540658949212 0.9999748672272823 -0.04743146942748209
576 -0.16689857762578708 0.9859621684126977 -0.004844300227337043 0.24921883277629653 -0.9859429805287839 -0.166930316937055 -0.007120985494655343 0.2901703307221488 -0.007829682872116599 0.0035877214544074963 0.9999629114723474 -0.049259663713881116
577 -0.15834785514097566 0.9873745094017521 -0.004187475973109192 0.24720210466795678 -0.9873745849048787 -0.15836292851977157 -0.0035513314033197474 0.27937610498722454 -0.004169635060269265 0.003572261640628573 0.9999849264314279 -0.0503420937872
578 -0.14949633047229668 0.988757119423894 -0.0031946772121840116 0.24583515496017933 -0.9887568354625625 -0.14950544951978842 -0.002835646212429386 0.2759922579192251 -0.003281387032968544 0.00273484022769189 0.9999908765319292 -0.050012386342449734
579 -0.14607405301412063 0.9892633689772707 -0.004511965841022884 0.2444488922368428 -0.9892496901933762 -0.14610074296861347 -0.006294708560516215 0.2670394278038526 -0.006886326159076001 0.0035439672183350396 0.9999700089548172 -0.04791272153981114
580 -0.1452087951030639 0.9893942846341032 -0.0036544982794838596 0.2487180386449597 -0.9893890138779377 -0.14522424732009495 -0.004392858827626285 0.2604146564371048 -0.004876991179515551 0.0029778387112507666 0.9999836735833951 -0.050103155677922416
581 -0.13242288015982454 0.9911891636386818 -0.0028675242184297497 0.2461568048456294 -0.9911856839300247 -0.13243265648676128 -0.003539981487473487 0.24762032802837552 -0.0038885451398135446 0.0023734744094067043 0.9999896228642708 -0.05013543234991512
582 -0.12615429812259318 0.9920017080835533 -0.004207638878073919 0.24399044875957832 -0.9919979488853529 -0.12617299826982703 -0.0045214947282701855 0.23940224621504003 -0.005016220907021583 0.0036035631433560533 0.9999809257484965 -0.05103114006277771
583 -0.11254480054352409 0.9936404143352721 -0.00352063491036966 0.24323892335747807 -0.993640168279615 -0.1125561589139688 -0.0032135760764805594 0.2280277220624911 -0.003589408206800683 0.003136572986527999 0.9999886389642076 -0.0524533313244795
584 -0.11163629798687423 0.9937389413159204 -0.004500386941501459 0.2429717134210987 -0.9937379058099568 -0.11165541798723103 -0.004247610122050171 0.22482415120612664 -0.004723508170778261 0.003998017625889792 0.9999808519793849 -0.05220551408987762
585 -0.11052572395452251 0.9938652992664976 -0.003978851279056974 0.2406633107012961 -0.99387094181527 -0.1105332336734368 -0.00171908977150573 0.22547664323745553 -0.002148338967945702 0.003764461026751413 0.9999906066917684 -0.053208068376597036
586 -0.10861462553134116 0.9940774892170933 -0.003578903608580055 0.23992231209391113 -0.9940801401711078 -0.10862345073020835 -0.002370837397449773 0.22188174988464926 -0.002745548946514966 0.003300209385333391 0.9999907852474021 -0.05274017820822125
587 -0.10477224316268652 0.994487568996734 -0.004153573453385846 0.24047062487529478 -0.9944862755737143 -0.10478897833914816 -0.004039519188325553 0.21928178021460432 -0.004452500337046283 0.0037074423081158254 0.9999832149147716 -0.05263427144470381
588 -0.10042949515320651 0.9949373621969387 -0.003682635908799465 0.24113589735570576 -0.994939275170037 -0.1004399316672281 -0.002767463046196811 0.2119742052555711 -0.0031233360823773103 0.0033860641852804137 0.9999893896138511 -0.054189561168282475
589 -0.09958808314023354 0.9950224207955252 -0.0035490575250308777 0.24159608771169683 -0.9950255231188975 -0.09959621070136329 -0.0021916103563521935 0.21063873091312324 -0.0025341741239246593 0.0033131445463807693 0.9999913004793394 -0.05455425614845165
590 -0.10013138607401266 0.9949677776892841 -0.0035814636095219472 0.24119274023223444 -0.9949727051576878 -0.1001368731063259 -0.0013865914482090475 0.20912011310475775 -0.0017382503790711787 0.003424617212145197 0.9999926252137675 -0.054890527054922596
591 -0.0984881674443457 0.9951332785411754 -0.003136688107142802 0.24174190397698092 -0.9951363382668414 -0.09849362472187492 -0.0016352828985702922 0.20263164688078517 -0.0019362682135581726 0.0029603763014101605 0.9999937434989286 -0.053499637571462845
592 -0.09414926182981044 0.9955543203312585 -0.002740760290894153 0.24055783216192123 -0.995554652992734 -0.09415581683041215 -0.0023696123297062294 0.20146839245144332 -0.0026171363169200075 0.0025054794091234484 0.999993436563646 -0.05142924835654098
593 -0.09155162419312081 0.9957964422940111 -0.0027830956332277968 0.23939489214894175 -0.9957988020143226 -0.09155602436958007 -0.0014967661789697226 0.19973035480367574 -0.0017452836073370448 0.0026343719231704983 0.9999950070221427 -0.0538217924598343
594 -0.08757438663007588 0.996150051383458 -0.003975164830646773 0.23923117528810567 -0.9961479983254721 -0.08759067814525734 -0.00412777599203716 0.1962884827021305 -0.0044600716502675155 0.0035983650388375 0.9999835796298033 -0.05191961306808114
595 -0.08169022550342897 0.9966522591149393 -0.0033138283688429323 0.23874115151661746 -0.9966571731849462 -0.08169335859925281 -0.0008211577319364183 0.18995169839291792 -0.001089126477928869 0.0032356702550780415 0.9999941721033866 -0.054747607729302934
596 -0.0778634082194114 0.9969552411794331 -0.004187689670380922 0.23760554911382836 -0.9969615286999893 -0.07787194650619737 -0.0019157870246570678 0.18865465953097904 -0.0022360574614121317 0.004025795788730558 0.9999893964509255 -0.05337031065765492
597 -0.07635755167524155 0.9970666383908812 -0.005257652547924681 0.2392373217839442 -0.9970785714009762 -0.07636671477054435 -0.0015643940648116719 0.18154785131803242 -0.0019613147839665224 0.005122839391074806 0.999984954767238 -0.05507912757843691
598 -0.07708054421126158 0.9970128283727011 -0.004899975971437268 0.2393807057695595 -0.9970219314788411 -0.07709131651970395 -0.0020486746518740507 0.1798828945583697 -0.002420300508085587 0.004727470551081033 0.9999858964842914 -0.05363470733509026
599 -0.07608418206294684 0.9970874824061062 -0.005267795304934346 0.239006915571022 -0.9970998359228391 -0.0760923517064104 -0.001367923779450907 0.17645278350103766 -0.0017647786108648926 0.005148440473023792 0.9999851894487579 -0.053319279694432335
600 -0.07541439872149515 0.9971389266976005 -0.005160361420563554 0.23899338331358277 -0.9971492987642422 -0.07542581698285843 -0.002054776521127074 0.17570596955387563 -0.002438122131048055 0.004990691035701675 0.9999845741623007 -0.05411671943624472
601 -0.07498911185511145 0.9971725382747235 -0.0048540717477482285 0.2394878478158189 -0.9971812008748319 -0.07500022502950864 -0.0021491549242443142 0.17369200139347885 -0.0025071347447914584 0.004679225875185534 0.999985909460985 -0.054079781850046804
602 -0.07498270178206527 0.9971744053147821 -0.004560681846428841 0.23890496071899311 -0.9971826702952403 -0.07499128374109863 -0.00174052464825173 0.17468995367068452 -0.0020776180173818545 0.004417323661684432 0.999988085306137 -0.052959243097948715
603 -0.07398442681127976 0.9972467731692113 -0.00501776770834386 0.23851247931789427 -0.9972576241119896 -0.073992845897657 -0.0015132438453102249 0.1759282654334291 -0.0018803564547876417 0.00489205062506605 0.9999862659555757 -0.05231507190457873
604 -0.07305033657492281 0.9973171793631217 -0.0047002205095621205 0.23893976995346938 -0.9973264181201447 -0.07305843606815064 -0.0015750047399690865 0.17499888125248142 -0.0019141700444859548 0.004572599459261508 0.9999877135676654 -0.05306274705081183
605 -0.07183193680446501 0.9974049890185226 -0.00484362828035556 0.23874806682572053 -0.9974149496440763 -0.07184018652431873 -0.00155107305745044 0.17554794916718253 -0.0018950151647369492 0.00471969067587711 0.999987066634553 -0.05269661334239181
606 -0.07188512491285437 0.9974021252137482 -0.004639982233548098 0.23876055194139348 -0.99741113568317 -0.07189301289981512 -0.001555992152211741 0.17587473208072502 -0.0018855321820992798 0.0045161172592080405 0.9999880246552303 -0.05275832242065918
607 -0.07198820766848474 0.9973940027810069 -0.004785516979358102 0.23875258508669486 -0.997403303799788 -0.07199725189203227 -0.0017450759042758111 0.17604194760856684 -0.002085072313375738 0.004647465559450636 0.9999870266842208 -0.052700838243452446
608 -0.0688616604387015 0.9976156375825485 -0.004594711357536369 0.23869089852279707 -0.9976228553179571 -0.06887265688503727 -0.002279403563846005 0.17597884781111306 -0.0025904186187587133 0.004426825550377778 0.999986846386758 -0.05274914691375023
609 -0.06185247534959255 0.9980716543980307 -0.005219576541849475 0.23892834944596314 -0.9980836857100369 -0.06186094262808423 -0.0014765152475763204 0.17526817026379993 -0.0017965559411479736 0.005118248069937205 0.9999852878532901 -0.05290919562195382
610 -0.03386899438169254 0.9994115707350522 -0.0054224993540328515 0.24054048417435203 -0.9994247446370109 -0.033877957296607024 -0.0015696552669430303 0.17515261577192143 -0.00175243483729423 0.005366217386529853 0.9999840662145371 -0.053816703999376304
611 -0.024510571126121556 0.9996838945455431 -0.005598471947896632 0.240652503458961 -0.9996993206633892 -0.024514142405586588 -0.0005701641819224133 0.17600483192859628 -0.000707225688776338 0.0055828135534171834 0.9999841658864594 -0.05534698791074937
612 -0.0024194091320445116 0.9999778453436123 -0.006201232253434767 0.24047018464912456 -0.9999968768684478 -0.00241547600062373 0.0006416610223476858 0.17792068521784166 0.0006266678788143278 0.0062027653263023366 0.999980566305767 -0.054231278989992075
613 -0.0024479063263529444 0.9999851007017434 -0.004879152514335791 0.24186954987867954 -0.9999747992785207 -0.002415308088523735 0.006675859162238325 0.17461900110489204 0.006663975040462548 0.004895371434450983 0.9999658128032134 -0.053347143773937906
614 -0.0074181940491979724 0.9999612119545183 -0.0047481557547304565 0.240099664132699 -0.9999630049820503 -0.0073973645373471755 0.00438949483994947 0.17288784508073496 0.0043542007408963745 0.004780542220926888 0.9999790934569313 -0.05422220806410425
615 -0.011731049904779117 0.9999133148689188 -0.005978730240768702 0.23978476792219955 -0.9999300571419257 -0.011721831148240233 0.0015746423489636893 0.1646396224949498 0.001504424184239028 0.0059967842792764 0.9999808874606011 -0.05372835881812049
616 -0.01204204408657783 0.9999143802835523 -0.005120671374423398 0.24076937997510983 -0.9999250738774931 -0.012030594835711134 0.0022608448002730797 0.15756836198196766 0.0021990465053198876 0.005147512895575351 0.9999843335294569 -0.05467706608176831
617 -0.010839996105127064 0.9999227071072594 -0.006088866568067642 0.24011949650283276 -0.9999404535936562 -0.010847450122042588 -0.00119251565879853 0.14822274236324473 -0.0012584721625544246 0.006075577133249122 0.9999807516199474 -0.05519313830814692
618 -0.009396443770253822 0.9999414968555017 -0.005358144309990041 0.23988471927981445 -0.999955788240613 -0.009394388051636091 0.00040870233275404886 0.14680518985455948 0.00035834193505386526 0.005361747765664431 0.9999855615219805 -0.05450015129925256
619 -0.010704399288569416 0.9999250451950424 -0.005943048617253508 0.24006852704968049 -0.9999426608145181 -0.010702417537068146 0.0003651606733475139 0.1400761812939113 0.00030152831551249327 0.005946616673436349 0.9999822732584471 -0.05468195734605352
620 -0.010288643804700157 0.9999316774085 -0.005548362208599236 0.2402348798542963 -0.9999470373508537 -0.010287056268454203 0.0003145901710771525 0.13374169047606665 0.00025749236263925213 0.005551305058860207 0.9999845582355896 -0.05406309727855068
621 -0.010259535654728487 0.9999307681402556 -0.005762018234140563 0.2400066813954764 -0.9999472789863144 -0.010261817238969318 -0.0003665439513614125 0.1304037453089526 -0.0004256473532988775 0.005757953884426107 0.9999833322564275 -0.05392791501762757
622 -0.003290212648747454 0.9999719684607271 -0.0067258302611246336 0.2383052994505232 -0.9999851209908788 -0.00331937233398512 -0.004328921870360074 0.12931825983663736 -0.004351126058250425 0.006711487114153942 0.999968011309803 -0.053310718897577714
623 -0.002063357784626867 0.999976738467826 -0.006501159746787958 0.2401112425060832 -0.9999841758266662 -0.0020292612561492573 0.005246922469762193 0.1295990901849966 0.00523360786668668 0.006511883149339635 0.9999651017543003 -0.05379727201011791
624 -0.0022243086132299125 0.9999795384175836 -0.005997932784046352 0.2396273867906594 -0.9999778240237526 -0.002186574048901742 0.00629049713016743 0.1301121704367596 0.006277253491651036 0.00601179178155176 0.9999622265102355 -0.054276192165982604
625 -0.0029963445259607157 0.9999695829230001 -0.007201051910721609 0.23964969034631628 -0.9999895405881875 -0.0029713653292080984 0.003477024915569171 0.1293740365938043 0.0034555221981483826 0.007211394956744815 0.999968027063686 -0.05449890756566985
626 -0.0026276826147202618 0.9999699515259326 -0.007293238594058461 0.23887399854568847 -0.9999957651792107 -0.002618487037825596 0.0012700984222706582 0.12919718145323067 0.0012509630070092147 0.007296545124492755 0.99997259738481 -0.0538022740364675
627 -0.0024536397868084366 0.9999691000128971 -0.007468511921055281 0.23932314108569813 -0.9999957078249538 -0.0024416092215606457 0.0016195299919168481 0.12900944779572399 0.0016012447616097663 0.007472453608906316 0.9999707987997095 -0.05465458845935605
628 -0.002547348197859907 0.9999704983601099 -0.007246614801958732 0.23967701465059554 -0.9999934675598 -0.0025286900084162366 0.0025827438711145158 0.12745673042585492 0.00256434323273917 0.007253146612559939 0.9999704075663822 -0.05536087735357476
629 -0.0027016382709834016 0.9999721872223195 -0.006951685576160643 0.24000006963014592 -0.9999941533185319 -0.002686994118330028 0.002115039425863145 0.12829233315695876 0.002096301462377133 0.006957359003826337 0.9999735999893311 -0.05495982686260133
630 -0.002635420658211268 0.9999708690240162 -0.007163495074071899 0.23986860943781924 -0.9999944244075687 -0.0026206566171141452 0.0020696166898815363 0.1285753659587896 0.0020507833390421416 0.007168909444298276 0.9999722001256277 -0.05497020441876923
631 -0.001875423307007358 0.999976885925105 -0.006535319617006959 0.2400775466454731 -0.9999980480619822 -0.0018713190865561804 0.0006340644582122106 0.12887737161014878 0.0006218201338475998 0.006536495999786801 0.999978443547786 -0.05467239978897484
632 -0.0015918492474863936 0.9999781755439313 -0.006412055137328446 0.23949201896419126 -0.9999984481313225 -0.0015869761179329051 0.0007650111971463111 0.12837113843567893 0.0007548187229347496 0.006413262968414569 0.9999791499358113 -0.05500954174199191
633 -0.0017020323125051442 0.9999788881965976 -0.0062710642751311095 0.2397120481238747 -0.9999978960345351 -0.001694817370258856 0.0011556477430029555 0.12750198118057954 0.0011449950363703074 0.00627301803049587 0.9999796689088265 -0.05585088686910793
634 -0.0016776782787486042 0.9999772887090973 -0.006527439075888975 0.23972758934544974 -0.9999980289664555 -0.0016707106146405977 0.0010727486088250198 0.12807819174086976 0.001061818783349072 0.006529225937443972 0.9999781206357424 -0.05596359687190995
635 -0.0016493121571809818 0.9999777996701109 -0.0064559999573418955 0.2397366689296973 -0.9999980667111475 -0.0016423645478144608 0.0010813013186722336 0.12755291853740425 0.0010706742078265205 0.006457770878774783 0.9999785751963076 -0.055791653066612656
636 -0.0015631435258023681 0.9999775963349546 -0.006508717935799251 0.2392253343950197 -0.9999981401436703 -0.0015557562986887302 0.001139882624896986 0.12844517335401817 0.0011297311083843214 0.006510487631659811 0.9999781683903822 -0.055663976002894876
637 -0.001636784368003191 0.9999783978106804 -0.006365913039804448 0.23944824980310048 -0.9999981343506927 -0.0016302202770619723 0.0010361835480155283 0.12806196967050076 0.0010257833239516617 0.006367597172379513 0.9999792005210388 -0.0555733790059852
638 -0.0020125028595361517 0.9999768587772687 -0.006498595398197331 0.23946034096693575 -0.9999970112893652 -0.002003436695761987 0.0014013043599948836 0.1273355187998444 0.0013882524075242032 0.006501396104820283 0.9999779020574106 -0.05589970406915819
639 -0.002339416464248888 0.9999780677871108 -0.006196053150691919 0.23965003481659258 -0.9999969657095762 -0.0023441531088867016 -0.0007573095372344786 0.129397218409113 -0.0007718174249212709 0.006194262687178861 0.9999805175135524 -0.055193910063942246
640 -0.0008125547318435164 0.999979143409759 -0.006407222547523471 0.24033777903517325 -0.9999995895176391 -0.0008151066403510425 -0.00039568499475593094 0.13081886417085253 -0.00040089931216182246 0.006406898402172471 0.9999793952539517 -0.05560927196317553
641 0.004807721027571552 0.9999666155025717 -0.0066070944978404555 0.23979704414923123 -0.999987923329587 0.004800878688705412 -0.001051075135815787 0.1383119098955612 -0.0010193201872354624 0.006612067982326707 0.9999776205213635 -0.05552909107887589
642 0.0022523388822135917 0.9999771023548345 -0.00638135833810128 0.24000220469494454 -0.999996741106992 0.002244621121523129 -0.001216326882829576 0.14382264240762477 -0.0012019753005435905 0.00638407712219116 0.9999788991846347 -0.05519003858619265
643 -0.00035525757279832905 0.9999796162020596 -0.0063750271713324935 0.23900485921535802 -0.9999984576294314 -0.0003662151207403236 -0.001717738686177467 0.15012151550044783 -0.0017200383034755053 0.006374407099980088 0.9999782039631031 -0.05498932417567933
644 -0.0027734153667786574 0.9999763211151406 -0.006298045337916576 0.2393831675015059 -0.9999932782081766 -0.002788456924553399 -0.0023807661057884204 0.16318539510765873 -0.0023982715597153665 0.00629140014989504 0.9999773330319548 -0.054930235883438226
645 -0.004075277493422656 0.9999735699522251 -0.00602092264853761 0.2388630924366067 -0.9999888883148382 -0.004089460048107358 -0.0023451146659808635 0.17059747488179755 -0.0023696750071583996 0.006011298753103688 0.9999791242455582 -0.05390946423156211
646 -0.004592166337047142 0.99996982318638 -0.006266157108243452 0.23945094597556996 -0.9999835187649841 -0.004613641904126722 -0.0034170905792592745 0.17569413005807077 -0.0034458972669865477 0.006250361986292493 0.9999745290590011 -0.05387945762452914
647 -0.0040151549429181844 0.9999716927942772 -0.0063633434392450176 0.23826802468090552 -0.9999878554161362 -0.004033243299069013 -0.002832308007449882 0.1877875318112765 -0.0028578927455393706 0.006351894004107515 0.9999757426514028 -0.053108138134461476
648 -0.0025466884621695735 0.9999780357269866 -0.006119022942246478 0.23902785286586267 -0.9999911494801254 -0.0025671188214104537 -0.0033332960092838765 0.19448304517716575 -0.0033489310540292835 0.006110479919774951 0.9999757230534599 -0.052933875305478155
649 -0.0025110140182695515 0.9999794310432837 -0.0059018893426331384 0.23915187746056538 -0.9999911053440733 -0.0025309563814284123 -0.003373943149396864 0.19938241899385 -0.0033888111747989664 0.005893364829342659 0.9999768918379424 -0.05330376507513823
650 -0.0029433393493052424 0.9999809547873947 -0.005424648967082979 0.2396592447717797 -0.9999945498232792 -0.0029514063915507503 -0.0014797038288273021 0.20549589678968094 -0.0014956859912609146 0.005420264131024588 0.9999841917052564 -0.05319857206004445
651 -0.0029365141791814087 0.9999808090984519 -0.00545511863383376 0.23929038011310388 -0.9999931706493426 -0.0029487044867302793 -0.002227957863540349 0.2122607861512762 -0.0022440006401806094 0.005448538948870639 0.9999826387909925 -0.05256057458184649
652 -0.0020065700265386247 0.9999810626128679 -0.0058179112284754645 0.23892520229686792 -0.9999933620892338 -0.002024220823605512 -0.0030295722334301623 0.21728813155592896 -0.0030412915982053305 0.005811793560930081 0.9999784865688466 -0.05140226828092785
653 0.003334384031756621 0.999979824954883 -0.005406622315985922 0.2387048776447163 -0.9999865423487012 0.003355798060601746 0.003956480993098777 0.2278247145543295 0.003974544703621823 0.0053933571278280005 0.999977557094238 -0.051401362568362245
654 0.004844894064033526 0.9999751180604793 -0.005127402862403242 0.2399662806483246 -0.999983301654223 0.004860958779042015 0.003125298889486929 0.22873686935742565 0.003150145219977366 0.005112175502176297 0.99998197096122 -0.051972956404233155
655 0.005948675337371999 0.9999650348834803 -0.005877267337110912 0.23974068341329893 -0.9999804879362367 0.005937352875818513 -0.0019420574823398554 0.23410521216314129 -0.001907094168174109 0.0058887053294556044 0.9999808428871902 -0.052679354416673145
656 0.004843662284376014 0.9999633896924035 -0.0070539500006565285 0.23911258417597298 -0.999984233045195 0.004823479848766198 -0.002875361300129627 0.2369212174633082 -0.0028412314472886758 0.007067766061248145 0.9999709866221759 -0.052581435283859744
657 0.0022285491759389212 0.9999786524224878 -0.0061423340669153805 0.23956475290630183 -0.9999973656150618 0.00222512943810115 -0.0005635266311649424 0.24004253948223675 -0.0005498471129787105 0.006143573733536272 0.999980976903457 -0.0525459531908049
658 0.0018402159842154583 0.9999837172700385 -0.005401740383700651 0.23914511563082125 -0.9999983067997791 0.001840179790512278 -1.167062315809586e-05 0.24407128543926615 -1.730259587972129e-06 0.0054017527140669186 0.999985410425408 -0.05179730215803087
659 0.0020078001579453986 0.9999767591416708 -0.006515359900180032 0.238773375051483 -0.9999952061185317 0.0019923937763853105 -0.0023702544920389053 0.2489652280375636 -0.002357218242615882 0.006520087663326814 0.9999759657009588 -0.05198849884504138
660 -2.036926027184152e-06 0.9999818760292306 -0.00602059870295716 0.2389857797273292 -0.9999994121534774 -8.564972055291262e-06 -0.001084259635983023 0.251831025366656 -0.001084291551576009 0.0060205929551864065 0.9999812882108843 -0.052045723696812006
661 0.0006249141738213834 0.9999811218661592 -0.006112723875273275 0.2391722598663935 -0.9999983132994412 0.0006143442652642179 -0.0017308900152875073 0.25468264167459176 -0.0017271020225341238 0.0061137952225992455 0.9999798191094514 -0.05162939921295627
662 0.0008884112486944214 0.9999795509906356 -0.006333113385830223 0.2386835850068697 -0.9999975552824336 0.0008755677824142834 -0.0020304704217744113 0.25771390683881545 -0.002024883830663924 0.006334901795950109 0.9999778841881655 -0.05133810200189108
663 0.0004534168508776113 0.9999812284620567 -0.0061104121163911935 0.23902968089262472 -0.9999998088227694 0.00045597739815276747 0.00041765994952011674 0.2609981415888585 0.0004204383194616742 0.006110221573812733 0.9999812440356967 -0.05108594394424161
664 -0.0018679983473371166 0.9999904647363788 -0.003947279773040741 0.24022326429051802 -0.9999598785286054 -0.0018333305905159167 0.008768137334632987 0.2616171500314888 0.008760817060215125 0.00396350026853901 0.9999537683058666 -0.04982426606510216
665 -0.0038747164961361377 0.9999830225756597 -0.0043521409865261125 0.23902577970508443 -0.99997267134159 -0.003847200285345102 0.006313130843355492 0.26079628991401194 0.006296280104989968 0.004376483640864867 0.9999706011921398 -0.05066570504243742
666 -0.004161499765773784 0.9999769168342775 -0.005371007183104336 0.23923775325560315 -0.9999908619423483 -0.004156180782728643 0.0010010958946724778 0.2593958110517074 0.000978749910249489 0.0053751241624130225 0.9999850749325484 -0.05092368612081205
667 -0.002386911094288846 0.9999785663607673 -0.006096677366267039 0.23917824724828507 -0.9999952802815709 -0.0023986560091638284 -0.0019198602549519406 0.2571302000847673 -0.001934442937181959 0.00609206605599063 0.9999795721220562 -0.05111459135546271
668 -0.0023161352287533986 0.9999858913820069 -0.00478043445403106 0.23896915796278279 -0.9999971994701041 -0.0023137833524517967 0.0004974514038451137 0.2577897238898348 0.00048638349548902243 0.004781573231241365 0.9999884499274684 -0.051235957980718456
669 -0.002463735377485496 0.9999819302851355 -0.0054835308847694594 0.23904089209903362 -0.9999965760098191 -0.002468534048565169 -0.0008685099598728574 0.2576494492452803 -0.0008820305489466385 0.005481372330321253 0.9999845881705662 -0.05132019398544587
670 -0.0027108598928890695 0.9999762922960383 -0.006329777567703982 0.238880231157752 -0.9999935826686941 -0.0027256238101755585 -0.00232499409207194 0.2571701055662705 -0.0023421915640018283 0.006323434214899966 0.999977263900697 -0.051394503415966984
671 -0.0026706419287455038 0.9999818441472439 -0.005401763248873851 0.23913543418139227 -0.9999959306825997 -0.0026760203884085097 -0.000988703310891957 0.25771071759811104 -0.0010031405890815965 0.005399100795083482 0.9999849215962516 -0.051214401172171256
672 -0.0027491705887783893 0.9999805230131424 -0.005603182593885089 0.23904251882028382 -0.9999958438301684 -0.002753993091848343 -0.000853138342202108 0.25764957450281845 -0.000868552852093058 0.005600813884219729 0.9999839381210612 -0.05089789428862225
673 -0.003234853572210523 0.9999801016673686 -0.005415901640443214 0.23954203141768687 -0.99999403745614 -0.0032413496286201084 -0.0011910938336682862 0.2573854857150406 -0.0012086249637832587 0.005412016334350859 0.9999846245340529 -0.05143357871773226
674 0.013670249970671736 0.9998915151875312 -0.005484717073382992 0.23950733558426518 -0.9999063417419841 0.013673647007390372 0.0005823426711967734 0.25687788945244994 0.0006572755804387691 0.005476242614759297 0.9999847892624466 -0.05147137820775875
675 0.04335126325759762 0.9990392964051307 -0.006414999004519684 0.24042414026973166 -0.9990581936616802 0.043338455994333946 -0.0021222419207613816 0.25628603355079416 -0.0018421869230196976 0.006500959185753599 0.9999771716778489 -0.05100596890948152
676 0.08335368009223786 0.9964948848889067 -0.007078728990600562 0.24221300992137434 -0.9965195571179517 0.08335843527269032 0.0003788804944321202 0.2548412872756236 0.0009676242465187811 0.007022510795426604 0.9999748737068018 -0.050543513948436425
677 0.11788383720894907 0.9929947088995034 -0.008056613572290115 0.24158880197356508 -0.993027191306088 0.11787477761468498 -0.0015918946163313036 0.25552555524783216 -0.0006310713986395251 0.008188094992534731 0.9999662778557066 -0.05087523950897934
678 0.15242067829868208 0.9882723673140892 -0.009255529647344855 0.24267706550957524 -0.9883156088760093 0.1524181536440955 -0.0009816785426921988 0.25581571841336714 0.00044054496193236386 0.009297012528558867 0.9999566848010382 -0.05044801210471552
679 0.19886923284937594 0.9799731741019725 -0.010178716305879812 0.24268163300329226 -0.9800254429303955 0.1988697977213914 -0.0009668314503848462 0.2562954811554956 0.0010767703683266672 0.010167673985242605 0.9999477281189005 -0.05046697565570583
680 0.24518652741184677 0.9694120809223266 -0.011125831968018026 0.24336663925446458 -0.969472908796125 0.2451982396235388 -0.00031999543787277016 0.2591226798834234 0.002417826969617964 0.010864651251881468 0.9999380548143185 -0.05005531384816968
681 0.3232479310039966 0.9462241028644568 -0.01306607282399437 0.2450502676604686 -0.9463110013026219 0.3232525039252975 -0.001818659116806464 0.2576222689574257 0.0025027816658177125 0.012952446253987036 0.9999129813240755 -0.04795932055657096
682 0.3667431867695135 0.9302186888070165 -0.013878975167507775 0.24624100953885744 -0.9303157610674166 0.36675542206662776 -0.0017450198812948754 0.25969040239242447 0.00346693929057439 0.013551803498014357 0.9999021596905097 -0.047427953626348905
683 0.4008314958004811 0.9160239371294251 -0.015305508117248645 0.24582430660358315 -0.9161427852149682 0.40084570675659986 -0.002261962136920645 0.25778892389834906 0.004063135756543838 0.014928696502831464 0.9998803053105149 -0.04825876246014512
684 0.4446787619926282 0.8955364259301596 -0.016592421904832507 0.2448642415258032 -0.8956795464815838 0.4446872347822669 -0.0033783481876023527 0.2597158027756594 0.0043530043537676035 0.016363772616969464 0.9998566288712817 -0.04743233793598242
685 0.47589495363509515 0.8793282322276829 -0.017488656644589054 0.2438991670560117 -0.8794895320800783 0.47590046654114593 -0.004112044337952938 0.2618430332673425 0.0047070231782719175 0.017337991598883905 0.9998386059663618 -0.046241686230414775
686 0.5163685749509288 0.8561556240702538 -0.019001109836500125 0.2443222719810642 -0.8563462715167897 0.5163816012024663 -0.004594039633594054 0.26081179894329054 0.005878610652169005 0.018643747262587183 0.9998089080539432 -0.04574157157087625
687 0.6153923515426963 0.7879946780822323 -0.018884940472721875 0.09611550252385086 -0.788184219082117 0.6154183083206013 -0.005093385329749381 0.20031724634219694 0.00760857758496491 0.018019242434107973 0.9998086899243461 -0.05000389436644876
688 0.6542266392083573 0.7560585405559448 -0.019052238753182276 0.1062997359200335 -0.7562217667084778 0.6543115836633192 -0.002234063764168128 0.19287807005715707 0.010777017521241666 0.015869301677944512 0.9998159936497985 -0.05526285131623618
689 0.66479591760431 0.746706853641679 -0.02180051972129374 0.21881157432904352 -0.7469716554827135 0.6648141277939549 -0.00745126777968821 0.28519107243585484 0.008929380785301477 0.02123794270818265 0.9997345727482909 -0.04079572437014345
690 0.6878259910327861 0.7255064798981306 -0.023146353586177584 0.23693683886724892 -0.7258123873889565 0.6878371906416566 -0.008739421255110683 0.2907246591084722 0.009580416073882011 0.022811111241885944 0.999693887563769 -0.03694864201868578
691 0.7214159136251905 0.6921194177476196 -0.02301719237294591 0.23531092175087615 -0.6924454723736972 0.7213832497259213 -0.011201553665421644 0.29832407382391657 0.008851404233207957 0.024019129716829637 0.99967231333606 -0.03331731194183036
692 0.7807844179963577 0.6243778673971729 -0.022977626449288985 0.19383253786098023 -0.6247316552346183 0.7807162554480691 -0.013873983813493437 0.3039837053758736 0.009276398055210158 0.025187440982606425 0.9996397057219422 -0.02932311933338625
693 0.8069998618414225 0.5901106788623641 -0.022816872698311935 0.21592284661829836 -0.5904563371882747 0.8069612277998186 -0.013224624876273789 0.3126974167225256 0.010608339243706296 0.024144637527506743 0.9996521893226642 -0.02895294992817111
694 0.8264197381280834 0.5624361461466546 -0.02638177286695545 0.237289595829076 -0.5628641305530862 0.8264513600928054 -0.012732632770014633 0.29539546582153564 0.014641959163073478 0.02537185268702069 0.9995708489757162 -0.03681856173915286
695 0.8460330855042456 0.5324075539128457 -0.02775274342550347 0.24040361671712332 -0.5328787750491286 0.846086399658105 -0.01334224181045918 0.2945161674748644 0.01637770843930446 0.02607682592757044 0.9995257724623905 -0.03698474482446511
696 0.8706989716147772 0.4909032977869419 -0.029954182525821237 0.24929617913047636 -0.4914280844675524 0.8708160550415687 -0.013335519402125856 0.29275383672908584 0.019538132607425714 0.026331549569839952 0.9994623108805328 -0.040793648270879605
697 0.8931443062352349 0.44871593076916694 -0.030777617071311367 0.2544350566049605 -0.44927499014352407 0.8932799268020553 -0.014246248755130999 0.2943345153720287 0.021100508754842363 0.026551569566738962 0.9994247258716293 -0.03994633607640119
698 0.9084148142825084 0.41699020231649514 -0.030028259433438453 0.25373330956803675 -0.41755793384342543 0.9085126339745929 -0.015816630252158768 0.3099598790256637 0.02068567322358881 0.026906599199277063 0.999423902977806 -0.03771477087420883
699 0.9278572535568603 0.371655088702878 -0.030877371365821277 0.26618925702478446 -0.37225120285950375 0.9279882320254221 -0.016336559992789067 0.3023485810290134 0.022582271609639243 0.026652134319209465 0.999389666118392 -0.03777159081085688
700 0.9558160742807282 0.29214523502788386 -0.03266180944739388 0.2776747171889664 -0.2928021890555358 0.9560136506421661 -0.01745788849246867 0.2992411386740974 0.02612489675004815 0.02624997974911797 0.9993139788542758 -0.0390276000400639
701 0.9657056385896334 0.2576053786219756 -0.032435913761806955 0.2798181453540252 -0.25827570747384593 0.9658949829327494 -0.01845374962527493 0.29917108230914957 0.026575901209996464 0.026198298641120336 0.9993034427157914 -0.03809197264669527
702 0.985820949912312 0.1642295804089494 -0.034433989488842576 0.2916711398477112 -0.16494870935231615 0.9861155803919152 -0.01918294531460259 0.299567800319805 0.03080548646969073 0.024590791495182153 0.9992228555112352 -0.03961893145869008
703 0.9909739955499925 0.12936594031614412 -0.03514247612799962 0.3033927786555775 -0.13011219933968352 0.9913007413176992 -0.019840762239281034 0.30117016808581365 0.032270043774510024 0.024234144290037313 0.9991853434300122 -0.04161266027372933
704 0.9971751184613404 0.06658438526936034 -0.03476064958191824 0.31243833093046003 -0.06738769495504847 0.997473753436903 -0.02247242253257722 0.3016564245348472 0.03317652317014358 0.024751380652421245 0.9991429764886606 -0.03958810194876231
705 0.997897236499458 0.053325239050715914 -0.03684459616183416 0.3092860673957964 -0.05418262177250707 0.9982735144676499 -0.022676723964363092 0.2946005592714547 0.03557174277324505 0.024625376994717493 0.9990636826167998 -0.04260430660555217
706 0.9984180040491837 0.043510011424057395 -0.03561415582530055 0.3105781086254854 -0.044326479607698956 0.9987644611810151 -0.022465847128750063 0.29903549171190646 0.03459266388817975 0.024008956401078453 0.9991130654825405 -0.040869130428688255
707 0.9988862489719005 0.031221789850646754 -0.035376001096953665 0.30890807188931957 -0.03205010838832717 0.9992194106700841 -0.023094585803291368 0.2992970190444426 0.034627332663630925 0.024202668853838986 0.9991071907725025 -0.041044085100479855
708 0.9991130339412924 0.026188292239790117 -0.032974516792056874 0.32784246256670035 -0.026958660782168943 0.9993687149566477 -0.023138759170613362 0.2972222349249021 0.03234773588533543 0.024007184688961708 0.9991883101131938 -0.041179371847123655
709 0.9988716497863128 0.03411393184995739 -0.0330403829529154 0.31523424607773476 -0.03488584738631719 0.999124878741923 -0.023074971975877063 0.2986452638349526 0.03222429058957241 0.02420157708364526 0.9991876093918558 -0.04034234446940574
710 0.9983684648008148 0.044760266285858906 -0.035453167023345195 0.3116476287568598 -0.04556422256006157 0.9987146490235436 -0.022202509948966213 0.2985079723885431 0.03441380700258736 0.023781681765285195 0.9991246776549106 -0.04134873889182146
711 0.9980771373547597 0.049937412033070616 -0.03671897014329185 0.2959446381431453 -0.050746091279195805 0.9984816197820633 -0.021431033026210487 0.2989828925866507 0.03559300645879887 0.02325316830427211 0.9990958052433868 -0.0414527508632211
712 0.9979758536288333 0.052783509894510444 -0.03546965823776596 0.28934817809504576 -0.05359252737185304 0.998314787399553 -0.02225817311870232 0.30019063192786777 0.03423501982223122 0.02411402794794752 0.9991228538438125 -0.042104861640588964
713 0.9983122807356015 0.047401370809517986 -0.03355145566254864 0.2880772366049713 -0.04819763936608309 0.9985651942838418 -0.023335387837976215 0.2981305307716453 0.03239718647083171 0.024913105214752745 0.999164530744185 -0.04111426349025763
714 0.9985615087326053 0.04230636371452763 -0.03294062636852092 0.2662056671820955 -0.043068500366009226 0.998812354696358 -0.022781228743569082 0.3026703701928606 0.0319377136396327 0.024167161523571963 0.9991976434875609 -0.04116779585612225
715 0.9990144153168315 0.03016032716079832 -0.03256612739697601 0.22133190672870995 -0.03093851548046006 0.9992411691530714 -0.0236620820892846 0.29990388301550075 0.03182775907800545 0.024646308740773004 0.9991894481116784 -0.04138377765736208
716 0.9991205274802889 0.025420223622427657 -0.03334642107533638 0.21700289464119787 -0.026196952870077433 0.9993906463143178 -0.023066333052347652 0.30122208547973806 0.032739749966522486 0.02391962146701411 0.9991776421039733 -0.041054200847497065
717 0.9992410193456238 0.020593448049255416 -0.03306501405399167 0.20777096994975136 -0.021377507120217402 0.9994943815391527 -0.023536853275389315 0.30141685884978386 0.032563590806648335 0.024225836833076726 0.9991760212212927 -0.041735813461424166
718 0.9993430697336144 0.01953260194623062 -0.030527142615414688 0.2005172579913292 -0.02026785905818941 0.9995073386919874 -0.023964427592560438 0.3008413099331726 0.030044015448417203 0.02456740445926763 0.9992466160933329 -0.040553453049088604
719 0.9993129295375737 0.018496597944544918 -0.0321176699531058 0.19180289837531486 -0.019277460693897186 0.9995218471002394 -0.024175538864568108 0.30013572890090234 0.03165514757388031 0.024778075686568826 0.999191672602336 -0.04131343605300436
720 0.9993615639311744 0.018825035413966705 -0.030365812654081895 0.18667372570074275 -0.019565534390640127 0.9995138149630507 -0.02427598736895942 0.30130367693748017 0.029894052928685525 0.024854612054768358 0.9992440111701548 -0.04019022017335788
721 0.9993648254892497 0.01892564148658596 -0.030195457754098712 0.1813662833095544 -0.019654946790254632 0.9995177249953328 -0.024041640696550445 0.3014059069638648 0.029725891767587775 0.02461986017450393 0.9992548392896773 -0.041655040347595096
722 0.9993618455538471 0.016649656364707256 -0.03160206627393134 0.17286963298433697 -0.01740647489659644 0.9995645662108313 -0.023826300769867914 0.30083075287883454 0.031191605945942755 0.024361176484095123 0.999216501464355 -0.04196943162943773
723 0.9993486665519061 0.015385611214021561 -0.03264239004269917 0.16696251299991385 -0.016185406692093438 0.9995717164705284 -0.024380653022528655 0.30182297825103555 0.0322532985965597 0.0248931034460084 0.9991696843528737 -0.040487398583065506
724 0.9989177643642466 0.017302312438368904 -0.04317325586361518 0.16580854652373045 -0.018196052599943037 0.9996264072443622 -0.02039484275017635 0.30090960940228983 0.042804248707033754 0.021158353558588517 0.9988594097102572 -0.03928503873493793
725 0.9992177377465002 0.013960170748196873 -0.03700035411517485 0.16715244715381056 -0.014817398912073815 0.9996257432987244 -0.022996043677559887 0.30227485622740247 0.03666547778891351 0.023526303747288264 0.9990506272304379 -0.04218341330328954
726 0.9994450181427059 0.01564603856772877 -0.029408454333093602 0.1666335648506878 -0.016364577460741422 0.9995694659373527 -0.024353303092991843 0.3022717382619329 0.02901476027272572 0.024821044380997005 0.9992707638282515 -0.040604761818320956
727 0.9994667175817367 0.01168659708686508 -0.0304910461205937 0.17109246582818102 -0.012408486318859506 0.9996445979130193 -0.023594646228362378 0.3011005574611323 0.030204468415013206 0.023960411346375533 0.9992565180053592 -0.04119377277014833
728 0.9994029862404239 0.01240576622335905 -0.03224543468192085 0.17044141213583805 -0.01320289444664284 0.9996095350373937 -0.024626429720971867 0.3006201565071973 0.03192733423873109 0.025037460473827537 0.9991765464124056 -0.040994361469236254
729 0.9994496535481131 0.015561330695873572 -0.0292956482886472 0.16739491266978945 -0.016255426501320763 0.9995891830328644 -0.023605640706328392 0.30226306989732366 0.02891627795811604 0.024068862683772178 0.9992920187403664 -0.04031160477704617
730 0.9994341650372929 0.014594714330006819 -0.03030419228503488 0.1683450945943608 -0.015309079112213499 0.9996071664099375 -0.023476476717386542 0.3011655718729078 0.029949655309336465 0.023927122183341087 0.9992649853625646 -0.04182181464836113
731 0.9994368975460936 0.014720328327594645 -0.03015293944006256 0.16872462443775038 -0.015446817315732138 0.9995925205457723 -0.02400393101490092 0.3008882710435179 0.02978730699115628 0.02445618128934871 0.9992570297668204 -0.04230301920903884
732 0.9994369114371578 0.015117662089878754 -0.029955239091726503 0.1665351395010038 -0.01583695675709508 0.9995883710982819 -0.023922357048340767 0.301278456233109 0.0295812585395525 0.02438328646868114 0.9992649320793542 -0.041349333609930865
733 0.999452731123572 0.015299022718695892 -0.02932879393910685 0.1658740620353504 -0.016012657277055774 0.9995775854770099 -0.024253771226334812 0.3010445417026888 0.028945346034507616 0.02471012981760293 0.9992755257823696 -0.04081203339596665
734 0.9994465696175276 0.01543563768891824 -0.029466855425075666 0.1658463253008563 -0.016152257268913752 0.9995757121369279 -0.02423840529282888 0.3010480684488124 0.02908021775370226 0.024700947253214235 0.9992718369597751 -0.04075549845388333
735 0.999446222702732 0.015327972927623775 -0.029534745149215596 0.16612554721957584 -0.016046711413396565 0.9995770340786073 -0.024253989260132405 0.3009314863659349 0.029150488467902497 0.024714493483344337 0.9992694545681957 -0.04110635080035576
736 0.9994368716278728 0.01535448614188501 -0.0298358741275835 0.1659531587784128 -0.01608622924539567 0.9995718105056535 -0.024442358121711995 0.3009902819795063 0.029447798871351075 0.024908540647015913 0.9992559190439034 -0.04096222165510894
737 0.9994429927050822 0.015422680571461725 -0.02959468291326288 0.1661875841840074 -0.01614857342006774 0.9995706767916276 -0.02444761083835696 0.3009676112809727 0.029204929536726126 0.02491190525009625 0.9992629629219446 -0.04108626026823178
738 0.9994265932113472 0.01547852429466233 -0.030114781550255258 0.1661447089067348 -0.01622291733456172 0.9995649151299338 -0.02463325790344763 0.3010449607036014 0.02972039258360014 0.02510768263772459 0.9992428646411023 -0.04118719466200402
739 0.9994407486489211 0.015370481598486701 -0.029697444912716378 0.16606090803943502 -0.01610101423697133 0.9995697033883383 -0.024518674704767346 0.30096990576720795 0.02930780236454785 0.024983121586243502 0.9992581730240965 -0.04098190597597079
740 0.9994244229042921 0.015259049672007079 -0.03029825580574713 0.16610793399758175 -0.016007856950262588 0.9995685184178879 -0.02462773851891469 0.3008484545285244 0.02990938678153797 0.02509857350142194 0.9992374543576903 -0.041169327224934396
741 0.9994196857604194 0.015220621840972285 -0.030473338930102283 0.16646791770085015 -0.015980031549732637 0.9995638606689459 -0.024833989551539166 0.30095674845264964 0.03008205954480318 0.02530654295112712 0.9992270255441181 -0.04120927768311228
742 0.9994273922684198 0.015299688119012111 -0.03017958129038831 0.16610922032923894 -0.016051966058612394 0.9995624599899301 -0.024843972417314578 0.3009772987629511 0.029786271486478312 0.025314188180680625 0.9992356928712358 -0.041285945996256
743 0.999428225397551 0.015459429811934152 -0.030070389208746513 0.16597256392796084 -0.016205915187105832 0.9995625209352617 -0.02474136322357463 0.30098186366515134 0.029674746674287267 0.02521453491768967 0.9992415306813006 -0.04103318896958602
744 0.9994188474470632 0.015429845406014164 -0.030395513439421255 0.16653652991824816 -0.016185411837212938 0.9995621278779377 -0.024770647076743077 0.3011446048850417 0.029999996836932153 0.025248215454923933 0.9992309681981248 -0.04129760290308709
745 0.9994214562709776 0.015482074057071436 -0.030282967627287934 0.16635011101254016 -0.016234163905321383 0.9995618671766584 -0.024749254708090977 0.30104128724891654 0.029886529870562027 0.02522655484160892 0.9992349154545986 -0.04119538546557081
746 0.9994216874552578 0.015504674786202398 -0.030263768820343765 0.1664206667348874 -0.016257993171617857 0.9995600615683325 -0.024806470429862244 0.3011125492614428 0.02986583836843707 0.025284152683675506 0.9992340783430114 -0.04116488275647045
747 0.9994167172209731 0.015558675776438952 -0.030399883987137048 0.1663449456511308 -0.01631445755494909 0.999559958639395 -0.02477352538646922 0.3011943801048016 0.030001063532029366 0.02525503303265666 0.9992307638848283 -0.041180082049609004
748 0.9993302070098109 0.015862559071269197 -0.03297751622760219 0.16695759388439058 -0.01668964936394852 0.999549167585457 -0.024958308926522683 0.30120740256488054 0.03256674624432664 0.025491975208154747 0.9991444171078859 -0.0413384393109561
749 0.9990566485535449 0.018878565471585472 -0.03910770700448636 0.16813757237774132 -0.019808137548896272 0.9995271116953061 -0.023520005798965262 0.3015614629502381 0.03864518945775447 0.02427246900759847 0.9989581555702992 -0.04070732515824067
750 0.9989883450903848 0.02580309023314489 -0.03683051597796503 0.1712527029017403 -0.026680430680169315 0.9993670080814612 -0.02353163354990414 0.3012268280464716 0.0362000136946697 0.024490481685357217 0.9990444311018176 -0.04083928182690672
751 0.9987783470577795 0.03800066014459892 -0.031587391115593944 0.17660853526926437 -0.038793288627145255 0.9989376969402131 -0.02487083412993488 0.3007705460852137 0.030608727618260535 0.026065829382766907 0.9991915123393552 -0.04113718865117905
752 0.998261380421222 0.04788490929945556 -0.03436934420508351 0.18330777000201676 -0.04870795730653739 0.9985360333516139 -0.023522861086677553 0.3003345296552955 0.03319263856287559 0.025156024330065502 0.9991323351711218 -0.04112737282534671
753 0.9979329562291728 0.051925089771044326 -0.03786290958965263 0.18900731345274632 -0.05279873572966923 0.9983527778643928 -0.02245048854141536 0.30036248740190463 0.03663479733514727 0.024403196156239353 0.9990307180670225 -0.04087434112281807
754 0.9977026795816 0.05655959280543499 -0.037287740835990596 0.19790222838049204 -0.057374359917766515 0.9981285822073598 -0.02115457882657648 0.3002093057982673 0.03602146553012311 0.023245340244597498 0.9990806314698633 -0.04104236347163945
755 0.9976534510015862 0.058244899164273396 -0.035987823301413216 0.20491167074412903 -0.05905472299521972 0.9980152761688961 -0.02186431399539474 0.29972705202235517 0.03464291264705075 0.023938259247258075 0.9991130208075837 -0.04111693942715344
756 0.997599881996275 0.05686652588484294 -0.03950536259237095 0.21613603843814633 -0.05774742701816179 0.998099124005368 -0.021526108160172294 0.29888887380342566 0.038206152809758594 0.023755776003228788 0.9989874638817247 -0.04118197081318534
757 0.998213443837983 0.04429157169958069 -0.040102084957505134 0.23877582708703268 -0.04516502689181269 0.9987557752080394 -0.021142890897015307 0.2983850314536214 0.039115737081328164 0.02291632968012932 0.9989718719495028 -0.04118959547756468
758 0.9985473148365667 0.03773555333555865 -0.03846151383027086 0.2534485805207553 -0.03858153073661179 0.9990242270498945 -0.021495563599999306 0.2978349313009121 0.03761283713924518 0.022948241391893897 0.9990288547883158 -0.04101794359750527
759 0.9986523972276742 0.033075397779031776 -0.03999259396638699 0.26632945738893865 -0.033948600204836706 0.9991953916964155 -0.021355602457919908 0.2965685381635528 0.03925407054720061 0.022684516172584553 0.9989717366727946 -0.04127976713262473
760 0.9988843275260645 0.028271426171213147 -0.037826269756385374 0.28219160462584714 -0.0291054607508607 0.9993411414787904 -0.021683060293200565 0.296248964986511 0.03718833655829237 0.022759820109051466 0.9990490569596565 -0.040806143885953716
761 0.9990210845523686 0.02442770553564426 -0.03688034464527498 0.2952476342930046 -0.02526282161183898 0.9994309654603706 -0.02235028242379344 0.29589867527269753 0.03631339233796371 0.02326010495418663 0.9990697198161795 -0.041163354156053295
762 0.9991217775949089 0.02012126702789883 -0.036753341998574905 0.31209660029122555 -0.020963501161687118 0.9995230506188637 -0.02267604243814875 0.29574512049705537 0.03627954180983752 0.02342660655733372 0.9990670592860249 -0.04107460788792389
763 0.9992373684890636 0.01685792746652972 -0.03522061464940582 0.3273647937891631 -0.01770329786023374 0.9995592705737822 -0.023829768276733998 0.29629029464195455 0.03480337138304411 0.02443511597688902 0.999095416087337 -0.04036331447929205
764 0.9992776130298073 0.014498936976814838 -0.03512880475358522 0.3418843076776732 -0.015370318351066064 0.9995776415723844 -0.024663571980551774 0.29629764169895 0.034756372231180895 0.025185696249716956 0.9990784129856463 -0.0398804996712985
765 0.9992473059292554 0.014554040806815386 -0.03595832989646522 0.3538703010251958 -0.015442146520246969 0.9995794490085362 -0.024545167145240673 0.2961646238952058 0.03558597622045832 0.025081965941741585 0.9990518171145306 -0.040810069132392476
766 0.9992355435101218 0.0156843509650613 -0.0358096316626742 0.36424352831584206 -0.016557040079290736 0.999569894808276 -0.024205160941800977 0.2962931509153657 0.0354145875147342 0.02477955865553228 0.9990654535433371 -0.039769624386291655
767 0.9991559299130525 0.01820468145445802 -0.036824140075992086 0.3813671393740137 -0.01908783826843114 0.9995350841082551 -0.023775408865667324 0.2957042093184623 0.03637419620341918 0.0244582339838031 0.9990388944588221 -0.04093298227094042
768 0.9990947371043112 0.019801165275200802 -0.03765129669869609 0.3967695364805076 -0.020708425760377666 0.9995007813705193 -0.023861038157535076 0.2953609993815369 0.037160024109977666 0.02461913672790919 0.9990060213606533 -0.040247378982429076
769 0.9991112359478534 0.018428946770752887 -0.03790926170721392 0.408850275804732 -0.019317111172773495 0.9995442619862891 -0.023197360758359244 0.29535513726939056 0.037464482089423067 0.023909041201264858 0.9990118969916957 -0.04041669799616583
770 0.9991959566632238 0.014456774381642098 -0.037395746566763054 0.42355786970962994 -0.015289849028330823 0.9996391046269266 -0.022088028828712893 0.29567196109181615 0.03706292896618852 0.02264204441595117 0.999056393363528 -0.04008591674034323
771 0.9991757165727482 0.0121696437702772 -0.0387270858942745 0.45089529847530063 -0.013050449827868037 0.9996600150524976 -0.022572994150992915 0.2947954348673192 0.038439213970239736 0.02305979349774356 0.9989948311947415 -0.039554760035648194
772 0.9991125468082276 0.012695176846925163 -0.04016156490439834 0.4622309161956669 -0.013583799890596411 0.9996671950816415 -0.02193124388886137 0.2945110162603217 0.03986977791918 0.022457327597839877 0.9989524859804939 -0.03940117262429095
773 0.9990734947001929 0.013298219111999837 -0.04093054551140179 0.4775727139935707 -0.01418375535826908 0.9996699205970283 -0.02142127303110711 0.29455935422515855 0.040632170398841184 0.021981974952332513 0.9989323398033564 -0.039196273442880736
774 0.9990931885435355 0.013212296495300892 -0.040475126026706075 0.49315699667941626 -0.014096242713160156 0.999666615107806 -0.02163225787840461 0.29458992772078973 0.040175820427053505 0.022183188699577937 0.9989463497060227 -0.0393038041697798
775 0.9990630445396483 0.013226754992799938 -0.04120783889072652 0.5039426946501921 -0.01411224118548014 0.9996741198001223 -0.021272020388001214 0.2946933357596413 0.040913050270177935 0.02183362441377056 0.9989241288320561 -0.03863095295081945
776 0.9989841059332987 0.013062910460611263 -0.043129067489578704 0.5159629766177954 -0.013991325491140062 0.9996753257308945 -0.02129520924414152 0.2940181910560986 0.04283688717921888 0.021877008388372487 0.9988425289310643 -0.03880757637504653
777 0.9989678276233681 0.0119111153771711 -0.04383383057764392 0.5316371268369822 -0.012840804384918714 0.9996972357170121 -0.020989298279781615 0.2941639298256986 0.04357055330584363 0.02153049535005045 0.998818324148286 -0.038435169850933745
778 0.9990470680748366 0.008832486810364333 -0.042742753157485956 0.5463386916374672 -0.009747389566772261 0.9997268030535608 -0.021244002771241027 0.2942986055619845 0.04254343859446695 0.02164038894920806 0.9988602251563665 -0.038464927202776465
779 0.9990552565945964 0.007497871761405915 -0.042806263426630846 0.5744567427115965 -0.008404294689578293 0.9997434266755425 -0.021034463383001696 0.29418944949499926 0.04263756677215305 0.021374347664831064 0.9988619399900406 -0.03785572354476967
780 0.9991068494361415 0.006901595982864161 -0.04168778456507152 0.5902638698810815 -0.007761841081577845 0.9997595397434533 -0.02050893742679368 0.294038965538274 0.04153621590974828 0.020814193816743244 0.9989201730383137 -0.037686073052438984
781 0.9990815454959103 0.006029709987234034 -0.04242296603677108 0.6170548774684171 -0.006908328175852829 0.9997640350677613 -0.02059488255916939 0.2939958350842693 0.04228877453516424 0.02086903886723277 0.9988874525012994 -0.037167150934210164
782 0.9990372419196117 0.006307990046584246 -0.04341426629851335 0.6288890847855583 -0.007202529520187316 0.9997643341064272 -0.020479253342662065 0.2941122727553378 0.04327485211044417 0.020772229310814547 0.9988472364004557 -0.0370527067222561
783 0.9990221989229124 0.00503010275808523 -0.04392429994537628 0.6594410148775156 -0.005900530352688011 0.9997883387395322 -0.019709425735192406 0.29452868114106967 0.04381586243668309 0.019949330502743414 0.9988404248988658 -0.036643254343151445
784 0.9989960053858751 0.005639706004233119 -0.04444294024817768 0.6717263529945824 -0.006490475968051988 0.9997979985671357 -0.019021981557297462 0.2941445466740862 0.04432668432763588 0.019291339425870226 0.9988308111384999 -0.036262822873383574
785 0.9989832385795707 0.00716116949952649 -0.04451074801415489 0.6838236444441984 -0.007998908416164406 0.9997936745562744 -0.01867152327264325 0.29412148022357965 0.04436785437198796 0.01900857618575151 0.9988344044586381 -0.03645470270150141
786 0.9990409061810946 0.007446984947642538 -0.04314869860410294 0.7073166708524362 -0.00826568899120454 0.9997885931283435 -0.01882677444790263 0.2946423099182274 0.04299937396638576 0.01916537152742016 0.9988912565298655 -0.036487857878844086
787 0.9989862844537106 0.007344061328302291 -0.044412478389301825 0.7233099215542542 -0.008177383086404064 0.999793363747135 -0.018610755299385506 0.2948165022310092 0.04426662263365293 0.018955067137502307 0.9988399128742503 -0.0361660780425986
788 0.9989607331855404 0.006309919562413177 -0.045140208995581285 0.7508603064287376 -0.007140883525525202 0.9998075706017835 -0.018271003014619144 0.2948163744844614 0.04501623413355932 0.018574355542108463 0.9988135621725458 -0.03537316338007501
789 0.9989388699446577 0.005607183145236751 -0.04571316671252763 0.7669641724559623 -0.006436159871082235 0.9998171390876953 -0.018007338295778927 0.2942038671508984 0.04560383711742812 0.01828244741677556 0.9987922917981776 -0.03532938243576311
790 0.9988985486114057 0.006240786821113991 -0.04650529175363721 0.778663908235488 -0.007073985181236149 0.9998170189999822 -0.017773217277402956 0.29447828403336906 0.04638586330863413 0.0180826186868357 0.9987599163890488 -0.0350495706263447
791 0.9988294497124353 0.007037113197885773 -0.047856132573299896 0.7950088162338078 -0.007865750152217667 0.9998220059614147 -0.017148946610965995 0.2945152876456598 0.047726935388327896 0.017505297288689894 0.998707016198904 -0.0349173442328683
792 0.9988199563040416 0.0071324807623516845 -0.048039802315192365 0.8070052218347067 -0.007940164370385621 0.9998299676492326 -0.01664300396026976 0.29458760300920583 0.047912928090011755 0.01700480841581284 0.9987067576680663 -0.03460638591188105
793 0.99887961645666 0.006111320686100844 -0.046927215842202684 0.8235155198211991 -0.006883066227205526 0.9998434276559621 -0.016301643237179742 0.29443030393615044 0.04682024376802614 0.016606382278373036 0.9987652841588577 -0.0344414493103439
794 0.9988605873359929 0.0053946073071754995 -0.04741756297681706 0.8390520723853561 -0.006158257845659725 0.9998534508833584 -0.015973497346661272 0.29458167548095915 0.0473244432291865 0.01624730652074554 0.9987474265821347 -0.03422831352252356
795 0.9987993626773588 0.00477011305372054 -0.048755298537835404 0.8512605859875292 -0.005557603084497619 0.9998560800376739 -0.01602910664193364 0.29436142956637434 0.048671821026954415 0.01628082409612654 0.9986821259058146 -0.03388612835666203
796 0.9987477794833582 0.004143147981489289 -0.0498568681369229 0.8668984677388646 -0.004938771954010774 0.9998622538139812 -0.015845564968254514 0.29455830700835994 0.04978435002302152 0.016071954528544072 0.9986306678500179 -0.03354913952981367
797 0.998784047119085 0.00404197549531761 -0.0491333863396841 0.9016493802219334 -0.0048369703051702765 0.9998591337882519 -0.016072221331562556 0.2939274858468295 0.0490615015802621 0.016290334998050895 0.9986629031097382 -0.03314782915194016
798 0.99884544601267 0.0045686601878045414 -0.04782156755044229 0.9183239169129898 -0.005362584464571627 0.9998497045167072 -0.01648669363072312 0.2937123110541424 0.04773905808348288 0.01672410604843258 0.9987198238796564 -0.03317989309243686
799 0.9988721750112626 0.005125375270255156 -0.047202844362735454 0.9304762060416916 -0.005902349681914717 0.9998491424533489 -0.01633568498332852 0.29371782350354425 0.047111996941743214 0.01659586888355133 0.9987517393622247 -0.03305944181855879
800 0.9988439418273708 0.004410066092182429 -0.04786785132503322 0.9467598348531782 -0.00519297885220992 0.9998545771247349 -0.01624369336394301 0.29381914965673794 0.04778925448355466 0.016473491449126784 0.9987215884494697 -0.03277586409117762
801 0.9988287771205453 0.0023551105655412272 -0.048327295076204514 0.9750233640529941 -0.0031612560236643373 0.9998570252121839 -0.016611309260641326 0.29387028224952316 0.04828126402162505 0.016744628667020235 0.998693414895367 -0.032147199971636904
802 0.998804056447974 0.0011912332935592775 -0.04887778417882516 0.9905217548114431 -0.001997225603806496 0.9998627865283771 -0.016444427825221507 0.2938712740604381 0.04885148833813799 0.016522381179375357 0.9986693862370914 -0.03170370318860991
803 0.9987671998702666 0.001161429383469607 -0.04962591606319003 1.0055528015732043 -0.0019734212667376193 0.9998649313516067 -0.01631639245355836 0.29405909836312794 0.04960026282006728 0.016394210441531287 0.998634589723494 -0.03104623533259207
804 0.9987256136326548 -5.589820028009153e-05 -0.05046925349586458 1.034071898384125 -0.0007252094314472574 0.9998802479328273 -0.01545845612307181 0.29411607134579154 0.05046407379812559 0.015475356855691557 0.9986059736376593 -0.030895081073994544
805 0.9987245896957501 -0.001665614488100162 -0.050462061643097286 1.045639781851053 0.0008972172770580055 0.9998833696326773 -0.015246053073519542 0.29425069883647526 0.050481570281319624 0.015181332666779058 0.998609602497592 -0.030964531989431453
806 0.9987517740369246 -0.003889485831277151 -0.04979724649481565 1.0612360734325996 0.003148136346188362 0.9998831796830076 -0.014957146280052406 0.2945027390118484 0.04984960477320782 0.014781707860325342 0.9986473441691363 -0.030533673398229672
807 0.998914674745504 -0.005774293127974213 -0.0462182876909164 1.0900823358055267 0.005103077677112088 0.9998799892794934 -0.014627564264528402 0.2948678532037461 0.04629720484544082 0.014375833086759006 0.998824260942431 -0.030646794519163766
808 0.9990277695527333 -0.007426141367726721 -0.04345535739926853 1.1080154747422164 0.006807988855075714 0.9998737739556003 -0.014355746028759267 0.29517328601305404 0.04355648000122738 0.014045945346287303 0.9989522233161724 -0.03031321174269552
809 0.9990938595669033 -0.008470264511070054 -0.04170988364577345 1.123704774439832 0.00790177116064866 0.9998738873018751 -0.01377575783351999 0.2957586576741007 0.04182130781251337 0.013433693106632314 0.9990347912373129 -0.03006843870595501
810 0.9991429013914164 -0.009687925837171868 -0.04024433738551848 1.1366784964780792 0.009140398850117058 0.9998634539458726 -0.013766865059151102 0.29608824536584 0.04037221454789715 0.013387216203419748 0.9990950238764719 -0.029939510889750054
811 0.9990798543045759 -0.01493313201297278 -0.04020505305807305 1.1719685607331574 0.014361604077944757 0.9997922059824322 -0.014466830502484727 0.29647336326220675 0.04041273377825596 0.01387610985678271 0.9990867152176819 -0.029738268480500537
812 0.9990453397243053 -0.01623306979601452 -0.04055732510032439 1.1844535488718895 0.0156612411613083 0.9997739817162761 -0.014377447909575165 0.29667892237874427 0.040781548518594654 0.013728544282437359 0.9990737672327322 -0.02979638878667141
813 0.999016880874498 -0.01815725086438419 -0.040442378378558956 1.200196336396657 0.017591435083610538 0.999742951313143 -0.014302891731068898 0.29704738334153546 0.04069168391155728 0.013577390810248533 0.9990794969966966 -0.029543996368983416
814 0.9990009538101503 -0.019666311812391524 -0.040128923051596425 1.212234355584087 0.01910416012975997 0.999714594107872 -0.014344385444438168 0.2973493864460224 0.04039957117769811 0.013563425368696877 0.9990915414213978 -0.02929399002763287
815 0.9989820322843698 -0.022192282868329267 -0.039273422998959376 1.2279862571555527 0.021644703648373002 0.9996632586984328 -0.014313490610469935 0.297971277460219 0.039577847047463026 0.013448858337004837 0.9991259791599569 -0.028879350807972045
816 0.9989603910397268 -0.024427534849759194 -0.03848938392352112 1.2437643101268356 0.023900692924046327 0.9996150510851199 -0.014089234273217083 0.29844230748239453 0.038818732739001126 0.013154664033372319 0.9991596773298416 -0.02872323006537425
817 0.9989313207483906 -0.02766643579909093 -0.03702411048849757 1.2562669670979296 0.027157785613613015 0.999530700699244 -0.014171557421916756 0.298683199204516 0.03739881158394494 0.01315091971740009 0.9992138821108466 -0.02861202405624632
818 0.9987655003901115 -0.03153610565912503 -0.038379021210676816 1.2712411068915712 0.03102371529463077 0.9994223530983305 -0.013874048343439346 0.29951454335111216 0.03879438514189971 0.012666261009066114 0.9991669337565301 -0.028034036351508453
819 0.9986452339766458 -0.03339973047571676 -0.03990181273267757 1.2836514559128396 0.032874882495697526 0.9993650505625392 -0.013738188235370269 0.30001557521387445 0.04033532888373044 0.012407808799373414 0.999109156961223 -0.028390911655284505
820 0.9984477475557411 -0.03664741908235101 -0.04194117398195469 1.3110423572838679 0.03610259255305728 0.9992545202653952 -0.013675033500207465 0.3011679811176693 0.042411062370407704 0.0121396212802538 0.9990264918325695 -0.028060667196948726
821 0.9983679897179195 -0.03893216608783298 -0.04178089933051448 1.3276038131688637 0.038415469669727906 0.9991759874651592 -0.013099532927850259 0.3019829618922505 0.04225646453798192 0.011473121484250313 0.9990409194261344 -0.027681402045740818
822 0.9982452267652782 -0.04232264259949498 -0.04141571156166668 1.3439501947730983 0.04181144215367828 0.9990392041196433 -0.013132857180281425 0.3028010557386953 0.04193173673750694 0.011378161365379636 0.9990556875858168 -0.02755873969556469
823 0.9979995483315808 -0.04826692343734611 -0.0408314294505484 1.3716938937775722 0.0477419333348979 0.9987652403009373 -0.01373690531309201 0.3039799254348772 0.04144405060386995 0.011760053914660675 0.9990716149512324 -0.027660017271757948
824 0.9978980573552494 -0.052101788796098544 -0.038534020426841356 1.3871529283344208 0.05158768251576403 0.9985672478293447 -0.014218388675850896 0.304875338662254 0.039219614209457423 0.01220062162622032 0.9991561272857443 -0.02725618176593302
825 0.9976474162576761 -0.055752337856384115 -0.039891222820664596 1.4000003447160225 0.05521537549202161 0.9983700608500774 -0.014438971809215523 0.3055744844380366 0.040631208989178984 0.012202394071907182 0.999099697945323 -0.027354825200200477
826 0.9974614511983008 -0.05808178265667306 -0.04119660054258426 1.4120297158647832 0.057527623796632836 0.9982384232878043 -0.014512848558880392 0.3062763247159961 0.04196696168620421 0.012106064447148889 0.9990456532762442 -0.027199758722090572
827 0.9973338555144458 -0.060087229553571646 -0.041409002496903775 1.4280227457894716 0.05952836330749486 0.9981198282746515 -0.014600765962151601 0.3073237796484891 0.04220846603752034 0.012096828065792566 0.9990355910300587 -0.02701312440615433
828 0.9970963081583981 -0.06495746004305036 -0.039742680338423333 1.4598831200651454 0.0644072929092587 0.9978113781485913 -0.014971782061912282 0.3094515238604618 0.04062822757542646 0.012368590167405063 0.9990977755458028 -0.02677086571369227
829 0.9969661742876464 -0.06699962195187631 -0.039616890131565045 1.4720226390109656 0.0664691855898694 0.9976822475734004 -0.014559541355839974 0.31027654271584226 0.040500551755559326 0.011882067822533298 0.9991088638236056 -0.026692291766358518
830 0.9966757224167505 -0.07202684781576839 -0.038074105863198454 1.4877235067054795 0.07149972473209688 0.9973273522543676 -0.015031360834175316 0.3116526983052028 0.03905500872929539 0.012259104330467185 0.9991618590872485 -0.02640494014945968
831 0.9963548834683941 -0.07656026821557047 -0.03762275267911051 1.5000774244383301 0.07602722562467451 0.9969867751101659 -0.01540231218240495 0.3121700108261969 0.038688592016140756 0.012485815453884124 0.9991733069196663 -0.026294249959446726
832 0.995963913148105 -0.08132932385695901 -0.03796610048749807 1.5155748649666527 0.08079453608456871 0.9966115478009814 -0.01541641104953229 0.3136773519463665 0.039091260458017286 0.012286735599309076 0.9991601020279279 -0.02609439018602837
833 0.9953554758778134 -0.08850859627906438 -0.03786429747446572 1.5440700776551846 0.0879461443027822 0.9959922857590912 -0.016273979563329263 0.31592558419142036 0.03915293527726351 0.012868375702656637 0.9991503653431449 -0.026060309372997373
834 0.9947527568909288 -0.09515084577424296 -0.037593472923256446 1.5596122867621274 0.09458030375014038 0.9953775167880997 -0.016678285771759165 0.3175693329666729 0.039006650722879975 0.013035168663235201 0.9991539248668574 -0.02587288552186233
835 0.9940631151673764 -0.10135220794820914 -0.039575914482053796 1.5755983162110478 0.10076398024896623 0.9947720217114534 -0.016590512477251528 0.31930593243146776 0.041050497531471546 0.012504189849759772 0.9990788266639361 -0.025776291224998398
836 0.9936343384956606 -0.10510183210632573 -0.040551279266252016 1.5871681137861664 0.10449116401407588 0.9943821865801856 -0.01690158737573334 0.32091800359043776 0.04209985754392012 0.01255674721930814 0.9990344989510934 -0.025621044018535252
837 0.9928749615850743 -0.11232642019412245 -0.03977544447425043 1.6159663084445943 0.11171439703882878 0.9935898238893078 -0.017296108175010445 0.32428893961170324 0.041463286784837405 0.012729382943395779 0.999058936529573 -0.025121932379586875
838 0.9921812763383508 -0.11885917750941917 -0.03806324742268198 1.6316563307032175 0.11826076584302861 0.9928263568121991 -0.017612963459692738 0.3263588445928274 0.03988365761705604 0.012973863774555009 0.9991200992441102 -0.025027137688635213
839 0.9914026185026477 -0.12506787221057133 -0.038456148623297645 1.6430376783161211 0.12445164251640788 0.9920618397672394 -0.018030384168320233 0.32757152831563974 0.04040589933668806 0.013089439216672738 0.9990976077838865 -0.024799168114971584
840 0.9904866550223925 -0.13164213323750504 -0.040081603985318945 1.657726477950221 0.13103689681289812 0.9912251033406657 -0.017381777269934156 0.3297950095245967 0.042018066292390896 0.011964249421109288 0.9990452136120043 -0.024422494492562195
841 0.9896936661833005 -0.1366085530204184 -0.04294822880942203 1.6729363139435987 0.13594621850845154 0.9905527710659155 -0.017995371817753375 0.3319855058239205 0.04500080876507921 0.011971256209868046 0.99891521974299 -0.024087310740405335
842 0.9892083940633258 -0.13950185785875807 -0.04478822131071592 1.6852195167725312 0.13877962391030302 0.990143600876836 -0.0188644011234363 0.3335218958346662 0.046978389729850065 0.012445131430824378 0.998818376684348 -0.024232333531833756
843 0.9886687399728231 -0.14360433530737182 -0.043725478634953484 1.699573560362819 0.14292881455892076 0.9895652782394309 -0.0182185090611998 0.33595452414808724 0.045885472316223086 0.011762439570215727 0.9988774541678191 -0.023822651966719094
844 0.9882272495476643 -0.14705562841401484 -0.04220835703030599 1.710679535874175 0.1463868918373056 0.9890537247813376 -0.018536650028249075 0.33741169172479 0.04447225145677809 0.012139672478524164 0.9989368584659916 -0.02363398254993138
845 0.9865538040327982 -0.1580101303530289 -0.04176590059702558 1.7391929147199527 0.15733524786751985 0.9873624428201363 -0.019000691767409778 0.3419938425690383 0.04424038342313297 0.012173956419327584 0.9989467369480249 -0.02358603174482359
846 0.9851828156101923 -0.16694583296781657 -0.03929260338328425 1.7545156783396305 0.16626332609111663 0.9858772644244962 -0.02006304785773442 0.3441330431550538 0.04208712657171018 0.013232851049141754 0.999026308677984 -0.02309466750251698
847 0.9837870119583914 -0.17469355386818777 -0.04056201841873929 1.7698385017795377 0.17398577944898813 0.9845369220673138 -0.020396020110410678 0.34692780714433447 0.04349785800484184 0.013008125289790206 0.998968830857518 -0.02312395441620043
848 0.9828428104695792 -0.17973982691841814 -0.04139570663293664 1.7821461220821695 0.17901121477972465 0.9836289792643423 -0.020712704667374817 0.34914298891506323 0.04444091461362829 0.012947037136526703 0.9989281152003014 -0.023071206025147416
849 0.9815183096141661 -0.18719111261006097 -0.03976550328246504 1.7971588078098335 0.18647613487318757 0.9822346123019685 -0.021019455748068287 0.35241409672041746 0.04299370900795652 0.013215663321536543 0.9989879314725294 -0.022542711284901328
850 0.978568539376523 -0.20205287227398064 -0.039727201601385514 1.8236167409588377 0.20130818135525755 0.979281546216669 -0.021969737338157557 0.35746647912992313 0.04334316394322817 0.013501483072704842 0.9989690085755782 -0.02225933016908153
851 0.9769601479276844 -0.20963070981938736 -0.040047907080468716 1.8388528110050462 0.20886138448118943 0.9776849678891871 -0.022561596493997145 0.3610892170206139 0.04388384023524196 0.013677319330013142 0.9989430111379964 -0.021856170532804798
852 0.9757244501374805 -0.21552688305404133 -0.03885820484265276 1.8511878729609965 0.21477922171280855 0.9764026094723236 -0.022535086791868393 0.3637135845413324 0.0427981696239396 0.013642100174681709 0.998990595440507 -0.021653218853748313
853 0.9737458964702664 -0.22446759745609987 -0.0378579819789727 1.8662413112479417 0.22372015429724534 0.9743820754762808 -0.022997033536654797 0.3673294102410325 0.04205022792145871 0.013923673467615805 0.9990184731265794 -0.021606003881781712
854 0.9712085515346984 -0.23503617205756158 -0.038883765886614616 1.88186963613002 0.2342501322601714 0.9718866550574525 -0.02373194592739626 0.37137704434268737 0.043368478889860125 0.013940141528044838 0.9989618849047119 -0.021317817378877203
855 0.9691966636261115 -0.24323814699458532 -0.038639760119981305 1.8931511140404362 0.2424427425629607 0.9698649011821584 -0.0241576082065084 0.37404929012409793 0.04335139898661925 0.014045543859613712 0.9989611498472785 -0.020893598364094115
856 0.9671140385228753 -0.251509526141754 -0.03786020010847842 1.9052914760726838 0.250740205122231 0.9677585200671679 -0.023933164722484433 0.37730304466628173 0.042658950145155375 0.013653025248702702 0.9989964008314093 -0.020943016076230708
857 0.9642662690169977 -0.2623988658866684 -0.03657044732092872 1.9205735012853749 0.2616423553371259 0.9648610823654084 -0.024215070312602817 0.3816997405935221 0.04163940837207126 0.013781397531513832 0.9990376533201542 -0.02067582407014275
858 0.9580703069754986 -0.2846573217135389 -0.032733714819416754 1.947191981678209 0.2839488289437073 0.9585221262229044 -0.024665686336669414 0.3893788889418879 0.03839725813832315 0.014336761690260793 0.9991597008645666 -0.020127232013682713
859 0.9545721733846059 -0.2962811654771585 -0.031771634875625884 1.963257099811112 0.29559514097344514 0.9549971708649138 -0.02457470800053094 0.39441156228711827 0.037622844548316936 0.014066791535529755 0.999192997845972 -0.020285917662675346
860 0.9510671048381507 -0.30744156663539224 -0.030839020735074472 1.979790197317111 0.30679388846644484 0.9514728517533723 -0.024019208474889368 0.3997069443449768 0.03672699408734809 0.013382655977380864 0.9992357241535098 -0.02024052732155079
861 0.9479894551368381 -0.31685234209346885 -0.03034116443548243 1.9901978160912508 0.31618409310314904 0.9483717755808189 -0.024871561071710426 0.40347732072849163 0.036655316366336385 0.013984584068488922 0.9992301132327803 -0.019679861996189957
862 0.943106005646805 -0.33097727247233394 -0.03170342600124001 2.0063607571062203 0.33027308561592583 0.9435411525645606 -0.025490828446487937 0.40901217606817397 0.03835037198146012 0.013569765067384705 0.9991722126065179 -0.020292272402579217
863 0.9394187657500261 -0.34120287049385395 -0.032756430267326324 2.018243109811891 0.34047021148158424 0.9398961787442786 -0.02598477007386695 0.4135659301884289 0.0396537217763625 0.013257991890079986 0.9991255216443 -0.020097857000494265
864 0.9346991927141263 -0.35395967229824443 -0.03240323324772914 2.032228736782441 0.3532318932337253 0.9351704888345581 -0.026141660544236986 0.4185741768409348 0.039555641075589905 0.012988733579744952 0.9991329461385289 -0.019870702941631516
865 0.9299989342190886 -0.3661781392393895 -0.03186773751281937 2.0474420144604113 0.3654489732692057 0.9304538839035732 -0.02650693995344346 0.42476143978691505 0.03935772208904922 0.013005393952183055 0.9991405453891442 -0.019669099489926938
866 0.9261179194558152 -0.3757996349840318 -0.03286690749225199 2.0587592586836285 0.3750535358991194 0.9266175240512543 -0.026735918381954306 0.42926851543392464 0.04050240081299686 0.012433763236541892 0.9991020753954726 -0.019873555067669076
867 0.9209059612941736 -0.3883015773289829 -0.033971981033950396 2.07408962258672 0.3875376154034066 0.9214578843990823 -0.027017844595602494 0.4356171046413011 0.041794821444949996 0.011715473628975329 0.9990575261604091 -0.020181518334532213
868 0.916952829389035 -0.3975600927781615 -0.03381540043107676 2.085694415899529 0.396769902118139 0.917496468936899 -0.027818595631349825 0.4406656955041661 0.04208507395206531 0.012091406854735554 0.9990408622429361 -0.019649623456836372
869 0.9113579597494249 -0.41027385040979747 -0.03319694068619618 2.0996879913288695 0.40949686224436277 0.9118860995233764 -0.027857876947021465 0.4472869917429938 0.04170118719736089 0.011794454850831004 0.9990605095888981 -0.019231722203508037
870 0.906527843152175 -0.4208846849383724 -0.032609071938310474 2.110958838510586 0.420107985240869 0.9070369843706048 -0.028163624077189486 0.4528595069661585 0.04143127232097579 0.011831777877269668 0.9990712981092726 -0.019543623814339144
871 0.8900761035214083 -0.45461248664876996 -0.03304567934113536 2.139059859800545 0.4537917013313583 0.8906175089505883 -0.029555787153338155 0.46632796472937144 0.04286749050920834 0.01131104481646163 0.9990167358569009 -0.01881438444990779
872 0.8818279352086756 -0.4703173508338133 -0.03436687634713749 2.1527501883902476 0.4694651598921326 0.8824351705069245 -0.03017670459765204 0.4742941573075614 0.044519168152363266 0.010476610007372655 0.9989535946726869 -0.019100834902269572
873 0.8761355216944048 -0.4807158233569861 -0.03603948945135417 2.162405751950214 0.47983630632556684 0.8768250070381399 -0.03057819754380247 0.4804178823987968 0.046299749000971877 0.009497589556144458 0.9988824400477084 -0.0184982472660476
874 0.8684164287618772 -0.4944755550958567 -0.03669920527455164 2.1761077532739663 0.49357814499078945 0.8691463018345253 -0.031069612076601954 0.48817863125657035 0.047260142223432194 0.008867435900713021 0.9988432547387458 -0.018419147637050555
875 0.8612930929320926 -0.506933877634804 -0.03452899900811681 2.1851012874661127 0.5060808435279452 0.8619378977360305 -0.03074475989898426 0.4930444138358081 0.04534741316894687 0.00900578439996681 0.9989306822626122 -0.017769087475186178
876 0.8510907605278313 -0.5238566357121033 -0.03491049360036604 2.1979234123926084 0.522987670492194 0.8517651730764012 -0.03130473522511874 0.5016274295979724 0.046134735901313 0.00838541318672893 0.9989000305280393 -0.017429767106662362
877 0.8436177956689848 -0.5357169170048042 -0.03628222243995199 2.208024248501841 0.5348432818073421 0.8443679965381914 -0.031390290333630985 0.5084499601961121 0.04745185703321919 0.007076104615317515 0.9988484619837281 -0.01748847960482263
878 0.8332860033716093 -0.5515841903095227 -0.03727355074215849 2.2212750580805434 0.5506769250086692 0.8340950380883032 -0.03225510347396089 0.5167865424639342 0.04888108885919563 0.006352041954920782 0.9987844065236583 -0.017322646952261392
879 0.8235848588262474 -0.5658771707808161 -0.038613571463814285 2.233304801633102 0.5649162452437714 0.8244695463658671 -0.033460468858302936 0.5253461888812574 0.05077022919880197 0.005744101713924364 0.9986938415360421 -0.016919043257010012
880 0.8158808649171483 -0.5769593554445148 -0.03816171414021556 2.2431978027077704 0.5759594390701567 0.8167495016048827 -0.034510522650758664 0.5319909821466804 0.05107972990849518 0.00617687559915215 0.99867547651855 -0.01685967040096753
881 0.8057409051696319 -0.5910888763409031 -0.03735684678904957 2.2538344718485885 0.5901056203865067 0.8065855011855008 -0.03457146316685513 0.5408764921679206 0.05056629830676348 0.005811156773942743 0.9987037998987643 -0.016090572499086516
882 0.7977591421845414 -0.6018386334496595 -0.03702175506960849 2.264926037535209 0.6008503021952346 0.7985979211489769 -0.03493243033819778 0.5479314913590514 0.05058918277382036 0.005623132940374822 0.9987037173064063 -0.016115196407997735
883 0.787242816800987 -0.6155554756755806 -0.03660879348270181 2.276468554833176 0.6145389447365517 0.7880729462886066 -0.035817826991924574 0.5575046231286043 0.050898259271703356 0.005699797697320925 0.9986875785297554 -0.01565453527050612
884 0.7785733395051592 -0.6265254269718228 -0.03590883413363198 2.2862164177841153 0.6255145470767802 0.7793810406696235 -0.036010343518778465 0.5654514350566875 0.05054806036423104 0.005575195291117472 0.9987060682652051 -0.015644553423383407
885 0.7655502226479584 -0.6425025843011108 -0.033515455678145775 2.299289510293679 0.6414979182194246 0.7662565112424322 -0.03648807886496459 0.5758561651533944 0.0491251211077053 0.00643336185311317 0.9987719130664559 -0.015421909943177062
886 0.7529274405270007 -0.6573400199154089 -0.03169175789070383 2.3116816401232154 0.6563763749893999 0.7535667708302128 -0.036154892570915344 0.5861021534506998 0.0476479134590211 0.006420289565067947 0.9988435594348152 -0.01509173849285069
887 0.7416675929656785 -0.6700434531469692 -0.031160109732396146 2.322901189534824 0.6691231976698674 0.7423014687772577 -0.0355341496434074 0.596528353421822 0.046939619553721244 0.005504574969893835 0.9988825615509296 -0.014496686834271423
888 0.7322625251613487 -0.6803257931701558 -0.030796256117498248 2.3320460570188493 0.6794173327776936 0.7328922189953092 -0.03551173408667742 0.6054739273348706 0.04672988514217758 0.00508040188477723 0.9988946427683103 -0.014581753069554908
889 0.7176631170327217 -0.6957062608458869 -0.030861773596033766 2.3417961514580234 0.6947873549386362 0.7183128818457214 -0.0360157631063122 0.615537754319232 0.047224801412803025 0.0044048147671822205 0.9988745745775006 -0.014152926403673995
890 0.7069949967556004 -0.7064789225881193 -0.032335839258471964 2.3506325583876073 0.7054813353947632 0.7077235467066114 -0.03772885960714331 0.6236967363152617 0.049539478931527284 0.003861783914546631 0.9987647003438759 -0.013554616535385188
891 0.6935286861759702 -0.7195800697085395 -0.034964049085193225 2.361810861757733 0.7185155255945446 0.6944064501470509 -0.039180626271438625 0.6354226760696098 0.05247285899194302 0.0020506761563856436 0.9986202450365933 -0.013536433608755215
892 0.6835833132715775 -0.7290102623744968 -0.03546676145942795 2.368783943194568 0.7279408491948837 0.6845017544588481 -0.03949010278084698 0.6438063341259097 0.05306575063405229 0.001177070845840766 0.9985903267170537 -0.013113651345459975
893 0.6697298884645768 -0.7417742709985732 -0.03511135686141599 2.378700186554948 0.7407081351015564 0.6706493453451432 -0.03976071155331721 0.655313266374989 0.0530408813200327 0.0006216692517783356 0.9985921481943005 -0.012833059579398318
894 0.655344210938335 -0.7545567668395214 -0.034176758266015 2.388915074780465 0.753521417737445 0.6562347638079952 -0.0395146527348413 0.6667205224278865 0.05224402549790654 0.0001427795744334639 0.998634338190432 -0.01206700146883532
895 0.6448641904873174 -0.7635859756923721 -0.03296412523818545 2.3954170724213406 0.7626455974464935 0.6457057845472738 -0.03789106093643506 0.6752702441232628 0.050218209084316304 -0.0007053566492138895 0.9987380206780841 -0.012496811338634691
896 0.6307266276077425 -0.7753306116630534 -0.03234754773457395 2.40728118691735 0.7743850181268893 0.6315549348846112 -0.038291094574363055 0.6889527893853997 0.05011751118092036 -0.0008982433911501652 0.998742923996223 -0.011636012115500608
897 0.6200671776271742 -0.7838741404004415 -0.03252733066838708 2.4139080891927116 0.7829026213625861 0.6209184657582341 -0.03903516805301147 0.6979249978988296 0.05079547905698606 -0.0012613059636898023 0.9987082799373547 -0.011174560772914384
898 0.6060987937604044 -0.7947388864856455 -0.03216138226472256 2.4236375111261608 0.7937412115495254 0.6069499028977013 -0.03983345905960653 0.7107970402462003 0.051177546740769686 -0.0013848030364449096 0.9986886106437 -0.01140519433351868
899 0.5910844671050431 -0.806058459511944 -0.02981463727110607 2.4315481687914793 0.8051501936585204 0.59183431665226 -0.038279332332987547 0.7214577433737015 0.048500705126652686 -0.0013789422201141233 0.9988221964494851 -0.01103460008074718
900 0.5800330506949533 -0.8140724639152315 -0.029115006362664182 2.4398934738020333 0.8131932973279193 0.5807607801611865 -0.03786261226311894 0.7328994831245692 0.047731763864867154 -0.0017145615272213064 0.9988587182368961 -0.011072130753487067
901 0.5637518772453096 -0.8254560645162308 -0.028392013943280996 2.448757522031572 0.8246437848782123 0.5644598324489999 -0.036711382625278975 0.7447889659938778 0.04632978485769222 -0.002717186968000113 0.9989225034654609 -0.011135751759624436
902 0.552168415420468 -0.8332457883341226 -0.028486790539573044 2.4552111175326967 0.8323312565543082 0.5528986591378122 -0.039086469353987796 0.7545444094816436 0.048318944262801894 -0.0021281323176401976 0.9988296905271521 -0.01107492665293531
903 0.5381584476056268 -0.8423229888802568 -0.02962208087355439 2.4633508157395365 0.841224269089749 0.5389702269940202 -0.04304443644332439 0.7667038261539818 0.05222273801209295 -0.0017540862374804704 0.9986339213226645 -0.010141175255372137
904 0.528986230566681 -0.8480611896547826 -0.031077105278099044 2.468941579600575 0.8469221498976026 0.5298896937928211 -0.04404298385126036 0.7765110762453074 0.05381858308062355 -0.00302175680491706 0.9985461577221688 -0.009840222582028714
905 0.517039901460567 -0.8553641564157628 -0.031967174034822854 2.476708358705125 0.8542417260807909 0.518007308962011 -0.04403976936028977 0.7899961706750567 0.05422926996395434 -0.004537375915092056 0.9985182013856088 -0.009726713985267338
906 0.5040329232051911 -0.8630971794435726 -0.03184448400984557 2.484519037057137 0.8619433803121019 0.5050147805367492 -0.044874052366814375 0.8041683800180912 0.05481260313169208 -0.0048301424017087695 0.9984849764830874 -0.009531871830984933
907 0.49337846675472213 -0.8692305186893555 -0.03187465955034519 2.4909700934608074 0.8681288250332971 0.4943719225010727 -0.044144596382424885 0.8150671710382394 0.05412976713147913 -0.005891317464952646 0.9985165300028452 -0.009290631604219593
908 0.47968432638651337 -0.8768839449847342 -0.031264901201453366 2.498323928857879 0.8758675695276799 0.4806530281623249 -0.042762918140045195 0.8291167991945794 0.05252568579554726 -0.00687121144436402 0.9985959336917164 -0.009024461129276316
909 0.4702962760992227 -0.8819868983425622 -0.030340135763065122 2.5036661683252093 0.8810410087467795 0.47121850504047763 -0.041471211869330636 0.8398863739013619 0.05087389894351225 -0.007227147311223595 0.9986789347673422 -0.009248070107801713
910 0.45838752255101 -0.8882891021014914 -0.02869408050112228 2.5065463935290064 0.8873829401170754 0.4592342171239928 -0.04068723894136195 0.8503905642877103 0.049319334540634426 -0.006812114861997684 0.998759830155353 -0.006930323023324299
911 0.44835536195922493 -0.8933776422346231 -0.02922084458901685 2.5123150887387893 0.8924561571803317 0.4492426913906852 -0.04126756285672522 0.8605391745495532 0.04999476887296506 -0.007575789589760386 0.9987207470041598 -0.006580676682527697
912 0.43400153862483165 -0.900389467217968 -0.03068341234210614 2.522501178450864 0.8993966163769771 0.43499475953676037 -0.04318895259417253 0.8779329176113855 0.05223400158981221 -0.008852485362523544 0.9985956351703114 -0.007321061574924517
913 0.41959940626413045 -0.9072161065361014 -0.029921134739740715 2.528901468470755 0.9062090379631945 0.42057268062043773 -0.04363255469606776 0.8917190479223557 0.05216816823419071 -0.008806608683485921 0.9985994822083187 -0.006645356670754617
914 0.4102175586695947 -0.9115124178810982 -0.02943920187277938 2.533000006462255 0.910502833550693 0.41117752110209016 -0.04379082365742829 0.9016865255589064 0.0520206176018122 -0.008840711949742428 0.9986068781842632 -0.006237523681016667
915 0.3989487109435168 -0.9164672549649692 -0.030458112418928898 2.5395271240895267 0.9153869382048395 0.3999917333560235 -0.04553423558718624 0.9161280437554303 0.05391362907631856 -0.009715133679722071 0.9984983408985902 -0.006587013725799983
916 0.39167719901670506 -0.919616353564563 -0.029912105027098578 2.5436741619417904 0.9185340135688359 0.3927002865514928 -0.04562620804036443 0.9270696429887585 0.053705099280935094 -0.0096045405183501 0.9985106484726628 -0.006150507207146165
917 0.3826844038811904 -0.9233988394209269 -0.02978641269359188 2.549018960517297 0.9223057574248251 0.3837148791823803 -0.04598892600924141 0.940629281401519 0.05389561065142621 -0.009872935184700919 0.9984977657976726 -0.005743670342394184
918 0.3735086596518019 -0.9271628974906617 -0.029329893977867214 2.555546841397889 0.9260348315517047 0.37453280515841125 -0.046740438742215173 0.9554899164747339 0.054321008081065845 -0.009702544803049416 0.9984763836492224 -0.0052659120156655
919 0.3660086805361372 -0.9301434179572575 -0.029510469384292852 2.5597545187080613 0.9290358522918498 0.36704973132174235 -0.046549757185002066 0.9665977604151187 0.054129760111472795 -0.0103786688693196 0.998479970906854 -0.005065154381570628
920 0.3579608350178819 -0.9332750501563359 -0.02935509066491418 2.5640377863446533 0.9321854733161712 0.35900090248524397 -0.04635294330773001 0.9780947694971537 0.053798549532019777 -0.010771850793479233 0.998493707190452 -0.004699403359991338
921 0.34726844976298965 -0.9372974791051389 -0.029632068147625815 2.569247837641298 0.9362324869902061 0.348333735339579 -0.04617725770149148 0.9930543153686014 0.053603676219376416 -0.01170660015962995 0.9984936661828826 -0.004310364536005223
922 0.3374598952665519 -0.9408748005418419 -0.029587645921697665 2.5748954174738814 0.939830585766348 0.3385315425774919 -0.045987658556313406 1.008999971664233 0.053284980486231544 -0.01228838415839121 0.998503733828393 -0.003990062679081261
923 0.32971020479134894 -0.9436102088869069 -0.029848861633968944 2.578063329201381 0.9425876266451335 0.330802005770978 -0.04581046903592079 1.0197494388973265 0.05310128955491742 -0.013030988518059537 0.9985041043409807 -0.003392508522326391
924 0.3185849738654879 -0.9474327850628912 -0.029575872170276643 2.5830660945643893 0.9463987871142426 0.3196794750908863 -0.0461992311139302 1.0345239703200901 0.05322546549278295 -0.013272188713275833 0.9984943158726062 -0.0033394653764954704
925 0.31024774968512125 -0.9501936859559892 -0.029636008251321014 2.5869341848081473 0.9491545837646225 0.3113585137131062 -0.04649141918480149 1.0458978765969078 0.05340327644237771 -0.013705294893758792 0.9984789707131011 -0.003695830047035377
926 0.3011749299844894 -0.9530928479261218 -0.030127807423700505 2.591969906370109 0.9519776166049195 0.3023467465820428 -0.048218899980958935 1.0614573731883912 0.05506613326317173 -0.014158674479067846 0.9983823180043242 -0.0028137591513272093
927 0.2940300097007121 -0.9553300009059237 -0.029848664356609513 2.5942771859934486 0.954223878755251 0.29519367905792876 -0.048140222867548384 1.071716954442612 0.054800936202680076 -0.014327638082068883 0.9983944992727631 -0.0027874609118376656
928 0.2846080246408939 -0.9581783767609455 -0.029874246723288807 2.600158354542247 0.9570828034836162 0.28578429510835657 -0.04816475833346833 1.0884028644829482 0.05468802049853264 -0.014884051079713148 0.9983925507718765 -0.0021307883417526425
929 0.27836859848575135 -0.9600046726354555 -0.03003251395453829 2.603436551128553 0.9588729369998374 0.2795734552039678 -0.04900381449267869 1.099784640784341 0.05544018458477515 -0.015156241701296844 0.9983469708821525 -0.0019802584006705765
930 0.2707077189482545 -0.9621875446640434 -0.03020694944340636 2.6059898851055476 0.9610659864867138 0.27193183965388906 -0.049043289047680204 1.1120309894814184 0.0554030732036469 -0.015754474757878875 0.9983397698204335 -0.0014232264754573014
931 0.2647297006041052 -0.9638603337639908 -0.02985703626238008 2.6093066885600305 0.9627146548199113 0.26594882893683486 -0.04951478347476491 1.1232320811863459 0.05566577955557205 -0.01563577255478397 0.9983270223745688 -0.0007782823484232683
932 0.25713991233463823 -0.9658810972933988 -0.030866994910126178 2.6141117672785756 0.9646450999947087 0.25845873119605584 -0.05156467129389505 1.1405917311014981 0.05778318563200997 -0.016516360335493713 0.9981925231637746 -0.0005027861334262441
933 0.2521893134298698 -0.9671839013424313 -0.030916842904523248 2.6172768253303818 0.9658683543749269 0.2535421910415264 -0.05305355199097349 1.1518922120509516 0.05915126548469667 -0.01648206132736903 0.9981129542520669 -0.00048178859298931984
934 0.24535036028411344 -0.9689658710602989 -0.0301387031460136 2.6206957492543776 0.9677642465679043 0.246633414814859 -0.051032555902278974 1.1657116912720544 0.05688201625701675 -0.016646303366179727 0.9982421233404333 5.248367284463994e-05
935 0.23979516154116903 -0.9703736373597952 -0.02955138605370503 2.6236419157691753 0.9692453826530825 0.24102933205320815 -0.049681478398266976 1.1781386769246172 0.05533234774411535 -0.016729166345816032 0.9983278350755769 0.00015088403777494276
936 0.23351616006371065 -0.9718934266465487 -0.029889299579014497 2.6272108108915546 0.9708273897041799 0.23476083236730938 -0.04880093222829436 1.1932540103687799 0.05444614209446884 -0.01762154438919476 0.9983612065704527 0.0005303735788100875
937 0.22688150709013685 -0.973460692033708 -0.029984376011834096 2.6303367162266893 0.9723814233594413 0.22814634571088085 -0.049230198502246 1.2084260576040111 0.054764488918644834 -0.017986828594632392 0.9983372800565424 0.0007432231132536418
938 0.2211147450632186 -0.9747713475502499 -0.030480969649004423 2.632921949824819 0.9736336821875504 0.22243839524302095 -0.05058273650576921 1.2203217563611304 0.05608674020060329 -0.01849270982885487 0.9982546254622425 0.0016229966456196248
939 0.214807254271372 -0.9761696695790135 -0.030832121317656225 2.6359113877192395 0.97501512195252 0.2161688273824137 -0.05115222411369598 1.2346882323134127 0.05659819322220151 -0.019073915714956872 0.9982148217006411 0.001904790695019878
940 0.20990748750836277 -0.9772492770007585 -0.030375932723329613 2.6386483164800456 0.9760580748763875 0.21126063023142447 -0.05176466539445772 1.2458618233992285 0.0570042205221937 -0.018782883561504718 0.9981972360847372 0.0024483057756309306
941 0.20254560122207943 -0.9787930098279622 -0.030651644926442928 2.6415700840582925 0.9775254328451277 0.20395414271368845 -0.053354810566043936 1.2618793835091338 0.0584748455866524 -0.01915598029054805 0.9981050750558993 0.002582055487843501
942 0.1946331939268258 -0.9804163663493253 -0.03002779403642523 2.643209880116895 0.9793029711615594 0.1959630693598187 -0.05063759593457496 1.271597989157665 0.05553026649276354 -0.01955055088808217 0.9982655786232162 0.0030909453927302666
943 0.1847596802093613 -0.9823581268661545 -0.028920082082624504 2.646366155764815 0.9814206708354107 0.18597282503048274 -0.04719719492003173 1.2874908413881532 0.05174289736054411 -0.019662627718095904 0.9984668515501044 0.0033560662316340305
944 0.18004570135380762 -0.9832191193321893 -0.029388923118983043 2.6479108345267743 0.9821602731547762 0.18133949726444398 -0.04977132275213393 1.2975914362562126 0.05426548866831179 -0.01990352004600298 0.9983281557831988 0.0038360780124632268
945 0.17572759523897505 -0.9839784266878743 -0.030104286802590793 2.650956513521207 0.9826644322698579 0.1771640472403 -0.054621551767456825 1.313650328383863 0.059079825860677775 -0.01998389795964733 0.9980532140112526 0.004023204545124643
946 0.1734506856351485 -0.9843811941192031 -0.030141737119032203 2.652493305215031 0.9830146618877674 0.1749114850462712 -0.0555710978130268 1.3229847948644085 0.059975279625417134 -0.019990924505793078 0.9979996637129555 0.00459950058097138
947 0.1709092954072229 -0.9848357369818798 -0.029809124534046046 2.6552060744416677 0.9836262293964513 0.1722988969951536 -0.05284440309774432 1.3387484018169955 0.05717913594727257 -0.020289437067695378 0.998157745627293 0.005018262822317692
948 0.16647982158042554 -0.9856110700050114 -0.02924530202360799 2.6583783259004887 0.9844064813270725 0.16783912909959126 -0.05266788646360544 1.3560882477141336 0.05681855795368816 -0.020021124519103616 0.9981837536473395 0.005134896780876076
949 0.16287377685588778 -0.9862202572159569 -0.02901270530669244 2.6600870458790067 0.9851077314664628 0.1641912300460702 -0.05102937763303642 1.3671818801079523 0.05508983770644575 -0.020269292843189672 0.9982756460761023 0.00573698148282328
950 0.15999917785347256 -0.9866875230337725 -0.029120353297768138 2.6617115220531393 0.985751400579303 0.1612595588644217 -0.04784904316156836 1.3785208515567977 0.05190798920365525 -0.021049621482218592 0.9984300046033712 0.005993071818354304
951 0.1556391374377095 -0.9874020347942489 -0.028525086863000586 2.664401602012155 0.9864462632687515 0.156877892213599 -0.04809466308450555 1.3950417273884503 0.0519637236950582 -0.020653053467009217 0.9984353873949583 0.005973821658500362
952 0.15122424158021056 -0.9880639279964996 -0.02934114773737639 2.6665385917356508 0.9869937431117327 0.15256506666673433 -0.0506680519775417 1.411191978396695 0.05453970862186155 -0.02129729149997391 0.9982844512257052 0.006505777259341938
953 0.14583754588111328 -0.9888666719803142 -0.029565440268314314 2.6686613151519185 0.9877526433661608 0.1472185640141346 -0.05168568402825632 1.4260101256012137 0.05546283201510953 -0.02166562846162291 0.9982256632684163 0.006910835558000367
954 0.14241793328625477 -0.9893689459310875 -0.029431634433634196 2.670057157569708 0.988325886761643 0.14376784393395722 -0.050425674093143934 1.4367481797072477 0.05412091865119241 -0.021906525911908326 0.9982940600276572 0.00748300506956731
955 0.13908183798139362 -0.9898468504797837 -0.029316461896703328 2.671935999705697 0.9888703566937097 0.14040238341913797 -0.04921979664868218 1.449489875534434 0.05283616181806483 -0.022144600350768262 0.9983576296494124 0.007519025529092909
956 0.13422923865345837 -0.9905262852460464 -0.02898602641554667 2.6737044794138907 0.9895426837016904 0.1355397434324389 -0.04933817064732409 1.4646491641140147 0.052799513475187757 -0.022060285286889088 0.998361435147004 0.007739089971221873
957 0.12857252854576415 -0.9912952920786723 -0.028332822037991152 2.676198893478421 0.9902878719803707 0.12986119463317583 -0.0496588434872098 1.4813964904918935 0.052905911876070924 -0.02167288697148923 0.9983642874512996 0.008241717024137903
958 0.12493443332841403 -0.9917625303607208 -0.028257224583947693 2.6776674220085197 0.9907925275990062 0.12620851259966923 -0.049005903745318824 1.49237848555176 0.05216852138577745 -0.021874522154494817 0.9983986932371731 0.008607797082295454
959 0.12124101757692074 -0.9922258289360237 -0.028080599139521076 2.679189556697113 0.9913360700750656 0.12247547478930451 -0.04746108134967834 1.5079519874602827 0.05053129549690633 -0.022083080998291177 0.998478305076231 0.008751967059823154
960 0.11779984602264144 -0.992642879569271 -0.027987674361814763 2.6804166463999928 0.9917653518098685 0.11902828189991607 -0.04726261797499022 1.5196475208489322 0.05024622599706908 -0.022189676590509105 0.9984903279580067 0.009143904519921519
961 0.11307167724671882 -0.9931954696731458 -0.027884670067158484 2.682464068910816 0.992316427368036 0.11430136678259961 -0.04736354639063696 1.5366181106833716 0.050228515603304616 -0.022314940548491695 0.9984884273982132 0.00925628860793923
962 0.10964159477397133 -0.9935903125778854 -0.027513841010154385 2.6839749051303343 0.9927029573989983 0.11085760845665149 -0.0474492257010792 1.548372144098286 0.05019520961006747 -0.022110662564160753 0.9984946467224715 0.00944161710358142
963 0.10729656479925237 -0.9938635433009266 -0.026883163493968604 2.6850766648567572 0.9930353257978021 0.10845227771467678 -0.04603200165996026 1.5647339442902661 0.04866506858770434 -0.0217568553694049 0.9985781643635777 0.009601108855474192
964 0.10579497171051938 -0.9940316990161692 -0.02661588457501189 2.68670533134218 0.9931909823946552 0.10694267491262407 -0.04620537602051968 1.5741154553223753 0.048775982320801985 -0.021546360100108675 0.9985773169439381 0.009874187089365655
965 0.10264549569125334 -0.9943281971663276 -0.027844901408330715 2.688269520573865 0.9933720881740129 0.10392214183379277 -0.04911296034776651 1.5890463857141206 0.05172810311366641 -0.022619123696966045 0.9984050173106391 0.010875443293095978
966 0.10017230309572585 -0.9945758018518268 -0.02800864264835505 2.689032308249668 0.9935144015918529 0.10150829729996318 -0.05123669983191953 1.6000828618446483 0.05380189144429289 -0.022694491614513417 0.9982937025382744 0.01071080796813632
967 0.09721005318772472 -0.9948864011639321 -0.027409019279396662 2.6904819358961833 0.9937878826976332 0.09852835654931377 -0.05174753288961928 1.6155817251392397 0.054183482389567016 -0.02220837081170308 0.9982839969179733 0.010760435074875393
968 0.09484462576523155 -0.9951025379037807 -0.027846651853671647 2.691631008518052 0.9940465323338816 0.09617676417081904 -0.05120079676688034 1.6293639851870685 0.05362824367384134 -0.022824747304241638 0.9983000763249517 0.011310645417526743
969 0.08984974121429444 -0.9955756534471183 -0.02749804112820942 2.6930071221405307 0.9945670769794827 0.09114756617945242 -0.05028370081252248 1.6445485823289472 0.052567607817761805 -0.02283066888236699 0.9983563527951967 0.011975301910107098
970 0.0861667649527174 -0.9959228492951547 -0.02670143945066942 2.694171391810855 0.9949793656052519 0.08739271280217344 -0.04877064454141032 1.6564762384170661 0.05090531050235318 -0.02236497262122466 0.9984530321263471 0.011801925866781242
971 0.08162298388289926 -0.9963222648898633 -0.02606977149926666 2.6951143063501304 0.9955038057304539 0.08276147551911504 -0.04607288733444363 1.671917087795854 0.04806101621512104 -0.02219195020166291 0.9985978450135949 0.012306332852087869
972 0.07624318479944435 -0.9967776612756247 -0.024925303463210664 2.696190690099879 0.9959693535016647 0.07731821539882773 -0.045463616815663466 1.6839015378448283 0.04724429762469277 -0.0213585474378918 0.9986549898704328 0.012499095518379766
973 0.06824817508671806 -0.9973324411697632 -0.025887996972573137 2.6973227736327074 0.9964293210175459 0.06943330116428671 -0.04803774460169996 1.6999624908386437 0.04970709018154403 -0.022517070842023604 0.9985099832782279 0.012812395616595924
974 0.06296196362412071 -0.9976765357791274 -0.026025393192132477 2.697912547593157 0.9967632409925722 0.06416769448860167 -0.04843086195484808 1.7105067609094016 0.049988324060231765 -0.022891853098082372 0.9984874213120345 0.012767181976783728
975 0.06087486280774309 -0.9978667857321116 -0.023582387728049454 2.69859161661692 0.9970865277657099 0.06188128678091425 -0.04460002795838973 1.724628414160625 0.045964195040209654 -0.02079866051293284 0.9987265434012198 0.013380823920362231
976 0.06019314117857989 -0.9978917888638156 -0.024264448743575813 2.699156892606106 0.9970536628175658 0.06126495956918195 -0.04615840326513959 1.734041300849972 0.04754765207724908 -0.02141453821141506 0.9986393935426814 0.013500570492026284
977 0.0566620275416101 -0.9980752012485863 -0.025205302738532418 2.7000107149133528 0.9971799847570924 0.05781943783986829 -0.04784339669259712 1.7476304946740437 0.049208664217403886 -0.022423319539303335 0.9985367805474156 0.013540693104084319
978 0.05421296740085649 -0.9982338845648047 -0.024291271526120237 2.7003784452999096 0.9973710675479721 0.05530547611083436 -0.04682155411749803 1.7564542513103307 0.048082302185308595 -0.02168907602733354 0.9986078690846496 0.013803867276424978
979 0.052557781359428915 -0.9983632871679782 -0.022548313777355188 2.700961100363467 0.9975997874586403 0.05351014045780618 -0.0439468876058583 1.7708497428976615 0.04508152260824664 -0.020184442121705087 0.9987793773479886 0.013982208178288198
980 0.05193008257187051 -0.9983983418838457 -0.02245033289276543 2.701766323627433 0.9976228771661176 0.052883217258894936 -0.04418099465021236 1.7782838886201133 0.04529747763371577 -0.020102642993887566 0.9987712562264273 0.014094548643733214
981 0.05401857229995299 -0.9982618444251776 -0.023564460767707 2.7019074155389533 0.9974170491596906 0.055061643515085294 -0.046124239397606175 1.7873646960601344 0.04734156623217824 -0.021012029363051528 0.9986577345260728 0.01445209519686309
982 0.05631832337869825 -0.9981239950077436 -0.02401535010473888 2.7018048069507867 0.9972677522886206 0.0573891506570948 -0.04651360695563372 1.7942336543457438 0.0478045677413779 -0.021330165861878612 0.9986289337526858 0.014563079525809808
983 0.055267572504272895 -0.9981882407186902 -0.023785111294515278 2.7027319461142514 0.9973621433566884 0.05631315392614232 -0.04579938529729478 1.800370186415061 0.04705582246961529 -0.021191148732491234 0.9986674545547698 0.015099006993360519
984 0.05053611183605108 -0.9984799684264299 -0.021996682734552766 2.7030796979671865 0.9977453755238542 0.0514483361329413 -0.04309564165506654 1.8082237626159599 0.04416182764613004 -0.01976920230899367 0.998828769919852 0.015064803618482368
985 0.04885687089536714 -0.9985567524557616 -0.022302876273270145 2.7034991881556767 0.9977498114051632 0.049819567641836135 -0.04487008491939634 1.8132308582898384 0.04591644593219442 -0.020060478649064004 0.9987438396251047 0.015122378612205976
986 0.034645590941742486 -0.9991749792643531 -0.021190654529944924 2.704610068876043 0.9984557373546993 0.03552641967436125 -0.042708477486552966 1.8168818049614794 0.04342607019397113 -0.019678270152867706 0.9988628244712673 0.015236309527183748
987 0.023930363041808823 -0.9994709396755568 -0.02202676710277117 2.704162104011244 0.998716559271829 0.024884491883411124 -0.04411344807288727 1.816438839890497 0.04463823430469903 -0.020942846225611114 0.9987836728890064 0.015206146990969883
988 0.026511174261630424 -0.9994008360253724 -0.02225144021126928 2.704478068247029 0.9984297637645263 0.027571114404486407 -0.04876310572973394 1.815447270700949 0.04934738563747646 -0.020923733000317052 0.9985624832365918 0.015057792215402576
989 0.027382635979971745 -0.9993636212832504 -0.02285921481478937 2.7043115883255835 0.9982435380629787 0.02853947487048189 -0.05191663596240079 1.815580340668987 0.05253598730732383 -0.021397449130283446 0.9983897631723563 0.01513222446081724
990 0.026391438717918898 -0.9993793696375576 -0.023331684547246025 2.70388442856589 0.9982231133234433 0.027593881726257485 -0.052812817752247616 1.8153882190059378 0.053423852257752896 -0.021896420544923367 0.9983318279898376 0.015148584976918516
991 0.02689378412194651 -0.9993835673736138 -0.022565673893365827 2.704154786135376 0.9982633231956434 0.028033526475462735 -0.05181176465278009 1.8160493185327193 0.052412421607387204 -0.021133070197541924 0.9984018887231446 0.015315630099633748
992 0.02673436546459655 -0.9993957070566434 -0.02221473428496858 2.7046678032744627 0.9983306416073088 0.02783084238139022 -0.050610021145854694 1.8158911182752826 0.05119769263492122 -0.02082462313099712 0.998471397356939 0.015212838364093494
993 0.026587376109035204 -0.9993969784650926 -0.02233362636952036 2.7043359116839447 0.9983466060458027 0.027685155842579932 -0.05037446122354124 1.815592154269025 0.0509623942657297 -0.020957375339860265 0.9984806571929435 0.014988509421293934
994 0.026392741493923386 -0.9993953187845829 -0.02263669561346634 2.7044783265840437 0.9983741812542603 0.027496690784543955 -0.049929211902730225 1.815830322424739 0.05052145486588365 -0.0212821236667683 0.9984961961918936 0.015057235417268014
995 0.02646846058572813 -0.9993969459129484 -0.022475878024820223 2.704421457925935 0.9983561033465832 0.02757095987908291 -0.050248712248858955 1.8153764745864183 0.050838091089220924 -0.021108923944831333 0.9984838014832024 0.015100636170762276
996 0.02645270667678039 -0.9993877261333775 -0.022900374725184667 2.7043124611174667 0.9983776762090083 0.027567570223939616 -0.04982012364091463 1.815617774633736 0.05042092777023461 -0.021545345785430048 0.9984956324981877 0.01506558801494638
997 0.026453965194320313 -0.9993850160691842 -0.02301689338623958 2.7044144197856954 0.9983989563959699 0.027565437443406768 -0.049393021024682106 1.815819455825501 0.04999711584526255 -0.021673401077094506 0.9985141722039241 0.015119221121831119
998 0.026403854752941647 -0.9993891183122451 -0.022895996434323336 2.70427544844228 0.9983831085656591 0.027516802051254133 -0.04973926152007373 1.8157208064654338 0.050338901318101696 -0.021545667857724805 0.9984997642517724 0.015069267638245062
999 0.026369817921476094 -0.9993793857706663 -0.023355427601921778 2.7042328096936457 0.9983923541335178 0.027502023618010348 -0.049561536538160485 1.8156479184692376 0.050173099465432136 -0.022010951651370025 0.9984979609878863 0.015370200490230674
1000 0.02636391970661199 -0.9993767165430039 -0.023475991346512595 2.7043977261800176 0.9984062496032519 0.02749603463367892 -0.049284164119833065 1.8159611427546631 0.04989894278723978 -0.022139252730509155 0.9985088627536467 0.015187803828563487
1001 0.026087048930427875 -0.9993805436501554 -0.02362191464533588 2.704186180573438 0.9984529981497677 0.027208974145426494 -0.04849002177391899 1.8159163958485016 0.04910271238681481 -0.02232040992918031 0.9985443019400383 0.015028642264563796
1002 0.025840824064557254 -0.9993933801905096 -0.02334787877134734 2.7043705603566823 0.998483784853427 0.02693878891229504 -0.0480045105967642 1.8162747738406684 0.04860435368800365 -0.02207200225170978 0.9985742053138795 0.014912012394661035
1003 0.025580050341778862 -0.9994023753354524 -0.02324979993201881 2.704201717339516 0.998489060690639 0.026674318873036767 -0.0480424436664479 1.816453848267356 0.04863390489459566 -0.02198574276839891 0.998574669421353 0.014780685669753251
1004 0.02565443377525381 -0.9993865934722538 -0.023838767071409337 2.7040053841726874 0.9984654862439347 0.026786912148225945 -0.04846786684911142 1.816352730733899 0.04907670330192253 -0.022558770476011198 0.9985402240607448 0.015046801993562902
1005 0.025618261748417376 -0.9993985894286247 -0.023370154291191828 2.704280600635944 0.9984794965870947 0.026722156324413826 -0.04821432626732655 1.8161061687221027 0.04880983057733904 -0.022099452661836216 0.9985635756579729 0.01474046031648798
1006 0.0253883369802671 -0.9993970516225025 -0.023684711374063635 2.7040410149356817 0.9984706110501653 0.026514489529496935 -0.04851206772967152 1.8160964910852277 0.04911080548881128 -0.022416847515215842 0.9985417436103247 0.01496947942389438
1007 0.029108078788345752 -0.9993295066841058 -0.02220938583520924 2.7039895197088817 0.9985585782764376 0.03007362807025341 -0.044456075465159624 1.8145941888299102 0.04509418477314883 -0.02088334179638758 0.9987644369595838 0.014955779399284214
1008 0.041274877912422826 -0.9988946538371669 -0.022491220255722023 2.7041209919648215 0.9980771284211251 0.042262039767147215 -0.04534275815979822 1.8108982651024714 0.046243163560468675 -0.02057645572044597 0.9987182682291627 0.014845209858352032
1009 0.0506709605007527 -0.9984733405137095 -0.02198731556308195 2.704349978001811 0.9977357610606771 0.05158386881490948 -0.04315617660409793 1.804809838647122 0.04422448261984868 -0.01975076610719064 0.9988263624747542 0.014657672838425681
1010 0.05964720571174191 -0.9979677022349711 -0.022420440359976035 2.70418682895377 0.9972280953559344 0.060573720486947875 -0.04320821936016073 1.7974648119709447 0.044478496879834635 -0.01978104348889874 0.9988144840932904 0.014664764464588309
1011 0.06492891301567771 -0.9976255005719394 -0.022969476742550583 2.7034493291761 0.9968656031390276 0.06588773915868863 -0.04379240924238437 1.7893232470773761 0.04520183108355066 -0.020054087756745387 0.9987765656192205 0.014374992840647055
1012 0.066481875391878 -0.9975143250521797 -0.02335233518570005 2.70328597038849 0.9967204699870617 0.06747472994618663 -0.044670633847385205 1.7824530677657067 0.04613528968266437 -0.02030596298822065 0.9987287934738119 0.014335081291930542
1013 0.06601913694171804 -0.997530940249472 -0.023947793252243714 2.7025642565113865 0.9967248205905961 0.06705110232053003 -0.04520820385419473 1.775849130261019 0.046702308032988124 -0.020884753331850456 0.9986905033602285 0.01440549242321038
1014 0.06303572874876515 -0.9977313588126422 -0.023635408651122482 2.7021642722693873 0.9969072132695622 0.06406198993955191 -0.04551999094518003 1.767494393604843 0.04693085373046996 -0.02069292357094193 0.9986837827273496 0.013616224108645079
1015 0.05958852228906535 -0.9979426347213658 -0.02365810256565843 2.701663431375504 0.9971245557347089 0.060617777690720076 -0.04547642662720435 1.7610847194036723 0.04681696660740203 -0.02088020194853856 0.9986852300924557 0.01354500741679597
1016 0.05355477951256884 -0.9982872653703784 -0.023546154453257726 2.7009301316200247 0.9974918565722747 0.05457521637708632 -0.04507262838169861 1.7510254367869824 0.04628046740483809 -0.021073242646533392 0.9987061814070837 0.013769016870352757
1017 0.049088985178346055 -0.9985277373602768 -0.02307876200164189 2.7004498996612214 0.9977518107145151 0.050080151182471506 -0.044534286499070756 1.743060197504045 0.04562450822311478 -0.020840733646447167 0.9987412417993546 0.013473051119201718
1018 0.04417408711811398 -0.9987606207207547 -0.02293191061047297 2.6997046289404465 0.9979780969833545 0.04516622645731484 -0.04471833997060151 1.7313754693433236 0.0456986648540504 -0.020910152665452653 0.9987364004306017 0.013251648218738182
1019 0.03974705598456286 -0.9989526398231234 -0.022667045045215044 2.69945145410959 0.9981505649347512 0.04073894519233151 -0.04511970817093873 1.722296961483807 0.045995883091171585 -0.02083174825136052 0.9987243949174892 0.013154442526161212
1020 0.03509696856906461 -0.9991170018226365 -0.02309587552062237 2.6989565424402238 0.9983487768696008 0.03610281906099556 -0.04468004229314408 1.7123449221824378 0.04547441611219669 -0.02148960503700007 0.9987343362252384 0.013201210072300854
1021 0.031516846493425774 -0.9992227814234456 -0.023675334642295143 2.69878514142693 0.9984171786577417 0.032577694010862 -0.04584573278380891 1.699023585481315 0.04658138843629897 -0.022192947894654282 0.9986679364611348 0.012833256641544664
1022 0.0316330331099531 -0.9991888403200094 -0.024920124322295897 2.6980208077949817 0.9983161162989084 0.032798683996560864 -0.04784535782978082 1.6881972365466338 0.048623894887035765 -0.023364667943304395 0.9985438443746504 0.012506867046563034
1023 0.02953056397254758 -0.999222012533148 -0.026140303366395154 2.6971964123996353 0.9983299640410592 0.030783049331244493 -0.0488844225824675 1.673487669998972 0.049651069362625554 -0.02465306355113968 0.9984623166489123 0.012059420988825648
1024 0.025477200870697946 -0.9993460581891324 -0.02565868697492758 2.69712492888362 0.9985004115987105 0.026682958813154734 -0.04780112704844573 1.6602590460717062 0.04845451758141996 -0.024402370589514666 0.9985272575325764 0.012212373347890715
1025 0.020628917104420497 -0.9994499402084541 -0.025966609241863572 2.696107427774026 0.9986197047242718 0.021852663656506288 -0.047761348687013594 1.644789855659009 0.04830251666799364 -0.02494550275052445 0.998521200964245 0.01147211583315747
1026 0.017487338622037357 -0.9995061974633958 -0.02610659341110696 2.6961824934501806 0.9986506573761497 0.018737420315762594 -0.048433186994521864 1.6309498667234936 0.04889844077759665 -0.025224399130961507 0.9984851887628098 0.011376989732522965
1027 0.01491574285810407 -0.9995517380849634 -0.02595849582184052 2.695900899125811 0.9986897749002264 0.0161638271698099 -0.04855372489314491 1.6187327235521007 0.04895154874751603 -0.025200269474358935 0.9984831957989415 0.011046281076996513
1028 0.01222128024947883 -0.999609308869716 -0.025137023077674472 2.695792255026403 0.9987751144547221 0.013408788276279535 -0.04762851186393491 1.6018843859105723 0.04794696084772922 -0.024524151710178414 0.9985487744366885 0.010544578157172451
1029 0.010663546367037903 -0.9996307748349001 -0.024992054357395543 2.696047686250866 0.9988084213697528 0.011838470081946504 -0.04734541189188928 1.58854147580818 0.04762379846243146 -0.0244574043643502 0.9985658762399446 0.010358571492202175
1030 0.010340909439931496 -0.9996302356006562 -0.02514871100149737 2.6958020067679778 0.9988267850307462 0.011515943985506424 -0.04703654471556573 1.5715166942298706 0.04730876342286945 -0.024632805508547184 0.9985765397780847 0.010033529268186231
1031 0.010751554716398264 -0.9996302192658016 -0.02497656503043498 2.695715537521458 0.9988452708472234 0.011906058630088605 -0.046544287234473396 1.5578798073724152 0.04682444850138089 -0.024447300412429793 0.9986039257505488 0.010005326935174539
1032 0.0108530426217596 -0.9996381013567042 -0.024614584740397013 2.6951828482998317 0.9988712986123208 0.011976512545961403 -0.04596402893381836 1.539683052399014 0.04624219149695082 -0.024087952659280255 0.9986397900457219 0.009738235561160656
1033 0.010404558783166842 -0.9996326796428621 -0.025025006405506794 2.6956816738174587 0.9988281921911839 0.011572610994034161 -0.046992735178098 1.524767248360106 0.04726507845413085 -0.02450674323171808 0.9985817101738392 0.009344176265352767
1034 0.010277754559972398 -0.9996135013075573 -0.02583052003276028 2.695309398360928 0.9987642180523064 0.011518315493708272 -0.04834630437280181 1.5105579086414138 0.04862514266803943 -0.025301707692740562 0.9984965794075636 0.009174006068380636
1035 0.010391821245823763 -0.9995971674850977 -0.026410467732585458 2.6948832184225084 0.9987114627603428 0.011687404105142836 -0.049384397698667065 1.4945773203585513 0.04967317386669872 -0.025863243028690995 0.9984306027247388 0.00865302343347954
1036 0.00977405491690676 -0.9995975895423526 -0.026629435425099237 2.6953276313014802 0.9986845571431556 0.01109872551125971 -0.050059700525725045 1.4815379231851127 0.05033510877334681 -0.02610511966219993 0.998391155585875 0.008325118183902514
1037 0.009647676877182291 -0.9995646901378491 -0.027881043036934935 2.6949078920096947 0.9986194355457618 0.011070824266267112 -0.05134841575130623 1.4580365121800714 0.051634729407116935 -0.027347158536554922 0.9982915343921758 0.00790165196053224
1038 0.01108234661531619 -0.9995154823643568 -0.02908577153758014 2.6945100684069936 0.9985619403851413 0.01258820630685138 -0.05211130660601283 1.4369133970663652 0.05245219545144601 -0.028466428902192375 0.998217626381267 0.0077708502999911345
1039 0.012250116368857639 -0.9995113011787587 -0.028759232672082052 2.694720159703316 0.99855012737716 0.013735921149185122 -0.052047743318887396 1.4203342229332865 0.052417342201118856 -0.028079944536236707 0.9982304037400849 0.007406643795371864
1040 0.01355631036736252 -0.9995067918407273 -0.028326657272459546 2.694779428134697 0.9985771577214715 0.014994022318315014 -0.051174596935721677 1.4041695972984978 0.0515740877380606 -0.027592614188590898 0.9982879149402315 0.007101635326091943
1041 0.014185732737156322 -0.9995206192445744 -0.02751902416728631 2.694718973720343 0.9986400852933427 0.015543329680350066 -0.049763289169182275 1.3875947683047414 0.05016717087153816 -0.026775671921461675 0.9983818499750268 0.006848555008257438
1042 0.015210987111123848 -0.9995178058191452 -0.027069941289033114 2.6946322673619982 0.9986299955057772 0.016541975976680473 -0.049643681446215886 1.3709186376113223 0.05006753387007891 -0.026277725949669407 0.9984000817158536 0.006504378393152348
1043 0.01625782531605445 -0.9994889156301752 -0.02752436460809526 2.694469609409538 0.9986157781766924 0.0176085040599785 -0.049562769913301684 1.3549383058279838 0.05002210204239403 -0.0266804819266418 0.9983916772445702 0.005902570980404113
1044 0.01664451629224558 -0.9994995454834785 -0.02690016088115203 2.6943189080147567 0.998657391685666 0.017938402445675017 -0.04859658166618192 1.330167987852932 0.04905480719999567 -0.026055177906358494 0.9984561851154784 0.005382776511428691
1045 0.01591129564530215 -0.9995153500830901 -0.026756225776813917 2.6944715715616705 0.998623964069612 0.017223071473079794 -0.04953326352034572 1.3098839133093534 0.04997008161744016 -0.025931269847891545 0.998414022431423 0.0048734482324821965
1046 0.01607026047422406 -0.9994884290693938 -0.027651887525146312 2.6938568991709437 0.9985803709971962 0.017448009841735796 -0.05032702666152512 1.2892424385142944 0.050783751223058095 -0.026803863676691464 0.9983499203705637 0.0045216420859481325
1047 0.016143005691099173 -0.9994795590362816 -0.027928738504002248 2.693623347816862 0.9985518968109381 0.017549053229715998 -0.050854106088464864 1.2691799523109357 0.05131776244684974 -0.02706735668457318 0.9983155039664081 0.004038364313909533
1048 0.017290542023855278 -0.9994183660857286 -0.029393310235839135 2.693351447518799 0.9984370171213339 0.01882125721147153 -0.05262397855267136 1.2534865469644831 0.0531465897142261 -0.028437471883223018 0.9981817220302361 0.003481454353245443
1049 0.01840831075973896 -0.9993726822603238 -0.030255182150087687 2.69270310118423 0.9983352745978775 0.020026699082247235 -0.05408891584282771 1.2333310588804576 0.05466089633426474 -0.02920913000889109 0.9980776588705519 0.0035018975423990427
1050 0.018028041226979426 -0.9993744181417838 -0.03042633880934079 2.6917577584219874 0.9983406224998675 0.01965727051979051 -0.05412571645938058 1.2145149527660315 0.05468995516666259 -0.029400069379606666 0.9980704608018 0.0029228025628009256
1051 0.017901361387802663 -0.9993899632150494 -0.029987375421284348 2.6916250583597803 0.9983586278704328 0.019498701561681972 -0.05385026271200493 1.2017874650775815 0.05440212695454586 -0.028974161965660515 0.9980986456860077 0.0027978371529900595
1052 0.01810784794430556 -0.9994074667275866 -0.029271509906432538 2.6915628375458462 0.9983918950936315 0.019646894362331573 -0.05317540176499813 1.1821827563868 0.05371898783307224 -0.028261546158650286 0.998156077652786 0.0022765133163993464
1053 0.018207943208860274 -0.9994120151955371 -0.029053307664197874 2.69172453732492 0.9983591594480071 0.019751245474839554 -0.053748274838168665 1.1662968260817803 0.05429051067996597 -0.02802699028390842 0.9981317689896299 0.0015917044687689644
1054 0.01831364023345093 -0.9994172686861894 -0.028805097333923398 2.691359498828599 0.9982909350052077 0.01987692507416531 -0.054955590591231285 1.1544248316541033 0.05549612300929811 -0.027749430635786193 0.998073218471314 0.001360755772347359
1055 0.017118894590528195 -0.9994483987076288 -0.028457718956343667 2.691445071615254 0.9981579423052795 0.018739770307226535 -0.057702194254612545 1.1400666299248243 0.05820365676667454 -0.02741750041482781 0.9979281612472286 0.0012681677190588786
1056 0.014852408758242388 -0.999473305950087 -0.02885336457132812 2.6911736968785944 0.9981817148030198 0.016506793387209374 -0.05797232102694317 1.1262431041427234 0.05841806387777692 -0.027939872317549734 0.9979011440760278 0.001166509305651701
1057 0.016296597146726086 -0.9994475557767197 -0.028965568749093402 2.6911626134322786 0.9980754632260684 0.017994076088964216 -0.059342926562392644 1.114995102803204 0.05983135155416426 -0.027942735679555252 0.9978173244106625 0.0007521951375113021
1058 0.020670683050729104 -0.9993568913668038 -0.02930062351751417 2.6912364420585972 0.9980112426549832 0.02237073731198515 -0.058933094663166916 1.107324911676217 0.05955067083314366 -0.028024164366549743 0.9978318314298752 0.0006713158433806601
1059 0.023980336291085983 -0.9993064433096684 -0.02848817002026362 2.6911527616201285 0.9982013941503148 0.025500541551154866 -0.054255866938492 1.0981650638448586 0.054944701183228424 -0.02713585709594686 0.9981205964568608 0.00041841595649740786
1060 0.02346656139268611 -0.999329173869652 -0.02811623639898655 2.691162976814976 0.9983065148203969 0.02492145416871063 -0.05256447078839226 1.093319754587847 0.053229906664463686 -0.0268351145886814 0.9982216455584578 0.0002887394279072117
1061 0.021615616335481466 -0.9993687978088585 -0.028191684879495787 2.6909485037998997 0.9983402356394694 0.02308180536091508 -0.05276366329214197 1.0859845618911914 0.053381073735310126 -0.027004374223171753 0.9982090085443427 0.0002542490473755133
1062 0.021851235682109026 -0.9993520453097007 -0.028600927162602367 2.6903062697066296 0.9983006374575234 0.023356195117198518 -0.053388438846549806 1.0802721722498232 0.054021854392353366 -0.027385720457776975 0.9981641456009122 -4.126541764892534e-05
1063 0.023677525492502155 -0.999324290207609 -0.028112946979155645 2.6909787787867527 0.9982796503792557 0.025142859033072285 -0.052967690894116924 1.077568410522066 0.0536387399694649 -0.02681043903084216 0.9982004237289895 -0.00011776138961522292
1064 0.02684874027071542 -0.9992419123979156 -0.028191233629097024 2.6904653437116486 0.9982797617902508 0.028271987874319227 -0.05136352696439566 1.0729876698053498 0.052121611127420316 -0.026763691996544162 0.9982820455379873 -0.00035275044486993357
1065 0.02798867724071686 -0.999201524284083 -0.028512239707998585 2.6907363025252287 0.9982459615865398 0.029427790790606957 -0.051371249791832364 1.0702277422224138 0.052169283322393435 -0.0270244148153033 0.9982725313669245 -0.0004571967802918607
1066 0.027172486646633374 -0.9992244835177019 -0.028497149108173168 2.6905450532709563 0.9982861037940067 0.028603049906056784 -0.05105605260625749 1.0672515065880075 0.051831563173843666 -0.02706098804543758 0.9982891324586733 -0.0002988674561147069
1067 0.025429104466028574 -0.9992850313317128 -0.02797832734942078 2.6905498663060357 0.998326319397522 0.02683898544618593 -0.05122722771605199 1.0633249289522446 0.051941511774283945 -0.026628838040688566 0.998295038723471 -0.0005880569133233068
1068 0.02452234891902112 -0.9993009653124417 -0.028217638604925325 2.6902931955484015 0.9983786985774585 0.025930541742390973 -0.05067130579720574 1.0596968875311679 0.05136758345253354 -0.02692930986721105 0.9983166750285024 -0.0006642471566287487
1069 0.026015561142113938 -0.9992457154091791 -0.028830380045546968 2.690099106434075 0.9983126453620408 0.027467361184170952 -0.051160592063128583 1.0567711133609197 0.05191389687812391 -0.027450761459371257 0.9982742123312505 -0.0007608952731538818
1070 0.028545153999650387 -0.999171689116383 -0.029001893912256275 2.6902906584829487 0.9982425852700174 0.030001953454318303 -0.051104048194526054 1.0527175657540049 0.05193183162639529 -0.027492152631778215 0.9982721404543308 -0.0008816703891405828
1071 0.03118387498815854 -0.9990839408655097 -0.029306058154510484 2.68991458729133 0.9981424448217168 0.03266300777495082 -0.05142750012736438 1.0490356903870273 0.052337613500854106 -0.027647911799753955 0.9982466464684447 -0.0008473155842879252
1072 0.03165575661250779 -0.9990629747718186 -0.02951415783269409 2.6893553885827153 0.9981510258994719 0.03313227277057017 -0.050958630247045944 1.0447234139646853 0.051888751852753615 -0.027846452923446844 0.9982645603696945 -0.0007325336423592378
1073 0.031563770394738934 -0.9990681277343335 -0.02943814774885705 2.689696000743366 0.9981472153390237 0.03304015906360128 -0.05109289971370352 1.0422719895919768 0.05201792874243993 -0.027770920645323646 0.9982599416262694 -0.0008773664272084758
1074 0.031874574404393195 -0.999054774440479 -0.029556203654020046 2.6895603992327355 0.9981166076265221 0.03336753616203048 -0.05147664626441352 1.0380337913239557 0.05241420691630183 -0.027859741533912005 0.9982367383110329 -0.00114004340444975
1075 0.03301000761923806 -0.9989976896639825 -0.03023169598922986 2.6889549873936707 0.9980278651410325 0.03456368381003755 -0.052399734388611674 1.0340049066986174 0.05339213237458845 -0.028442359376208565 0.9981684789624156 -0.0012951025900323726
1076 0.03349294114102772 -0.9989849766012213 -0.030120415298697842 2.6892731051680765 0.9980573482419948 0.03501555180711023 -0.051530968856828945 1.0317604706614025 0.052533346680681235 -0.028335978114049042 0.9982170704967371 -0.001292179864589297
1077 0.033205157231248214 -0.9990122221513072 -0.029529604199233585 2.689695595283071 0.9980814909843035 0.034690082583246316 -0.051282897008332176 1.02852063459295 0.05225662530623933 -0.027770094729571388 0.9982474978432753 -0.0013257487472078174
1078 0.0324360900501602 -0.9990165440256726 -0.03022986642443718 2.688995443493678 0.9980816695349927 0.033971914052491524 -0.05175799450199982 1.0244621327332748 0.05273405921620666 -0.028493048580632938 0.9982020162172114 -0.0011754938333020314
1079 0.03257977647225068 -0.9990104280291712 -0.030277431413457793 2.688800025805458 0.9980724364593465 0.03412027457845093 -0.0518383877294767 1.0204244818676396 0.052820164187343976 -0.02853018665609524 0.998196402870513 -0.0014620125228598422
1080 0.032851454734424176 -0.9990076259935678 -0.030075656718248817 2.688803132895988 0.9980826698662852 0.03437070980899121 -0.05147463860745224 1.0181250227295515 0.052457278183351004 -0.028326974995217295 0.9982213263863544 -0.0015636232524127904
1081 0.033836887790181056 -0.9989678401508431 -0.03030378472370973 2.688355528308256 0.9980547301151094 0.03536347648898129 -0.051343745723613325 1.0132638169570585 0.05236239794868352 -0.02850752312187213 0.9982211680814238 -0.0014292111291174575
1082 0.033620983242285546 -0.9989689702000463 -0.030506164339116248 2.68837748238938 0.9980548897160747 0.03516225663324785 -0.0514786637711014 1.0107859246564033 0.05249825331360743 -0.028716063193361497 0.9982080550232367 -0.0014586410875279529
1083 0.03279677766961608 -0.9990016781458488 -0.03033180568161298 2.6884423851028414 0.9981055146658833 0.03431780903111119 -0.05106534615365075 1.0073104152190302 0.052055287617256196 -0.02859956371617496 0.9982345976702921 -0.0016637498434108379
1084 0.032080113531732 -0.9990156257634805 -0.030637326821723567 2.68791073868269 0.9981179033757012 0.033624046675682334 -0.05128425143848704 1.0027904991313175 0.05226391945012394 -0.028934459803657202 0.9982140450618752 -0.00149472384705459
1085 0.03136009525801657 -0.9990386554967143 -0.030631833907633757 2.6880924524791316 0.9981273054029475 0.03291245006102999 -0.05156212601861926 1.0006280712142859 0.05252072575638749 -0.028957476654529715 0.9981998987734333 -0.0018638854633773688
1086 0.030890563246943087 -0.9990670036917566 -0.030181041009594567 2.6882979617489133 0.9981649358048273 0.0324079224761318 -0.05115161279358928 0.9972855224497813 0.05208199336545157 -0.028545554731407203 0.998234750582817 -0.0017635504923523382
1087 0.031402754947359605 -0.9990513512442518 -0.030170590948216565 2.687735202721802 0.9981856493149491 0.032898466060922955 -0.050429162529314196 0.9930957123725224 0.051373889128933 -0.028532236283527412 0.9982718242081939 -0.0018388697127871638
1088 0.03249295287750627 -0.9990146904343612 -0.030230056373247133 2.6880214187196034 0.9981371481273956 0.033997368994993164 -0.05065977132594067 0.9900116796313562 0.051637598150349434 -0.0285276566932368 0.9982583489556992 -0.0018437908476311945
1089 0.03346320525029357 -0.9989769532206871 -0.030418100330162883 2.6878315917913853 0.9980810580711177 0.03498878713814826 -0.051088024968070384 0.9864504761761647 0.05210005196614442 -0.028650160696789946 0.9982308114247113 -0.0019452345053071925
1090 0.03317811273893573 -0.9989858284570414 -0.030438912222949893 2.688001585931001 0.9979984557382104 0.03475508598556512 -0.052831490074969324 0.9833120557720076 0.05383581689229373 -0.028625138259336075 0.9981394222647837 -0.0020746424087908586
1091 0.03428076072050882 -0.9989159871744119 -0.03149095127048511 2.687678776689788 0.9976703732393878 0.036063546365750196 -0.057907227398261395 0.981481126424074 0.05898013060231138 -0.029432485301855642 0.9978251715624866 -0.002038152817616642
1092 0.03408902587950787 -0.998984394754885 -0.029463831232040955 2.6880491671133417 0.9981855442542734 0.03549627834447967 -0.04863777817013411 0.9831842299706297 0.04963423774262614 -0.02775235593491571 0.9983818153306472 -0.0021574964393344808
1093 0.03323852534325747 -0.99903214467638 -0.02880927517873314 2.6883036416305908 0.9982112670972919 0.034616842936718066 -0.04874361932147166 0.9833726674744278 0.04969372870382235 -0.02713757705429639 0.9983957558193544 -0.0021374370522255102
1094 0.03150887164896093 -0.9990552947166786 -0.02992839963955649 2.687933957959517 0.9981551550973458 0.03300704637513756 -0.05095901532793149 0.983575569388694 0.05189872215190726 -0.02826752531068982 0.9982522074362102 -0.0020673228851468602
1095 0.0302717795750723 -0.9990788597804652 -0.03041465601264754 2.6877967521329533 0.9981655986039659 0.03181225227755425 -0.05151134213416734 0.983635347280717 0.05243145167515103 -0.028799523330957904 0.9982091616141107 -0.0021008504922920383
1096 0.030584608282119084 -0.9991049089350152 -0.02922263980808618 2.688018294608625 0.9982310145986315 0.032023034729853704 -0.05009357983576028 0.9842718121690351 0.05098453913047918 -0.027638852868466894 0.9983169189099298 -0.002242673375176574
1097 0.030479370864289625 -0.9990944124339354 -0.02968775831782906 2.6878656518849664 0.9982229803056115 0.031947478236650145 -0.05030149325950839 0.9839404680994909 0.051204389865342696 -0.028101844719325402 0.9982927410244955 -0.0021720534419322774
1098 0.03030731179814606 -0.9990947530492198 -0.029851989567074223 2.6879812454851786 0.9981871454606037 0.03180647021880525 -0.05109570519050762 0.9842562823692937 0.05199893737656246 -0.028249298783763442 0.9982475082006543 -0.0023360452674211895
1099 0.030608585526872442 -0.9990776664697059 -0.03011529266402647 2.6882204382022388 0.9981661184136557 0.03212716251448366 -0.05130541374486001 0.9844517724390215 0.05222561194307709 -0.028489678639107906 0.9982288433357938 -0.002120320603663291
1100 0.03072817390049442 -0.999086876343059 -0.02968489257228195 2.687893014718768 0.9981824590100599 0.03221364750050369 -0.05093190984638532 0.9840362199221315 0.05184166137948013 -0.028065894480831396 0.9982608615544726 -0.002021545429173623
1101 0.03047297152838964 -0.9990942357360997 -0.029700271468801383 2.688261272889432 0.9982176835745025 0.03194473175726631 -0.050408236545963256 0.9847560726363542 0.05131134577125564 -0.02811124743031194 0.9982869845702608 -0.0020288160153306666
1102 0.02804371492160839 -0.9991583114811526 -0.029936911163682585 2.68833021428351 0.9982039441116839 0.029577848041928867 -0.05209641893130121 0.9850832046506494 0.05293803938262086 -0.028422165677910383 0.9981932400511658 -0.001985292847433621
1103 0.009337637207677827 -0.9995170223317418 -0.029640016878761995 2.688347202894778 0.9985791513544942 0.010875852942649845 -0.05216698479828132 0.9853375826668269 0.05246414977401191 -0.02911078652356481 0.9981984146935861 -0.001996615925913219
1104 -0.025832565891539892 -0.9992927458792387 -0.02732556627523193 2.6880262997655073 0.9984474565783967 -0.02444203057365279 -0.0500526082668498 0.9859638283787379 0.04934931602761761 -0.028576129447716134 0.9983727008649955 -0.001990484661631806
1105 -0.05958437123815112 -0.9978583977141491 -0.02698741956523018 2.6873614828835874 0.9970135871906509 -0.05815983599211861 -0.050806893581442344 0.9865014637036849 0.04912850152690118 -0.029934120798669535 0.9983437978720616 -0.002000686808534117
1106 -0.10750617857808321 -0.9938755851707527 -0.0255683939426394 2.6870968336194805 0.9930431827982871 -0.10610247649785838 -0.051063701182211325 0.986729108730808 0.04803809597545183 -0.03088018267810411 0.9983680461891982 -0.002131166360248893
1107 -0.1527656766440161 -0.9879670324650102 -0.02416176320613535 2.686654939917846 0.987189471321821 -0.15141523739769494 -0.050302818965722106 0.9865897916100559 0.04603906766610451 -0.031536782422146054 0.9984417036573131 -0.0020749405413323877
1108 -0.18534611137426374 -0.9823997572243153 -0.023184822695855384 2.686184742616731 0.9816162466785882 -0.18400114683292507 -0.05072595214850124 0.9871087790234839 0.04556712911038097 -0.03216045661189565 0.998443459477956 -0.001649655604915437
1109 -0.2310629748805821 -0.9726911535234201 -0.021950432683538176 2.686249025980721 0.971936692620389 -0.22974252965738612 -0.05057109456105108 0.9876897025783388 0.04414710837247484 -0.033019538496405355 0.9984792150559259 -0.0022640650942248445
1110 -0.2651088139917464 -0.9639917738477224 -0.020908770820792722 2.6856158780318715 0.9632514733712395 -0.2638097214164888 -0.0505077215395669 0.9863695413201291 0.04317309107421553 -0.03353044645443001 0.9985047788403998 -0.001806172552927349
1111 -0.30879637340247434 -0.9509368477371216 -0.019076461620554715 2.6856504654849775 0.9502013092443026 -0.30754816954010755 -0.05031496121970654 0.9859267708015153 0.04197941976351618 -0.03366355636092838 0.9985511971292986 -0.0018255995256665457
1112 -0.35090106000008603 -0.9362347978469236 -0.01824416044363373 2.685004730404612 0.9355209043640528 -0.34965037729242915 -0.05045048223647736 0.9861258895782848 0.04085441945579659 -0.03477092117202851 0.9985599128005228 -0.0018674601594234732
1113 -0.38333569797601214 -0.9234354340151967 -0.017909267497593032 2.6848009772936945 0.9227849189308717 -0.3821026510444174 -0.04965438006299935 0.9862774645962269 0.039009435415764494 -0.03556069839456539 0.9986058785520667 -0.0019232877187129096
1114 -0.4248760298785966 -0.9051007608588441 -0.016521862080150242 2.683767376527281 0.904461684895354 -0.42367234933663656 -0.04950556498458038 0.9856594241845019 0.03780766841129661 -0.0359771191214398 0.9986371849220339 -0.002113628761134296
1115 -0.4644871407270986 -0.885432386012959 -0.016161246822512538 2.6835111366679194 0.8848659315932307 -0.463302754639353 -0.0486090593288883 0.9824470983730855 0.035552485211557225 -0.03687881970697204 0.9986871249053676 -0.0018526779992505214
1116 -0.5036091644294575 -0.8638162866506764 -0.014114971446314194 2.6839947648971356 0.8632361179495885 -0.5024811460576103 -0.04833324450782058 0.9845933109661299 0.034658536763391305 -0.03652561803715547 0.9987315280179367 -0.0022628007758451803
1117 -0.5324995791657463 -0.846326084942489 -0.013279914655096236 2.6830402100760855 0.8457712992712186 -0.531400550013328 -0.0477950287575015 0.9844740044463111 0.03339322561651231 -0.0366826033719478 0.9987688817206255 -0.0020062294003446238
1118 -0.5702211491379988 -0.8213978737764852 -0.012384426945301074 2.6824108525374 0.8208850203714577 -0.5691565553582666 -0.04699573196953849 0.9873952816173447 0.031553516535415285 -0.03696415085385159 0.9988183153839112 -0.0019264524646535814
1119 -0.6060425196372957 -0.7953533060611647 -0.011206378964028419 2.6830149533152805 0.7948712862691303 -0.6050260012062721 -0.046077935389127064 0.9833765772920093 0.029868087595768644 -0.03683281692401305 0.9988749876443899 -0.0014451603039544504
1120 -0.6319249048597753 -0.7749459075984023 -0.01139100145672487 2.6829971048458963 0.7745068105483274 -0.6308906594479637 -0.04600191556052761 0.9835592654626598 0.028462519784421377 -0.03789216432144029 0.9988764031901578 -0.0016416659571691797
1121 -0.6655976196811009 -0.7462800726935785 -0.0067721321830902905 2.6826513105861287 0.7457742441373463 -0.6647476845977132 -0.04394647430311748 0.9876425445804895 0.02829461884920982 -0.03430115044972107 0.9990109336845122 -0.0014290883771317826
1122 -0.697613588158413 -0.7164187295087342 -0.008915471069460288 2.678525091285987 0.7160090975440969 -0.696658456625264 -0.044698624653471034 0.9957678677950461 0.0258118935694171 -0.03756592632490944 0.998960733627586 -0.0027957912948092887
1123 -0.7285398968462538 -0.6850033458492794 -0.00018675556424273281 2.6812961061525655 0.6844269233716122 -0.7279156022724157 -0.041214833902614476 0.9944437591709085 0.028096356833070213 -0.030154471375867176 0.9991502902914133 -0.0023393664357091635
1124 -0.7498587916785894 -0.6615619759371589 -0.00689525463778616 2.6856638965098822 0.6612050589872949 -0.7490137257483503 -0.042264744290845965 0.9684419704863471 0.022796107379001285 -0.03625176733433971 0.9990826526636457 0.000206317337178163
1125 -0.7714474597337432 -0.633742972406001 -0.05690924173945754 2.7444994496534787 0.6362346486887906 -0.7694967720868714 -0.055499455450666126 0.8157605733327971 -0.008619087956805216 -0.07902254534928993 0.9968355675076098 0.027058084870980877
1126 -0.7714474597337432 -0.633742972406001 -0.05690924173945754 2.7444994496534787 0.6362346486887906 -0.7694967720868714 -0.055499455450666126 0.8157605733327971 -0.008619087956805216 -0.07902254534928993 0.9968355675076098 0.027058084870980877
1127 -0.8542110964525537 -0.5199139992700402 -0.0035827447233011925 2.8743719722114274 0.5196491964971235 -0.8535105233847223 -0.03852919740051325 1.0532559194157698 0.01697395878545421 -0.03477383837412723 0.9992510519827275 0.022053270718978238
1128 -0.871708520485866 -0.49001441462296247 -0.003182573542020335 2.872436084272122 0.489758439301343 -0.871002311385734 -0.03862181629601325 1.053960044493207 0.01615321779278149 -0.03522565859289968 0.9992488311382877 0.02171337260314039
1129 -0.8936115609223227 -0.4488369530874803 -0.001941063617698102 2.868160837152519 0.44858235702096977 -0.8929411349982216 -0.03781531962535435 1.056688871538286 0.015239657290459202 -0.03466293368984201 0.9992828597913683 0.02098736302441316
1130 -0.9132347447789139 -0.4074327633737917 -0.0009188351470476913 2.8698641455878025 0.40717267877766583 -0.9125664131822845 -0.037854341754215405 1.0538648645150819 0.014584600972072334 -0.034944024698340424 0.9992828451206575 0.02073218887597819
1131 -0.9271699706622116 -0.3746409422048537 -9.963070681110413e-05 2.86845811927714 0.37438339169406193 -0.9265226537821463 -0.03732087958036355 1.0545386088053128 0.013889619382853966 -0.03464009890772553 0.9993033283348414 0.020309482810828266
1132 -0.9435786003921337 -0.3311484172575675 0.00038811079259170315 2.867674470924648 0.33091462668646265 -0.9429551931785991 -0.03648305775715234 1.0547286441630592 0.01244727792070528 -0.034296201038364345 0.999334196286198 0.020040970158803184
1133 -0.957798637529222 -0.28743930891255826 0.0006431469210802362 2.867107753102905 0.2872346581471244 -0.9571964792040688 -0.03565320965630703 1.052860840963184 0.010863751912052029 -0.033963861546030864 0.9993640152635328 0.02074005223928779
1134 -0.970177803697875 -0.24238596429180104 0.002018297522771649 2.864088018728209 0.24217021378451203 -0.9696050387666338 -0.03492357878168513 1.053928274367947 0.01042193676671058 -0.03339330941651433 0.9993879477559986 0.020388116531840604
1135 -0.9779923235575533 -0.20862408557221293 0.002646881335126061 2.8574439724493046 0.20840593221477988 -0.977414303960101 -0.03504633835238815 1.053040623664397 0.009898609969157127 -0.033723424105868205 0.9993821832448145 0.020263726870098545
1136 -0.9868474109169686 -0.16162800622512744 0.002928338907443362 2.848635592010801 0.16144158537424413 -0.9863152236577543 -0.03344987433312852 1.0548719058883884 0.008294701741099388 -0.03253716620562118 0.9994361063807393 0.0190796429523498
1137 -0.9934324363311315 -0.11439128744796764 0.0025744513668204383 2.90561302802221 0.1142533428679461 -0.9929470060179387 -0.03166096781848163 1.040778040134839 0.0061780326470971154 -0.031158892721437216 0.9994953503227932 0.022810820476879046
1138 -0.9973857461695119 -0.07215312671656057 0.0039496382870591136 2.868894217935386 0.07199978243516822 -0.9969372698146884 -0.030530499259156612 1.048372916741366 0.006140412592770852 -0.03016631168691916 0.9995260321638381 0.021958242731064635
1139 -0.9988299326582694 -0.04819249672162342 0.004030990612053547 2.865517321028975 0.04804778692744261 -0.9983799518514377 -0.030477564097862543 1.0489489620835768 0.005493250121656136 -0.030248223117073078 0.999527322889015 0.020758914236219027
1140 -0.9995576116168634 -0.029513846693724442 0.0036761273797813023 2.8648111993232104 0.02939405565579179 -0.9991406081840079 -0.02922386986328594 1.047698855274528 0.004535476960780454 -0.029102885269937658 0.9995661316374673 0.021756739896095237
1141 -0.9998469235635995 -0.016782128754888846 0.004948696219615253 2.8595300126640817 0.016632897606839732 -0.9994469545175447 -0.028794649196215275 1.0494082388349195 0.005429194876294681 -0.028707930256436753 0.9995730981690567 0.019698461749172416
1142 -0.999963696570447 -0.007340934755697139 0.004326224329181394 2.8640425554773286 0.007212982301997943 -0.9995567343710836 -0.028884384351170547 1.047048247099704 0.0045363450435011885 -0.02885213076909648 0.9995733970665966 0.02173364204374396
1143 -0.9999640149793119 0.007628078211390004 0.0037122996935006662 2.8683295749888185 -0.007729585923072085 -0.9995739919544916 -0.028144059958447827 1.048290161326483 0.003496033133899117 -0.028171741733226813 0.9995969841485957 0.02179521570906936
1144 -0.9998885854258165 0.014830862870106466 0.0016918159987526432 2.86840438758976 -0.01487147482867252 -0.9995179963674482 -0.027250948122496357 1.0481945646988657 0.0012868454618960028 -0.027273071768833985 0.9996271922994138 0.021376091795447246
1145 -0.9999162861452721 0.01264876405700838 0.0027257053093615916 2.869286964848995 -0.012719088276460427 -0.9995396098684272 -0.02754619934791521 1.048207983512146 0.0023760250445136687 -0.027578561835614957 0.9996168153010314 0.021688405889397907
1146 -0.9999737207850371 0.006783491816314661 0.0025577290910674647 2.869742944187083 -0.006851681118079473 -0.9995937062814556 -0.02766725190136374 1.0487222931563571 0.002369009324847106 -0.02768404957209864 0.9996139160666506 0.021795441942320557
1147 -0.9999874852478777 -0.004296249145389943 0.0025635113195796215 2.8717777943081573 0.004222378616927747 -0.9995945862060179 -0.028157321365265445 1.0488057512711275 0.0026834429043030416 -0.02814614486765065 0.9996002169177808 0.021870672651447775
1148 -0.9999426761186493 -0.01053707775578445 0.0019011757297093211 2.8782183402136643 0.01048031723107834 -0.999560372639087 -0.027734895004653877 1.0484249561693022 0.0021925846655838368 -0.02771338020863534 0.9996135058760662 0.021845817351371873
1149 -0.9999019118249798 -0.01396249406172882 0.0011024916711993562 2.88420071726968 0.013926883965529487 -0.999524367952292 -0.02751508263778537 1.0491042294812176 0.0014861464683664969 -0.027497029460603728 0.9996207804659368 0.02173454289173907
1150 -0.9999704068558808 -0.007693195106703189 -1.2664812811175963e-05 2.8939773203804307 0.007690693869297874 -0.9996005212279322 -0.027196529002409833 1.049551153200118 0.0001965684495069328 -0.027195821572790577 0.9996301059141175 0.021804517326465794
1151 -0.999992091965584 -0.003967518955020169 -0.000273495889379279 2.905292023896744 0.003973524340006763 -0.9996164664871562 -0.0274067698304299 1.0470199777574378 -0.00016465411606720552 -0.02740763983840908 0.9996243265184207 0.022803912860340732
1152 -0.9999983935550019 0.0017258454357249823 -0.00048409056094944315 2.9155996085536353 -0.0017120006802917968 -0.9996265360734855 -0.02727374986047717 1.0473942389815836 -0.0005309800474961809 -0.027272877283243693 0.999627884877081 0.02361110927293574
1153 -0.9999876618514081 0.0048297801738889975 -0.0011616227832038882 2.927891398235124 -0.004795464434610489 -0.999598571719835 -0.027923089654716113 1.0443349266087176 -0.0012960188607879794 -0.027917174615307915 0.9996093995643509 0.02492689565367346
1154 -0.9999729609482004 0.007311289077673866 -0.0007889381165696461 2.930173324431043 -0.007286962573583546 -0.9995988916338745 -0.027367060879457686 1.0476589918036514 -0.0009887101611591705 -0.027360571938064397 0.9996251405176743 0.02395568437121904
1155 -0.9999543012672532 0.009442436828802213 -0.0014952471665264618 2.938147496618716 -0.009398395316022632 -0.9995875436007262 -0.027136927691907974 1.0479604658445227 -0.001750869167407844 -0.027121634644780342 0.9996306074697764 0.024121463077521676
1156 -0.9999538885827332 0.009488874667543331 -0.0014771478272184034 2.9462788011019883 -0.009445287085839055 -0.9995867897693255 -0.027148411923712295 1.0484622962423402 -0.0017341453328817407 -0.027133207985955424 0.9996303225509495 0.024986100604198654
1157 -0.999959282053303 0.008678411733978148 -0.0024737431158132527 2.95205091256236 -0.008608003297037906 -0.9995935449118971 -0.027178065599317475 1.0479819999073432 -0.0027086000938972904 -0.027155664976293434 0.9996275473115854 0.024439348633295038
1158 -0.9999634231186965 0.008119400056184624 -0.002688450508851337 2.959974840991919 -0.00804282048805603 -0.9995931432906576 -0.027365323411298926 1.0482725510960669 -0.002909546703591394 -0.027342699748061625 0.9996218841681062 0.024989378299555966
1159 -0.9999627505498647 0.008032970249159681 -0.0031573566473700352 2.968101216958799 -0.007942248127491214 -0.9995828960680724 -0.027766068908579158 1.04841612298082 -0.0033790837070429534 -0.02773995812757056 0.9996094619977497 0.02528350645878088
1160 -0.9999657245643335 0.007409178486594658 -0.0036951008476281987 2.9742186179419043 -0.007306847480136474 -0.9996093195153881 -0.02697810814261055 1.04901047173522 -0.003893542862294569 -0.026950183917981187 0.9996291952070859 0.02564548282752967
1161 -0.999963716139703 0.007814028745658641 -0.003392249767799658 2.9815753024998073 -0.007718005449907889 -0.9995933156032474 -0.02745242783133555 1.0489987163470338 -0.0036053842529832113 -0.027425250349749117 0.9996173552152754 0.025990270604006927
1162 -0.9999762759094404 -0.0016726276347777836 0.006682060718417268 2.9837225529018627 0.0014650267846234803 -0.9995197557927981 -0.030953375841587482 1.048918250831032 0.006730625168937502 -0.030942852102849947 0.9994984935397117 0.02662841194056234
1163 -0.999976980245215 0.0030262730069335678 -0.006072944087757153 2.9820482685709266 -0.0028572603987637724 -0.999613617741383 -0.027648712272202426 1.0487714257942202 -0.006154270162474433 -0.02763072382291732 0.9995992537305156 0.026227927999333055
1164 -0.9999853025944294 0.0021165881899074014 -0.004991457679573738 2.982823700996128 -0.001978858678562633 -0.9996215379035684 -0.027438386936673175 1.0490432366304496 -0.0050476443682153345 -0.02742810627462664 0.9996110344890408 0.026210050044992744
1165 -0.9999853134865415 0.0035291224332133723 -0.004113162365288022 2.9831453175805915 -0.0034142272748775414 -0.999612842762622 -0.027613540814886192 1.0486184106862835 -0.004209021490923603 -0.02759909199731179 0.9996102111614199 0.025766353370380534
1166 -0.9999805060600935 0.00382603495840525 -0.0049344662038453705 2.9832912009060597 -0.0036881336415277473 -0.9996106073708868 -0.027659199215597563 1.0489050866391827 -0.005038369822278405 -0.02764046105757433 0.9996052319502325 0.02600771917398342
1167 -0.9999795985162777 0.0032254891258333817 -0.0055135080686786525 2.9831543929247357 -0.0030759536711527456 -0.9996329050019455 -0.026918279031788065 1.0488880459805294 -0.005598308703736173 -0.026900770564132995 0.9996224324626021 0.025980093685799274
1168 -0.9999799129541267 0.003657170292161716 -0.005176755130715461 2.982725887349997 -0.0035159121281424024 -0.9996282231848449 -0.027038006098723453 1.0487940034992451 -0.005273713125899724 -0.0270192619692628 0.9996210018962456 0.025804379633541943
1169 -0.9999805291136675 0.0036904438388714617 -0.005032098677924698 2.9827279236392585 -0.003554584611887908 -0.9996359607617327 -0.026745296412004283 1.0486332816324138 -0.005128968810686206 -0.02672688863737827 0.9996296149583971 0.025770100989673004
1170 -0.9999817161735203 0.003568375808802574 -0.004882009131784756 2.9831085247254356 -0.0034337813531254337 -0.9996212378289874 -0.027305494440706776 1.0488394940593961 -0.004977596277134996 -0.027288231440027545 0.9996152139497066 0.02590947803498326
1171 -0.9999831381978688 0.003499943606400961 -0.004633973925086095 2.9817881530246977 -0.0033714879285745535 -0.9996176593856554 -0.02744390851325429 1.0482798664135005 -0.004728254301562031 -0.02742782237238828 0.9996126040481564 0.02545138986220923
1172 -0.9999842811404813 0.0037265469314737166 -0.004189310128030552 2.982690808364162 -0.003608242819383706 -0.9996041800793051 -0.027900963279530476 1.0485142312188511 -0.004291626164641392 -0.027885408659896253 0.9996019137281011 0.025618750583459273
1173 -0.9999835910804329 0.003885652205105653 -0.00420942715209551 2.9830526162225652 -0.003767847013400702 -0.9996108006861415 -0.02764146308231471 1.0487231303051008 -0.004315193957986234 -0.027625149037893423 0.999609038695342 0.025771326267076258
1174 -0.9999843533545526 0.003808030043729406 -0.004097798537152737 2.983247667700159 -0.0036931900477013453 -0.9996101075468901 -0.027676582833393536 1.048666603375887 -0.004201594095930042 -0.027661015838512715 0.9996085307810556 0.02566939682452611
1175 -0.9999845285086871 0.0037319494614499356 -0.004124960193416727 2.9832651951538134 -0.0036154657163856505 -0.9996043384788126 -0.027894352517707707 1.048342721693809 -0.004227428419127805 -0.02787900729783361 0.9996023658439582 0.025669949291333975
1176 -0.9999849406429507 0.0037174047410395428 -0.004037250253555697 2.983075300163342 -0.003605436600731808 -0.9996181672725933 -0.027395628951412752 1.0485962322769389 -0.0041375493401565105 -0.027380660340284777 0.9996165165326825 0.025469378009831893
1177 -0.9999836293715639 0.0038657197720361816 -0.004218672650047858 2.9829540857940047 -0.0037475178063284317 -0.9996099253453397 -0.027675860646117243 1.0487356883958712 -0.0043240141749053005 -0.0276595980240264 0.999608047956475 0.0256122902476866
1178 -0.9999854713487184 0.003582873871439086 -0.004027419239540536 2.9824488825144173 -0.0034702539716912686 -0.9996121731308285 -0.0276307920009921 1.0482538612343073 -0.004124854940532683 -0.027616414394830598 0.9996100835962008 0.02542819868612143
1179 -0.9999851795505754 0.0036203517875837664 -0.004066169237137181 2.98262589441389 -0.003507114793748772 -0.9996151369937174 -0.027518685257522848 1.0483125683032788 -0.0041642316412188055 -0.027504016895730128 0.9996130192378843 0.02547402008539792
1180 -0.9999856876918326 0.003716794498440144 -0.0038483567224358852 2.982449151638443 -0.0036081862318104365 -0.9996054796712224 -0.027854371356930332 1.0485387974708904 -0.0039503674422897645 -0.027840087108957887 0.9996045838960017 0.025589694190201802
1181 -0.999989829353972 0.004258206830325772 -0.0014862243779800452 2.981745285732119 -0.004213410082673227 -0.9995721460761496 -0.028944290708768448 1.0485078090109181 -0.001608839267744416 -0.028937734254272342 0.9995799213527881 0.025703061127869388
1182 -0.9999967849668701 -0.0023877626685138136 -0.0008536066426140349 2.9781744283852474 0.00241180461097743 -0.9995656699741663 -0.029370982397156124 1.0481782814784077 -0.0007831049598869943 -0.029372946700826734 0.9995682151549667 0.025365797272830705
1183 -0.9999125798705389 -0.012609851870965878 -0.0039779707626384836 2.97378394737048 0.01271452377629808 -0.999541281857961 -0.02748757441780673 1.0488404587431526 -0.0036295317534268913 -0.027535749454065957 0.9996142300917283 0.025340703067185954
1184 -0.9998096653369728 -0.019369556242902784 -0.002335249130988298 2.9691814015514266 0.01942927163407801 -0.9993889345135973 -0.029056169313628293 1.0485220671022275 -0.0017710170355259803 -0.02909601110687924 0.9995750525275497 0.025150988364068486
1185 -0.9996598069777579 -0.02604974442182308 -0.001296583458225861 2.9621196154800815 0.026076533972291333 -0.999231852503711 -0.029252680539240412 1.0485488713605071 -0.0005335626390048521 -0.029276539384246403 0.9995712078452239 0.02461508345722354
1186 -0.9995335171068801 -0.030531356178874237 -0.0007645053555074418 2.954766468386254 0.030540596891603645 -0.9990932723887381 -0.029663192842828333 1.0488084807968412 0.0001418453486405945 -0.029672703920776953 0.9995596583099926 0.02455539552921169
1187 -0.9995015222044306 -0.031565384153990156 0.0005776098664892573 2.945230330152706 0.031533268886691085 -0.9990406653764965 -0.03038752832174725 1.0488953426197292 0.0015362497495115192 -0.030354166886462825 0.9995380255342285 0.024171706467544293
1188 -0.9995330946060081 -0.030537792791101616 0.001017840096754387 2.93867928294306 0.03049290257513701 -0.9990747076759647 -0.030330040816258324 1.0493463035234991 0.0019431107993237284 -0.030284842657549518 0.9995394202461141 0.024296712279545295
1189 -0.9995982256093155 -0.028228454288350503 0.002557679983976404 2.926316131744027 0.028138172228527915 -0.9991451899299938 -0.030284198910895052 1.0492696896488916 0.0034103697782113013 -0.030200063054745138 0.999538056088242 0.023626317215578826
1190 -0.9997226250162805 -0.02332653214291222 0.003247449619432872 2.913968497127197 0.02322035713600009 -0.9992922434788704 -0.029594376782677605 1.049815691775811 0.003935485396233187 -0.02951076110323093 0.9995567152165409 0.023472333474643427
1191 -0.9998232418948708 -0.01819331286221855 0.004742186617541441 2.9029710765338415 0.018047914647572307 -0.9994139934337669 -0.029085090796836525 1.049669801307671 0.005268561820401401 -0.02899436319186614 0.9995656902669874 0.022909295897883535
1192 -0.9999316037980727 -0.010644360558086353 0.004846164924422773 2.8878701106921065 0.010501173229682472 -0.999533751200481 -0.02867063955964339 1.050211425218268 0.005149086030659781 -0.028617788179173424 0.9995771651615412 0.022421877938041318
1193 -0.9999782604752169 -0.003471030961854178 0.005606292962317786 2.8709942867725706 0.0033141322361600976 -0.9996092042218185 -0.027757077696303967 1.0498961111929845 0.0057004477224362905 -0.02773789427421087 0.9995989766489634 0.022066294572786832
1194 -0.9999730249529879 0.003178593708632072 0.0066216242643428805 2.8571525787673147 -0.003354945663806312 -0.9996353434275946 -0.026794113347641573 1.050042624996525 0.006534042044935306 -0.026815605764698658 0.9996190422264042 0.021758797736372792
1195 -0.9999241215823159 0.011651146483246591 0.0040002328832579245 2.8386210801579668 -0.011753477470741852 -0.9995773417082017 -0.026589353333441833 1.049709060697023 0.003688745701352667 -0.026634352421901826 0.9996384368491019 0.02087307855344341
1196 -0.9998326139154784 0.017648225305976012 0.004825380140397798 2.82038219363736 -0.01777117406739979 -0.9994841874350807 -0.026749662410596 1.0495396703770525 0.004350807079844196 -0.026830937559990446 0.9996305173751362 0.021047674427911174
1197 -0.9997401438139203 0.02197274020883886 0.006069887432034245 2.806000134946996 -0.02213352648565981 -0.9993675717563677 -0.027830981436617944 1.0486158464473005 0.005454525739291863 -0.027958097398028056 0.9995942141379117 0.020433538077322927
1198 -0.9995564735954283 0.028817517278350645 0.007510445427372898 2.7864248565944627 -0.02901773761477128 -0.9991845766305087 -0.028074057897393208 1.047518561094791 0.006695296585860933 -0.028279542446186676 0.9995776310431705 0.01973350427720851
1199 -0.9993228475496106 0.03601151868866523 0.007550952680055834 2.7669330330204027 -0.03620653615650569 -0.9989655099618183 -0.02751357204600232 1.0476265480255926 0.006552335780244559 -0.02776833500429937 0.9995929103725815 0.020205038908997962
1200 -0.9988738059308229 0.04607116801689511 0.011338752275856094 2.734788989240402 -0.046371132352942136 -0.9985376206546833 -0.027790973737250545 1.0463047168422561 0.010041808098576788 -0.02828546648916807 0.9995494457377962 0.018758137540710932
1201 -0.9986843052858847 0.04992970695001913 0.011691139349726785 2.717624623296899 -0.050238720877452556 -0.9983495169493006 -0.027826478963010524 1.0448495819955874 0.010282475381641468 -0.028377215697777076 0.9995443983776957 0.0186792339876873
1202 -0.9985188306025409 0.053186216970929207 0.011461730066916993 2.700431233826049 -0.053480502844716574 -0.9982007254889426 -0.027113602666618337 1.04429661344559 0.009999037313681743 -0.027686421915246565 0.9995666467493758 0.018616449958488365
1203 -0.9984270648738067 0.05480334636712602 0.011831709708609984 2.6856842737156943 -0.05510725890112012 -0.9981125343186054 -0.027102746223297138 1.043055186149056 0.010324056574199799 -0.02771212845196505 0.9995626302505164 0.018280937109124578
1204 -0.9981770955292966 0.058996503752283734 0.01272393433561793 2.668034828161428 -0.059319308310338985 -0.9978821586220499 -0.02669114393779074 1.0422617912809613 0.011122302887133537 -0.027397263515905764 0.999562746570049 0.017651157696995927
1205 -0.9979609915486938 0.06242490746443806 0.013303769158103874 2.649460450997525 -0.06275843838583059 -0.9976813256067929 -0.02633155800288018 1.040810530475547 0.01162917697719929 -0.027112791510330404 0.9995647346613857 0.01751042767463729
1206 -0.9978147929344471 0.06476967061327246 0.01305866646729103 2.6357973230520955 -0.06508982464526737 -0.9975459127960526 -0.02579663916521059 1.0398482894685368 0.011355779539460837 -0.026590254477612298 0.9995819149215006 0.017265111878840965
1207 -0.9977102250135349 0.06654577092029351 0.012081691781726286 2.617471329766129 -0.06683375343116833 -0.9974447292017787 -0.025244040677524903 1.039113271493501 0.01037093563886679 -0.025993702313485807 0.9996083088559482 0.016758558411519648
1208 -0.9976016327567522 0.06825957935111235 0.011472233716079418 2.5979423735144866 -0.06853249868500218 -0.9973262257628823 -0.025371165307718383 1.0377783060588643 0.009709734481183268 -0.026096536777583848 0.9996122707451526 0.01627881140553409
1209 -0.997443921961846 0.07054226135753824 0.011375935261785385 2.579780490116695 -0.07081462954740626 -0.9971598306183885 -0.025642941387309298 1.0360464842386077 0.009534714605252358 -0.026382978668476623 0.9996064363807149 0.01625961928240228
1210 -0.9973532650258552 0.07190725943020466 0.010761541818765626 2.5652067758034693 -0.07216207148285536 -0.9970659999165191 -0.025534824256890767 1.0349966866204294 0.00889382822145509 -0.026243815494305225 0.9996160072590259 0.016065182444697998
1211 -0.9973110932778568 0.07256547241500039 0.010238917761836787 2.5488424142225683 -0.07280580604834304 -0.9970209715155913 -0.025465603557560883 1.0330792824709543 0.008360492180704334 -0.026142581585302513 0.9996232628336067 0.016003172503673675
1212 -0.9972773720881791 0.07269761858424172 0.012365248595517275 2.529722720794051 -0.072997969250065 -0.996996355778508 -0.02587591642910991 1.0319831101099695 0.01044699028471394 -0.026708103974066207 0.9995886841975119 0.015414565277329715
1213 -0.9972539831031254 0.07283027866844906 0.013425486694550669 2.5160257986547205 -0.07316220759023494 -0.9969769340875627 -0.026158827931268162 1.0311526252147045 0.011479745834593397 -0.027069233591993237 0.9995676425477925 0.014898770288982946
1214 -0.9972516560667551 0.07262624510795741 0.01464796893963834 2.499124198868288 -0.07298725253643328 -0.9969982168330253 -0.02583440729156988 1.0291830797109007 0.012727742916797158 -0.026832520462921297 0.9995589129237951 0.015392414135797224
1215 -0.9971846077742863 0.07306306696357398 0.016871462980791695 2.479757356447528 -0.07348277779911126 -0.9969636434680922 -0.02576383064268907 1.0282439558422558 0.014937850720452669 -0.02693105731910133 0.9995256768924897 0.014537473573501965
1216 -0.9969720571753565 0.07591913643607755 0.01682266132577476 2.4509068180193636 -0.0763357246734378 -0.9967512969584332 -0.02568480388108038 1.0262303783804811 0.014818041364744426 -0.02689120180709124 0.9995285333170487 0.013295228731046714
1217 -0.9968533439918762 0.07763426510938844 0.016010354524321577 2.4321277482889747 -0.07802244807585759 -0.9966319758515724 -0.025242866438324935 1.0249269063960584 0.013996719878704572 -0.026412602874949904 0.9995531332757909 0.013026356137605156
1218 -0.9966699113066686 0.0800610782219752 0.01546970099853623 2.4147158878214796 -0.08043110534602652 -0.9964467348744652 -0.024994836480994508 1.0232098351740335 0.013413619490080752 -0.02615584660865427 0.9995678798860925 0.012717008852278984
1219 -0.9965588253296678 0.0816272503988987 0.014404848133659597 2.4012972575075873 -0.0819619953205656 -0.9963362438206483 -0.02441967592540021 1.0219653020499497 0.012358761280880436 -0.02551629365033017 0.9995980090905249 0.012741485846870267
1220 -0.9963219203153708 0.0844206460099338 0.014689643501770381 2.3832012269424028 -0.0847546787689742 -0.9961167307501704 -0.023834914438541608 1.0203936523710793 0.012620440786273644 -0.024992263740664006 0.9996079787728964 0.012314232072910216
1221 -0.9961175290784995 0.08686489681615918 0.014295382587196027 2.3654062297253806 -0.08718961813349378 -0.9959044792658287 -0.02392151059371341 1.018923674141036 0.012158896001752907 -0.0250750449739464 0.9996116262663213 0.012289113321285556
1222 -0.9958312471190983 0.09002404781833591 0.014690067209873942 2.347804298794811 -0.0903675531218991 -0.9956024276334146 -0.024688285347068864 1.017048501577611 0.012402927195702882 -0.0259128714151902 0.9995872600689347 0.011634342892287427
1223 -0.995626122533148 0.09196758974901871 0.016449515628087677 2.3340502244010892 -0.09235830092880731 -0.9954164369848814 -0.024820580774915103 1.0159995355541052 0.014091429246232218 -0.026231267910953926 0.9995565777912302 0.011761854758630539
1224 -0.9954088473795323 0.093817525499835 0.018960444794214673 2.2980836152218167 -0.09428152844643221 -0.9952247964298806 -0.025270495959069755 1.0127700610350943 0.016499089410959008 -0.02694209496959578 0.9995008271966603 0.010890727575645815
1225 -0.9953144197196212 0.09479078852936992 0.01907648574066891 2.280669015631734 -0.09526352735634093 -0.9951223555361753 -0.025619482189531133 1.0104745411080207 0.01655494650711326 -0.027316733370276278 0.999489734727084 0.010946868101221146
1226 -0.9952392487855749 0.09559101057008383 0.01900516702786159 2.2675284913816864 -0.09606400219752997 -0.9950417045759735 -0.02576264033615722 1.0088095870188591 0.016448256970605625 -0.02746570322164373 0.9994874136217051 0.010953892690711698
1227 -0.9950812024316366 0.09727646299711712 0.018726727226373946 2.249191896799714 -0.09774064905420043 -0.9948797196343724 -0.025712039663293135 1.0069747679445749 0.016129664857439108 -0.027415929818623758 0.9994939723194624 0.010415584896998694
1228 -0.9948751726602447 0.0992627453776049 0.01924313392619276 2.2306286498325125 -0.09973505480125264 -0.9946905196012236 -0.02537102796444736 1.0058907723370183 0.016622564994703465 -0.027160220843383397 0.9994928777814454 0.009833162250532726
1229 -0.9947184556210393 0.10088082127205535 0.018927597486378532 2.218677221668358 -0.10134013347000326 -0.9945346959363347 -0.02511803986301764 1.0045768233634476 0.016290223920725502 -0.026903503075646956 0.9995052926960883 0.009810370945415448
1230 -0.9946212855497565 0.101902955540277 0.018554944997351143 2.201560607021171 -0.1023525642623224 -0.9944301952767175 -0.025150334221585337 1.0026525456653377 0.01588870418707354 -0.026914203955243847 0.9995114680208258 0.009052721113602058
1231 -0.9946702493781793 0.10150120359681777 0.018127345922019818 2.184423637605579 -0.10194089437544157 -0.9944700171799887 -0.025247554011077745 1.0001037687355105 0.015464444890217494 -0.026960908700624023 0.9995168634625652 0.008920319675212566
1232 -0.9947040183931064 0.10116843959938644 0.018134569795388442 2.167527664571198 -0.10160928658596521 -0.9945024855841674 -0.025305316573833198 0.9981800784139249 0.015474775345184271 -0.0270139407822263 0.999515271684594 0.009291666931473725
1233 -0.9946140867490394 0.10184461352622705 0.01924819822643364 2.149279169234105 -0.10231887861056516 -0.9944245041760935 -0.025509852482972016 0.9962763249087061 0.016542838909757298 -0.027341912688532952 0.9994892467108458 0.008698984217182333
1234 -0.9945001116289458 0.10280322998179874 0.020025580501682797 2.131340167672867 -0.10329449237407075 -0.9943297228318748 -0.025271528227679866 0.9943084720840419 0.0173140351809228 -0.027201069816684315 0.9994800278077743 0.008932603607360638
1235 -0.9944873056614697 0.10297588658693994 0.01977285157872775 2.1184140764773813 -0.10346957501629914 -0.9942974508892589 -0.025819105376963483 0.9923265686635285 0.017001350654347658 -0.027722661090445612 0.9994710641819843 0.008924376776791618
1236 -0.9944666191814645 0.10311117472933165 0.020105446531495805 2.1008318029390374 -0.10361548972759406 -0.9942801215519741 -0.025901161651661744 0.9903735454541219 0.017319746615980715 -0.027841076349323122 0.9994623058650208 0.008719701480519482
1237 -0.9943925856363668 0.10377523294548328 0.020349119347983943 2.0826547308732715 -0.10429004914402773 -0.9942038760663265 -0.026119694943412066 0.9887211778718367 0.017520595903498404 -0.028095441647397235 0.999451687115763 0.008451992772269533
1238 -0.9944471004026078 0.10345892482365801 0.019266950322558353 2.0695941496015093 -0.1039502259211615 -0.994228557371306 -0.026531608287735334 0.9868975690601729 0.01641082055655308 -0.028387084769970903 0.9994622846241061 0.008186173428875707
1239 -0.994494174790145 0.1030503423381216 0.019025331843896258 2.052265967787242 -0.10354407073933446 -0.994255595507285 -0.027100483698652058 0.9852355511080318 0.016123328519645527 -0.02892123347843334 0.9994516499218075 0.00809463659759494
1240 -0.9943262385764483 0.10447010828241235 0.020033166312447316 2.0341984143545093 -0.10499113596026693 -0.9941063663192411 -0.027007291876653725 0.9828713160063858 0.01709364346177909 -0.028957363833517543 0.9994344793092497 0.007696060531507184
1241 -0.994185895929332 0.1056855004616096 0.020615026740816333 2.0210726360953326 -0.10622224082990386 -0.9939769634839939 -0.026956105365812038 0.9814089735559298 0.017641992195499258 -0.028989154099022963 0.999424028656806 0.007742168614549957
1242 -0.9940917810361855 0.10675486756194418 0.01961961081365376 2.003114242954909 -0.107269476193795 -0.9938530948345896 -0.027373077367895907 0.9796063977366576 0.016576801677350192 -0.029315936608303086 0.9994327318564654 0.006714516444041305
1243 -0.9941512116203568 0.10663074985545946 0.017124591032894834 1.9844800532535531 -0.10706671875577813 -0.9938862620727954 -0.02695952147724652 0.9770796173672451 0.014145181780638075 -0.02863531471296042 0.9994898361581513 0.00574798241213795
1244 -0.9942798777093933 0.1059663736649695 0.013366092703307072 1.968057388512436 -0.1062966887806111 -0.9939662325151689 -0.027058133217821294 0.9765422801249634 0.010418192552690136 -0.02832412878314614 0.9995444987557006 0.005681571623751165
1245 -0.9944120411926776 0.10498028989026063 0.011127940768050605 1.9546439974135799 -0.10524837490688298 -0.9940758822747612 -0.027127842867857813 0.9747418154777818 0.008214128728450166 -0.028147451281104807 0.999570032101942 0.005031169259151743
1246 -0.994492560221946 0.10439534081941605 0.009282266799597172 1.937836420836889 -0.10460816962036489 -0.994158937507794 -0.026554431295097825 0.9716533662322584 0.006455889593342909 -0.027379185303994965 0.9996042725507396 0.004883529341881389
1247 -0.9943990800129727 0.1054826392100365 0.006624386293622397 1.9215965423878403 -0.10562152997226812 -0.994059850244467 -0.026250838828084454 0.9697239952055554 0.00381602868592782 -0.026803487795942254 0.9996334382997182 0.00523473209229906
1248 -0.9942115262705398 0.10725601716949124 0.006291884522849956 1.9056677510354276 -0.10738475225868611 -0.9938758181443819 -0.026064786414753505 0.968085037438534 0.0034577466986484475 -0.026589563543772298 0.9996404549125192 0.005512178818018485
1249 -0.9939885736866916 0.1092584509372336 0.00702184289847692 1.8840749119891367 -0.10940690404246194 -0.9936491690877554 -0.02629559126298869 0.96699581323548 0.004104232792863047 -0.026905755346142462 0.9996295491837354 0.003836979946529391
1250 -0.9938866439470363 0.11013080871727207 0.007780999642490614 1.8649149275017565 -0.11030121460074631 -0.9935403873415045 -0.026667222926403365 0.9634986596346837 0.0047938545712486146 -0.027362450408635424 0.9996140831669582 0.002933913935615362
1251 -0.9936566594713571 0.11208578838524566 0.009122451979708884 1.8515592081523529 -0.11229460041104508 -0.9933069365901256 -0.027041679683436116 0.963569448438345 0.006030406843808698 -0.02789454720116203 0.9995926812609933 0.002688088207080652
1252 -0.9935187491362477 0.11326775378636877 0.009534729537527518 1.83754740304541 -0.11348679645343569 -0.9931751010937229 -0.026906608816373884 0.9616512507628344 0.006422004828644778 -0.027814286244298474 0.9995924786307616 0.0032748028065766907
1253 -0.9935101201941097 0.11338058631813609 0.009082054727904732 1.8168756471163938 -0.11359069997139452 -0.993146187015961 -0.027528241779928332 0.9595308234538412 0.005898639829630684 -0.028381223752774062 0.9995797677960387 0.0017170590957256188
1254 -0.9936097398981119 0.11251852129629114 0.008903209835358448 1.7992378080728404 -0.11272432311697236 -0.9932427412204081 -0.027605868780407234 0.9573129612629763 0.005736877007961473 -0.02843306840137526 0.9995792359105857 0.00193744805174961
1255 -0.9936454504559566 0.1121463295645466 0.00958746857439635 1.7886472665315372 -0.11237437035665504 -0.9932709458578651 -0.028014799690082696 0.9556911740189343 0.006381197019922728 -0.028914164001712674 0.9995615295939904 0.002080301684478573
1256 -0.993693151312114 0.111692207659823 0.009938399371617798 1.770017565202163 -0.11192830305919177 -0.9933307174385054 -0.027679247946500427 0.9534347001882859 0.006780561068431739 -0.02861706729497089 0.999567450175919 0.0012703805261474463
1257 -0.9935695270956163 0.11268406476719257 0.011040669072536763 1.7500118190334744 -0.1129512533306329 -0.9932155112171588 -0.027657958143028648 0.9518705639774847 0.007849152630438595 -0.028727161802214386 0.9995564721299751 4.9430702472844894e-05
1258 -0.9936453998894146 0.11193997299323412 0.011758474561485564 1.7343499676038607 -0.1122228902720931 -0.9933146315637413 -0.0270567111967771 0.94958975643952 0.008651137305362582 -0.028204346617579985 0.9995647416022518 0.000263730823544145
1259 -0.9938581240628573 0.10998072100444814 0.01225847630266887 1.721945595419543 -0.11027936011645927 -0.9935294324733929 -0.02716117709423708 0.9470741734095881 0.009191951163290173 -0.0283462134364853 0.9995559014973076 -0.00021364283349223768
1260 -0.9941111574276917 0.10770657880277343 0.011928937934214207 1.7034582871161865 -0.1079958166460474 -0.9937827570196097 -0.027069086378950523 0.9453898144668923 0.008939254142237393 -0.028197956184689055 0.9995623867482374 -0.001463818087644584
1261 -0.9943844450207459 0.1053860760615903 0.009661804836780074 1.6880802484546626 -0.10560335470501636 -0.9940752889741155 -0.02573424422188878 0.9431607635145283 0.006892530416211449 -0.02661005116225685 0.9996221277065785 -0.001743690395607332
1262 -0.9946114692706524 0.10330781492309793 0.008690257273994553 1.6758696928952028 -0.1035009909335359 -0.9942918466101189 -0.025908852559647658 0.9415155704739703 0.005964065006557814 -0.026668692151005025 0.9996265356560323 -0.0015243764217609274
1263 -0.9947904069119976 0.1014837510645048 0.009648553487042074 1.6589254635207293 -0.10170357625755816 -0.9944755496761566 -0.025976213591900724 0.9396464524344422 0.006959086937874835 -0.026822180484197752 0.9996159971428086 -0.0017733963674844426
1264 -0.9948361896468009 0.1009407761292641 0.01057901145557381 1.6410430651153187 -0.10118484056011096 -0.9945315333919886 -0.025858405394357093 0.9377888050252658 0.007910992974402299 -0.026795313080692572 0.9996096375018622 -0.002521640315491314
1265 -0.994864064283298 0.10066459855792695 0.010589248996030335 1.6230381226100523 -0.10090986808845805 -0.9945566895554353 -0.025965164811492327 0.9360422979862054 0.007917835534048324 -0.026900369113692327 0.9996067616923925 -0.002831360796136021
1266 -0.9948945807723171 0.10046313930668038 0.009588054540266925 1.604128167496177 -0.10068371096475415 -0.9945715496955649 -0.02627209325022208 0.9339682704521517 0.006896629298575282 -0.02710332411227465 0.9996088466623986 -0.0036723907125461083
1267 -0.9948595869431061 0.10077403195624353 0.00994971109983813 1.5903961002225917 -0.10100021415260355 -0.9945541730022087 -0.025709019924554006 0.932596854276831 0.007304725098228404 -0.026581787894299866 0.9996199525531698 -0.004142213740980652
1268 -0.9950217321033542 0.0989313950807274 0.012013813219403315 1.5566938171436902 -0.09922532359359959 -0.9946984444003523 -0.027006293083350827 0.9290717223451753 0.009278351069542338 -0.028063923025235218 0.9995630687588145 -0.004384898438014573
1269 -0.9952166294389517 0.0969880585228314 0.01171225815288098 1.5450342074345187 -0.09727833054774536 -0.994878087082063 -0.027468495600477247 0.9269189319253825 0.008988152926821341 -0.028476452527358215 0.9995540529450221 -0.004635351132759744
1270 -0.9954509866368256 0.09460400303365021 0.01128786133745307 1.5274027768604068 -0.0948830090150111 -0.9951094123592881 -0.02746765431944519 0.9245337809201093 0.008634107010011133 -0.028413729841970155 0.9995589588175499 -0.004921066121453012
1271 -0.9955120279754811 0.09393141989815877 0.011519136799513349 1.507675014338846 -0.09421651294699883 -0.9951749592222716 -0.02738702657770975 0.9234198413859287 0.008891054201610439 -0.028349407270045306 0.999558532684241 -0.006229938762315201
1272 -0.9955896560769641 0.09311304648865788 0.01145413835280524 1.4915547767815331 -0.09339782446170927 -0.9952482290107472 -0.02752833151826685 0.9218829566600392 0.00883646409748293 -0.028476713711418054 0.9995553980038872 -0.00578296425694472
1273 -0.9956176637877535 0.09289321581662513 0.010785082727366719 1.4766335480799526 -0.09315979782792216 -0.9952679594919128 -0.0276213844318336 0.9205652311675003 0.00816820805409253 -0.028505074365576564 0.999560273877019 -0.006681764696493331
1274 -0.99612170293559 0.08748530757995955 0.00937410781806598 1.4438742361012833 -0.08771177703473496 -0.9957705781915186 -0.02734227089334789 0.9183770795809104 0.006942413782958474 -0.028058449098908245 0.9995821758736594 -0.0062596776968667995
1275 -0.9963946672188776 0.08431782480304803 0.009389971082208171 1.4303228079861325 -0.08454521524014483 -0.9960469127021196 -0.0272516839135475 0.9171530634948489 0.0070550489963246855 -0.027947309650527247 0.9995845007634008 -0.007135037210861223
1276 -0.9967865176830307 0.07969427249060124 0.00809080326170795 1.4133800624723034 -0.07989337639753263 -0.9964007772986611 -0.028329126460536695 0.915230097672581 0.005804013535576605 -0.02888449290318349 0.999565905529004 -0.007718431945617552
1277 -0.9971066552840271 0.07558929048272453 0.008035991036730262 1.3954214929683255 -0.07578727059198254 -0.99672693920381 -0.028137133523379678 0.9133227372351391 0.005882822790281306 -0.028664748923563264 0.9995717705921214 -0.008129656852048379
1278 -0.9972884225919 0.0732036915250137 0.007551272129909091 1.3777422219808815 -0.0733900463930636 -0.9968993272966291 -0.02838366301806488 0.9123034708563608 0.005450069194284889 -0.028860886731148887 0.9995685799197168 -0.00847162382201701
1279 -0.9974165909732529 0.07149814170730769 0.006939724943395052 1.3592332580901463 -0.07166741577319098 -0.997025314676924 -0.028360243484122926 0.9106759954443476 0.004891376737142838 -0.02878432952809183 0.999573677527775 -0.00887506436397417
1280 -0.997551795114135 0.06925462885511667 0.009706309559493522 1.347264103479145 -0.0695118090310311 -0.997151018539474 -0.02929086258089682 0.9098190640896519 0.0076501286470200495 -0.029893855685020447 0.9995238030805962 -0.00999711454670252
1281 -0.9978422317241075 0.06435518742306656 0.013011165936327103 1.3290759393056029 -0.06472145717547513 -0.9974516767054904 -0.030021419329926753 0.9081730749732823 0.011045975211544608 -0.03079874168262075 0.9994645686276821 -0.01057429050194365
1282 -0.9981247217535313 0.0598419250552825 0.012883471150218555 1.312700534982146 -0.060207919842184966 -0.9977291390610548 -0.030192241659303922 0.906666809624833 0.011047452715424042 -0.030911309803296837 0.9994610771384101 -0.010207867416781093
1283 -0.9983687248040466 0.05579888953947927 0.012098481647447434 1.2953836742659366 -0.05614095036648111 -0.9979700680585428 -0.030065544267071413 0.9054744386942342 0.01039629856914251 -0.030695719348895766 0.9994747069282583 -0.010583100113426407
1284 -0.9986425349612266 0.05097277174054843 0.010717458020682063 1.2774188666672672 -0.051268952868736284 -0.9982501503455842 -0.029464076548520606 0.9050683557172576 0.009196838431289118 -0.029973552944248867 0.9995083812989589 -0.01115403744133279
1285 -0.9988880901900736 0.04601882550595629 0.010239676497251611 1.2597250945497056 -0.04629868739446774 -0.9985060922670095 -0.029017499065655337 0.9043117676060644 0.008889028138765657 -0.02945931780589005 0.999526454763585 -0.011843696421661628
1286 -0.999049321870334 0.04240098649769498 0.01012960091469149 1.2309820465525116 -0.04266928358778695 -0.9986988217374639 -0.027928403064259963 0.9027857187684771 0.008932228656616588 -0.028334074955654903 0.9995586003264142 -0.011751045833547406
1287 -0.999177440214109 0.03912062410456612 0.010678002437795542 1.2137668585076533 -0.039400044905575846 -0.9988491712035527 -0.027349033769672508 0.9027415728463888 0.00959580261504113 -0.027747251330419227 0.9995689123893868 -0.012306137901954638
1288 -0.9993521322838228 0.03430681639136175 0.010879248549386279 1.2033565099573382 -0.03459495381357767 -0.9990228173007093 -0.02750635713910064 0.9031595945084533 0.009924961991074996 -0.027864903759768606 0.9995624253979414 -0.011483950929435355
1289 -0.9995967960618884 0.026446027279759726 0.010336969708400447 1.1827518049173835 -0.02672058506376455 -0.9992675665122136 -0.027392350236967233 0.9019625422418653 0.00960497972454404 -0.027657515411898096 0.9995713112152952 -0.013128079725037597
1290 -0.9998087038147627 0.01746817269583287 0.008798790769249568 1.1683294207172608 -0.017707092401736447 -0.9994552647134247 -0.027850183402309884 0.9006308028303691 0.008307505943703499 -0.02800065676932254 0.9995733832820568 -0.012377733468894649
1291 -0.9999189442760034 0.009377914916328783 0.008611596197780442 1.1507066826249572 -0.00961926736611453 -0.9995496038006254 -0.0284263827879157 0.901000358088308 0.008341137368894695 -0.02850691591259851 0.999558793254121 -0.012447237915314161
1292 -0.9999571612176452 0.003235309584993181 0.00867228348233152 1.1371951431029974 -0.0034868249441832883 -0.9995690911333768 -0.029145739016465853 0.9007916261475674 0.008574251030343651 -0.029174729182621525 0.9995375517692803 -0.0130801147699909
1293 -0.9999370250331496 -0.004966046505966277 0.010064012625228809 1.121065810897686 0.004664227245136275 -0.9995451570296322 -0.02979469825501688 0.900849068181335 0.010207396936465309 -0.02974588109245806 0.9995053734747318 -0.013399214776094756
1294 -0.9998416912402033 -0.013782965665389191 0.011252658104385437 1.1031219607150389 0.013433248459623905 -0.9994419260457964 -0.030584053012383722 0.9006711636354969 0.011667917241033433 -0.030428051536812863 0.9994688556365547 -0.013712167630739947
1295 -0.999729689163191 -0.019866572292303528 0.012077578865862783 1.089807640312518 0.019488167925856635 -0.9993392431106255 -0.030680425208650497 0.9012798782059533 0.012679113407606992 -0.030436762071777146 0.9994562739793691 -0.013623655358868442
1296 -0.9994854682295193 -0.029372804532529738 0.01288554036403909 1.0740117279289672 0.02896373005782188 -0.9991039556783142 -0.03086078562285389 0.9015983557200854 0.013780462172614623 -0.030471693455591115 0.9994406309330083 -0.013719126854864616
1297 -0.9991638897864448 -0.03877074908000268 0.01297498990218903 1.0551737250816946 0.03835034156063687 -0.9987766239753922 -0.03121708990793873 0.9015134320849871 0.014169426570433328 -0.030693393685792766 0.9994284081088828 -0.01456018696159643
1298 -0.9984158315412053 -0.05513525570527129 0.01122189404183374 1.0244751739067643 0.05477157196295171 -0.998033614355634 -0.03047916536734571 0.9040265308994843 0.012880304045792074 -0.029816240458127256 0.9994724056086869 -0.015164238289065874
1299 -0.9977639435863224 -0.06610722738329643 0.00984618541322245 1.0064398171014908 0.06578487681521479 -0.9973800918980869 -0.030088241373629518 0.9049882893645735 0.01180943952617722 -0.029373232274220812 0.9994987495555903 -0.015450551465065424
1300 -0.9969823412068616 -0.07714835000655118 0.008622262664606369 0.9885473433556632 0.07685410500922434 -0.9965784933942086 -0.03040975250322848 0.9055439746502859 0.01093882376509334 -0.029655329966350612 0.9995003269330388 -0.016403669433520666
1301 -0.9963744678793461 -0.08478779047148788 0.006996452313338522 0.9754388050251821 0.08454075998136523 -0.9959626015554393 -0.03018867677765143 0.9067083223113953 0.009527836048805126 -0.029487741364371295 0.9995197313953242 -0.01612560686173885
1302 -0.9953076646426641 -0.09653619564416485 0.006589054143309697 0.9582590793444268 0.0962965166405313 -0.9948954777871873 -0.030165695125387734 0.9089301317225571 0.009467501616250786 -0.02938964460589611 0.9995231939294502 -0.016678812937602712
1303 -0.9940077134341968 -0.1091070472534219 0.006657166994568126 0.9412588474842872 0.1088566925828523 -0.9935889035863726 -0.03051739094057334 0.91045226084955 0.009944149669596435 -0.029609844807727607 0.9995120664489928 -0.01678087427203762
1304 -0.9929652571098485 -0.11824720866374702 0.006131542648149845 0.9281934754843032 0.11800108332512985 -0.9925205882643209 -0.03128300186834448 0.9113537979199334 0.009784809965106379 -0.030339405319277764 0.999491759835358 -0.017047802595368613
1305 -0.991402867116185 -0.13070482873569075 0.006050026330209821 0.9128523387990993 0.13044547281961444 -0.9909298356307096 -0.032280636256816805 0.9137359198562569 0.01021438662980275 -0.031213916793073327 0.9994605333393963 -0.017041727840948324
1306 -0.9897053723281697 -0.14297604590826837 0.006412977554036293 0.896491075460019 0.1426934854029474 -0.98922216413359 -0.032834116571511966 0.9164813133974395 0.011038351691831767 -0.03158101144741167 0.9994402405884368 -0.017118100050286113
1307 -0.988010832241047 -0.15425388866111558 0.006350842955266093 0.8838704109033623 0.15396361494601477 -0.987518545300291 -0.033201324672584596 0.9178837987945243 0.011393008635466667 -0.031825469681894356 0.9994285061146408 -0.017333976474787103
1308 -0.9856164898513682 -0.16880791183638535 0.008001489530515955 0.8670176640683425 0.16844608158484953 -0.9851205875308069 -0.03410785277838335 0.9209500857830146 0.01364010747177722 -0.03226944257304405 0.9993861268520444 -0.017821507810904882
1309 -0.9826918054280489 -0.1850018148094802 0.009546939886958528 0.8492629931215449 0.1845710316987112 -0.9822014671197431 -0.034839808352704574 0.9239311577843734 0.015822446136016834 -0.032474705627317677 0.9993473088430798 -0.018354619219197132
1310 -0.9799393525406287 -0.19910275936314165 0.00877248854086804 0.836619838371639 0.19869454733917585 -0.9794523796993011 -0.03454725401778123 0.92622700254789 0.01547068838050759 -0.03211116809437198 0.9993645634526421 -0.0184485768013359
1311 -0.9758350245023065 -0.21841606401216776 0.006358296614882752 0.8207568139477875 0.21807516477090125 -0.9753188581356425 -0.034588256321892524 0.9296791212538392 0.013755997400342623 -0.03236584537319873 0.9993814209737806 -0.018668694337377084
1312 -0.9674259599346398 -0.2530995298246321 0.005257380287571638 0.7890660551763061 0.2527782987331501 -0.9669126053046411 -0.034396880572972646 0.9382288481354017 0.013789261571258885 -0.03194748356237605 0.9993944239184143 -0.01872196279498934
1313 -0.9642118457846162 -0.2650788328648872 0.005359926809119757 0.7763999172053204 0.264739800975645 -0.9636856842774452 -0.03496769506157361 0.9420306010192792 0.014434480530018078 -0.03229727984126361 0.9993740698486668 -0.019378324305304607
1314 -0.9592969732279072 -0.28233121572556386 0.006196917099879158 0.7594464722714824 0.28195274910642826 -0.958783158799355 -0.035178141995844334 0.9464280654796164 0.015873387348997743 -0.03199904732832741 0.9993618446512411 -0.019411853964962686
1315 -0.953301384478123 -0.3019299324599352 0.007401772484828457 0.7427124882116803 0.30149494534382354 -0.9528015880477972 -0.035636101721759135 0.9517118407886476 0.017812026363336602 -0.031740348118249676 0.9993374215034847 -0.02007276791584562
1316 -0.9478944135293076 -0.3184930040562403 0.007641149493210543 0.7299661113980533 0.318019642460822 -0.947368936388439 -0.036818546622934906 0.9546481525399789 0.018965437186619367 -0.032470059028729695 0.9992927536303003 -0.020145398813205404
1317 -0.9403097004542749 -0.3402519484110029 0.006802854761503625 0.7138046503611837 0.3397847074021544 -0.9397639044468384 -0.037284802729307766 0.9607533068848927 0.01907930412715694 -0.032747755671400494 0.9992815242223374 -0.020279845949906346
1318 -0.9315152941167258 -0.3636555953471677 0.005819346934879079 0.6961203529545725 0.36320198278136234 -0.930954014030787 -0.03753589567037609 0.9670681644441337 0.01906768287440056 -0.03285166255061457 0.9992783354684103 -0.021082720866697036
1319 -0.9217817077770873 -0.38768131163618 0.0046565882862675614 0.6799016800849781 0.38723065753962055 -0.9211739839865578 -0.03861229192332628 0.9735029952840358 0.019258791961215174 -0.03378893064585586 0.9992434173398865 -0.020807261264302476
1320 -0.9139418922969658 -0.4058183240172555 0.004658905072859063 0.6672631285124365 0.4053330913979069 -0.9133052358765115 -0.03973199138039207 0.9781227680586738 0.02037897254761305 -0.034424322991801086 0.9991995113407859 -0.021293054353427678
1321 -0.9031687717768262 -0.42923488643417873 0.006601663079341216 0.6555251539662921 0.4285900458195494 -0.9024737616790162 -0.04303117596587847 0.9851102508907417 0.024428309641480742 -0.03603500726372703 0.9990519185403567 -0.02056509053509616
1322 -0.8908091940329009 -0.454317080549697 0.007414185579640806 0.6412559943660349 0.4535825682118479 -0.890097015579989 -0.0446111720275069 0.9916358836374027 0.026866961893066137 -0.03637709686223035 0.9989769132374319 -0.02051769537831054
1323 -0.8776604074590899 -0.47923133387975125 0.007038309899482837 0.6269732956059866 0.4784766731739264 -0.8769408330247607 -0.045109296193874125 0.9992806125464947 0.027789969530917568 -0.0362229761723724 0.9989572631447697 -0.01995338360686291
1324 -0.8670171179676518 -0.49823159557767716 0.006826003089942085 0.615633459418337 0.49746364620283856 -0.8663013435784931 -0.04529793396152862 1.0052914334093237 0.028482237561669028 -0.03587839576779124 0.9989502003909088 -0.020541637381611143
1325 -0.8525365441511454 -0.5226368332472741 0.005672866922312059 0.601593869137503 0.5218953666447687 -0.8518165510145208 -0.04509755750477108 1.0140435462000275 0.028401886576786613 -0.03548667286283551 0.9989664803622096 -0.02007597767227358
1326 -0.836736691358205 -0.5475887966528348 0.004268385510063134 0.5860337891702886 0.5469089543458098 -0.8360400922412653 -0.0439039841202761 1.0252553325473117 0.027609871248219047 -0.03440165615465553 0.9990266368133826 -0.021442589354211193
1327 -0.8198048557710165 -0.5726342056153193 0.0031725404557698344 0.5730761542499315 0.5720182706053418 -0.8191566392231923 -0.042160390302018756 1.0351630515737633 0.02674128918601351 -0.0327485415856642 0.9991058184579961 -0.02102880723534059
1328 -0.7883456363167012 -0.6152321460075465 -0.0007511449392027479 0.562592555113624 0.6146896780059888 -0.7875980742864372 -0.04296362570983968 1.0339227172273635 0.025841003337010438 -0.03433190788963905 0.9990763547635396 -0.018199313731799754
1329 -0.777475227414275 -0.6289089719850741 0.0024032713002471087 0.5412717392969929 0.6282161559365351 -0.776787317557038 -0.044112636547563526 1.0627656619761472 0.02960966356925798 -0.032786708273451426 0.9990236731846649 -0.01814999920835936
1330 -0.7581074376261335 -0.652113140149413 0.004643862734067639 0.524714976736507 0.6512543143182676 -0.757439468389572 -0.04640333831477654 1.071455274586543 0.03377767158216887 -0.03215438026649296 0.9989119904835431 -0.02159010015521596
1331 -0.7375560454642006 -0.6752824378530764 0.0021700060877727348 0.5147103541927908 0.6745228685048503 -0.7368715433917328 -0.04515781664022001 1.0825798218944858 0.03209329624385941 -0.03184270193241451 0.9989775085906556 -0.02191276598504514
1332 -0.7220917986647509 -0.6917953757995113 0.0016100688315468302 0.5057377299649252 0.6910376282996122 -0.7214059955401009 -0.045170630641995474 1.0936755199655146 0.03241034670855782 -0.03150472378051684 0.9989779886487629 -0.02201161517435024
1333 -0.6960497986743067 -0.7179899854064695 0.002249137941297822 0.48890330364259726 0.717066572715891 -0.6953069057403065 -0.04861930812322344 1.1097356138470076 0.03647201747156445 -0.03222867799629722 0.9988148498377546 -0.022788351333144562
1334 -0.6819594442383909 -0.73138641629284 0.002286148426195225 0.48394256689895254 0.7303932009881478 -0.6811898321390757 -0.05006180719451976 1.1175975782162337 0.03817182682056599 -0.03247033494507079 0.9987435051033078 -0.022765804071487667
1335 -0.6611802489529233 -0.750226268036216 0.0011068618452768208 0.4686617077089268 0.7492911798850543 -0.6604283826009512 -0.04895997551347854 1.1273246965264139 0.03746206268993646 -0.03154200698081192 0.9988001279808886 -0.022764901832314957
1336 -0.6411412870042641 -0.7674217911318163 -0.0012824173918065855 0.4621952087037996 0.7665600930569642 -0.6403403775309072 -0.048474989794890164 1.1374294824841855 0.03637957985685164 -0.03206236733946411 0.9988235733956203 -0.01981504111985199
1337 -0.625536552951113 -0.7801939030313425 -0.0012225362262048354 0.45471727926290806 0.7792855755349428 -0.6247311182443402 -0.04924450893884713 1.1473598034418115 0.03765650920804185 -0.031756945220389826 0.9987860049798112 -0.019899497727666443
1338 -0.6028936103555822 -0.7978185429016996 -0.002206171736432779 0.44463919440798494 0.7968950011197177 -0.6020578721633809 -0.04984652201112428 1.1593894659949786 0.03844023649822268 -0.03181023684790926 0.9987544528303933 -0.019189178381666727
1339 -0.5809712154287605 -0.8139215041661726 -0.002057157775872403 0.434680823778944 0.8129283339364252 -0.5801336073504676 -0.05091680966530064 1.1737787627378518 0.04024885994854851 -0.031253522640136734 0.9987007793101081 -0.01947274239274979
1340 -0.5649463259763935 -0.8251236940099703 -0.0025570194710943074 0.42710378996759146 0.8240868183270708 -0.5640753741539912 -0.05196044777696204 1.1854637992766128 0.04143144489695006 -0.0314620701079577 0.9986458699244215 -0.01969410115657694
1341 -0.5444866904705497 -0.8387632753763574 -0.0032267288322206907 0.41659677060838174 0.8377458625198546 -0.5436281858975412 -0.051480727736827665 1.199831250994498 0.041426003073056224 -0.030733749796989715 0.9986687753671613 -0.01980916570716561
1342 -0.5253206343748853 -0.850897051888217 -0.0035267816272183195 0.40937470205044524 0.8499057470024629 -0.524498871306353 -0.05060785719838343 1.2131954490423364 0.041212283509868525 -0.029582783621126266 0.9987123743101989 -0.019063853154536924
1343 -0.5095540803617694 -0.8604270725738556 -0.004460041301383081 0.4038985147760575 0.8594612730608907 -0.5087214591489805 -0.050287146571635785 1.2235537566687735 0.040999503593676184 -0.02945725350035297 0.998724842447604 -0.01816138135532423
1344 -0.48873524345328934 -0.8724087895333575 -0.006384806288091467 0.396004554313309 0.8714619044630384 -0.4878335847141333 -0.05072023949442284 1.2375805519855052 0.041134059803569795 -0.03035288404458677 0.9986924909868251 -0.01751435581678027
1345 -0.4691732092901496 -0.8830784840508148 -0.006992187822081851 0.3889088670685261 0.8821624179397608 -0.46829117887748145 -0.049928350260996866 1.2518567068189088 0.04081627198131608 -0.029593289642667137 0.9987283259976102 -0.016306066427750503
1346 -0.4497075037803888 -0.8931495183300462 -0.0068628675148724545 0.3811267403273129 0.892221308538159 -0.4488584766835002 -0.049670962344172696 1.265487698288538 0.04128313983328577 -0.02846060112124625 0.9987420570643616 -0.016732569585649937
1347 -0.4356333572423501 -0.9000896194237847 -0.007890187708256481 0.3776943612611928 0.8992198091776791 -0.4347860963350938 -0.04862905732716338 1.275344954872345 0.040339965789176264 -0.02827945258834635 0.9987857426497727 -0.015699514145025163
1348 -0.41879716710801074 -0.9080606856041414 -0.00589271434185469 0.3675236434812795 0.907126168670184 -0.4180512326412885 -0.04853123737920788 1.294429680681759 0.04160585219313076 -0.025670180114601704 0.9988042825881884 -0.018041969343242995
1349 -0.4031670109439158 -0.9151059942815654 -0.00611396073951864 0.3589957911676146 0.9141544483085948 -0.4024219712344842 -0.04876680947768034 1.310087431143447 0.042166407541501 -0.02525027321781892 0.9987914786270201 -0.018007560425567816
1350 -0.39077199327756656 -0.9204637567158619 -0.006612249438544203 0.3534202943068643 0.919478798775914 -0.38999749563656483 -0.049605362604157294 1.3210258165427597 0.043081177694994796 -0.025464209593503897 0.9987470080843449 -0.018256349853774438
1351 -0.3744548978998171 -0.9272106648920222 -0.007994519951943151 0.34669101212061393 0.9262287096834904 -0.3736269454890003 -0.05003281885813949 1.3369462600607835 0.043403995169347585 -0.026139787976472918 0.9987155774734435 -0.01637924876561362
1352 -0.3580439932665036 -0.9336794414393 -0.006870190638866691 0.33980767312938465 0.9326194015511611 -0.3572634631465914 -0.05083177894526258 1.3550829939880016 0.04500611887205604 -0.024607286201065615 0.9986835989084393 -0.017676230574120537
1353 -0.34520502105401424 -0.9384942595388733 -0.00787516672061375 0.33592085721035586 0.9374346628889396 -0.3443862160031035 -0.051131077074871085 1.3651281563249091 0.045274123452214016 -0.02503315879844637 0.9986609007591567 -0.016190081156760888
1354 -0.3304685169444469 -0.9437783570603797 -0.008542368109654011 0.330127290119425 0.9426804993551458 -0.3296130203898843 -0.052045488997230153 1.3806481715653485 0.04630373034424565 -0.025252119398432454 0.9986081789279337 -0.016017230854103167
1355 -0.3173946280450341 -0.9482518422392414 -0.008893468240787808 0.3249211472066148 0.9471433751976137 -0.3165339578405317 -0.05220804874228851 1.3966600456844227 0.04669129369830421 -0.024993943738698683 0.9985966282087506 -0.015256325520710405
1356 -0.30720043810431114 -0.9515986969837745 -0.009370737801591953 0.3209491645152976 0.9504940007183145 -0.30632994374719696 -0.052183523857106145 1.4087839614519124 0.04678723572217539 -0.024937631453798965 0.9985935454984809 -0.015012541965130294
1357 -0.29431110688151063 -0.9556630078362386 -0.00944393032141211 0.3155520880188951 0.9545067071155918 -0.2934306608136153 -0.05306028049631332 1.4258579915594947 0.04793660854053321 -0.02463052471785724 0.998546653298291 -0.014651423947946883
1358 -0.28170230369172444 -0.9594593963002719 -0.009026568888903849 0.309387671163065 0.9582491595397805 -0.2808415092456778 -0.05372704091987226 1.4440342102191834 0.04901387901604821 -0.02378473324866323 0.9985148602438654 -0.0148089969696488
1359 -0.2696752591400645 -0.9629086469001068 -0.00906599872044094 0.3055524556388971 0.9617515781558812 -0.26885750954146126 -0.05243607038757722 1.4598558456874384 0.04805368374818773 -0.02285994944742116 0.9985831293331099 -0.01421139729546049
1360 -0.25836533917942267 -0.9660031444210473 -0.009234526472462638 0.30128446369019374 0.964900920881274 -0.2575814116817462 -0.05116668093757699 1.4761818901187662 0.04704853231028617 -0.022130099971657356 0.9986474324221721 -0.013223420246892591
1361 -0.24597527180814682 -0.9692272523156644 -0.009731342527771213 0.29601969405277617 0.9681042955053936 -0.24517198733913786 -0.051621406876708395 1.492164645687953 0.04764702176100463 -0.022118544090108386 0.998619312513373 -0.01381193750820506
1362 -0.2377843047712055 -0.9712697800530203 -0.009676712247879655 0.2925156593196484 0.9701375436371488 -0.23699252998243148 -0.05164965787607584 1.5061683451847825 0.04787244332726375 -0.021669219840764184 0.9986183826070041 -0.01373390261453005
1363 -0.22704945660589876 -0.9738341787745535 -0.00977427772286426 0.2883186406450645 0.9727452171528531 -0.22628767094420688 -0.05060269247824885 1.5240665309801873 0.04706683293162189 -0.020997195736555882 0.998671032426809 -0.013658590513212688
1364 -0.21685315798243085 -0.9761535050223976 -0.009952010124405776 0.2850826865673624 0.9750976119920544 -0.21611079855013937 -0.04980732715960376 1.5395626697527345 0.046468860127496604 -0.020505057492038556 0.9987092608242348 -0.013252821776032694
1365 -0.2095051658971061 -0.9777587908855719 -0.00976382654854954 0.2820781056432118 0.9767079168688737 -0.20878569828649143 -0.04949926583285986 1.5522358522614839 0.04635979496641615 -0.019906758589017907 0.998726434201985 -0.012552175934663156
1366 -0.20055241598048232 -0.9796356965815288 -0.009624470180152082 0.2792810275746644 0.9785870518167781 -0.19985385164731825 -0.049252614126256575 1.5692253263979055 0.04632613151220694 -0.019296112655069274 0.9987399809638112 -0.012131812465481279
1367 -0.19360102591154663 -0.981031841588802 -0.009755437207484464 0.275520405400966 0.9800140785947103 -0.19291758597428102 -0.04853051388147059 1.5812503608688393 0.045727984010203136 -0.018956023081796527 0.9987740588677498 -0.012274543499485169
1368 -0.18572805713435311 -0.9825563945007278 -0.00938191974711958 0.27460851687435295 0.9814487671530143 -0.18503948050324184 -0.05018673240666066 1.5974477058027114 0.04757526928957325 -0.018528957872962618 0.9986957852475113 -0.011016715527525627
1369 -0.1759938954944574 -0.9843239820092605 -0.011508570242836235 0.26964007025232817 0.9830880183439675 -0.1751474987840848 -0.0534911381362968 1.6135188807405212 0.05063691279939568 -0.02072805128954551 0.9985020034794495 -0.01109082058710837
1370 -0.16609802225596065 -0.9860373326047044 -0.01190906008899034 0.2656219190918946 0.9847869536951138 -0.16523799520649934 -0.05376858537462467 1.6338302311127944 0.051050003286930455 -0.020658742696621973 0.9984824052098328 -0.011251267107954462
1371 -0.15964528250196156 -0.9871039688694703 -0.011795694799787537 0.26354901398574293 0.9858604968343249 -0.15880510959970212 -0.0534791356234244 1.6455219999326773 0.05091625042094858 -0.020166601250483973 0.998499295761524 -0.011059269987773629
1372 -0.15126428526143842 -0.9884226520158331 -0.011822731720229606 0.2609985294636631 0.9871347349527353 -0.15041871501673487 -0.05421462186129649 1.6625026701841858 0.051808600204397086 -0.01987136517013045 0.9984593120355555 -0.010907634356097205
1373 -0.14406927936878908 -0.9894917709903316 -0.012250627891446283 0.25871694553848723 0.988203157644338 -0.14320972640709098 -0.05427240076952558 1.6786828067987285 0.051947684884206896 -0.019925094834553167 0.9984510146377487 -0.010414044041986648
1374 -0.1365754842521003 -0.9905484577209408 -0.01268424248851529 0.2562497056383829 0.9892625750983692 -0.13570337393248968 -0.05426003881865374 1.6956282119869708 0.05202590326595289 -0.01995863746491264 0.998446272054865 -0.00961581896877639
1375 -0.1329846569533909 -0.991037175835437 -0.01266479875087309 0.25440403897282937 0.9898552427843071 -0.1321595111790208 -0.05215804767266415 1.7077318198732263 0.05001679065012613 -0.019472537518959693 0.9985585315521596 -0.009389832003125643
1376 -0.12849252886671494 -0.9916314343755738 -0.012520718155570428 0.2516594616311936 0.9905374065765773 -0.12771640503002654 -0.0502410793938895 1.7235408883523766 0.04822153251286525 -0.018857843035307895 0.9986586331465239 -0.009586867296384617
1377 -0.12374278919143747 -0.9922477346028477 -0.011495881815331946 0.24982077455865237 0.9910942774939607 -0.12300805426072026 -0.051001487295513855 1.7443459094252982 0.04919202417634622 -0.017704568972560862 0.9986324113483095 -0.008910527565420073
1378 -0.11733497015599895 -0.9930373981282097 -0.010451349065059266 0.24794797594083934 0.9918081580400965 -0.11664170818663296 -0.052070044725861485 1.760817290661318 0.05048843852718929 -0.016475370409092333 0.9985887440503259 -0.008911500710147015
1379 -0.11280164551318873 -0.9935652416999495 -0.010193098353737667 0.24670520236487262 0.9923695012867368 -0.11214002840937182 -0.05125804273410622 1.7733188641081645 0.049785155279608334 -0.01589731149608393 0.9986334231340122 -0.008773431256670126
1380 -0.10742475437657395 -0.9941570978471919 -0.010563472292863448 0.24444032994724046 0.9931037220971706 -0.10679700098875122 -0.048367320949967214 1.7895937065977423 0.04695656826519965 -0.015686471225219746 0.9987737558211691 -0.00840137778067888
1381 -0.10131149584012039 -0.9948009713728351 -0.010344475095176747 0.24297101812906396 0.9936262573361222 -0.10066434217280695 -0.05073017787048729 1.8048691920976159 0.049425110442611324 -0.015418092276960723 0.9986588210633336 -0.00803138749272108
1382 -0.09729355471545492 -0.9952090946618342 -0.009634423352172999 0.24160541563624982 0.9939952902327635 -0.09667874778865285 -0.051250197284463075 1.817008209991416 0.050073218455081954 -0.014562885309923149 0.9986393719276333 -0.007788451495901317
1383 -0.09110608715473079 -0.9957845537297462 -0.010620896190810209 0.24001920202381732 0.9946605233443411 -0.09047370613874306 -0.04964828091040611 1.833094637228585 0.04847807940977365 -0.015087446771388848 0.9987102907082422 -0.007385805563679571
1384 -0.08636990598426615 -0.9962050447748723 -0.010758629302399826 0.23845106661406684 0.9950195836511502 -0.08571767162767649 -0.050877391057105974 1.8470767366346394 0.04976210898206833 -0.015099322330967621 0.9986469561229937 -0.006967085521532258
1385 -0.08309050473907653 -0.9964742310859639 -0.011622168624660357 0.23730167789017453 0.9952413214628981 -0.0823807456645587 -0.05203964639755325 1.8659976258080277 0.05089872371235543 -0.01589086294586113 0.99857738828703 -0.006872414311627706
1386 -0.08088788568005705 -0.9966659739380151 -0.010681120919579006 0.23641943253321157 0.9954705845724725 -0.08024450634062665 -0.05098170704718491 1.8752808729995758 0.04995463143171714 -0.014756544177205382 0.9986424681542726 -0.006735869903859631
1387 -0.07879077071455025 -0.9968256264662578 -0.011431748324317976 0.2354364392733198 0.9955644919007341 -0.07808932184280448 -0.05247285280706143 1.8869812780175503 0.05141358689808231 -0.015515419226703422 0.9985569161785603 -0.006587476155425961
1388 -0.07475522054232103 -0.9971341682645242 -0.011623574304185936 0.23468145429488932 0.9958834383551352 -0.07405210830259004 -0.052272961138399694 1.89788212777771 0.0512624054443894 -0.015483401882730945 0.9985651856812713 -0.006182981819267384
1389 -0.07163369575773787 -0.9973654778578821 -0.011433162686105513 0.23402352578567007 0.9960424055273301 -0.07092463233325855 -0.05356512782847315 1.9071918228107998 0.0526131164523487 -0.015224982935029635 0.9984989032900133 -0.005777396932568383
1390 -0.07015694931609734 -0.9974605819146183 -0.012263359601928448 0.23335329612613953 0.9960840694389538 -0.06938650068951356 -0.05479087635454551 1.9139617740846484 0.05380082780276323 -0.016059297872795485 0.9984225407509191 -0.006001936704444733
1391 -0.06681123338065174 -0.997695197261071 -0.011855482091762307 0.2328489765078589 0.9962605469141693 -0.0660533506834695 -0.05569450175036337 1.9213276696754478 0.05478304259413815 -0.01553216742685877 0.9983774687058176 -0.005560774680346428
1392 -0.06665389210272973 -0.9977114334906774 -0.011364600690565364 0.23267197682747603 0.9963597502961073 -0.06594827578077582 -0.054019190215437024 1.9295324062962529 0.05314608788524864 -0.014923819981924023 0.9984752239986994 -0.005240575758438073
1393 -0.061974922662936666 -0.9980309969379937 -0.009655988324518696 0.23177405176687693 0.9968689113405677 -0.06142096302769601 -0.049797980920802634 1.9328809424822166 0.04910684844203726 -0.012711980585503234 0.9987126328358652 -0.005025244422991861
1394 -0.04665102272753084 -0.9988488460792436 -0.011165337653704342 0.2313025141455797 0.9975549764399612 -0.04600250462065349 -0.05261025136447707 1.9343099660062453 0.05203605537035638 -0.013592360172907348 0.998552701005757 -0.005342362506757498
1395 -0.03464805759673063 -0.9992952303569484 -0.01444142273417107 0.2310360134821744 0.9976639600449542 -0.03373302985350667 -0.05940290839060818 1.9343110413521258 0.058873890080255196 -0.0164658823855164 0.9981296207321646 -0.0053653325186360035
1396 -0.028374742318796206 -0.9995023292581858 -0.013782880910343286 0.2309127158258902 0.9978247431240823 -0.02750094269016784 -0.05991227053149505 1.9362173705151593 0.05950341172915062 -0.015452894842607649 0.9981084871058137 -0.005055562547946201
1397 -0.02604866852493487 -0.9995807025899957 -0.012644598710347003 0.23137450697362705 0.9981067552238533 -0.02530110045369738 -0.056060320130344385 1.9371042245572094 0.05571689192116465 -0.01408095608660127 0.9983473116251576 -0.005424986192316
1398 -0.020050142795516 -0.9997341324450278 -0.011386667511959584 0.23186655313588356 0.9983590017512619 -0.01940893545732615 -0.05387575379840803 1.9387868004015572 0.05364042688874778 -0.012448198566932503 0.998482722411849 -0.005379277808196438
1399 -0.014667978340029145 -0.999822069810399 -0.011860823356467837 0.2316747892970727 0.9984098531493736 -0.013999476760218958 -0.054605675397649184 1.9394720268667407 0.05442991407874058 -0.012642917769939425 0.998437549916778 -0.005485997912524484
1400 -0.014886585301595947 -0.9998161118071278 -0.012088513093531537 0.23153044074595575 0.9983769856052916 -0.014198322908192031 -0.05515253612756281 1.9389019463545598 0.05497075761458957 -0.012889926196652607 0.9984047604098328 -0.0054064498799583005
1401 -0.0149977257967386 -0.9998071420293869 -0.012678602758003478 0.2310833286377329 0.9983540178189622 -0.014271521331254224 -0.055547986315517967 1.9381321986971702 0.05535633049318899 -0.013490827470613262 0.9983755176527912 -0.005164829779395586
1402 -0.014843045772139744 -0.9998117756971421 -0.012493885278407633 0.23133789317931486 0.9983522357412514 -0.014126373511919955 -0.05561707437539274 1.9390754857672567 0.055430112599724544 -0.013298825081687275 0.9983739999959984 -0.005265816086861879
1403 -0.014699084848883017 -0.999811030396927 -0.01272165087156785 0.23135268264911654 0.9983755682060598 -0.01397516603517451 -0.05523512962035653 1.9390249764264278 0.05504690467658539 -0.013512891274572225 0.998392327722635 -0.0053585185740011206
1404 -0.014694608176114449 -0.9998179210354665 -0.012173465694924229 0.2318038420817885 0.9983673619890672 -0.013999033322531648 -0.05537722980737521 1.9394217099474325 0.05519673002711035 -0.012967337525788915 0.9983912906029495 -0.005241144856145186
1405 -0.014671806415232354 -0.9998153674230861 -0.01240843103583142 0.23147897883527624 0.9983846800026206 -0.013967326282692946 -0.05507217567193065 1.9392380471047548 0.05488869494951667 -0.013196395749212074 0.9984052715738837 -0.005215054023303599
1406 -0.014649741533438855 -0.9998151171615305 -0.012454580215820625 0.23143294005045495 0.9983830039719772 -0.01394227248091751 -0.055108896007786845 1.939124179275578 0.054925062168320035 -0.013241772292606245 0.9984026707758609 -0.005188382086152992
1407 -0.014587712762122007 -0.9998114836645069 -0.01281388965406117 0.23144458856275102 0.9983919676461757 -0.013862534718405109 -0.05496643586145091 1.9391109019347892 0.05477844079987609 -0.013595119082374325 0.9984059771259403 -0.005183157518166636
1408 -0.01468426441227847 -0.9998141145692163 -0.012494346204363386 0.23157894270423154 0.998374273509873 -0.01397256172412281 -0.05525918487575696 1.9389920221458932 0.05507433497490099 -0.013285474296576005 0.9983938670686724 -0.005266827192394815
1409 -0.014455034549461827 -0.9998163117069286 -0.012585500442887912 0.23123554950407632 0.9983962582719412 -0.0137432007240081 -0.054918447743968764 1.9391882262478655 0.05473539480863975 -0.013359164610115663 0.9984115230087095 -0.005157733896627084
1410 -0.014463142403534475 -0.9998176701699483 -0.012467715408196177 0.23141705878373958 0.9983588215828179 -0.013748789029531243 -0.05559347234630755 1.938989774430138 0.05541192000950536 -0.013251309970204371 0.998375641682027 -0.005468653817666641
1411 -0.014406845297451017 -0.9998179187973067 -0.012512875725828857 0.23140151164358194 0.9983832523661148 -0.013695759232080457 -0.055166181430777714 1.9390311383239347 0.0549847633730572 -0.013287416205952921 0.9983987782283666 -0.005391388269222907
1412 -0.014707837220525963 -0.9998168105068211 -0.012248467302860661 0.231668676970208 0.9983792948409518 -0.014010957889879192 -0.05515865020812737 1.9394187458694718 0.05497693296330492 -0.013039880597631056 0.9984024731313893 -0.005278670278863292
1413 -0.014551536878786997 -0.999816856250627 -0.012430073659647524 0.23143715747663232 0.9983655586765214 -0.01384104794483072 -0.055449406136813775 1.93888229456865 0.055267205679527046 -0.01321663151213651 0.9983841227840357 -0.005276633574188796
1414 -0.014501843395186353 -0.9998180794254705 -0.012389696991585103 0.23150697806306847 0.9983632413342529 -0.013792950145610935 -0.05550308892338651 1.9391783785847263 0.05532210129612532 -0.01317431515137276 0.9983816417227293 -0.005356376708488301
1415 -0.014516481164498883 -0.9998202233762945 -0.012198061395504636 0.23163936924147105 0.9983778854503372 -0.013821696948283122 -0.05523186162167449 1.9389896404159948 0.055053334315744266 -0.012980047021175672 0.9983990428477113 -0.0053093083000277895
1416 -0.014543769752492294 -0.9998176500845286 -0.01237519054324625 0.23146776200656793 0.9983689438049307 -0.013837116796500393 -0.05538940553488703 1.9389609817746194 0.05520806832394994 -0.013160576673236269 0.9983881351527182 -0.005315109969391337
1417 -0.014516103618411725 -0.9998198063859737 -0.012232640515589302 0.23152302110581646 0.9983675063835321 -0.013816958829670802 -0.05542033784936013 1.9388147089268841 0.0552413335684505 -0.013017158175286281 0.9983881753397897 -0.0051585647508687535
1418 -0.014645800585836907 -0.9998166855783532 -0.012332711094119552 0.23165038478193006 0.998374804230038 -0.013943085130181306 -0.05525704168115913 1.9391246850485289 0.05507495622807201 -0.013121951637681796 0.9983959953756767 -0.005268210196898044
1419 -0.0145095263267683 -0.999818566918669 -0.012341267754712245 0.23138650882272788 0.9983685587291306 -0.013804598241756687 -0.05540445838578102 1.938872112663912 0.05522403994111051 -0.013125026148642902 0.9983877198267281 -0.00527724856336323
1420 -0.014455219448614248 -0.9998192430504216 -0.012350216814141945 0.23155016276881643 0.998373845485562 -0.013750954085223522 -0.055322472030313416 1.9392688845208907 0.05514264484523152 -0.013129831926733015 0.9983921555341345 -0.005251628489572027
1421 -0.014505152183935487 -0.9998192381867933 -0.012291928697085187 0.23145025593906116 0.9983856267140272 -0.013807002061809381 -0.05509543597805896 1.9386251010478122 0.054915762142374376 -0.01307125261975027 0.9984054293840121 -0.005079682196872121
1422 -0.011713978931377666 -0.9998624281653469 -0.011743399823704329 0.2313578677910922 0.9985450684565279 -0.011078723503572594 -0.052773176393845676 1.9382764005111972 0.05263581441132552 -0.01234449785719909 0.9985374727134444 -0.005275934079069052
1423 -0.006286460450179663 -0.9999114159626374 -0.011732034856457811 0.23170939965072693 0.9985739571293121 -0.005655195645646791 -0.05308550561132809 1.9366597504292946 0.0530144561312416 -0.012049024403335698 0.9985210505804533 -0.005299295083476511
1424 -0.0001649131231292976 -0.9999118279134981 -0.013278147550146172 0.2315134412772783 0.9984556654969923 0.0005730114863848248 -0.05555137887311383 1.9342266720785362 0.05555408932346988 -0.013266802800447406 0.9983675350807791 -0.005356107764427955
1425 0.003155186424918589 -0.9999098194121999 -0.013053652395682973 0.23191727743092644 0.9984854480345929 0.003867145774345191 -0.054880372141681746 1.9313594757326187 0.054925903373823845 -0.012860724156495636 0.9984076055962217 -0.005376618768387596
1426 0.0024184539507706004 -0.9999285665570307 -0.011705249365741762 0.23205512333707884 0.9986242056020809 0.003028113216899527 -0.05235003835931456 1.9249892996020808 0.05238174363594829 -0.011562539192612744 0.9985601937896635 -0.005688843565469588
1427 -0.00018493455454950646 -0.9999287898415011 -0.01193235286191764 0.23211083765428828 0.9986468583668981 0.00043585916878949825 -0.05200252206063534 1.9172842404744974 0.052004019777758106 -0.011925823761308154 0.9985756639605476 -0.005659469380947258
1428 -0.005096288689204087 -0.9999100777059606 -0.012404206692935682 0.231979181180584 0.9986486285202886 -0.004447515655625152 -0.051779690610056675 1.9068945737179464 0.05171986655808984 -0.012651328253317072 0.9985814935677795 -0.005940310914672944
1429 -0.008166154394578285 -0.9998883227440174 -0.012516227985926045 0.23202043032529773 0.9985867742604984 -0.007496920114026992 -0.052614165982227415 1.9012060669873045 0.052514457015373946 -0.012928195132647587 0.9985364758360887 -0.005641240757674308
1430 -0.012681876504363865 -0.9998366894942529 -0.01287495041491719 0.23202603963368806 0.9985496899297679 -0.011989689221111217 -0.05248584660891689 1.8949018600188867 0.05232290846548396 -0.013521896770498169 0.9985386680331956 -0.005950227167693675
1431 -0.01711535284026991 -0.9997756489085032 -0.012478643629319278 0.232090581759069 0.9984607712610825 -0.016431669588726466 -0.05297252578772209 1.8861452005957688 0.052755596395100954 -0.013366079612430377 0.9985179993196391 -0.0062756942015061235
1432 -0.020099429117029964 -0.999718289265157 -0.012623591333129834 0.23215248029667496 0.9984710750567785 -0.019420864689126974 -0.051752703213604014 1.8793535848296508 0.051492962862027154 -0.013644490599767575 0.9985801433298498 -0.006409245861970819
1433 -0.019806551149129763 -0.9997217642760194 -0.012809940075136843 0.23234992218453454 0.9984356806040007 -0.01910777241180016 -0.05254602487233602 1.8723791936138838 0.05228663527103203 -0.013830656766525291 0.9985363392008553 -0.006540125296085308
1434 -0.01973871670724265 -0.9997201975513996 -0.013034940332544192 0.2325849733310773 0.9983393166388806 -0.01900237374522929 -0.054383073154977035 1.867674485966253 0.054120161829123964 -0.014086745498984029 0.9984350613258797 -0.006847012253450098
1435 -0.020530413299966827 -0.9996985983355176 -0.013461597771203145 0.23228951141455104 0.9983973084648621 -0.01978973243897457 -0.05302057090873162 1.8602284673141036 0.05273818900303552 -0.014528557216417975 0.998502681240653 -0.006949223613968339
1436 -0.02261506888090118 -0.9996557266109783 -0.013303642854422038 0.23259636557241634 0.9983720836618066 -0.021885072737324103 -0.05267092324895391 1.8540224344129148 0.052361638860402245 -0.014473142194870715 0.9985233031487044 -0.007186467313298292
1437 -0.023453001457318136 -0.9996309993654969 -0.013704810462416674 0.2326094200674673 0.9982852062441847 -0.022681577395417547 -0.05396473886936589 1.848951127338222 0.053633979127174006 -0.014946944637667544 0.9984487894369625 -0.007302678309064283
1438 -0.024985520948153296 -0.9995889012182733 -0.014062443011180249 0.23271156292290093 0.9980985031780313 -0.024150444510416376 -0.05671096881663444 1.8432376034536866 0.05634804075665716 -0.015452656419578542 0.998291597536498 -0.00700958666445335
1439 -0.025950660585071172 -0.9995662279725444 -0.013925484276827226 0.2327198983386907 0.9980212872059443 -0.025107446258329297 -0.05764656473732187 1.838303524043579 0.05727192592235841 -0.015393896178414454 0.9982399283049302 -0.0072045696273258285
1440 -0.026749753986636017 -0.9995472097567123 -0.0137777403014718 0.2328338788090666 0.9981079366320282 -0.02594284699413131 -0.05574509415442635 1.8353097742194893 0.05536241951100691 -0.015242839498712284 0.9983499678721075 -0.00752678222886414
1441 -0.026589929576853015 -0.9995580678539192 -0.013290772474029024 0.2332192988064368 0.9982422259387349 -0.025845770110378447 -0.053333427792059636 1.831729414730995 0.05296634778587931 -0.014685542388253538 0.9984883078163891 -0.00750884336024853
1442 -0.02670606878755455 -0.9995523486326138 -0.013486594549989362 0.23298616110932677 0.9983101463008431 -0.025971478757964996 -0.051983979114183176 1.827881155122347 0.05161044161077903 -0.014852091900400755 0.9985568474963947 -0.007499786400231098
1443 -0.026782294610502577 -0.9995534894867322 -0.013248786702789858 0.23321429447929753 0.9982798804439879 -0.026052003951456355 -0.052522122878251115 1.825869932949758 0.052153513754791686 -0.014632660173964357 0.9985318704268695 -0.007842534062531915
1444 -0.026890424276742646 -0.9995497384090316 -0.013312607900383291 0.23341896057645978 0.9982846743532557 -0.02615879256941888 -0.05237772926422949 1.8223716969907815 0.052005903836705364 -0.014698231805350731 0.9985386061376206 -0.007894746696495534
1445 -0.026337445529494852 -0.999570557160671 -0.012846798041270736 0.2338116942863878 0.9983434544169135 -0.02564315295116474 -0.05150510392090439 1.8192221085943456 0.051153553016018205 -0.014182029603603133 0.998590098113142 -0.007807883157079711
1446 -0.024751850230024394 -0.999610023460343 -0.012928530772327496 0.23381250209260263 0.9983637915552146 -0.02405002251677972 -0.051878089095111234 1.8160460221047103 0.051546926401147435 -0.01419145569287836 0.9985697356534766 -0.007782405134524073
1447 -0.024328947518182546 -0.9996224637346096 -0.012768410587414953 0.23406191886678213 0.998408556525051 -0.02364543776150759 -0.05119812037885443 1.8134309166925966 0.05087687657356242 -0.013993686767201103 0.9986068897022521 -0.008030501274346284
1448 -0.023244545984820876 -0.9996454395234888 -0.01298792983570581 0.2338940272194842 0.9981612169647592 -0.022478645552519827 -0.05629294308414161 1.810642350162845 0.055981032759843626 -0.01427255175528197 0.9983298143583047 -0.00798724048052313
1449 -0.021346159504355963 -0.9996609831234498 -0.014908396752333285 0.23375858867529858 0.9977602939744882 -0.020355309338643 -0.06371857775075154 1.809735791454094 0.06339351104942906 -0.016235153250177287 0.9978565440758345 -0.007240232473907484
1450 -0.020029782894007878 -0.9996944566324132 -0.014484515000130274 0.23355041875419272 0.9980958265842619 -0.019148193233782744 -0.05863503774981338 1.8099607330378567 0.05833976991152206 -0.015631381048433104 0.9981743991776818 -0.008022333820364234
1451 -0.018829682945586814 -0.999728398189311 -0.013732184602785656 0.23383831988880266 0.9981497712638088 -0.01800220709292159 -0.05807714410169893 1.811427638244506 0.057814160613811526 -0.01480035113054494 0.9982176478293955 -0.0075931128717718465
1452 -0.016692394266063358 -0.9997677449929663 -0.013631582649008689 0.23385536932831869 0.9985732278617302 -0.01597771716607018 -0.05095312701851203 1.8145516395135668 0.050723491326615223 -0.014462663172936513 0.9986080105838898 -0.007758508217747594
1453 -0.01747998303997426 -0.9997733154157018 -0.012155985166992693 0.23410893103066993 0.998660111506336 -0.0168656689203091 -0.048923725320702785 1.8156463603004387 0.048707616245246985 -0.012994883391507355 0.9987285422606264 -0.007714573874984653
1454 -0.01845098740565116 -0.9997404732252292 -0.013362157689932048 0.2339572492098932 0.9984663810895091 -0.017726489911772614 -0.052446709996143356 1.8160829533132266 0.05219623451757333 -0.01430935881779124 0.9985343235728099 -0.007892339552814459
1455 -0.01829641054012835 -0.9997359011596482 -0.013905728814796082 0.23380961864817057 0.9984150989008141 -0.017528371696331396 -0.05347940231530407 1.8156598006910933 0.05322153368355047 -0.014862170710736807 0.9984721249159788 -0.007578115764615571
1456 -0.017977898451484967 -0.9997470391329123 -0.013514914397357152 0.23398849918734899 0.998518083353334 -0.01725809096134734 -0.051611970642622164 1.815372889579363 0.05136567321204153 -0.014422761188625045 0.9985757615600129 -0.00755668386072596
1457 -0.01731717690193204 -0.9997565763166648 -0.013671265324305421 0.23398767852520677 0.998496028640568 -0.016580753732541496 -0.05225666843547488 1.8157595173158867 0.052017268041126205 -0.01455564210386782 0.9985401029046751 -0.008080382192926961
1458 -0.01712043277861476 -0.999755007837676 -0.014029079945988315 0.23427099243076524 0.9984968852994789 -0.016364870368885474 -0.052308326924896315 1.8150956881946412 0.05206592772053276 -0.014903533825276108 0.9985324350516728 -0.008014850223969288
1459 -0.018683854079012078 -0.9997333454829415 -0.01357024411670478 0.23427759712441937 0.9984535087044227 -0.017945720286080144 -0.052616937184332725 1.8149295265141943 0.052359378834872884 -0.014532345029635118 0.9985225617861551 -0.0082802692787083
1460 -0.04084767251752751 -0.999084673170052 -0.012699743544009316 0.23380501440576212 0.9977894750711827 -0.04012132185886175 -0.05297587158069033 1.8159445278973236 0.05241785084570767 -0.014835611498132072 0.9985150342098575 -0.007721793653212104
1461 -0.07600534420482805 -0.9970301826341355 -0.012409777122681246 0.23295292785924093 0.9957569986584764 -0.0752490108700862 -0.052967782528256374 1.8162795395889293 0.05187665443433087 -0.01638295696476999 0.9985191092040899 -0.00790437909260146
1462 -0.12258683638627105 -0.9923981693962676 -0.010878461447048975 0.23285801559401126 0.9911810896806288 -0.12186598416501128 -0.052045454771869004 1.8152095686454757 0.050324099630528245 -0.017162612920279235 0.9985854644017128 -0.00767469364787081
1463 -0.16919272260581608 -0.9855301337009122 -0.010206771501844698 0.23231408366900086 0.9842809752401893 -0.16842800650181944 -0.05313161399730307 1.813020496342713 0.050643700469975565 -0.019035813436531105 0.9985353541112608 -0.007749385311596476
1464 -0.21436571360289863 -0.9767087403551233 -0.009347585008903895 0.23169956056608107 0.9754027193225675 -0.2135563413662795 -0.05461889966404854 1.8132845855410942 0.05135052063527919 -0.020826079239616054 0.99846351884019 -0.007600405639089663
1465 -0.25943624204709126 -0.965727056539385 -0.008005534284058292 0.23130761397564126 0.964452434221692 -0.2586447734891962 -0.05416994803395624 1.8138853740284149 0.05024279486607454 -0.02177460477734872 0.9984996385334007 -0.007772573211180303
1466 -0.29247840882678355 -0.9562463790702361 -0.007017327441424309 0.23082739252053708 0.9549768761606539 -0.2916925812736821 -0.05417198564632279 1.8138664324411142 0.049754862766288425 -0.022545521604187005 0.9985069619619177 -0.007839880471503292
1467 -0.3361102958062642 -0.941807289767127 -0.0053756854977556 0.2306490785489477 0.9405400093137438 -0.3353493153590293 -0.05408629741488596 1.8145165102403915 0.04913613672977019 -0.0232350087111734 0.9985217946732208 -0.00792775741583085
1468 -0.3795423373192756 -0.9251662164575625 -0.0038840838280076668 0.23036244706464876 0.923932634265262 -0.3788121504141096 -0.05338391179141136 1.8148233576328596 0.04791765354506119 -0.023850086459588856 0.998566508477778 -0.007867112140784277
1469 -0.4116091584643731 -0.9113548664990276 -0.00319499239970488 0.23018674598754005 0.9101515551085957 -0.4108801257920816 -0.0529307940943979 1.8141944466679922 0.046925977905909244 -0.02469472691545182 0.9985930718067078 -0.00768493110915244
1470 -0.452787645477079 -0.8916169554720221 -0.0015977538164218175 0.22925739431759445 0.8904334376582675 -0.45209281517838285 -0.05234863479672248 1.8149844405240085 0.045952597360044325 -0.02512550851736194 0.9986275920571689 -0.007748634830468492
1471 -0.4935231195959438 -0.869732057968896 -0.0010381549144177116 0.22854859310296713 0.8686169255423681 -0.4928292009773898 -0.051225143497334924 1.8147297291708393 0.04404051641593522 -0.02618255154996978 0.9986865909321779 -0.007850608508833573
1472 -0.5237280693184877 -0.8518853983759993 0.00042123824527119246 0.2283394834107839 0.8507653760060311 -0.5230647152865804 -0.051005672350246764 1.8154927526466584 0.04367132237240959 -0.02635472739027406 0.9986982747288511 -0.00790134386478678
1473 -0.5640319395962894 -0.8257509546822912 0.0018253645662053145 0.22885728556663903 0.8246822833356652 -0.5634117605753712 -0.049662053912295064 1.8149983930875186 0.042036920294032915 -0.02650563877380376 0.9987644108825745 -0.007626381310739705
1474 -0.6025145845303735 -0.798103086532846 0.0027638186700543123 0.22773144833707226 0.7970655444100028 -0.6019010197316143 -0.04900694196163978 1.8148811416179516 0.040776136916777936 -0.027324452642976303 0.9987946139950155 -0.007605973444342279
1475 -0.6395888628533631 -0.7687084432973623 0.00366274728679492 0.22662141985600065 0.7677118186705397 -0.6389887455793904 -0.048082704749197396 1.8154210713370806 0.03930203541129103 -0.027941228072302763 0.9988366421918891 -0.008057077855109172
1476 -0.690200364009623 -0.7235867133757381 -0.006762081493047157 0.24664787348057515 0.7229421029841201 -0.6891213818394197 -0.0496632341385518 1.8090140924974725 0.031275761423051066 -0.03916617569580312 0.9987431288512879 0.0043081942043877025
1477 -0.7338704604769826 -0.6792523055486804 0.007103002623151716 0.22477719541276625 0.6782628946908319 -0.7332960140001 -0.04729060728706885 1.815514396212149 0.03733085754146404 -0.02988747662598263 0.9988559184463673 -0.008388023199605747
1478 -0.7565174899195237 -0.6538855339439404 0.010723616146056441 0.21770293112966205 0.6528335975785405 -0.756065085342053 -0.04662489248396434 1.8155319537355712 0.038595094473897425 -0.02827180972213078 0.9988549061090882 -0.01301918640387686
1479 -0.7872741701489957 -0.616541212447931 0.008735809569938899 0.22111924966429863 0.6156060656352005 -0.7867276358659968 -0.04570337971532863 1.8133037304819055 0.03505071995358354 -0.03060327297861809 0.9989168567573895 -0.008994665115052751
1480 -0.8160571352852114 -0.5778925464893854 0.009537120206128314 0.22139773802700569 0.5769950398084698 -0.8155265349339876 -0.04464521088775563 1.8134153173676453 0.03357790920337011 -0.03093017184772663 0.9989573807136144 -0.008753373039549435
1481 -0.8358556810867881 -0.5488461768692998 0.010637411854679407 0.22229324267013512 0.5479446746909817 -0.8353411857457821 -0.04429149889719527 1.8134090141360868 0.033195088069686234 -0.031192587798573083 0.9989620155913476 -0.00857475548407329
1482 -0.8610260686435055 -0.5084307717969007 0.011500408942525232 0.22295330847761713 0.5075816351349169 -0.8605510966614018 -0.042575740863596764 1.8141365700833814 0.03154350631400357 -0.030821426399830647 0.9990270501265098 -0.008899618698750639
1483 -0.8999285454416402 -0.4358654256663045 0.01224515445298195 0.22267969941196764 0.4350933749710966 -0.899472958982022 -0.040523463774503214 1.8130355375619316 0.0286769620965756 -0.0311404362330946 0.9991035507277227 -0.008380090689358645
1484 -0.919613125397109 -0.392610342578231 0.012993017243628252 0.22449169027681715 0.3918746426510954 -0.9191854057031813 -0.03914657571678904 1.811082600491885 0.027312342328997943 -0.030908070854690762 0.999149001457065 -0.0076427706373210225
1485 -0.9371639105463481 -0.348613604198222 0.013869381260238347 0.2242612601683689 0.3479236819117415 -0.9367868660244616 -0.03714134097419621 1.8122799157850886 0.025940630946172657 -0.029982038156566013 0.9992137714497384 -0.007615576843205604
1486 -0.9520198580510683 -0.30569322924442943 0.014485836867438246 0.22179146277845524 0.30501505990341904 -0.9516431768505571 -0.036620720734434585 1.8094234540444438 0.024980054194563613 -0.030445254955575634 0.9992242407700868 -0.008583383761898105
1487 -0.9628998970559962 -0.2694726408988637 0.014432049637491137 0.22269910246049626 0.26886057556319654 -0.9625608282307752 -0.03450569321387052 1.812027187410397 0.023190065928177767 -0.029345319271387615 0.999300291743299 -0.007628154228052375
1488 -0.9748717274990245 -0.22225690623606456 0.015065940175989598 0.2228907110093612 0.22166712392693186 -0.9745497612402874 -0.03341330628914634 1.81210538033715 0.02210884648418325 -0.029234063995034892 0.9993280584521235 -0.007848183334356688
1489 -0.9843464197566922 -0.17559712281294834 0.015092261946152784 0.22332261227034172 0.17504466404719304 -0.9840291705615697 -0.032341259613949784 1.8119402847590858 0.020530258140372713 -0.029193183189785126 0.9993629303485051 -0.0077440388566292215
1490 -0.991510272116624 -0.12908975297776784 0.015595382751490467 0.22324007694794223 0.12856441349858755 -0.9912173135040853 -0.030974650791902838 1.8119903698169544 0.01945692341303521 -0.028706673198383756 0.9993984966191268 -0.007745591206728969
1491 -0.9953938656283021 -0.09448703660116836 0.016225048038835885 0.2235481522335242 0.09397173621664773 -0.9951218776852729 -0.0300293413974288 1.811926122373509 0.018983283749707654 -0.028366326280919944 0.9994173234799015 -0.007941878808739119
1492 -0.9983736869076698 -0.05436654225446705 0.017154019181802857 0.2242634659100376 0.05385842229859381 -0.9981328922598988 -0.028809716012295424 1.8120166285383694 0.018688275422661688 -0.02783897398524565 0.9994377118601615 -0.008044480126097672
1493 -0.9994474706947453 -0.02831654681736981 0.017404783764805705 0.22519659699170907 0.027833931290905282 -0.9992377232819017 -0.027372333475358033 1.812063642979918 0.018166606466041083 -0.02687276590427581 0.9994737759750578 -0.007994069882191387
1494 -0.9997407888827533 -0.014427755994108477 0.017612350774539185 0.22507037078273223 0.013944182270487271 -0.9995306455833327 -0.02727724915705824 1.8117648279001604 0.01799763383488616 -0.02702458876119236 0.9994727393872004 -0.008063639966210795
1495 -0.9998308522522595 -0.006153002970231015 0.017332265824078295 0.22434026182751304 0.005681724667079436 -0.9996163081371359 -0.027110044482867596 1.811769748819685 0.01749242375876765 -0.027006981718527206 0.9994821849586886 -0.00791173916761815
1496 -0.9997753088052681 0.006940442288819777 0.020029032993769638 0.22495473368920044 -0.007469341876099579 -0.9996221315271551 -0.026453791661272343 1.8112280391459032 0.019837863639235613 -0.026597451422266542 0.9994493657729749 -0.008006381058875698
1497 -0.9995289451395402 0.015399945873385333 0.02654674169976964 0.22281204805090873 -0.016114073963112242 -0.9995082391376805 -0.026900121132033723 1.8109664212242311 0.026119426641155005 -0.02731522585810438 0.9992855717898737 -0.008002852355004541
1498 -0.9994469382838708 0.016098877869550086 0.029097142224494766 0.22040465693414607 -0.016902291579582094 -0.9994766996160583 -0.027579692954863826 1.811027321869059 0.028637913570688227 -0.02805624806422182 0.9991960352458016 -0.008101615422352531
1499 -0.9996378209302679 0.010778204034481789 0.024658817550433688 0.21627971198057713 -0.011446452891949042 -0.9995666184043019 -0.02712110043468385 1.8115990468551009 0.024355814118776062 -0.027393533733019098 0.9993279685010791 -0.008290895225239217
1500 -0.9997180670864928 0.0029725780596647332 0.0235573793025274 0.21178838907824185 -0.0036196364437828202 -0.9996160071550485 -0.027472467516529608 1.810927057550722 0.02346666938255707 -0.02754999127208494 0.999344942154161 -0.008367353065307403
1501 -0.999717681780682 0.0017557670549509293 0.023695442962408497 0.20495030947033122 -0.0024247824862155595 -0.9995983776796696 -0.028234797147577352 1.8098001744155976 0.02363635261745552 -0.02828428224487442 0.9993204301986365 -0.007348342250558838
1502 -0.9996918768903106 0.004893699426227055 0.024335221065465425 0.19979953383702126 -0.00558036506641507 -0.9995858898185724 -0.02822956608646665 1.8095448438039765 0.02418699659141623 -0.02835666732248222 0.99930520293584 -0.00786574017979753
1503 -0.9997327734948135 0.005980862984199442 0.022329596439752894 0.19062535465716612 -0.006591926562123106 -0.9996030040362088 -0.027393079906678164 1.8086127395427396 0.02215689742240768 -0.027532954809480124 0.9993753090284946 -0.008500670023520401
1504 -0.9997052928738136 0.006965419352830215 0.02325532912632295 0.18212240794604717 -0.007614735978895545 -0.9995803072848446 -0.027950404017178673 1.8074319968800143 0.023050882748614707 -0.028119250026069666 0.9993387636744588 -0.008649300279368336
1505 -0.9997222028857096 0.009385966705724266 0.02161991409902607 0.1752548327051585 -0.009993670541712506 -0.999553072340956 -0.02817413925518137 1.806579897424237 0.02134581002799937 -0.028382374859598544 0.9993691996409878 -0.008831492620673986
1506 -0.9997362805867275 0.012309400365193162 0.0193867980931739 0.16721166451248662 -0.012851643966177523 -0.999522553096935 -0.028098062188266347 1.8071610117037844 0.019031671628526956 -0.02833980441072912 0.9994171556265115 -0.008695274067615059
1507 -0.9997425007872627 0.010614500822329523 0.02005653238666917 0.15862516880256425 -0.01117292889082053 -0.9995471893076536 -0.027938897768120634 1.8075102101994645 0.019750893120651314 -0.02815579373392301 0.9994084017555357 -0.0091595033479995
1508 -0.9997805211992463 0.007076521297327406 0.019718830518483926 0.15009950525032037 -0.0076389759732143694 -0.999561863042349 -0.028595943725920864 1.806630403965323 0.01950783116557977 -0.028740299195006428 0.9993965377791082 -0.008780595815593137
1509 -0.999756934129901 0.007115640597689193 0.020867206726650926 0.14411997465001625 -0.007708498803161486 -0.9995649368345397 -0.02846956439842859 1.8067714894808964 0.02065554898580222 -0.028623499256154067 0.9993768276213495 -0.00890950854351479
1510 -0.9996775173189003 0.008649969818474023 0.023875497656626648 0.13533881543324475 -0.009321238753661856 -0.9995602831961249 -0.028148796880156438 1.8055917595836035 0.02362151295552357 -0.028362268594951497 0.9993185707499529 -0.007785351271599621
1511 -0.9996845295246799 0.011100522531436958 0.022530420059473033 0.12894011259437516 -0.011730440329983119 -0.9995384845725507 -0.02802168141375944 1.8059788528466933 0.022208966616962696 -0.028277133149375994 0.9993533737084618 -0.007442526435052963
1512 -0.9996812951462264 0.010769438762517661 0.022832593420658364 0.12037780300250234 -0.011429031942685306 -0.9995153081675577 -0.02895731285629716 1.8054765705551745 0.022509672641739947 -0.02920903845930697 0.9993198420471551 -0.008607507274151592
1513 -0.9996565992810553 0.009195413411521575 0.02453829426661883 0.11339239452433555 -0.009887136273295119 -0.9995528743872798 -0.028218714362764855 1.8054534837202074 0.02426783982138893 -0.028451637495290498 0.9993005435178106 -0.008357969446701747
1514 -0.9996609161786943 0.009384054573776293 0.024289754720193957 0.10780605787164402 -0.010063511765212732 -0.9995571641951294 -0.028003593286625335 1.8058213071922546 0.024016211098761918 -0.02823853795282073 0.9993126670761667 -0.008109966282529017
1515 -0.9998288125435263 0.005559983715630226 0.017647441418366733 0.1042453891099711 -0.006095007624035876 -0.9995189316086824 -0.03040980496078265 1.8051150880604976 0.01746987377133968 -0.030512160472671468 0.999381714648034 -0.009324780739910353
1516 -0.9997277201456737 0.004447905111907589 0.022906368382195886 0.10640916487959143 -0.0051061952518129325 -0.9995732901905713 -0.028760464307089117 1.806473798450372 0.022768670193137604 -0.028869597801684854 0.9993238383927977 -0.008148619430639362
1517 -0.9995386248732113 0.003744366753274088 0.030141617463225825 0.10746547292171485 -0.004568034507587276 -0.9996167311274025 -0.027304283760074946 1.8062954196160634 0.03002782786706227 -0.027429374191418762 0.9991726372280664 -0.007892088624711168
1518 -0.999521013528656 0.0035963729455126808 0.03073775554819879 0.10739443644547056 -0.004485066765182689 -0.9995724694782485 -0.02889225567825086 1.8052761832075879 0.03062070689285364 -0.029016277564077243 0.9991098177603911 -0.007739015717958828
1519 -0.9995892188906333 0.0059281812768150095 0.02804015235151819 0.10644260280682123 -0.006716741353124172 -0.999582200112443 -0.02811246348765683 1.8068677243874423 0.027861781398854417 -0.02828925387001543 0.9992114086883931 -0.009369525786909237
1520 -0.999700961409627 0.005830205999592395 0.023748609517029572 0.10665910566300929 -0.006507619995856173 -0.9995712485455377 -0.028547678782292182 1.8072403583122374 0.023571988417753285 -0.028693688850815115 0.9993102789329392 -0.007895450772706512
1521 -0.9996946059328213 0.006029980111474894 0.02396527087889033 0.10688599295065082 -0.006721582683550468 -0.9995601839272853 -0.02888354260350661 1.8071121696315984 0.023780563379264673 -0.029035806291218852 0.9992954551872788 -0.007920802390846863
1522 -0.9996569256101894 0.005651280221178072 0.025575263663723 0.1070582453673326 -0.006380515437253136 -0.9995727979038702 -0.0285221091931388 1.8070781988903752 0.02540315142572259 -0.02867550735288926 0.9992659281570677 -0.007841555891835146
1523 -0.9996585749781814 0.005651321045411021 0.025510704463751848 0.10682922551461765 -0.006380255418342555 -0.9995710516523968 -0.028583300008865713 1.8071155789292908 0.02533822828467676 -0.02873630576572405 0.9992658299566386 -0.007889120822280563
1524 -0.999655675676315 0.005883307183387653 0.025571796672892264 0.10682718797550393 -0.006605579520167642 -0.9995789841979071 -0.028252799335236015 1.8071476341495016 0.025394810645216537 -0.028411987745060294 0.9992736674926449 -0.00795900234555943
1525 -0.9996698088768077 0.005763912674446852 0.025040977023561114 0.10707396171166478 -0.006466686304900908 -0.9995848957569945 -0.028075222929174148 1.80718998132712 0.024868759274545356 -0.028227884882503572 0.9992921151131632 -0.007888813369971964
1526 -0.9996554198048653 0.005608660738465563 0.025643412006781226 0.10722458056421806 -0.006335788977814807 -0.999577620932697 -0.028362607580411238 1.8069914982663284 0.02547350452282926 -0.0285153056353271 0.9992687215713274 -0.007762209480471325
1527 -0.9996701933734216 0.005607099381211534 0.02506122337294746 0.10727835627215415 -0.006303573233843186 -0.9995936618056294 -0.027798853263544532 1.8071511748239724 0.02489516910786543 -0.02794766027400296 0.9992993339532087 -0.007765936024556796
1528 -0.999659671164197 0.006077528883513724 0.025369380943100758 0.10739992353294786 -0.006784304728260764 -0.9995886186887057 -0.02786694453954673 1.8075740487843464 0.02518958229345372 -0.02802957422643455 0.9992896616661582 -0.0077504077328652355
1529 -0.999664120039223 0.0060004165775955545 0.025211943736410163 0.10715305636781286 -0.006705340975829026 -0.999586299225906 -0.027969068658944513 1.8073039377702456 0.025033687472473712 -0.02812872908872155 0.9992907930587173 -0.007884674750892254
1530 -0.9996517343116763 0.005848294321477163 0.025733393485279997 0.10703287583133744 -0.006568602199126429 -0.9995864458548759 -0.027996262771742778 1.8071475698635604 0.02555902094853381 -0.028155545059462248 0.9992767393120144 -0.008449866046556781
1531 -0.999657746643912 0.006049786672999612 0.02545171224438665 0.1072233004853803 -0.006760767812601652 -0.9995866873556424 -0.02794184102204505 1.807466139503833 0.025272150552341895 -0.028104350950114536 0.9992854766597947 -0.008019710599084535
1532 -0.9996610322686107 0.006160372641289071 0.025295659144486313 0.10719728951196822 -0.006866460381927935 -0.9995865190901958 -0.027922080408404642 1.807511014664092 0.02511318945162793 -0.028086307365381754 0.9992899914708382 -0.007784609553945872
1533 -0.9996628171088497 0.00582180973838747 0.02530530815212912 0.1069893863560992 -0.006528977295351832 -0.9995879096638328 -0.027953234321647348 1.807229253249505 0.025132141666897416 -0.028109026751471228 0.9992888761861438 -0.007881094298913233
1534 -0.9996595953011125 0.006014075723751039 0.025387485387341677 0.10683425830295779 -0.00673098896073082 -0.9995782691818228 -0.028248496719754407 1.80711716552342 0.025206890102990025 -0.028409763682773412 0.999278488720077 -0.00790623773533032
1535 -0.9996613366492256 0.0059485589527182876 0.025334297989151756 0.10696324633574711 -0.00665885968638435 -0.9995844635405073 -0.02804567409758227 1.8071074660012838 0.02515693931923473 -0.028204873592076542 0.9992855515365985 -0.007859160632062715
1536 -0.9996625159194904 0.0060638903124718025 0.025260314723206008 0.10728162648355341 -0.006771556497967934 -0.9995843070563523 -0.02802425929677597 1.8073517310450236 0.025079878154215442 -0.028185853203603825 0.9992880252411842 -0.007770135521595299
1537 -0.9996604678610539 0.006285028622677423 0.025287297401486972 0.10734321935444363 -0.006998120666965618 -0.9995775032192077 -0.028210660480674343 1.8075311554309965 0.02509930879078661 -0.028378045613284154 0.9992820979212181 -0.007782676707663506
1538 -0.9996605931648824 0.006024363425381912 0.025345719902436364 0.10693364999829695 -0.006728009345525763 -0.999591728573795 -0.027768868497862004 1.8071712693141897 0.025168082213185394 -0.027929969794907798 0.9992929922826652 -0.0077793721312046805
1539 -0.9996639604952139 0.006036577178461398 0.025209637490641278 0.1069879835188373 -0.006741197457331009 -0.9995863220733512 -0.0279596312901889 1.8070420061121601 0.02503042834718938 -0.02812017889293893 0.9992911153394298 -0.007830884589516912
1540 -0.999661128844772 0.005933277622148956 0.02534607846701218 0.10689341092058838 -0.006642080336867969 -0.999586612908054 -0.027972952360953388 1.807107227807667 0.02516962943251474 -0.028131823822692387 0.9992872911446017 -0.007930106759341478
1541 -0.999664517705424 0.005860735703223124 0.025229027279855987 0.1070395192230422 -0.006568946315567708 -0.9995840799092014 -0.028080529499555838 1.8070358741240458 0.025053961458807984 -0.02823683710469596 0.999287236006417 -0.007840794714890294
1542 -0.9996611604134733 0.006184050977665053 0.025284815076801387 0.10720980510165093 -0.006889095337620705 -0.9995871823085857 -0.027892746894995032 1.8074440812186243 0.025101886889396935 -0.02805748522993264 0.9992910851179505 -0.007771771428806876
1543 -0.9996639278175818 0.006206861580618927 0.02516955082635222 0.10739673553016539 -0.006905934206085148 -0.9995901112000419 -0.02778340625597859 1.807463679849039 0.02498678635247014 -0.027947888288963232 0.9992970409479522 -0.007728554943328262
1544 -0.9996592966491393 0.006000103451439458 0.025402546737763123 0.10691666547027479 -0.00670896982709189 -0.9995878506502031 -0.027912695270367383 1.8072135056183136 0.025224598035960763 -0.028073610240741446 0.9992875422331565 -0.007896830899793138
1545 -0.9996638441518138 0.005963420481956246 0.025231652979024456 0.10692298129629396 -0.006669564314883662 -0.9995857996300396 -0.027995465519167376 1.8071453153645958 0.025054253285894557 -0.02815433881234972 0.9992895564344967 -0.007911023715107254
1546 -0.9996611455591203 0.0060291479881109025 0.02532278487000374 0.10721189129679981 -0.006734330570906841 -0.9995892777036842 -0.027855424815824408 1.8072300730233926 0.025144439758484082 -0.028016517886058155 0.9992911647139495 -0.007964908889565503
1547 -0.9996631326246378 0.0061360982927082895 0.025218437060304945 0.1072565047612151 -0.006842636887395177 -0.9995837567169964 -0.028026623579579333 1.8073849924363858 0.02503596593835677 -0.02818974293152381 0.9992890166524403 -0.007793906872777607
1548 -0.9996578703062068 0.005978655431032001 0.025463660630581017 0.10694693237496355 -0.006688238238021943 -0.9995890943885848 -0.027873102598544038 1.8070911590140937 0.02528655379279161 -0.028033873410520955 0.9992870919506526 -0.007923763819286401
1549 -0.9996605089489615 0.00617116296362874 0.025313703709489214 0.10718287212419199 -0.006879899054198266 -0.9995840438128359 -0.028007255208793446 1.8074630163094338 0.02513033698174718 -0.02817190272249119 0.9992871509528943 -0.0077998922065444405
1550 -0.9996619370472398 0.006004246002838961 0.025297443499150994 0.10678878407735323 -0.006708690868766649 -0.999589482365799 -0.027854267362476166 1.8072028154472497 0.02511981457875419 -0.028014563594375305 0.9992918388245375 -0.007923609472365369
1551 -0.9996612765355049 0.0059039371409192135 0.025347104789734527 0.10683369674933084 -0.006616222325626364 -0.9995829405678744 -0.028109972037138387 1.807169858648212 0.025170574033067397 -0.02826815261044785 0.9992834201316799 -0.007878563021004075
1552 -0.9996603795984148 0.006119836657253316 0.025331266429550567 0.10679386630585597 -0.006829070868650302 -0.9995843933313706 -0.028007220477902044 1.8073275912038156 0.02514933897172581 -0.0281706976685243 0.9992867068771057 -0.007807122736752271
