0 0.011705493695122898 0.018812128076711655 5 0.12019230769230768
0 0.005556413897211755 0.0046159863047577476 10 0.11428571428571428
0 0.005774068731977122 0.0054449806905656735 15 0.11269722013523667
1 0.010333998432387784 0.0181292699950283 5 0.11961722488038276
1 0.005366142903912989 0.004611176843165638 10 0.11389521640091115
1 0.006336512921107403 0.006265934788374172 15 0.11252813203300824
2 0.010452601916562101 0.020433691760508292 5 0.11933174224343673
2 0.005482201443481054 0.004734502123142155 10 0.11376564277588168
2 0.006405090973064404 0.0063731506852625725 15 0.1126126126126126
3 0.010283232997138358 0.01807170833151913 5 0.11904761904761904
3 0.00548493643349524 0.005085381742161999 10 0.11363636363636363
3 0.006150380358209932 0.006664032761388946 15 0.1126126126126126
4 0.010234181171479735 0.018392962498800274 5 0.11904761904761904
4 0.005599112124546093 0.005020726066775434 10 0.11363636363636363
4 0.006257667512573327 0.0068255986246397735 15 0.1126126126126126
5 0.009920977667418418 0.019943351796313374 5 0.11904761904761904
5 0.005458038787124557 0.004706427300896895 10 0.11363636363636363
5 0.006430744841222321 0.0067516851187812 15 0.11269722013523667
6 0.008954264270297111 0.02494616957635261 5 0.1187648456057007
6 0.004962986828087312 0.004341882984267111 10 0.11350737797956865
6 0.00643696794385483 0.006331358383209455 15 0.1126126126126126
7 0.008674563420583127 0.014436494093659047 5 0.1187648456057007
7 0.004700567878301245 0.004363918779984333 10 0.11350737797956865
7 0.006297905322376524 0.006670821641844991 15 0.1126126126126126
8 0.008480726846849938 0.01598366142090448 5 0.1187648456057007
8 0.004573509766957853 0.004707462351407557 10 0.11350737797956865
8 0.006411981928031622 0.007069352290239517 15 0.1126126126126126
9 0.008445121647968009 0.02074246573335576 5 0.11904761904761904
9 0.004458664045123117 0.006787792196200437 10 0.11363636363636363
9 0.006441451355777285 0.008659371295173203 15 0.11269722013523667
10 0.00835835140839166 0.027958855913222065 5 0.11904761904761904
10 0.0046943384789889355 0.009603301953225861 10 0.11363636363636363
10 0.0063297250744062 0.010351029362111411 15 0.11278195488721804
11 0.008487353759369397 0.032342652059310806 5 0.11933174224343673
11 0.004708385743958046 0.011750251309587073 10 0.11376564277588168
11 0.006198417247195565 0.011767113028120382 15 0.11278195488721804
12 0.009110492617095093 0.026941211941984615 5 0.11848341232227487
12 0.005453152400424344 0.009466739025408732 10 0.11337868480725623
12 0.005508653853100732 0.009806174480919494 15 0.11252813203300824
13 0.009421835279864406 0.020541321444934868 5 0.11792452830188678
13 0.005339216961687515 0.008049102102153335 10 0.11312217194570134
13 0.004995681856635055 0.008384898788510882 15 0.11235955056179775
14 0.009359760922774785 0.024572496029145054 5 0.11737089201877934
14 0.004966238800913923 0.006660808552803885 10 0.1128668171557562
14 0.004431157272299574 0.007863526944454509 15 0.11219147344801794
15 0.009354986343205196 0.0264106487341213 5 0.11737089201877934
15 0.004902195844254316 0.006649307300472586 10 0.1128668171557562
15 0.0043267290884216126 0.007803761379751092 15 0.11219147344801794
16 0.009656347555952018 0.01659325401992818 5 0.11737089201877934
16 0.0047669972813779 0.006639391311591925 10 0.1128668171557562
16 0.004272368889512094 0.008000796585087528 15 0.11219147344801794
17 0.009333736738265177 0.020173034746549034 5 0.11709601873536299
17 0.00493366141994104 0.006559663383925949 10 0.11273957158962795
17 0.004318812779926329 0.008102357590262633 15 0.11210762331838564
18 0.009359118064302896 0.019635506407137963 5 0.11737089201877934
18 0.004987932532306958 0.006383183829077456 10 0.1126126126126126
18 0.00431222248680698 0.008046080217506187 15 0.11210762331838564
19 0.008284934884840202 0.02666727705319529 5 0.11709601873536299
19 0.004801140149866039 0.0065500891130995205 10 0.11248593925759279
19 0.004128733660790066 0.008237127373635961 15 0.11202389843166542
20 0.008402090385058352 0.016419677287190126 5 0.11655011655011653
20 0.004610192373546503 0.0068322998348439145 10 0.11235955056179775
20 0.003957639550084057 0.008361407570806596 15 0.11194029850746269
21 0.008708681069887229 0.01890747602997977 5 0.11655011655011653
21 0.004423940550150388 0.006913795763813321 10 0.11235955056179775
21 0.003960559076302652 0.008431149388740476 15 0.11202389843166542
22 0.009200710237855944 0.02245401944783083 5 0.11655011655011653
22 0.0048667333110602295 0.006849427348488842 10 0.11223344556677889
22 0.0038974571021751277 0.00847327956702958 15 0.11194029850746269
23 0.009086341796317758 0.024276384662326445 5 0.11655011655011653
23 0.004932239244015238 0.006601638451248726 10 0.11223344556677889
23 0.003939021293431194 0.008526090074561062 15 0.11194029850746269
24 0.008157377140625992 0.013040901515943396 5 0.11627906976744186
24 0.004687528054727337 0.005907187761686904 10 0.11210762331838564
24 0.0037880147690175212 0.00857692440249504 15 0.11185682326621925
25 0.008194801364147682 0.016049391930485553 5 0.11600928074245939
25 0.004817220963295241 0.006005595487897865 10 0.1119820828667413
25 0.0037692820027813386 0.008735538062800367 15 0.11177347242921012
26 0.008020291287502222 0.024911560473075793 5 0.11574074074074073
26 0.004826541842999833 0.006491406854801765 10 0.1119820828667413
26 0.003639508108841381 0.008851896119416744 15 0.11169024571854057
27 0.008025328398146278 0.013732384155118784 5 0.11547344110854503
27 0.004678827597461469 0.006507407618171489 10 0.11173184357541899
27 0.0038426392630193807 0.009178545550405391 15 0.11160714285714285
28 0.008334746165348036 0.018251687625290957 5 0.11520737327188939
28 0.004888428811781388 0.006231747973896112 10 0.11173184357541899
28 0.0040095953209194945 0.00908218703296178 15 0.11152416356877323
29 0.008329592096324494 0.024991370933503468 5 0.11494252873563218
29 0.005148930448585859 0.005982748170606699 10 0.11160714285714285
29 0.0041329827010320765 0.009315719168428877 15 0.11144130757800892
30 0.007721534006944433 0.027625844749206558 5 0.11494252873563218
30 0.005086530547175142 0.005665892681537453 10 0.11160714285714285
30 0.004123048589776528 0.009275686782804504 15 0.11152416356877323
31 0.007990497476850851 0.011662440258034468 5 0.1146788990825688
31 0.005301119172482374 0.005900154675470604 10 0.11148272017837235
31 0.003664007945985213 0.009228022497902059 15 0.11144130757800892
32 0.008287999357305002 0.017404046808961553 5 0.11441647597254004
32 0.005513694685623872 0.006444496432568439 10 0.11135857461024498
32 0.0037811962654652623 0.009547647474250267 15 0.11135857461024498
33 0.00749732562066578 0.020683490998662353 5 0.11441647597254004
33 0.0056097417432128815 0.0059959447275982625 10 0.11123470522803114
33 0.0035667569417711037 0.00972327376407459 15 0.11127596439169138
34 0.007564708449990976 0.031634198660032906 5 0.11389521640091115
34 0.006195555613291731 0.005682819719988114 10 0.1111111111111111
34 0.003889504642485575 0.009657985949373287 15 0.1111934766493699
35 0.007433883073443841 0.012324261352849569 5 0.11363636363636363
35 0.005855282586443814 0.0057282616763170875 10 0.11098779134295227
35 0.003779189045566758 0.00968894297781135 15 0.1111111111111111
36 0.00672124975396297 0.01973383280381064 5 0.11337868480725623
36 0.005597780574451648 0.005724924633467634 10 0.11086474501108647
36 0.0034198450171436887 0.009730790711082397 15 0.11102886750555145
37 0.006891967397483977 0.019680902112794156 5 0.11363636363636363
37 0.005810211142592144 0.005692039478852164 10 0.11086474501108647
37 0.003492469244390452 0.009609632416007402 15 0.11102886750555145
38 0.0068802875632990685 0.012372153619088803 5 0.1128668171557562
38 0.006232338020094667 0.005556224721156724 10 0.11061946902654866
38 0.0038574128726540486 0.008697455137810376 15 0.11078286558345642
39 0.006654360812659366 0.019996751274336762 5 0.1126126126126126
39 0.005583230554391863 0.005715967695812771 10 0.11049723756906077
39 0.0042401994781896745 0.008116953128252401 15 0.11061946902654868
40 0.007418430923811807 0.02821242455120492 5 0.11235955056179775
40 0.006840586308026959 0.005956367848094143 10 0.11037527593818984
40 0.0036345938090609963 0.0063169972364735295 15 0.1079913606911447
41 0.00788399926134678 0.00856077654530345 5 0.11235955056179775
41 0.007708938113329032 0.006613570346154271 10 0.11025358324145534
41 0.003660256552722575 0.006173421119495729 15 0.10775862068965517
42 0.007953616189835038 0.01430193859760386 5 0.11210762331838564
42 0.007640777816515114 0.006283839194151683 10 0.11025358324145534
42 0.0038024747042125382 0.005962614344961493 15 0.10760401721664276
43 0.0077997971076650225 0.021911664757956015 5 0.11185682326621924
43 0.007138498447251808 0.00657645425183849 10 0.11013215859030835
43 0.003991784370990664 0.006202158370919739 15 0.10737294201861129
44 0.007380781659197264 0.025702314830021934 5 0.11185682326621924
44 0.0069313344020494536 0.006271461462627305 10 0.11001100110011
44 0.003587244607590713 0.006402872038169535 15 0.10683760683760683
45 0.007326260948097361 0.008697848666726403 5 0.11185682326621924
45 0.006916803055754396 0.006422450304685403 10 0.11001100110011
45 0.003978355523356287 0.007006899641553449 15 0.1066098081023454
46 0.007513227122960979 0.015467766928041813 5 0.11160714285714285
46 0.007238082648452414 0.007096279329605397 10 0.10989010989010989
46 0.00400001198659868 0.007118013394817869 15 0.1028101439342015
47 0.0070609032311118635 0.019402322680204274 5 0.11160714285714285
47 0.00711174450514535 0.007016093578291266 10 0.10989010989010989
47 0.0036984361457935238 0.007039894981605261 15 0.10273972602739725
48 0.006713363837109047 0.027553837592017905 5 0.11135857461024498
48 0.007176184159819654 0.007777743269966222 10 0.1097694840834248
48 0.004155078729870145 0.006935213203923175 15 0.10245901639344263
49 0.00726090355179277 0.0329279595028114 5 0.11135857461024498
49 0.007440595919197815 0.010314523413695365 10 0.1097694840834248
49 0.004470367938227031 0.007046873677565001 15 0.10245901639344263
50 0.007924213819769325 0.012360078318512253 5 0.1111111111111111
50 0.007414516785718232 0.010573864409091837 10 0.10989010989010989
50 0.004770708224669946 0.006672048804933783 15 0.10224948875255623
51 0.007725824548713183 0.020840320297472917 5 0.11086474501108647
51 0.007237218591964824 0.012314456672250833 10 0.10989010989010989
52 0.007697338762210955 0.02417144172469918 5 0.11086474501108647
52 0.00716048112598369 0.013871797623723741 10 0.10989010989010989
53 0.0077278180349426556 0.03191867188101237 5 0.11086474501108647
53 0.007172044978016459 0.015144420236321657 10 0.11001100110011
54 0.008313864050066835 0.01864128610607127 5 0.11061946902654866
54 0.007424587585771752 0.017037574100097843 10 0.11001100110011
55 0.008431085445437449 0.028111958614264097 5 0.11061946902654866
55 0.007575771558674438 0.015059244594106907 10 0.10989010989010989
56 0.008295559895530708 0.03272156276488626 5 0.11037527593818984
56 0.007876388427179243 0.012589099568702486 10 0.10964912280701754
57 0.008309999173761993 0.03616640378761261 5 0.11013215859030835
57 0.007533907582837536 0.010989513281796473 10 0.10940919037199125
58 0.008307028089501598 0.013439243445195509 5 0.10964912280701754
58 0.007282646456704204 0.010160024111710832 10 0.10917030567685589
59 0.008315016060342687 0.020312647946832362 5 0.10940919037199125
59 0.007087396891275454 0.010736080527718123 10 0.10905125408942203
60 0.007900666365641218 0.0258810296261759 5 0.10940919037199125
60 0.007282448463608528 0.01037536486131015 10 0.10905125408942203
61 0.00830360145335857 0.029137261927142128 5 0.10940919037199125
61 0.007445548772718956 0.010726721669877289 10 0.10905125408942203
62 0.009307134226749673 0.013136937858047513 5 0.10917030567685589
62 0.0074528630842967845 0.010794789077151836 10 0.10893246187363834
63 0.00927368624193552 0.01833383472479101 5 0.10917030567685589
63 0.00749992342408267 0.011091358812470553 10 0.10893246187363834
64 0.009493312381413562 0.02193506235784762 5 0.10917030567685589
64 0.008038431259159156 0.011919849363723206 10 0.10893246187363834
65 0.009270765085142962 0.011060552392990917 5 0.10893246187363834
65 0.007943660561079136 0.011525893301405212 10 0.10869565217391304
66 0.009318908180752577 0.01394721172706737 5 0.10893246187363834
66 0.006683938149054711 0.012731622824031388 10 0.10857763300760043
67 0.009380801307028638 0.013365861025365269 5 0.10917030567685589
67 0.00668871517432063 0.013613085138424802 10 0.10845986984815618
68 0.009171947487490893 0.022105416902311104 5 0.10893246187363834
68 0.00947910218350707 0.01436170541162372 10 0.10615711252653927
69 0.008835786513407084 0.026814948665062472 5 0.10893246187363834
69 0.008483502122639309 0.01562484277349661 10 0.10582010582010581
70 0.008664591952965543 0.010771855911929081 5 0.10893246187363834
70 0.0073811202422598325 0.015741332047766166 10 0.10570824524312895
71 0.009060190637473618 0.010053226234148786 5 0.10917030567685589
71 0.0064870430488290064 0.016025925243072336 10 0.10559662090813093
72 0.010114688790840357 0.01578442433655226 5 0.10917030567685589
72 0.006201454124174087 0.015708901641553925 10 0.10548523206751054
73 0.01052636385267401 0.019060198991527368 5 0.10917030567685589
73 0.006075558521411953 0.015790946125019044 10 0.10548523206751054
74 0.010052087152298269 0.022078694382334157 5 0.10917030567685589
74 0.0065527606391998835 0.015898324400696523 10 0.10537407797681769
75 0.010095339535860833 0.030237515815634258 5 0.10893246187363834
75 0.006508259662246822 0.015589843473010855 10 0.10537407797681769
76 0.010249597359471488 0.010368345082211707 5 0.10893246187363834
76 0.0063633432105964826 0.015969138788387634 10 0.10526315789473684
77 0.010618504548540542 0.014529781467405254 5 0.10893246187363834
77 0.006204629597590719 0.016200427900830792 10 0.10515247108307044
78 0.011053197801677014 0.02017020135805524 5 0.10869565217391304
78 0.006012338042961758 0.015954910870519243 10 0.10515247108307044
79 0.011155188468445666 0.02081071067966481 5 0.10893246187363834
79 0.005970005933601074 0.015878913955768126 10 0.10515247108307044
80 0.011142862855924519 0.024764321988798382 5 0.10893246187363834
80 0.005931172610459577 0.015659543563085635 10 0.10526315789473684
81 0.01007326592492552 0.024084815126777345 5 0.10917030567685589
81 0.005670148534973012 0.0173097086721277 10 0.10526315789473684
82 0.010662634462298943 0.021796322983451345 5 0.10940919037199125
82 0.006331902146105887 0.016240132552269436 10 0.10526315789473684
83 0.010762303839905934 0.005980424713669734 5 0.10940919037199125
83 0.006241316653522239 0.015406381431552579 10 0.10526315789473684
84 0.01124309151594952 0.008955114217235379 5 0.10940919037199125
84 0.006184750813739979 0.015038807441992713 10 0.10515247108307044
85 0.011519504956741311 0.00919092233018407 5 0.10964912280701754
85 0.006204566000425096 0.01686391311439422 10 0.10504201680672269
86 0.011583889185450892 0.01305289544071007 5 0.10964912280701754
86 0.006122738314657147 0.01991183892615665 10 0.10504201680672269
87 0.011772209003222312 0.021908720700888437 5 0.10964912280701754
87 0.006137011674841867 0.01950844527326575 10 0.10504201680672269
88 0.011724617359869448 0.012908138483152106 5 0.10964912280701754
88 0.006071331633262509 0.017114857683459904 10 0.10504201680672269
89 0.012057516053573858 0.01777042783360013 5 0.10964912280701754
89 0.005989793407448616 0.016738157280756887 10 0.10515247108307044
90 0.011659857468471988 0.02226438295334496 5 0.10964912280701754
90 0.006265014688515843 0.014788852930671592 10 0.10515247108307044
91 0.010999265560528352 0.025964251793232557 5 0.10964912280701754
91 0.006275670031469417 0.014616833261123846 10 0.10526315789473684
92 0.0109484143463176 0.015564281432170405 5 0.10964912280701754
92 0.005975644680858623 0.014980670440671149 10 0.10537407797681769
93 0.011014119910277533 0.021645886254573442 5 0.10964912280701754
93 0.005639794171609516 0.01406208131789779 10 0.10537407797681769
94 0.010855962230327162 0.022146585020237336 5 0.10964912280701754
94 0.005646058736207105 0.012768262946561245 10 0.10548523206751054
95 0.01120295252229627 0.026076426431430526 5 0.10964912280701754
95 0.00568756968377823 0.01290668969270049 10 0.10548523206751054
96 0.011097967884187555 0.015961908510247064 5 0.10964912280701754
96 0.005678366983921745 0.0137083387723352 10 0.10548523206751054
97 0.0108843341527557 0.019689206745895284 5 0.10964912280701754
97 0.00563273675720402 0.01359770961444735 10 0.10548523206751054
98 0.011248742133550278 0.022827136884191187 5 0.10964912280701754
98 0.00559988141154698 0.01281597996537879 10 0.10559662090813093
99 0.011364375123328243 0.02827051047075082 5 0.10964912280701754
99 0.005412845056780094 0.01264566170527157 10 0.10559662090813093
100 0.011596691491983387 0.03146809423255063 5 0.10964912280701754
100 0.005211041915146616 0.012364106641555527 10 0.10559662090813093
101 0.011493718988895289 0.016536518112535335 5 0.10964912280701754
101 0.005095919018125538 0.013068343300949475 10 0.10570824524312895
102 0.011161098958872063 0.02060789865124081 5 0.10964912280701754
102 0.00508847909223365 0.013246875631157026 10 0.10570824524312895
103 0.010979965482738555 0.024979081104661863 5 0.10964912280701754
103 0.005207320063307814 0.013084993549466748 10 0.10570824524312895
104 0.01150092561730453 0.016844438855582768 5 0.10964912280701754
104 0.005169038609656303 0.011679483896954806 10 0.10570824524312895
105 0.011286485982030456 0.019069912651206052 5 0.10964912280701754
105 0.005217264997048339 0.012700462252405101 10 0.10582010582010581
106 0.01132436720796014 0.019259723130604464 5 0.10964912280701754
106 0.005323229123757004 0.013056823868096618 10 0.10582010582010581
107 0.011661427944049705 0.018683460012076217 5 0.10964912280701754
107 0.0054287742879830765 0.013125311469543927 10 0.10582010582010581
108 0.01232502640394046 0.017218914246252572 5 0.10964912280701754
108 0.005373924069499504 0.012680076293952628 10 0.10582010582010581
109 0.012775980826725467 0.018120527098902516 5 0.10964912280701754
109 0.005240364483548023 0.012373585843174242 10 0.10582010582010581
110 0.012845296472858977 0.01922130198482499 5 0.10964912280701754
110 0.0052546610487587495 0.012645012112813995 10 0.10582010582010581
111 0.012596710245481585 0.018706597229529123 5 0.10964912280701754
111 0.005259433257218141 0.012461695056235653 10 0.1059322033898305
112 0.012562819959135274 0.018040429147739984 5 0.10964912280701754
112 0.005573751082615188 0.012388140369473631 10 0.1059322033898305
113 0.012258428959624684 0.018482247517451818 5 0.10964912280701754
113 0.005471254660093391 0.012570037805004302 10 0.1059322033898305
114 0.012203596430141442 0.01859508053273381 5 0.10989010989010989
114 0.005604976981946357 0.012166362467432 10 0.1059322033898305
115 0.011739875647219497 0.017548236383721598 5 0.10989010989010989
115 0.005279255989902667 0.011558876783979696 10 0.10582010582010581
116 0.011459890292619446 0.01759597486579702 5 0.10989010989010989
116 0.0050090101033915735 0.011273013297812553 10 0.10582010582010581
117 0.01097789905113358 0.018261898963302402 5 0.10989010989010989
117 0.004825355326422876 0.011322791080186616 10 0.10582010582010581
118 0.01022208437821123 0.018090667596410478 5 0.10989010989010989
118 0.004826774717637194 0.0110108959981525 10 0.10570824524312895
119 0.009281817156627719 0.017018766737754435 5 0.10989010989010989
119 0.004735715394090094 0.010518834515210431 10 0.10559662090813093
120 0.00948268934603137 0.01664671419777943 5 0.10989010989010989
120 0.0042155004667396145 0.010406917123497847 10 0.10537407797681769
121 0.0097841597354802 0.017124629554657496 5 0.10989010989010989
121 0.00445432871981455 0.010818137796877623 10 0.10493179433368309
122 0.009021817215688687 0.015928772823056374 5 0.10989010989010989
122 0.004468167713076651 0.010743664419556669 10 0.10471204188481675
123 0.009135037402683512 0.015665040449334464 5 0.11013215859030835
123 0.004398731468116186 0.010452629237133701 10 0.10427528675703858
124 0.009107900552718377 0.014033141277174662 5 0.10989010989010989
124 0.00438784841134072 0.01035479349755746 10 0.10395010395010394
125 0.008532964730951522 0.014653798156034615 5 0.10989010989010989
125 0.00452722263598623 0.010249017341653713 10 0.10362694300518134
126 0.008231391899040978 0.014169983682426612 5 0.10964912280701754
126 0.00435182340682017 0.010128317416375895 10 0.1026694045174538
127 0.008586131649406093 0.01466041203993997 5 0.10940919037199125
127 0.004205141332743868 0.010591387073294243 10 0.09765625
128 0.008015085664677181 0.013820885263025861 5 0.10917030567685589
128 0.004566801490909356 0.011642196801763722 10 0.0975609756097561
129 0.00789722293238879 0.013584847223435184 5 0.10869565217391304
129 0.004564236039782983 0.012069950941086706 10 0.0973709834469328
130 0.008476107797382946 0.013459535365101258 5 0.10775862068965517
130 0.004532410464871824 0.012458596422566897 10 0.0973709834469328
131 0.007786417951785736 0.01326291118613809 5 0.1070663811563169
131 0.004125291154120903 0.012457522505733747 10 0.09718172983479105
132 0.0075749109055238805 0.012522713791683607 5 0.10638297872340426
132 0.003989037866316419 0.0125308716705787 10 0.09718172983479105
133 0.007276206427514543 0.014478421422185497 5 0.10309278350515463
133 0.0036658082652601927 0.010258035372989204 10 0.09699321047526673
134 0.0074151747305971 0.01360442030780828 5 0.102880658436214
134 0.0038544777430896474 0.01029862839484671 10 0.09680542110358178
135 0.006994645365198618 0.01353332065580922 5 0.10245901639344261
135 0.004232355853485613 0.008336154845055333 10 0.09496676163342829
136 0.007148400997214 0.009932859843593439 5 0.09861932938856015
136 0.004747816072287134 0.007538738076824238 10 0.0947867298578199
137 0.00720816337971591 0.00965376194618377 5 0.09823182711198428
137 0.005498409282668445 0.007037947816464449 10 0.0946969696969697
138 0.007298281390288602 0.009610784212079141 5 0.09803921568627451
138 0.00570265705352829 0.0068039545050052235 10 0.0946969696969697
139 0.007443674105994694 0.009550786417712941 5 0.09784735812133072
139 0.005919281315869667 0.0065173518317160825 10 0.0946969696969697
140 0.007418466672020825 0.010101197796237126 5 0.09765625
140 0.0057969274991402815 0.005934560796419721 10 0.0946969696969697
141 0.008195704706591238 0.010761758920114127 5 0.09746588693957114
141 0.00586046036465728 0.005831762250325962 10 0.0946969696969697
142 0.007618008546116292 0.010618551127797703 5 0.09727626459143968
142 0.005820921145296778 0.0057613235043911856 10 0.0946969696969697
143 0.006866270019724849 0.010768042462540988 5 0.09671179883945841
143 0.005759770746223316 0.005452965227824633 10 0.0946969696969697
144 0.00826430852946259 0.010552632595666063 5 0.09596928982725528
144 0.005552938619086891 0.005558660846648898 10 0.0946969696969697
145 0.002273467762183641 0.012137753913785292 5 0.08787346221441124
145 0.005741857661982401 0.005560734114266658 10 0.0946969696969697
146 0.0015328106639925982 0.010047110586066364 5 0.08787346221441124
146 0.005754869077670519 0.005601843034294483 10 0.0947867298578199
147 0.001703252178309439 0.007867325747426688 5 0.08741258741258741
147 0.0051927926016126355 0.005157359441223785 10 0.0946969696969697
148 0.0014907447589599496 0.008282403323496626 5 0.08726003490401396
148 0.005200040358964775 0.005126347265957671 10 0.0946969696969697
149 0.0013596440443386705 0.008571313285314276 5 0.08710801393728222
149 0.005462770213221781 0.005057265455503534 10 0.0946969696969697
150 0.0017917365302928911 0.009171008235932088 5 0.08695652173913043
150 0.005522074843710969 0.005094026648680316 10 0.0946969696969697
151 0.0015984474782877213 0.00979332347386636 5 0.08665511265164644
151 0.005482722900181174 0.005178404173861955 10 0.0947867298578199
152 0.0041504897563781635 0.012271106939141687 5 0.08278145695364238
152 0.005308968439604725 0.005174012949186858 10 0.0946969696969697
153 0.002124567224763417 0.012857821061429025 5 0.08264462809917356
153 0.005238921800925195 0.004599128002993847 10 0.0946969696969697
154 0.0025271779767541544 0.013311711527152922 5 0.08264462809917356
154 0.005173437400163109 0.004560510451517085 10 0.0946969696969697
155 0.0029401425935954594 0.013933962346460032 5 0.08264462809917356
155 0.0051228972508836675 0.0045933462773471625 10 0.0947867298578199
156 0.0029809951227920363 0.014834713214316484 5 0.08264462809917356
156 0.004870558243447948 0.004662248107964123 10 0.0946969696969697
157 0.0027111346516924617 0.01463601000639891 5 0.08264462809917356
157 0.0048186065062062996 0.004700697240080488 10 0.0947867298578199
158 0.0025078172202255278 0.014827413430936093 5 0.08264462809917356
158 0.0048773811835879305 0.0046574068205016955 10 0.0947867298578199
159 0.0020159992637794623 0.014194877684447962 5 0.08264462809917356
159 0.004920056521042737 0.004526122319857028 10 0.0947867298578199
160 0.001772212100766558 0.013961910263095487 5 0.08264462809917356
160 0.005050233514092487 0.0045905966150526405 10 0.0947867298578199
161 0.0015870571821071152 0.013904062890622246 5 0.08264462809917356
161 0.005239778541212837 0.004479957727855284 10 0.0947867298578199
162 0.0015320486881367844 0.013760636765503412 5 0.08264462809917356
162 0.005274827480233163 0.004658084162375296 10 0.0947867298578199
163 0.0018341460848796775 0.014024397910987385 5 0.08264462809917356
163 0.00535097986748781 0.00474291781896615 10 0.09487666034155597
164 0.0018628904702920868 0.014276440741643068 5 0.08264462809917356
164 0.005455273835909161 0.004679905520644449 10 0.09487666034155597
165 0.001641081639860097 0.013508252286000203 5 0.08264462809917356
165 0.005493369285950926 0.004266230113006227 10 0.09487666034155597
166 0.0012256290984892265 0.013581710942327851 5 0.08264462809917356
166 0.005460619785551826 0.004425560931045074 10 0.09487666034155597
167 0.0014461140393899718 0.016023899100047125 5 0.08264462809917356
167 0.005638495325933597 0.00445352235365457 10 0.09487666034155597
168 0.001463200454720704 0.015843994343356503 5 0.08264462809917356
168 0.005751475489100233 0.004376348216619752 10 0.09487666034155597
169 0.0014705069065178438 0.016059815440973353 5 0.08264462809917356
169 0.005944804732731785 0.004314293408951667 10 0.09487666034155597
170 0.0014172561873627995 0.016250706893935974 5 0.08264462809917356
170 0.006002303855946368 0.004382693482111463 10 0.09496676163342829
171 0.0013805773957712428 0.016388975144453272 5 0.08264462809917356
171 0.006184062481989267 0.004389347179737062 10 0.09487666034155597
172 0.001625648635890314 0.015222079363093713 5 0.08264462809917356
172 0.006126373696834119 0.00411335570287639 10 0.09496676163342829
173 0.0017484492369162657 0.015066296086875267 5 0.08264462809917356
173 0.006027665987691418 0.004164674755587608 10 0.09505703422053231
174 0.0015457805706948237 0.014859879867399154 5 0.08264462809917356
174 0.00596212027063602 0.004275665639291033 10 0.09505703422053231
175 0.0015301856698727355 0.014825050257712169 5 0.08264462809917356
175 0.005887112809293524 0.004474655486801166 10 0.09505703422053231
176 0.0016588456520456566 0.014720820414348116 5 0.08278145695364238
176 0.005737521059497158 0.004381271405481611 10 0.09505703422053231
177 0.0015961873989987039 0.014554072371779594 5 0.08278145695364238
177 0.005683568261362325 0.00433311661279781 10 0.09505703422053231
178 0.001611639530923094 0.014702138757312647 5 0.08291873963515754
178 0.00567792309016669 0.004577577020913672 10 0.09505703422053231
179 0.0017866555773714664 0.014950747940845794 5 0.08291873963515754
179 0.005662473147545999 0.004768461208586221 10 0.09505703422053231
180 0.0017815819202189928 0.013775099897308477 5 0.08291873963515754
180 0.005704725306836715 0.004117463051919708 10 0.09505703422053231
181 0.0018179201627044363 0.013458425144858436 5 0.08291873963515754
181 0.005657858509812662 0.004142279273195168 10 0.09505703422053231
182 0.0019342399105136067 0.013511388246891848 5 0.08305647840531562
182 0.005703644107282237 0.004106989266012791 10 0.09505703422053231
183 0.0018961620539146007 0.01393777114624351 5 0.08319467554076539
183 0.005819362821778902 0.004124496265681191 10 0.09505703422053231
184 0.00196583905419068 0.01381161523546431 5 0.08305647840531562
184 0.005899432015844148 0.004137783637898821 10 0.09514747859181731
185 0.001633327012203093 0.01507539843248162 5 0.08305647840531562
185 0.005971117462870624 0.004342188259884227 10 0.09505703422053231
186 0.0018436421122998258 0.015535970402577957 5 0.08305647840531562
186 0.006025886674996286 0.0045053670440550015 10 0.09505703422053231
187 0.0018788632264406368 0.015073881013961149 5 0.08305647840531562
187 0.006029956679190962 0.004541530470375724 10 0.09514747859181731
188 0.0018584270068675427 0.014337162259436287 5 0.08319467554076539
188 0.005883358960647813 0.004081465588417853 10 0.09505703422053231
189 0.0018937878479031787 0.014503523151670916 5 0.08333333333333333
189 0.005858547523774767 0.004154651457623668 10 0.09514747859181731
190 0.002291992433819561 0.014695090646654977 5 0.08319467554076539
190 0.005909597966921784 0.004374230853225483 10 0.09514747859181731
191 0.0025220237033310323 0.014694646048136143 5 0.08319467554076539
191 0.006019323712156142 0.0044473222439434055 10 0.09514747859181731
192 0.002350761900733129 0.015093162627048679 5 0.08333333333333333
192 0.006031338107286206 0.004408237043153275 10 0.09514747859181731
193 0.001974964896621125 0.015711616440760336 5 0.08319467554076539
193 0.00585668273269226 0.004464423439924318 10 0.09514747859181731
194 0.0018970519457832745 0.01602284409637595 5 0.08319467554076539
194 0.005528492675015191 0.004824246483256912 10 0.09514747859181731
195 0.0016797860074560986 0.016527440776837602 5 0.08319467554076539
195 0.0054859944441862365 0.004971616194965732 10 0.09514747859181731
196 0.001572504116894771 0.016097692562793732 5 0.08319467554076539
196 0.005459885394330394 0.004678939367518371 10 0.09514747859181731
197 0.001568641879912979 0.016540368644710764 5 0.08333333333333333
197 0.00532470698514782 0.004809467927267837 10 0.09514747859181731
198 0.0011533002827039335 0.017988350577305457 5 0.08333333333333333
198 0.005475122873285292 0.005228251557950244 10 0.09514747859181731
199 0.0010949104748359925 0.018303240008715936 5 0.08347245409015024
199 0.005663190790187285 0.0050390660776171185 10 0.09514747859181731
200 0.0007328849437778894 0.018263244478594894 5 0.08347245409015024
200 0.005781618173856773 0.004959275158114171 10 0.09514747859181731
201 0.0007778385472167425 0.01824502014193748 5 0.08347245409015024
201 0.005885662493770349 0.0050865956640958635 10 0.09514747859181731
202 0.00106558705104509 0.01840336986935189 5 0.08347245409015024
202 0.005788666296272314 0.005408544445679784 10 0.09514747859181731
203 0.001710922932965242 0.017761123620828587 5 0.08347245409015024
203 0.00535351758036816 0.005199326403795962 10 0.09514747859181731
204 0.001876335949274103 0.01698311001907283 5 0.08361204013377926
204 0.00529863446561917 0.00503567945712739 10 0.09523809523809523
205 0.0017449659960213216 0.017367858891868974 5 0.08361204013377926
205 0.005339741379205247 0.005139300333700092 10 0.09523809523809523
206 0.0014782044854526157 0.018224040513895486 5 0.08361204013377926
206 0.005646354646288877 0.005565739629695808 10 0.09523809523809523
207 0.0019366997710444245 0.018165777014135593 5 0.08361204013377926
207 0.005631834679652172 0.005354895501694037 10 0.09523809523809523
208 0.0019206169848028445 0.019286103627110692 5 0.08375209380234505
208 0.006013617385298019 0.005395540378804053 10 0.09523809523809523
209 0.0015952068464407311 0.020320063790257935 5 0.08389261744966443
209 0.006143235035327557 0.0060573262740421475 10 0.09523809523809523
210 0.0016708102237411658 0.020275418476824215 5 0.08389261744966443
210 0.006042060415820739 0.006157309516288025 10 0.09532888465204957
211 0.0017305045153028615 0.02139900464034517 5 0.08389261744966443
211 0.00630824541580023 0.00657858391663548 10 0.09532888465204957
212 0.0016788569506453212 0.02106497257686635 5 0.08403361344537816
212 0.0061838896256463 0.00633204657655278 10 0.09532888465204957
213 0.001471620150368764 0.021205106109505538 5 0.08403361344537816
213 0.006192932087528636 0.006573199325053888 10 0.09541984732824427
214 0.0013664923553087834 0.021746809912457553 5 0.08417508417508417
214 0.005967785109022841 0.006913859887966528 10 0.09541984732824427
215 0.001247890415680909 0.022216524038875956 5 0.08431703204047217
215 0.005948187686985496 0.0071502936202671105 10 0.09551098376313276
216 0.0007591253874005657 0.022009839353040125 5 0.08431703204047217
216 0.005271292826194522 0.007350676257707531 10 0.09551098376313276
217 0.0011288459838245065 0.02396029316882136 5 0.08445945945945946
217 0.005728074082894963 0.008148726637097144 10 0.09560229445506692
218 0.002216366616294571 0.02612804388497673 5 0.08460236886632826
218 0.00635557901860361 0.009031603740758712 10 0.09569377990430622
219 0.0020824309822096176 0.026785832930526703 5 0.0847457627118644
219 0.006341353435207142 0.009405417858679477 10 0.09578544061302681
220 0.00179876716134396 0.026250341952974952 5 0.08488964346349745
220 0.006117010489472445 0.009167070743426108 10 0.09587727708533077
221 0.001180436171845186 0.02559407516545026 5 0.08503401360544217
221 0.005768123281811345 0.008912296830935452 10 0.09596928982725528
222 0.0012134289653243167 0.025443918551029586 5 0.08517887563884156
222 0.005836669986513095 0.00882211369568641 10 0.09596928982725528
223 0.0015094498223078858 0.025827095707522264 5 0.08532423208191126
223 0.005986694025506864 0.008952508689892662 10 0.09606147934678193
224 0.001466920955565153 0.025786434324712643 5 0.08547008547008547
224 0.005951593609912057 0.00892473527742093 10 0.09615384615384616
225 0.0014169556332367926 0.025707725547890425 5 0.08561643835616438
225 0.005915485481950449 0.008911372781825397 10 0.09624639076034648
226 0.001359886374689446 0.025574953517474398 5 0.08576329331046312
226 0.005860707820971269 0.008834364842617674 10 0.09633911368015413
227 0.0012546498387070583 0.025517873669901804 5 0.0859106529209622
227 0.005839220183374743 0.008845992835008965 10 0.09643201542912247
228 0.0012352843191249106 0.025542821621859314 5 0.08605851979345955
228 0.005828341397908296 0.008840842439297726 10 0.09652509652509651
229 0.001250506744067681 0.025595092686203514 5 0.08620689655172414
229 0.0058468604404159925 0.008860292021478764 10 0.0966183574879227
230 0.001113681124164714 0.025444702066919574 5 0.08635578583765112
230 0.005778861142971095 0.008813736300719799 10 0.09671179883945841
231 0.0012502029922189886 0.02563820660027838 5 0.08650519031141868
231 0.005867223592825344 0.00889052475572256 10 0.09680542110358178
232 0.0013102418381403837 0.025697156871210686 5 0.08665511265164644
232 0.005886336958260215 0.008945174583255819 10 0.09689922480620154
233 0.001201466047501748 0.02561687996176264 5 0.08680555555555555
233 0.005823335455252015 0.008913471930171796 10 0.09699321047526673
234 0.0012686583778429102 0.025752487389278416 5 0.08695652173913043
234 0.005882363894481788 0.008985766572009755 10 0.0970873786407767
235 0.0012504324209231367 0.025647884625153154 5 0.08710801393728222
235 0.005867500632018044 0.008912702859504995 10 0.09718172983479105
236 0.0012434177026273497 0.025745483597062885 5 0.08726003490401396
236 0.005879776749806178 0.008962859603383487 10 0.09727626459143968
237 0.0012861705033579206 0.02562194396684011 5 0.08741258741258741
237 0.005877079301604399 0.00886708840528088 10 0.0973709834469328
238 0.001134426894675922 0.02546752453455848 5 0.08756567425569177
238 0.0058050976892847 0.008836059401104 10 0.09746588693957114
239 0.0009323522487621813 0.025503263207181725 5 0.08771929824561403
239 0.005631488036686944 0.009018560591298633 10 0.0975609756097561
240 0.0014943232339512751 0.026089577001153857 5 0.08787346221441124
240 0.005733328151511821 0.009439531193315727 10 0.09765625
241 0.002247859440176825 0.026459758244172515 5 0.0880281690140845
241 0.005758669083169055 0.009835157559756946 10 0.09775171065493644
242 0.0032386536014173207 0.027028184612189816 5 0.0880281690140845
242 0.005795166484959756 0.010372173158174621 10 0.09784735812133072
243 0.0032123588197116083 0.027449140059586524 5 0.08818342151675485
243 0.005760479411943352 0.010575054767154172 10 0.0979431929480901
244 0.0024897510710024016 0.027313101053947825 5 0.08833922261484099
244 0.005712749308107801 0.010286696736584604 10 0.09803921568627451
245 0.0014357130398130217 0.027172129694528858 5 0.08849557522123894
245 0.005706134798652556 0.00965336012891106 10 0.09813542688910697
246 0.0023773618017521553 0.02773484965124499 5 0.08865248226950354
246 0.005892644064751066 0.009259535436291764 10 0.09823182711198428
247 0.003198788168492662 0.027761360295905414 5 0.08865248226950354
247 0.006152851218640272 0.008979984341412579 10 0.09823182711198428
248 0.0026324863850609856 0.027404781971117703 5 0.08880994671403196
248 0.00606111423100132 0.009049784642833342 10 0.09832841691248771
249 0.0021007720634450898 0.02715566936426122 5 0.0889679715302491
249 0.005884114483859912 0.00911309001376848 10 0.09842519685039369
250 0.0022439466219858445 0.027682202360948677 5 0.0889679715302491
250 0.006033946463321764 0.009220829422532117 10 0.09842519685039369
251 0.0019420051772455183 0.02731358420744513 5 0.08912655971479501
251 0.005859738893867138 0.009097658404777583 10 0.09852216748768473
252 0.0020340008579588396 0.027374961250580955 5 0.08928571428571429
252 0.0059225019135316125 0.009112522541114536 10 0.09861932938856015
253 0.0019815309875770445 0.027301121246594163 5 0.08944543828264757
253 0.005994592053965134 0.009153581099050238 10 0.09861932938856015
254 0.001690514482866882 0.02727503466446739 5 0.08960573476702509
254 0.005935538455874873 0.009307825063386564 10 0.09871668311944717
255 0.0011247627185229266 0.026628635519183624 5 0.08960573476702509
255 0.005639747807322978 0.009127006461567808 10 0.09881422924901186
256 0.0012165757513933682 0.026589922384099397 5 0.08976660682226212
256 0.005702557824871139 0.009029286200754253 10 0.09881422924901186
257 0.0021892543354740876 0.02704132325547564 5 0.08992805755395683
257 0.0062640896640497965 0.00927069224706117 10 0.09891196834817012
258 0.0021363075455646118 0.026144612337869445 5 0.08992805755395683
258 0.006425708362203253 0.009269244786551415 10 0.09891196834817012
259 0.0014976432223630647 0.025199856826798844 5 0.09009009009009009
259 0.0060025081871890205 0.008825613015499141 10 0.09900990099009901
260 0.0009556489987081494 0.024075716571200674 5 0.09025270758122743
260 0.005499827989565347 0.008124743397860183 10 0.09910802775024777
261 0.0010548576329690537 0.024123684861788793 5 0.09041591320072331
261 0.005735241259737459 0.008053727189533639 10 0.0992063492063492
262 0.0012236491615458174 0.024201242638930143 5 0.09041591320072331
262 0.005984258220189385 0.008139566569644263 10 0.09930486593843098
263 0.0012171188455254171 0.024002061887852585 5 0.09057971014492754
263 0.005919387453098451 0.008002423263318612 10 0.09940357852882703
264 0.001050156073890191 0.023450139435599402 5 0.09074410163339383
264 0.0057246818077586045 0.007734750966574416 10 0.09950248756218906
265 0.0012232911865536046 0.02423236700766983 5 0.09074410163339383
265 0.005743964582477258 0.008051457955039445 10 0.099601593625498
266 0.0014075051422109768 0.02412199048210857 5 0.09090909090909091
266 0.005761258314896882 0.007893206623414752 10 0.09970089730807576
267 0.001568066517908581 0.025321244045195014 5 0.09107468123861566
267 0.005737716665927611 0.008430340440046848 10 0.09970089730807576
268 0.0014564827494779058 0.02330092516373823 5 0.09124087591240876
268 0.00578870017494198 0.007661996593481333 10 0.0998003992015968
269 0.002827214294516554 0.025320477485707517 5 0.09140767824497258
269 0.006686437370188826 0.008802015085851583 10 0.09990009990009989
270 0.003170085496884045 0.024986862339500086 5 0.09157509157509157
270 0.006893275056479703 0.008638693969756323 10 0.1
271 0.0026307722512038515 0.023799466037077794 5 0.09157509157509157
271 0.006474543618130706 0.00819077183918149 10 0.10010010010010009
272 0.0022930194873979483 0.022799047651138517 5 0.09174311926605505
272 0.006198880231440982 0.00763406629216775 10 0.1002004008016032
273 0.0015462203890628272 0.02143898457268982 5 0.09191176470588235
273 0.005468481562694923 0.006855237790892543 10 0.1002004008016032
274 0.0011561759228259035 0.021204067063917396 5 0.09208103130755063
274 0.005361040272915301 0.006901101056442047 10 0.10030090270812438
275 0.0010842870288314834 0.021614584421522625 5 0.09225092250922509
275 0.005500456003590168 0.007270668024801812 10 0.1004016064257028
276 0.0011496924059628327 0.021982012094741737 5 0.09242144177449169
276 0.005607753367406054 0.007520830035180781 10 0.10050251256281408
277 0.0012220200440634127 0.02216038469240951 5 0.09259259259259259
277 0.00559137267584858 0.007542535819686072 10 0.10060362173038229
278 0.0010748458307187757 0.022118546259199866 5 0.09276437847866419
278 0.005520924484773095 0.0074390176786980735 10 0.10070493454179254
279 0.0011130539285079954 0.022203874657439605 5 0.09293680297397769
279 0.005588001388601663 0.007472361818515273 10 0.10080645161290322
280 0.001201523899480384 0.022368049398905045 5 0.0931098696461825
280 0.005620580858485022 0.007543648802579224 10 0.10090817356205851
281 0.0011583937753677485 0.022553734051634793 5 0.09328358208955223
281 0.005636226503955111 0.007718337393286865 10 0.10101010101010101
282 0.0023417238776298867 0.022663697319432543 5 0.09345794392523364
282 0.005466201042637777 0.008264736470961369 10 0.10111223458038422
283 0.007897920673001426 0.025347301711428117 5 0.09363295880149812
283 0.006213431802326218 0.010797862587990707 10 0.10121457489878541
284 0.015284558105199866 0.031901588082212974 5 0.09380863039399624
284 0.008597082030505866 0.014933541836747033 10 0.10131712259371833
285 0.02044544864907656 0.03777222464155493 5 0.09398496240601503
285 0.010735832290247807 0.018091236356717447 10 0.10141987829614603
286 0.023272447775065097 0.041243465074626715 5 0.09416195856873823
286 0.011999081810923637 0.01987600484729198 10 0.10152284263959391
287 0.027126756460793877 0.04591535449201155 5 0.09433962264150944
287 0.013756254147372957 0.02220562471920256 10 0.1016260162601626
288 0.02714559174828452 0.04582937860333293 5 0.09451795841209829
288 0.013774290019231642 0.022131512529924242 10 0.10172939979654119
289 0.026082906061513277 0.044481393795992016 5 0.0946969696969697
289 0.013275091387469412 0.021457878923111018 10 0.10183299389002036
290 0.02620259930349415 0.044527271340772674 5 0.09487666034155597
290 0.013267589950344608 0.021477290333837856 10 0.1019367991845056
291 0.026241042335191624 0.04438667144394381 5 0.09505703422053231
291 0.013249846477417148 0.021427276196284487 10 0.10204081632653061
292 0.02614715828832557 0.044010396755996516 5 0.09523809523809523
292 0.01323340419111543 0.021217385401623105 10 0.10214504596527067
293 0.02520438023934913 0.0424419773317807 5 0.09541984732824427
293 0.012798129486771065 0.020395756260395224 10 0.10224948875255623
294 0.025878722124613295 0.04328673942670954 5 0.09560229445506692
294 0.013062246313774398 0.020811256314991887 10 0.10235414534288638
295 0.02649914025792084 0.04403566132648223 5 0.09578544061302681
295 0.01334133281126973 0.021166885623903925 10 0.10245901639344261
296 0.02713505008411638 0.044856488708876784 5 0.09596928982725528
296 0.013613211273372472 0.02155395297144418 10 0.10256410256410256
297 0.02636000119451908 0.04353256025909608 5 0.09615384615384616
297 0.013224942240522595 0.020889023146952092 10 0.1026694045174538
298 0.026866735541816445 0.0443062316352733 5 0.09633911368015413
298 0.01343005708116204 0.02126267271504253 10 0.1027749229188078
299 0.02666653361776854 0.04410641153432709 5 0.09652509652509651
299 0.013342251611711264 0.021287870128030982 10 0.102880658436214
300 0.02667608971206959 0.04399895437516067 5 0.09671179883945841
300 0.013337839511344447 0.021225525741299135 10 0.10298661174047373
301 0.025828283824917385 0.04286976478396322 5 0.09689922480620154
301 0.012919229058852292 0.020648153987375795 10 0.10309278350515463
302 0.026413921205240602 0.04360286239923467 5 0.0970873786407767
302 0.013149913077759043 0.02102306156153596 10 0.10319917440660474
303 0.02676371065485474 0.04395258421501404 5 0.09727626459143968
303 0.013245471215744126 0.021198685952155093 10 0.10330578512396693
304 0.02573775742719458 0.04252561759455738 5 0.09746588693957114
304 0.01270902510919695 0.020467218932298657 10 0.10341261633919338
305 0.026044246833866785 0.0429199693173739 5 0.09765625
305 0.012849501077807798 0.020661848977786113 10 0.10351966873706003
306 0.026566930667485063 0.043338134598768376 5 0.09784735812133072
306 0.012993792012078564 0.020893710530624804 10 0.10362694300518134
307 0.026724129639506138 0.04422506151005973 5 0.09803921568627451
307 0.013050248483746068 0.02141316078748215 10 0.10373443983402489
308 0.02595142584185382 0.043045983195013834 5 0.09823182711198428
308 0.012625626218272578 0.020814591582009937 10 0.10384215991692626
309 0.026279848643860397 0.043188093989987304 5 0.09842519685039369
309 0.012672898921745775 0.020908056622026404 10 0.10395010395010394
310 0.02688162659427613 0.04387949610957907 5 0.09861932938856015
310 0.01283907294043805 0.02126776047424901 10 0.1040582726326743
311 0.026694175441318656 0.04389489229368461 5 0.09881422924901186
311 0.012877234303034918 0.02127320221197686 10 0.10416666666666667
312 0.026694175441318656 0.04389489229368461 5 0.09900990099009901
312 0.012877234303034918 0.02127320221197686 10 0.10427528675703858
313 0.026694175441318656 0.04389489229368461 5 0.0992063492063492
313 0.012877234303034918 0.02127320221197686 10 0.10438413361169101
314 0.026694175441318656 0.04389489229368461 5 0.09940357852882703
314 0.012877234303034918 0.02127320221197686 10 0.1044932079414838
315 0.026694175441318656 0.04389489229368461 5 0.099601593625498
315 0.012877234303034918 0.02127320221197686 10 0.10460251046025104
316 0.026694175441318656 0.04389489229368461 5 0.0998003992015968
316 0.012877234303034918 0.02127320221197686 10 0.10471204188481675
317 0.026694175441318656 0.04389489229368461 5 0.1
317 0.012877234303034918 0.02127320221197686 10 0.10482180293501048
318 0.026694175441318656 0.04389489229368461 5 0.1002004008016032
318 0.012877234303034918 0.02127320221197686 10 0.10493179433368309
319 0.026694175441318656 0.04389489229368461 5 0.1004016064257028
319 0.012877234303034918 0.02127320221197686 10 0.10504201680672269
320 0.026694175441318656 0.04389489229368461 5 0.10060362173038229
320 0.012877234303034918 0.02127320221197686 10 0.10515247108307044
321 0.026694175441318656 0.04389489229368461 5 0.10080645161290322
321 0.012877234303034918 0.02127320221197686 10 0.10526315789473684
322 0.026694175441318656 0.04389489229368461 5 0.10101010101010101
322 0.012877234303034918 0.02127320221197686 10 0.10537407797681769
323 0.026694175441318656 0.04389489229368461 5 0.10121457489878541
323 0.012877234303034918 0.02127320221197686 10 0.10548523206751054
324 0.026694175441318656 0.04389489229368461 5 0.10141987829614603
324 0.012877234303034918 0.02127320221197686 10 0.10559662090813093
325 0.026694175441318656 0.04389489229368461 5 0.1016260162601626
325 0.012877234303034918 0.02127320221197686 10 0.10570824524312895
326 0.026694175441318656 0.04389489229368461 5 0.10183299389002036
326 0.012877234303034918 0.02127320221197686 10 0.10582010582010581
327 0.026694175441318656 0.04389489229368461 5 0.10204081632653061
327 0.012877234303034918 0.02127320221197686 10 0.1059322033898305
328 0.026694175441318656 0.04389489229368461 5 0.10224948875255623
328 0.012877234303034918 0.02127320221197686 10 0.10604453870625662
329 0.026694175441318656 0.04389489229368461 5 0.10245901639344261
329 0.012877234303034918 0.02127320221197686 10 0.10615711252653927
330 0.026694175441318656 0.04389489229368461 5 0.1026694045174538
330 0.012877234303034918 0.02127320221197686 10 0.10626992561105206
331 0.026694175441318656 0.04389489229368461 5 0.102880658436214
331 0.012877234303034918 0.02127320221197686 10 0.10638297872340426
332 0.026694175441318656 0.04389489229368461 5 0.10309278350515463
332 0.012877234303034918 0.02127320221197686 10 0.10649627263045792
333 0.026694175441318656 0.04389489229368461 5 0.10330578512396693
333 0.012877234303034918 0.02127320221197686 10 0.1066098081023454
334 0.026694175441318656 0.04389489229368461 5 0.10351966873706003
334 0.012877234303034918 0.02127320221197686 10 0.10672358591248665
335 0.026694175441318656 0.04389489229368461 5 0.10373443983402489
335 0.012877234303034918 0.02127320221197686 10 0.10683760683760683
336 0.026694175441318656 0.04389489229368461 5 0.10395010395010394
336 0.012877234303034918 0.02127320221197686 10 0.10695187165775401
337 0.026694175441318656 0.04389489229368461 5 0.10416666666666667
337 0.012877234303034918 0.02127320221197686 10 0.1070663811563169
338 0.026694175441318656 0.04389489229368461 5 0.10438413361169101
338 0.012877234303034918 0.02127320221197686 10 0.10718113612004286
339 0.026694175441318656 0.04389489229368461 5 0.10460251046025104
339 0.012877234303034918 0.02127320221197686 10 0.1072961373390558
340 0.026694175441318656 0.04389489229368461 5 0.10482180293501048
340 0.012877234303034918 0.02127320221197686 10 0.10741138560687431
341 0.026694175441318656 0.04389489229368461 5 0.10504201680672269
341 0.012877234303034918 0.02127320221197686 10 0.10752688172043011
342 0.026694175441318656 0.04389489229368461 5 0.10526315789473684
342 0.012877234303034918 0.02127320221197686 10 0.1076426264800861
343 0.026694175441318656 0.04389489229368461 5 0.10548523206751054
343 0.012877234303034918 0.02127320221197686 10 0.10775862068965517
344 0.026694175441318656 0.04389489229368461 5 0.10570824524312895
344 0.012877234303034918 0.02127320221197686 10 0.10787486515641855
345 0.026694175441318656 0.04389489229368461 5 0.1059322033898305
345 0.012877234303034918 0.02127320221197686 10 0.10799136069114469
346 0.026694175441318656 0.04389489229368461 5 0.10615711252653927
346 0.012877234303034918 0.02127320221197686 10 0.10810810810810811
347 0.026694175441318656 0.04389489229368461 5 0.10638297872340426
347 0.012877234303034918 0.02127320221197686 10 0.10822510822510822
348 0.026694175441318656 0.04389489229368461 5 0.1066098081023454
348 0.012877234303034918 0.02127320221197686 10 0.10834236186348861
349 0.026694175441318656 0.04389489229368461 5 0.10683760683760683
349 0.012877234303034918 0.02127320221197686 10 0.10845986984815618
350 0.026694175441318656 0.04389489229368461 5 0.1070663811563169
350 0.012877234303034918 0.02127320221197686 10 0.10857763300760043
351 0.026694175441318656 0.04389489229368461 5 0.1072961373390558
351 0.012877234303034918 0.02127320221197686 10 0.10869565217391304
352 0.026694175441318656 0.04389489229368461 5 0.10752688172043011
352 0.012877234303034918 0.02127320221197686 10 0.1088139281828074
353 0.026694175441318656 0.04389489229368461 5 0.10775862068965517
353 0.012877234303034918 0.02127320221197686 10 0.10893246187363834
354 0.026694175441318656 0.04389489229368461 5 0.10799136069114469
354 0.012877234303034918 0.02127320221197686 10 0.10905125408942203
355 0.026694175441318656 0.04389489229368461 5 0.10822510822510822
355 0.012877234303034918 0.02127320221197686 10 0.10917030567685589
356 0.026694175441318656 0.04389489229368461 5 0.10845986984815618
356 0.012877234303034918 0.02127320221197686 10 0.1092896174863388
357 0.026694175441318656 0.04389489229368461 5 0.10869565217391304
357 0.012877234303034918 0.02127320221197686 10 0.10940919037199125
358 0.026694175441318656 0.04389489229368461 5 0.10893246187363834
358 0.012877234303034918 0.02127320221197686 10 0.10952902519167577
359 0.026694175441318656 0.04389489229368461 5 0.10917030567685589
359 0.012877234303034918 0.02127320221197686 10 0.10964912280701754
360 0.026694175441318656 0.04389489229368461 5 0.10940919037199125
360 0.012877234303034918 0.02127320221197686 10 0.1097694840834248
361 0.026694175441318656 0.04389489229368461 5 0.10964912280701754
361 0.012877234303034918 0.02127320221197686 10 0.10989010989010989
362 0.026694175441318656 0.04389489229368461 5 0.10989010989010989
362 0.012877234303034918 0.02127320221197686 10 0.11001100110011
363 0.026694175441318656 0.04389489229368461 5 0.11013215859030835
363 0.012877234303034918 0.02127320221197686 10 0.11013215859030835
364 0.026694175441318656 0.04389489229368461 5 0.11037527593818984
364 0.012877234303034918 0.02127320221197686 10 0.11025358324145534
365 0.026694175441318656 0.04389489229368461 5 0.11061946902654866
365 0.012877234303034918 0.02127320221197686 10 0.11037527593818984
366 0.026694175441318656 0.04389489229368461 5 0.11086474501108647
366 0.012877234303034918 0.02127320221197686 10 0.11049723756906077
367 0.026694175441318656 0.04389489229368461 5 0.1111111111111111
367 0.012877234303034918 0.02127320221197686 10 0.11061946902654866
368 0.026694175441318656 0.04389489229368461 5 0.11135857461024498
368 0.012877234303034918 0.02127320221197686 10 0.11074197120708747
369 0.026694175441318656 0.04389489229368461 5 0.11160714285714285
369 0.012877234303034918 0.02127320221197686 10 0.11086474501108647
370 0.026694175441318656 0.04389489229368461 5 0.11185682326621924
370 0.012877234303034918 0.02127320221197686 10 0.11098779134295227
371 0.026694175441318656 0.04389489229368461 5 0.11210762331838564
371 0.012877234303034918 0.02127320221197686 10 0.1111111111111111
372 0.026694175441318656 0.04389489229368461 5 0.11235955056179775
372 0.012877234303034918 0.02127320221197686 10 0.11123470522803114
373 0.026694175441318656 0.04389489229368461 5 0.1126126126126126
373 0.012877234303034918 0.02127320221197686 10 0.11135857461024498
374 0.026694175441318656 0.04389489229368461 5 0.1128668171557562
374 0.012877234303034918 0.02127320221197686 10 0.11148272017837235
375 0.026694175441318656 0.04389489229368461 5 0.11312217194570134
375 0.012877234303034918 0.02127320221197686 10 0.11160714285714285
376 0.026694175441318656 0.04389489229368461 5 0.11337868480725623
376 0.012877234303034918 0.02127320221197686 10 0.11173184357541899
377 0.026694175441318656 0.04389489229368461 5 0.11363636363636363
377 0.012877234303034918 0.02127320221197686 10 0.11185682326621924
378 0.026694175441318656 0.04389489229368461 5 0.11389521640091115
378 0.012877234303034918 0.02127320221197686 10 0.1119820828667413
379 0.026694175441318656 0.04389489229368461 5 0.1141552511415525
379 0.012877234303034918 0.02127320221197686 10 0.11210762331838564
380 0.026694175441318656 0.04389489229368461 5 0.11441647597254004
380 0.012877234303034918 0.02127320221197686 10 0.11223344556677889
381 0.026694175441318656 0.04389489229368461 5 0.1146788990825688
381 0.012877234303034918 0.02127320221197686 10 0.11235955056179775
382 0.026694175441318656 0.04389489229368461 5 0.11494252873563218
382 0.012877234303034918 0.02127320221197686 10 0.11248593925759279
383 0.026694175441318656 0.04389489229368461 5 0.11520737327188939
383 0.012877234303034918 0.02127320221197686 10 0.1126126126126126
384 0.026694175441318656 0.04389489229368461 5 0.11547344110854503
384 0.012877234303034918 0.02127320221197686 10 0.11273957158962795
385 0.026694175441318656 0.04389489229368461 5 0.11574074074074073
385 0.012877234303034918 0.02127320221197686 10 0.1128668171557562
386 0.026694175441318656 0.04389489229368461 5 0.11600928074245939
386 0.012877234303034918 0.02127320221197686 10 0.11299435028248588
387 0.026694175441318656 0.04389489229368461 5 0.11627906976744186
387 0.012877234303034918 0.02127320221197686 10 0.11312217194570134
388 0.026694175441318656 0.04389489229368461 5 0.11655011655011653
388 0.012877234303034918 0.02127320221197686 10 0.1132502831257078
389 0.026694175441318656 0.04389489229368461 5 0.11682242990654204
389 0.012877234303034918 0.02127320221197686 10 0.11337868480725623
390 0.014114583938155257 0.01898508349157494 5 0.10869565217391304
390 0.009218097044476922 0.011920575064965263 10 0.1092896174863388
391 0.013328713842752426 0.04751127032416183 5 0.10822510822510822
391 0.009240576020866472 0.017700654259682418 10 0.10893246187363834
392 0.013086055636924766 0.018713470638187662 5 0.10822510822510822
392 0.00952541486837599 0.01212846779856336 10 0.10893246187363834
393 0.011998730220259348 0.0553485497102863 5 0.10822510822510822
393 0.009414298779780107 0.021713974193540438 10 0.10893246187363834
394 0.012276136842765961 0.01807180278078778 5 0.10822510822510822
394 0.010244497509964114 0.011754094923076662 10 0.10893246187363834
395 0.012838694484683189 0.015468994119339021 5 0.10822510822510822
395 0.010392693512993427 0.008900541964740511 10 0.10893246187363834
396 0.012231833012622978 0.01817448346886152 5 0.10822510822510822
396 0.010219736472703404 0.012017779027820374 10 0.10905125408942203
397 0.011500859666410998 0.015206942923775071 5 0.10822510822510822
397 0.00980293079457476 0.008934175369005846 10 0.10905125408942203
398 0.011205009698983592 0.05294571301639356 5 0.10845986984815618
398 0.009309743924438726 0.020184956621205345 10 0.10905125408942203
399 0.010745188977154745 0.017618503352565672 5 0.10845986984815618
399 0.009932559155232853 0.011996534064395138 10 0.10905125408942203
400 0.011043780198497754 0.014205855230436057 5 0.10845986984815618
400 0.010292876224861438 0.008824083897235047 10 0.10905125408942203
401 0.010634331411958464 0.017144327861525265 5 0.10845986984815618
401 0.010721047041985057 0.011926050573339845 10 0.10905125408942203
402 0.010239044888263158 0.014846597045291784 5 0.10845986984815618
402 0.011130175121931419 0.009297548618885137 10 0.10905125408942203
403 0.00991132945927847 0.01673353318160615 5 0.10845986984815618
403 0.011472717815807469 0.012012078916010936 10 0.10905125408942203
404 0.010281964079902381 0.01445550921914288 5 0.10845986984815618
404 0.011670827772134403 0.009619149152011158 10 0.10905125408942203
405 0.010425279467873843 0.014172590658802619 5 0.10845986984815618
405 0.011841952690362176 0.006803698539583553 10 0.10905125408942203
406 0.01100733074910992 0.01679784552124878 5 0.10822510822510822
406 0.012124500957322239 0.011748257457794052 10 0.10905125408942203
407 0.010949178426939214 0.01488917796554171 5 0.10845986984815618
407 0.012258891641540426 0.00980179869004252 10 0.10905125408942203
408 0.010813982157537686 0.013979118168865268 5 0.10822510822510822
408 0.012157363399267169 0.0073299891335218996 10 0.10905125408942203
409 0.010883041735438314 0.016742454602925987 5 0.10822510822510822
409 0.012383286731523769 0.011791646511792101 10 0.10905125408942203
410 0.009995889747204317 0.014506189257589586 5 0.10822510822510822
410 0.012298437311791323 0.00964042364289982 10 0.10893246187363834
411 0.010152158281983988 0.021366121429882843 5 0.10845986984815618
411 0.012236214957126498 0.0054114405002547265 10 0.10905125408942203
412 0.010120716223185427 0.01617986173785033 5 0.10845986984815618
412 0.012489806502693903 0.009934743972184225 10 0.10905125408942203
413 0.010325066881789035 0.013709040526170946 5 0.10845986984815618
413 0.012345778708003312 0.007252555406014567 10 0.10917030567685589
414 0.010416562056635329 0.02217559761424031 5 0.10845986984815618
414 0.011641907212945385 0.005936380831562104 10 0.10905125408942203
415 0.009980666916171369 0.01642823406482143 5 0.10845986984815618
415 0.011953314069541891 0.011669289957792315 10 0.10905125408942203
416 0.010313392698345348 0.014510733404915085 5 0.10845986984815618
416 0.012206472664841785 0.009252658696052327 10 0.10905125408942203
417 0.01058908199643092 0.021631797158082482 5 0.10845986984815618
417 0.012248644824087308 0.009385662167680348 10 0.10905125408942203
418 0.010629898282802462 0.016322937482147675 5 0.10845986984815618
418 0.012163102604710716 0.010305101138015813 10 0.10917030567685589
419 0.010878568139189883 0.014553313197234454 5 0.10845986984815618
419 0.012237149133017777 0.009223682820012881 10 0.1092896174863388
420 0.011036199782555456 0.013474883531803986 5 0.10845986984815618
420 0.0122833737193058 0.007982122139630118 10 0.10940919037199125
421 0.010829165240836448 0.0142644945282 5 0.10845986984815618
421 0.011538869179746891 0.008862718177500452 10 0.10940919037199125
422 0.010786769758662506 0.016073514322717176 5 0.10845986984815618
422 0.011481709129870055 0.00932839400986356 10 0.10952902519167577
423 0.010851367640259268 0.013441363547763128 5 0.10845986984815618
423 0.011460760797967182 0.008831484453396033 10 0.10952902519167577
424 0.010041780219267223 0.01286816569170375 5 0.10822510822510822
424 0.01148425692193089 0.007954352126409851 10 0.10952902519167577
425 0.009280501903347586 0.014291996158059376 5 0.10822510822510822
425 0.011431393081624452 0.007540036711179486 10 0.10952902519167577
426 0.009340105166273498 0.016432415952757608 5 0.10845986984815618
426 0.011338791590572031 0.006861725501159674 10 0.10952902519167577
427 0.00927359334515038 0.01519521517688915 5 0.10845986984815618
427 0.011251285396255823 0.010566352482507507 10 0.10964912280701754
428 0.009199651039103874 0.012714375897983318 5 0.10822510822510822
428 0.011142639429642085 0.008604643310732248 10 0.10964912280701754
429 0.009293319844066585 0.011557139479223218 5 0.10822510822510822
429 0.010844813614275957 0.007550118560033553 10 0.10964912280701754
430 0.009418635170922143 0.012850873987848257 5 0.10822510822510822
430 0.010451510673176454 0.0068476616354901125 10 0.10964912280701754
431 0.009519393882676882 0.015203849589202723 5 0.10822510822510822
431 0.010274774613568394 0.010106386629030557 10 0.10964912280701754
432 0.00937442877939108 0.012408230233066721 5 0.10822510822510822
432 0.0100872554294099 0.008410222394869726 10 0.10952902519167577
433 0.00899803088860376 0.011213280791404904 5 0.10822510822510822
433 0.009543800868761193 0.007351270628462496 10 0.10952902519167577
434 0.0082560920393008 0.012213820488699238 5 0.10822510822510822
434 0.00958789091355528 0.007153996295484212 10 0.10964912280701754
435 0.007779671191757473 0.015460794810807624 5 0.10822510822510822
435 0.009627479523895904 0.008109581734265958 10 0.10964912280701754
436 0.0077869333615203885 0.014610371080210457 5 0.10822510822510822
436 0.008964794441866 0.00981285478268123 10 0.10952902519167577
437 0.00803371454915253 0.011528447241007315 5 0.10822510822510822
437 0.008475991010582573 0.008495402785356551 10 0.10952902519167577
438 0.007701496832206137 0.011482503298450181 5 0.10822510822510822
438 0.008472996461220485 0.007990651926202814 10 0.10964912280701754
439 0.007592806264171363 0.012843670565253203 5 0.10822510822510822
439 0.008148711786416187 0.008567643429108564 10 0.10952902519167577
440 0.007256507682928683 0.014828653963065184 5 0.10822510822510822
440 0.007992892071997295 0.009480754359924414 10 0.10952902519167577
441 0.007719729138042806 0.014590717625029786 5 0.10822510822510822
441 0.008171173302848798 0.010318224781022817 10 0.10964912280701754
442 0.00860104798778772 0.012569458980086334 5 0.10822510822510822
442 0.008342998532749234 0.009500793011368597 10 0.10952902519167577
443 0.009333493500445714 0.011651330808295748 5 0.10799136069114469
443 0.007980274761887611 0.009182598357004223 10 0.10952902519167577
444 0.009325767444445607 0.011998296501223703 5 0.10799136069114469
444 0.007363662829795741 0.009047118147337078 10 0.10952902519167577
445 0.00929774037384987 0.015149878554551147 5 0.10799136069114469
445 0.006832762398247429 0.010212654863075075 10 0.10952902519167577
446 0.009269808614341396 0.018417133434424436 5 0.10822510822510822
446 0.00669077386524679 0.011408608619244762 10 0.10964912280701754
447 0.008959625152361666 0.012783101374306443 5 0.10822510822510822
447 0.006514094524910546 0.009379696451826822 10 0.10964912280701754
448 0.008262197880521589 0.011736714340096443 5 0.10799136069114469
448 0.0064091508272621665 0.008871180202081032 10 0.10964912280701754
449 0.008332995128035044 0.011365016898740832 5 0.10799136069114469
449 0.0064583363213067384 0.009254548296116237 10 0.10964912280701754
450 0.009051426327194589 0.012145117220531968 5 0.10799136069114469
450 0.006637785193896266 0.010358932717078226 10 0.10964912280701754
451 0.008960648191115266 0.013404554468206775 5 0.10799136069114469
451 0.006333324618127162 0.01114643016845603 10 0.10964912280701754
452 0.009296675643502759 0.016804537053868973 5 0.10799136069114469
452 0.006045520497126948 0.012649573627389646 10 0.10964912280701754
453 0.009917071700310974 0.013610832552196245 5 0.10799136069114469
453 0.005860996924254949 0.009937090456989903 10 0.10964912280701754
454 0.009939896579920171 0.011717269087925034 5 0.10822510822510822
454 0.005918500668965391 0.009752445555834856 10 0.10964912280701754
455 0.010382405812973946 0.010835218272790985 5 0.10799136069114469
455 0.005778496140743562 0.009962049386532936 10 0.10964912280701754
456 0.010230154415116096 0.01136970270481492 5 0.10799136069114469
456 0.005572176388770612 0.010626026157917863 10 0.10964912280701754
457 0.010111294887083502 0.014438574083017594 5 0.10799136069114469
457 0.005386812929135972 0.012104814426683149 10 0.10964912280701754
458 0.010064890583891175 0.018464983045201354 5 0.10799136069114469
458 0.005659465110822967 0.013959715605909867 10 0.10964912280701754
459 0.010025883309687861 0.013137541809738914 5 0.10799136069114469
459 0.005696021680764403 0.010140581549793425 10 0.10964912280701754
460 0.010266236646487062 0.010400750159857336 5 0.10799136069114469
460 0.005723530245580354 0.010336512117734075 10 0.10964912280701754
461 0.01054010110261576 0.01123061941775675 5 0.10799136069114469
461 0.005929051676009935 0.011472425752074722 10 0.10964912280701754
462 0.0105200354605077 0.012448824969924784 5 0.10799136069114469
462 0.005920917104118289 0.012707567952925273 10 0.10964912280701754
463 0.010609317061065906 0.015570045088693285 5 0.10799136069114469
463 0.005846387443021583 0.014193064739972302 10 0.10964912280701754
464 0.010970123336665347 0.018171551524950952 5 0.10799136069114469
464 0.005542730148194201 0.015479558350959242 10 0.10964912280701754
465 0.011419405127418689 0.023032874596378657 5 0.10799136069114469
465 0.005333234782727059 0.017927015529401687 10 0.10964912280701754
466 0.011353342848353586 0.013822159753282496 5 0.10799136069114469
466 0.005022240014498088 0.011460858587959605 10 0.10964912280701754
467 0.011123757814724413 0.011376705684033466 5 0.10799136069114469
467 0.004807855326450226 0.011265908308654357 10 0.10964912280701754
468 0.01106023703796576 0.010471158374825809 5 0.10799136069114469
468 0.004576179077031607 0.01185478675722439 10 0.10964912280701754
469 0.011015583058564487 0.011549555872351217 5 0.10799136069114469
469 0.004386252837043191 0.01305491735877579 10 0.10964912280701754
470 0.01153076461938177 0.013545113435160142 5 0.10799136069114469
470 0.0046205306740700995 0.01433674778267283 10 0.10964912280701754
471 0.012064965291447013 0.016664956193406407 5 0.10799136069114469
471 0.004687723558423495 0.01581682795182237 10 0.10964912280701754
472 0.012387345615988872 0.021707550227587143 5 0.10799136069114469
472 0.004880806733170206 0.018335240415557428 10 0.10964912280701754
473 0.012138866767374702 0.013375561872185967 5 0.10799136069114469
473 0.004854641854662293 0.011013917826689599 10 0.10964912280701754
474 0.012120731012763912 0.011474729623289577 5 0.10799136069114469
474 0.004762067241198006 0.011738574837908394 10 0.10964912280701754
475 0.012136245950608573 0.010528598487017624 5 0.10799136069114469
475 0.004464525350514086 0.01251546899916316 10 0.10964912280701754
476 0.012254920688516933 0.011990880810741313 5 0.10799136069114469
476 0.004396071741406767 0.014058647465403066 10 0.10964912280701754
477 0.012479644728307026 0.014902344322220495 5 0.10799136069114469
477 0.004455449427881083 0.01530887534144661 10 0.10964912280701754
478 0.01228968384682175 0.01757210833513407 5 0.10799136069114469
478 0.004429075973694458 0.01670094727127885 10 0.10964912280701754
479 0.012356066224465688 0.013151983797631814 5 0.10799136069114469
479 0.004567192502688515 0.010161855392778568 10 0.10952902519167577
480 0.011745226806771243 0.01222889553349467 5 0.10799136069114469
480 0.004303461477089867 0.01109580365094429 10 0.10952902519167577
481 0.010859969333162484 0.011679268485392361 5 0.10799136069114469
481 0.00537284778992437 0.011612466774836613 10 0.10940919037199125
482 0.011225035520912518 0.01361944380238198 5 0.10799136069114469
482 0.005594187145522324 0.013005461198835524 10 0.10917030567685589
483 0.012377767988285274 0.015889333318198355 5 0.10799136069114469
483 0.003942597028176625 0.013898912013268558 10 0.10582010582010581
484 0.013213877113820757 0.019809093652284893 5 0.10799136069114469
484 0.003672673696601959 0.01564388758843585 10 0.10559662090813093
485 0.013516282225943133 0.013414973435245277 5 0.10799136069114469
485 0.0035769180227374587 0.006435182537819715 10 0.10548523206751054
486 0.013443608843924256 0.01109552490224139 5 0.10799136069114469
486 0.003874003482064137 0.0070978561570154254 10 0.10526315789473684
487 0.013032090498216995 0.011583876675533646 5 0.10775862068965517
487 0.004011993783757999 0.008997918120090582 10 0.10515247108307044
488 0.013317610686955573 0.01291129256564122 5 0.10799136069114469
488 0.004426654999648283 0.010906530009684532 10 0.10504201680672269
489 0.01318319618738496 0.01534728100293164 5 0.10799136069114469
489 0.004138195572574793 0.013360486391001717 10 0.10471204188481675
490 0.013311452000028826 0.018100681321456123 5 0.10799136069114469
490 0.0041459655569332935 0.015118466021627619 10 0.10438413361169101
491 0.013261986431674117 0.012953855056174659 5 0.10799136069114469
491 0.004245767658666235 0.008095428879392352 10 0.10362694300518134
492 0.01311236652241728 0.011710850786819436 5 0.10799136069114469
492 0.003428497716119537 0.007963120919458147 10 0.09891196834817012
493 0.0127014658868189 0.011787787349617277 5 0.10775862068965517
493 0.0021608825777534634 0.008818624674268683 10 0.09861932938856015
494 0.01268770598978083 0.013936070870231942 5 0.10775862068965517
494 0.002733121288003756 0.010369248487119275 10 0.09861932938856015
495 0.012906761631816938 0.016301485570314134 5 0.10799136069114469
495 0.003345579227107208 0.01186123394138048 10 0.09852216748768473
496 0.01317187001452951 0.021189275513755695 5 0.10799136069114469
496 0.003315555381263565 0.014467852158336464 10 0.09842519685039369
497 0.0129501843649059 0.02667340060356387 5 0.10799136069114469
497 0.0037593350215954294 0.01675893281734548 10 0.09832841691248771
498 0.012891218355002034 0.01861796550436392 5 0.10822510822510822
498 0.0037245921186863547 0.0071968728225110965 10 0.09823182711198428
499 0.012987476212343477 0.02057155582922081 5 0.10822510822510822
499 0.00396655206868165 0.009295453259112452 10 0.09813542688910697
500 0.013023844787650282 0.02017545133029022 5 0.10845986984815618
501 0.01290924574424827 0.024480106483604498 5 0.10845986984815618
502 0.013024249807155433 0.025153945008925743 5 0.10869565217391304
503 0.013562652806452724 0.028399651127677235 5 0.10893246187363834
504 0.013437712758866327 0.029428173550376403 5 0.10893246187363834
505 0.013663131198733261 0.0178187007696143 5 0.10869565217391304
506 0.014405092782134954 0.013307573590272131 5 0.10845986984815618
507 0.014386112541031231 0.013700928198959041 5 0.10845986984815618
508 0.01430629148617365 0.01558373674809695 5 0.10845986984815618
509 0.01387888633888846 0.017852552900265224 5 0.10845986984815618
510 0.013740350963818138 0.022160601022943024 5 0.10845986984815618
511 0.013389351273944616 0.02625528500401252 5 0.10845986984815618
512 0.012964718116043338 0.015271710361786378 5 0.10845986984815618
513 0.013011086005218737 0.014516193787848278 5 0.10845986984815618
514 0.01297388885157313 0.014847913379695118 5 0.10845986984815618
515 0.012828738744514994 0.01640673819925443 5 0.10845986984815618
516 0.01356406639824509 0.01899125756899925 5 0.10845986984815618
517 0.013823159330904038 0.021290845127094303 5 0.10845986984815618
518 0.014072989121710613 0.017885894028284017 5 0.10822510822510822
519 0.014462421553839625 0.01768323788920948 5 0.10845986984815618
520 0.016117904850422384 0.019298550463199626 5 0.10822510822510822
521 0.016460540912919028 0.019339416714510352 5 0.10822510822510822
522 0.015748298662628037 0.021742419248872366 5 0.10799136069114469
523 0.01331720209606484 0.022712901263584145 5 0.10775862068965517
524 0.01328023880134438 0.022421484538978624 5 0.10752688172043011
525 0.01866869530824767 0.023726726961317498 5 0.10309278350515463
526 0.01688000487338442 0.024662417869984084 5 0.10245901639344261
527 0.01521922935361654 0.025532144302863935 5 0.10224948875255623
528 0.013460853116869986 0.030425715981728683 5 0.10204081632653061
529 0.014102405989351679 0.029697617423586835 5 0.10183299389002036
530 0.014242568320512298 0.02887194569864902 5 0.10183299389002036
531 0.015317849949495041 0.027278772737175293 5 0.1016260162601626
532 0.015604167780682557 0.025938426672120835 5 0.1016260162601626
533 0.015597346250322996 0.026966171824410266 5 0.1016260162601626
534 0.015187902113347359 0.032457793651300644 5 0.1016260162601626
535 0.01526849375833835 0.029497899897361856 5 0.10141987829614603
536 0.014863261980532616 0.026745768793212006 5 0.10141987829614603
537 0.015138063213069222 0.024545418718153154 5 0.10141987829614603
538 0.016061438476953373 0.020314803229615607 5 0.10121457489878541
539 0.016247830172566764 0.03167821899769147 5 0.10101010101010101
540 0.016575851514932263 0.03472870475127064 5 0.10060362173038229
541 0.01747836446462987 0.03620829262869963 5 0.1004016064257028
542 0.01769322906195705 0.027155226097733614 5 0.1004016064257028
543 0.01739642187400727 0.035389448629710094 5 0.10060362173038229
544 0.017372097030394745 0.031556310609966436 5 0.10080645161290322
545 0.017435847432993593 0.02359378979581236 5 0.10080645161290322
546 0.017451823333204643 0.021292346786230917 5 0.10101010101010101
547 0.01693391981620569 0.02909404006391878 5 0.10121457489878541
548 0.01664632237203264 0.022596049155150327 5 0.10121457489878541
549 0.01705703882220216 0.020933251142458708 5 0.10141987829614603
550 0.017557983426258354 0.01973056003491219 5 0.10141987829614603
551 0.01763979586190884 0.027893363083846146 5 0.10141987829614603
552 0.01771724857622074 0.024755232095645216 5 0.10141987829614603
553 0.01801006709228916 0.02210735157025698 5 0.1016260162601626
554 0.017652974331698944 0.01866784272094397 5 0.1016260162601626
555 0.017228006035030004 0.015960920432350614 5 0.1016260162601626
556 0.017020778795995242 0.02550282603559208 5 0.1016260162601626
557 0.016728861691342405 0.02194650420328992 5 0.10183299389002036
558 0.016894127335218966 0.016959608259107018 5 0.10183299389002036
559 0.01757933507909331 0.02343900006861646 5 0.10183299389002036
560 0.017820667894456334 0.023673413574069043 5 0.10204081632653061
561 0.017909738549260833 0.02420957994617886 5 0.10204081632653061
562 0.017583747333920718 0.0240742540777484 5 0.10204081632653061
563 0.01740978666056997 0.025002363556087953 5 0.10204081632653061
564 0.017455630609573843 0.02445644329271365 5 0.10204081632653061
565 0.017576129754572945 0.023866504837133512 5 0.10204081632653061
566 0.017567228477735834 0.02329944747879818 5 0.10204081632653061
567 0.017568703846621177 0.023620528048163232 5 0.10204081632653061
568 0.01865516117466422 0.02192375193147061 5 0.10183299389002036
569 0.018100353227824828 0.02215073211753501 5 0.10183299389002036
570 0.01734858092360991 0.020332614690598893 5 0.10183299389002036
571 0.01658262825611144 0.017373950559904663 5 0.10183299389002036
572 0.01634347694116165 0.015106019399488435 5 0.1016260162601626
573 0.015658650435596687 0.013107849030166046 5 0.10141987829614603
574 0.01567956197212485 0.01371441328079269 5 0.1002004008016032
575 0.015581279924619398 0.013861791386372566 5 0.0998003992015968
576 0.014487970324512212 0.01329784267441774 5 0.09881422924901186
577 0.014577981477982182 0.013494632498637133 5 0.09842519685039369
578 0.014600873238161644 0.014269999267882074 5 0.09784735812133072
579 0.01411641857322155 0.012274419141757035 5 0.09765625
580 0.014721618564343902 0.012419473795239683 5 0.09765625
581 0.006116199676841786 0.031111846624044547 5 0.08818342151675485
582 0.007926325795252747 0.032849581922035645 5 0.0880281690140845
583 0.00497576625294793 0.034440730461404605 5 0.08787346221441124
584 0.004681337676618936 0.03466481909285913 5 0.08787346221441124
585 0.005219047110144591 0.03511785859591983 5 0.0880281690140845
586 0.005328033980261068 0.036147551360622296 5 0.0880281690140845
587 0.005012580528756305 0.03540598240129649 5 0.0880281690140845
588 0.005186552791082188 0.035624676777189244 5 0.0880281690140845
589 0.005403994781736264 0.035561676128601165 5 0.08818342151675485
590 0.005743704435250795 0.03578463039556 5 0.08833922261484099
591 0.005466879173952402 0.03604846882732 5 0.08833922261484099
592 0.005108682439566081 0.035704964631193 5 0.08849557522123894
593 0.00513862285759956 0.035507195845904505 5 0.08849557522123894
594 0.004631433662962028 0.034937944651462764 5 0.08865248226950354
595 0.005360883091903607 0.03564849618065313 5 0.08865248226950354
596 0.005173407457479963 0.03533107603437348 5 0.08880994671403196
597 0.005258585512902441 0.03540604547714844 5 0.08880994671403196
598 0.005209819487670689 0.03552487968165982 5 0.0889679715302491
599 0.005390505529269946 0.03566871047630424 5 0.08912655971479501
600 0.005061190889405139 0.03545921862553342 5 0.08912655971479501
601 0.005040001592501905 0.03529432920506758 5 0.08928571428571429
602 0.005246874010656722 0.035079337636576405 5 0.08928571428571429
603 0.005279252395392285 0.03477573397811022 5 0.08944543828264757
604 0.005248188737201138 0.03477223915928056 5 0.08960573476702509
605 0.005260381903172811 0.03458876148175828 5 0.08976660682226212
606 0.005296265021194777 0.03471981925614156 5 0.08992805755395683
607 0.005305139844227412 0.034781732640516136 5 0.09009009009009009
608 0.005091455003381935 0.03458264718440299 5 0.09025270758122743
609 0.005255998006253735 0.03423973390082744 5 0.09041591320072331
610 0.006763407649570547 0.035261855507314824 5 0.09057971014492754
611 0.0074113077336852105 0.035994966353754286 5 0.09074410163339383
612 0.008056400419380797 0.03657340598347243 5 0.09090909090909091
613 0.007502022021083856 0.03494175052647906 5 0.09107468123861566
614 0.007492137807199009 0.0346346377846061 5 0.09107468123861566
615 0.006984391563068561 0.035431505694969376 5 0.09124087591240876
616 0.0070523342778052375 0.03611594547100974 5 0.09140767824497258
617 0.005329007004034832 0.033577373529040985 5 0.09140767824497258
618 0.005617284722800719 0.03303249742330867 5 0.09157509157509157
619 0.007016216831194422 0.029991743117228065 5 0.08818342151675485
620 0.006707550478313043 0.02983632394926248 5 0.08818342151675485
621 0.0062351689307544814 0.029191621634051923 5 0.08818342151675485
622 0.005511474830060432 0.027223873988836845 5 0.08818342151675485
623 0.007366365981956141 0.026910719310460345 5 0.08818342151675485
624 0.00782109867238864 0.02673033052498792 5 0.08818342151675485
625 0.007413917949571929 0.026345734270326493 5 0.08833922261484099
626 0.0069765336572229384 0.026077023126020928 5 0.08849557522123894
627 0.007026643528919704 0.026042276776900974 5 0.08865248226950354
628 0.007191682327392301 0.026387134688030563 5 0.08880994671403196
629 0.007101905506526037 0.026273409878580782 5 0.0889679715302491
630 0.00710129243920689 0.02619118078651906 5 0.08912655971479501
631 0.006757044407422409 0.02600010346246375 5 0.08928571428571429
632 0.006766507545453662 0.026198819829577186 5 0.08944543828264757
633 0.006851040952630322 0.026486559203733273 5 0.08960573476702509
634 0.006861821330036348 0.026399343071052333 5 0.08976660682226212
635 0.00686731385582208 0.026487869342887806 5 0.08992805755395683
636 0.006878078127902053 0.026424388754552924 5 0.09009009009009009
637 0.006865191633987156 0.026493600777853697 5 0.09025270758122743
638 0.006964384979287125 0.026676731572573713 5 0.09041591320072331
639 0.006591136727747876 0.026310397857035733 5 0.09057971014492754
640 0.006546511969783658 0.025820800695539277 5 0.09074410163339383
641 0.006132342554117044 0.02438834048571083 5 0.09090909090909091
642 0.0062238208102880395 0.02434590652482764 5 0.09107468123861566
643 0.006410230997492217 0.024719582019983245 5 0.09124087591240876
644 0.008068410050931361 0.024132870954007284 5 0.09107468123861566
645 0.007934949410191948 0.023965770819782076 5 0.09124087591240876
646 0.007954159522751065 0.022810518682809908 5 0.09124087591240876
647 0.007963650797189723 0.021573235395073297 5 0.09124087591240876
648 0.007577920525735393 0.021183184514382367 5 0.09140767824497258
649 0.007513765475129175 0.020692637155660814 5 0.09140767824497258
650 0.007761989810021819 0.02095959014293259 5 0.09157509157509157
651 0.007759607978236653 0.020901672638344738 5 0.09174311926605505
652 0.007479361620947941 0.020331406358957905 5 0.09174311926605505
653 0.008066774609519406 0.02025491577845363 5 0.09174311926605505
654 0.00784519731931091 0.020361446114253355 5 0.09191176470588235
655 0.007133428394109451 0.01987442736056438 5 0.09208103130755063
656 0.007459763807078258 0.019290448766994272 5 0.09208103130755063
657 0.008262058433459587 0.0205743788726861 5 0.09225092250922509
658 0.008572401252733246 0.021253351398443927 5 0.09242144177449169
659 0.008178849261112004 0.02105623667806944 5 0.09242144177449169
660 0.00844963811478341 0.02151841967090101 5 0.09259259259259259
661 0.008139083447222957 0.021048698354529903 5 0.09276437847866419
662 0.00801892546697532 0.020732330164581418 5 0.09293680297397769
663 0.008305863558386573 0.02083383074861394 5 0.0931098696461825
664 0.009608844317334195 0.022520387423074596 5 0.09328358208955223
665 0.009415929003855024 0.022983265098231113 5 0.09345794392523364
666 0.00867448093131312 0.022503893632611457 5 0.09363295880149812
667 0.007872207807448498 0.021822482535190365 5 0.09380863039399624
668 0.00810432479085501 0.022227342267834467 5 0.09398496240601503
669 0.007981051832332548 0.021950342733485135 5 0.09416195856873823
670 0.008012560096142244 0.021346398112298704 5 0.09416195856873823
671 0.008088686081615393 0.02145839545237071 5 0.09433962264150944
672 0.008126867932398118 0.02138783951786292 5 0.09451795841209829
673 0.008124610342685738 0.021551256088514936 5 0.0946969696969697
674 0.0068299296605273604 0.019233489791101625 5 0.09487666034155597
675 0.0074164401217762296 0.022653781580127687 5 0.09505703422053231
676 0.011233637345317201 0.03149034233222674 5 0.09523809523809523
677 0.015137876506775233 0.04190225810858889 5 0.09541984732824427
678 0.019210232153092525 0.05204934326123404 5 0.09560229445506692
679 0.02123603103610047 0.05729769982126477 5 0.09578544061302681
680 0.022174579757219075 0.05997951305803308 5 0.09596928982725528
681 0.022101032024797358 0.059230082400620575 5 0.09615384615384616
682 0.022312012024122904 0.05980501753690842 5 0.09633911368015413
683 0.022880974948334572 0.060838019539777154 5 0.09652509652509651
684 0.022325824771541672 0.059646181117405314 5 0.09671179883945841
685 0.022337198924545235 0.060038248932491725 5 0.09689922480620154
686 0.02250666142856233 0.06005958268582138 5 0.0970873786407767
687 0.03241131113460952 0.09672185811183587 5 0.09727626459143968
688 0.038138850613836525 0.10800256431169716 5 0.09746588693957114
689 0.03668915924096561 0.10391476167664404 5 0.09765625
690 0.03647028921215773 0.10235642104637221 5 0.09784735812133072
691 0.030127205893297298 0.08743495307420321 5 0.09803921568627451
692 0.023796648896997733 0.07655184323925049 5 0.09823182711198428
693 0.023039587283419084 0.07345882394399773 5 0.09842519685039369
694 0.021875617104469416 0.06449388767815527 5 0.09861932938856015
695 0.022028002606874868 0.06426241235349858 5 0.09881422924901186
696 0.022482683999908677 0.06385941990654595 5 0.09900990099009901
697 0.02274780638496224 0.06427546408181646 5 0.0992063492063492
698 0.021634057033638545 0.06427551077109502 5 0.09940357852882703
699 0.022148981409439855 0.06307529539905793 5 0.099601593625498
700 0.022532952326839172 0.06232371371104073 5 0.0998003992015968
701 0.021413374329932244 0.059162248668762726 5 0.1
702 0.022136103632411374 0.0599399453913879 5 0.1002004008016032
703 0.021215032106071854 0.056645010966382005 5 0.1004016064257028
704 0.016675269165385233 0.04337085404994714 5 0.10060362173038229
705 0.013881429032368034 0.0327134860899666 5 0.10080645161290322
706 0.010349090455048728 0.019734017921279406 5 0.10101010101010101
707 0.009718762733330447 0.01604315159050995 5 0.10121457489878541
708 0.008916808214634196 0.009624027192790395 5 0.10141987829614603
709 0.011147452743615647 0.01296451644544983 5 0.1016260162601626
710 0.013319297652907416 0.019221237568076713 5 0.10183299389002036
711 0.014586536842318611 0.022095148735176068 5 0.10204081632653061
712 0.014800594788003505 0.02272995536508843 5 0.10224948875255623
713 0.01181859850004471 0.014600007056900132 5 0.10245901639344261
714 0.010372494986265383 0.009733359766648887 5 0.1026694045174538
715 0.009633457384666557 0.013286841731454497 5 0.1026694045174538
716 0.009647199286961939 0.013413816251967923 5 0.102880658436214
717 0.00959429704822652 0.013631472700779204 5 0.10309278350515463
718 0.009299936874409375 0.0129199797128211 5 0.10309278350515463
719 0.009892481047189653 0.014187145830568357 5 0.10330578512396693
720 0.009868093348593333 0.014020625908054377 5 0.10330578512396693
721 0.009925213924200326 0.013941043181831144 5 0.10351966873706003
722 0.01022875081661577 0.01383311385200516 5 0.10351966873706003
723 0.010350466876286027 0.014057479126332326 5 0.10373443983402489
724 0.012629973349493187 0.017532889527207003 5 0.10373443983402489
725 0.011278441600502146 0.013974332841982953 5 0.10395010395010394
726 0.010200121989498427 0.01245202150278488 5 0.10416666666666667
727 0.01006905909096904 0.011317853225066305 5 0.10438413361169101
728 0.010450294416149189 0.012372103773922973 5 0.10438413361169101
729 0.010449714870073578 0.01304159549775652 5 0.10460251046025104
730 0.010440674280574345 0.012681406703674469 5 0.10482180293501048
731 0.010351263120378927 0.012455308690767102 5 0.10504201680672269
732 0.010306366478352431 0.0124694836280061 5 0.10526315789473684
733 0.010188129211667143 0.012415025604314211 5 0.10548523206751054
734 0.010226327721009752 0.012506897018221741 5 0.10570824524312895
735 0.010225633871499286 0.012457131554941929 5 0.1059322033898305
736 0.010277907033867002 0.012573575428642906 5 0.10615711252653927
737 0.010245181647046924 0.012517573582126715 5 0.10638297872340426
738 0.01033739282529983 0.01266917436639676 5 0.1066098081023454
739 0.010256246749559262 0.012546305731190014 5 0.10683760683760683
740 0.010344112348285892 0.012672106986001862 5 0.1070663811563169
741 0.01036867639616878 0.01268535096488243 5 0.1072961373390558
742 0.010331560147176202 0.01265274941208593 5 0.10752688172043011
743 0.010338955780509824 0.012732185143448527 5 0.10775862068965517
744 0.010398859258055835 0.012762265019829364 5 0.10799136069114469
745 0.010378814828181525 0.012762688049477586 5 0.10822510822510822
746 0.010371742686268056 0.012739248477832182 5 0.10845986984815618
747 0.010395245003422648 0.012764199100846576 5 0.10869565217391304
748 0.0108552563299496 0.01355989384480082 5 0.10893246187363834
749 0.012215172270455422 0.016391121735323276 5 0.10917030567685589
750 0.0126181304397774 0.0182955729957266 5 0.10940919037199125
751 0.013133581203345493 0.02156692386796834 5 0.10964912280701754
752 0.014029703393353321 0.023735709336184664 5 0.10989010989010989
753 0.014405665690131292 0.02404257067615067 5 0.11013215859030835
754 0.013975551403202066 0.022744242367090012 5 0.11037527593818984
755 0.012997681571320871 0.020893609647128872 5 0.11037527593818984
756 0.012533567639641205 0.01830646414854107 5 0.11061946902654866
757 0.0108088955689073 0.01213080067852838 5 0.11061946902654866
758 0.010277451413273539 0.01071871928544244 5 0.11061946902654866
759 0.010350271500021126 0.011201618824183378 5 0.11061946902654866
760 0.009747710142968633 0.010226951597180563 5 0.11061946902654866
761 0.009598144385563903 0.009968925074065866 5 0.11086474501108647
762 0.009982092154483393 0.010428534983887901 5 0.11086474501108647
763 0.00991610493990402 0.010410579196438157 5 0.11086474501108647
764 0.010180768837247198 0.010390617726610797 5 0.11086474501108647
765 0.010907684585959972 0.0115521798271816 5 0.11086474501108647
766 0.011212941763433236 0.012456717571464966 5 0.11086474501108647
767 0.011734799324397471 0.014043657821001065 5 0.1111111111111111
768 0.011904083054010013 0.014441529331310968 5 0.1111111111111111
769 0.011850359584875876 0.013610824594111759 5 0.1111111111111111
770 0.011260481652013626 0.011529251703252039 5 0.1111111111111111
771 0.011539472334873239 0.012643479839972643 5 0.1111111111111111
772 0.011901405086853209 0.013012561914086247 5 0.1111111111111111
773 0.012363429601929685 0.01344170544427568 5 0.1111111111111111
774 0.012613927884305312 0.013148215258791646 5 0.1111111111111111
775 0.012987730531703035 0.013379624748954025 5 0.1111111111111111
776 0.013367023670835015 0.013629572303649747 5 0.11135857461024498
777 0.013426176366349856 0.013096215631899038 5 0.11135857461024498
778 0.013001435486558735 0.011733703590631504 5 0.11135857461024498
779 0.013058136074152168 0.011500048641724308 5 0.1111111111111111
780 0.012865926403383821 0.010920448621850104 5 0.1111111111111111
781 0.012826997465794812 0.011079692594968034 5 0.11086474501108647
782 0.012983155179676829 0.011041841939555335 5 0.11086474501108647
783 0.013398410103215064 0.010476899009240344 5 0.11061946902654866
784 0.0135643513107875 0.01051856601888129 5 0.11086474501108647
785 0.013664119352439903 0.010612131897090666 5 0.11086474501108647
786 0.013514473289959805 0.010872928704383947 5 0.11086474501108647
787 0.013860089097658276 0.011022299750699942 5 0.11086474501108647
788 0.013582308616507738 0.010231490968894136 5 0.11061946902654866
789 0.013883351603392954 0.009830904400644243 5 0.11061946902654866
790 0.014226770993975405 0.009932169703240765 5 0.11061946902654866
791 0.014407125919215604 0.01022754467487227 5 0.11061946902654866
792 0.013939603432626495 0.010477196048956656 5 0.11061946902654866
793 0.012893096005689436 0.009948456640557046 5 0.11061946902654866
794 0.012438883503136194 0.009705546611530218 5 0.11061946902654866
795 0.012213672211333059 0.009305194393145694 5 0.11061946902654866
796 0.011909844099685379 0.008947293602328 5 0.11061946902654866
797 0.01219479029880361 0.010438771995454408 5 0.11037527593818984
798 0.012261463283670674 0.01060829729352974 5 0.11037527593818984
799 0.012533893806798401 0.010552139798411108 5 0.11037527593818984
800 0.012635239000123515 0.00989195431786521 5 0.11037527593818984
801 0.012230035257094759 0.00994591239862134 5 0.11013215859030835
802 0.012403913515870805 0.009074466821083437 5 0.11013215859030835
803 0.01258188196620912 0.009363607308435782 5 0.11013215859030835
804 0.01312524081380546 0.009172475191267564 5 0.10989010989010989
805 0.01306280940130045 0.008801306460249275 5 0.11013215859030835
806 0.012761122475446265 0.00885872616191177 5 0.10989010989010989
807 0.011348902497585085 0.007899905762878549 5 0.10964912280701754
808 0.010996055373506829 0.008376431695466355 5 0.10964912280701754
809 0.010932737797746506 0.00866029741114634 5 0.10964912280701754
810 0.010650903001971935 0.008380970921944498 5 0.10989010989010989
811 0.01049551272943153 0.009037951867751706 5 0.10964912280701754
812 0.010663494716076673 0.009454843018053816 5 0.10964912280701754
813 0.011091175836901319 0.009058903762717292 5 0.10964912280701754
814 0.011047178556091036 0.009079717088301355 5 0.10989010989010989
815 0.010771014353922349 0.008833417639014678 5 0.10989010989010989
816 0.010513824253280145 0.009429534918407511 5 0.10964912280701754
817 0.01017067985040314 0.009303047344970866 5 0.10989010989010989
818 0.010401315993860964 0.008476788834158765 5 0.10989010989010989
819 0.010610466296061796 0.009114313635460764 5 0.10989010989010989
820 0.010722688077155998 0.009096556035409636 5 0.10989010989010989
821 0.010684122068896528 0.009164811306043828 5 0.10989010989010989
822 0.010364004053903036 0.009266198359183294 5 0.10989010989010989
823 0.010112276461781493 0.009454801450184878 5 0.10964912280701754
824 0.009535204616123822 0.009409359358453809 5 0.10964912280701754
825 0.010363725531373977 0.009403269708527711 5 0.10964912280701754
826 0.01127897137823351 0.009599265007798815 5 0.10964912280701754
827 0.011299439614356092 0.009584358465619853 5 0.10964912280701754
828 0.010501579129800811 0.01056374269556935 5 0.10940919037199125
829 0.010500449493714457 0.01028615046955807 5 0.10964912280701754
830 0.010084426247559024 0.01022936330881397 5 0.10964912280701754
831 0.009884900152436746 0.00979846101526098 5 0.10964912280701754
832 0.009981370857788089 0.009535588422014766 5 0.10989010989010989
833 0.010045917108401735 0.010140983643335042 5 0.10940919037199125
834 0.010049944211109205 0.00979547130602991 5 0.10964912280701754
835 0.010539934721684008 0.00966825510144038 5 0.10940919037199125
836 0.010716673758557078 0.009686726667455313 5 0.10964912280701754
837 0.010901696642121051 0.010066746527061476 5 0.10940919037199125
838 0.010922198440675856 0.009899010883332983 5 0.10940919037199125
839 0.011295589375862704 0.009838803421919798 5 0.10940919037199125
840 0.011880406449828417 0.009276719382236662 5 0.10940919037199125
841 0.012338839883851645 0.010004713998960545 5 0.10940919037199125
842 0.01217325482989595 0.010719807298978293 5 0.10940919037199125
843 0.011834964518229461 0.010752248146741477 5 0.10964912280701754
844 0.011337040310118977 0.01069327981615746 5 0.10964912280701754
845 0.01124643352798038 0.011087699039993982 5 0.10940919037199125
846 0.011139275961089734 0.010409378843316608 5 0.10940919037199125
847 0.011769666507084161 0.010614387517660497 5 0.10940919037199125
848 0.011933617258334677 0.010786098299322998 5 0.10964912280701754
849 0.011932317346327981 0.0103887931245655 5 0.10940919037199125
850 0.012044486268777455 0.010115405989962868 5 0.10940919037199125
851 0.012930352778126958 0.010472991659594647 5 0.10917030567685589
852 0.013314528553922155 0.010641369033169153 5 0.10917030567685589
853 0.013564621094171137 0.010380483561738266 5 0.10917030567685589
854 0.01459785221139071 0.01060095128281976 5 0.10917030567685589
855 0.014882748682570116 0.010518972634594783 5 0.10940919037199125
856 0.01473653447991934 0.01076677306707569 5 0.10940919037199125
857 0.01482372208369144 0.010610639570193293 5 0.10964912280701754
858 0.01471541758757132 0.010459890666176423 5 0.10940919037199125
859 0.015439537035388634 0.010926018773656464 5 0.10940919037199125
860 0.015870617905016433 0.010942361723407385 5 0.10940919037199125
861 0.01656748041613395 0.011147581883494535 5 0.10940919037199125
862 0.017742233256129922 0.011997391384943872 5 0.10940919037199125
863 0.019120922694176045 0.012737776985046741 5 0.10940919037199125
864 0.01943992075454843 0.01283268171499986 5 0.10940919037199125
865 0.019693275974725886 0.0126379485942027 5 0.10940919037199125
866 0.020154081297817254 0.012592542927464307 5 0.10940919037199125
867 0.02067574350693042 0.01304159471354554 5 0.10940919037199125
868 0.020368767241658543 0.0128830486218658 5 0.10940919037199125
869 0.02072834404196205 0.013267061171218836 5 0.10940919037199125
870 0.02109155281437457 0.013856432643604852 5 0.10940919037199125
871 0.022735587110629403 0.013246070303584809 5 0.10917030567685589
872 0.023313191749560543 0.014076113722189204 5 0.10940919037199125
873 0.02260927212833814 0.018062844569002513 5 0.10940919037199125
874 0.022171551624110625 0.017347698958360355 5 0.10940919037199125
875 0.022471346793443897 0.01775741289350713 5 0.10940919037199125
876 0.022658955141846727 0.018464065207396085 5 0.10940919037199125
877 0.023192706206478675 0.020119243471562943 5 0.10940919037199125
878 0.023477075901189536 0.020689161486779774 5 0.10964912280701754
879 0.023470324134304412 0.0207315627415759 5 0.10989010989010989
880 0.02199771199879991 0.02202921079772413 5 0.10989010989010989
881 0.021906549549191266 0.022038011821980633 5 0.11013215859030835
882 0.021891616498252636 0.0218724161114311 5 0.11037527593818984
883 0.021597874830064315 0.022709903730316745 5 0.11037527593818984
884 0.021078581824340893 0.020662999814600482 5 0.11037527593818984
885 0.021657656578511975 0.02159152056896318 5 0.11061946902654866
886 0.02168570272651305 0.020719394770627408 5 0.11037527593818984
887 0.02144542342251584 0.020271233948994893 5 0.11061946902654866
888 0.021090861488882222 0.019872057789848345 5 0.11061946902654866
889 0.021406579529532448 0.021295749003719205 5 0.11061946902654866
890 0.02058799233299923 0.02193159003821133 5 0.11061946902654866
891 0.02007737265009173 0.022198175792724862 5 0.11061946902654866
892 0.01937491546702043 0.021575409095888905 5 0.11061946902654866
893 0.019035039690390297 0.02161790194282389 5 0.11061946902654866
894 0.018340090836051953 0.022100977076683015 5 0.11061946902654866
895 0.01825430070574109 0.022332983876701008 5 0.11061946902654866
896 0.01761684983484912 0.02165990913499747 5 0.11061946902654866
897 0.016983663473144662 0.022557810721842927 5 0.11061946902654866
898 0.015828492002504562 0.022249879027752013 5 0.11061946902654866
899 0.015107590082621516 0.022117951036701975 5 0.11061946902654866
900 0.01454476775138407 0.022137718349324428 5 0.11061946902654866
901 0.014665861789140302 0.023538365957880315 5 0.11061946902654866
902 0.014665597729461896 0.02373193705774383 5 0.11086474501108647
903 0.013923455262741793 0.02307896426421091 5 0.11061946902654866
904 0.013048871944708117 0.02262695898315177 5 0.11061946902654866
905 0.011878044518110708 0.02129858093410213 5 0.11061946902654866
906 0.011029811810951074 0.020662458393318615 5 0.11061946902654866
907 0.01037452779550888 0.020568883757831953 5 0.11061946902654866
908 0.010382597939843028 0.021123366860394364 5 0.11061946902654866
909 0.010302155245754546 0.020893569629298055 5 0.11086474501108647
910 0.009387352045224309 0.020783304702165727 5 0.11086474501108647
911 0.009168997053337642 0.020842082387670192 5 0.11086474501108647
912 0.009464259730159404 0.021606707203482876 5 0.11086474501108647
913 0.009541721767659711 0.02286791928513669 5 0.11086474501108647
914 0.008813881900971262 0.022379429879612542 5 0.11086474501108647
915 0.008008266529362708 0.021025197423993044 5 0.11086474501108647
916 0.007184846332058524 0.01976960102080904 5 0.11086474501108647
917 0.006036277025716936 0.017455561457430744 5 0.11086474501108647
918 0.005661443857329369 0.017162241852198713 5 0.11086474501108647
919 0.005469750044031126 0.016933451066539637 5 0.11086474501108647
920 0.005634266121674152 0.017807508589482955 5 0.11086474501108647
921 0.0055934800104403635 0.017855316751699886 5 0.11086474501108647
922 0.0055327016212652885 0.01784460866695227 5 0.11086474501108647
923 0.005138129707040388 0.018010083685211186 5 0.11086474501108647
924 0.004987973096921152 0.018855501191598626 5 0.11086474501108647
925 0.005090108781639176 0.01932848807888524 5 0.1111111111111111
926 0.004070950841387944 0.01839698706091771 5 0.11086474501108647
927 0.0038602046692568933 0.018257381005137956 5 0.1111111111111111
928 0.0038586178214767555 0.018736513128454157 5 0.1111111111111111
929 0.004074957409664716 0.018057571276747536 5 0.1111111111111111
930 0.004055253802711623 0.017675976620650197 5 0.1111111111111111
931 0.003890007575782648 0.01734163969525872 5 0.1111111111111111
932 0.004142709725090182 0.0167508466814185 5 0.1111111111111111
933 0.004273313203804691 0.015901617901289033 5 0.1111111111111111
934 0.003932130138744196 0.015555290842917605 5 0.1111111111111111
935 0.0038033860208192757 0.015247526234878527 5 0.1111111111111111
936 0.0038521511335984394 0.01583543112871789 5 0.1111111111111111
937 0.004168515875842509 0.01519093712771756 5 0.1111111111111111
938 0.004359462123434102 0.015009831967590065 5 0.1111111111111111
939 0.004434824073759685 0.014767733850060517 5 0.1111111111111111
940 0.004416862575067489 0.014198807191106394 5 0.1111111111111111
941 0.004359454449415061 0.013642070118915212 5 0.11086474501108647
942 0.004402099990139489 0.015216106681954769 5 0.11086474501108647
943 0.005250637163731205 0.013611738537460501 5 0.11037527593818984
944 0.003738496016833593 0.013592526574818239 5 0.10989010989010989
945 0.006098599070068598 0.00932702538173762 5 0.10330578512396693
946 0.007840875974814176 0.00803749129215953 5 0.102880658436214
947 0.007835597226406709 0.007627037752785169 5 0.1026694045174538
948 0.007603361565697452 0.007723110149288556 5 0.10245901639344261
949 0.007432799201069341 0.007758012106793282 5 0.10224948875255623
950 0.00748876090711874 0.00825030249964479 5 0.10204081632653061
951 0.006531901454666117 0.008333777409459646 5 0.10141987829614603
952 0.006054161906202972 0.008787725738124896 5 0.10060362173038229
953 0.03144811961484752 0.009191746768802033 5 0.09689922480620154
954 0.011984100377251566 0.008199132071500081 5 0.09090909090909091
955 0.012218200162787764 0.008408622892412877 5 0.09074410163339383
956 0.01157821389472602 0.008535501704087598 5 0.09057971014492754
957 0.0111925390822486 0.008504685231873695 5 0.09041591320072331
958 0.011572596316827536 0.008969157935926914 5 0.09009009009009009
959 0.012708620134386417 0.011670913427407992 5 0.08944543828264757
