# frame_id timestamp x y z qx qy qz qw
0 1785158325.072349 0.3240712642239025 0.012165191267341322 -0.005922938334562277 0.001794558133509705 3.964396773187273e-05 0.03886026272658749 0.9992430424928072
1 1785158325.096332 0.341070815990757 0.013253919524468707 -0.007191338861033199 0.0021557835212279164 -0.00012051012899813585 0.040686983015489314 0.999169608969276
2 1785158325.128325 0.36171065863254087 0.0152634752633127 -0.006960963437181812 0.0020833983540408108 -0.00013114640344966122 0.042803483298299444 0.999081330057494
3 1785158325.1525 0.3784364018561397 0.016888793499917447 -0.007327382084243669 0.0020704314858831507 -0.0006977657219744138 0.044991768139347604 0.9989849684735775
4 1785158325.180637 0.39558724803475087 0.01868002798278003 -0.007836135729586023 0.0019898268787419404 -0.000986191264341879 0.04737166711508681 0.9988748636193225
5 1785158325.212341 0.4171279468731103 0.020910681853879485 -0.008373771284593826 0.0021208626178734757 -0.0005721896522696279 0.051234896721986556 0.998684214303323
6 1785158325.244333 0.43765757284354434 0.022913640710316388 -0.008707706793206014 0.0025644415872423387 0.00019453309807257457 0.05578968425241285 0.9984392304628438
7 1785158325.268342 0.45395168195594493 0.02474560688676887 -0.008988289498793272 0.0028013189463366173 0.0001501569531414948 0.05845937417555805 0.998285846657185
8 1785158325.296382 0.46990081539702094 0.026815097274912075 -0.009276713814328718 0.003053070151868287 -0.0003843733158106766 0.06075641336660706 0.998147879452052
9 1785158325.328351 0.49171313582937387 0.029635117999201155 -0.009924007735917463 0.0036162653943339618 -0.0010719211199301526 0.06363824688469 0.9979659047999354
10 1785158325.352565 0.5083803642479442 0.031946810799681584 -0.010414656269705445 0.0037653032681120857 -0.0007927546043600964 0.0659969227885607 0.9978124073260851
11 1785158325.384341 0.5294168571619607 0.035204510909469376 -0.010955379276507754 0.003977369024408706 -0.0005841733929931869 0.06906335367236485 0.99760417624257
12 1785158325.412399 0.5452114644913713 0.03742548386354917 -0.011365221913186329 0.004240643107505049 -0.00037413911457873095 0.07189852814606529 0.9974028667576544
13 1785158325.444362 0.5656183374527335 0.040746038058893874 -0.012051458493024417 0.004000031271981119 -0.0007330810126796872 0.07517744351447622 0.997161879700924
14 1785158325.46837 0.5805327055492688 0.04295232075725002 -0.012042519584942056 0.003924107057665993 -0.001477635535699906 0.07822639627506939 0.9969268021789962
15 1785158325.500352 0.6020418989378097 0.04720905684089026 -0.012824966187207718 0.003846069569142352 -0.002281636498105921 0.0832837707921178 0.9965158380108196
16 1785158325.528404 0.6170112292567451 0.04989380713893421 -0.01298728208434356 0.0036663313682493426 -0.002309218789562889 0.08691431431024074 0.9962063679232637
17 1785158325.552543 0.6329727349364216 0.05278971407157565 -0.013735409999761205 0.0036777388596163085 -0.0013576444091322193 0.09148751394346183 0.9957985066422743
18 1785158325.584377 0.6534534193965565 0.05697617441063545 -0.014213300112110508 0.00389652117689282 -0.0006706525410105357 0.09635612314908051 0.9953390703069815
19 1785158325.616359 0.67384148241062 0.060921066251927364 -0.014468176193589114 0.0036790332664240477 -0.0015399798547559573 0.09991432904688341 0.9949880501932589
20 1785158325.64441 0.6892549261243117 0.06470549630551682 -0.014814974512030295 0.003631049532879238 -0.0024791506104408223 0.10240137011129027 0.9947334460501822
21 1785158325.668402 0.7050964056524442 0.06809645435857177 -0.01522884844772817 0.003921358489336946 -0.003157197724866362 0.10523246220823748 0.9944349068429348
22 1785158325.700389 0.7258512613294323 0.07288549959469934 -0.01596677917628308 0.004131817553386652 -0.0024862207316807827 0.11072045233135111 0.9938398906391914
23 1785158325.724619 0.7414590672162915 0.07656169391805702 -0.0164294283267424 0.004350345953428869 -0.0022273929139744186 0.11470936508769333 0.9933870719775202
24 1785158325.752679 0.7574230044054177 0.08058142389217166 -0.016738056638243966 0.004471729463840113 -0.002502138027711709 0.11882018397779004 0.9929025666299673
25 1785158325.784409 0.7781409801629807 0.08568149849323292 -0.0171380784146175 0.004721657836019244 -0.0021445513555428952 0.12452587348955726 0.9922028087434673
26 1785158325.816398 0.7998775756091351 0.09157180035776928 -0.017904640348630874 0.005261038934982087 -0.001685626499397963 0.1302614182505758 0.9914642923716304
27 1785158325.840401 0.8164170266808093 0.0962208282301231 -0.01850014484258399 0.005546397499241906 -0.0014382984857439496 0.13474087713402927 0.9908643019109119
28 1785158325.868479 0.8325181548935408 0.10098775908148122 -0.019105168833829823 0.005607700095862755 -0.0004705893640094272 0.13947066702103875 0.9902102126750623
29 1785158325.900415 0.8540745607364554 0.10727233860368529 -0.019923902431823702 0.005858275915933242 0.0008014717737711285 0.145824778345181 0.9892927636786127
30 1785158325.924655 0.8692927874029759 0.11200011289944584 -0.020186495527176412 0.006013939497851062 0.00022546995012376336 0.15043430389070053 0.9886016902210608
31 1785158325.956411 0.8894142469843836 0.11867044745897876 -0.020706060197794664 0.0059909670998049 -0.0008853743395560165 0.15696649005579313 0.987585361082804
32 1785158325.984466 0.9042429072440523 0.12369170383015343 -0.020976575928193332 0.005962374592755615 -0.0015028498516159727 0.16130845378052333 0.9868848840014098
33 1785158326.016431 0.9244409694481136 0.13065542022812945 -0.021467581489213176 0.005909169436167927 -0.0018501457746862293 0.16735772544703742 0.985876792713157
34 1785158326.040466 0.9392023207906769 0.13635409699188553 -0.02182503667342197 0.005846650028035638 -0.00222402577588951 0.17227615093090973 0.9850288311583719
35 1785158326.072422 0.959471362801954 0.14438438524485636 -0.022500238647105316 0.005799343393301126 -0.002195192374855548 0.17877703354553476 0.9838700732430593
36 1785158326.100478 0.9741148542197648 0.14988921012291517 -0.022686041945805476 0.005865820505764563 -0.00266142146449333 0.1843453986633904 0.9828404158240636
37 1785158326.132468 0.9930601433623981 0.15720605214539624 -0.02331094103177328 0.0059602646134078174 -0.0036055951016837895 0.19259835494252076 0.9812529483283787
38 1785158326.156458 1.0079403993384781 0.1637996524979268 -0.023696650783023743 0.0065023451225993956 -0.003856370022827238 0.1986866428111247 0.9800339105799342
39 1785158326.188435 1.0273128782656453 0.17186982720383787 -0.024030348381855804 0.007217156223279786 -0.003777701409818479 0.20654792211313844 0.9784025743521182
40 1785158326.216483 1.041959981306681 0.17883309374646505 -0.024407738179831294 0.00753264597239367 -0.003730529924745235 0.21245496543579387 0.977134704149234
41 1785158326.240806 1.056259561899899 0.1852734351772965 -0.024638068142255967 0.007844737077772446 -0.003354627707170099 0.21876332470212556 0.9757406491165568
42 1785158326.27247 1.0740167192551318 0.1934372307708389 -0.0247119579055593 0.008447712834712906 -0.0028862017307317023 0.2268664528853416 0.9738849616575127
43 1785158326.30444 1.0923079760876546 0.20263185824279722 -0.02480778037974992 0.008453514749010016 -0.0023488318646699147 0.23479451626994066 0.9720054301323756
44 1785158326.332486 1.1061652129122033 0.20953272108181997 -0.024865972625865342 0.008603199734522171 -0.0017340583072422977 0.24089308743919816 0.9705119774738105
45 1785158326.35651 1.1192766402016816 0.21673312774565356 -0.024741746357993796 0.00854081789625849 -0.0007561204542410049 0.2475258287594969 0.9688433551449099
46 1785158326.388483 1.1366623921046068 0.22569809787292205 -0.024640541559724317 0.008884788959628076 -0.0005173723651842321 0.2574007869803505 0.9662637464548045
47 1785158326.412636 1.1491397847311338 0.23299129391290457 -0.02478301038362433 0.008989017148111067 -0.001583740935616279 0.2644690161665799 0.964350988397503
48 1785158326.440804 1.1630455144633451 0.2426475671880931 -0.02552198231597128 0.008857914299739922 -0.001973985516393051 0.2710105764006102 0.9625335880967733
49 1785158326.47252 1.179704839362245 0.2531557451612646 -0.025335091211403916 0.008818761009378284 -0.0018453622317398943 0.2795822396873079 0.9600794734520274
50 1785158326.504533 1.1956460985157125 0.26371914712585554 -0.02566239619606529 0.009295511068890372 -0.0016411303657451748 0.28939412073652504 0.9571634881503914
51 1785158326.52848 1.2070323086403727 0.2712691990558218 -0.025991610366266984 0.009600262620521827 -0.0033357824499530286 0.29639038648275917 0.9550127990313346
52 1785158326.556535 1.2177197305649028 0.2786481362397879 -0.025239451476225645 0.0097468273373299 -0.004660219765605489 0.3028654652591556 0.9529720833591864
53 1785158326.58854 1.233171877930559 0.29010049654427816 -0.0256059204324675 0.010274125004966828 -0.00478287133735647 0.3114871259664259 0.9501827912850919
54 1785158326.612741 1.2446566105156651 0.2986840929720791 -0.02548050740249603 0.010553241089772958 -0.00422340134305485 0.31784018841641704 0.9480761607650586
55 1785158326.64449 1.2599595837261377 0.3096073186283762 -0.024392584467735644 0.01077875592260169 -0.00397365795144955 0.3271515446911104 0.9449020559134508
56 1785158326.672544 1.270066610175859 0.3165556384449477 -0.023681922805067975 0.010817580216108624 -0.0034912757137827988 0.3345866035064572 0.9422964478900315
57 1785158326.70453 1.2842622415065288 0.32505714027390226 -0.024221695873353 0.011375458019301732 -0.0030269945782220864 0.3446188938701754 0.9386688735898145
58 1785158326.728529 1.2946806220731857 0.33215870429973526 -0.024394636388995288 0.011572953223156213 -0.0028898593774548953 0.3520749766739478 0.9358957881444454
59 1785158326.760501 1.3080203157864458 0.34142125253557776 -0.02165976781813962 0.011730101879313448 -0.0026726718713850073 0.3616725527125715 0.9322275613547055
60 1785158326.788553 1.3182197580950126 0.34970923167158796 -0.022234924721050094 0.012013537561467724 -0.002678256888470898 0.3688516258049793 0.9294067892996705
61 1785158326.812895 1.3276969843766833 0.35677054732780356 -0.02153145661446284 0.012160091301093301 -0.002078075578533789 0.376370389779495 0.9263871455707221
62 1785158326.844552 1.3395195012167123 0.3646917709789913 -0.019073046155601008 0.012093385171215276 -0.0014276496699310304 0.38663612105884126 0.9221519515481674
63 1785158326.876535 1.3521302300930906 0.3744776188279323 -0.01844529479828183 0.01251451334985565 -0.0012185210887435127 0.39763941238695477 0.91745561193909
64 1785158326.904563 1.3618147661842177 0.3842334964109555 -0.018859873781445213 0.012878661651173906 -0.0017394889930383295 0.40548613236637754 0.914008813256565
65 1785158326.928587 1.370138931665683 0.39253454126379195 -0.01818588398127413 0.013066577901362009 -0.0017071423949547304 0.4126060404253423 0.9108142541766197
66 1785158326.960553 1.381089506697487 0.4024906842126449 -0.016642228096941155 0.012649761307385543 -0.0022104253272284546 0.42183560123912245 0.9065813935251301
67 1785158326.984668 1.3892358816465435 0.40797543648293755 -0.01558156586972043 0.013005409928799394 -0.0024491427540671573 0.42932953148234 0.9030509478481868
68 1785158327.012829 1.397549814924974 0.41563576675282554 -0.01489587009228535 0.013686143222483405 -0.0030046399725597306 0.436653854360347 0.8995204684133552
69 1785158327.044585 1.4075415191292766 0.4237262314700907 -0.013395472574073888 0.013924512670685507 -0.003524974744234133 0.4460033362651117 0.8949160332345858
70 1785158327.076594 1.417141685314288 0.4327809947601625 -0.012125261670380527 0.013182781323234805 -0.0032745222865459 0.45489551613668233 0.8904412171385151
71 1785158327.100798 1.424290041925623 0.4420054699149206 -0.010927266751529515 0.01332798258817236 -0.003961542795706707 0.46146304274160566 0.8870504671338977
72 1785158327.128858 1.431173461150483 0.4470148932936162 -0.008616593053280323 0.013694737808204183 -0.00395868549133474 0.4687105849330919 0.883236757917844
73 1785158327.160602 1.4397712330818604 0.4596558116675914 -0.008240523931216772 0.013142303328984473 -0.003975761042237846 0.4770686481615346 0.8787587712954391
74 1785158327.192591 1.4497833395270432 0.4715778204358503 -0.007006522179330902 0.012418952185934029 -0.0036059389078449966 0.4858273208241579 0.8739591415918808
75 1785158327.216731 1.4559016296578728 0.47891124663047024 -0.005348653498348689 0.012092644245812356 -0.0038889345618803306 0.4919517639699239 0.8705297847115848
76 1785158327.244984 1.4620367657242248 0.48774342380965563 -0.004028154576150812 0.01233282670231095 -0.0036707081988023305 0.49832392176278084 0.866895435612515
77 1785158327.27662 1.470465603561981 0.49885673903072647 -0.0031214704843422827 0.011782980248144947 -0.0038727200615922275 0.507106046410887 0.8617944192841561
78 1785158327.308607 1.4791060029350822 0.5110823093134728 -0.0010826154528212947 0.011977078408751396 -0.00409839433804704 0.5151533890500029 0.8570045148696341
79 1785158327.332807 1.4839475959071642 0.5197044114250884 -0.00013120199287130867 0.012323425613758876 -0.004831396408968902 0.5202927165619925 0.8538854020783021
80 1785158327.368637 1.4930845407178492 0.531299576836736 0.0005535894097775922 0.013091161270121665 -0.006125769079536436 0.5274609658450187 0.849456311978211
81 1785158327.392823 1.4989633855119817 0.5410561600275201 0.0011838513388277537 0.01336649162143111 -0.006643634764637252 0.5327994869583639 0.8461098662205473
82 1785158327.424604 1.5056018940701805 0.5513651215085764 0.004387968413538816 0.012340793460695498 -0.00548728736027726 0.5392825524059185 0.8420165812884827
83 1785158327.460641 1.5135670943884518 0.5638286823744996 0.004648858876554797 0.012274600538527025 -0.005458295586105777 0.5457266354626622 0.8378555845356148
84 1785158327.484642 1.5193425754561394 0.5724327063888719 0.006292606208365103 0.012509067386109907 -0.00586774169899118 0.5509623777800925 0.8344156944301744
85 1785158327.508662 1.5244124631644471 0.5816116578312044 0.0062858968764376195 0.012702429157642081 -0.006023791165417514 0.5557348281428991 0.831240737104765
86 1785158327.540614 1.5309101914688972 0.5941442442915533 0.008921480336942601 0.012386344011754202 -0.0055795217691989585 0.5617863395251856 0.8271708143677112
87 1785158327.576639 1.5372052973477888 0.6060051547326715 0.009099927201884348 0.012675699562573861 -0.00590118819343477 0.5674336350603695 0.8233004144421892
88 1785158327.600688 1.5431097781580512 0.6143839543907995 0.00951220875974408 0.012511355243068123 -0.0061120928227715865 0.5718167004796422 0.8202632317517852
89 1785158327.624677 1.546562803287348 0.6240905855335279 0.0108472114300165 0.012373747791953105 -0.005890436069163507 0.5756279237624465 0.8175968973237554
90 1785158327.656642 1.553950226081024 0.6352480975329098 0.012187346257263771 0.012120763168320559 -0.005752619517530921 0.5813518134081603 0.8135416790281538
91 1785158327.68064 1.559208245931408 0.6420215784751114 0.01389982389228523 0.011957849407247534 -0.005616903885980573 0.585616275827845 0.8104807448137277
92 1785158327.716674 1.5661602273219237 0.6532004680088656 0.014603452824451768 0.012352351527136318 -0.00588054094155499 0.5907551089571892 0.8067349254191022
93 1785158327.740831 1.5696057372538 0.6641148533711182 0.015460653623730688 0.012700616545633925 -0.005949322609447472 0.5939768286151951 0.804359886473763
94 1785158327.77267 1.5752032368992612 0.6768570991950121 0.017506447800038225 0.012907166042648743 -0.006227059423311143 0.5983471647140842 0.8011087936568307
95 1785158327.808697 1.5815155719886393 0.6858104875790288 0.01815412117836035 0.013277653896965447 -0.0065817629945701395 0.6029860708842267 0.7976140561841158
96 1785158327.832693 1.585748330352716 0.6954211184811275 0.01790333918796548 0.013184440038846335 -0.0066622096943380615 0.6059481562378328 0.7953669703066766
97 1785158327.864664 1.5914996026779578 0.7058115519011781 0.019014657159069685 0.012851012819941943 -0.006082335132235883 0.6100347435532116 0.7922471005480602
98 1785158327.888864 1.595326681817351 0.7147908358721233 0.02051923118434544 0.01252771111335138 -0.005875558043314966 0.612478593186605 0.7903660589626159
99 1785158327.924703 1.6001746273353454 0.7275536286756761 0.021333942675075795 0.012291323731422277 -0.006280462381686225 0.6156632168676434 0.7878884962666907
100 1785158327.948788 1.6040544822583365 0.7355362822992855 0.023074230228036324 0.012029764104978358 -0.005972156690290054 0.6186311288106973 0.7855667664727474
101 1785158327.980677 1.6096558512610382 0.7479506921150394 0.021892701015130415 0.011699432709889601 -0.005746720095831659 0.6235330874487677 0.7816882929525133
102 1785158328.012652 1.6136586787129266 0.762025922412326 0.02027521659176701 0.010911822359503498 -0.005375712598398974 0.6275647627193612 0.7784693330118061
103 1785158328.040718 1.6182937785730798 0.7698896109717879 0.019952797228293368 0.010559038336006576 -0.004814623481085523 0.6302840589939462 0.7762778697658912
104 1785158328.072702 1.6235279916516485 0.7807318795324665 0.01875967949779379 0.009875372493815426 -0.004131671776334667 0.633391377767123 0.7737575646652552
105 1785158328.096927 1.626041352194549 0.7915921323713178 0.01950517464066901 0.009363215228944566 -0.004260668282593416 0.6355953984318619 0.7719537980984387
106 1785158328.128671 1.6309413021661374 0.8043374281614932 0.020384689334861837 0.00902884402175752 -0.003940604701833772 0.6393347503115082 0.7688654164769906
107 1785158328.157019 1.6326022537103764 0.8150697088463281 0.020535920911346275 0.008679701306202436 -0.003479022648200547 0.6423508436562969 0.766353673469823
108 1785158328.188736 1.6346763705348337 0.8281553814173703 0.0208019901313858 0.008189331534977251 -0.003123654597557035 0.6459224724712742 0.7633526951465892
109 1785158328.2207 1.6379597077784247 0.8404340488919633 0.02193850775382799 0.008207945575017694 -0.0029586840935331704 0.6487407633819213 0.7609594586734001
110 1785158328.244786 1.6396511456680207 0.8508017932337868 0.021978974137625857 0.008429942226641729 -0.0033165771689310786 0.6504434461560842 0.7595006647413387
111 1785158328.280787 1.6421386114007275 0.8645170758520686 0.02205685757417486 0.009210481548098004 -0.0038010899330616077 0.6528327118522532 0.7574365775961749
112 1785158328.304921 1.6439631764248936 0.8743636576952005 0.02258220285750855 0.009387347791948497 -0.003656138186259761 0.6548399282073698 0.7557004557232732
113 1785158328.336728 1.6482618320749438 0.8845990467712028 0.02307977249320398 0.00927502739390551 -0.0032357399003845044 0.6576093904080407 0.7532950242111681
114 1785158328.368704 1.6517852306005436 0.8957301106537128 0.02337844231433424 0.009182832940184404 -0.003034876949971843 0.6597289690376164 0.7514413832852533
115 1785158328.396765 1.6539252091548544 0.9061250391961475 0.0227869900605817 0.009017944654648336 -0.0028969234905090735 0.6611077517235651 0.7502311811165335
116 1785158328.428737 1.6574425431388327 0.917069290347861 0.022514143464364186 0.008134026756010937 -0.0022059402996371658 0.6637321407209539 0.7479228682224571
117 1785158328.460751 1.6613965098954822 0.9279233125311126 0.02099625689013383 0.008800488756958602 -0.002879056856488482 0.6669948534241741 0.7450047838335807
118 1785158328.484941 1.663350368288695 0.9361085862640552 0.021039397944476835 0.010056849084673747 -0.0042310767635638236 0.6687249216502782 0.7434298466834235
119 1785158328.520779 1.664799097489519 0.9479669692599435 0.022087870272789297 0.010530751525839266 -0.005392180398010593 0.6699913491976861 0.7422746255013173
120 1785158328.545026 1.6674167880867365 0.9562911818348769 0.02185803976279456 0.01012941539937362 -0.00528622652491495 0.6703867648690429 0.7419238749637411
121 1785158328.576745 1.669338859799076 0.9679906907401323 0.022157527463561637 0.009491324574582127 -0.005049053650882596 0.6719223422189461 0.7405435759238318
122 1785158328.604797 1.6708998936842492 0.9778516684107554 0.022582239539022476 0.009388460425672429 -0.004867813013037181 0.6740259581781115 0.7386319576821629
123 1785158328.63679 1.6722611198140545 0.9912193262807991 0.022505251379657046 0.010039080373299925 -0.004892224377790244 0.6764634448730309 0.7363915335990818
124 1785158328.668755 1.673742742382265 1.0038798318491597 0.02216686488739346 0.010213589104196452 -0.004877915645561615 0.6779591418771459 0.7350124423992899
125 1785158328.692918 1.6748916140999253 1.012259870014168 0.022440672808569328 0.00977566788608808 -0.004486541972979707 0.6785989482008146 0.7344302381841682
126 1785158328.728799 1.6777456310130248 1.0239127184800996 0.0232393489064067 0.009185152162569432 -0.0031753193791648204 0.6799349423649067 0.7332080362883525
127 1785158328.753149 1.6786421816321322 1.0341149396692293 0.02300062111062305 0.009228168748347199 -0.00273777775980677 0.6809446292667983 0.7322716417745485
128 1785158328.784812 1.6795459907420356 1.045512185219944 0.022706533301119634 0.009338143786985498 -0.0025520753324801415 0.6822467270504493 0.7310579247987541
129 1785158328.81675 1.680767261615915 1.0581214633168843 0.022426244299107827 0.009135145193021832 -0.0017743691182379173 0.6839995432132051 0.7294230772471225
130 1785158328.844823 1.6817721827447991 1.068638361320319 0.021817543753616088 0.008659748925896826 -0.0011245744918295664 0.6852651928920614 0.7282412783489813
131 1785158328.876816 1.6828211398523065 1.0819379994052778 0.021494589900065468 0.008691832649164732 -0.0008985609897205205 0.6863893616916943 0.7271817439882653
132 1785158328.908799 1.683544569844293 1.0943226373875334 0.021340995399903594 0.00895414243936532 -0.001452383944510638 0.6872671436225425 0.7263481170974183
133 1785158328.933009 1.6838830210424298 1.1038007827192198 0.021821713597495154 0.008665289120503128 -0.0013736602660749941 0.68804461586141 0.7256153474162853
134 1785158328.968822 1.685137366662333 1.1169539241886595 0.021612449395795697 0.008967585944822054 -0.001427612301548531 0.6893593261658674 0.7243626603805445
135 1785158328.99293 1.68551780208739 1.1257142377333402 0.021030797806017403 0.009208346083135699 -0.00202451045537122 0.6904214343300942 0.7233459412600621
136 1785158329.024803 1.6865287500627186 1.1397596520518263 0.02019256250251455 0.00940417863941545 -0.002712576214390472 0.6915568224226398 0.7222557474434528
137 1785158329.060837 1.6870239662634492 1.151494641942607 0.02048157446731483 0.009283540655817157 -0.002452868049363177 0.6921864316262976 0.721654864310965
138 1785158329.084845 1.6877432698409927 1.1606091207120668 0.02010684729427315 0.009264740773935465 -0.0020462252376626244 0.6930786913118492 0.7207994902815368
139 1785158329.116818 1.6883961608775173 1.1726371086848466 0.01987347425962307 0.009726650523147695 -0.002293736165145832 0.6942598895190619 0.7196550123837013
140 1785158329.148791 1.6891360309456185 1.185276354870464 0.019635678182794703 0.010428398264933358 -0.002891556617985347 0.6950421444167635 0.7188875467654867
141 1785158329.176863 1.6893629882082666 1.1940635811041274 0.019625600373264298 0.010870529295056053 -0.0031246792852342997 0.6955419360229043 0.7183964665877194
142 1785158329.208869 1.6897184060902581 1.2059656616397367 0.019419142322132356 0.010986760325979672 -0.00286552930904882 0.696633324335411 0.7173375016439002
143 1785158329.232978 1.690086618171632 1.2151930135682534 0.019323618143968577 0.011019595774917401 -0.002553587491473386 0.6974903446349074 0.716504896592451
144 1785158329.26482 1.6905133385860835 1.227298728506166 0.019071199050923818 0.010974795285906724 -0.0021766134402709802 0.6983171277403757 0.7157010586318817
145 1785158329.293157 1.690792570556787 1.236548823165022 0.019015836858431237 0.010888735735769761 -0.0020072567899781513 0.698677730960464 0.7153508472170794
146 1785158329.324882 1.691157554464703 1.2489862903577416 0.018763702351911556 0.010577647685289793 -0.0017227856632097138 0.6991264884204645 0.7149176865680934
147 1785158329.356849 1.6918885452818702 1.2613437483455616 0.019319800119148727 0.01040881177562658 -0.0016668541935506154 0.699935393779897 0.7141283657499525
148 1785158329.388806 1.6921658040786487 1.2743382812259918 0.018711285915351674 0.010941555780878964 -0.0027393438035009376 0.7006936198352018 0.7133731348143565
149 1785158329.416898 1.6918165910521614 1.282795547301235 0.01892454084722692 0.011047859070999588 -0.003119659266937358 0.7012975197125327 0.7127762631997894
150 1785158329.448872 1.692154138350042 1.2950119704026617 0.018770731136078495 0.01109655319393621 -0.0028618302937409856 0.7018633302736987 0.7122194479594733
151 1785158329.473098 1.6922075433917312 1.3032955184878818 0.01895948055689774 0.010652636496384371 -0.0025244749482836726 0.7019156333332757 0.7121759558172812
152 1785158329.504838 1.6926976272804324 1.3151317632607384 0.018994216282024537 0.010775978059982538 -0.002111218066018994 0.702086042579837 0.7120074507122183
153 1785158329.533247 1.6928886419930318 1.3241840537116099 0.01896184308792379 0.010896594411673344 -0.0017059117818819525 0.7025106593331405 0.7115877511723598
154 1785158329.564903 1.6935843459651907 1.3374991248246324 0.018676313349194406 0.010783107463377073 -0.001044407544847692 0.703240101483154 0.7108698850508981
155 1785158329.596868 1.6935093269416226 1.3487279755771722 0.018623330674562906 0.010547872259683011 -0.00033642681473899927 0.7039299997277733 0.7101909494572916
156 1785158329.632898 1.6934615628182834 1.3608097377399573 0.018835100893592777 0.010442810349617138 -0.00010508331338832111 0.7045448066971368 0.7095826604600716
157 1785158329.656912 1.693545335433801 1.3697173548012735 0.018597040600849917 0.010677148176436835 -2.2603297877066275e-05 0.7047754573444946 0.7093500917887923
158 1785158329.688875 1.6936465265930472 1.3822684714652451 0.018269715261928946 0.010541740010593159 0.00039734369504784706 0.7051905894987011 0.7089393107438828
159 1785158329.713059 1.6935165922603406 1.3909781303087565 0.018341639984452422 0.009625875930508232 0.0013651050010314858 0.7055220260186769 0.7086213021095316
160 1785158329.74893 1.6935200932346648 1.4025571846113813 0.01811784625993993 0.010050148773746659 0.0011507814278496342 0.7056022056941763 0.7085359535910963
161 1785158329.780922 1.6940163544442841 1.4143145365498349 0.017896241596417124 0.010552906948621654 0.000746801968694033 0.7056800877545386 0.7084516159827008
162 1785158329.804909 1.6937678503606342 1.423702539275716 0.017607555282506272 0.010399170466511065 0.00045387816735831255 0.7058047512402829 0.708329940334912
163 1785158329.836883 1.6939286536853733 1.4347665082547691 0.017808728978727463 0.009729974640327654 0.0003681971216933366 0.7061070311335423 0.7080381717168595
164 1785158329.864946 1.6940948327335508 1.4434352885501913 0.017824872125906777 0.00972678685971895 0.00036483421163335805 0.7063758776489355 0.7077700021822625
165 1785158329.896941 1.6942351250922107 1.4555331322377079 0.017461444052553725 0.0096460052791838 0.00018969293346937643 0.7065638765736562 0.7075834981964689
166 1785158329.928902 1.6942827073383857 1.4676421938375555 0.017303455069420836 0.009621890440776326 0.000448069487792524 0.7068473970147476 0.7073004847952218
167 1785158329.953119 1.6940744509658572 1.4772574599278718 0.016919113950107187 0.009622404827629882 0.0005112935507871619 0.7070296556331779 0.7071182460942924
168 1785158329.988962 1.69425753519999 1.4888060965875858 0.016966477081381073 0.009401436802810248 0.0009100710050121696 0.7072651690298423 0.7068852562007483
169 1785158330.013184 1.6943238745187892 1.4977035106306507 0.016838716259381395 0.009228243191680474 0.001114817046909189 0.7075283735327976 0.7066238018610619
170 1785158330.044938 1.6944283653721957 1.509823570390663 0.01675821580871505 0.009013428419118008 0.0013361064995481842 0.7078898993529847 0.7062640181416413
171 1785158330.076901 1.6942968870780666 1.522063610735216 0.016621617644439 0.009296553936582796 0.001527609302410804 0.7081223103806976 0.7060269357721606
172 1785158330.104973 1.6942053749354975 1.5310750409499603 0.016237644208894845 0.009707519854003754 0.0012873850400207942 0.7083241842849812 0.7058193512897326
173 1785158330.136968 1.694103737906733 1.542886982831502 0.01609651433497338 0.009689979132788351 0.0013319918628705851 0.7083787242827325 0.7057647717799832
174 1785158330.168933 1.6941049524788643 1.5547083506435386 0.015780547336332346 0.009871379381519274 0.001471593307093011 0.7083766158869502 0.7057640968105399
175 1785158330.193278 1.6938488160176688 1.5634921995544928 0.015666593720201554 0.009808578401167223 0.0010564892333900788 0.708315978653783 0.7058265721861012
176 1785158330.228976 1.6940461726546923 1.5747820249178448 0.015788476446237872 0.010029140468001296 0.0007787734826530945 0.7080042982396669 0.7061364765592362
177 1785158330.25318 1.693904509493926 1.5836810383833384 0.01567722595842759 0.009982686425910603 0.0006091972123830613 0.7079531110953037 0.7061886202290144
178 1785158330.284956 1.6940875824322146 1.5954764731175632 0.015774615721666174 0.010150581524498103 0.0004487326484815535 0.7082907428041391 0.7058477087812115
179 1785158330.320997 1.6940399857078574 1.6070138465065822 0.01563817963282729 0.01026297312134239 -0.00024709113960019735 0.7084201733945346 0.7057162802829031
180 1785158330.345003 1.6940917333372263 1.61570591867289 0.01535496906109269 0.010664108849717802 -0.0005885411199463286 0.7081859410578623 0.7059451843378363
181 1785158330.376971 1.6940101221630637 1.6270924073469337 0.015164985431262733 0.010744181103379158 -0.0010040834105842222 0.7080143829686556 0.7061155627080006
182 1785158330.401032 1.6941370684468327 1.6359884990952285 0.015180546830936347 0.010839638426500375 -0.0010452247355016153 0.7079935382099724 0.7061349443250629
183 1785158330.437 1.6941841155608968 1.6475925788262304 0.015102269943248921 0.0110247738290421 -0.0005883718217128964 0.7079100337879857 0.7062163211388639
184 1785158330.461233 1.6943333444989443 1.65644272998381 0.015110761695900879 0.011155191922099794 -0.0002784131909623344 0.7080103137476883 0.7061139283473852
185 1785158330.493081 1.6943552117577403 1.6681640769756376 0.015163614159384813 0.011173579588484306 0.0002068871478243528 0.70797914066511 0.7061449176337534
186 1785158330.524953 1.6940111290853737 1.6818158491589552 0.014867671684158094 0.011184499962605954 0.0002748821924339895 0.7078930425018234 0.7062310328623901
187 1785158330.553273 1.6942871166214801 1.6900453900528571 0.015060551803860345 0.011256765896389687 0.0007026406444614608 0.7082332765054096 0.705888388888846
188 1785158330.585026 1.6943410134823507 1.7018383909117174 0.015001761339171353 0.011140637938263809 0.0012358914772921947 0.708600855350669 0.7055205075367302
189 1785158330.616995 1.6943136885405143 1.7144814824822565 0.01482464646304716 0.011249657514278644 0.0018574225202312444 0.7088747469467731 0.705242219615744
190 1785158330.64107 1.6944576849496555 1.7230937507401367 0.014997232326537727 0.011113830533378444 0.001983153853121422 0.7090915274358345 0.7050260673126814
191 1785158330.677035 1.694403067529126 1.7349323841729543 0.015046958702301542 0.011175428037561663 0.0018192836334566254 0.7093397969021827 0.7047757462810483
192 1785158330.709025 1.694258462714126 1.7466106113379396 0.014808263929557301 0.011409782993927475 0.0014502478107683014 0.7091003310750419 0.7050137829167491
193 1785158330.733031 1.694254777107061 1.7556188569465185 0.014840764065876859 0.011094002973860984 0.0013284307220395863 0.7090269664847144 0.7050928443597456
194 1785158330.764982 1.6943563049274806 1.7671490705953876 0.014764586237423646 0.01095358050500539 0.0015823833900767692 0.7090464797790963 0.705074892936771
195 1785158330.793187 1.6943316320673611 1.7760199526063134 0.014753455425094132 0.010715742904108816 0.0013283138503165093 0.7086904377694855 0.7054369368344865
196 1785158330.825057 1.6944530296072609 1.7878327333018733 0.015042649126415855 0.010803221476822333 0.0013552028550064543 0.7082378767185357 0.7058899091304287
197 1785158330.857023 1.694670458035171 1.7991687375585503 0.015278923088090583 0.011015752532533285 0.001389120514740827 0.7080368302140624 0.7060882172935338
198 1785158330.893047 1.6947750184140045 1.8110540287831856 0.015178582425431547 0.011303022968882304 0.0012581746283566453 0.7078670743299046 0.7062541070662818
199 1785158330.917061 1.6948966385646735 1.8197679296160507 0.015410854442782472 0.011343590008219384 0.00135837569641728 0.7078228080879736 0.7062976356548624
200 1785158330.949026 1.6945451775689648 1.83132216204631 0.017288863692491024 0.011140524847177757 0.001979102384170317 0.7075826217090934 0.7065400238593483
201 1785158330.973235 1.6960166052784196 1.8414907180961082 0.017160688149527585 0.011295549108855663 0.0021601465380459706 0.7077460595251955 0.7063733145892631
202 1785158331.009053 1.69641659956111 1.8531179760007184 0.017341717465200857 0.011096697981268 0.002585129800577346 0.7077235578132255 0.7063975835986536
203 1785158331.033312 1.696202876726537 1.8630317918751444 0.016740225816491483 0.011614179283464199 0.002584952468116186 0.7078833291055177 0.7062291563188244
204 1785158331.065059 1.696264986133378 1.8748950705755694 0.01669431274959754 0.01196867304132776 0.0023580955673130344 0.70779952473029 0.7063080227793685
205 1785158331.097016 1.6968455598345857 1.886596363874471 0.015905779433423875 0.012465575898689463 0.001972934057831499 0.7078986849014347 0.7062012240597838
206 1785158331.125088 1.6971822514720833 1.8954490570780238 0.01695650276085319 0.012681307824090493 0.0018383107434720714 0.7081154328726486 0.705980409624136
207 1785158331.157104 1.6970889707386898 1.907074630237747 0.017243678118778943 0.013076871588220462 0.0008653920272512217 0.7078916476839578 0.7061994489274229
208 1785158331.189063 1.6973050802122571 1.91862688391286 0.018112740291412174 0.013217349977013182 0.0009451076559920946 0.707366525933254 0.7067227224451065
209 1785158331.213045 1.697734946672518 1.9269720075007502 0.018717655438013327 0.013165014319479917 0.001154938174986242 0.7069045821216602 0.70718544971682
210 1785158331.241394 1.698095995368012 1.9361984701202724 0.018951877283166434 0.013384885810940883 0.000629421697877941 0.7065606865418909 0.7075255789677192
211 1785158331.273103 1.69837186143761 1.9486232123109575 0.01926799787862997 0.013457873227233574 0.0006701206040901075 0.7061993761816981 0.7078847912387692
212 1785158331.305075 1.6981050808607951 1.959257368441444 0.020155325552599773 0.013765123196066043 0.0009882947502823924 0.7059048815259983 0.7081721844965743
213 1785158331.337073 1.6985031296883293 1.9722737942146982 0.020415236399339363 0.014187582425657985 0.0015849184232751279 0.7060212991100375 0.7080466974299658
214 1785158331.365124 1.6981649419847744 1.9786922680184498 0.014615192807969364 0.014744802028924697 0.0004260650119936038 0.7059725948330415 0.7080855207010208
215 1785158331.397115 1.6985831120403765 1.989924569636154 0.01517511389360443 0.014541695849557557 0.0020133772246352377 0.7068713214442798 0.7071898050124791
216 1785158331.42122 1.6986567073683947 1.9984441689941193 0.01457895527205947 0.01470195971796584 0.0020642968386099803 0.7073059505992279 0.706751641884146
217 1785158331.45314 1.6986508674071539 2.0083088654905117 0.01396297673782912 0.015120893936276913 0.0017306346507549586 0.7070228429357664 0.7070269181843788
218 1785158331.481213 1.6992695129909543 2.0155309568926416 0.013854960358003134 0.015740069750944108 0.0009184237639439097 0.7064333430661708 0.7076039418392037
219 1785158331.513444 1.6990787977562758 2.02413693979926 0.011805776966352453 0.015712664151524502 0.0007251147277996806 0.7056791459507602 0.7083569222956029
220 1785158331.545111 1.6984135342891844 2.032246599926289 0.012090391679001652 0.01592789071084233 0.0003760856622562203 0.7045993126258 0.709426507472288
221 1785158331.581129 1.6999359018463738 2.039481715412462 0.012227088594851221 0.016824834591964155 -2.4440918707568926e-05 0.7046564779721425 0.7093491188374665
222 1785158331.605147 1.6994201188229676 2.044266923623188 0.011463317401384628 0.01646610653923619 -0.0003733569459820618 0.704259831855736 0.7097512361204876
223 1785158331.63711 1.6984763757633106 2.0502843874057297 0.0114169791123616 0.017450058601307106 -0.0011190435085357553 0.7026901894106139 0.7112810561954486
224 1785158331.661312 1.6986517139458475 2.05462761035975 0.011242129692937385 0.01709087128632447 -0.0009317347770763096 0.7021138343308917 0.7118589731331288
225 1785158331.697158 1.6985968783524668 2.059746551694855 0.01137156762885222 0.016993912932986466 -0.001057993557796899 0.7013751820641766 0.7125889008097873
226 1785158331.721478 1.6989583938961617 2.0632525445428564 0.011675850037508505 0.017096304846964783 -0.0011425145738167553 0.7012592584080655 0.7127004023557152
227 1785158331.753127 1.6988985862440105 2.06724245827413 0.011699062835701872 0.01706996210655698 -0.0011606442398552907 0.7007917455862251 0.7131607102307592
228 1785158331.785102 1.6980174566435853 2.068533100860697 0.010338700607110153 0.014667550727552103 -0.00027309702467070984 0.70122095192629 0.7127930730255855
229 1785158331.81317 1.698734318319144 2.0674054997989817 0.01104545212757723 0.016887540614486052 -0.001431533625589787 0.7012264322506357 0.712737155195741
230 1785158331.845173 1.6985961940304755 2.066612450363011 0.010932630193689022 0.01910086970248992 -0.003950715744107436 0.7006313791326926 0.7132567694710925
231 1785158331.877136 1.6990000408642263 2.0668259669907156 0.010957772493871674 0.018641748231416178 -0.004215937449101537 0.7005678355995054 0.7133298106890853
232 1785158331.901125 1.6995233646131402 2.0674412243172817 0.010952047852504261 0.01833536490795451 -0.0030799441384409265 0.7007783767501672 0.7131367295387311
233 1785158331.929364 1.6987835114785341 2.0675086239726337 0.011489538892123535 0.016911273931762172 -0.0015277918151620495 0.7005991792505898 0.7133529734287049
234 1785158331.961189 1.698980328836946 2.067667958953767 0.011399246048304713 0.016902857294344376 -0.0016750114774916058 0.7006225856855545 0.7133298536996229
235 1785158331.993158 1.6995946989082995 2.0677031706541307 0.011238999194027342 0.017659647768791364 -0.002054783939149485 0.7006937168772592 0.7132406535191169
236 1785158332.025186 1.69946523963546 2.067634310968449 0.011203073284240285 0.017540050080689706 -0.001968013995182427 0.7006192201165207 0.7133170276724089
237 1785158332.053197 1.6993144497710286 2.0675702864317813 0.011083552896726238 0.017468589053096784 -0.0018643868518432027 0.7007121548252081 0.7132277676439516
238 1785158332.08519 1.6991047762244023 2.067728869247201 0.011573284864528376 0.01734846008028823 -0.001629841115852404 0.7006630157891407 0.7132795474819438
239 1785158332.109339 1.6987420115736989 2.0676082566755443 0.01166198285047352 0.017006294373233866 -0.0015115575510209478 0.7005713460425603 0.7133780836622162
240 1785158332.141192 1.6989473123792558 2.067582826641774 0.011551736641550646 0.016982985532679407 -0.0013551503627234895 0.7004930495188949 0.7134558355957362
241 1785158332.169228 1.6990839828196238 2.0677344834017486 0.01159374789430448 0.016986789387859247 -0.0015145895507939766 0.7005512250240473 0.7133983011769034
242 1785158332.201173 1.6987801175218493 2.0676711317642917 0.011554257720218744 0.016723731116388585 -0.0014579234386320472 0.7005690827688833 0.7133870979665666
243 1785158332.233191 1.6988985800394056 2.0675546472268778 0.011560720169105448 0.017091788896662186 -0.0015840766331736145 0.700655093474025 0.7132936291895768
244 1785158332.261233 1.699013393577057 2.0674869181680924 0.011790834116849613 0.01707531134884832 -0.0015939450194875082 0.7007265941741957 0.7132237610306087
245 1785158332.293267 1.6991052808886753 2.0675527004956757 0.011402679167026239 0.01687003595252823 -0.0014988717557090636 0.7009116421242876 0.7130470006984498
246 1785158332.317425 1.6987323155399496 2.0673378492422008 0.011617558229183679 0.017024224657909537 -0.0015147509022446215 0.7007922834783276 0.7131606107474897
247 1785158332.34919 1.6987823313928578 2.0672824472738607 0.011790756304860553 0.01702961077097409 -0.001489390270452362 0.7008708750022244 0.7130832985333676
248 1785158332.377583 1.6989675522755552 2.067314057340673 0.011328053651546363 0.016931842201483804 -0.001601536466746989 0.7009346867068669 0.7130226593676784
249 1785158332.409254 1.6988963012078255 2.0671420174246995 0.01139760414991886 0.017097732903632368 -0.0016800441591351412 0.7009744268433071 0.7129794512416725
250 1785158332.441217 1.6989607581734616 2.067182254750883 0.0109683216468182 0.016912609455692285 -0.001631327332752841 0.7011687554361662 0.7127928723076786
251 1785158332.473179 1.6996182387442067 2.066579165500052 0.011099692944242123 0.01609305914039394 -0.0009425449068533043 0.7020945356468683 0.7119012488199546
252 1785158332.501243 1.699100719477474 2.0654879986711787 0.011006372589455499 0.016866812885154903 -0.0014220909717714836 0.7035960429686975 0.7103985477175163
253 1785158332.525537 1.6993555548611 2.0635582280069014 0.01123710319185748 0.017209382155094488 -0.0013756558444553146 0.7053921814339894 0.7086069538952009
254 1785158332.557233 1.6987577737234747 2.0605308360939874 0.010727298741520314 0.017378265892580624 -0.001452218567576602 0.7076158041629855 0.706382163304376
255 1785158332.589197 1.6983244668368476 2.057002088953251 0.010946385591651238 0.017067891446980288 -0.001440506707059419 0.708564835037213 0.7054377978040788
256 1785158332.61726 1.698500929122567 2.054306511081828 0.011060205177956278 0.01696817200609635 -0.0012974707481605563 0.7081307088011262 0.7058762617918555
257 1785158332.649262 1.6994884557764138 2.0505480769130484 0.011621787242444705 0.01668925320568404 -0.000926035333051578 0.7062966370053596 0.7077186388960784
258 1785158332.681234 1.699496281155351 2.0459507001966393 0.011147929202752482 0.016511592190195046 -0.0008847880189529755 0.7043395528886848 0.7096706128268762
259 1785158332.705223 1.699501710584507 2.0424750149288378 0.011563322880166704 0.016256079456431927 -0.000767112795522773 0.7035300233588955 0.7104791746781162
260 1785158332.733413 1.6989481616942592 2.0386909960570456 0.011662197678957743 0.01608004591049972 -0.0009533440188457254 0.7030062013835069 0.7110012686873564
261 1785158332.765284 1.699168325934217 2.0337182711856965 0.011631828155481 0.015822541023691405 -0.000753336859093956 0.7024564212955271 0.7115504591101123
262 1785158332.797259 1.6980815368980529 2.0286909739544425 0.011950278703633327 0.016124802374258396 -0.0013084080688794408 0.7013946662419084 0.7125895038408288
263 1785158332.833279 1.6982354770768173 2.0237992793573003 0.01251521571678569 0.015609601620132807 -0.0006113199539482528 0.7011281326506557 0.7128641583296074
264 1785158332.857289 1.6983483438260607 2.0202479752371207 0.01262220858494556 0.015882038350596872 -0.0007454106829729579 0.7005462748767002 0.7134298297500064
265 1785158332.889248 1.6981509573590732 2.015471280691428 0.012799315882922085 0.01619713014065416 -0.0014896392882363108 0.7002414442870789 0.7137207812952792
266 1785158332.913553 1.6981835438295814 2.012321373569939 0.012903461946047825 0.0160527002518015 -0.0014879421545311855 0.7008550702271285 0.7131214955249193
267 1785158332.94929 1.6983880545875114 2.008064384126377 0.01302380625915428 0.015355767099337947 -0.0004083284887497207 0.7015553893340839 0.7124493451333493
268 1785158332.973358 1.6983714375035035 2.005100012738025 0.012954628122547447 0.01554900348004118 -0.0005201904528531198 0.7017402809721558 0.7122629682594697
269 1785158333.005276 1.6986554146832338 2.0017188144641933 0.0125302424218303 0.01762952153065056 -0.0028791635672751337 0.7017497683473797 0.712199531741037
270 1785158333.037245 1.698584285373893 1.9990388587652286 0.012739959459627855 0.017220443361951165 -0.003026481452679919 0.7024192145877093 0.711548693849142
271 1785158333.065311 1.6984157024500441 1.9970421146176944 0.01316917894635218 0.01589682525978653 -0.0011047535914137097 0.702861642156983 0.7111480735054769
272 1785158333.097317 1.69844376498345 1.9947777659914685 0.01322773670533891 0.01433954490635958 0.00143039416068802 0.7026845517398322 0.7113555736554081
273 1785158333.121521 1.6985111052186574 1.9932864991881782 0.012876205497523656 0.014776933572951734 0.0006606141429286172 0.7020735134496334 0.711950832245895
274 1785158333.153269 1.6981943231868908 1.9909634499172957 0.013055363066010142 0.01500132686718536 -0.0002648110850180796 0.7017164360355079 0.7122983458249346
275 1785158333.181639 1.6983731159246669 1.9892975933118806 0.013135390275556741 0.014716798868027903 0.0002826392126143995 0.7017930943267882 0.7122287474550473
276 1785158333.213358 1.6984468731358102 1.9870240442857041 0.013203471412996694 0.0147889116163471 0.0006484953009801009 0.7020145949704822 0.7120086909550181
277 1785158333.245304 1.6982925126850794 1.9848399523841707 0.01310329738299959 0.014684052193168151 0.0004912906732099653 0.7016105329311846 0.7124091502252634
278 1785158333.277309 1.698127065520779 1.9824622862714785 0.01312962454034286 0.014501193247355548 0.0006452028479285721 0.7008518659671561 0.7131591414810886
279 1785158333.305338 1.6979745439756506 1.9803567263788346 0.013019465322513045 0.014672577643592533 0.0005697697023118176 0.7002891025841258 0.7137083183133702
280 1785158333.329644 1.6977427797946067 1.9786862204461246 0.013302201040119657 0.014876130793117115 0.00020242944892845394 0.7003785931854797 0.7136164838079854
281 1785158333.361319 1.6980341485093449 1.9773108878065504 0.012777034242761134 0.017947101002346866 -0.003686399119404493 0.7003803951902555 0.7135345920558341
282 1785158333.393328 1.6977296829224744 1.9771983113533311 0.012656354546165628 0.01778014658393212 -0.004833971094728384 0.6988723626957466 0.7150090347477954
283 1785158333.421366 1.697924910042186 1.977641298508015 0.01321547648467307 0.01662470106202174 -0.0021814064712752934 0.6981840103490918 0.7157219770785753
284 1785158333.453354 1.6979476928950505 1.9791429498347237 0.013071652891267847 0.016046383874063097 -0.0009554144439801737 0.6974547800518259 0.7164484842126931
285 1785158333.485326 1.6988255545528412 1.9809477080743818 0.013176016933160908 0.013965873407831508 0.001511221718946465 0.6975660189268746 0.7163828025765162
286 1785158333.509351 1.6986206881373906 1.9815388411312675 0.01290425025064812 0.014161435216294982 0.0014952590173537006 0.6983502346699918 0.7156145384838498
287 1785158333.545372 1.6983657316673901 1.982193998233922 0.01270571736249674 0.014544652180057516 0.00045789463776535477 0.6991460357717957 0.7148307940275411
288 1785158333.56966 1.6982619101056509 1.9824066562414764 0.012993311929493587 0.014527251899362548 -7.689204633387625e-05 0.6992239985938524 0.7147550299440292
289 1785158333.6014 1.6982427638434632 1.9822650504836716 0.01279983737470794 0.014768698653309653 3.742609120627183e-05 0.6989828717981136 0.7149858943169699
290 1785158333.637386 1.6984182195416349 1.982306422891288 0.012978575389281245 0.014497535959218877 0.0005386578481295645 0.6987039848036533 0.7152637785588826
291 1785158333.66141 1.6985377938326038 1.9822645499534695 0.013104674936748682 0.014602434442961498 0.00038866153097805167 0.6986885997731361 0.7152767704865075
292 1785158333.69337 1.6983026465595261 1.982118162963346 0.012987930812744457 0.014694742044570552 0.00018139782197545973 0.698811590395383 0.7151548033678786
293 1785158333.725342 1.6981524773610548 1.9821154512196388 0.01295275176926413 0.014592945551818004 0.0001262391608860547 0.6994967541238958 0.7144867535328632
294 1785158333.753396 1.698120330083247 1.9822591447478057 0.013197139820123126 0.014683611749526593 0.0004930337003931085 0.7032219271028841 0.7108185912773143
295 1785158333.7854 1.697518125180977 1.9819464597623022 0.013909558616881645 0.015008033379969699 0.0007586982650746865 0.7133346035084148 0.7006624913241046
296 1785158333.817402 1.6973584780447593 1.9810716040885228 0.013297226967016844 0.015254805012181238 0.0007247286174809631 0.7290381847248648 0.6843026310818521
297 1785158333.849344 1.6973811640373844 1.980951305127083 0.012546526512218922 0.015869297703930862 0.00024106156342773577 0.7464622868269929 0.665238424645422
298 1785158333.877421 1.6964093034777008 1.9814818851948015 0.010973670694287799 0.0160917507656545 -0.0007176822383406778 0.7584283296529838 0.6515573722008569
299 1785158333.909424 1.6948819109091962 1.9849220470746736 0.009802099315298907 0.016712131720448165 -0.0012741581363520105 0.7733240643298637 0.6337893756625642
300 1785158333.94139 1.6940543487825446 1.9871865206824253 0.00916458132185205 0.017655913334824858 -0.001474883048846909 0.7882607810749267 0.6150862008397293
301 1785158333.977425 1.694436292927416 1.9873234592172877 0.009109727342220875 0.01794700630105195 -0.001372892264196568 0.8030014311453347 0.5957052305546805
302 1785158334.001438 1.6927548403307986 1.989696263933708 0.008265843335515964 0.01825773760591498 -0.0010608623120794691 0.8135031226955869 0.5812729126264163
303 1785158334.033398 1.6927023610362737 1.9913896643433682 0.00731274995358451 0.018366304699505176 -0.0011396148016983298 0.8270962545253063 0.5617589927006051
304 1785158334.065373 1.6934275181745844 1.9920727082716447 0.008132046183280811 0.01905584209369071 -0.001162706206625841 0.8400380670491673 0.5421914504164337
305 1785158334.093446 1.6933546906347046 1.9927805383059578 0.007177532054532074 0.01989418088942585 -0.00137804179681289 0.8496792461666905 0.5269226709880205
306 1785158334.12544 1.6903002327144347 1.993805522679198 0.0070890672599282015 0.019975930260421326 -0.001255081969990579 0.8620015180024146 0.5065103848303729
307 1785158334.157409 1.6908898019922431 1.9934079725619003 0.00782407753775425 0.01991039170070838 -0.0013885298431018933 0.8740117980313454 0.4854946191145828
308 1785158334.189383 1.687888906983289 1.9952263354660165 0.007325566614636625 0.020755639417032845 -0.001627261939917246 0.8851618131636755 0.4648172974059411
309 1785158334.217445 1.6876475152497334 1.9949385124567154 0.007259027048287556 0.021004171407527666 -0.0016322822783605972 0.893473639711069 0.44862123844006985
310 1785158334.249457 1.6871321255959104 1.994667642791067 0.007186932598250817 0.021053658102747674 -0.0020400440332960512 0.9041804837083184 0.426626575100317
311 1785158334.281428 1.6836463407841582 1.997781596914897 0.007159265921697175 0.021606831562218876 -0.002013432960609851 0.914002568062581 0.4051276298804638
312 1785158334.313441 1.6838072821228458 1.9971183345694008 0.006722141665046449 0.02227307205954296 -0.0023253415632415453 0.9232358210314004 0.38358065880870573
313 1785158334.341464 1.6834270221259808 1.9979175916557201 0.006780239518237412 0.022771139833760473 -0.0018234013526386983 0.9300349449461255 0.3667603462442961
314 1785158334.373436 1.6811034382895964 1.9988021284980018 0.007033427950187368 0.02256565909325281 -0.001873993453671563 0.9386252095470846 0.34419470533538754
315 1785158334.405432 1.6807417423254025 1.9989858702177499 0.006965490707562798 0.022822518278467846 -0.0015654035723484672 0.9465598389983108 0.3217159513710457
316 1785158334.433481 1.6810709946695863 1.998853433539043 0.00713961774778004 0.0232180864768321 -0.001487045340478832 0.9521029204831564 0.30489135436078574
317 1785158334.46547 1.6788804781687685 2.0007052613394425 0.006494836745602341 0.023914668210873374 -0.0013005998802324559 0.9590650203714086 0.2821713730772578
318 1785158334.497451 1.6782881183215945 2.002181991287042 0.007037762932844527 0.023671527390291963 -0.0012043595252467787 0.9657254324585985 0.2584813289423388
319 1785158334.529439 1.6790014866991556 2.002452754348307 0.0066353882695451005 0.0239525521496603 -0.000857288540732859 0.9717628260551564 0.23473932393012448
320 1785158334.557484 1.678222623161982 2.002668242290625 0.006483559409168536 0.024164625986499128 -0.00046254640095999555 0.9758140947328353 0.21726184529847112
321 1785158334.589488 1.677842875068176 2.0026061950071115 0.0063705072494080785 0.024718069289348582 2.8680641352252234e-05 0.9807014774506313 0.19394233254804646
322 1785158334.621469 1.6786213545724915 2.0027578604084746 0.006598154321754202 0.024932026821466724 0.0001349969321501887 0.9851294631169809 0.16999504908452717
323 1785158334.645753 1.6785107186262498 2.002465192370299 0.006458282924304226 0.024966133848379368 0.0007048949355961676 0.988048707441832 0.1521050525338315
324 1785158334.681495 1.6783897407580972 2.0030115013401213 0.006458154260376114 0.024717950350813644 0.0006229146764999416 0.9914882695620781 0.1278266256636566
325 1785158334.713502 1.6761842886045388 2.002294545900272 0.006129018334761791 0.025149508823216482 0.0009105047920280884 0.9942308607779011 0.10426729431518095
326 1785158334.73776 1.6724898902744076 2.00154361388995 0.005234963843268416 0.025659526467792654 0.0018589032732281296 0.9959113329013756 0.08659532423101704
327 1785158334.769511 1.6706014410440462 2.002521527624077 0.004442318107962929 0.025883188742325536 0.0018650704138158947 0.9976580281064622 0.06328539331952138
328 1785158334.805511 1.670069633212321 2.0010920336882534 0.004007905197004764 0.02599145556450222 0.0022165109801270955 0.9986180948294585 0.04562271359636583
329 1785158334.829498 1.6698211035855772 2.000937555175998 0.00389089901196071 0.026743504845768956 0.0021794254076439312 0.9989073103328565 0.038265133176760974
330 1785158334.861515 1.6698074457325078 2.0010790992088827 0.004159394571272981 0.027505250612793936 0.002037484631553843 0.9991636564238047 0.03018770489647868
331 1785158334.897518 1.6680512413345963 2.0016959798739262 0.0036961946148813766 0.027871866727109618 0.0024253419911017815 0.999362703805863 0.022168964865491414
332 1785158334.92182 1.6681939450594812 2.0017010425636017 0.0033650366416919097 0.026474651665451987 0.002369227441483601 0.999476804186498 0.018428170654418596
333 1785158334.953514 1.6678839400698315 2.0017664553915306 0.003886385117115884 0.02595909422250492 0.0023562782101216317 0.9995131209814494 0.017149179749081922
334 1785158334.985743 1.671068310796672 2.0017821634714825 0.0042837115851127195 0.025260087529479114 0.0025231376605968636 0.9995253765166671 0.017452319432203045
335 1785158335.021536 1.675140338756222 2.0008148517218385 0.004360600937992527 0.0249585000304956 0.002327870638642593 0.9994993824971766 0.019303851488239376
336 1785158335.053546 1.679740026009905 1.9998929711731221 0.004330003830436481 0.025210633823943562 0.0020339913731405312 0.9994516571265918 0.021369882737125756
337 1785158335.077547 1.684588030866651 1.9992121044713587 0.004869794862594357 0.024335683870482072 0.0020104047369909894 0.9994660385970039 0.021711067559236352
338 1785158335.10969 1.687673583317583 1.9995794302262913 0.0032437429369865725 0.02643986801236836 0.002257219251570741 0.9994336141952248 0.020695148161093246
339 1785158335.145548 1.6939715029406965 1.9990885608155877 0.003233003846148084 0.02586491166351479 0.0023471525297305007 0.9994374073114776 0.021221830414751508
340 1785158335.177527 1.6991574985881346 1.998701897156468 0.0029724579651764747 0.02550924569413182 0.002604273510052324 0.9994459059836193 0.021222091230224838
341 1785158335.201833 1.702242055214311 1.999365218325812 0.002313952629263323 0.02596592786313867 0.0026799681266023723 0.9994600423695055 0.019955251634429683
342 1785158335.237564 1.7084816631570041 1.9990102263999836 0.002727020815907996 0.02608872414993446 0.002725038637153454 0.9994583348529743 0.01987434350047318
343 1785158335.269569 1.7129287508797912 1.9991613976591984 0.0018052931964345452 0.02768994254699869 0.0028239105624137117 0.9994122934531737 0.020009005611148156
344 1785158335.293686 1.7160863427415467 1.9992685083659898 0.0012989876623911295 0.027274319477051834 0.0029098591866482115 0.9994241123950559 0.0199771814811886
345 1785158335.325578 1.7210886311297393 1.9990989233477128 0.0013973774769113143 0.025676526560024726 0.0027189019565898587 0.9994867220050989 0.01896354638418285
346 1785158335.361576 1.7265564078754232 1.9991684822476832 0.0011461576494926906 0.02700561809480234 0.002832024295481017 0.9994868955785948 0.01698887272219457
347 1785158335.393587 1.7318613108737917 1.9990191627712914 0.0008796740142895786 0.026418361944900104 0.0029553359226821563 0.9995117810055363 0.016417544666401274
348 1785158335.425563 1.7345554727064274 1.9994057973373691 0.0005385003523029099 0.02903580139992301 0.003497423631445784 0.9994787766653985 0.013669866877368486
349 1785158335.449944 1.7363154910900145 1.9988445758019644 0.0011095854878694807 0.034815600426967075 0.0013603899418688226 0.9992967085276303 0.01386043404660725
350 1785158335.485592 1.7356132653466467 1.998927352336821 0.0008975909934660761 0.032826782370956875 0.0012879531159500912 0.9993603421186378 0.014129760665372193
351 1785158335.517561 1.7344114879965138 1.9992147819032187 0.0004162409459439829 0.02700750815582359 0.0033475705973380343 0.9995258637494382 0.014402637614282066
352 1785158335.541814 1.7339181248252384 1.9993416696869508 0.0007564471408631184 0.026032037861186297 0.002906319960685466 0.9995692581362013 0.013235728091957166
353 1785158335.577611 1.7342226444708735 1.9993204293063118 0.000334482950720116 0.027258547682414758 0.0030813254166129345 0.999551258790891 0.012031544434016106
354 1785158335.609603 1.7346895701098168 1.999429364376664 0.0005864321794304909 0.02732609475338721 0.002920217224392896 0.9995274729820405 0.013769082432304014
355 1785158335.641587 1.7344903126835383 1.99935037327731 0.00043629741919307304 0.026988690961140427 0.002931177910806715 0.9995401890746196 0.013506634700502396
356 1785158335.665831 1.7349290310325307 1.9992939488800197 0.0006108637402871195 0.026734210135622105 0.002842385921503876 0.99954773746578 0.013473061186599633
357 1785158335.701617 1.7345773976280103 1.9991797241678493 0.0005629822680796419 0.026475430481936735 0.0029457991967206665 0.9995547738378431 0.0134397896511525
358 1785158335.733624 1.7344945084802912 1.999160472506473 0.0005154374623276576 0.026897285493239442 0.002813113136148404 0.999541667347249 0.01360432520413557
359 1785158335.765614 1.7347405482756169 1.9994249009239344 0.0005785126116067928 0.026640562468722095 0.0029904070407528183 0.9995474264774539 0.013648447508038841
360 1785158335.789764 1.7345063908250247 1.9991393308848606 0.0005238938296542282 0.02689799921377628 0.0029019013290231266 0.9995408458563378 0.013644561985243941
361 1785158335.825631 1.7344305365310086 1.999317753457714 0.0005320557035488078 0.02681922397622899 0.0030354983833492666 0.9995420450029068 0.013682662251363387
362 1785158335.857602 1.734803214540666 1.9991776698899877 0.0004839860783743613 0.02689688720812211 0.002942357995051159 0.9995382053723594 0.01383025628634238
363 1785158335.889607 1.7345918833932523 1.9994927304238634 0.0005346944356671192 0.026858386590925765 0.0031804721147971615 0.9995415739670535 0.01360711498903433
364 1785158335.925634 1.7344520766141363 1.9993268013917327 0.0005437439665422136 0.02680776572403548 0.003037728756916269 0.9995418771006945 0.01371684449518179
365 1785158335.949648 1.7346807245557785 1.9993568907308794 0.0005891118256922089 0.026875575607788693 0.003013180668183013 0.9995398882503606 0.013734481223107331
366 1785158335.981618 1.7345310538862317 1.999272620964144 0.0005439056646553194 0.02684762124402723 0.0031219203287514152 0.9995423434757469 0.013585376182144338
367 1785158336.013599 1.7347162770544509 1.9995129936661524 0.000588766010401285 0.026819059050486926 0.003103363500308487 0.999542499109494 0.013634503312494661
368 1785158336.041659 1.7346326830779764 1.9993432218877427 0.0005418128194042381 0.026844176481516213 0.003102675466382432 0.9995409811246153 0.013696373476979606
369 1785158336.073664 1.7344631376651685 1.9992915927317572 0.0005120016046897824 0.026923881140057115 0.003121771841886223 0.9995391759486055 0.013667293400896008
370 1785158336.105663 1.734749256310614 1.9993803416087697 0.0005829220866083451 0.026867450707135587 0.0030561251198277795 0.9995404778793711 0.013697929494270566
371 1785158336.137646 1.734598006779654 1.999366144636829 0.0005245844523181949 0.02690419317408871 0.003056387286642037 0.999539464302762 0.013699714878528724
372 1785158336.165677 1.7345174703999333 1.9992357815841884 0.0005319711588996495 0.026923472101699375 0.003024538330587634 0.9995396085837436 0.013658319447603484
373 1785158336.197693 1.7348320117258718 1.9993488906808365 0.000504195852604316 0.026929410826589728 0.003023570326726177 0.9995379492109236 0.013767822712148325
374 1785158336.229652 1.7344217314751553 1.9993449467541584 0.0005528885973430375 0.027587664828373215 0.0029110108309768346 0.9995224277398966 0.013614815834322502
375 1785158336.265682 1.733775715078732 1.9991850355450458 0.0007325314189075196 0.029653756538904064 0.0022850047887501 0.9994755947159748 0.012805039765465043
376 1785158336.289699 1.7321054167564274 1.9992019596287955 0.0006951352129664946 0.02956922851688304 0.0025380685700681083 0.9994650099464125 0.013744556219379922
377 1785158336.321662 1.7299063603582239 1.9993407906410252 0.0008007106252711765 0.027716835427250508 0.003135529781118307 0.9994750223569545 0.016481054925455985
378 1785158336.35364 1.726632522300937 1.9993333229938837 0.0009913082989786472 0.028142207481325954 0.002969289416264176 0.9994249816223103 0.018679014633687374
379 1785158336.381703 1.723610882930182 1.9993510026770343 0.0012306256225006387 0.0291818030764327 0.0025455097359882717 0.9993898112261805 0.019024930136312124
380 1785158336.413711 1.7189020980413414 1.9993055207678216 0.0014253750464860732 0.029172398853846926 0.0023363801893275804 0.9994005302525769 0.018495745553804288
381 1785158336.445691 1.7131148115017938 1.9993617642787829 0.0015883818448873335 0.029720893090354417 0.002185520970403698 0.999421837442987 0.01636712723979017
382 1785158336.477687 1.7070562813597976 1.999708113443553 0.002035324880761965 0.03159333119920121 0.0018111468708433276 0.9994248285673746 0.012189881616483211
383 1785158336.505719 1.7010814580358071 1.9992741791795994 0.0020637447967495363 0.03230397193802392 0.0014924618096033848 0.9994423756015293 0.00831647802533303
384 1785158336.537728 1.6937384804223383 1.9986365801495487 0.0027315237272067024 0.03240195028828724 0.00157414929427524 0.999472045385566 0.0018072532494987081
385 1785158336.569697 1.6863789895944334 1.9984188623613228 0.003818249813606193 0.032502899310069666 0.0015286302732374635 0.999451256922888 -0.006197568973927481
386 1785158336.605727 1.6752170456290365 1.9981631381286424 0.0037698013090567625 0.032827240925567935 0.0013100948596079243 0.9993551479810199 -0.014489448178172049
387 1785158336.629739 1.66695869567652 1.9978990673902288 0.004238151695974673 0.03270855582858023 0.0015697904755538339 0.9992372036612369 -0.021276676261657135
388 1785158336.661707 1.6569606919563613 1.9968623129127896 0.005010734522653361 0.031201914883822374 0.0014424780342535692 0.9990646661516157 -0.029902384722027026
389 1785158336.693691 1.6466054151656584 1.9945717486291181 0.006544633152871756 0.029065197138860133 0.0009737908268262485 0.9988565647175472 -0.03794508093765414
390 1785158336.721759 1.6371647273614245 1.9940066411796062 0.006834316257336302 0.0278323597180285 0.0009358790795270244 0.9986305537540638 -0.04428883597168137
391 1785158336.753755 1.6242794018531819 1.9924439183982006 0.007501468926236316 0.026138198743598545 0.0005944375500014365 0.9982698614029956 -0.052666165845666496
392 1785158336.785721 1.6133944390812753 1.9909847000738972 0.008371222676627207 0.02691060529757458 0.0003759095056433681 0.9977395649605506 -0.06157465815490179
393 1785158336.81773 1.6019845668252264 1.9889237708641152 0.008676958110334122 0.027007142449911897 -0.00031170714755190954 0.9971458382430752 -0.07050315148884698
394 1785158336.845768 1.5939550973355343 1.9877257389172245 0.008769607698494136 0.027517701376665066 -0.00029045040692537993 0.9966217669065485 -0.07738052389054498
395 1785158336.877773 1.5839838661114944 1.9849646360856692 0.009300980908857006 0.028700164431753883 -0.0008885957397964384 0.9959696897228698 -0.08496992475300807
396 1785158336.909754 1.5735498720728163 1.9833807148451899 0.009532314582445498 0.02921175504103557 -0.0011626994370227406 0.9953022134429601 -0.09229748324296982
397 1785158336.941807 1.5630431249101857 1.9814187854808192 0.009075940664584753 0.028818408863727024 -0.0006691545682994127 0.9945646920946937 -0.10005061109915289
398 1785158336.969791 1.554367364429644 1.9790310181563266 0.009578927472053215 0.02907961644947482 -0.00052700818724144 0.993848319983321 -0.10686259886345789
399 1785158337.001753 1.5433035550626841 1.9766416738897048 0.009705202256761568 0.029274520358801626 -0.0004872771965073186 0.9928813776910205 -0.11545273861228772
400 1785158337.033752 1.5324601904306938 1.9740002609464087 0.009990224028272519 0.02871845292826658 -0.00026815866263607546 0.9918995847977831 -0.1237351697389395
401 1785158337.069784 1.5221619370841446 1.9708164146114089 0.010057350316756919 0.029073310425554888 -0.00011597778427235861 0.990819762496483 -0.13202623760626492
402 1785158337.093806 1.5133621100954147 1.9686728532886208 0.010214444270370616 0.029028624522253965 0.00015645135370212504 0.9899773551628918 -0.1382105305177776
403 1785158337.125766 1.5036317303198574 1.9655218274994755 0.010673190220039291 0.0287909621599525 0.0003698464716802574 0.9888931046435238 -0.1458127953918464
404 1785158337.157737 1.4931450199483878 1.9626671415812553 0.011024383764284874 0.02878927827256006 0.00013967168136996833 0.987683229773185 -0.15379530413239717
405 1785158337.185808 1.4852440672167657 1.960206809747092 0.011034001866341339 0.029147705830305126 0.00023912968131578616 0.9866067192634689 -0.1604915435965406
406 1785158337.21782 1.4759352742361966 1.9568275928230872 0.011214258314717182 0.029064666197506972 0.00026539883544862697 0.9851783726610184 -0.16905250303758712
407 1785158337.249788 1.4661097403876338 1.9535180440737863 0.011658786379652578 0.0286274753086328 0.0001298798079111263 0.9838250769795053 -0.1768294904560881
408 1785158337.281753 1.4566090185714884 1.950110899307408 0.01198248786819001 0.029124358765169445 7.727814866292926e-05 0.9823780519746759 -0.18462158257648648
409 1785158337.309831 1.4491855923734829 1.9471583248203417 0.012272107004851724 0.029181838756071277 5.149025488326853e-05 0.9812101420451095 -0.1907225072805635
410 1785158337.341826 1.4390205093074928 1.9427202731649624 0.012323985078799513 0.028544087274495145 0.0003594250309080782 0.9795021499606702 -0.19940071243036778
411 1785158337.373799 1.4302506403047626 1.9390301225093818 0.01283623253536732 0.02796505473548966 0.000556034858883725 0.9776927010391536 -0.20816971171052018
412 1785158337.409821 1.4201824383290893 1.9348632947959035 0.013178413040730735 0.027876545873406405 0.00044873266683692625 0.9757648527387575 -0.2170383583352786
413 1785158337.43385 1.4134840081888556 1.9313728397454786 0.013155603933521063 0.02807947848627393 0.0006505666856701509 0.9743127106340441 -0.22344095763281233
414 1785158337.465808 1.404605678126805 1.926728691423794 0.013553551698754425 0.028541571663761284 0.0006822740934585569 0.9724818567058592 -0.23122273151000652
415 1785158337.49778 1.3954594525526365 1.9223160228488234 0.01373340519376513 0.02825157988480187 0.0008568395026333775 0.9706774326188352 -0.23871831908043062
416 1785158337.525855 1.3884513462746464 1.9186003718997038 0.013873273353251494 0.028233705185912616 0.0009020294113140093 0.9692092873400959 -0.24461275839195246
417 1785158337.557863 1.3799531345199711 1.913710720082352 0.014385934903423731 0.02817827600460665 0.0008571635043751469 0.9670627498930644 -0.25297210874205023
418 1785158337.589817 1.3702206157411998 1.9084547685611268 0.014261188829751257 0.028756066079909104 0.0010546313574550936 0.9647193772260862 -0.2617030752987439
419 1785158337.621796 1.3621041553936113 1.9032183182858764 0.014738141682933326 0.02816213398768569 0.0010533703579805875 0.9626757160909526 -0.2691862742951808
420 1785158337.649878 1.3557950498339006 1.8992200945440243 0.014975858647866559 0.02796014169235339 0.0009291349962320394 0.9610693376690407 -0.27488742309733627
421 1785158337.681865 1.347225164338737 1.8937068715321 0.015312632000557866 0.027991086725268344 0.0009511457038323679 0.9586352282428977 -0.2832562330425866
422 1785158337.713838 1.3389539147019571 1.888214648794254 0.01544069771422367 0.027512902211250218 0.0011169849088291106 0.9559873808084256 -0.2921128554029664
423 1785158337.749874 1.3309057363243426 1.8827668158883901 0.01569626975104171 0.027858422077661232 0.0012112225136741706 0.9532851904534054 -0.30078195910256944
424 1785158337.773891 1.3249932480508528 1.8787115336619948 0.015983126362024078 0.02823984202147245 0.0011819678105369213 0.9512231271307009 -0.3072062445432834
425 1785158337.805848 1.31711697151 1.87275549790857 0.01610061916116641 0.028379739256983477 0.001354296639870911 0.948515216747168 -0.31545465582138665
426 1785158337.837828 1.3095590134661614 1.8671741330179052 0.016213434391242114 0.02801965989097721 0.001495189898699012 0.9457610685251695 -0.3236489832038568
427 1785158337.866141 1.3044840961070496 1.8636451785546861 0.016776122172910343 0.027753581861394983 0.0015103152419639887 0.9435573583538567 -0.3300408598007597
428 1785158337.897903 1.2968977484973012 1.857189246474153 0.01683631365513555 0.02820191094971103 0.0016376755497998774 0.9406075869099363 -0.33831839690599896
429 1785158337.929873 1.289654094332594 1.8509975504093856 0.01696421220080987 0.028517979027948948 0.0015442549651633053 0.9376163105807973 -0.3464967449798311
430 1785158337.961835 1.2832685258753234 1.845612710597 0.017527256418462492 0.028760530836905857 0.0013865277297203105 0.9347203127711041 -0.35421581881661324
431 1785158337.990244 1.278309988405102 1.84110550553328 0.017656007744364578 0.028670257455923664 0.001265841512496979 0.9325007489790523 -0.36002606452336594
432 1785158338.021915 1.2710286393278403 1.8345332161533223 0.01738582241627153 0.028831679970866414 0.0017006080036165994 0.9294384545899672 -0.36784507784105125
433 1785158338.05389 1.2648276313599882 1.8287837459136653 0.017692616326977172 0.02859434060886512 0.0011802939039489146 0.9265192271333473 -0.3751574234153834
434 1785158338.085861 1.2589332506788746 1.8224337294808635 0.01793724240360251 0.029355123402627026 0.0013398062692886459 0.9233067533052914 -0.38293748961158025
435 1785158338.113935 1.2535335306684903 1.816792153466562 0.018090286192861165 0.030373748134159606 0.0018075132876222977 0.9209149712961653 -0.38857403922879474
436 1785158338.145891 1.247880176050915 1.8110881837011612 0.01846658043975717 0.031586227387200516 0.0023300942651154344 0.9177813322533411 -0.3958210543508799
437 1785158338.177889 1.2413256744515915 1.8042107505157259 0.018514629827209108 0.031316110502008 0.0022773761135576054 0.9149147627623782 -0.40242401973605535
438 1785158338.206036 1.2366924466234948 1.7986067646866455 0.018668593989434643 0.03107122032914042 0.0020602003918591683 0.9125501051094166 -0.407777685150127
439 1785158338.237944 1.2307913596086986 1.7919515201846978 0.019115141156990582 0.031124341599092165 0.0022071518461103112 0.908922121032922 -0.41579680342417913
440 1785158338.269905 1.2241443281576272 1.784295653713489 0.019056118864972268 0.03079671343734447 0.002187760395498395 0.9056581500803836 -0.42288307052764285
441 1785158338.301874 1.2184949412563593 1.7770944965998363 0.019257745002197766 0.02992638326833663 0.0016931526818307896 0.9026673204844688 -0.4292939008975807
442 1785158338.330179 1.2144389647782095 1.7718744017300367 0.01954472949192405 0.029861260254705257 0.0018115186786678006 0.9001555282322946 -0.43454004249196254
443 1785158338.361963 1.2090868498323872 1.7645616340041337 0.01971215182505573 0.03135995980195261 0.0017973720939781224 0.8965442021070807 -0.44183912914425494
444 1785158338.393928 1.2036218173098987 1.7572385659326868 0.02000342387947991 0.03161930910846855 0.001584809539765919 0.8931279385250959 -0.44868718846891353
445 1785158338.425896 1.198433807416243 1.7501093076994394 0.020000855873049832 0.03206608337283809 0.0015212544212153678 0.8899416495494894 -0.4549431969809482
446 1785158338.454245 1.1949197486995022 1.7445417163521904 0.020313086830086605 0.032490839760691004 0.0014102077124471535 0.8875139532088483 -0.45963174336141666
447 1785158338.48617 1.18982794161531 1.7372554355519225 0.020401327806350608 0.032896960431847755 0.0013567484603586033 0.8840016024193892 -0.46632297407259815
448 1785158338.517947 1.1850256846368652 1.7306375666387404 0.02105034906978493 0.032832986996707225 0.0014798068798907993 0.880423463531417 -0.4730479151204622
449 1785158338.553952 1.1801654984306225 1.7231957457513152 0.021019637047866538 0.0327787700833595 0.0019894045148247663 0.8771238048054896 -0.4791402983939467
450 1785158338.578239 1.1765341289896805 1.717448613234548 0.02115628735183884 0.033262288757754416 0.0023333923865259676 0.8746987884619518 -0.48351856726475384
451 1785158338.610051 1.1722071474188829 1.710446332800275 0.02132434656900979 0.032992889304920364 0.0025119656137596036 0.8714885342477807 -0.48929836905381485
452 1785158338.641944 1.1676836367762662 1.7029611745104174 0.021766829065242067 0.03213780632054031 0.002451487825976928 0.8683453300598075 -0.49491164805010057
453 1785158338.67799 1.1631819838275193 1.6955510019329227 0.02208791846192609 0.03143598479982737 0.0025940750712345473 0.8650223714929166 -0.5007407976697729
454 1785158338.702258 1.159493186392022 1.6891814900978823 0.021945396866560374 0.03160848321048407 0.0027546003606085945 0.862278350582315 -0.5054397709747703
455 1785158338.734101 1.1554372615426967 1.6817020174259514 0.022371400916488378 0.0316968946411795 0.002936745065799995 0.8587700963225744 -0.511371297650387
456 1785158338.765947 1.151836825547421 1.6741956657433859 0.022754048106882807 0.03212404785822556 0.0027441545196483785 0.8554634626226728 -0.5168585679688419
457 1785158338.801996 1.147701077674155 1.666284546245491 0.02287777936070333 0.03196616741643546 0.0027338837814964156 0.8518850060080695 -0.5227452788488912
458 1785158338.826323 1.1449061000560916 1.6605830185316992 0.023135659343272635 0.03177397442212762 0.0025426143782000254 0.8491021546125913 -0.5272660435622619
459 1785158338.857984 1.1412332020392832 1.6529558842598353 0.02354381103189802 0.031788473652140325 0.002499848988902098 0.8455300643083609 -0.5329748155856887
460 1785158338.894004 1.1375878853350512 1.6447468934548073 0.023514585179591214 0.0320923960741164 0.002448965524440072 0.8420591965089164 -0.538423987445619
461 1785158338.91835 1.1349522025019476 1.6390688863403486 0.023727710240567208 0.032124490267407824 0.0024776370530070757 0.8394281255317715 -0.5425147928913179
462 1785158338.949999 1.1312773456621659 1.6312807461073278 0.02410087204861688 0.03185840468956924 0.002811063837510397 0.8357735941482053 -0.5481419882615527
463 1785158338.981965 1.1279572520293963 1.6231769615610563 0.024228559839431483 0.03145817854991195 0.0025078863539329532 0.8322041063527088 -0.5535706087556012
464 1785158339.018009 1.1246736750063893 1.6149553954492575 0.024572814932004416 0.030323680497159722 0.0022461784302033605 0.8283990077233069 -0.5593125361429033
465 1785158339.042374 1.1221216130986145 1.6087562475665376 0.024572813152201382 0.030280620961467664 0.002149321207281396 0.8255757923191767 -0.5634741125811369
466 1785158339.074 1.1188496017186598 1.6008475444452688 0.02480862401633111 0.030233721463476693 0.0022992474482060876 0.8220891941033849 -0.5685507826800418
467 1785158339.105979 1.1158868955750327 1.5925866989393507 0.025001845261288166 0.030174364967538114 0.0022192371354072815 0.819019504964634 -0.572967392765791
468 1785158339.134194 1.1140122444190927 1.586724587882336 0.025249367669699926 0.029829014342972693 0.0016868166098678028 0.8166645301485893 -0.5763388150647462
469 1785158339.166265 1.1114178585683476 1.578433902720275 0.025270514329107572 0.029200779045225334 0.0006386404949687563 0.8130623726025299 -0.5814434494423473
470 1785158339.198015 1.1086208036691838 1.5700598150234064 0.02551113591149657 0.029059881318659553 0.0002673918730520253 0.8094020556938197 -0.5865353902689507
471 1785158339.234049 1.1060337770680118 1.5615287572782797 0.025523581443040996 0.029492169350056496 -0.00021872055163774107 0.8061159063366488 -0.5910222581759432
472 1785158339.258096 1.1041488940352389 1.5551901039102378 0.025561140950027074 0.029758416002628185 -0.0007633771087404151 0.8037437535914541 -0.5942304540286741
473 1785158339.290031 1.1019809746173541 1.5471670623162286 0.02582342489376979 0.02879991797234882 -0.0016363088496247347 0.8001465310964697 -0.5991105206824705
474 1785158339.32201 1.0998536224134834 1.5391077749919235 0.02598554501479617 0.02785339945817411 -0.00279851549567367 0.7963680823933886 -0.6041640785372141
475 1785158339.350114 1.0981807694521313 1.5326481713817843 0.025850862795458146 0.028565506127073426 -0.003178992958256077 0.793551239777492 -0.6078242638387195
476 1785158339.38209 1.0961848719848228 1.5244428289304253 0.026244027208069683 0.028880226784367746 -0.0029682365772083497 0.7898924268599246 -0.6125578144647605
477 1785158339.414039 1.093923774428221 1.5163338524641379 0.026101406774713145 0.029264705324070217 -0.002830469036670724 0.7862306572527258 -0.6172332776700191
478 1785158339.446009 1.091987222669661 1.5080100753037318 0.02628514839933168 0.029152086239537356 -0.0029412421149078716 0.7825574537676181 -0.621888524186969
479 1785158339.47407 1.0905925006315442 1.5022078452828849 0.026392719488603635 0.02867114404863047 -0.0029617083505024677 0.7792629677436185 -0.6260338815799011
480 1785158339.506082 1.0890082009980036 1.494014172307957 0.026542256491074306 0.02938318541096807 -0.002573234601540353 0.7750883328717946 -0.6311640698937262
481 1785158339.538049 1.0873214007700591 1.4855198166062271 0.026385358098862093 0.02988993401416229 -0.0021222758965639965 0.7711652642152143 -0.6359294167260443
482 1785158339.570034 1.0858724808581934 1.4778598894773263 0.026828441729096063 0.029446372824066702 -0.0021876420822720677 0.7677335894728435 -0.6400884789970597
483 1785158339.598103 1.0847685325762515 1.4715380724992788 0.02693062021945214 0.02937835523576815 -0.002112619338207722 0.7654714000090882 -0.642795445574484
484 1785158339.63007 1.0834721180970406 1.4628887616773223 0.02655726758975474 0.029683320152637416 -0.0018660411739261917 0.7627490375181865 -0.6460103127351244
485 1785158339.65433 1.0826532562550901 1.4572160904814737 0.026797159568045924 0.029847859051321923 -0.0018510032366517715 0.7607766469945133 -0.6483244345887759
486 1785158339.686054 1.0817563555960445 1.448862644976236 0.026964750001870492 0.0299524822264976 -0.0021692399577620813 0.7578465751729275 -0.6517412920056097
487 1785158339.714296 1.080832508771504 1.4424085707209575 0.02703289808490405 0.029578402402517745 -0.002798031342603702 0.755243455433503 -0.6547706561512842
488 1785158339.746091 1.0801138609659748 1.4345929276195095 0.02717175385612895 0.028330306131374883 -0.00392710675585306 0.7509348739083256 -0.6597566117405099
489 1785158339.77808 1.0791624367536354 1.4262057849267253 0.02706184878203681 0.029499630836943846 -0.0033033255897482183 0.7468058726908419 -0.664379295534563
490 1785158339.806127 1.0784158747511046 1.4198174577385851 0.027118470267753374 0.030774527707057353 -0.00269856536150781 0.7445717173986087 -0.6668272668686274
491 1785158339.838132 1.077770740079608 1.4124124360729033 0.027417959092998573 0.03173805338474811 -0.0019979531127781724 0.7419942806495924 -0.6696515449351254
492 1785158339.870088 1.0772640153584474 1.4046392290930032 0.027393903046838516 0.031975174006971696 -0.001806819258867276 0.738663114246826 -0.6733135430856639
493 1785158339.894087 1.0766128060268703 1.3984085778905966 0.027340646364758178 0.031609617086575725 -0.0020542163444242645 0.7358245719826423 -0.6764309362894424
494 1785158339.922366 1.0762890017769076 1.3922793543781353 0.02741387941172521 0.03099630515792451 -0.0023219823835596287 0.7332645510122178 -0.6792326079431243
495 1785158339.954145 1.0758803308698326 1.3839306748628843 0.027231988243721007 0.030480084627370063 -0.003014486352191037 0.7299403074572559 -0.6828243001404883
496 1785158339.986144 1.0754345932627642 1.3757134941500058 0.02732042557840439 0.029637392299608156 -0.0036074894708211236 0.7267583404239791 -0.6862440714655251
497 1785158340.018103 1.0749127262883515 1.3673066512517833 0.027384012793864543 0.029828478866297137 -0.003359114496597315 0.7233453944347544 -0.6898336165687718
498 1785158340.04613 1.0748451232782161 1.3612197401231794 0.027479075982191292 0.03042045381243219 -0.0032872576336204773 0.7207061612691525 -0.6925651009369289
499 1785158340.078167 1.074745879840008 1.3526819510948425 0.027439832746495765 0.030608323173373142 -0.0032085069484011353 0.7168573705170442 -0.6965402690233105
500 1785158340.110138 1.0745883015890878 1.344546138156626 0.027681037947075174 0.029778211014178213 -0.00392712466568268 0.7125885476155727 -0.7009389400281483
501 1785158340.134336 1.0746385044764248 1.3384749457806489 0.027593827374643526 0.02958738451127263 -0.003966192573726435 0.7095615942096878 -0.7040107953837476
502 1785158340.170161 1.0747202873160413 1.33026234421218 0.027606436220698645 0.030103393616536023 -0.0037625559052294477 0.7054662127321165 -0.7080939567311901
503 1785158340.194231 1.0747052506555204 1.324497462879354 0.027654302369894086 0.03003951258792059 -0.003878272259450033 0.7020789750408617 -0.7114546362863446
504 1785158340.226138 1.0748100936205818 1.3166690272808812 0.02783204296010803 0.029999598078129353 -0.003416285511593564 0.697588098407919 -0.7158625552912217
505 1785158340.258143 1.0750528287040293 1.3088808673926804 0.027727986608967733 0.030323658783859453 -0.0033302557018858314 0.6937597335989777 -0.7195601553390766
506 1785158340.286182 1.0754028968815623 1.3027858375306034 0.027799165966498576 0.030223576139926323 -0.0034453993900265267 0.6912803938962563 -0.7219460379301171
507 1785158340.318161 1.0757896952163064 1.2951675624850312 0.027879851046493168 0.029626327939543118 -0.003814263119589656 0.6881958690462818 -0.7249097722594904
508 1785158340.350148 1.0759645862909402 1.2872608178833822 0.027913114910453833 0.02985802550895189 -0.0037020634626560023 0.6847361732469498 -0.728169737139596
509 1785158340.378192 1.0764240897461432 1.2813945180273214 0.027838239742589907 0.03026877456235555 -0.0034231060848500805 0.6818743646959856 -0.7308347517747573
510 1785158340.402437 1.077016929966035 1.2753303071217907 0.027875242162839146 0.03017009112177782 -0.0033469551324666336 0.6788371568531008 -0.733661146557894
511 1785158340.434171 1.0778693164389659 1.2675164405762624 0.02791641988838641 0.03025732781583823 -0.0035817027230979903 0.6747265961055655 -0.7374385981401064
512 1785158340.466142 1.0786655427982803 1.2596371696431456 0.027847953116953622 0.030259912360794283 -0.0036413517764787295 0.6709108644398217 -0.7409113916237002
513 1785158340.494255 1.0791238464131092 1.2536133998922754 0.02798242401752527 0.03023796386819466 -0.003326279909620644 0.6680340068171118 -0.7435086866600441
514 1785158340.526209 1.0803182177008879 1.24579351062302 0.02786339297007412 0.030626091467384042 -0.0035624640578021394 0.6644762995262935 -0.746673019961959
515 1785158340.55818 1.0810695431577688 1.2381434676906662 0.02801920065436385 0.03026916719307038 -0.0037094055504909296 0.6604300078507949 -0.7502681004534973
516 1785158340.582158 1.0813678299731126 1.2326781912659306 0.02824045439012124 0.02971982731076217 -0.003958296762113456 0.6571183111175958 -0.7531909379070623
517 1785158340.610449 1.0826763232677288 1.226428628837074 0.028213781903829963 0.029586958541372166 -0.004574325618114439 0.6539618014315165 -0.7559349507053211
518 1785158340.642225 1.08373857802528 1.2184788764457306 0.02823797182076772 0.02906490935100925 -0.005101173752201871 0.6496115323852294 -0.759693402671684
519 1785158340.67419 1.0850598339918247 1.2106079565811845 0.028069992800781235 0.028523898630149924 -0.005383976607749252 0.6450665689694427 -0.7635748303871829
520 1785158340.698329 1.0862279231317553 1.2047043317569888 0.028076398751449863 0.028255155600500848 -0.005754216713245053 0.6416626669949445 -0.766444751405438
521 1785158340.734204 1.0870187660537973 1.197839862493852 0.028468513220387626 0.02776593486279899 -0.0058479867504539484 0.63675392080913 -0.7705448061250959
522 1785158340.758626 1.0880917845071336 1.1920161582950217 0.028576342714345768 0.02813310004560854 -0.0053700516401676834 0.6334215592927569 -0.7732766771669365
523 1785158340.790215 1.0896814884891213 1.184695634147909 0.028579790442433743 0.028552867705036955 -0.0049555875173658 0.6295097935086346 -0.7764519275363367
524 1785158340.822178 1.0912372019686472 1.177273826921403 0.02859697304272895 0.028622578392837106 -0.004839735187554317 0.6255740501425756 -0.7796245460205025
525 1785158340.850226 1.0925896706691616 1.1713693446506739 0.028470528524795605 0.028585410777452247 -0.004797484744316405 0.622521854530937 -0.7820654698055499
526 1785158340.882266 1.0941721821060129 1.1640757407281823 0.02847496057184539 0.028658572412919914 -0.004713837532393073 0.6180228365211875 -0.7856234718370354
527 1785158340.906233 1.0954069458680258 1.1589481345764494 0.02870788518069265 0.028795137687221972 -0.004719491822794852 0.614468661481077 -0.7884014399404418
528 1785158340.938191 1.0969972866258444 1.1518163540713733 0.028632637199326405 0.02879604575554706 -0.004832295922495233 0.609837019376854 -0.7919887918793528
529 1785158340.966564 1.098586828408449 1.146303222878296 0.028719842255564135 0.028672612785196505 -0.0049648089499484405 0.606695394415211 -0.7944016177875851
530 1785158340.998284 1.1002565959365875 1.1390276756103384 0.02887443121053629 0.028571399040035472 -0.005009728467111452 0.6022934671835823 -0.7977475522780123
531 1785158341.030248 1.102629156129865 1.130968080186883 0.028611639353360543 0.02845090520602589 -0.004740941747726435 0.5981532009281543 -0.8008625460612485
532 1785158341.066267 1.104881786176362 1.1234548060057827 0.028530828071768446 0.02765770491934938 -0.0052064567153899954 0.593338847840917 -0.8044606614433538
533 1785158341.090254 1.106058039584388 1.11856608483499 0.028677983347880923 0.026928873670027387 -0.005272937052599347 0.5895372390689082 -0.8072749690463046
534 1785158341.114573 1.107765411515757 1.1131164502455584 0.02848086087640922 0.02645198136843796 -0.005065397636958235 0.5856684855440658 -0.8101031165654059
535 1785158341.146257 1.110284163294443 1.1056377550833465 0.028492384841036084 0.025828814100851805 -0.00522781666696126 0.5805428687802782 -0.8138031210332172
536 1785158341.182265 1.1129417495333545 1.0982981558703058 0.02851007686516091 0.025466850720773704 -0.005470059191152843 0.5757133523474651 -0.8172365960330303
537 1785158341.206288 1.1148985273151255 1.0927918088350201 0.028327245069646442 0.02538091230598194 -0.0051229367613799814 0.5721600122825353 -0.8197331792445052
538 1785158341.238259 1.1168626940802011 1.086159895888464 0.028649074831356397 0.025422872143350594 -0.0049345266946486666 0.5672695932657589 -0.8231248608652172
539 1785158341.262293 1.1187336896814912 1.0809325501605773 0.028447659157132377 0.025608740276818476 -0.004721368348644783 0.5636340625259074 -0.825614040979738
540 1785158341.29828 1.1215244816917713 1.0737142710469136 0.028549705987297516 0.025331414473046654 -0.004868993043537939 0.5588567435761709 -0.8288629274536138
541 1785158341.322561 1.123819525047233 1.0683567927525248 0.02842880983076794 0.025270286942028708 -0.004817937512026749 0.5550002526488005 -0.831452295466051
542 1785158341.354289 1.1267232664176303 1.0613786103191094 0.02850412583785883 0.02565616808802862 -0.0047901851110979665 0.5495649696057446 -0.8350432080724192
543 1785158341.38624 1.129814332350826 1.054510471098452 0.028412506361238404 0.025437692251845667 -0.004797628429746625 0.5445440322762072 -0.838332692602835
544 1785158341.414311 1.132144838795566 1.0493031677509321 0.02832134285820552 0.025617016635270273 -0.004595538728579429 0.5405349898519083 -0.8409188868305313
545 1785158341.446313 1.1354368626929472 1.042546349552265 0.028311485489189867 0.025574822552171805 -0.004328291630539494 0.5356938739990861 -0.8440137840715857
546 1785158341.470471 1.1378267636280364 1.0374713939425455 0.028331247827631315 0.025192053316784535 -0.004084976899101922 0.5322133625471964 -0.8462255078521473
547 1785158341.502265 1.14129690345161 1.0305639623126877 0.02812258960038584 0.025023361680589495 -0.003909981625270564 0.5275028916988505 -0.8491756253350915
548 1785158341.530629 1.1440432821478659 1.0255315106321017 0.028025611970062425 0.02514572409525062 -0.004108986825803074 0.5235688004286663 -0.8516023250348006
549 1785158341.562339 1.1474340755908568 1.0187241613726978 0.028065678743786418 0.024974552489719914 -0.004277344120284132 0.5176821321409367 -0.8551977467914826
550 1785158341.594299 1.1512946416046845 1.0116785880196726 0.02784523574758993 0.02450147319994811 -0.004660820464764792 0.511815776265328 -0.8587331167071334
551 1785158341.62629 1.1549915867703633 1.0051684108519459 0.02773781848055426 0.024478231122594285 -0.004740514662094353 0.5062551634148951 -0.8620232324233525
552 1785158341.654311 1.1579371520084625 1.0001788432388263 0.02755240763154536 0.024413957619941473 -0.004625869771451296 0.5019343502701535 -0.8645487077204316
553 1785158341.678656 1.1607813320894849 0.9953573335764636 0.02748677428374187 0.02449226906229718 -0.004539715144296408 0.4978317038545049 -0.8669158634953621
554 1785158341.710328 1.164698944707824 0.98878631333532 0.027460548383722624 0.024626418777970782 -0.0044608560027106225 0.4924779804496081 -0.8699649872461367
555 1785158341.742296 1.1686634786478765 0.9824350406280014 0.02735617971139609 0.02426466867856697 -0.005427316596465143 0.48623197764378745 -0.8734759492997461
556 1785158341.770333 1.1716774776062449 0.9776755014210469 0.02725966479804824 0.02435301918955124 -0.005399508905229999 0.48176374868874783 -0.875946040695031
557 1785158341.802368 1.1757848655062004 0.9715620866463082 0.02703153075333309 0.02498539079567874 -0.004755058372280047 0.4755353682213982 -0.8793288538636741
558 1785158341.826529 1.1790306227131855 0.9669802280524936 0.02702107781860283 0.025132217678107693 -0.004317394728682422 0.4708111273646819 -0.881865417219053
559 1785158341.858753 1.1831488666125545 0.9607089731991671 0.027102793067415143 0.025311399502355336 -0.00406987054177424 0.46469717445205383 -0.8850984720726178
560 1785158341.89436 1.1874503530041673 0.9544919015278216 0.026988469469811815 0.02523454796698693 -0.004278729750069793 0.45856260870674226 -0.8882934447336053
561 1785158341.918429 1.190668263412949 0.9500148603799745 0.026821626494076323 0.02465171994157478 -0.004606511912982447 0.4534236601488465 -0.8909422299841563
562 1785158341.95057 1.1950008068677531 0.9442385166916829 0.026661796151243658 0.02442371358473383 -0.00447447415893476 0.44693597737690915 -0.894221277661116
563 1785158341.986356 1.1994155246823182 0.9383075103117853 0.026605515665641996 0.024448718390177926 -0.004067877090255467 0.4410376168956389 -0.8971463275453297
564 1785158342.010379 1.2029588096354988 0.9339568542796447 0.02649321970470314 0.024315834187630225 -0.003972201675441905 0.4367022069346669 -0.8992686719106813
565 1785158342.042368 1.2075963120882605 0.9282129141572526 0.026330550025788033 0.023872030701126534 -0.004191873609366015 0.4306190681997587 -0.9022082755376495
566 1785158342.074318 1.21219597535199 0.9223831798406282 0.02630977628037294 0.023012505899172808 -0.0051738242126024014 0.4233224234649776 -0.9056720056990808
567 1785158342.102383 1.2156571260952937 0.9182655054406819 0.026177972722494794 0.022627420401937215 -0.0062460304719517135 0.417454072344015 -0.9083947844592105
568 1785158342.134386 1.2202836603407958 0.912961725244057 0.026019107831506225 0.022999109019014585 -0.005087434118330569 0.41038262447891527 -0.9116091599606824
569 1785158342.158623 1.223659703683368 0.9089193086030435 0.02608772493904382 0.022933994485649367 -0.004385542823135302 0.40583637750653756 -0.9136474339719068
570 1785158342.190343 1.2284982414761774 0.9035139922165396 0.02593558462344568 0.023030552472064314 -0.004427976846073989 0.399571930967922 -0.9164017997889616
571 1785158342.218627 1.2320208546569695 0.8996790863828539 0.02587768005242351 0.022615212102500226 -0.00525397381948059 0.39392678534146797 -0.9188485379708673
572 1785158342.250414 1.2367853857397337 0.8947090342348006 0.025921072065830636 0.022575793146607293 -0.0056348104064914695 0.38644492073587944 -0.922018929151091
573 1785158342.282386 1.2420321968720387 0.8893617734461023 0.02575548334856606 0.02203986273659786 -0.006890517614347558 0.3787790703482423 -0.9251989953970333
574 1785158342.314384 1.2463171465727156 0.8846344298127368 0.02599034879638369 0.021939635996488793 -0.006324755093269158 0.3718676421102982 -0.9280049065585152
575 1785158342.342404 1.2499618940569186 0.8809893479751663 0.026013179955079985 0.022162725058349486 -0.005656466910817004 0.3671486879539121 -0.9298809918122833
576 1785158342.366727 1.25343692732365 0.8774324235091223 0.026017535764414873 0.022085262451655763 -0.005009820778496432 0.3623008940496285 -0.9317860296490009
577 1785158342.398407 1.2582382177805957 0.8727267124747531 0.026077143421488647 0.02204596218235849 -0.004827173522073097 0.35581232496386683 -0.934284894104068
578 1785158342.430417 1.2629944047061659 0.8680032500526149 0.02628642988812746 0.021132483227821575 -0.006018116697557363 0.34827546298967316 -0.9371346767158759
579 1785158342.458429 1.2664868893818877 0.8647204143776477 0.026352557872171445 0.02024554935925571 -0.006794130097366402 0.3419249078145503 -0.9394846006951756
580 1785158342.490415 1.2719828363062438 0.8599088170326025 0.026154541403650908 0.01958474371032598 -0.006724812186592349 0.3340403898233236 -0.942331275444861
581 1785158342.522409 1.2764069075431035 0.8555321350827771 0.026408974347758185 0.019275204347771857 -0.006284009621983611 0.32680005908483967 -0.9448760231387862
582 1785158342.550723 1.2806716806526515 0.8523509380583831 0.026150789310775246 0.01905111178240093 -0.005670542075336349 0.3219470079148904 -0.946549007810518
583 1785158342.582453 1.2860131148388771 0.84801459165039 0.026191628058127914 0.018727344579842042 -0.0057586923321827355 0.3150584141981617 -0.948870022537624
584 1785158342.61443 1.2911999206369171 0.8440312931628251 0.026191001738247288 0.018767340236267804 -0.006595099502846646 0.3076022466072035 -0.9513070742327133
585 1785158342.646391 1.2975680008597616 0.8406672765772507 0.025875218322055665 0.018822230737746692 -0.007093141953666837 0.3006173600975215 -0.9535327019957299
586 1785158342.674457 1.3014232296464292 0.8373688543452384 0.026439896998866494 0.018457059235365003 -0.007945780617807152 0.29564015917852693 -0.95508800527263
587 1785158342.706462 1.306647149854816 0.8343420256596148 0.027074166551595932 0.0180072009186123 -0.009019567946547458 0.28883966385014576 -0.957165626574664
588 1785158342.730639 1.3106247181531627 0.8317411540057755 0.026956178868328698 0.01823289806196482 -0.008775739845257646 0.2828497917566888 -0.9589507511450357
589 1785158342.76242 1.3167582986325932 0.8286217341585125 0.026472678163850752 0.01905943416245326 -0.007746954219050917 0.27528955413991807 -0.961141188406355
590 1785158342.790713 1.3211448210511705 0.8259031760498079 0.026739105726857518 0.01886772998041708 -0.007075678911680039 0.2691988550400689 -0.9628737819560987
591 1785158342.822482 1.32662210823338 0.8229103565960383 0.026493525703824836 0.018166375136922375 -0.006507861826080513 0.26103122637404585 -0.9651374665852004
592 1785158342.854454 1.3324733316223347 0.8197960643280684 0.026572204867323618 0.018065130939242002 -0.006810208506105031 0.2529465965866996 -0.9672875949682478
593 1785158342.886424 1.3385705103976284 0.8166246226318262 0.026276993319617928 0.01772443477185659 -0.006668606461468468 0.2453544575684932 -0.969248453313778
594 1785158342.914478 1.341902980334237 0.8143449580903288 0.027292766280684534 0.017472128156252098 -0.0074428676371298685 0.23949453681965993 -0.9707119527916427
595 1785158342.946468 1.347251375388736 0.8115189250062302 0.027754038906383324 0.016562380435902635 -0.008499044507725428 0.23183503348699264 -0.9725769743546459
596 1785158342.970735 1.3512527126110352 0.8095461191227 0.027801920030094088 0.016139693382445364 -0.009479004648698913 0.22633954812777338 -0.9738686090647475
597 1785158343.006482 1.3576791686352574 0.8071934825236349 0.028058852935873263 0.016325224688897966 -0.009434339517537277 0.2195174708330702 -0.9754263479503601
598 1785158343.030642 1.362186328438074 0.8047082463396608 0.028265389418803466 0.016081880985551522 -0.009285714961026037 0.21369313769251785 -0.9767243170438401
599 1785158343.062494 1.368044359118847 0.8028572125875058 0.028534423261445827 0.015916304890272848 -0.009863509703921913 0.20571251474376828 -0.97843331080496
600 1785158343.094451 1.3736342040987655 0.8019696055204473 0.029525994302566458 0.016223130795393836 -0.01041721118825234 0.19812958988146168 -0.979986202633312
601 1785158343.122518 1.3785016376535766 0.8005152733942251 0.02946256961564718 0.016027274120307744 -0.010508296188025151 0.19202187895602538 -0.9812034958140412
602 1785158343.154507 1.384625889536897 0.7987564031684407 0.029842022977010565 0.015944907586049273 -0.01122778732260643 0.18412513993647117 -0.982709331164249
603 1785158343.178907 1.3892327080167206 0.7976976102245963 0.030063386532341363 0.016224532066527186 -0.011468527728698219 0.17875781153235926 -0.9836924734118483
604 1785158343.210469 1.3951042263825495 0.7961481379598081 0.030589797603687158 0.016131421235036858 -0.011537597433500357 0.17140740824894984 -0.9850005895895587
605 1785158343.238923 1.399549946615095 0.7956678326742854 0.031147888311593194 0.016117619203183886 -0.011731291778353664 0.16577740091155 -0.985961689160103
606 1785158343.270533 1.4056728982697588 0.7948649205228389 0.03110824067219667 0.016660053271104258 -0.011619892759800104 0.15751357370873 -0.987307902740963
607 1785158343.302511 1.4113623492934102 0.7938900027254696 0.03140140988653839 0.016532295634206884 -0.011073433846014807 0.15023350628501195 -0.988450279909532
608 1785158343.334471 1.417644061070028 0.7930075170726218 0.031183568231594655 0.01555137630789527 -0.011338404486030268 0.14315943410590573 -0.989512491939904
609 1785158343.362535 1.4219189741405125 0.7921064964448579 0.030968291412429474 0.01552536703097307 -0.011508330387940108 0.13799061205028731 -0.9902449759005206
610 1785158343.394538 1.4271275896278772 0.7914811738673757 0.030801285195285577 0.015655439799020843 -0.012335634483816499 0.13179384467957414 -0.9910767487087756
611 1785158343.418729 1.4287219601648595 0.7889239954016176 0.028703806289752262 0.014965441258813994 -0.01120963837121322 0.12699800939632958 -0.9917267190032166
612 1785158343.450489 1.4323446779979552 0.7859449544031735 0.027683162661735372 0.014135359352931254 -0.010883815506651767 0.12105641084368077 -0.9924853044602862
613 1785158343.478548 1.4355932050895617 0.785522820834853 0.027625556613322638 0.014351514122788234 -0.011783320042158346 0.11717058295899155 -0.9929381863440533
614 1785158343.510574 1.4395581219489029 0.7850945381396474 0.0276932696321434 0.014423001157890136 -0.011928647268934889 0.11253690032153002 -0.9934712529700871
615 1785158343.542547 1.443286319746948 0.7839223436199187 0.027804161128359844 0.014260486980071263 -0.012500424800422794 0.1062941051648768 -0.9941538820012215
616 1785158343.566599 1.4452475835742908 0.7828619259107091 0.027932303058208152 0.014078439413288124 -0.011968376108173306 0.10235979195943756 -0.9945758032985924
617 1785158343.594547 1.4475890910982971 0.7821933430990395 0.027833507565101563 0.013774651857715314 -0.01214039634917824 0.09897744884591314 -0.9949202653291562
618 1785158343.626582 1.450923241893488 0.7823598782624455 0.026635253338375346 0.013234629060543623 -0.01219757453485562 0.09491990909081396 -0.9953221963903387
619 1785158343.658542 1.4533237700706478 0.7817111935644665 0.02658320109799233 0.013261986996508657 -0.01076024838746556 0.09056649447800505 -0.9957439665062047
620 1785158343.694563 1.4557362634454027 0.7811912893492614 0.026182403665178988 0.013306796394647658 -0.010165548000499541 0.08596609458905632 -0.9961573276268496
621 1785158343.718573 1.4571630066314947 0.7807269054986836 0.026252016106345845 0.012956335396161756 -0.01166142957380828 0.08440028965895202 -0.9962794465103064
622 1785158343.742864 1.4584405400856801 0.7803554331266995 0.02627958043565331 0.013035267968732889 -0.011230819848531193 0.08321015841744761 -0.9963834703620171
623 1785158343.774578 1.4601925631450712 0.7803079498057757 0.026401576336571538 0.013393795510884765 -0.010456560700688844 0.08024497390956481 -0.9966303280265851
624 1785158343.810572 1.4619788652602244 0.7799991228101675 0.026370011729896843 0.013430222163454464 -0.010940960086817414 0.07700125416681733 -0.9968805000509119
625 1785158343.834603 1.4632600597314627 0.7797613859022238 0.026365113963612935 0.012821444083348843 -0.011612760853339288 0.07393352453277685 -0.997113127136105
626 1785158343.866575 1.4648399355481478 0.7795216192597408 0.026031475430485618 0.012778369669580347 -0.010836364882640753 0.06947736355461878 -0.9974428216284968
627 1785158343.898538 1.4660077139384955 0.7792763836154587 0.02585218183542424 0.012861641421062997 -0.010991345904544175 0.06695697223398359 -0.9976124159033009
628 1785158343.926602 1.4667952417141623 0.7791175395977963 0.02607254937934205 0.012594538932184762 -0.011607840084375515 0.06642328230397879 -0.997644517453801
629 1785158343.950692 1.4674104870314126 0.7789845922458203 0.026055907795178607 0.012667982635869102 -0.010513034936995513 0.06613799108227125 -0.9976746786643191
630 1785158343.982597 1.4683600366671987 0.7788784504222043 0.025964343490599236 0.01300223576493742 -0.010638241134918375 0.0652089174887481 -0.9977302074060975
631 1785158344.01455 1.4691699972739183 0.7788117533291004 0.025881035647219122 0.012656486995612726 -0.011516398541697559 0.06321703088721703 -0.9978530918463717
632 1785158344.042622 1.4697868611804963 0.7787164099035749 0.025957111336440623 0.012724134650027863 -0.010417895332318988 0.06236244069882316 -0.9979180777219835
633 1785158344.074622 1.470472962110663 0.7785780230800187 0.025902666151033413 0.012870631068543359 -0.011144743748038755 0.060804198242492724 -0.9980045045082591
634 1785158344.106602 1.4711263967096249 0.7784169571928161 0.02581275931256124 0.012743120287693754 -0.010873913352924508 0.06020372158567058 -0.9980455314267789
635 1785158344.130577 1.4716478634697736 0.778379133926507 0.025755271252729486 0.012823130827610996 -0.01046334096052276 0.060532956056589815 -0.9980289810635625
636 1785158344.158958 1.4720030976487681 0.7781956025565744 0.025889601718127507 0.012927256400986464 -0.01098386695511705 0.06053980306620976 -0.998021629501766
637 1785158344.190643 1.4729106765774032 0.7780524224535962 0.025879773391374872 0.012932312867475426 -0.010500967003555434 0.05945713061231164 -0.9980918467732509
638 1785158344.222622 1.473793257794571 0.778010950143931 0.025842889940439366 0.013135317079336906 -0.010522693790937926 0.05753481422915227 -0.9982016236774134
639 1785158344.246779 1.4745674591680633 0.777874853183267 0.02580780794496436 0.013078928594362993 -0.010481861008237364 0.056322320578904655 -0.9982719411168656
640 1785158344.282628 1.4755147993787816 0.7778658850365654 0.025563980529337706 0.01255172580820052 -0.011387565480335593 0.05436608909296525 -0.9983772362631286
641 1785158344.30697 1.476171601340551 0.7778336888856392 0.025556053149770955 0.012775163654324462 -0.010770228820569022 0.05314090636615651 -0.9984472151472712
642 1785158344.338631 1.4768968662154063 0.7776451782182703 0.025591857632017365 0.013033582616387651 -0.010268547814994644 0.0513488830037756 -0.9985429258996419
643 1785158344.370641 1.4777803914750458 0.7773633077568994 0.025524808964741297 0.012547957018272105 -0.010647640919435347 0.04954820290199416 -0.9986361460044901
644 1785158344.398667 1.4783836662947683 0.7771683648362961 0.025488085408432136 0.012418418524785646 -0.010393909589534206 0.04891697240329371 -0.9986715572878221
645 1785158344.430635 1.479268358092732 0.7770235066988117 0.02551972743456276 0.012144543318465373 -0.010732509513336236 0.048446558606242224 -0.9986942746738584
646 1785158344.45465 1.4799843463329285 0.7770889154732595 0.025470746124960773 0.012145806143469273 -0.010732586305319786 0.048700122421020425 -0.9986819258705456
647 1785158344.48667 1.480694613540263 0.7769344701760448 0.025270448005940173 0.011987156071626925 -0.010281790019639886 0.04819374190915113 -0.9987131500706801
648 1785158344.514674 1.4811304469982516 0.7767810032584518 0.025511123905920197 0.012002860563138318 -0.01084653545481798 0.047778293361801255 -0.9987269490157773
649 1785158344.546656 1.4814985895938735 0.7768452353744129 0.02529913702915472 0.01195543583985792 -0.01081147288542958 0.047492475026508635 -0.9987415303389477
650 1785158344.578639 1.4814025766343977 0.7767927124085741 0.025377158141526454 0.011967023391754705 -0.010460354275096895 0.04752992797522937 -0.9987433490573293
651 1785158344.606683 1.4814202700894494 0.776857054243513 0.02538253619160878 0.011865346904598228 -0.010239626902427551 0.04710593183114173 -0.9987669371630465
652 1785158344.63094 1.4813191657949323 0.7768511972053377 0.025375900374920768 0.011964540549690261 -0.010389428414181334 0.046617789282805466 -0.9987871100835481
653 1785158344.662992 1.4812877259290345 0.7768610252311545 0.025420686206052576 0.01199079994580099 -0.010407108669330617 0.046156271480464056 -0.9988080453264413
654 1785158344.694753 1.481346407310981 0.7768813216602284 0.025430675096767164 0.011955620938298828 -0.010369526050297007 0.046037313189585205 -0.9988143480405937
655 1785158344.730704 1.481336949540938 0.7768997123928523 0.02538427201871709 0.011965462055056275 -0.010395840406795448 0.04605059880052584 -0.9988133442090963
656 1785158344.762775 1.481314412336468 0.7768849917794846 0.025396518862127182 0.012035019991147089 -0.010453759217760539 0.046138500672375904 -0.9988078473699208
657 1785158344.794699 1.481400365995488 0.7769466494500262 0.02534184603283881 0.011931015190250804 -0.010318417998478796 0.046067163403301054 -0.9988137952504021
658 1785158344.826685 1.4813831172666092 0.7771275272358996 0.02525345743941554 0.012073248677031412 -0.010710463316412094 0.04471766668095098 -0.9988692872085625
659 1785158344.854722 1.4813403239878966 0.7771825353724835 0.02527510773489844 0.011943977580917198 -0.010371680524293103 0.04119085459245447 -0.9990260672978419
660 1785158344.88674 1.4814928825083415 0.777455213428775 0.025163020835828026 0.01168297345669106 -0.01050606124788414 0.03378967767160976 -0.9993054530478231
661 1785158344.91869 1.4818325079375656 0.7772131759279441 0.024959215819400984 0.011299598447562564 -0.010595315060617616 0.027019909642055306 -0.9995148737545758
662 1785158344.942796 1.4817766007407724 0.7771712441677976 0.025005392704486783 0.011203183883363277 -0.010404665240325739 0.02231878339846355 -0.9996339847762905
663 1785158344.970718 1.481813524061993 0.7774440720243861 0.02501466459425132 0.011125297635741715 -0.01060505423556024 0.01694353054690978 -0.9997383044326065
664 1785158345.002711 1.482280057469556 0.7778503332405439 0.02483587101050721 0.011176417362321445 -0.009667892285749324 0.011635191050513305 -0.9998231052955879
665 1785158345.034702 1.4825877020610772 0.7776177013110044 0.024945526291057202 0.011600451773105758 -0.006532335224213176 0.011288187783016795 -0.9998476558615087
666 1785158345.070735 1.4835361471280286 0.777722185102751 0.02501062489118585 0.011720151579145688 -0.007906542617358181 0.014152307115154639 -0.9997998983967342
667 1785158345.094747 1.4844053957817496 0.7776327880412461 0.02483865298255397 0.0113646496952432 -0.009974960693650864 0.01572279242875327 -0.999762041035119
668 1785158345.126722 1.4857966370427655 0.7773726234003967 0.024945044145535382 0.011159351549905883 -0.00916774221791583 0.016149176983373592 -0.999765285183663
669 1785158345.150957 1.4869125534876981 0.7771978157240492 0.024865335035949163 0.011372050682689705 -0.008984102799251603 0.016111252337726867 -0.9997651673809571
670 1785158345.186801 1.4882573073486665 0.7769878903239963 0.024905805386604807 0.011037780049117485 -0.011115168000152359 0.016077340058193307 -0.9997480380518728
671 1785158345.210769 1.4892184231666519 0.7768991104497868 0.024877304101273597 0.010960050876717808 -0.010791241135961804 0.01544502348804705 -0.9997624106001282
672 1785158345.242736 1.4905897047565544 0.7768718911882855 0.02481388072802826 0.01135585874353684 -0.009844711206750484 0.014794201305886295 -0.9997776041406276
673 1785158345.274705 1.4917660238831028 0.7766910188481879 0.02476019770811192 0.011278436970371342 -0.010111109516296901 0.014794400330403912 -0.999775818892775
674 1785158345.302759 1.4927552730830718 0.7766584760191019 0.024706087488612465 0.011214649399277521 -0.009787093736382868 0.01532469182322127 -0.9997717730840223
675 1785158345.334768 1.4940963012850308 0.7766209668023865 0.024728545974014596 0.01127853178016891 -0.009747725474223451 0.015040375856807647 -0.9997757566889931
676 1785158345.358773 1.4952316326566881 0.776560786968922 0.024663477929587257 0.011209475023055027 -0.010010359512013872 0.015054261394031182 -0.999773729193775
677 1785158345.390734 1.495676357138733 0.7763830691601229 0.024879894722686556 0.01072656109982384 -0.01212359010722816 0.011753112509993863 -0.9997998918764749
678 1785158345.418789 1.4955771747807893 0.7765437716538526 0.024621007319141394 0.010931440780865276 -0.01024767543461469 0.010917191486708666 -0.999828137071909
679 1785158345.450791 1.4953098670328968 0.7766815134016152 0.024925868694531596 0.011072785611139835 -0.00740120613721118 0.010937446864940803 -0.9998514828826333
680 1785158345.47479 1.495348577186162 0.7766673048385444 0.024820320846327862 0.011295892209872649 -0.006939648903616091 0.011135987145499238 -0.9998501057071367
681 1785158345.506728 1.4953739904382861 0.7767052726543403 0.024777484899170227 0.011147840414479249 -0.0075327973590989805 0.01117049696914299 -0.9998470896169588
682 1785158345.535068 1.4953844594252383 0.7766228810216129 0.02483189527538473 0.010620325291880284 -0.008376382830696832 0.011495477943648552 -0.9998424370310631
683 1785158345.566807 1.4954147954066455 0.776509084029301 0.024806685147026372 0.010597443873550827 -0.009303767019123 0.011373194817100807 -0.9998358788032431
684 1785158345.598762 1.4954562376891096 0.7764642053839251 0.02474300588812118 0.01050170206378892 -0.009259443261535771 0.01122503643902889 -0.9998389747960379
685 1785158345.62291 1.4954137867175956 0.7765348825835274 0.02470386181172137 0.010504272414183058 -0.009088586753518063 0.011313871911833723 -0.9998395141992715
686 1785158345.658811 1.4954193327116123 0.7765040421216615 0.024722023849403044 0.010522056899080867 -0.008922424132320195 0.011250153737046353 -0.9998415427992118
687 1785158345.682943 1.495492698069394 0.7765979302884398 0.024668413313383257 0.010728135215179235 -0.009087113687691467 0.011300601221374135 -0.9998373007103042
688 1785158345.714786 1.4953944767609477 0.7765839606955764 0.024677827136458455 0.010620174841078578 -0.009066164332676652 0.01128786738764348 -0.9998387873054722
689 1785158345.750803 1.495411329991058 0.7765053875233745 0.024670641666211884 0.010747486519986194 -0.009926980595269752 0.010828498779958173 -0.9998343313789222
690 1785158345.774829 1.495391127313378 0.7765598624874188 0.024679895592567246 0.010725636952261808 -0.009778201921725654 0.010847856104912484 -0.9998358222713734
691 1785158345.806805 1.495366954024354 0.7765518731764052 0.024653799059922134 0.010708878617389062 -0.009728116359706052 0.010775596261856202 -0.9998372718578017
692 1785158345.838776 1.4954639039432103 0.7765581653585637 0.02460103086245309 0.0107110341389135 -0.00967240548151524 0.010757260955890663 -0.9998379867041475
693 1785158345.866826 1.4953849575085414 0.7765552664358693 0.024665439179689018 0.010718802268697813 -0.009780268187195712 0.010765135118994712 -0.9998367694268803
694 1785158345.898842 1.495323364433962 0.7765853770160783 0.024617728540238318 0.010742921201484512 -0.009706772031884026 0.010795137639664942 -0.9998369033117955
695 1785158345.923099 1.4953579118494373 0.7765648663048369 0.024617917304010882 0.0106921522069241 -0.009657536820892682 0.01077121542454676 -0.9998381822985234
696 1785158345.954807 1.4953970333107314 0.7765924065624765 0.024670006395800775 0.010788451330692672 -0.00975305952656852 0.010803424549500396 -0.9998358731140626
697 1785158345.982851 1.49533957175005 0.7765739924102838 0.02463620716748364 0.010706731591435092 -0.009735633437446323 0.010792074602927082 -0.9998370439556465
698 1785158346.014866 1.4953832142312398 0.7764040532381657 0.024732605354150027 0.010772656033466554 -0.009627379886562787 0.010944448894953357 -0.9998357277457585
699 1785158346.04683 1.4954046551029267 0.7765601426196618 0.024696929085260735 0.010782192731731033 -0.010137899572508435 0.011235451390207762 -0.9998273510682789
700 1785158346.078796 1.495117523913321 0.7766319743000776 0.02463490739006862 0.010833944042664245 -0.010561272049971093 0.011164976312112607 -0.999823198617194
701 1785158346.106867 1.4947000037093514 0.7767331137401078 0.02453162056151903 0.010676700853685717 -0.010365420284351723 0.010399850800192012 -0.9998351910312737
702 1785158346.138864 1.4937356075200277 0.7769378424221245 0.024626198373397787 0.010736917312436645 -0.01060564325447691 0.00838412817539394 -0.9998509615600334
703 1785158346.163104 1.4927641987934506 0.7770028175490186 0.024579634786166017 0.010661733292749886 -0.010742396186979503 0.00781628222612099 -0.9998549065237006
704 1785158346.194862 1.4911274986053926 0.7770001214516463 0.024753568832384817 0.01072595638280227 -0.010871813260737634 0.009045340627232307 -0.999842457264661
705 1785158346.22305 1.489795874379614 0.7770260358817905 0.024762552190380295 0.010757947613258212 -0.011008523069918563 0.010545886714652897 -0.9998259164756489
706 1785158346.254897 1.4880985231647035 0.7769849691805125 0.024822376012224853 0.010670961697723969 -0.011359652684000798 0.010912438757395948 -0.9998189873910731
707 1785158346.286851 1.4863758962556783 0.7772501645521196 0.024849130139864443 0.010818611562389724 -0.011327939717350605 0.011787711805251871 -0.9998078241722349
708 1785158346.32287 1.48459780355268 0.7774086373453872 0.02477553240384226 0.011065645276699787 -0.01110136851755722 0.012606702226036381 -0.9997976706167262
709 1785158346.346902 1.4831463009977441 0.7774540502020916 0.024721225318631947 0.010986344261262437 -0.011575666809575752 0.012788228947719776 -0.9997908608194354
710 1785158346.371199 1.4816095469088597 0.7774454085561151 0.024789874810092608 0.010881229906120615 -0.010892334380803753 0.012846936287783689 -0.999798935844345
711 1785158346.402874 1.4797586304346637 0.7776291081060392 0.024800771623891688 0.010907293548904462 -0.011145414335344161 0.012738635735515869 -0.9997972483690527
712 1785158346.438895 1.4783949872484299 0.7778777720362045 0.02472012860663883 0.011011913608065749 -0.011348454859357204 0.012019401347045378 -0.9998027227019601
713 1785158346.462937 1.4770265190219378 0.7780041574775359 0.024737454609328913 0.011113692033487 -0.011389849952297942 0.012107465612928386 -0.9998000632345855
714 1785158346.494908 1.4752854385936385 0.7782697851050543 0.024778140953709782 0.011348237850780984 -0.01050084321928993 0.012366241913738613 -0.9998039937159169
715 1785158346.526856 1.4737514774774119 0.7784551535076678 0.024814632413582165 0.011224562791131265 -0.010776632405178649 0.012471050768244257 -0.9998011533684524
716 1785158346.554915 1.4724059122377506 0.7784569270604261 0.024782079452933432 0.01117527940129559 -0.010943594149241898 0.012090395574757828 -0.9998045675091936
717 1785158346.586937 1.4709182820490885 0.778617963980196 0.02491363485776022 0.011253365745437338 -0.009371803520599381 0.011059532901995656 -0.9998315947149102
718 1785158346.618904 1.4701043690483444 0.7788237509229371 0.02474578186518537 0.01136715388964149 -0.007492395233197668 0.009604310385305515 -0.9998611948906416
719 1785158346.643142 1.4693189430797688 0.7789478222587566 0.02473725614233902 0.011339525648843829 -0.008046979830829415 0.008733480525456028 -0.9998651847082052
720 1785158346.678939 1.4679638203109633 0.7788798046519169 0.024891943981447992 0.011018197942243235 -0.010710705029290474 0.008165618571548822 -0.999848589930108
721 1785158346.703192 1.4670251471575055 0.778682515964996 0.025127885427381452 0.010580050343863445 -0.011249223949826886 0.008737222186848387 -0.9998425768308258
722 1785158346.734938 1.4662166048478016 0.77884598545099 0.02495715576657683 0.01099775338025677 -0.010021615329012273 0.010045086965051048 -0.9998388434516079
723 1785158346.766928 1.4653118916096914 0.7790230434213943 0.025001156807508453 0.011319292048517393 -0.0096651469163051 0.01039894355551757 -0.9998351466794593
724 1785158346.795098 1.4648149078295971 0.779236543099266 0.02489296096254403 0.011078580789017078 -0.01000283872048896 0.01021259529575419 -0.9998364422057031
725 1785158346.82721 1.4637796737623365 0.7790063100904348 0.025090164851527236 0.010786962764641528 -0.010901187882596475 0.010361915350400375 -0.9998287034524134
726 1785158346.858928 1.4629501149105637 0.7791506642745675 0.025011743861202487 0.011137843818316673 -0.01017140214231782 0.011410172219142978 -0.9998211334951206
727 1785158346.894957 1.4620719619921927 0.7792810526044165 0.0250614697459322 0.011177339897692207 -0.010392765260295117 0.01113628194533603 -0.9998215044334113
728 1785158346.919008 1.4613633994990338 0.7792629103845872 0.025200621229281156 0.010954568665147102 -0.010602515733000278 0.011062917682446577 -0.9998225822303892
729 1785158346.950937 1.4607473254928975 0.7794813699991511 0.02519213306054518 0.011122515384797083 -0.009341211464301113 0.011330021926462486 -0.9998303166152944
730 1785158346.982899 1.460708934744706 0.7796840473261736 0.024928157795458518 0.012163237692260798 -0.004881095769700167 0.012355341677561776 -0.9998377748839854
731 1785158347.010977 1.4609562206445308 0.7797799594940863 0.024910746180426234 0.01221918504003594 -0.006183801716450582 0.013574757865891324 -0.9998140717464279
732 1785158347.035186 1.4610773690534518 0.779609578615468 0.02505790189678539 0.011641871299439943 -0.008960684176203548 0.013685028451801085 -0.9997984261680026
733 1785158347.066961 1.4611725914813414 0.7792901507316388 0.02523234700723649 0.01068025446176668 -0.01213168670784237 0.013384800141372 -0.9997797764845168
734 1785158347.098934 1.4613735749523566 0.7792818910661469 0.025049556109600836 0.011008026574723107 -0.010424980158347419 0.012639140726483367 -0.9998051786529835
735 1785158347.126988 1.4616374074750158 0.7794822013117697 0.025049621777613253 0.011701561172121067 -0.009285583402099035 0.012714440718020498 -0.9998075786891426
736 1785158347.158999 1.461459876595443 0.7793559983694783 0.02510038318677131 0.011502727612886177 -0.010005588301306073 0.01274143877771508 -0.9998025961148943
737 1785158347.190979 1.461429639302138 0.7792261148043091 0.02521966869166742 0.011058626758528645 -0.010749359775909628 0.012811199608724122 -0.99979899540018
738 1785158347.215111 1.4614236406778205 0.7792126126857102 0.02525730675426005 0.011157823411716283 -0.010719849664741432 0.012654398388087629 -0.999800207042044
739 1785158347.250981 1.4614155511595281 0.7792205566077242 0.025126947506445167 0.011394463456588844 -0.01001389899048688 0.012722802241679876 -0.9998039899563635
740 1785158347.275267 1.4612934771893564 0.7793139356780147 0.025063236616792217 0.01143902423144505 -0.009850618897638608 0.012829427622256695 -0.9998037406505595
741 1785158347.306989 1.4614796937701504 0.7792810189806955 0.025096264685475565 0.011270753592473426 -0.010187766695623574 0.012970986556089276 -0.9998004466047088
742 1785158347.338996 1.4614122116453967 0.779345560334818 0.025300396989248124 0.011499321875603097 -0.009296031916670278 0.010904226313143028 -0.9998312093726208
743 1785158347.367008 1.4617406424941464 0.779542413888005 0.02512395056225067 0.011385771755548557 -0.009387116883683905 0.0046397996467191505 -0.9998803520908794
744 1785158347.399031 1.4616841614084513 0.7797372232131723 0.024993908281950375 0.01051788871560777 -0.01077214571865634 -0.010196780539335842 -0.9998346666125429
745 1785158347.430985 1.4623127309340214 0.7800828879210759 0.02550782443032948 0.010119423630562285 -0.009907404818602306 -0.03033122230280355 -0.9994395717344612
746 1785158347.455004 1.4627678589758222 0.7807758054440208 0.02543796594362268 0.009305914590566733 -0.010980155965798488 -0.04706981618855893 -0.9987878996726858
747 1785158347.483027 1.4634009903295884 0.7818308361178917 0.02502334553239277 0.008632415685858152 -0.010591003464721638 -0.06406407776829198 -0.9978522465699695
748 1785158347.515005 1.4633421046025257 0.7819030413895283 0.02529769667004736 0.00816836373078067 -0.010836521195904225 -0.08757770093169559 -0.9960652558652224
749 1785158347.546998 1.4628411624943984 0.7820265842908442 0.025282412709927107 0.00738592961516138 -0.010570314747165632 -0.11127467033719668 -0.9937060250553046
750 1785158347.583018 1.4634366132601908 0.782560938439387 0.02541127839015439 0.006575529711376649 -0.011155924776424797 -0.13462504133951436 -0.9908119932639752
751 1785158347.607047 1.463302702143346 0.782861040045139 0.02499541261580307 0.005904041407476246 -0.010880233500498493 -0.15150175147430178 -0.9883794727301112
752 1785158347.639005 1.4630563974906345 0.7827511458893237 0.025210346495860708 0.004998740740639884 -0.010968449153321708 -0.17473259226290014 -0.9845421407513576
753 1785158347.663021 1.463843815839466 0.7832639280308216 0.024759199047565503 0.004334478636435324 -0.011027744943806261 -0.19254173038794764 -0.9812172456676552
754 1785158347.699032 1.4641431024957963 0.7835273119278752 0.024896555841481767 0.0033373537600125402 -0.011444201158798323 -0.2160330392995702 -0.9763132787485316
755 1785158347.723288 1.4637016434483554 0.783325044206921 0.025274444195771816 0.002639127917307027 -0.011738968163275104 -0.2331897292525882 -0.9723568181492854
756 1785158347.755041 1.464737069532198 0.7837281483390488 0.025062575543464034 0.0015316452390727875 -0.011583531368474564 -0.25566062906396514 -0.9666959804460319
757 1785158347.787005 1.4648488854893278 0.7838985184427766 0.025212733941634438 0.0008136995816767634 -0.011706258809281112 -0.2789900763142542 -0.9602222860962183
758 1785158347.815061 1.4650058744256613 0.783782077498219 0.025314861224276744 -7.104450282019448e-05 -0.011780831631938299 -0.2963511177231025 -0.9550063989225448
759 1785158347.847069 1.4650594579087994 0.7838530854563951 0.025117109873064244 -0.0010581603144174112 -0.011581524011889055 -0.3194258453689447 -0.9475399083461583
760 1785158347.879053 1.4652666600045743 0.7833651904992172 0.025250849569405175 -0.002460209908147659 -0.011591902524726971 -0.3423890892076119 -0.9394835212789243
761 1785158347.903035 1.4647823093026442 0.78308827677565 0.02558169518565813 -0.0035257019359120623 -0.011719690256492304 -0.35915978241435276 -0.9331958363506696
762 1785158347.939076 1.4639514067538555 0.7823114957393947 0.025616474608467957 -0.004338130167664489 -0.0122335303695561 -0.3815998738731212 -0.9242364727824603
763 1785158347.963309 1.4648109439949557 0.7824265460338131 0.02559861069901899 -0.0048271354399985755 -0.012354956409582396 -0.39833233123701306 -0.9171452489692392
764 1785158347.995064 1.465689544672233 0.7824582718231844 0.02552610026367739 -0.005914467187218442 -0.012280362093379793 -0.42028783795473834 -0.9072884574665758
765 1785158348.027061 1.466206267861364 0.7829163319472991 0.025244881022675247 -0.006883657942181931 -0.012230180357807457 -0.44191391601499264 -0.8969476733756795
766 1785158348.055094 1.466296234663154 0.7826232780132292 0.02525003624807451 -0.007780392509344036 -0.012329705846110595 -0.45796961753838816 -0.8888482847246157
767 1785158348.079162 1.4668581598619082 0.7826762713690703 0.025341535701902257 -0.008249363740694848 -0.012016637782211015 -0.4740053576980583 -0.8804013114982399
768 1785158348.111084 1.467693782540794 0.7850789903877557 0.024192950969092422 -0.009981851242863438 -0.012023962862579035 -0.4951631326210951 -0.8686594609256889
769 1785158348.143096 1.468456051812193 0.7853670253216234 0.024165449687443663 -0.011019408623407223 -0.012180323995818254 -0.5161168641781659 -0.856360668674037
770 1785158348.171111 1.4682677607897743 0.7846801005309816 0.024542109314359045 -0.01091989551825312 -0.011971027943854629 -0.5315448208635948 -0.846875170131305
771 1785158348.203143 1.4688523319441336 0.7874196392067847 0.023734693769426912 -0.012430614658132888 -0.012064858611746998 -0.5519662726584383 -0.8336864835496914
772 1785158348.235088 1.4692920786739814 0.7871526047341383 0.02399475557627352 -0.013916399725389828 -0.012515113451575632 -0.5721308664316516 -0.819948765125081
773 1785158348.259115 1.4694131272815527 0.7864294779790119 0.02374567473861723 -0.015158504028413011 -0.012575016593824095 -0.5870595518119306 -0.8093041278404929
774 1785158348.287394 1.4696949220078999 0.7923827449621078 0.0238699463028213 -0.015673147310659274 -0.012642240787754444 -0.6014740601374389 -0.7986385172172876
775 1785158348.319104 1.4703123333253636 0.8000037188034114 0.023718814414599138 -0.016498419667849484 -0.012553457957054315 -0.6205239951566551 -0.7839133780441608
776 1785158348.351094 1.472159318956578 0.8025281062711223 0.024144465727677963 -0.017281449747596045 -0.012183751061003889 -0.639764330683347 -0.7682802281003942
777 1785158348.379165 1.473023639125075 0.7994691182168016 0.024423975901982517 -0.01778815535527556 -0.012298621535294374 -0.6534427049271186 -0.7566670052373891
778 1785158348.411146 1.4734082942524829 0.8039553404939931 0.024262119494893708 -0.01867193578186077 -0.012628222623133567 -0.6684116852581201 -0.7434498677233983
779 1785158348.443115 1.4737315317799555 0.8035269653960508 0.02357329604291733 -0.019482727556132673 -0.012653181129271718 -0.6770855768695869 -0.7355375190494787
780 1785158348.467116 1.4741981301663554 0.8066492072278426 0.024225875508728775 -0.019578819090341426 -0.012170982654348128 -0.6816288907504393 -0.731334801796401
781 1785158348.495195 1.4734700465133073 0.8050291028435873 0.02299375155614325 -0.020047666771031536 -0.012343583841620043 -0.685212527131608 -0.7279625812202836
782 1785158348.527169 1.4734064104264324 0.8042195190692096 0.02348300492250996 -0.020195175321548908 -0.012487287027356575 -0.6897086266878972 -0.723697611457108
783 1785158348.559141 1.473320975320011 0.8053428776159826 0.023499098384579892 -0.019556695686083203 -0.013737849768608923 -0.6917383519377767 -0.7217526304738943
784 1785158348.591117 1.4739255706415486 0.801609918880443 0.022907651156340927 -0.019988684211383445 -0.013392519822468363 -0.6907955799587033 -0.7226496797382679
785 1785158348.619182 1.4735897276000003 0.798912313240941 0.023451149282450193 -0.01949694671511415 -0.013861269155983513 -0.6888512491177224 -0.7245078956609977
786 1785158348.651205 1.473969531403394 0.79564082270008 0.023466458575918683 -0.019749832848114934 -0.012973119740095962 -0.6851297751348931 -0.7280376593901524
787 1785158348.675148 1.4743873993678016 0.7932734183664164 0.022839990118348058 -0.020013444888013265 -0.012131805654058136 -0.6831084032346565 -0.7299419091581772
788 1785158348.707127 1.4740420676355344 0.7899275289205554 0.02284403097511914 -0.019756590297867915 -0.012925524749810569 -0.6821254143382641 -0.7308539710938129
789 1785158348.735192 1.473947422287782 0.7891910320046394 0.023134496542374774 -0.019509992449843416 -0.013018414288473834 -0.6825841073258868 -0.7304305699449765
790 1785158348.767184 1.4752627032987893 0.784427733578053 0.02277840314666249 -0.01949978845913314 -0.01409928318178022 -0.6846346985694297 -0.7284890513786432
791 1785158348.799153 1.4742020812410024 0.7798618116286512 0.022341317673422068 -0.01951555714789055 -0.014073740110808974 -0.6864350898685405 -0.7267929142924203
792 1785158348.823423 1.4733206196091642 0.7784309090182265 0.021495391234034517 -0.01979250346602557 -0.013992223475732368 -0.6879733514333826 -0.725331056970727
793 1785158348.85918 1.4731046391145348 0.7745234348265464 0.02114802547152131 -0.01987509146454325 -0.014011406670264681 -0.6903089891432405 -0.7231059125262594
794 1785158348.883307 1.4727958400788195 0.7679135202174582 0.02216705536079415 -0.019957438295277297 -0.013894021580152516 -0.6921721200814325 -0.7213226829949241
795 1785158348.915175 1.472460165643819 0.7641460785788043 0.02190182452899679 -0.019921064312966807 -0.013823689622965762 -0.6938195849883738 -0.7197405367828099
796 1785158348.951204 1.4720064623326303 0.7592126091630134 0.021650080095051386 -0.019247775796019218 -0.014604228261387298 -0.6940645308872416 -0.7195072387461219
797 1785158348.975209 1.471912488942942 0.7557397368267033 0.02186901668032043 -0.019626031789022336 -0.014150573402463507 -0.6944254810136411 -0.7191577236375698
798 1785158349.007177 1.4722248817198105 0.7507116186548564 0.02206992228935696 -0.0191763788968613 -0.014706586886485074 -0.6944830919581961 -0.7191030647819114
799 1785158349.0314 1.4718442208275604 0.7477369304033185 0.021890592640632492 -0.019087832183352638 -0.015026973346486061 -0.6943321856892053 -0.7192445068616341
800 1785158349.067248 1.4717882194125993 0.7431098626791333 0.02214656919331795 -0.01954365336263264 -0.014539205909610664 -0.6951960383631258 -0.7184073533511294
801 1785158349.091594 1.4715738285417128 0.738799760156344 0.022686912873211423 -0.019714407524735855 -0.014072210583341072 -0.6956493369680983 -0.7179730600803153
802 1785158349.123194 1.470834557709686 0.739136522951278 0.022071182231969563 -0.02275938674072675 -0.00872534565964922 -0.6947555442679607 -0.7188328125282231
803 1785158349.155218 1.4714897129053641 0.7390341876729588 0.02248286874054503 -0.021158666265091663 -0.012281590475000548 -0.6962454427079753 -0.7173867554434376
804 1785158349.183247 1.4715210186995091 0.7400019434434649 0.022390557189498644 -0.01883889831701291 -0.015122671043630742 -0.6956840579183821 -0.7179415660685211
805 1785158349.21525 1.4717775703027682 0.7399936730890476 0.02236508658549133 -0.019162477600027872 -0.014774585463427803 -0.6970294352367286 -0.7166341308437518
806 1785158349.239394 1.4720661786697518 0.7395688065495734 0.022172185729909227 -0.019997135319299475 -0.014285818204099465 -0.6967235460777713 -0.7169186357726216
807 1785158349.271188 1.4719085734174624 0.7393686856701421 0.022340362649215684 -0.019480933941610656 -0.01392877006686355 -0.6953854047700941 -0.7182378585189725
808 1785158349.299312 1.4719264946684159 0.7396522926975285 0.022111025335571202 -0.01875849848931599 -0.015003231849494258 -0.6958292561922138 -0.7178054527485057
809 1785158349.33126 1.471845515864724 0.7397879574971792 0.02214755138504665 -0.018938608844462745 -0.01471157201989004 -0.6959660925428128 -0.7176740881308377
810 1785158349.363222 1.4718670595493006 0.739813631377551 0.022278252890001085 -0.018914804376640282 -0.014921853809282237 -0.6959009658875049 -0.7177335258514301
811 1785158349.387412 1.4717800429212884 0.7397902796455735 0.02219512191862756 -0.018854351766567246 -0.014767983503139126 -0.6958090050615032 -0.7178274504071538
812 1785158349.423251 1.471835366101303 0.7400044117895032 0.022251769682585187 -0.018798862507320546 -0.015121714373689255 -0.6957404242037897 -0.7178880126116902
813 1785158349.447532 1.4718017285893303 0.7398786705555993 0.022312716985363093 -0.018847210749287302 -0.01501668004735035 -0.6956769109696987 -0.7179504979530172
814 1785158349.479243 1.4718496672061412 0.7399711330905204 0.02227793423147384 -0.0189048942379475 -0.015130853312128156 -0.6957154253772435 -0.7179092624726751
815 1785158349.511259 1.4718659231722144 0.7398790252415162 0.022316962045372257 -0.019050577045300887 -0.015046670654891625 -0.6957288769184359 -0.7178941447304446
816 1785158349.53928 1.471876635846736 0.7398886238556277 0.02227382648178601 -0.01901751583342004 -0.015128598023180118 -0.6956782268999308 -0.7179423822499597
817 1785158349.571248 1.4718157102822487 0.7398927075726067 0.022331508222378407 -0.019186441908378926 -0.01505451068423258 -0.6956559340594408 -0.7179610459926371
818 1785158349.60324 1.4718599782184305 0.7399170831059645 0.022228667054484952 -0.019254352179442158 -0.015127370200341828 -0.6956707399149946 -0.7179433502854495
819 1785158349.627586 1.4718793621514834 0.7399796327163913 0.022267465413767618 -0.019087998103113235 -0.015080989093408048 -0.6957056026520656 -0.7179149855901509
820 1785158349.663292 1.4718571921514791 0.7398728559019567 0.02224316360805509 -0.019345757206454484 -0.014951389707167362 -0.6957220222229498 -0.7178948846578745
821 1785158349.68742 1.4718653855239214 0.73991208170463 0.022264700765630724 -0.019393861081850927 -0.014900197012972516 -0.695765969807945 -0.7178520582533161
822 1785158349.719256 1.4718048318183072 0.7398760882373755 0.02230746638330658 -0.019165902738759844 -0.014963651966254599 -0.6957048907146413 -0.7179160552096397
823 1785158349.755286 1.4718694225375253 0.7399234828046819 0.02231127850481876 -0.01919923291575365 -0.014989208015410371 -0.6956826540390082 -0.7179361795924196
824 1785158349.779321 1.4718369079244713 0.7398894757911493 0.022279689906489514 -0.01930617585024441 -0.014926815602598564 -0.6956716365194024 -0.7179452875341004
825 1785158349.811272 1.4718408959655593 0.7399232525369634 0.022254669545401076 -0.019288583167738627 -0.014899314163265953 -0.6957054836081077 -0.7179135331461962
826 1785158349.843244 1.4718276195495066 0.7399115524698047 0.02227263472585851 -0.019253614464674218 -0.014928003344630847 -0.695652887223404 -0.7179648414399764
827 1785158349.871322 1.4717895820598843 0.7399443556344719 0.022269178878502438 -0.019258055275289676 -0.014889139015105801 -0.6956708219246435 -0.7179481515883257
828 1785158349.895364 1.4718419170676027 0.7400175885035646 0.022289093232817192 -0.019293158638730712 -0.01491035113257877 -0.6956708746738391 -0.717946717792748
829 1785158349.927296 1.471825112673049 0.7402507273461435 0.022213279491644422 -0.020259660497640275 -0.01402756548591133 -0.6954943105265937 -0.7181089315613592
830 1785158349.959265 1.4719374326363541 0.7417797638974379 0.022391128486418235 -0.022070964782479607 -0.011322044155213207 -0.694434701576775 -0.7191280338546769
831 1785158349.98734 1.471963916826291 0.7435145279281651 0.022274166541131055 -0.021285515328999693 -0.012304084884917188 -0.69197710242522 -0.7215006764040629
832 1785158350.019339 1.472363577898628 0.7467116715959294 0.021960959304523325 -0.019829560575631455 -0.014740033197295 -0.6876503523315346 -0.725621466666358
833 1785158350.051315 1.472785991140241 0.7501293527594374 0.021994007030806506 -0.020120451399226802 -0.013229401090751214 -0.6840915847691553 -0.7289985281400073
834 1785158350.075513 1.4728818240342656 0.7535566591741643 0.022301931918185636 -0.020873799721792263 -0.011610887752992571 -0.6825424142233198 -0.7304555596043909
835 1785158350.111341 1.4731194664689653 0.7588129652000649 0.022323451274530587 -0.020404121740186243 -0.011614551340302426 -0.6808903445635813 -0.7320089567028962
836 1785158350.135691 1.4734490867003993 0.7632068673003116 0.02234738340633735 -0.020108053277417715 -0.01232403178207353 -0.6802440738549843 -0.7326061591463736
837 1785158350.167334 1.4738677542038943 0.7701093268558988 0.022372954184797178 -0.020972619598290332 -0.010803315582964435 -0.6806321965838993 -0.7322453486181915
838 1785158350.199325 1.4742006280213789 0.7779937815145018 0.022371122125870932 -0.02190144345157219 -0.009826197938295866 -0.6830699963865233 -0.7299583225399449
839 1785158350.227366 1.4743271795010813 0.7846849958328405 0.022217619490154383 -0.02110519062128391 -0.010203551199150063 -0.6851362772352539 -0.7280375952435307
840 1785158350.259324 1.4743998532642189 0.7935338578442638 0.022485832146738605 -0.020621110634379103 -0.010788402336463054 -0.6873739463956093 -0.7259307391120433
841 1785158350.283537 1.4744275792928743 0.8009146828092852 0.022739652751727152 -0.020985915937242305 -0.010119183459499359 -0.6888767442810966 -0.724503985252714
842 1785158350.31535 1.4746388707780338 0.8125723651139025 0.022402908602011717 -0.020355023637962377 -0.010711457596813467 -0.6905244082204394 -0.7229432753270908
843 1785158350.343686 1.4746630928783373 0.8213352945862652 0.023014812562517875 -0.020028294504948585 -0.011251553207727971 -0.6918617724545281 -0.7216644357218357
844 1785158350.375342 1.4750436894770684 0.8303534016114056 0.022410756846463736 -0.020388445271724565 -0.011470319356096326 -0.6934089423151811 -0.7201644130270621
845 1785158350.407338 1.4756766914229722 0.8418751182912302 0.021878942809246252 -0.020436440833630498 -0.012218065773790254 -0.6946559705538989 -0.7189479489703143
846 1785158350.443367 1.4763059004776373 0.8528562792277646 0.021833410204003534 -0.020867135755330835 -0.012504538755045091 -0.6955640714674218 -0.7180521023153928
847 1785158350.467387 1.477315350173233 0.8561080449182623 0.023600952549724302 -0.020672651439361367 -0.012628803147827439 -0.6955927249786871 -0.718027795959352
848 1785158350.491351 1.4776361005487475 0.8636484947891653 0.02324617528716265 -0.02065917516472826 -0.012548143850594107 -0.6952338767577528 -0.7183770591937104
849 1785158350.523362 1.4777941547692608 0.8745183886239939 0.02312958675947803 -0.02085356794881099 -0.012215883154970464 -0.6942832586485489 -0.7192959458129183
850 1785158350.559404 1.4794280264896065 0.8816288005853102 0.02256495649427992 -0.021035765228617054 -0.011815237574287485 -0.6938284018696269 -0.7197360943438568
851 1785158350.583687 1.480214150677495 0.8883712712468018 0.02249138584772034 -0.020873129379176292 -0.011555104182238374 -0.6944209633203691 -0.7191733572223519
852 1785158350.615381 1.4797529620929741 0.8999161364735643 0.02181439191645855 -0.020513008013063105 -0.011311694097454694 -0.6957954267821072 -0.7178579150138327
853 1785158350.647344 1.4805530820612565 0.9090503663067193 0.021576996631025913 -0.021093558426046655 -0.010887300727358662 -0.6966225294974437 -0.7170450333642805
854 1785158350.675422 1.4812755029148368 0.9150764907204461 0.021863363294739188 -0.02144312459510289 -0.010313180736696403 -0.6964468743045219 -0.7172137631014569
855 1785158350.707415 1.4814796364264735 0.9248760375173919 0.02162584302840241 -0.021488572873521017 -0.00979108599721601 -0.6962214187983342 -0.717438577076316
856 1785158350.739403 1.4815328721410848 0.9358557192305726 0.021583062048535925 -0.021323020125784353 -0.010035333714473071 -0.696269828403842 -0.7173931606479386
857 1785158350.763377 1.4818040993180572 0.9430618381616119 0.021635872083877322 -0.021564636044576813 -0.009716526031531614 -0.6962876227020259 -0.7173730564121464
858 1785158350.791661 1.4821135645622086 0.9503042521900892 0.021624908577898325 -0.02213191751623278 -0.00897866883686771 -0.6963149231895965 -0.7173388944400262
859 1785158350.82344 1.482366561790153 0.960013228990794 0.021473395867710077 -0.02237289789801067 -0.008734421772238488 -0.6967788292907551 -0.7168838304552243
860 1785158350.855413 1.482521281490144 0.9702562275164259 0.021202949164431148 -0.022062768996069737 -0.009153756921364553 -0.6978254066576143 -0.7158695026201256
861 1785158350.887449 1.4827932152016876 0.9800158566792603 0.021286060157144515 -0.022141558210397427 -0.009147826571140882 -0.6983601019120864 -0.7153455365949943
862 1785158350.915443 1.4827538655203552 0.9880260851945801 0.021024556720725784 -0.02215049875752506 -0.00905088213315508 -0.6982435318258517 -0.7154602764659723
863 1785158350.947402 1.4831389608827712 0.9978953926214644 0.020927129195370958 -0.02164011209676997 -0.009310911444208925 -0.6985580344043727 -0.7151654948650814
864 1785158350.971433 1.483163716914313 1.0053784707425237 0.02070507472675366 -0.021650064272880187 -0.009257318412216775 -0.6987143471142755 -0.715013173241911
865 1785158351.003399 1.4836356331815856 1.0152930121953578 0.020805427609215624 -0.021934344474918932 -0.009063321381254541 -0.6988818070514431 -0.7148433118596726
866 1785158351.031454 1.4837100877983638 1.02271592115314 0.02071213513708592 -0.022152350597552384 -0.008625573523768582 -0.6987891441213261 -0.7149325876630425
867 1785158351.063431 1.4837420834958823 1.0325452257399563 0.02062578000377159 -0.02209355562606463 -0.008425636177658236 -0.6989706511582041 -0.7147593387107831
868 1785158351.095411 1.4838819746965584 1.0427837373023396 0.020496839978299763 -0.022202887942648464 -0.008144488303858055 -0.6992462138023366 -0.7144896301279476
869 1785158351.123476 1.4839798673572016 1.050333743988536 0.020361074478870325 -0.022205060936125398 -0.00768215630624991 -0.6989616331978815 -0.7147730794179783
870 1785158351.147717 1.4841386002954855 1.0575324542368802 0.020391183797628748 -0.022115068221937317 -0.007679232639526079 -0.6984931608700997 -0.7152337082110325
871 1785158351.179448 1.484381518900738 1.0670784902097923 0.020381799486674373 -0.021735992713103114 -0.008436025956152449 -0.6984199270266055 -0.7153083150774876
872 1785158351.211416 1.4846165972321024 1.0776961900627748 0.02005467538370087 -0.022111447455835154 -0.0077673409856452436 -0.6984585978554028 -0.7152666211891097
873 1785158351.239489 1.48474667914424 1.0843606343482048 0.020219044686517793 -0.02224535543674455 -0.007406149276665386 -0.6985059957341476 -0.7152200130294395
874 1785158351.271479 1.484897440528238 1.0941227475400805 0.020189801650843053 -0.022216196318785464 -0.007426489300886963 -0.6988302502966073 -0.7149038880494148
875 1785158351.303443 1.4849656206631519 1.1036399244715656 0.02007624706714939 -0.022325341166050894 -0.007117184963792322 -0.6989904427075002 -0.714747008264871
876 1785158351.327631 1.485044739532932 1.1109647585525473 0.020050138037912626 -0.022451771779894214 -0.006714483934976312 -0.6987971004249107 -0.7149359734180171
877 1785158351.363496 1.485202137697573 1.1209422764075236 0.019883741716341122 -0.0227953946433187 -0.006060469584719841 -0.6985172488136301 -0.7152043720513076
878 1785158351.387605 1.4852681085292234 1.1281115779696054 0.01998525475221631 -0.022750810098372876 -0.005867222116644477 -0.6984994867312098 -0.7152247502573847
879 1785158351.41947 1.485398746647162 1.1378167167557791 0.01987647041278434 -0.02210384194455217 -0.006070967984916353 -0.6988219287499106 -0.714928300892664
880 1785158351.451444 1.4855065461053332 1.1474039649355616 0.019857274883347056 -0.02220074999254007 -0.005792126561742883 -0.6991020314882259 -0.714653711624516
881 1785158351.479546 1.4856315188845306 1.1546733115103482 0.01983886835369146 -0.022640476058546466 -0.005242961239494304 -0.6992700803720512 -0.7144797232236536
882 1785158351.511514 1.4858407016431223 1.1644528095043893 0.019701589567631003 -0.023083408226012958 -0.004809399652187851 -0.6995188542105577 -0.7142250335458744
883 1785158351.535535 1.4859407198517711 1.1716690575297601 0.019685909884588224 -0.02312950649144374 -0.004750131845442485 -0.6995780615918764 -0.7141659456430739
884 1785158351.567539 1.486072971809128 1.181486901038099 0.019681471677276838 -0.022744494730821074 -0.005043967381388015 -0.6995077411954891 -0.7142451724443646
885 1785158351.603526 1.4862088799924034 1.1912374761074593 0.019598612781263694 -0.022435551983477797 -0.005700218104438104 -0.699293304174534 -0.7144599556710098
886 1785158351.627833 1.4867549821830606 1.1980680979300156 0.020015370332533478 -0.022061888228834703 -0.005944430858184413 -0.6991654539734867 -0.7145947136661444
887 1785158351.659538 1.486964242045893 1.2090729537176803 0.019816334400079405 -0.022325493478945746 -0.00558878909914029 -0.6994394926225148 -0.714321170018981
888 1785158351.695537 1.4870599712316395 1.2180818368500885 0.020165817294775082 -0.022425749781163407 -0.005568331599320797 -0.699870052874492 -0.7138963429794333
889 1785158351.719873 1.4871759446425024 1.2251444148185935 0.020035759416254323 -0.022502919196193405 -0.005567083842735743 -0.7001344801453739 -0.7136345955155936
890 1785158351.751516 1.4873068550024922 1.2350258263634877 0.01994743266499059 -0.022528545847810055 -0.005167167016784657 -0.7005024885134483 -0.7132755628741743
891 1785158351.783476 1.4874596768416424 1.2447776868458322 0.019919477638077 -0.022935484136148987 -0.004912448062646901 -0.7005273991377755 -0.7132399277092781
892 1785158351.811561 1.4876177243916335 1.2517032820073466 0.020134651032526818 -0.022981327294944953 -0.004528300988207001 -0.7006800851561891 -0.7130909979458712
893 1785158351.843538 1.487773305486853 1.2613871479358962 0.019991723805148576 -0.022852846040299468 -0.004379377545701502 -0.7010065420460234 -0.7127751373952711
894 1785158351.867515 1.487757070989946 1.2687901902395968 0.019733214652225967 -0.022838267331450557 -0.004318532912030992 -0.7015581765656299 -0.7122330297821728
895 1785158351.899555 1.487267502319278 1.2799470351387816 0.019295869535451177 -0.022584245103110856 -0.004211916798116944 -0.7022763862638592 -0.7115336175657361
896 1785158351.935556 1.487321528743033 1.289330158958152 0.019395591889875552 -0.02168939357942079 -0.0049306180335878524 -0.7027057728523091 -0.7111327977333087
897 1785158351.959699 1.487464087480934 1.2961980307781507 0.019422977072515807 -0.021016356585278895 -0.00557309310979226 -0.7029985834439137 -0.7108588081081367
898 1785158351.991542 1.4874301716336507 1.306214905189458 0.01913321818845308 -0.020056838275417044 -0.006362111033636486 -0.7035527772635833 -0.7103314271424912
899 1785158352.023524 1.4880029454074482 1.3154409473880555 0.019133387312610217 -0.019348657127478686 -0.0069553954575509724 -0.7040716132324202 -0.7098312583858855
900 1785158352.051585 1.4875089161510333 1.32353750759179 0.01884291592199458 -0.018942692242942205 -0.00738375640594191 -0.7044383062164902 -0.7094739792880141
901 1785158352.08358 1.487992135761777 1.3332430566855018 0.018769941368084214 -0.018935417645305375 -0.00798702624066272 -0.7054542048868035 -0.7084574949691456
902 1785158352.115584 1.4878882376395426 1.3431222114795411 0.018765196944073595 -0.019136996025950648 -0.00768942758089719 -0.7063535261129312 -0.7075587214036794
903 1785158352.139733 1.4878400492580284 1.3504657430735139 0.018668329619125262 -0.019216497156817502 -0.007538814137997729 -0.7067875278386955 -0.7071246587484276
904 1785158352.175591 1.4876562606343247 1.3603248779679886 0.018647467356478806 -0.019145690620451683 -0.00760672913239735 -0.7074481353013249 -0.7064649432641728
905 1785158352.199628 1.4875784500848568 1.3674922729359336 0.018608009281556467 -0.018985198874206688 -0.007663699684273162 -0.7079500405841406 -0.705965700277124
906 1785158352.231565 1.4874279727705504 1.3773052858876502 0.018530857634871292 -0.018768819535946668 -0.007956845640495813 -0.7089017148935636 -0.7050126088529519
907 1785158352.267601 1.4872366356008622 1.387193653842939 0.018418153749361232 -0.01842607465449131 -0.008088026812331561 -0.7096907830180152 -0.7042258558831724
908 1785158352.291615 1.4870958243096646 1.394293691868342 0.01840394197963234 -0.017990847567448842 -0.008670969169242815 -0.7107550964288307 -0.7031559831203276
909 1785158352.323581 1.487099570014673 1.4039711439802638 0.01814630015581059 -0.01848153913342121 -0.008009996195720515 -0.7121725719756122 -0.7017153984329019
910 1785158352.347826 1.4868631155854495 1.4111670760562638 0.018253637828687747 -0.01874389407151622 -0.007468483532377057 -0.7127958636248547 -0.7010812684618382
911 1785158352.383612 1.4865188032690115 1.4207964708041814 0.018172166677945023 -0.019310535143343466 -0.006773763445970249 -0.7133411402073834 -0.7005181204286482
912 1785158352.407769 1.4862810527720824 1.428010025873798 0.01813150411940498 -0.01948051816371188 -0.006763720817560603 -0.7139051847075648 -0.6999386749854828
913 1785158352.439598 1.4859491558995261 1.4377936434883483 0.01808181997714972 -0.01933042118399786 -0.006579553171593422 -0.7146951399404503 -0.6991379701049084
914 1785158352.471559 1.4853981387105517 1.4474750555688627 0.01800497970921565 -0.019203085961781552 -0.006770747603401572 -0.7157695226768672 -0.6980396757157614
915 1785158352.499662 1.4848393218499152 1.4555347457082541 0.017638852385744017 -0.019400899884388534 -0.006628886555475444 -0.716647374763463 -0.6971342791681867
916 1785158352.531634 1.4846906956754058 1.4647146128587254 0.01772305792918437 -0.01906824383703898 -0.007068737277552528 -0.717782598444484 -0.6959702410308625
917 1785158352.563599 1.484671607973822 1.4739013268812038 0.017588961863823 -0.018653135617884398 -0.008155449134149673 -0.7192284174942468 -0.6944753650416714
918 1785158352.587692 1.4844359939408134 1.4811816988788287 0.017461831568011094 -0.019157155199767795 -0.007676704491486941 -0.7203909302175286 -0.6932611191125075
919 1785158352.615679 1.4838729700455715 1.4882942627080582 0.017527856830648586 -0.019402034554424685 -0.007042987759239616 -0.7211231306912591 -0.6924993774442034
920 1785158352.647648 1.4832689884673584 1.4979312646447691 0.017347650614815094 -0.01941821915456543 -0.006873556238505163 -0.7217997377079313 -0.6917953639872582
921 1785158352.679617 1.4830627527199913 1.5072940858250046 0.017441682352989624 -0.019299410080286128 -0.007641024822151232 -0.7226438313812893 -0.6909088510627077
922 1785158352.711582 1.4824043588945726 1.5172225607231864 0.017264008130577782 -0.019078516185105476 -0.007737596857739115 -0.7234981158726459 -0.6900192867911543
923 1785158352.739658 1.481965190818234 1.5245723590828506 0.01702004871511341 -0.018860630208993423 -0.007513535796560666 -0.7241750067071192 -0.6893173311825963
924 1785158352.771645 1.4813445316247795 1.5343620626154508 0.016862418119262923 -0.01852534533131256 -0.00811094164972237 -0.7259313152572984 -0.6874698173263459
925 1785158352.795924 1.480890070731953 1.5416964764134689 0.016789840439951076 -0.01851644862513646 -0.008364015652066792 -0.7273515981981648 -0.6859641659526103
926 1785158352.827646 1.4803464438946936 1.5512880246635474 0.016653341590925477 -0.01872891379675956 -0.008324432889580513 -0.7290135406181275 -0.6841923627171544
927 1785158352.855879 1.479752513764664 1.558473555491914 0.016661051530774407 -0.01879000722319435 -0.008214946855951144 -0.7299162182253269 -0.6832289255061903
928 1785158352.887682 1.4790326054672995 1.5681718773894822 0.016480348607880557 -0.018957822511874722 -0.008481323529728302 -0.7312848367948925 -0.6817559355008651
929 1785158352.91965 1.4783602070305997 1.5778977637534428 0.016325934768462017 -0.01909446091113587 -0.008647198477222617 -0.7336010981801063 -0.6792569883850668
930 1785158352.955678 1.477426978375916 1.5872888340156401 0.01636146515918248 -0.019661202843270886 -0.00786767076959538 -0.7356669042665639 -0.6770123653422199
931 1785158352.979692 1.47629353385242 1.5957304353876955 0.015699768911518502 -0.020291972238246303 -0.007201855652089306 -0.736913464838851 -0.675644073811832
932 1785158353.003702 1.475834691347763 1.6021069550416203 0.016049071516997526 -0.02045852116465363 -0.007412109037639114 -0.7379927282638366 -0.674457739655398
933 1785158353.03568 1.474731822572046 1.6118613167003908 0.01602364287917868 -0.019980182883474695 -0.007667377738251324 -0.7393537550373493 -0.6729769895937996
934 1785158353.071703 1.4738800447904772 1.6213654945167648 0.016132040724032515 -0.019393374369499616 -0.008406952283512625 -0.7415939603308188 -0.6705159343257394
935 1785158353.095699 1.4731370732825284 1.628167971876535 0.016076905595678537 -0.019816853313575633 -0.008347215007365905 -0.7436233625104787 -0.6682528795710337
936 1785158353.127683 1.4719319242756341 1.6370483887756344 0.016188098342086163 -0.02002770661055031 -0.0074340173523725905 -0.7458126435487512 -0.6658131322501456
937 1785158353.159651 1.4708020673168614 1.646157232348635 0.01620904443522403 -0.021168792212019505 -0.006422785840865419 -0.7474184106847227 -0.6639852027175379
938 1785158353.187725 1.469923643237489 1.6529867956546722 0.015976253382825947 -0.02206597172464675 -0.005904308390315416 -0.7482807906211624 -0.662988755878746
939 1785158353.219728 1.4688164183292198 1.6623552151207643 0.015879623313802105 -0.021858933183680485 -0.006234480401074993 -0.749724056147399 -0.6613600818979717
940 1785158353.243878 1.4678706359981806 1.6692131932695613 0.01581381264749719 -0.021422384225242896 -0.006819466493817927 -0.7508288000120537 -0.6601141487677
941 1785158353.275665 1.466678804380432 1.6786738448288068 0.015791034167947318 -0.021228891516577697 -0.007167744165098799 -0.7525607201214198 -0.6581415654241046
942 1785158353.303814 1.4656005730585604 1.6861537526750017 0.015543035129483226 -0.021552204895926574 -0.006957745415340333 -0.754504733882284 -0.6559037267709974
943 1785158353.335731 1.4641146152076452 1.6956776311807604 0.015521325149361623 -0.021103158722002746 -0.007907490929316197 -0.757392628403295 -0.6525707124285498
944 1785158353.367693 1.4628190910207783 1.7049582654583177 0.015562315205607372 -0.02168469929661021 -0.007818343331716271 -0.7599701459809975 -0.6495490932497592
945 1785158353.391787 1.461450733652353 1.712320490005781 0.015514466712993141 -0.021989959245302115 -0.0074199758874679 -0.7615416798455147 -0.6477002821585698
946 1785158353.427724 1.460017925180349 1.72146511011059 0.01547447333219458 -0.02184369505622763 -0.008156884894794048 -0.7640797366049995 -0.6447002980647195
947 1785158353.452027 1.4586754908711512 1.728456696214547 0.015474097058699246 -0.021910073109412398 -0.008304214469707638 -0.7661461515783783 -0.6422391012232298
948 1785158353.483719 1.4569337216244873 1.7378637673530375 0.015306260384408688 -0.022188454991321604 -0.008098205378206158 -0.768808038319187 -0.6390432628160273
949 1785158353.51573 1.4551089824802454 1.7471516914469578 0.01542441691813666 -0.02249111358101752 -0.008105398822456866 -0.7713140306635717 -0.6360055962185627
950 1785158353.543764 1.4536572149213285 1.7542995413249038 0.015338977526911893 -0.022183276939505947 -0.00853237624803349 -0.7732113936507929 -0.633702802193888
951 1785158353.575767 1.4517026329640716 1.7637690567396085 0.01541568392045431 -0.021999638016282463 -0.008962804638964594 -0.7761139126212614 -0.6301451251068072
952 1785158353.607734 1.449446275919795 1.7736534792008176 0.015444668917863683 -0.022741819078780368 -0.008691536696330826 -0.7795615947253124 -0.625852208499876
953 1785158353.6318 1.447846601498443 1.7808381214766484 0.015411759623565197 -0.022932519980626398 -0.008814559709954817 -0.7821588080220777 -0.6225945728143961
954 1785158353.659868 1.4460359775501854 1.7878942393450514 0.015445916604101023 -0.02266898358293601 -0.009147888148101413 -0.7847766809991542 -0.6192963703152944
955 1785158353.691773 1.4435339427311136 1.7972668086778432 0.015465003415762443 -0.022305938992184582 -0.009440343172942511 -0.7882240879856478 -0.6149114669004375
956 1785158353.723738 1.4411528318441253 1.80681503856554 0.015313355022737021 -0.02199635979263448 -0.010093006771462076 -0.7922605526351638 -0.6097028031003376
957 1785158353.751803 1.4391548000829524 1.8139202770859177 0.015309028247432604 -0.021519441234448045 -0.010761386088978253 -0.7953409622612199 -0.6056846208777286
958 1785158353.783789 1.4364505620281625 1.8233249692512843 0.015363807853673361 -0.021198272697617426 -0.01105563146648636 -0.7990332820399478 -0.600811301857733
959 1785158353.81576 1.4334978540540335 1.832898881997951 0.015334336587082623 -0.020899629984909907 -0.011308337299702376 -0.8025287257027048 -0.596140060217398
960 1785158353.839948 1.4312318946902 1.8395813553516824 0.015390021229333653 -0.021145347211833143 -0.011496226767364282 -0.8054506335247169 -0.5921739508084061
961 1785158353.875786 1.4283272112624994 1.8487893278493388 0.015371939250102384 -0.02173200906227668 -0.011121785176432142 -0.8099056554264606 -0.5860519217482713
962 1785158353.900068 1.425995478194553 1.8560422772744851 0.015307681129282935 -0.02227872314826429 -0.010673050820820817 -0.8130988885397791 -0.5816011880459282
963 1785158353.931813 1.4224032481552422 1.86512061602418 0.015363540561836697 -0.022244527474433617 -0.010587005766317548 -0.816929848312901 -0.5762106552657662
964 1785158353.963745 1.4195125685683088 1.8738444476453358 0.015484064530033176 -0.02229857509431865 -0.010798898305726667 -0.8208034603795042 -0.5706731435534507
965 1785158353.991812 1.416317116824338 1.8810763503386008 0.015309381859582583 -0.022683000901637107 -0.010227700862048716 -0.8236263076791525 -0.5665867814412712
966 1785158354.023811 1.412866395130135 1.8901964836021903 0.015349452630468566 -0.023153110525633958 -0.009910421200907793 -0.8274785503924185 -0.5609322291195884
967 1785158354.048047 1.4101709885824039 1.8963021211644457 0.015551161525398302 -0.02330056126687441 -0.009715442319296441 -0.8302463576139556 -0.5568246399845724
968 1785158354.079765 1.4062259215273456 1.905612118508026 0.015555860971887284 -0.023271679182565008 -0.009800146629973971 -0.8341868424839882 -0.550903528669629
969 1785158354.108111 1.4030524092298364 1.9127114292536969 0.015551447192417384 -0.02338032854162897 -0.010199269141905276 -0.837413563057075 -0.5459742297529352
970 1785158354.139858 1.3990563233256315 1.9211753488877865 0.015581677888268558 -0.023721312107112813 -0.010065003907009262 -0.8423439738084421 -0.5383239032746655
971 1785158354.171798 1.3950788677215253 1.9294894106285718 0.015765274673112603 -0.024283298101009376 -0.00984042807947516 -0.8474565952709626 -0.5302176973096032
972 1785158354.203819 1.390760318662961 1.9377846846579174 0.01603622842724295 -0.024970922684649843 -0.009534694819441802 -0.8521734069384784 -0.5225763361671135
973 1785158354.231837 1.3872331504951374 1.94489386761602 0.015667756807791436 -0.025808033864403473 -0.00870623189818065 -0.8553958251873724 -0.5172582809063601
974 1785158354.263803 1.382512706700206 1.952807685612676 0.0160310376759724 -0.02647428469080093 -0.008632956823466764 -0.85939063895075 -0.5105607838352024
975 1785158354.287825 1.3793995880340844 1.9589577309453217 0.016077025467140182 -0.025621732295896593 -0.008955661798812686 -0.8630137236114028 -0.504450825962535
976 1785158354.323835 1.3750112890296196 1.966182255308675 0.01650440751133725 -0.026141713488573887 -0.008931903749592796 -0.86806904830026 -0.4956742471567095
977 1785158354.347861 1.3717461031280604 1.9717053576608135 0.016914986243654076 -0.026494463305643423 -0.008179423059519353 -0.8715409396210259 -0.48953807923087944
978 1785158354.379829 1.3667217292523905 1.9789105526999247 0.01730013366049392 -0.027231930326172632 -0.007978816978642389 -0.8760750975665683 -0.4813389490515594
979 1785158354.411788 1.3618618004362792 1.9864942938242125 0.01739827006825939 -0.02821921302646646 -0.007480171099603861 -0.8802149805871318 -0.4736763779274652
980 1785158354.439902 1.3580005821892362 1.992395009149746 0.017540614926125395 -0.028662997531428702 -0.007968353213906876 -0.8834145394420948 -0.46764697093200913
981 1785158354.471844 1.35219487859223 2.000507806112592 0.017720909337642754 -0.028948795110472797 -0.008347324847045312 -0.8875249683494786 -0.45977355294297506
982 1785158354.496004 1.3477823152213326 2.0073069707359004 0.017255986870976958 -0.02907153435506271 -0.008232822525227279 -0.8905368720122908 -0.4539065389593715
983 1785158354.527812 1.3420367433439337 2.0137574266852587 0.01831646707857215 -0.02927674804565264 -0.00861204649529379 -0.8943999352213831 -0.4462257954836544
984 1785158354.556092 1.3373497832776906 2.0198018046463986 0.018474431600582736 -0.0293428762211001 -0.008812577622982931 -0.8975294876420393 -0.4398887960652449
985 1785158354.587879 1.3316308338560234 2.0278721995529505 0.018511960609851982 -0.029022812787582564 -0.009568273877042177 -0.9020870393202771 -0.4304707864225955
986 1785158354.619853 1.3254001170869734 2.0350763977800175 0.018905230302541084 -0.028420009432137266 -0.009468114039296593 -0.9062217481297749 -0.4217402056918821
987 1785158354.651874 1.3197966817979108 2.0422616061934873 0.0194142009412705 -0.028092457593197562 -0.00964973394072488 -0.9098442618313969 -0.41388538953885323
988 1785158354.679884 1.3154324339840007 2.047661950518185 0.019144774142688004 -0.028216722001710437 -0.009743250676976789 -0.912768521330388 -0.4073849679775394
989 1785158354.711898 1.3104713888167248 2.054433228516876 0.020021369940843317 -0.02820165173831468 -0.009283901250074056 -0.9171932060784602 -0.3973349956149409
990 1785158354.73587 1.3064611520706877 2.0587969708638476 0.02046377604083144 -0.029429621419827634 -0.008891499746186304 -0.9201186669314864 -0.3904311429427398
991 1785158354.767874 1.301321596453379 2.0663786864392226 0.020616171838481218 -0.0309008575265228 -0.007970611157790575 -0.923905888305725 -0.3812866584551663
992 1785158354.795923 1.2971684033226838 2.0709873598234076 0.02069362215182348 -0.03128251562171358 -0.00759230196516214 -0.9265325658870947 -0.3748348509916385
993 1785158354.82791 1.2911841820547274 2.077348599672301 0.021173157655138858 -0.03144264972076316 -0.007900165292875405 -0.9301512599342004 -0.36574250615658854
994 1785158354.859881 1.2850447210832634 2.0833076613142167 0.022098908682916085 -0.030990936908331407 -0.007668978634164714 -0.9337726772496134 -0.35643980672526143
995 1785158354.884114 1.2788473917628833 2.087694122098628 0.0218512875938367 -0.030252503535090236 -0.007681666559602451 -0.9360701572043728 -0.3504260818205563
996 1785158354.919896 1.2741292664392265 2.0946118099819833 0.02225560745709701 -0.030378411137105377 -0.008168690190322292 -0.9395851428636238 -0.34086681262232477
997 1785158354.944142 1.2693607957730597 2.0987933398257845 0.02266592471162411 -0.030878051299559228 -0.007863231845229302 -0.9418604972349427 -0.33448993898357615
998 1785158354.975901 1.2633913334274847 2.1049048640147605 0.023213687047309473 -0.03116926927752306 -0.008480981591905135 -0.9449490276864844 -0.32561923266034354
999 1785158355.011913 1.257851751340914 2.110878147003458 0.023766219949113765 -0.030151797775688022 -0.009121718320761474 -0.9481693496464398 -0.31620017036177894
1000 1785158355.035924 1.2536210702585826 2.114456773349713 0.02436844024906802 -0.02962519363721297 -0.009203467034651636 -0.9503770743689497 -0.30954977081305646
1001 1785158355.067905 1.2466856964603443 2.120062708365339 0.02509051089443015 -0.029093310485222484 -0.009799924156102868 -0.9534957886136437 -0.29983882648448135
1002 1785158355.091999 1.2425689385685177 2.1232544427119198 0.025680668250030375 -0.03016559515945269 -0.00971335961808989 -0.9555690925860225 -0.29305869174609245
1003 1785158355.127922 1.2376452302467946 2.1277099876750993 0.026716313508558714 -0.03217981106651535 -0.009521960811288976 -0.95798564366281 -0.2848460962660069
1004 1785158355.152215 1.2323601173178969 2.1324786026780997 0.026545237975075936 -0.033140801925613306 -0.009006356476645827 -0.9596548095015205 -0.27907565173505133
1005 1785158355.183914 1.2264056144824065 2.1362990210879165 0.027638224563374267 -0.03301162471722752 -0.00905570543305989 -0.9616337578607086 -0.2721924733994878
1006 1785158355.215887 1.2195659545649438 2.140430786234469 0.028446744489472486 -0.033479395069463486 -0.00874786357976265 -0.9636668012166731 -0.26485637847972965
1007 1785158355.24395 1.2144918484102412 2.14443106599279 0.028560349600037935 -0.033380444221174366 -0.009102348733748378 -0.9653731574911649 -0.2585682888265012
1008 1785158355.275954 1.2076257228601104 2.1490361470910724 0.02930778012252122 -0.03242688215498646 -0.008921361489449775 -0.9675108952816115 -0.2505824697265475
1009 1785158355.300028 1.202104473973722 2.152940300510004 0.029180324285606282 -0.03183226420657009 -0.008833839921855935 -0.9689641817047474 -0.24498384600003287
1010 1785158355.331902 1.1962354974180902 2.1574903170136475 0.030004147732387118 -0.0312726987342094 -0.00866742412495597 -0.9707120874152526 -0.23804398211011496
1011 1785158355.359963 1.1915227339630063 2.1606329653010197 0.030989342142969348 -0.03142238372811082 -0.00856439635725309 -0.9720376313379009 -0.2325556453386635
1012 1785158355.391976 1.1863832226217097 2.165060637559323 0.03184943512851321 -0.03232230241495343 -0.008284519232219123 -0.9740000398774391 -0.22407712472814895
1013 1785158355.423954 1.1801087910114303 2.169899748218496 0.03256812297925098 -0.032320481847179255 -0.008696193654230633 -0.9758974254664816 -0.2156478092561738
1014 1785158355.448166 1.17465363007034 2.17238639686052 0.03276065724331115 -0.03252368319435561 -0.008613995785153095 -0.9770102652206214 -0.2105206658777653
1015 1785158355.483972 1.1693560955614024 2.1761754588904405 0.03335274061308491 -0.03332641278441226 -0.008121376837258998 -0.9783237733332197 -0.20422043967301975
1016 1785158355.507989 1.1637969415172724 2.177935385274035 0.03378464899996665 -0.0334525661799836 -0.008622315456140894 -0.9791061241543428 -0.20039405963154017
1017 1785158355.539969 1.1577548170284568 2.181917912304951 0.034653322475004855 -0.03340490498481563 -0.008645775932256017 -0.9801951424455043 -0.19500473227007165
1018 1785158355.571952 1.150914451140634 2.1854585122510612 0.03527794212621266 -0.03361397014906095 -0.00823102160366096 -0.9812122711421583 -0.18980208179634347
1019 1785158355.599986 1.1447048339230572 2.1866422537412356 0.03633991227793329 -0.033371287575424624 -0.00797835495417476 -0.9818995868808298 -0.18626836634554828
1020 1785158355.624264 1.140106910216407 2.189644591369241 0.03679591541408808 -0.03326035490635912 -0.00822200007866808 -0.9827734522318983 -0.18161081766901008
1021 1785158355.655976 1.1334740887498935 2.192540743983087 0.037456266713369726 -0.03317442834322018 -0.008143700960947131 -0.9838471979504975 -0.17572088243494074
1022 1785158355.687994 1.126904324367219 2.1956006816815434 0.03814393134699254 -0.0329488413461034 -0.008028417060211623 -0.9848013107393281 -0.17034170581380878
1023 1785158355.716004 1.1227177067521754 2.197936521314603 0.03863965531967703 -0.033049174228894196 -0.007748831167645798 -0.9855645595271117 -0.16586201102860765
1024 1785158355.747981 1.115374251539804 2.200573108524138 0.03887331789110195 -0.033473160244304884 -0.007793456476370586 -0.9864931874404788 -0.16015617600621865
1025 1785158355.771995 1.1112103010977323 2.202302464661347 0.03978604185576544 -0.03314675640067649 -0.007560150652881403 -0.9872213989625053 -0.15568572860970264
1026 1785158355.804 1.104046954235177 2.205104696564499 0.04046183415419796 -0.03413124701000819 -0.007402697783394474 -0.9879587318299754 -0.15072425897637237
1027 1785158355.832014 1.0982914403423145 2.2066029459205163 0.04036526586707451 -0.03426422656193953 -0.007217737688848647 -0.9885251094381 -0.14694208060035022
1028 1785158355.863989 1.0910148989622939 2.208977436458059 0.04180210040277696 -0.03398871416342686 -0.006743262688774232 -0.989270608805416 -0.14192589006798167
1029 1785158355.888016 1.0854474332525061 2.2105725986183637 0.041982651879011554 -0.03446515835184005 -0.006451908023653141 -0.9897182978711319 -0.13866584511589902
1030 1785158355.924017 1.0788023185872424 2.2121910539054137 0.042722832354513435 -0.034422769987708046 -0.0060846673410043794 -0.990223009920774 -0.13504236503099948
1031 1785158355.948032 1.0735489774759237 2.2137748042709537 0.043404354661886496 -0.03465069311852678 -0.0060762257466713265 -0.9906566881432555 -0.13176393734295386
1032 1785158355.980001 1.0672007452779422 2.216147676965211 0.04438788515216885 -0.035520249757339944 -0.005570716326500136 -0.9911696172265716 -0.12763255409070826
1033 1785158356.00407 1.0617100218002864 2.218087641505236 0.04535861877589859 -0.03595849145589089 -0.005390882623291071 -0.9915157145120455 -0.12479788921462928
1034 1785158356.040023 1.0549100043898108 2.2194679593355073 0.04570139154637299 -0.03516069154899035 -0.006045937857882766 -0.9919491618323322 -0.12150733617913392
1035 1785158356.064047 1.0497263867299325 2.220744137357044 0.046857506762293395 -0.03389878704534921 -0.005862629835866051 -0.9923562286894364 -0.1185142066992001
1036 1785158356.096016 1.0450832829299082 2.2241909380329927 0.04825173610049559 -0.0333693422506221 -0.005804038765603814 -0.9928445782401989 -0.11450957859851735
1037 1785158356.128041 1.039565249922348 2.226231796255653 0.048834801570635876 -0.03347975694120192 -0.00581776442195675 -0.9932531411950805 -0.11087586301081992
1038 1785158356.156056 1.0339647518482817 2.2268719261062326 0.04957483816652709 -0.03423888984751236 -0.0053965064879107905 -0.9935174815985693 -0.10826629160441567
1039 1785158356.188043 1.0287166264690555 2.229357752345799 0.05113130875860884 -0.034216911249163845 -0.004775436593775884 -0.9939034070194542 -0.10470155540882295
1040 1785158356.212039 1.0241121012969758 2.230289871556438 0.05196935922008301 -0.03414497488669363 -0.00468752172909459 -0.9941491482500527 -0.10237000959129125
1041 1785158356.244024 1.0168526017161938 2.231330666768499 0.052694221328628554 -0.03465013153926538 -0.0044852367619843125 -0.9945025050926757 -0.09871179463414237
1042 1785158356.272068 1.0104871830080449 2.2327142492523264 0.052596214402260685 -0.03371428794951606 -0.003995985220612341 -0.9949481890117069 -0.09447475891738769
1043 1785158356.304067 1.0014713159479087 2.233396266638631 0.05304716943905167 -0.032205525124647694 -0.004361938448904423 -0.9954275692897131 -0.08982055411979672
1044 1785158356.328041 0.9960054466039279 2.2344748583688547 0.053542451430475264 -0.03315048633759432 -0.004200286980747925 -0.9956256195988381 -0.08725267012126425
1045 1785158356.36003 0.9895607845680362 2.234772830018857 0.055287777371735805 -0.03511615397712978 -0.00380337835051342 -0.9957078586101289 -0.08554677284976256
1046 1785158356.388313 0.9841692850578646 2.2343163006893896 0.05637478076546183 -0.03534894867009608 -0.003819806839294504 -0.9957534396322472 -0.08491730309058415
1047 1785158356.420089 0.9759980271989228 2.2360509631643675 0.05729963617870898 -0.03377865061017743 -0.0036624227382279217 -0.9959429013826343 -0.0833266260458353
1048 1785158356.452067 0.968502033278164 2.236572678712646 0.05828805653940428 -0.03361211876489309 -0.00337749217493849 -0.9961059702132786 -0.08143533707307651
1049 1785158356.476267 0.9623758452191467 2.236429087134212 0.05845678088523299 -0.033111728988493794 -0.0032736313188060917 -0.9962451558404705 -0.07992800639186493
1050 1785158356.504175 0.9569378809620491 2.2374273375147036 0.05950525426737243 -0.03106670655946564 -0.0022778070723296073 -0.9964417129495466 -0.07831720138426157
1051 1785158356.536109 0.9482970065247526 2.2378785272924264 0.06083087368707152 -0.030583142326026685 -0.002619793744517429 -0.9966045203965692 -0.07640181942419152
1052 1785158356.568082 0.9413735459923263 2.2387084311617693 0.062007395882696076 -0.0319740555881049 -0.0012374498745282847 -0.9967228357043143 -0.07429479976826908
1053 1785158356.600074 0.933782648032489 2.2386905921328997 0.06368176773703746 -0.03216984844402457 -0.0006869436042675203 -0.9968860591656818 -0.07199176342256172
1054 1785158356.628105 0.9279541115286276 2.238523392586621 0.06500256071574465 -0.031228382081760847 -0.000844007719462303 -0.9970142625698692 -0.07061611739387416
1055 1785158356.652362 0.9229296076093441 2.23761166256933 0.06646413832082133 -0.030280038802745296 -0.00022693408404594884 -0.9971266372424921 -0.06943728863158058
1056 1785158356.684099 0.9144247774433256 2.238175957150179 0.06712736196446079 -0.030340666560471102 0.0001279056937962264 -0.9972967872750766 -0.06692193723743003
1057 1785158356.716105 0.9052895530409881 2.238360457194229 0.0686167024138422 -0.03026202428474034 4.88227896711102e-05 -0.9974639714947287 -0.06441919801183732
1058 1785158356.744116 0.8997071907822796 2.2373391479957574 0.06952635759928709 -0.029684836892719252 0.0009445006468343231 -0.9975558728644607 -0.06324712555369569
1059 1785158356.77612 0.8923435872470047 2.237209602554132 0.07178542893265617 -0.028176458093108314 0.0017304595654693555 -0.9976975341002167 -0.06166622389417492
1060 1785158356.800109 0.8856012690820734 2.236520008965531 0.07253751880017091 -0.027939788099053398 0.0014479503211779488 -0.9977791532846679 -0.060448597596460374
1061 1785158356.832089 0.876487241417397 2.236181199136133 0.07404875373373415 -0.027571981284408575 0.0018682743434548787 -0.9979090260295933 -0.05842834216113174
1062 1785158356.860133 0.8705865399993601 2.235267170623146 0.07507368408308243 -0.027516850096769768 0.0019211581183378734 -0.9979792242244405 -0.05724159439271656
1063 1785158356.892112 0.8635315151626808 2.2332222059082976 0.07664145578536974 -0.02665336708173882 0.002004831047254352 -0.9980012587119079 -0.05726313198843819
1064 1785158356.916291 0.8575840696258439 2.2327649168781596 0.07836604317657203 -0.02634519671349908 0.0027788519151239477 -0.9980357313341597 -0.05677048152385336
1065 1785158356.948105 0.8477317647170004 2.2336190311672275 0.07926302907217046 -0.02789033690225423 0.003657679858738383 -0.9980778755253228 -0.055220511337619016
1066 1785158356.976146 0.843944797069503 2.235777924191057 0.080539390172342 -0.02856881254198118 0.0038955870993300223 -0.9981627359808167 -0.05328977247449429
1067 1785158357.008134 0.8390978194532315 2.238428083403832 0.08415351602287402 -0.027561294729446906 0.0038637711562289345 -0.9982920022434588 -0.051366570471805484
1068 1785158357.03233 0.8355733959540019 2.240830374263011 0.08672066447098195 -0.02652368335576205 0.004393146706429929 -0.9984005523409665 -0.04973461137389157
1069 1785158357.06816 0.8227061230763735 2.238684033318265 0.08694341775442516 -0.02660340039627465 0.005027249566672887 -0.998478457681318 -0.048039102775618375
1070 1785158357.09216 0.816480200157238 2.2395127992082693 0.08941555220184556 -0.024699683151553214 0.004336423404757261 -0.9986239429106955 -0.04605802568243375
1071 1785158357.124142 0.8079470572607969 2.2394506626914414 0.09221396085766155 -0.022602831516255834 0.003570410710997951 -0.9987634222195676 -0.04413604661793322
1072 1785158357.148356 0.8019521050678645 2.2404573106823684 0.09439352786267513 -0.02185906801785678 0.004116030322352859 -0.9989013191319018 -0.041247958450363637
1073 1785158357.184161 0.7925285609875321 2.2398743569937474 0.09756536676206914 -0.022359857382203835 0.005028908634097662 -0.9990170878368657 -0.03794212784947262
1074 1785158357.208183 0.7888349380949483 2.242264708561367 0.089387788386056 -0.025365478549026488 0.0033435817268612222 -0.999074948297193 -0.03456386327041455
1075 1785158357.240163 0.7793126816717172 2.2421736764234677 0.08926664524615316 -0.02381692514429143 0.0024087712540272754 -0.9991470820100972 -0.033646105397581755
1076 1785158357.264241 0.7751156150576449 2.2428047000484352 0.0897958082017862 -0.0244002047916424 0.0025625051103185803 -0.9991486548054818 -0.03316668771646469
1077 1785158357.300175 0.767485065912535 2.242390264704372 0.0902197316577032 -0.025250896132457873 0.003408612990571991 -0.9991758611859003 -0.03159702557841479
1078 1785158357.324192 0.7622202417008532 2.242697852440951 0.09058014155029154 -0.024794447403365616 0.0034581544694973765 -0.9992259113263897 -0.03034558748109417
1079 1785158357.356211 0.755496688608417 2.242185747443186 0.09094202948404288 -0.02326914198626845 0.0026905957281154746 -0.9992870865837277 -0.029607875858573107
1080 1785158357.380181 0.7502707863557754 2.2417309561639023 0.09138842869754368 -0.023352930316731857 0.0031385272407191134 -0.9992848371409866 -0.029573713877243224
1081 1785158357.416183 0.74636888949159 2.242109012817877 0.0917640337802679 -0.024492058478732176 0.0036629750131448313 -0.9992236279849759 -0.030640870778590262
1082 1785158357.440203 0.7428335524778733 2.2412932027134116 0.0936962055745357 -0.024134567082154862 0.004083619677230421 -0.9991926022961344 -0.0318589114498192
1083 1785158357.464325 0.740388918320201 2.2420125434772653 0.09391692739291779 -0.023835156301399235 0.004070777393547831 -0.9992114341123903 -0.03149323791801076
1084 1785158357.496182 0.734773671640996 2.2425063677141135 0.09260668060127863 -0.022902690441642448 0.0032857693769726692 -0.9993155451961883 -0.028863673005712798
1085 1785158357.524228 0.7320172749702147 2.24162597438944 0.09440737599524691 -0.023270915494987054 0.003495696089960809 -0.9993180015891072 -0.02845656867623131
1086 1785158357.556181 0.7307649307856068 2.242713587524869 0.09419498386741382 -0.022163024345434046 0.002926964933018139 -0.9995223770480044 -0.021336611925318494
1087 1785158357.580252 0.7300201964727842 2.2421117071731445 0.09364800417094774 -0.022989812359993866 0.003179493045126547 -0.9995990946104354 -0.016217564725509115
1088 1785158357.612203 0.7303761680660401 2.2424518808182503 0.09434934260614038 -0.02519154899791065 0.003298180258258565 -0.9995251685729152 -0.017434025793127528
1089 1785158357.64023 0.7305475083275483 2.2417320386103015 0.09364636973355578 -0.02721197064221753 0.003526874747333264 -0.9994570297463147 -0.018240490644671536
1090 1785158357.672191 0.729652156234614 2.241897230396565 0.09349830016560598 -0.027634143565803182 0.003641539661937865 -0.9994575106488015 -0.017543594442872235
1091 1785158357.696228 0.7301723673875796 2.242045618543427 0.09413070349133605 -0.02701426596663392 0.0034324940001917437 -0.9994702794644763 -0.0178215567901438
1092 1785158357.728189 0.7302667934192735 2.2422056480979133 0.09401650370155504 -0.026372262192929596 0.0031878605934131943 -0.9994883706276472 -0.017813992021879665
1093 1785158357.756246 0.7306042378403653 2.241750177097479 0.09433928862055954 -0.02615850856234253 0.0034323486110480195 -0.9994927481036476 -0.01783810250628337
1094 1785158357.780481 0.7298592168323483 2.2420154793675184 0.09406841213668013 -0.025952456739387286 0.0033003697729075965 -0.9995026747206507 -0.017606270894697462
1095 1785158357.812236 0.7298466682784881 2.2420614925756377 0.09444305570165348 -0.026057606968852343 0.0034800953227899223 -0.9995006459607717 -0.017531365594312454
1096 1785158357.844196 0.7299007812447718 2.242290348120461 0.09451899227488847 -0.02588780250787287 0.003873829737762957 -0.9995054405780788 -0.01742668583801521
1097 1785158357.872254 0.7297765269086725 2.242385454314984 0.09446770258251955 -0.02546066235422484 0.0036593682968459884 -0.9995194429252556 -0.017298754595028276
1098 1785158357.89656 0.729967477829195 2.242375815723814 0.09432769191105791 -0.025783918738321587 0.0037385264370563 -0.999511300883238 -0.017273458289297106
1099 1785158357.928241 0.7300554905519943 2.2419664573659177 0.09429597030685319 -0.025795335862535962 0.0037116729028825457 -0.9995064528469366 -0.01754066273934396
1100 1785158357.960219 0.7300193999827194 2.242398077364707 0.09416575787879079 -0.025573790137037533 0.0037495344237966077 -0.9995152021397951 -0.017357503883807412
1101 1785158357.988281 0.7299338378281531 2.242205079104546 0.09411099300851128 -0.0253620702794502 0.004146613659316234 -0.9995214903049106 -0.017215150448124383
1102 1785158358.012395 0.7294561146285847 2.2423605463350045 0.09407869810591976 -0.0249402752495968 0.003863635553953748 -0.9995371235268143 -0.016988045282571862
1103 1785158358.052276 0.7296277032626196 2.242002482800432 0.09433164286415294 -0.02485466702626099 0.003886437461407377 -0.999538059939981 -0.01705308952334822
1104 1785158358.112288 0.7294661521911909 2.2421145238139597 0.09412042114998136 -0.02510816572305724 0.003961759418579902 -0.9995335369415927 -0.016929058017578047
1105 1785158358.168273 0.7296626305324279 2.2418895055223262 0.09425645326661916 -0.024989032284416457 0.00400519962333834 -0.9995335292835315 -0.017094750055903385
1106 1785158358.220313 0.7295847901748775 2.2418616351274983 0.09412225438537326 -0.025234431506391264 0.003959439893408634 -0.999529829994811 -0.016960697297697946
1107 1785158358.276289 0.7309684346042211 2.2426568592362157 0.09396226101439156 -0.023122323061526895 0.00308855617646675 -0.9995579222826655 -0.018433095207928296
1108 1785158358.328339 0.7348615339885818 2.2434011648681604 0.09369548011259207 -0.023553974766256897 0.003392343127955777 -0.9994184816968587 -0.02442131699066749
1109 1785158358.368349 0.7376023993702009 2.242764367225483 0.09429694126847962 -0.02235129966962618 0.0032940231142008503 -0.9993162002398055 -0.02926945085030891
1110 1785158358.408607 0.7419259182986415 2.2428054980391448 0.09450675034744224 -0.022153796316169122 0.0031446713901190915 -0.9991827632337424 -0.03366193706863799
1111 1785158358.452359 0.7461916771782093 2.2432594472897334 0.09407111939860299 -0.022407749875942434 0.003129151595737567 -0.9990996222641982 -0.03588935702021853
1112 1785158358.484329 0.7508666070814335 2.243460478367039 0.09390877440513222 -0.022855535031017643 0.003130399232209702 -0.9990646122764965 -0.03657493152292615
1113 1785158358.508475 0.7543464079816729 2.242962253016179 0.09373417611460491 -0.023280584972381585 0.003470905781132849 -0.9990580921453216 -0.0364540216622575
1114 1785158358.54031 0.7585805201924181 2.2431439594964084 0.09248833052294989 -0.023508110534666476 0.0032478792816948987 -0.9991107028374305 -0.034851448964955706
1115 1785158358.568336 0.762533061270225 2.2428004404989723 0.09222516575100216 -0.023613480059505143 0.0032800969468471664 -0.9991641451645248 -0.03320625756003026
1116 1785158358.600338 0.7679231314402432 2.24245961584053 0.09169883265953736 -0.023553741251700983 0.0031236455419413334 -0.9992613652081325 -0.030202452118257644
1117 1785158358.624316 0.7723360355737385 2.2424055333225383 0.09155622510338138 -0.02311927573916428 0.0028767583611664094 -0.9993381782851389 -0.027936155289659537
1118 1785158358.656298 0.7792679240940908 2.242299909679005 0.09162026732842272 -0.023102196313599166 0.0030175408195944886 -0.999404868167429 -0.025438012031880508
1119 1785158358.684349 0.7842663135119573 2.242325494386966 0.09133943041878131 -0.02340815507544905 0.0027956125865232773 -0.9994527999225028 -0.023202231644812527
1120 1785158358.708651 0.789100840078694 2.242174032086297 0.09116739007680595 -0.023084329565468936 0.002961470043056913 -0.9995127089486235 -0.02080115559004317
1121 1785158358.740327 0.7952502180415348 2.241622345319711 0.09233671113928543 -0.023204481845472635 0.0037374233067326568 -0.9995395350528791 -0.01919118431946648
1122 1785158358.764323 0.8009174697031691 2.2409435529132105 0.09325039095088625 -0.02365803374525066 0.004733776280304969 -0.9995236505739855 -0.019244758888842695
1123 1785158358.800351 0.8101842114438917 2.240951441663695 0.09158777700959839 -0.02461127149321285 0.004636270502700879 -0.9995230242117891 -0.01806970895815574
1124 1785158358.824377 0.8176276819713375 2.241184680900225 0.0904036751185847 -0.024253347310007667 0.004020378089721444 -0.9995718129306495 -0.01586828594431977
1125 1785158358.856336 0.8262979623870526 2.2410151044023214 0.08770939784414741 -0.02524235950698639 0.004603343065559651 -0.9995814166233632 -0.013365031252163873
1126 1785158358.880335 0.8347168061749979 2.2422562999959808 0.08636812806158232 -0.02563338947900201 0.0036495055539970123 -0.9995987471078799 -0.011487176911063213
1127 1785158358.90838 0.8419755699796737 2.2411669524397997 0.08504565649581139 -0.025815134483725466 0.0033516903720598457 -0.9996068413917176 -0.010416700346592256
1128 1785158358.94038 0.849561288112929 2.2414755696518935 0.08228981334338437 -0.02610189910242533 0.0031100174102007827 -0.9996162265160224 -0.00874175845143993
1129 1785158358.964535 0.8568129101704379 2.242060789747532 0.08102320906075076 -0.026299208197099133 0.003211163135213413 -0.999618926666002 -0.007748647019627075
1130 1785158358.996338 0.8652608184692843 2.240373732450044 0.07858231854246542 -0.026701365769855268 0.0031294284220557134 -0.9996057085024985 -0.008103781400895294
1131 1785158359.024396 0.8750747961331335 2.2401593785937375 0.07780676504414957 -0.026552824623947813 0.00300410572649773 -0.9996094054438964 -0.008182872440271494
1132 1785158359.056417 0.8847587857404295 2.241142102379306 0.07653791693856281 -0.026352814667940594 0.0022639144893161767 -0.9996198587467899 -0.007780864303533308
1133 1785158359.088441 0.893906974822682 2.2434170916825806 0.0754902467717763 -0.026868655787614104 0.0023500444756576755 -0.9996111597113742 -0.007076864249867476
1134 1785158359.112517 0.9011167973438602 2.243723456144486 0.07435795196843512 -0.02780592902390816 0.002621475811675933 -0.9995866113938264 -0.006823818424708805
1135 1785158359.148425 0.912224382090635 2.2445233073598656 0.07386988987761761 -0.028325193210061272 0.002624149807871956 -0.9995738892120644 -0.006545018935513958
1136 1785158359.172504 0.9198302177760574 2.2443917983645 0.07382761575468162 -0.028581321710114793 0.0029943860859045213 -0.9995667720523909 -0.00635687895395215
1137 1785158359.212627 0.932556295866237 2.245406089493139 0.07244122645600115 -0.029532955027599506 0.003096358626440976 -0.9995415829518823 -0.005902633364818388
1138 1785158359.256428 0.94529228855658 2.246713467227562 0.07058207426981354 -0.03041574451775869 0.0033208568890962242 -0.9995118630485903 -0.006315854660195019
1139 1785158359.288468 0.9551297557600675 2.247037219982298 0.06954175944900219 -0.030435790647879934 0.0028584014889080356 -0.9995090963582144 -0.006859918786133734
1140 1785158359.320432 0.9626204331231819 2.2486582715701022 0.06787039558985246 -0.03034819705696512 0.00277435363540246 -0.9995121739095923 -0.0068340400802348045
1141 1785158359.35644 0.9711227375391197 2.2489078505485813 0.06660940049647276 -0.0299054402346966 0.0022216064224444 -0.9995257341512819 -0.0070025622891737305
1142 1785158359.38844 0.9828339239500996 2.2486546386347435 0.06782515403681949 -0.029167115512955644 0.0017417964631600835 -0.9995452028973129 -0.007458745384096632
1143 1785158359.420436 0.993031714777569 2.2492667303419034 0.06792673501740187 -0.029045090437450016 0.0015382467366996666 -0.9995468156606871 -0.007757565406591893
1144 1785158359.472465 1.005505042032688 2.2492021359630567 0.0658514001381485 -0.028897361756934525 0.0008702365371686116 -0.9995511428251369 -0.007854810552826719
1145 1785158359.512552 1.017490268286467 2.249386227913178 0.06527295596855619 -0.029226411100590433 0.0007542899000576586 -0.999544078001543 -0.007542153072662761
1146 1785158359.552475 1.0284823125441438 2.249687020853286 0.06403757489781846 -0.029769368580885747 0.0008539156293589922 -0.9995295308773964 -0.007332968457938238
1147 1785158359.596461 1.0377804844814575 2.249374225771438 0.06231559653910412 -0.030406197969525983 0.0009437817916546631 -0.9995111843375364 -0.00720866042641477
1148 1785158359.628468 1.0460545459112018 2.2503091433075655 0.06090576521745055 -0.03145548799082648 0.0018319516512930734 -0.9994756114339722 -0.007463134535419413
1149 1785158359.668479 1.0532420142637904 2.2500625143198723 0.05827299118327236 -0.03292430733352153 0.0019346159614064273 -0.999425864406384 -0.007758144316914406
1150 1785158359.704475 1.0615956347017559 2.2512774350010076 0.05751923809873283 -0.032989480399424675 0.001853002718911534 -0.999427867959004 -0.007224770641303224
1151 1785158359.728637 1.0684467957599257 2.251510415205662 0.05677448612418743 -0.032940738093846456 0.001957922413794666 -0.9994309015611516 -0.006996236010758494
1152 1785158359.76846 1.0764626224606588 2.252072936201855 0.05538000706398324 -0.032880346843508046 0.0014020097533274933 -0.9994347105449529 -0.006868516435776961
1153 1785158359.800462 1.083158688772929 2.2533133034877935 0.054771674610496125 -0.033098313801565915 0.001104119773749801 -0.9994302492069171 -0.006516096470885413
1154 1785158359.828489 1.0910653467000446 2.255564663181739 0.05443245607854534 -0.03356796772129722 0.0007200538053915295 -0.9994177173099672 -0.006074487016519525
1155 1785158359.86051 1.0989017926487366 2.2565893893930986 0.05402410699193322 -0.034977232100875555 0.001134021990669365 -0.9993736875892846 -0.0052478360189127105
1156 1785158359.892482 1.1063790095085193 2.257275790584977 0.053385143316082295 -0.03523414526196389 0.0012978671850068513 -0.9993695492447563 -0.004168283910894299
1157 1785158359.928489 1.1139321811336529 2.2578140493421563 0.05282541969589102 -0.03607043620549655 0.0017169595601082 -0.9993361622895122 -0.004817719614520211
1158 1785158359.952507 1.117265125345023 2.2587227341909037 0.05251901154998917 -0.03591662547791452 0.001721551140542954 -0.9993310048399527 -0.0066764542625820655
1159 1785158359.984471 1.1209783574928998 2.258295902017298 0.05227976201047344 -0.033333863847798684 0.0009904470674147459 -0.9994092619729826 -0.00830660088131141
1160 1785158360.008767 1.1234683245657686 2.2595813132568754 0.05186513624642257 -0.032628684907858196 0.0006237551818485398 -0.9994381250816838 -0.0076429041512654505
1161 1785158360.044508 1.1258697882975972 2.2593368908848928 0.051387276030403856 -0.032886707419459094 0.0009578860228231512 -0.9994359146305851 -0.006737913326838152
1162 1785158360.076516 1.1291397602844675 2.260063752229782 0.051061387864340405 -0.03320375238547152 0.0010646618134593222 -0.9994264627128473 -0.00656680683687294
1163 1785158360.100701 1.1294097516657657 2.2612204818850437 0.05048540837002197 -0.03322345618002481 0.0008817872778161262 -0.9994218533514632 -0.007168225315731747
1164 1785158360.132479 1.1326329551001597 2.2610584494033246 0.050654367777705565 -0.032162610140513026 0.0007203742052283579 -0.9994423715223655 -0.008943912773723306
1165 1785158360.160808 1.1333931996900575 2.26140508798541 0.05018978878538206 -0.032319944107118914 0.0006103493139260063 -0.9994335357611741 -0.009362493393629823
1166 1785158360.19264 1.1332350378105693 2.261461708490286 0.04960146461348693 -0.03240357196124255 0.0005823176630759264 -0.9994359261126498 -0.008803353090846289
1167 1785158360.224519 1.1342876844590948 2.2618630378306337 0.04937952666118263 -0.032418724922406605 0.00046974581205128096 -0.9994425890369909 -0.007957187462530768
1168 1785158360.256525 1.1366750662609766 2.2619811847152116 0.04951700661072538 -0.031955879651952956 0.0006680171420407888 -0.9994609518085893 -0.007495419843902951
1169 1785158360.284823 1.1378830459776832 2.2628310420953386 0.04926294569094055 -0.03219097981821717 0.0004585149413622869 -0.9994485463245013 -0.00813227103784303
1170 1785158360.31661 1.139749968290529 2.2631806518520743 0.04868571817855728 -0.03241347816526263 0.0005277093501474539 -0.9994309682575907 -0.009318135208659761
1171 1785158360.348539 1.1412789114832975 2.2636738491923696 0.04838188639671687 -0.03261606177543869 0.0007106983568538894 -0.999413515170436 -0.010407358780152087
1172 1785158360.38455 1.1472367289165897 2.2644056665533445 0.04861355788558213 -0.03218734823900549 0.0004624582186548709 -0.9994271536466662 -0.010446305541197354
1173 1785158360.408574 1.1489425519547922 2.264551687895419 0.04812606286876511 -0.032456415042436626 0.0002901023176486439 -0.9994200396379367 -0.010299579279921256
1174 1785158360.440532 1.1476102399992756 2.264833999883576 0.047291499037984554 -0.032893811725104694 0.0006294009251297528 -0.9994047924700251 -0.010376020075865966
1175 1785158360.472516 1.1523919100817013 2.264092749777474 0.04771675633390048 -0.03317708123163293 0.0008236811232176233 -0.9993856352833967 -0.011267422933330717
1176 1785158360.500574 1.15507617555567 2.2640630709381706 0.04762219217737877 -0.0328378668861905 0.0009488110138163863 -0.999394953255173 -0.011423732494913297
1177 1785158360.532579 1.1567412999810085 2.2647092996603324 0.04756657025620381 -0.032631151277531745 0.0006479540391246541 -0.999403473608975 -0.011290928224956254
1178 1785158360.564545 1.1584812029089615 2.2644716252163564 0.04701602603918634 -0.03306322720211807 0.0008333459553306888 -0.9993943630805182 -0.010818298590132003
1179 1785158360.59653 1.1604515751690256 2.264858801709569 0.04675345880096417 -0.033160548179588856 0.0010522679112568989 -0.9993931642973196 -0.010610086355117232
1180 1785158360.624581 1.1612869800345187 2.2648397237361495 0.046707207792435625 -0.032910041274474555 0.0007877414119622506 -0.9993990954132624 -0.010851577485918695
1181 1785158360.656592 1.1647762047307757 2.2651665807431485 0.046381192723818986 -0.03292003780627378 0.0009387614774905573 -0.9993938972541894 -0.011279537614864388
1182 1785158360.680577 1.1645659888954167 2.2655192705711276 0.04608970158382525 -0.0331203679016252 0.0011146458496946732 -0.9993900290126181 -0.011016746563721869
1183 1785158360.712564 1.1676680307925373 2.2649444917869355 0.04597318707221707 -0.03281814646667003 0.0008058584872715491 -0.9994021406847954 -0.010848089658522686
1184 1785158360.748564 1.1692505781747136 2.2653929797735746 0.04576468936331933 -0.033017546824158805 0.0008823629206043959 -0.9994009971213657 -0.010330052769035036
1185 1785158360.772905 1.1712799839922354 2.265518033986383 0.04592193422155798 -0.032937472122853584 0.0008245506922405776 -0.9994078232318515 -0.009921991195544821
1186 1785158360.804608 1.1753539779466953 2.2652980600372774 0.045991149310502584 -0.03276026024699724 0.0007149542703653866 -0.9994161245070027 -0.009678029982575276
1187 1785158360.84061 1.1764631197341817 2.2655732700362154 0.045524467576766536 -0.03252387615323815 0.0006724562425206027 -0.999423306799821 -0.00973648334264099
1188 1785158360.865184 1.1780304338266965 2.2654957568507306 0.045438289744574034 -0.03265565530791703 0.0005847124212848831 -0.999410932707712 -0.010538210099257761
1189 1785158360.896593 1.1810990679106101 2.2652161412361362 0.04531487232837705 -0.032884998072534366 0.0008958971363935975 -0.9993975142464625 -0.011062675448653247
1190 1785158360.928573 1.1824841340562364 2.2658574740446946 0.04511768727119555 -0.033681997514729944 0.0009062632296110151 -0.9993741521454651 -0.010770596729482051
1191 1785158360.956737 1.1832955007570605 2.265622336607146 0.04537781514915213 -0.036613240785803414 0.0007949480180734492 -0.999271348958768 -0.01075220009735428
1192 1785158360.988634 1.183184297036717 2.2657238255199696 0.045013622145890025 -0.03645120981377875 0.0012168263543365088 -0.9992700224949481 -0.011368851291209903
1193 1785158361.020604 1.18207673769605 2.2658322603673247 0.04505683355781442 -0.03166709548007429 0.0003844699975995569 -0.9994376215931992 -0.011022150008332843
1194 1785158361.052596 1.182494464290036 2.2656102934020956 0.045426339505601904 -0.03152889503832207 -0.0001368447811466722 -0.9994441239949985 -0.010832961877446257
1195 1785158361.080643 1.1820174696222383 2.2655336696282515 0.045321502897194894 -0.03272887660727375 0.0007358996516726446 -0.9994156074758214 -0.009834765958747438
1196 1785158361.112654 1.181884290827411 2.265518870924503 0.045275687977767494 -0.033057754438919895 0.0008980851376665933 -0.9994100295036223 -0.009272067844361298
1197 1785158361.144623 1.1825313810218565 2.2653683148139727 0.04551185947867123 -0.03225103208771318 0.0002834495690190453 -0.9994350040511488 -0.009458502148822823
1198 1785158361.176639 1.1816983635636948 2.265564432148242 0.04527383873528542 -0.03245505122426168 0.000575392567985944 -0.999430128042124 -0.009260547236909555
1199 1785158361.204676 1.1825187005789934 2.2653872093033023 0.0456193830524666 -0.03268015460889112 0.0005174732471747157 -0.9994216679989683 -0.009384521849183425
1200 1785158361.236626 1.1823391228312818 2.2653869073926653 0.045317629196499426 -0.032918897654647616 0.000734818952189964 -0.9994125012788121 -0.009510967665736947
1201 1785158361.26864 1.1815916399077764 2.2656151428763085 0.04510908850052057 -0.032823317527519213 0.0007382879059907865 -0.99941673952797 -0.00939497252456778
1202 1785158361.296677 1.18257199117896 2.2651823402722604 0.0455385706166794 -0.03241680471102604 0.00047237707301794885 -0.9994279612826498 -0.009626932981721348
1203 1785158361.328672 1.1821140671434058 2.265375084425946 0.04529560522117437 -0.03343086420465158 0.0008900581725296286 -0.9994065894196639 -0.008249493289601395
1204 1785158361.36064 1.181201450743553 2.265215105985386 0.04542793310516825 -0.03345663824385453 0.001165849922144191 -0.9994390211488259 0.0009680684147784224
1205 1785158361.392623 1.1815886398042703 2.264414514182682 0.0457335059075577 -0.032136469996520645 0.00046486228924991213 -0.9993201361082874 0.018063686437956084
1206 1785158361.420678 1.1829043347081707 2.263286221788987 0.04599776133099427 -0.03266838442447459 0.0010486634626037938 -0.99886498317331 0.03464711177313731
1207 1785158361.452678 1.1833535781681295 2.262602616427304 0.04646936520578748 -0.03251704940440639 0.0009199732666590466 -0.9977584853793767 0.05847905608568191
1208 1785158361.484666 1.18211926827561 2.2626077408855547 0.04651919897096113 -0.032055664377149296 0.0007385211279289927 -0.9961732241139176 0.08130680492041248
1209 1785158361.508841 1.1832122617311445 2.2623184854727576 0.04624359689981114 -0.03265673818606868 0.0007348729770074724 -0.9947030088500955 0.09746241120206911
1210 1785158361.544688 1.184434276976278 2.2621806248820007 0.047293251977033976 -0.03204510661593998 0.00012135467059909422 -0.992157815553943 0.12081376349673537
1211 1785158361.569014 1.1845465020374635 2.2625085007941923 0.0469814289440412 -0.03224242983949477 0.00012000866864680937 -0.9898409607859633 0.13847484849706815
1212 1785158361.600736 1.1833807485039691 2.2615613909667807 0.046998752383703116 -0.03243525475809489 0.000563869982923848 -0.986420353651325 0.1610047272654283
1213 1785158361.6327 1.18536909214572 2.262162986195419 0.04743524174288234 -0.032352227057012156 0.000520057704932797 -0.9825471262679434 0.18317807621831098
1214 1785158361.660986 1.1876771968879596 2.2591753457743176 0.047237364335417864 -0.03205142893805979 0.0006451089871046811 -0.9793451961762176 0.19963786330250405
1215 1785158361.69286 1.1876410648180302 2.2585967829974782 0.04738327829260065 -0.03190107647467039 0.00030487328450351514 -0.9745483505859314 0.22189578802284343
1216 1785158361.724701 1.1875051975608981 2.2591753857781507 0.04736552063071364 -0.0316210421940733 0.0006283927873132478 -0.969311521190908 0.24379271871742542
1217 1785158361.76072 1.1878514414220822 2.2572148528807894 0.047486673360555905 -0.031545054739663514 0.0007849737799833223 -0.9637837650365271 0.2648115322066864
1218 1785158361.785068 1.1880135446102287 2.2560473532273453 0.047699093486135366 -0.0313105108464693 0.0007855744489312366 -0.9591961538993822 0.2810013756691434
1219 1785158361.816716 1.1863776521840217 2.252403590780351 0.04721599385660809 -0.03103703448150208 0.000413604535193568 -0.9526825506010898 0.30237805674698826
1220 1785158361.848681 1.182836841164882 2.247447264074596 0.04811852102762833 -0.03058337550316259 0.0004000141337996421 -0.9458033497367373 0.3232963358256515
1221 1785158361.877043 1.1828399494729305 2.2464356722101275 0.04778093358710268 -0.030484245154049322 0.0003829646054117064 -0.9405044549254693 0.3384108958069243
1222 1785158361.90875 1.182060450862369 2.2448764956006007 0.047759323944985846 -0.030466474924238596 0.0005489577708328586 -0.9328197175514732 0.3590527358177994
1223 1785158361.940722 1.182080445234548 2.2431030300359716 0.04876213010702292 -0.029901360058168125 0.0008311112720846836 -0.9248325383419713 0.37919651098694446
1224 1785158361.972728 1.180197330898383 2.240412999861623 0.04887990796092624 -0.029731872413201188 0.0006036889275493618 -0.9162975367958062 0.3993926331123576
1225 1785158362.000782 1.1802895000550353 2.2403216685879244 0.049284923807904626 -0.02947987338530031 0.000795028039433654 -0.909423454978313 0.41482440204369797
1226 1785158362.032765 1.1800754677308913 2.2402851790785587 0.04954769439178311 -0.029141478204226606 0.000735278850872989 -0.8997445363517509 0.435442307221355
1227 1785158362.064742 1.1794633637757554 2.2396690197933156 0.04898308522891405 -0.029142245567272518 0.00010603239881756821 -0.8894029282254503 0.4561942015681719
1228 1785158362.100771 1.1791144013485646 2.2397965462069176 0.048444840317237996 -0.028884566292806363 -0.000254556549639684 -0.8783865215627464 0.477077284900401
1229 1785158362.124795 1.1786612843367503 2.238244842242665 0.04926384385735451 -0.02862812559526018 -1.973339377081551e-05 -0.8700094136338374 0.4922032610863135
1230 1785158362.156748 1.1774943058403462 2.2367342028817636 0.04898705631458441 -0.028384728300390627 -0.00024030018308662804 -0.8582636823971267 0.512423361033881
1231 1785158362.188718 1.1768672631516677 2.23665169925828 0.047796182402044654 -0.028456337471389204 -0.0008375538664955329 -0.8460299853703096 0.5323746793523796
1232 1785158362.216802 1.1764405717862656 2.2353911132212807 0.047891298489244824 -0.028372955913392284 -0.0009403676414638795 -0.8364486986348008 0.5473094788449986
1233 1785158362.248792 1.176538039042997 2.2351166484236407 0.04786659917370204 -0.028080683585655297 -0.0010029233905134438 -0.8234392783246787 0.5667082355729157
1234 1785158362.280756 1.17660989005096 2.2342238761405326 0.047967013540703776 -0.02768737149316325 -0.0008819282128277317 -0.8101605508566523 0.5855531688054234
1235 1785158362.312737 1.1765357900650424 2.232832674670303 0.04811073542640871 -0.027628298015444086 -0.0009933928909695577 -0.7964060235002477 0.6041300655089572
1236 1785158362.340813 1.1770088210007983 2.2323859119899447 0.047957367080459536 -0.027698893308816697 -0.0010292361625312552 -0.7857199382128257 0.6179610753738636
1237 1785158362.372809 1.17711930302799 2.231476377803914 0.04800771919461115 -0.027005731073336925 -0.0010858599357417287 -0.7707537621976457 0.6365596197180352
1238 1785158362.404777 1.1773642118933414 2.230143172893712 0.04808606861816111 -0.026641732061269408 -0.0011929127542223972 -0.7556413997831369 0.6544424115273383
1239 1785158362.440816 1.177203617811567 2.228108763306536 0.048498639993064696 -0.02654750236473158 -0.0012352136328525054 -0.7417060318087029 0.6701983786492348
1240 1785158362.464837 1.1771794795298622 2.2283759518877853 0.048383575838120634 -0.026115289625259552 -0.0013825931882786024 -0.7335708993334821 0.6791095756466189
1241 1785158362.496789 1.1769109158971534 2.2270663981338563 0.048975107152116795 -0.025774370284363468 -0.000951118253199712 -0.7270424683997648 0.6861078824453849
1242 1785158362.52876 1.176799157969178 2.2261954247968916 0.04895331211778714 -0.02600981902684496 -0.0011959119237989757 -0.722703556992373 0.6906675233565231
1243 1785158362.556836 1.1765910550177634 2.225973325002321 0.048876987177934865 -0.02583776789325387 -0.0011670144608953992 -0.7192443991988843 0.6942755519594354
1244 1785158362.588845 1.1766481973587062 2.225625236548422 0.0488131459837492 -0.025493008287766683 -0.001037325717125448 -0.7143189949966742 0.6993549913103774
1245 1785158362.620794 1.1766109199017296 2.2259657670979087 0.048601267660395006 -0.024326403611015457 -0.0007156500715616021 -0.7116852980658422 0.7020767411396439
1246 1785158362.652772 1.1766206821715515 2.227704209162404 0.04868494662152028 -0.02475100963154031 -0.0007955032241159232 -0.7125018760469409 0.7012330791729876
1247 1785158362.680833 1.1766404601063207 2.2295893609676822 0.04870731015916509 -0.024782262981411618 -0.0006196727311043038 -0.7145945439291173 0.6990994873649696
1248 1785158362.712841 1.1768565161920868 2.2297901563384412 0.04845501873921018 -0.024897180491120996 -0.0007002574554858532 -0.718469917825212 0.6951119458211906
1249 1785158362.737004 1.1767793198161374 2.2305785460936667 0.048306787445941655 -0.02490577614761358 -0.0004366329371893185 -0.7206646615143445 0.6928361691703014
1250 1785158362.769016 1.1769414680111032 2.231797906042136 0.04807960680958153 -0.024488880542862357 -0.0003900409841078867 -0.7219846439355626 0.6914754634251508
1251 1785158362.804847 1.176904891142395 2.2336504761258906 0.047816194562298055 -0.024160417303761506 -0.00016657745085135733 -0.721390746420755 0.6921066662489005
1252 1785158362.836829 1.1769603554008083 2.23554183196123 0.04748387851107404 -0.023884677554079525 -0.00023753105024315602 -0.7198699406278001 0.6936978696361012
1253 1785158362.861077 1.1774695938745163 2.2371198603247286 0.04728301345671428 -0.023949496687975413 -0.00010198971545416491 -0.7186092163313239 0.6950015866242115
1254 1785158362.896861 1.1777186155770285 2.24033908875977 0.04710479167944781 -0.02387385603629577 -3.6860046492170895e-05 -0.7167155523004088 0.6969568528467276
1255 1785158362.928877 1.1771143745530568 2.242879414402008 0.04622510082907204 -0.024072161860837826 -1.8602702150927186e-06 -0.7153510041600312 0.6983505365266932
1256 1785158362.953133 1.1774246228489649 2.243810747245053 0.04612952208779913 -0.024141225331985705 -6.507870748961864e-06 -0.7147837753993813 0.698928719987185
1257 1785158362.984853 1.1772368719143353 2.246727390747825 0.04568492704251198 -0.02399699773248798 0.00027426059909030354 -0.7139868610708092 0.6997476910281332
1258 1785158363.012995 1.176930510320244 2.250269700332828 0.045310212628478445 -0.024100447769316413 0.00022326108965653457 -0.7139274849677223 0.6998047333217082
1259 1785158363.045149 1.1767343728606598 2.253518045240015 0.04587911121506441 -0.023612268958964622 0.0008825820476960899 -0.7141818332755707 0.6995612845367327
1260 1785158363.076875 1.177240039481825 2.256442452697481 0.04554639626914966 -0.02377364289233652 0.0009657421507985875 -0.7145187759819379 0.6992115559793037
1261 1785158363.10883 1.1772830219607429 2.2598934229664494 0.0457498467834571 -0.02376223317241488 0.0012999362919129398 -0.714546139629899 0.699183438576963
1262 1785158363.136946 1.1772542169132252 2.2617928261415554 0.04616170026686889 -0.023353565786296993 0.0014650804979584597 -0.7147987869730567 0.6989385943314667
1263 1785158363.168921 1.177843596888309 2.264661147844618 0.04609571990720067 -0.0236794434256532 0.0014996415883502534 -0.7147482476777136 0.6989792396600887
1264 1785158363.200867 1.1779019670708466 2.266181684344715 0.04624902841543149 -0.02859862040260719 -0.0007639781636545884 -0.7178442441663554 0.6956156815121889
1265 1785158363.232855 1.1786320205430088 2.2658826924042805 0.045869593905444164 -0.02597914472873586 0.0007833111402306692 -0.7166250469833493 0.6969741835239907
1266 1785158363.260929 1.1777340171367894 2.2657691344492616 0.04635316180924608 -0.0226549330010547 0.002342594976827761 -0.7164320379172578 0.697285021569528
1267 1785158363.292915 1.177201418360361 2.2656058194490747 0.04631415920802736 -0.023071984365286125 0.0019751059304006224 -0.7166293764007997 0.6970696660832493
1268 1785158363.324902 1.1773452379225764 2.2656334205238986 0.04628494224738555 -0.023342161229519598 0.0017072387153965751 -0.7161189897499459 0.6975857089739014
1269 1785158363.360917 1.1772829162735068 2.2656334069857405 0.046413714702965334 -0.023065646524893735 0.0020242815862836494 -0.7160432717565948 0.6976717789953666
1270 1785158363.384934 1.1773252428739647 2.265277248254124 0.046058425655752265 -0.022729508205669102 0.001954971776222836 -0.7162979184738716 0.6974215651469933
1271 1785158363.4169 1.1773749764268235 2.265109076360045 0.04609711960215079 -0.02286703109808985 0.0018437817491534503 -0.7160867220454536 0.697634220682886
1272 1785158363.448866 1.1771600189065123 2.26569191492882 0.04630622969495773 -0.02283470659132769 0.00183295524533178 -0.7160575379674448 0.6976652626940503
1273 1785158363.476941 1.1773220076775714 2.265435104267935 0.04608585900453572 -0.023014779824248932 0.0018075691525133442 -0.7161216840306343 0.6975935681071957
1274 1785158363.508952 1.1772922596978395 2.2655133874590536 0.04608283446405437 -0.023102396648831514 0.0017888896872366722 -0.7160788768875388 0.697634661709299
1275 1785158363.540909 1.1772328164824315 2.2653073271033968 0.04618508085443143 -0.023419285673565327 0.0018295936018333236 -0.7160429201783413 0.6976608962155367
1276 1785158363.572888 1.1772484439425912 2.265429443247582 0.04613556134853312 -0.023396334069385794 0.0017884128274553435 -0.7160478688635695 0.6976566939602978
1277 1785158363.600947 1.1772834651269286 2.265387457842797 0.046206934037518195 -0.02331095011110773 0.0017727025231696336 -0.7160140759301554 0.6976942741635247
1278 1785158363.632964 1.177128575110425 2.265321850130828 0.04614526983336073 -0.023393549970986194 0.001732347708433446 -0.7160167375361143 0.6976888793433011
1279 1785158363.664933 1.1772598465597486 2.2653844024226633 0.046204450539739844 -0.023400219589136517 0.0017557155925234103 -0.7160136362640445 0.6976917799930561
1280 1785158363.700962 1.17722840794373 2.2653448653268984 0.04622024247826384 -0.023357639489955284 0.0016934533090973147 -0.7160208339989451 0.697685973897141
1281 1785158363.724978 1.1771400698403025 2.2653140372580802 0.04612764017626536 -0.02332783279036077 0.0017413509945924943 -0.7159953128168306 0.6977130441222577
1282 1785158363.756947 1.1772433913953637 2.265200352047816 0.04613318301360964 -0.023383150636151262 0.0016817605477785769 -0.7160449662361983 0.6976603803252617
1283 1785158363.788908 1.1771414989891684 2.2653969073841 0.04621594879360579 -0.02335040448086434 0.0017431234782073757 -0.7160181558200204 0.6976888422980669
1284 1785158363.816994 1.1772541660566478 2.2654748663024185 0.046292577189249055 -0.02346764306220883 0.0016682709433289977 -0.7159991608640149 0.697704585224428
1285 1785158363.849001 1.177406702767689 2.2644332776968925 0.045879836555436385 -0.02483561199000317 0.0012025378034258294 -0.7158692151449091 0.6977915255201408
1286 1785158363.880952 1.1774169905424787 2.2635476362152813 0.04598434054700741 -0.024791352813911316 0.0008982082865095498 -0.718073245813326 0.6955252660361412
1287 1785158363.912921 1.1774588267903456 2.261782844860789 0.04603129800786561 -0.02353953084403093 0.0013798542635237165 -0.7217108467306772 0.6917929171371613
1288 1785158363.940986 1.1773819756088224 2.25972190090542 0.04601929812512488 -0.024664680124414917 0.0010993297836230376 -0.7239793735786326 0.6893796571273901
1289 1785158363.973003 1.1768563559379963 2.257129227726184 0.04619012706360932 -0.024955397526795542 0.0009014148409576261 -0.7261377882442144 0.6870955741884566
1290 1785158364.00497 1.1765666554070686 2.253953925585522 0.04622869365421288 -0.025213232523133122 0.0007339638643126811 -0.727679652215524 0.685453191658099
1291 1785158364.041006 1.1763613619347053 2.2506524877235146 0.046363944882491286 -0.025703502280126522 0.00034158287648256014 -0.7279200815120211 0.6851799531679299
1292 1785158364.065012 1.1761247223273323 2.24760965412446 0.04622032722567505 -0.026037718301587076 0.00020844694363264527 -0.7276227372548651 0.6854831478637942
1293 1785158364.096981 1.1759352591546917 2.243322308219252 0.04626008725925166 -0.02658102324610423 -0.00026493626895374156 -0.7267529059789974 0.6863844350384455
1294 1785158364.128951 1.1767998208548627 2.240944709827343 0.04700001319577432 -0.026543321789047614 -0.0004969808807970821 -0.7252250545166414 0.6879998730957309
1295 1785158364.157024 1.176612244148331 2.2385692592619755 0.046954692475529275 -0.02685936123392274 -0.0010560209066543536 -0.7233356376078701 0.6899731986826492
1296 1785158364.18903 1.1770004515560777 2.233277099920148 0.047452743323413434 -0.0266262871769829 -0.0011071419256514226 -0.7208854702225043 0.6925416622052456
1297 1785158364.220988 1.1769323905649958 2.2285031600558294 0.047825841058918815 -0.026346753793155098 -0.001800776395690984 -0.7182586253814424 0.6952748757391541
1298 1785158364.245168 1.1763444046796594 2.222874474926823 0.04774953657089392 -0.026536528782338586 -0.0023507402568599955 -0.7158842600822944 0.6977105508925995
1299 1785158364.281013 1.176307951902725 2.215855035149067 0.0479969922435313 -0.02521663699733412 -0.001476364868908675 -0.7129567156871244 0.7007529258746963
1300 1785158364.313035 1.1764412330892642 2.2094030819809385 0.04800931164298899 -0.025781097831666933 -0.0016564447730386123 -0.7108593883273892 0.7028595316363847
1301 1785158364.337224 1.1767021627504137 2.204120091293569 0.04778782772257147 -0.02675822400527783 -0.001863322751089691 -0.7092918401186298 0.7044044371080699
1302 1785158364.369034 1.1772276101495247 2.1987304424318617 0.047906581458746426 -0.027091743215241326 -0.002142714848685223 -0.7068319027600846 0.7068593265022364
1303 1785158364.405036 1.177829146812701 2.192899158338254 0.04809716955610732 -0.02699747149528675 -0.0022678269066709333 -0.7044144907840217 0.7092716113503135
1304 1785158364.429305 1.177981764703879 2.1877591073051343 0.04803078961823009 -0.02766400101684785 -0.002658313472088558 -0.7026285875199954 0.7110138566982225
1305 1785158364.461339 1.1771870643018627 2.1811439792857934 0.04833599090999896 -0.028217655255435847 -0.0032575180039842166 -0.7005179185673709 0.7130692801364937
1306 1785158364.497055 1.1774792596595953 2.174738340671735 0.048790176186091425 -0.02814246788143171 -0.003594872220302303 -0.6990337491711083 0.7145256439870067
1307 1785158364.529081 1.1784758218559725 2.168951085482436 0.048853738658094496 -0.02781862812953728 -0.003738939341737635 -0.6979258198215837 0.7156197973001862
1308 1785158364.553268 1.1779049929446193 2.1636998478419693 0.0489295646740915 -0.0278878685192967 -0.0038855218568627503 -0.6971187503744012 0.7164025526097626
1309 1785158364.585044 1.1783999080752066 2.1574335876122976 0.04912163083605307 -0.028081395127033115 -0.004160748499421496 -0.6957132116892293 0.7177584903717278
1310 1785158364.621047 1.1782404562193676 2.150315103448089 0.04940541741230563 -0.02806236209276558 -0.004619384026466666 -0.694284778760081 0.719138242000143
1311 1785158364.645368 1.1790009416147227 2.14636623798446 0.04957623984566617 -0.027707059021596647 -0.004779416968058725 -0.6935641294632697 0.7198460074041365
1312 1785158364.677281 1.1792643404257928 2.1399562208877505 0.04959763163217517 -0.027135486069053694 -0.004637126220871313 -0.6929593114613734 0.720450938728785
1313 1785158364.709037 1.1796241823149078 2.133454508878322 0.05009475678334979 -0.026676128459177884 -0.004450971696791983 -0.6922486562349239 0.7211521136087213
1314 1785158364.745099 1.1806307992723668 2.1275634566101846 0.05015675687273423 -0.026748800771290826 -0.004450407757732311 -0.6915053041697194 0.7218622512870663
1315 1785158364.769484 1.1809460737474664 2.1229411065826884 0.050291882295723817 -0.026377284573457005 -0.004305103912108366 -0.6909837257342825 0.7223760763682633
1316 1785158364.801069 1.1812076035374888 2.1165247343326774 0.050698416687575604 -0.025970289797818014 -0.004215125376949902 -0.6906874775718027 0.7226746052625446
1317 1785158364.833072 1.181264346080079 2.1099881026902993 0.050820530531129324 -0.026801976424826734 -0.004914481666618897 -0.6904806484642435 0.7228374478581401
1318 1785158364.861448 1.1813227118388456 2.1054701835163936 0.0508297827112429 -0.027394019102405354 -0.0050638682565111726 -0.6903716017598971 0.7229183746725296
1319 1785158364.893102 1.1816752926219114 2.0993094152297376 0.05094923101251489 -0.027980999721794908 -0.005600190064857791 -0.6902961464891139 0.7229639905749706
1320 1785158364.925086 1.1818875962151876 2.093003990555101 0.05104983371136249 -0.0285930669354425 -0.006375444807197206 -0.6900620426039813 0.7231570836159714
1321 1785158364.961091 1.1819973685411527 2.0867100410189847 0.051332177356321035 -0.02859549304547382 -0.006535590245377976 -0.689376299446342 0.7238092991937158
1322 1785158364.985379 1.1820636056151759 2.081986449137726 0.05145898071210042 -0.028354410641708516 -0.006409813677929255 -0.6888696468551571 0.7243021132976396
1323 1785158365.017104 1.18232093931586 2.075306904510368 0.05147301082571359 -0.02778686807982622 -0.006392242542002546 -0.6881308402992464 0.7250261897522404
1324 1785158365.049062 1.182536926270427 2.068977828000544 0.051700230397176056 -0.027302929580154456 -0.006355134655923522 -0.6871643738469023 0.7259609394557266
1325 1785158365.077393 1.1828857037652742 2.0637579208822663 0.05170836966244089 -0.026814246997922342 -0.006279990409289171 -0.686548233044559 0.7265625104433806
1326 1785158365.109154 1.1833183280207755 2.057484448258718 0.051816225897568714 -0.02681081381220818 -0.0063986043204683485 -0.6855599248878467 0.7274942113262809
1327 1785158365.141107 1.183580435202368 2.0513965565428625 0.051993812494188225 -0.02675320518194979 -0.006257497284312019 -0.6846471930092309 0.7283565959369148
1328 1785158365.173075 1.1839541069809933 2.0450259342403756 0.05222649521923697 -0.026895727256917246 -0.006226569601172183 -0.6833457121816303 0.7295728115337796
1329 1785158365.201158 1.1842628506321367 2.0404069904226043 0.05240323692787305 -0.027682670868240722 -0.006686076169023281 -0.682640409317376 0.7301993136713208
1330 1785158365.233178 1.1847037018707554 2.0342116336343494 0.05256964620899195 -0.028428293812516103 -0.007173112990920383 -0.6820704465845961 0.7306984907996037
1331 1785158365.265117 1.1852442540149826 2.027505181400308 0.05258633539545794 -0.028666650158243656 -0.007327823865648231 -0.681884606946801 0.7308610736488198
1332 1785158365.301139 1.1857897759522127 2.0213094191599144 0.0526478935247634 -0.0289582218873482 -0.0072627120190683625 -0.6814395653337736 0.7312652003185772
1333 1785158365.325274 1.1860841531946482 2.0165295399582144 0.05280815572366673 -0.028924957232767223 -0.007177355148241138 -0.6810096806974278 0.7316677163976459
1334 1785158365.357149 1.1866305160379917 2.0096769314798753 0.05278952279137171 -0.028826680504685065 -0.007194760842296644 -0.680323206482176 0.732309765488153
1335 1785158365.389101 1.1870999727837923 2.00336487467432 0.053009257205648544 -0.028860923232754798 -0.007412868379428339 -0.6796617652695125 0.7329201739093232
1336 1785158365.417449 1.1876246304260218 1.9985243912259048 0.053056307794756244 -0.028601691254552586 -0.007521898180424924 -0.6791564359223576 0.7333975046660463
1337 1785158365.449253 1.1879694288528084 1.9924490901960945 0.05327050786879085 -0.028311292854172998 -0.007402448198546185 -0.6786021140989494 0.7339229150244797
1338 1785158365.481178 1.1885472783464583 1.9858874525866133 0.05340404751270241 -0.02818149950913984 -0.007214080979449422 -0.6786475355756577 0.7338877860941172
1339 1785158365.513414 1.1891010235013406 1.97979449538542 0.05352703829574254 -0.028352916355218194 -0.007270228387910027 -0.6787861645251991 0.7337524097149603
1340 1785158365.549171 1.1896698086614805 1.973293531837345 0.053708666638484684 -0.028858738177489962 -0.007631451908629794 -0.6785805287486238 0.7339192054823251
1341 1785158365.581162 1.1901067624372674 1.966767424905747 0.05384368331034585 -0.02886845833364493 -0.008080007756838148 -0.6780725478261163 0.7343833777208519
1342 1785158365.605377 1.1902595734518686 1.9628105201261947 0.05407966776524631 -0.028853178164720772 -0.007935788599192195 -0.6779031114807399 0.7345419585114492
1343 1785158365.641199 1.1910533108536208 1.955653091118061 0.05410581196639404 -0.02911719611294461 -0.007918766057391391 -0.6778294273803928 0.7345997205361691
1344 1785158365.673209 1.1915977781399798 1.9496215981166587 0.05437280106625643 -0.029310914730221405 -0.00787002824675187 -0.6776159284103446 0.7347894844767853
1345 1785158365.697384 1.1919163726998907 1.9451173675801592 0.05437395114335339 -0.029070398882174553 -0.007452503753969442 -0.6777011196625877 0.7347248223006375
1346 1785158365.729152 1.192506616256409 1.9390572114637654 0.05475439817070818 -0.028979693249589378 -0.007205150173499764 -0.6777399129677486 0.7346950888365906
1347 1785158365.765186 1.1928475685262456 1.9323520747608276 0.05460046119999869 -0.029288748670344145 -0.007831733994225987 -0.6770775323138533 0.7352869156864904
1348 1785158365.789532 1.193452988617123 1.9268397578973178 0.05442075056405417 -0.029511367865890148 -0.008237100045871082 -0.6766141752548447 0.7356999980927856
1349 1785158365.821461 1.1935795823759001 1.9215651133217215 0.054869164343101476 -0.028940228977399896 -0.007662526483355081 -0.6760738842337868 0.7362254083442569
1350 1785158365.853172 1.1941876340801891 1.915099426671995 0.054985312664934484 -0.027879869525733403 -0.006756520274448619 -0.6761621506904731 0.7361941376312655
1351 1785158365.889218 1.1945987249189578 1.9085374915103817 0.05504512652771028 -0.02626146332701118 -0.005874821655550533 -0.6764733048158499 0.7359753323895862
1352 1785158365.913564 1.1948428356664786 1.9039903682016996 0.055163558908427376 -0.025395263144673774 -0.005064075082953257 -0.6767853002193228 0.7357248759967331
1353 1785158365.945217 1.1953692218921745 1.8972879428293277 0.055222743788327394 -0.0247965181474451 -0.004587876687134229 -0.6767305140036864 0.7357988145489048
1354 1785158365.977238 1.195967108097208 1.8913728056178611 0.054847051910931914 -0.02391580812308769 -0.003967705993539461 -0.6763562637430567 0.7361755877007206
1355 1785158366.013231 1.1964609548436689 1.884899358272683 0.05502361969048892 -0.023868932069846638 -0.00394202520678355 -0.675613609217614 0.7368588640703613
1356 1785158366.045223 1.197000518069918 1.8786297245090393 0.05504260069842956 -0.023796989435288518 -0.004171489521616278 -0.674987135907905 0.7374338399665635
1357 1785158366.077183 1.1976922228545608 1.8722082313130513 0.054949729394813226 -0.024180533875021504 -0.004322361607284608 -0.6744287184327703 0.737931245255807
1358 1785158366.105293 1.19820253850108 1.8675378691808462 0.055077414043954505 -0.024986694228171125 -0.00448483497665042 -0.6738944607713073 0.7383913644596132
1359 1785158366.137269 1.1988940293945585 1.861388936502883 0.05534425942266161 -0.025209257455707568 -0.004649922960149211 -0.6734933120569516 0.7387486921609773
1360 1785158366.169237 1.1995324598421582 1.8551077106446583 0.05525904386905171 -0.025020785829485526 -0.004351025484879534 -0.673447729553178 0.7387984734779671
1361 1785158366.201198 1.2000462397902842 1.8487213315711508 0.05533801124202761 -0.025142677303904404 -0.004344212747207532 -0.67363172474855 0.7386266127116545
1362 1785158366.229273 1.2003941169922632 1.8439941896989271 0.055311831725722016 -0.025525744823231 -0.004592643023670795 -0.6736811682894984 0.7385668740698929
1363 1785158366.261289 1.2009767083649252 1.8382765224608517 0.055555696958984165 -0.025484091302449996 -0.004623948628171615 -0.6737993070373266 0.7384603401846244
1364 1785158366.293245 1.2015540729330652 1.8320363524585583 0.05562874565937556 -0.025695413789195598 -0.005013608941237813 -0.6734420310487534 0.7387763127310705
1365 1785158366.329281 1.2020234855688465 1.8257728954787142 0.05566078779714642 -0.025791062021487066 -0.0055121733493027625 -0.6736050206286454 0.7386208183152257
1366 1785158366.353274 1.2024688617813124 1.8215457595656837 0.0558121603939597 -0.025957278021103924 -0.005643076793419799 -0.6741134704283098 0.7381499877322623
1367 1785158366.385271 1.203051266464199 1.8148379497211853 0.05577708864508921 -0.02575410142690593 -0.00554088794126828 -0.6750024361449006 0.7373450589913547
1368 1785158366.417223 1.2036753144780918 1.8086219905050778 0.05582027964187952 -0.0248122341509045 -0.005225615199251243 -0.6759307097369569 0.7365288328481946
1369 1785158366.445576 1.2040276597413864 1.8038614800246124 0.05595765556434848 -0.02437520586194375 -0.005040250156145509 -0.6765938091129069 0.7359356375985868
1370 1785158366.47732 1.204541011682475 1.7978420702796662 0.056153708118187984 -0.02462826291288822 -0.005503758002452841 -0.6771938532642419 0.7353717715651538
1371 1785158366.509278 1.2050079177040431 1.7918698123131291 0.056361123540662014 -0.02467673773928858 -0.005794153735181662 -0.6773496530139337 0.7352244106114428
1372 1785158366.54125 1.2055468852552096 1.7853891696118211 0.056272814973089544 -0.024898027350511276 -0.005803936026256951 -0.6774054964511778 0.7351654207988769
1373 1785158366.577296 1.2061132350600676 1.7789143099678797 0.05633241208960535 -0.024667509786515995 -0.0052954439987382695 -0.6774785316025731 0.7351097274906718
1374 1785158366.601652 1.2064624605633012 1.77437249936644 0.05643440962881647 -0.024622630957604086 -0.005518490129484244 -0.6773396340326556 0.7352375755359111
1375 1785158366.633303 1.2069502999940485 1.7680542694822634 0.05652028884695304 -0.02546660722128724 -0.005582338909031703 -0.677167361487689 0.7353670198919333
1376 1785158366.669312 1.207414221467896 1.7617979574966232 0.05666326294892867 -0.02584330138502866 -0.005774081470625636 -0.6777920783913075 0.7347766206315257
1377 1785158366.693643 1.2077526491899255 1.7571975204801817 0.05668371168177966 -0.025830530784646033 -0.00562176520191604 -0.6783320665977808 0.7342797742417954
1378 1785158366.725321 1.20825229774669 1.7510010276528454 0.056804365449665724 -0.02576696702047976 -0.005277257340382646 -0.6790365780374571 0.7336331097031467
1379 1785158366.757281 1.208621869940928 1.7447107956269639 0.056931711092371974 -0.025644341609373678 -0.005295165697288939 -0.6792846517807473 0.7334075884654925
1380 1785158366.793306 1.2091665120463526 1.738741647853255 0.05709202527465581 -0.0257342231293739 -0.0053138311057873144 -0.679610142536467 0.7331026988904555
1381 1785158366.817638 1.2095640439923938 1.734045806107808 0.05713023969939814 -0.02538679680748901 -0.005028012881547084 -0.6797172982928072 0.7330174786700828
1382 1785158366.849331 1.2100987916421513 1.7279984653510372 0.05727272465478917 -0.02503663307937576 -0.005013453460702144 -0.6804659499818625 0.732334707086676
1383 1785158366.881285 1.2103035754503368 1.7219476180049638 0.05741661939663146 -0.024832134358067748 -0.004918448343808279 -0.681679812991127 0.7312125590616552
1384 1785158366.909336 1.2106680757826518 1.7171716711221139 0.05751653034594938 -0.024712404271889032 -0.004906033877318139 -0.6828331269018793 0.7301398144958947
1385 1785158366.941664 1.2110069298080441 1.710961499165985 0.057505872897513854 -0.024160315485285855 -0.004710768891163952 -0.6843869939536096 0.728703321194056
1386 1785158366.973343 1.211350795293888 1.7049281145652257 0.0576605010937648 -0.024137866840598154 -0.0046646255739104525 -0.6857499962230685 0.7274218496393288
1387 1785158367.005318 1.21166812090083 1.6985923014495257 0.05761405172981792 -0.024351783503241076 -0.00437302871591172 -0.686511113243836 0.7266982583251251
1388 1785158367.041376 1.2120681139465797 1.692653417096612 0.05769734416291724 -0.023902901588837566 -0.004327331071995899 -0.6872125978776448 0.7260501159146565
1389 1785158367.065592 1.2122196297834928 1.6881262983535334 0.05784476398533292 -0.024902467722680233 -0.004844579108475244 -0.6878430130019783 0.7254160093483897
1390 1785158367.09735 1.2125319023757852 1.681783352177091 0.05791699299553088 -0.02634572461919682 -0.00572696304032394 -0.6894307495493613 0.7238496710398022
1391 1785158367.133369 1.2129754359747584 1.6757842175426185 0.05789511383726545 -0.026518373132627282 -0.006036865975915573 -0.6910655445818101 0.7222802400920529
1392 1785158367.165386 1.213178071494469 1.669591135975311 0.057931325401706486 -0.02618330982283923 -0.005867810699294873 -0.6924483461075628 0.7209683010072077
1393 1785158367.197347 1.2133657940570322 1.663427175206658 0.05790549874960509 -0.02535532781755434 -0.005844412345258676 -0.6942538038744374 0.7192597625347029
1394 1785158367.229318 1.2135707772310118 1.657343546271599 0.0581052110093211 -0.02483506411984615 -0.0058320575492355475 -0.6959495574899218 0.7176373876300534
1395 1785158367.25737 1.2135490654188137 1.6531846217122472 0.05834612502077677 -0.024557526644171657 -0.0055786118264049556 -0.696698405583215 0.7169219892240838
1396 1785158367.289434 1.2137260271566952 1.6471139247993094 0.05831117261510238 -0.02455426579606146 -0.006193957893060431 -0.6970888243095951 0.7165374337321825
1397 1785158367.321352 1.213872234051928 1.6413446131219012 0.05847703276783503 -0.024681673477049526 -0.006437999806777839 -0.6982708030940322 0.7153790971920242
1398 1785158367.345352 1.2137734058807834 1.63681266999718 0.05843789560688386 -0.024339357337632594 -0.007191595991234867 -0.6999067720996387 0.7137831512445177
1399 1785158367.381394 1.2138114326021558 1.6309170887778563 0.0586433388051738 -0.023926510474131413 -0.006823667287051194 -0.7026084469345963 0.7111415681546408
1400 1785158367.413376 1.213453920570934 1.6251001033698123 0.05851792522546545 -0.023689394938739783 -0.006770217034783865 -0.7054258561513647 0.708355375642659
1401 1785158367.445344 1.213376806676276 1.6191412908233132 0.058568740824032926 -0.023894564387078376 -0.006705629408767622 -0.7082329676593838 0.7055424493589074
1402 1785158367.473418 1.2134496462402877 1.6148148612645787 0.05892951107772616 -0.02381617214136489 -0.006312530550111162 -0.7104100642977451 0.7033565827139607
1403 1785158367.505403 1.213150403215459 1.609155379874368 0.059086419627318115 -0.024564172460387446 -0.006565591922931047 -0.7131184691108622 0.7005822888476543
1404 1785158367.537392 1.213114766320821 1.6029568292065255 0.059137936739045105 -0.025132641527013555 -0.006988417298247063 -0.7160382156734664 0.6975734986714294
1405 1785158367.561506 1.2129694669377442 1.5985204765197443 0.0591816089635271 -0.025619437381528276 -0.007315522898502014 -0.7182484152711215 0.6952764497043592
1406 1785158367.597409 1.2125818376654733 1.5927295506988925 0.05941897134578032 -0.025754912027607046 -0.008009484387471955 -0.7214036563963467 0.6919893765111418
1407 1785158367.629431 1.2122640165168892 1.5867844385050092 0.05956886715567759 -0.025515185006756758 -0.008041546713547398 -0.7245025037538647 0.688752808280958
1408 1785158367.653617 1.2117807983198654 1.5822516600389485 0.059571942382649776 -0.025266905487250968 -0.008050575032490737 -0.7266816861990675 0.686462306810523
1409 1785158367.685464 1.2114749001605494 1.5761170663023611 0.059721642089675266 -0.02472633467892904 -0.007718650277120265 -0.7302516636767752 0.6826869989303642
1410 1785158367.721424 1.2108795715106635 1.569643602930177 0.059715467073858365 -0.02403973669610615 -0.0076370911903757 -0.7337353517583598 0.6789670091232474
1411 1785158367.753419 1.2103534935718536 1.5635728958266402 0.06004200702571439 -0.0230974508956312 -0.00718043289202841 -0.737324498464635 0.6751055718252379
1412 1785158367.777647 1.209856932437487 1.5594111111381526 0.06013388269103778 -0.02289780709918421 -0.006534537815540031 -0.739945774792114 0.6722449260596052
1413 1785158367.813449 1.20925022633659 1.5530717260295195 0.06023361245951115 -0.022732212848509237 -0.006486013748383979 -0.7439876644507923 0.6677750618806615
1414 1785158367.84546 1.2085442743113304 1.5474568237685313 0.060308289303544683 -0.02301557751850858 -0.006544209261626355 -0.7481304067720098 0.6631201633035877
1415 1785158367.869683 1.2079326355171924 1.5432408983604797 0.060496518422522655 -0.0228682516695341 -0.0062240460235056805 -0.7510716314698908 0.6597952021027682
1416 1785158367.901433 1.2070454931344252 1.5376569154144382 0.06095417238977495 -0.022780626816460536 -0.0058527115269173535 -0.7551052264933718 0.6551815669965275
1417 1785158367.937449 1.2061285782757647 1.532096287392418 0.061093387521535786 -0.023163469128019143 -0.006095563656540737 -0.7591782971813092 0.6504418581937605
1418 1785158367.961625 1.205314751877991 1.5278878476007054 0.061159004345544006 -0.023352188662869144 -0.006104576738383827 -0.762715382717049 0.6462837259240595
1419 1785158367.993464 1.204287396004299 1.5223726770044919 0.06134285629013662 -0.024249747781919684 -0.00635118431985382 -0.7674068385013166 0.6406702399921997
1420 1785158368.025426 1.2031484003932413 1.5173235580085598 0.06186854962314399 -0.02472015194617294 -0.0065924030208160955 -0.7725654690626625 0.6344194592871167
1421 1785158368.053469 1.2021694242373482 1.513103145664148 0.061907562661172616 -0.024467306065251715 -0.006630152336016271 -0.7769299014896228 0.6290765614654831
1422 1785158368.085594 1.2007552954864327 1.508145023123081 0.0623684577114277 -0.023360572685159453 -0.0057137976031060855 -0.7830982973873433 0.6214327741516504
1423 1785158368.117476 1.1995682197871074 1.5025395030870725 0.06251333809743898 -0.023370965988853132 -0.00560289737227182 -0.7889186612208525 0.6140274842930742
1424 1785158368.149477 1.1980175556220394 1.4972264415691698 0.06285682449756606 -0.023070598080581317 -0.005355359091748557 -0.7941473492121193 0.6072635798173369
1425 1785158368.177663 1.1968593598293655 1.493135361594961 0.06288130092672567 -0.02304997179287893 -0.005570428437155495 -0.7979485266522479 0.602258929316022
1426 1785158368.209482 1.1951516645975886 1.4884740454750416 0.06322370609506647 -0.0232494528693441 -0.006037995411179109 -0.8031120421855247 0.595343642990573
1427 1785158368.241459 1.1935390775307897 1.4828164730985343 0.0633572011430162 -0.02376333452756474 -0.006331622614223598 -0.8092855935755652 0.5869003684768372
1428 1785158368.269577 1.1920789840427815 1.4782786407450823 0.06358671543127821 -0.02403033718903158 -0.006521657396081015 -0.8142450625968711 0.5799870592659867
1429 1785158368.301521 1.1903100345600182 1.473490197239044 0.06397396946117097 -0.02407255406124631 -0.0058226320215810645 -0.8208804814189001 0.5705627435460401
1430 1785158368.333477 1.188067210788514 1.4681449067531125 0.06429010529491758 -0.02358968878541623 -0.00540477649667892 -0.8278932934335055 0.5603632836489664
1431 1785158368.365455 1.185857036943767 1.4620819202928155 0.06433183373002924 -0.02385802467206044 -0.00503129109054834 -0.8352828875660564 0.5492795085455313
1432 1785158368.393527 1.184157049192683 1.458958704935427 0.06463823169148114 -0.023922634243145002 -0.004920503255065323 -0.8404910798038352 0.5412746446941412
1433 1785158368.425533 1.1817622984673457 1.4539203088533124 0.06494455971298801 -0.025701788183775998 -0.005244430168895864 -0.84745914814864 0.5302121332594547
1434 1785158368.457492 1.1793790883030577 1.448873860258868 0.06520792630877309 -0.026628864808108332 -0.005511882102496091 -0.8547650384153579 0.5183022784220725
1435 1785158368.489518 1.1770521564268082 1.4435893989521826 0.06543302040073509 -0.026365320729268116 -0.005768152047730846 -0.8622263999705364 0.5058035522598133
1436 1785158368.517531 1.1747681173616786 1.4396283619143244 0.06550387759367643 -0.026199461539998553 -0.006064057863472305 -0.8675897111920627 0.4965530268268594
1437 1785158368.549539 1.1722505399787335 1.4346923501229736 0.0658632620782911 -0.02593612780599261 -0.005819670592422277 -0.8747725676620386 0.4838040962771928
1438 1785158368.581506 1.1692977622141103 1.4300153152322996 0.06612572244301307 -0.02451711041354565 -0.005645697634986235 -0.8820303909086619 0.4705203788452716
1439 1785158368.617547 1.1670725025285833 1.4255436638339956 0.06644978807079553 -0.02353327258158347 -0.00546400628769711 -0.8894780186736015 0.45633889162920727
1440 1785158368.641557 1.164240355542376 1.4219626026108994 0.06651506984991526 -0.023574195556156613 -0.00563194434283093 -0.8945940223097331 0.4462220005271952
1441 1785158368.673516 1.1615066032328243 1.4176601418904966 0.06682209669752837 -0.023423243831972 -0.005854852144922762 -0.9010690646808975 0.43300301734496205
1442 1785158368.69754 1.1584521541253374 1.4145004836711244 0.06677769715646543 -0.024531947478860228 -0.006367545407152897 -0.9052699821099501 0.4240800601408101
1443 1785158368.733562 1.1551875096914153 1.4100136213895107 0.06684481646683409 -0.02567340526087314 -0.006577417528594531 -0.9113670193445913 0.41074051406200607
1444 1785158368.76557 1.1517768858904585 1.4062824561613414 0.06717416569323541 -0.024197147414180997 -0.006146329763855984 -0.9177336285154462 0.39641103387686316
1445 1785158368.789545 1.1493090795920458 1.403650374215043 0.06735355584368433 -0.023787794647921467 -0.006523760893563546 -0.9223550248544526 0.3855551704948773
1446 1785158368.829538 1.1457646800540526 1.3991257183709638 0.06790592038665791 -0.02505096399332024 -0.005938880854100215 -0.929528159160769 0.36785130178429204
1447 1785158368.857573 1.1433458252164532 1.3965130551784781 0.06832290355679203 -0.02532437650063535 -0.006026188956007372 -0.9331970291551742 0.35842107328877537
1448 1785158368.889583 1.1397739571006034 1.3930539019931043 0.06871489830538516 -0.024536910513703908 -0.005593024377542499 -0.9378848753621994 0.34603268439207624
1449 1785158368.921551 1.1364326005450152 1.3898853811156173 0.06948286566164383 -0.023861591455853398 -0.005458230495948235 -0.9425285524693365 0.3332277898871947
1450 1785158368.945791 1.1336901043677468 1.3873804155075566 0.06977272401387592 -0.024069858334018646 -0.005154663911156265 -0.9459539282530669 0.3233654851438773
1451 1785158368.981593 1.1300019252940583 1.3844466491099823 0.07042303384914621 -0.02391636863081148 -0.004730691055290004 -0.9505262935191829 0.309685959000951
1452 1785158369.013557 1.1259562559545224 1.381235221642374 0.07091588225476235 -0.02422478936565675 -0.00467619227705629 -0.9547964000369262 0.2962349190802862
1453 1785158369.037836 1.1231674672533591 1.3787720050973697 0.07116288512677232 -0.0243001435021446 -0.004202645847143249 -0.9577755409027712 0.28645742099317784
1454 1785158369.073599 1.1192160075618562 1.376029502902563 0.0715263916548511 -0.023869553706708846 -0.0038470980753658734 -0.9612445068295483 0.27463510761055254
1455 1785158369.105601 1.1151472163107312 1.3732696286853017 0.07172536926121037 -0.023694810769546826 -0.00402383114041982 -0.9644144219966104 0.263300564698393
1456 1785158369.129797 1.1122778598979077 1.3711161095590692 0.07206705415257199 -0.02324400400061144 -0.0035072856508753247 -0.9669255796799507 0.2539731060289143
1457 1785158369.161674 1.108232255748001 1.3684949505969328 0.07234727020543935 -0.023114539268350748 -0.0033546197105484565 -0.9699786776545658 0.24206575448937287
1458 1785158369.197606 1.1042562159179887 1.3658682708554273 0.07277592632346679 -0.022790305455424237 -0.0030708855521554557 -0.972701860768425 0.23091613563546745
1459 1785158369.229617 1.0999669645890693 1.3632202602189625 0.07271528991560058 -0.022719699537846777 -0.0030005704740047046 -0.9752272401255463 0.22001509481590306
1460 1785158369.253599 1.0972126611899287 1.361568041758419 0.07307846740576683 -0.02210438160311326 -0.002859675628287317 -0.9770108131080615 0.21202143674442323
1461 1785158369.285637 1.0932264105266425 1.3593734018194148 0.0735088822771946 -0.0220166962250799 -0.002772987717692743 -0.9790219758286565 0.20254270283326448
1462 1785158369.321625 1.0891716057859318 1.357528950080177 0.07380641647125967 -0.022158709481714167 -0.0027588170121821687 -0.980714958465059 0.1941637215487903
1463 1785158369.345648 1.0858364720270834 1.355881190782254 0.07399297817587232 -0.02226817057875949 -0.0023330612224851666 -0.9819952012426494 0.18757427899585752
1464 1785158369.377658 1.081530515261122 1.3540468423691923 0.07434226632053845 -0.022439605813520308 -0.0024438235771129246 -0.9836346651593058 0.17875496444630154
1465 1785158369.413659 1.077111558803807 1.352140873491336 0.07471872779932155 -0.022619385860782187 -0.0024024363904301405 -0.9852571441947889 0.16956105536295737
1466 1785158369.437923 1.0738808339453252 1.3509389175863036 0.07521935070018879 -0.022633598968686552 -0.002207342819147584 -0.9863672259755005 0.16298019314260093
1467 1785158369.469622 1.0693026408084665 1.3490871825780535 0.07563431554326362 -0.02309264646366732 -0.001315337527090954 -0.9876610731946107 0.15488900562197266
1468 1785158369.501602 1.0644946167519038 1.347175474338647 0.07588267488754051 -0.02311304879640025 -0.0009194135552836324 -0.9887682983047175 0.1476556599715802
1469 1785158369.529829 1.0609525696145619 1.3464243240849967 0.07612155903152336 -0.02292280515578038 -0.0010497876522711502 -0.9895059759382632 0.1426582157891395
1470 1785158369.561767 1.0560677217881533 1.3451306823635614 0.07659646066453683 -0.023367803987409064 -0.0006758801489541999 -0.9904596512461241 0.1358056264527971
1471 1785158369.593849 1.051644717705889 1.3439391965917782 0.07720395191849601 -0.023284568995670524 -0.0007444453484743985 -0.9913282658510916 0.12932727466577423
1472 1785158369.625827 1.0474188331055534 1.3428970529248587 0.07764963380300968 -0.02276423624869875 -0.001090616688121826 -0.9921075401202953 0.12330137444371717
1473 1785158369.66166 1.0430886277914078 1.3417763432291898 0.07830828300890276 -0.022013257948688247 -0.0005672081279554098 -0.9928789285938275 0.1170748816091528
1474 1785158369.693672 1.0379537455471732 1.340928850492743 0.0787135623519759 -0.02164376278903221 -0.0013288376549021041 -0.9935211375864479 0.11155953967164536
1475 1785158369.717885 1.0351526549244505 1.3402389513321733 0.07937108131043197 -0.02119123545453147 -0.0016052070854167266 -0.9939882840978012 0.10740412434554344
1476 1785158369.749683 1.0296079115113563 1.339131239458346 0.07973218727052674 -0.020522996698083912 -0.002045029480806204 -0.9945538769392225 0.10216266600923754
1477 1785158369.785675 1.0243426745316633 1.3380627400269067 0.07998363793795948 -0.019866152535950976 -0.0020651178640320733 -0.99508529531167 0.09698621719663392
1478 1785158369.809948 1.0197803498488376 1.3377424790767132 0.08015333877112689 -0.019695493480949205 -0.00240356226746824 -0.9954007733975676 0.09372091946034464
1479 1785158369.841671 1.0145209269160398 1.336864580341803 0.08062155331011378 -0.01936473652673923 -0.0028206535377365838 -0.9958250380885565 0.08916021763541807
1480 1785158369.869877 1.0105336643428762 1.336320640302205 0.08112245979437974 -0.018468663331840024 -0.0028335235522704005 -0.9961093825549433 0.08612187646018724
1481 1785158369.901936 1.0062361038287122 1.335051288164972 0.08134709477668176 -0.019469770640596684 -0.002350144702823409 -0.9964817082549762 0.08148380185241216
1482 1785158369.933678 1.001790076237943 1.3337273969474852 0.08085197546094067 -0.02141170426624736 -0.0015410646818768137 -0.9968408905193031 0.07646831388715195
1483 1785158369.965649 0.9968581435858616 1.3329877092689377 0.08043601961261566 -0.021837557617466613 -0.001296026126323957 -0.9971981300926198 0.07153552078070216
1484 1785158369.993797 0.9928172647746473 1.3327636285477638 0.0804497875719934 -0.021743250425052568 -0.0013523620209530685 -0.9974021161377655 0.06866164068696082
1485 1785158370.025719 0.9877351895469699 1.3319109449289948 0.07995601742648985 -0.02270874937388001 -0.0008155242238248039 -0.997676357689341 0.06423031161254644
1486 1785158370.057682 0.9834989081465386 1.3312220217478632 0.08007399919565768 -0.022628278763910797 -0.00043974911682959084 -0.9979135819116269 0.06046693854664212
1487 1785158370.089661 0.9783115545602548 1.3305937304802802 0.0799198734633043 -0.022897225413887834 -6.665247152981557e-06 -0.9981242625677896 0.05677740305285528
1488 1785158370.117777 0.9742033246520978 1.3300587434680904 0.07981590355594523 -0.022101893373778075 -0.0001065928344274325 -0.998244258571829 0.05495357291060746
1489 1785158370.14973 0.9697315073288405 1.329534323145198 0.0798994506764447 -0.020944909433182113 -0.0006384941403945188 -0.9983849355563581 0.05280552573543096
1490 1785158370.181699 0.9648449809685472 1.3290830218319885 0.08006849239595104 -0.021319089680808007 -0.0010333581089230215 -0.9985018983760126 0.050382412861034204
1491 1785158370.217732 0.9599809389989429 1.3285424356210918 0.07979117868100763 -0.02219139525488728 -0.0012712194760320927 -0.9986372764159335 0.04721775227869113
1492 1785158370.241763 0.9564471395939029 1.3283239521654964 0.08006208009629069 -0.021505611955356052 -0.0016716325424916967 -0.9987573647527352 0.04492705923205409
1493 1785158370.27371 0.9515409745070386 1.3279179648984392 0.0801433805601691 -0.019967037140156796 -0.0017703316459327656 -0.99889420350235 0.04252709210741945
1494 1785158370.305686 0.9466685143899903 1.3276429258011793 0.08035771702065148 -0.0211757268289261 -0.0017559086201452967 -0.9989920571026998 0.03953954000618376
1495 1785158370.333758 0.943341075636533 1.3272228073160213 0.08031620475087436 -0.021485153043176664 -0.0017758048043177155 -0.9990655073775203 0.037461269125677654
1496 1785158370.365757 0.9389010424160875 1.3269301446054547 0.08042093456450622 -0.020632898516606685 -0.0016346942707375356 -0.9991951362906824 0.0343611828447338
1497 1785158370.397721 0.9342540748902269 1.3266058556468623 0.08033202409058934 -0.021444713720057046 -0.0015051809579283981 -0.99925171763486 0.03215374764364312
1498 1785158370.429737 0.9301855704411405 1.326365635119297 0.08041521016833252 -0.021846979882668094 -0.001175509132179564 -0.9992988783507125 0.03038222136866503
1499 1785158370.457836 0.9274430708120035 1.326214568403438 0.08044332963904974 -0.021315802225049724 -0.0016019156955142666 -0.9993395779942171 0.029385001207198863
1500 1785158370.489769 0.9238554778726624 1.3259472838402295 0.0804109125022554 -0.022171736141291448 -0.0012423852631491261 -0.9993543707830834 0.02824379917940159
1501 1785158370.521731 0.9207523759274792 1.3257637002632832 0.08055533342315246 -0.021983505249506846 -0.0010834238480067482 -0.9994139663281506 0.02621594167572186
1502 1785158370.557773 0.9180511528305866 1.325721093679705 0.08062871184548624 -0.022616822932586544 -0.001245930498000647 -0.9994372258057644 0.02474184009543262
1503 1785158370.581786 0.916057622097643 1.3255269553216507 0.08051781175052092 -0.023359311580812947 -0.0008437930585728504 -0.9994386879975804 0.02399873974649347
1504 1785158370.613752 0.9138989691027143 1.3254465372537045 0.08067447945097447 -0.023711826587204776 -0.0009710475051877276 -0.9994687741670524 0.022337766487516952
1505 1785158370.645726 0.9118465442966152 1.3253817789693578 0.08076308871212487 -0.022925449766846323 -0.0013261012092135038 -0.999490304881622 0.022176466269736933
1506 1785158370.673795 0.9108285963377509 1.3252980833611718 0.08086701344588137 -0.020768106839319567 -0.0022599768311372115 -0.9995783181768637 0.020168392939100388
1507 1785158370.705792 0.9104786889611468 1.3251879022446087 0.0808153430389435 -0.022042971489303453 -0.00171472832499997 -0.9996773769524271 0.012502364744658545
1508 1785158370.737758 0.9104310651222539 1.325137559841767 0.08079789123575104 -0.025470590012087235 6.526244188231889e-06 -0.9996553331698013 0.006361121522029667
1509 1785158370.761763 0.9103076360993577 1.3251929679739531 0.08085208243540384 -0.025759869342924402 -0.0004351270124722806 -0.9996625661797693 0.003315656013056334
1510 1785158370.797791 0.9099658073068914 1.3253950373195023 0.08077521531568985 -0.023807405142652283 -0.0011738858785032003 -0.9997132423458882 0.0022940206165141808
1511 1785158370.829793 0.9095700054536635 1.3253915968410326 0.08078337622025664 -0.022704069186859133 -0.0017913619076450615 -0.9997402193458018 -0.0009000484887020654
1512 1785158370.854005 0.9093841774907018 1.3253207313231143 0.0806585384956513 -0.023248846825974445 -0.0014557360577727718 -0.9997223256750605 -0.0035557700489590727
1513 1785158370.885772 0.9094487597200505 1.325364084904328 0.08071540480560804 -0.023449017538957284 -0.0013589408772632927 -0.9997183940581594 -0.00338074517296183
1514 1785158370.913817 0.9095059989209203 1.3252938005602375 0.08069799698301444 -0.02371391376848797 -0.0011312555825887527 -0.9997128914029784 -0.0032411907201631562
1515 1785158370.94612 0.9093794442353497 1.3253419552661818 0.08071300110229493 -0.023696139727626797 -0.0011457165009021164 -0.9997129807879623 -0.0033371154843182538
1516 1785158370.977802 0.9093798127902528 1.3253156296370785 0.08073985092411637 -0.023452082664570606 -0.0010742441312655004 -0.9997183438879875 -0.0034754441587372953
1517 1785158371.013828 0.9094565330522406 1.325323626709063 0.0807198607681055 -0.023630346627399712 -0.0010478805252858159 -0.9997138431063841 -0.0035693929648774048
1518 1785158371.037842 0.9094092064176732 1.3253400649751836 0.08072950473935406 -0.02346350398495478 -0.0010741866604616623 -0.9997182776934711 -0.0034169210360087687
1519 1785158371.069815 0.9093926069059628 1.3253225227089906 0.08072422838483104 -0.023511946171308196 -0.001047668894981757 -0.9997169248974288 -0.0034872411377414037
1520 1785158371.10178 0.9094309289424162 1.3253409274880432 0.08072864351357484 -0.023385105041121346 -0.0010728204795578122 -0.9997198502642779 -0.0034938382910731924
1521 1785158371.129848 0.9094312564480758 1.3253321112047887 0.08069646616011683 -0.023521194485389918 -0.0010290941683608335 -0.9997167591240192 -0.003477916292971839
1522 1785158371.161846 0.9094162042919844 1.325318531230971 0.08072069879478078 -0.02341198599988875 -0.0010714532551832079 -0.9997191845730986 -0.0035046962724047948
1523 1785158371.193811 0.9094376620059271 1.325303976538441 0.08070243751684975 -0.02361078180571352 -0.0011139631894442337 -0.9997141290640771 -0.0035986411587499156
1524 1785158371.225798 0.9094688253795765 1.3253241049056155 0.08072313176931148 -0.023432301366738018 -0.0011572583716909501 -0.9997182885481537 -0.0035960461718433923
1525 1785158371.253888 0.9094335758308313 1.3253463694265257 0.08068204941624543 -0.023524486609356354 -0.0011836459790773857 -0.9997163751214663 -0.0035166498202530705
1526 1785158371.285862 0.9094728393503937 1.32533113182063 0.08067429401804774 -0.023672007023887387 -0.001167926424788801 -0.9997127309409519 -0.0035675798395064517
1527 1785158371.317828 0.9094324178698471 1.3253280443460655 0.08068260666274153 -0.023672846396073643 -0.0011581647158293018 -0.9997127071983597 -0.003571843239208561
1528 1785158371.349881 0.909429630488922 1.3253339017049028 0.08070176511433227 -0.02352228016545793 -0.0011951538390552185 -0.9997162563201943 -0.0035610100048145132
1529 1785158371.377883 0.9094370098086271 1.3253418987918588 0.0806738522134794 -0.02360838547687416 -0.0011351117110201536 -0.9997144667901305 -0.0035129114853704735
1530 1785158371.409848 0.9094635456993295 1.3253524368597223 0.0807100018313554 -0.0236347356477693 -0.001173270083934419 -0.9997137954846165 -0.0035142319093479646
1531 1785158371.441846 0.9094515849074344 1.3253351180559387 0.08068580510823427 -0.023594058649813898 -0.0011531616758052032 -0.9997146579987315 -0.003548689484605738
1532 1785158371.470086 0.9094728228895479 1.3253425139463828 0.08069993631664274 -0.02363656940020753 -0.0011888304211055134 -0.9997136157967513 -0.0035476273486336196
1533 1785158371.501902 0.9094272706576133 1.3253271056055735 0.08068229928074724 -0.023600752748930087 -0.0011573501272583164 -0.9997142619309256 -0.0036137933354766782
1534 1785158371.533852 0.909464486012637 1.3253649623246873 0.080684689679369 -0.023540306750770124 -0.0011985490698019907 -0.9997159881663097 -0.0035157421500830455
1535 1785158371.565836 0.9096117611678146 1.3253580184973537 0.08069044502428749 -0.022344910923256245 -0.0015328245009202934 -0.9997372988141684 -0.004867110501263483
1536 1785158371.59391 0.9100521209197949 1.3254101358547203 0.08074118431031965 -0.022379756949056417 -0.0017166015679455082 -0.99971924550704 -0.007591437333769158
1537 1785158371.625901 0.9108217242675261 1.325390548532235 0.08072413888074288 -0.023571855603182146 -0.000870284357064488 -0.9996653544664547 -0.010620231071800657
1538 1785158371.657878 0.9118369059039938 1.3252922792939568 0.08077333513527092 -0.023256972042679347 -0.0009655793036680294 -0.9996514180110143 -0.012458867387638684
1539 1785158371.709997 0.9136824369419275 1.3253227312808726 0.08071444543673878 -0.021977646925792405 -0.001628941313103871 -0.999683977212684 -0.012094432191459614
1540 1785158371.757921 0.9159096306063879 1.325277485059106 0.08070404548089992 -0.021837184438558477 -0.0015495326208133653 -0.9997016784850074 -0.010830067345707406
1541 1785158371.805945 0.9186582386248701 1.3251890222781573 0.08067436050458529 -0.02158773759427096 -0.0014653515056258781 -0.9997302738304327 -0.00843812286318324
1542 1785158371.834293 0.9201537463678032 1.325121976613 0.08066183541668068 -0.02208614799542974 -0.001383492928247687 -0.9997310561012258 -0.006935667290838443
1543 1785158371.865922 0.9222014023714316 1.3250674157770446 0.08063858919812676 -0.02205136332648594 -0.0010004638848836178 -0.9997450897741132 -0.004742564707902797
1544 1785158371.905973 0.9247388435866052 1.3250713673625538 0.08064294257959148 -0.022165156644259887 -0.0012627495652354215 -0.9997504791036521 -0.0024679599853003054
1545 1785158371.941926 0.9267835226940373 1.3250911593570638 0.0805992980986621 -0.021568386727928712 -0.0012316757694920133 -0.999766185348352 -0.0009286025834170375
1546 1785158371.973932 0.9288118242027933 1.3250588953615012 0.08057217268072285 -0.021975003656819425 -0.001102706455099911 -0.9997572442468503 -0.0011557805589660908
1547 1785158371.997945 0.9302538969113854 1.3250558378874067 0.08053894273499725 -0.022871978687231065 -0.0010238501679659118 -0.9997370735295178 -0.0012681216031523723
1548 1785158372.029938 0.9322055997822702 1.3250715171995597 0.08055703966877983 -0.02208981415808542 -0.0008672463093723493 -0.9997553659373075 -0.0007044670755510518
1549 1785158372.065953 0.9341474950618863 1.3250632969989793 0.08051961724260151 -0.021931391926644894 -0.0009209098145525063 -0.9997590257962806 0.00023730180181347205
1550 1785158372.090273 0.9355042472716942 1.3250526098099709 0.08046437157345149 -0.022641485835772968 -0.0007114865057410436 -0.9997431935008662 0.0006355743783960088
1551 1785158372.121931 0.9371623783405315 1.3250032529160445 0.08045161047551865 -0.024088955462695294 -0.0004383298051302553 -0.9997087515884164 0.0013935886151499877
1552 1785158372.157959 0.9385385627438086 1.3249999381947744 0.08044511536274095 -0.02447374730391344 -0.0004601749994861404 -0.9996986432476067 0.0018565076807683933
1553 1785158372.182317 0.9395229584597216 1.3249760578409036 0.08042988212245505 -0.02349907256066902 -0.0005357717426399677 -0.9997212911189552 0.002201504230649576
1554 1785158372.213954 0.9406650651895262 1.324993760560636 0.08041128943749053 -0.022368889371503664 -0.0006817026372449853 -0.999747415045003 0.0020674091598200106
1555 1785158372.245918 0.9416613165619117 1.3249893380327102 0.08037023359268113 -0.02171929675308354 -0.0007313364148105461 -0.9997614109622486 0.0022041883707652477
1556 1785158372.274056 0.9423961825032612 1.325062579912018 0.08039155151905154 -0.02184085298759575 -0.0008821297460566146 -0.9997585939646467 0.002225484602956629
1557 1785158372.305995 0.9433931543958187 1.325072884072072 0.08038749503026887 -0.021778508482172054 -0.0008933142531518667 -0.9997598096364303 0.002285080669403139
1558 1785158372.337952 0.9443560072443388 1.325079002002709 0.08036917095377547 -0.021437552057482823 -0.0009977406836191305 -0.9997677926409988 0.0019485053388811346
1559 1785158372.369962 0.9453024310441013 1.3251282383635063 0.0803333421400788 -0.021636343475002484 -0.0010262493962678865 -0.9997646203693298 0.0012326033339080111
1560 1785158372.398021 0.9459962338965873 1.325133619473079 0.08033960472582123 -0.021233403799697737 -0.0010850836818778742 -0.9997735301876747 0.0009238466091440745
1561 1785158372.430054 0.9468565536042398 1.325167009787083 0.08036233270472888 -0.02377070467793657 -0.0010050437770627862 -0.9997168302665294 0.0004502976392615765
1562 1785158372.461976 0.9469312372379961 1.3251251917945273 0.08038491679042525 -0.0276552814780624 0.00013389221995740996 -0.9996173669944448 -0.0005358006494856071
1563 1785158372.493996 0.9469664484958027 1.3251264893100505 0.08034489828375302 -0.024924331286401924 -0.00041041975968914013 -0.999688679446194 -0.0010739891393821144
1564 1785158372.522141 0.9465172712428308 1.3252001469614463 0.08037681075801018 -0.02474439688215646 -0.0007043306666435489 -0.9996921476213659 -0.0016818815152986888
1565 1785158372.561994 0.9457391674420877 1.3252261741672666 0.08033924188725731 -0.021218491343262424 -0.0007167772858952537 -0.9997711035664892 -0.0026461913919238467
1566 1785158372.593965 0.9455127178288706 1.3253342334331033 0.08042005422856828 -0.020139243323371747 -0.0015277580234503985 -0.9997934052100445 -0.0022855485748135562
1567 1785158372.630032 0.9454468589308899 1.325244748178084 0.08032219712712467 -0.021898078675523458 -0.0008898213361275831 -0.9997581251821323 -0.0018367091817562686
1568 1785158372.670118 0.9453912474201186 1.3251390460670485 0.08037006222477176 -0.02244469838963581 -0.0005679185931770636 -0.9997460090333561 -0.00195714193316765
1569 1785158372.718144 0.9454808456505845 1.3252719543706022 0.08034180829299847 -0.02156136019935273 -0.0008190046169587184 -0.9997650861988716 -0.002051681153164786
1570 1785158372.75413 0.945418752162726 1.3252491930689614 0.08031411205638017 -0.021753881788269314 -0.0008390553808504397 -0.9997601621561232 -0.0023838579597856846
1571 1785158372.794013 0.9454415772808764 1.3251996465372702 0.08036177802163282 -0.021728135343893562 -0.0006907207652752101 -0.9997603080420191 -0.0025956700539578326
1572 1785158372.826014 0.945451884281201 1.325257367191281 0.0803161648942653 -0.021834126888075955 -0.0008673373297796161 -0.9997596490628231 -0.0017784079319964063
1573 1785158372.870069 0.9453143795716358 1.3250345237072314 0.08035602403327374 -0.02223764363141162 -0.0009088644145167635 -0.9997108540763122 0.00910326387669752
1574 1785158372.902039 0.9450990428381296 1.3248510921787835 0.08035142000070987 -0.022183944543243656 -0.0007634553896539442 -0.9993960948735109 0.026734533696078838
1575 1785158372.934014 0.9451903994132262 1.3245308689542759 0.08041838035191182 -0.021807652108090714 -0.0011683444384674724 -0.9985222560829606 0.04976309262696621
1576 1785158372.970055 0.9453123478810477 1.3244689548094897 0.08048716792331914 -0.022280288546245086 -0.001356934496628548 -0.9970611164997943 0.07328627044168379
1577 1785158373.002074 0.9452520274671683 1.3242299264914001 0.08047734363683413 -0.02307350269731906 -0.0012693871114914934 -0.9951048331887247 0.09608523868981467
1578 1785158373.034079 0.9449727958577175 1.3239801787445296 0.08039544371162838 -0.022916977785781084 -0.001551700206189055 -0.9926212512022923 0.11906072407486998
1579 1785158373.058314 0.9445849468305298 1.3237282368056524 0.08030918537360808 -0.023120587588961294 -0.0018071692779773052 -0.99044653386052 0.13593320467208891
1580 1785158373.094074 0.9447455839845429 1.3238422043167282 0.08052800575724924 -0.022946853564798197 -0.0025899193134375498 -0.9870511159170926 0.1587350899966602
1581 1785158373.126057 0.9447259732211645 1.323781530231594 0.08052701194159405 -0.02287813650768622 -0.002557989656138848 -0.9830859064061324 0.18169245494650565
1582 1785158373.150336 0.9446241174562429 1.3236853036069611 0.08055681075999406 -0.022660895949721094 -0.0030693023412162734 -0.9797753822552471 0.19878949545808194
1583 1785158373.186091 0.9440618085823465 1.3234401372318523 0.08037867845031849 -0.022773523187378047 -0.0035482249646805464 -0.9749541658317251 0.22120838878442026
1584 1785158373.218095 0.9438086858600492 1.323198882148855 0.08033194125342591 -0.022233701114277166 -0.0038037685625439965 -0.9696196250997176 0.2435754020851997
1585 1785158373.242278 0.9438623319942385 1.3231344339104005 0.08043233908732003 -0.02228727885448631 -0.0036945818868646674 -0.9652173492154538 0.26047091207932693
1586 1785158373.274058 0.9438998801517936 1.323274822812826 0.08033531646959878 -0.02213482354557514 -0.0038495510715810255 -0.9586492019430584 0.28370219977485367
1587 1785158373.310093 0.9435493216201767 1.3230433815203169 0.08020312227328415 -0.0221657111755309 -0.004112893096083647 -0.9516403032445612 0.3063861919197125
1588 1785158373.34211 0.9431886106897709 1.3229081140275372 0.07994362504140909 -0.02212132180265225 -0.0038391862040833002 -0.9440241503044301 0.3291113966622742
1589 1785158373.366341 0.9434401670582115 1.322685320491047 0.08010737300663581 -0.022155447992089905 -0.0037820693469708955 -0.9381048098663811 0.3456214660308088
1590 1785158373.398072 0.9427595627748444 1.3229138172255936 0.0798714342102369 -0.022295171052837487 -0.004287629890621147 -0.9295042825743294 0.36811184476138104
1591 1785158373.434117 0.9421286002587348 1.32046770272113 0.07963437531962518 -0.022914145316060064 -0.004148853334473124 -0.9208243631300349 0.38928167337624475
1592 1785158373.458434 0.9421307174563096 1.3205571166716497 0.07949752308068135 -0.022751737622893814 -0.0045462386173366065 -0.9136710764749351 0.40579163885263414
1593 1785158373.490163 0.9423967771694854 1.3206467111339673 0.07961535192673586 -0.02233742311765352 -0.0047420541071242495 -0.9036194375354366 0.4277270912152388
1594 1785158373.522119 0.9419568393351601 1.3200418004063754 0.07944490780592933 -0.022407751119210118 -0.004643729234399707 -0.8932206710732102 0.44903581286585725
1595 1785158373.550392 0.9420174242769008 1.3200820279805934 0.07938726447588167 -0.02271069826765104 -0.004946171823764889 -0.8852080915729157 0.4646142423369328
1596 1785158373.582148 0.9417841487288497 1.319706465997265 0.07928831019041335 -0.022376428625976663 -0.004847976073620419 -0.8740419725198648 0.48531064571418614
1597 1785158373.614101 0.9418718445436628 1.3190078601382602 0.07918451855607052 -0.022176903003090276 -0.004795398598190004 -0.8624951770737824 0.5055563852330822
1598 1785158373.642537 0.9411323023402023 1.3188570637891135 0.07906620878519845 -0.022336432903145242 -0.004962329680632038 -0.8531510224263433 0.5211619632918246
1599 1785158373.674162 0.9410765579952731 1.3188704355570326 0.07897338301280601 -0.02234388726711467 -0.004823514847457355 -0.8404616224842509 0.5413887194405249
1600 1785158373.706131 0.9410396526118501 1.3186281341379367 0.07888124837069158 -0.02216685859974854 -0.005081500022443786 -0.8276395797332949 0.5607990146177468
1601 1785158373.738095 0.9409166716907547 1.318779520074544 0.07893237756896257 -0.022052180976142033 -0.004864036298443564 -0.8138911534918418 0.5805783605447263
1602 1785158373.766183 0.94073535872421 1.3179491875752447 0.07924170776798373 -0.021481306794258193 -0.004490365076620706 -0.8032884224641051 0.5951857696677728
1603 1785158373.798179 0.9405414265288048 1.31803483643192 0.07891333764354025 -0.02119594433296479 -0.005029515653598882 -0.7884627617345901 0.6146965993675151
1604 1785158373.830133 0.940274256167649 1.3176176077789514 0.07906077500126438 -0.021026273745855528 -0.00457593319770222 -0.7735781830432553 0.6333354177426291
1605 1785158373.862146 0.9402632559570745 1.3175606321451165 0.07922814133125158 -0.021094051094700972 -0.004031016876566151 -0.7584082217488349 0.6514259444442821
1606 1785158373.890165 0.9405491405373638 1.317488408983321 0.07924082623762665 -0.021182838458373876 -0.0038959279378245615 -0.7471008835926767 0.664361632573248
1607 1785158373.922181 0.9407393120202654 1.3167516133127837 0.0793112896417658 -0.020913626752607106 -0.004413873011910097 -0.7337812882909994 0.6790494524665259
1608 1785158373.954147 0.9407849201872841 1.3167230872161504 0.07921799105385877 -0.02059138904551927 -0.00471818926939005 -0.7249873082018393 0.6884381862835948
1609 1785158373.990198 0.9407919509967626 1.316807887908092 0.07941086628734981 -0.020735699080714154 -0.004325327940251977 -0.7202228235760806 0.6934193584851387
1610 1785158374.014191 0.9408810357419634 1.316621189628476 0.07946977266458087 -0.020612721704295178 -0.004079994067384463 -0.717413347245995 0.6963307824199997
1611 1785158374.04618 0.9407184665081469 1.316948292363779 0.0793708601413208 -0.02150292962688627 -0.005144753840190641 -0.7125209859554245 0.7013023599692895
1612 1785158374.078133 0.940717815561868 1.3166081246049568 0.07927779046584497 -0.023903767244299212 -0.007643263717828308 -0.7095111767682926 0.7042471728534968
1613 1785158374.106217 0.9408305750981125 1.315681498268355 0.07931870989815279 -0.024929549668402884 -0.00835416248856824 -0.7092905907766905 0.7044257117383624
1614 1785158374.138216 0.940688214851896 1.314359831331596 0.0793405372931432 -0.02340342742072221 -0.006786108701879678 -0.7111240167262097 0.7026441924251782
1615 1785158374.170171 0.9408219417694458 1.3121601679426798 0.07922155015146426 -0.023259093399968123 -0.006340996676700961 -0.713814765928618 0.6999194855678974
1616 1785158374.202176 0.9406166802199379 1.3095867327545394 0.07890193042804404 -0.024116802002744908 -0.006745782278576584 -0.7137941995270871 0.6999076474822201
1617 1785158374.230203 0.9410409871869229 1.307600358921384 0.07859028877548264 -0.024681996292913122 -0.00710594723243585 -0.7130103231297303 0.700682940910769
1618 1785158374.262257 0.941312360886967 1.3047656562532968 0.07811837239867044 -0.023964754523640552 -0.006883688086018802 -0.7125434154225474 0.7011848447570208
1619 1785158374.294181 0.9410994676048796 1.3012557165235583 0.07830532852387428 -0.024290155761327537 -0.0071104842914060384 -0.7116245814110682 0.7021038986344927
1620 1785158374.31847 0.9425311129204138 1.298709942784038 0.07744766503176609 -0.024661685225008112 -0.006911815428352064 -0.711619240216538 0.7020983442816144
1621 1785158374.35421 0.9430362048562865 1.2955226231440433 0.07726796530970033 -0.024128100734241653 -0.006405331746262899 -0.7112249249053026 0.7025211119059876
1622 1785158374.386198 0.9438240038301394 1.2924822176795843 0.07671384466923283 -0.02487643117502958 -0.0069959566684556496 -0.7124898691169357 0.7012063934163886
1623 1785158374.418172 0.9441265696785781 1.289749161565716 0.07641894248670339 -0.025178897947483292 -0.007283200844062532 -0.7136591357369554 0.7000025828972326
1624 1785158374.446249 0.9444709926568284 1.2869361260480403 0.07620300993416342 -0.025977929073469852 -0.007701088168125203 -0.7139045780782822 0.6997185818891409
1625 1785158374.478247 0.9444289671709322 1.2838834204007767 0.07630500250223449 -0.027339434282758646 -0.008974550576829277 -0.7129909076374272 0.7005825992710644
1626 1785158374.50242 0.9447990751500949 1.2816180984721015 0.07612681636320567 -0.027067862249727237 -0.00895359974722909 -0.7125517656553858 0.7010400453227964
1627 1785158374.534243 0.9455001951164506 1.2782555525758976 0.07603169297422788 -0.02721596024530859 -0.008662683385366576 -0.7129984644205181 0.7005836418005161
1628 1785158374.57023 0.9457766316148167 1.2758648658055685 0.07647715411580301 -0.02735785802629187 -0.009118725429802188 -0.713753466431684 0.6998031048855844
1629 1785158374.594273 0.9457952570967838 1.274111748201667 0.07678896217430982 -0.02722842496512823 -0.008929860755623076 -0.7137474730846202 0.6998167010911664
1630 1785158374.626447 0.946371381795823 1.2727840878891823 0.07663604893990832 -0.025479402820651864 -0.005666235123475971 -0.7153706384659063 0.6982575051027451
1631 1785158374.658251 0.9462534767925712 1.2734696137887975 0.07640330598980023 -0.02706518102985611 -0.008663831290501633 -0.7158530677227422 0.6976724155612934
1632 1785158374.694255 0.9462496959277321 1.273927266697719 0.07687745374469099 -0.028985653650936194 -0.011260815243674394 -0.71603424107161 0.6973722044471513
1633 1785158374.71857 0.9461823542629623 1.2738508924650436 0.07699624745149225 -0.02957850658517769 -0.010854477748595937 -0.7158155840975011 0.6975781976410595
1634 1785158374.750262 0.9460390411712569 1.2737329797219694 0.07700008485704515 -0.02783521913839082 -0.0097574449814547 -0.715321363113927 0.6981728584783179
1635 1785158374.78628 0.9462720579704842 1.2735877726496532 0.07679004106021828 -0.02717028660817422 -0.0085969461740113 -0.7156822172238655 0.6978444181847719
1636 1785158374.810334 0.946029162344589 1.2734646228078041 0.07679220632097249 -0.027115710561597783 -0.008625115925059212 -0.7154293272730532 0.698105452846234
1637 1785158374.842487 0.9459853708148954 1.2737135944997386 0.07676880690955112 -0.02765493281543463 -0.00931110360298637 -0.7154937624284284 0.6980094440383166
1638 1785158374.874243 0.945963897649933 1.273670946092666 0.07678085626686278 -0.02774747383755849 -0.009207740238718953 -0.7154890941075251 0.6980119278554797
1639 1785158374.902508 0.9460653390847124 1.273736633472876 0.07707214161454365 -0.027396609584219522 -0.009019962714939656 -0.7154636027707639 0.6980543669129144
1640 1785158374.934599 0.9460020370383533 1.2736588293653877 0.07661027576392618 -0.027400831701685502 -0.009379878202588898 -0.71547150667101 0.6980413565462117
1641 1785158374.966298 0.9459848355825162 1.2736785383703408 0.07680841020932833 -0.027656063139862574 -0.009375904060931584 -0.7154834794474092 0.6980190722555315
1642 1785158374.998255 0.9460537048794039 1.2736677862287842 0.07668984424187746 -0.027383755868172655 -0.009469740838998986 -0.7155463798504207 0.6979640622596213
1643 1785158375.026552 0.9460535073584505 1.273747116937348 0.07704213650477235 -0.02725993999971177 -0.009183713671253368 -0.7155066459441244 0.6980134631109962
1644 1785158375.058344 0.9460327691874466 1.2735883469255338 0.07677908206818906 -0.027353884669561457 -0.009252146985844867 -0.7154596625075719 0.6980570421492704
1645 1785158375.090282 0.9460532575061832 1.2737449004000463 0.0767711200475287 -0.027362108865853774 -0.009417013428899113 -0.715503391770141 0.6980096927850767
1646 1785158375.122275 0.946068903907335 1.2736976373927704 0.0768267895994284 -0.02738682188165309 -0.009370592818044754 -0.7154869573580842 0.6980261942276464
1647 1785158375.150322 0.9461213983083632 1.2737633912227706 0.07702485014182806 -0.02715471590081797 -0.009137144257110097 -0.7155183410058873 0.6980061874248348
1648 1785158375.182302 0.9460542790675067 1.2736528755230454 0.07664237500108287 -0.02741277446177981 -0.009588961893429948 -0.7154855179037616 0.6980236853260069
1649 1785158375.214297 0.9460641220216147 1.2736993852568415 0.07682078023995376 -0.0274248381352995 -0.00934004233179786 -0.7154465549812545 0.6980665217785106
1650 1785158375.2427 0.9460651956923416 1.2737873418274113 0.07695704215896446 -0.027227887087426517 -0.009283183052768762 -0.7154460233707156 0.6980755348242714
1651 1785158375.282335 0.9460757121518603 1.2737364170483647 0.07690146631201217 -0.027304530157715168 -0.009335314091584501 -0.7154482080739951 0.6980696069213924
1652 1785158375.314327 0.9460690382492093 1.2737167753646774 0.07681730882252773 -0.027369022613758287 -0.00937214809379694 -0.7154498429437135 0.6980649122202686
1653 1785158375.338532 0.9460952927742047 1.273786248051632 0.07689446328349081 -0.027262818050579618 -0.009293258661420056 -0.7154588570520428 0.6980608841363178
1654 1785158375.37433 0.9460724824962624 1.273727393413861 0.07686918750407129 -0.027312591724600987 -0.009407491955147451 -0.715463712959939 0.6980524313158555
1655 1785158375.406359 0.9460804494581 1.2737745717063733 0.07693930952118405 -0.027254483993210732 -0.00925487773742606 -0.7154470850539528 0.6980737846589937
1656 1785158375.438324 0.9460843863422798 1.27378410006959 0.07696305411557833 -0.027231210527361105 -0.009295078530593637 -0.715480882457947 0.6980395185987125
1657 1785158375.462528 0.9460700505201962 1.2737293597594896 0.07683356865136287 -0.027380156897741093 -0.009348446578559044 -0.7154491549659935 0.6980654985123306
1658 1785158375.49834 0.9460897170902348 1.2738230305426848 0.07694698188015797 -0.02720416737453557 -0.009318035408867997 -0.7154628071627867 0.6980587934123619
1659 1785158375.522649 0.9460679719484842 1.2737094572725867 0.07679196246342752 -0.027426652029440723 -0.009371805982056114 -0.7154461501469986 0.6980664397110987
1660 1785158375.554358 0.9460797756025936 1.2738067008293052 0.07694064778111086 -0.02722030553799415 -0.009321651045801183 -0.7154683874032974 0.6980523966112598
1661 1785158375.590389 0.946069028967695 1.2737122128855192 0.07677994961030112 -0.02742996804617448 -0.009388589758556165 -0.7154404130629346 0.6980719637628121
1662 1785158375.61464 0.9460793735312951 1.2737512834798002 0.07689343437235649 -0.027294094384123002 -0.009359110570548834 -0.7154500812980312 0.6980677765315626
1663 1785158375.646454 0.9460657700986886 1.2737599476464414 0.07688270984886925 -0.027295454602205393 -0.00931602608014348 -0.7154506239928358 0.698067743449298
1664 1785158375.678338 0.9460905568062413 1.2737943509429144 0.07694426951893202 -0.02727353666525323 -0.009303190403212369 -0.7154655422726719 0.6980534812366186
1665 1785158375.70669 0.9460658375998402 1.273767471796032 0.07688496272472096 -0.027313019531125193 -0.009334829750018536 -0.7154478234254166 0.6980696755148906
1666 1785158375.738401 0.9460701325298175 1.2737213561015235 0.07683229754402107 -0.02734868543580704 -0.0093941918144278 -0.7154584434016839 0.6980565982284865
1667 1785158375.770372 0.9460822808880671 1.2738015673808913 0.07693259053374868 -0.02725538884611234 -0.009277099419311763 -0.7154550045512142 0.6980653376782389
1668 1785158375.802342 0.9460744288950592 1.273770155573259 0.0769201416178276 -0.027271978566397626 -0.009326668315073672 -0.7154499544849385 0.698069205072616
