# frame_id timestamp x y z qx qy qz qw
0 1785157921.590206 0.2268496343850998 0.009455563417922214 -0.0046062831280420345 0.001985555143323825 0.0011785175471594744 0.03269682342303304 0.9994626488294631
1 1785157921.614197 0.2553068298265287 0.01165539459723662 -0.006310739522768324 0.002173414761264869 0.00034908666219210516 0.03613821458442415 0.9993443770059589
2 1785157921.64247 0.2827572694481834 0.013938466563039627 -0.006833016655417312 0.0024655936065766104 0.00020667688658893013 0.03931041917158118 0.9992239834378408
3 1785157921.674253 0.3188040409454893 0.01688014251842371 -0.008018924491195787 0.0032222098693878154 0.0009600461928268578 0.043451224536532995 0.9990498920279912
4 1785157921.706214 0.3547700807918607 0.019691394947457093 -0.00880889503666132 0.0034564485377235332 0.002416198052444307 0.04800432815494621 0.9988382248536898
5 1785157921.730562 0.38373154237679535 0.023529789665621286 -0.010803487983712529 0.0037203332914086396 0.0032356699014708112 0.051559300783730694 0.9986577632318201
6 1785157921.758481 0.4125566870898376 0.026743844681966302 -0.011666457801202481 0.0040461415806987144 0.003280756797003903 0.055488517846112806 0.9984457370134792
7 1785157921.790269 0.45085187288734424 0.031240183275258116 -0.01317115861697937 0.004408374649871871 0.002580205585191453 0.0611255797978304 0.9981170133138016
8 1785157921.822235 0.4899096753682756 0.03595566869593448 -0.013981501219482207 0.004862853414022483 0.0028276504303526018 0.06696654950896264 0.9977393639105261
9 1785157921.858251 0.5289746103592682 0.0417300891311384 -0.015008007995204607 0.00514024364166199 0.0032336271566435204 0.07307307164937557 0.9973081007143388
10 1785157921.882258 0.5596476016747869 0.04683576161113801 -0.015838342592694215 0.00540913432461354 0.0030747798916098967 0.07798363218339036 0.9969352236258694
11 1785157921.906526 0.5886370261273858 0.05146622010815889 -0.016504525101643137 0.006231524530691257 0.0026818177520544495 0.0833226922231417 0.9964995257983096
12 1785157921.938267 0.6281448293848936 0.05837252302682675 -0.017626091591401372 0.006626960676186067 0.0022694932579992166 0.09073033255168275 0.9958508621011529
13 1785157921.974278 0.6683516449555352 0.06652163865324348 -0.018776181759416165 0.006228319760647916 0.0026841599960622242 0.09840626500517244 0.9951232136403043
14 1785157921.998285 0.6987325671614424 0.07244245255401081 -0.01980302150502277 0.006140485581869637 0.0032018277187551014 0.1048119806226821 0.9944679439046935
15 1785157922.030275 0.7379502037858966 0.08119718964076617 -0.02082870813923681 0.006529938817749215 0.0031222287752361577 0.11490711058215564 0.9933498716586076
16 1785157922.05425 0.7664639470752376 0.08872661056490691 -0.02102561664759153 0.006509525480669687 0.0027737111642557044 0.1228815534286922 0.9923961187103392
17 1785157922.090273 0.8061257782498757 0.0988863564961671 -0.02196475361276368 0.0068693060242485116 0.002722755592293069 0.1334767823016022 0.9910243931524292
18 1785157922.114305 0.8341500235122098 0.1060761917892912 -0.022891128057421967 0.00717454537333212 0.0027281042115821774 0.14107737551192615 0.9899688164102765
19 1785157922.146279 0.8729194837409241 0.11793836725970694 -0.02380428495312238 0.00791661302861002 0.0031821139266275944 0.15165795042911367 0.9883962097563678
20 1785157922.170286 0.900922730754681 0.12639792722500032 -0.024393277814104896 0.008325510065995023 0.0037875244705668776 0.16010893389895284 0.9870569739514871
21 1785157922.206295 0.9371696216744778 0.13819589886540254 -0.024954398790502194 0.008814555427362147 0.004448005100081226 0.17273462271592352 0.9849189149257087
22 1785157922.230319 0.9650684473383108 0.14855977969866327 -0.025600806344819878 0.00899128175757452 0.0038067118200233174 0.18339827845307402 0.9829902020152204
23 1785157922.262294 1.0010964109314457 0.16241951462114707 -0.02571926169590641 0.008810020310868638 0.002259968314623162 0.1977530642230454 0.980209672302684
24 1785157922.286421 1.0276561879702286 0.1734261857342292 -0.026115872741080553 0.008864847106768048 0.0011397029456804708 0.20827528292036898 0.9780294075780183
25 1785157922.322309 1.0632072730593776 0.189593140167248 -0.026589535525387245 0.010257875860331445 0.001088287157705703 0.22297253452245847 0.9747701475027473
26 1785157922.346337 1.0880672350066178 0.2018719572640567 -0.026608679780519895 0.011345784827236027 0.0013333700981332797 0.23463324816953668 0.9720168384057183
27 1785157922.37831 1.1207669446146828 0.21881470005647935 -0.02612159117922222 0.012135806293699813 0.0018008031328382579 0.25116888294981965 0.9678655234852714
28 1785157922.410296 1.1515367736114177 0.23428167881859852 -0.02623571692148348 0.012528399484549979 0.002498997143598969 0.2687328860057361 0.9631300172866901
29 1785157922.438337 1.1771150925885316 0.2502594446364297 -0.02705371580764903 0.01259659788874945 0.003045767709775715 0.28245338144760135 0.9591934822180055
30 1785157922.462612 1.1994142052141799 0.2652449635152563 -0.02727825076997193 0.012484624634400698 0.0034306674518851388 0.2966088627302781 0.9549112771448579
31 1785157922.494319 1.22980888453927 0.2865975900048972 -0.028146270280381084 0.013270973835874722 0.0021940888605066766 0.31647920306286104 0.9485040755084904
32 1785157922.526306 1.2564657086265203 0.3044657327122695 -0.02846001039809773 0.014318092212415534 8.290958833667705e-05 0.3363101891115299 0.9416424173013681
33 1785157922.554344 1.2763615197598843 0.3185016490035596 -0.0295075731513984 0.015520320659155873 -9.358849011853465e-05 0.35111327235203343 0.9362043478141291
34 1785157922.586342 1.3025159894527356 0.3398670190451424 -0.030268237738778743 0.016155034163281623 0.0006860381396573689 0.37064067484953067 0.9286355767306886
35 1785157922.61034 1.3204288330227874 0.3543259217098385 -0.029825391349680576 0.016852314674828173 0.0017686180622465963 0.3854647408377765 0.9225669650768535
36 1785157922.64233 1.3423468835598171 0.37415617135778956 -0.02889528575386878 0.01727844602567119 0.002799341448715076 0.4056086370499744 0.9138792330176092
37 1785157922.670372 1.3600948635810552 0.39224331977764104 -0.028851375676566468 0.017928224013054495 0.0018899448084698234 0.42038081581291176 0.9071686593951698
38 1785157922.702361 1.382153070918125 0.41643473076468696 -0.028482570710899376 0.018675802627718507 0.0006971613899738882 0.44049574493259847 0.8975601523343615
39 1785157922.726528 1.3966972478403337 0.43200326729975214 -0.027890233032812867 0.018748401379100943 9.99865459246907e-05 0.4553936021890983 0.8900927786099919
40 1785157922.758348 1.416579109456348 0.4535101306868663 -0.026119054628861566 0.019396381429756082 -0.0007657741273219276 0.47448846644407994 0.8800476630211358
41 1785157922.786382 1.4297257665826417 0.4730746334357063 -0.02622060985898013 0.020299136826676722 -0.0016456362669201585 0.48752460023794153 0.8728716979534875
42 1785157922.818379 1.445375744008329 0.4987935036334804 -0.02702969531726339 0.020620308603767734 -0.0019047310103190718 0.5045430604920271 0.8631381552116686
43 1785157922.850349 1.4613742111649073 0.5222972302248711 -0.02575187650469037 0.02026104648607252 -0.0018337666501849759 0.5211549942251171 0.853219549289267
44 1785157922.874363 1.472783799739658 0.5386912876268025 -0.02522645319267038 0.020151343671753197 -0.0015660030185246088 0.5327993996099464 0.8460001600224728
45 1785157922.910399 1.4863866977290612 0.5607262135131872 -0.02319214776274304 0.01992038754412717 -0.0018763806372197323 0.5475887757399187 0.8365083323192024
46 1785157922.934413 1.4960879637090863 0.5781576761779319 -0.023172912478666503 0.020677290796686565 -0.0031972202481052037 0.558543400201706 0.8292113708332218
47 1785157922.966381 1.5083748598131752 0.5999590213054741 -0.02235716893548883 0.02188140755580048 -0.00536983173709682 0.5725548702602612 0.8195567640204965
48 1785157923.002407 1.5201130104420844 0.6207495902277135 -0.020765631636444033 0.022488404345802793 -0.0051473271970563506 0.5856329638264822 0.810247991896627
49 1785157923.026403 1.5284552549668164 0.6375852174675423 -0.02010763833478043 0.022227957305646084 -0.004215650928121484 0.5945296364589943 0.803755346839576
50 1785157923.058391 1.5373099211109735 0.6601276140064113 -0.018249336599849387 0.021527061224830835 -0.003254171834403241 0.6052291459338248 0.7957535277414156
51 1785157923.09036 1.547105017566535 0.6820184775315583 -0.01649224567046855 0.0214479568953424 -0.002722941268503476 0.6149848619482303 0.7882424692379751
52 1785157923.118412 1.5525023225017223 0.7000128497540294 -0.017018047491757164 0.021896623539047977 -0.002862000148766697 0.6211773004414916 0.7833588630053016
53 1785157923.150422 1.5610577242986916 0.7215059205844649 -0.015812771457446615 0.021610500481099804 -0.003951572008667581 0.6289020143779365 0.7771741295610595
54 1785157923.174409 1.5667391697080189 0.7386768368529428 -0.01435936608573318 0.022068580660484116 -0.005066480024047859 0.63412723716388 0.7728971183894413
55 1785157923.20637 1.5748130606634363 0.7631333152569928 -0.01441847469423995 0.02355531328833327 -0.006713372286308639 0.640941180270035 0.7671991144953755
56 1785157923.234428 1.5791577059930932 0.7805912434712448 -0.012915702378521556 0.023262532652849943 -0.006728289797196307 0.6457183653393532 0.7631915731678736
57 1785157923.266425 1.5851010210240584 0.8027753383731993 -0.0110123570646572 0.021012367453078884 -0.0047588576451788045 0.6518838733697556 0.7580126973398099
58 1785157923.2984 1.590384607943082 0.8255948425152264 -0.010022850711162271 0.018764603382419143 -0.0027079073402236364 0.6576640833585732 0.7530727125303804
59 1785157923.322386 1.594797218380728 0.8433244795583741 -0.009153719924937707 0.01764130463983704 -0.0017730292795957725 0.6616570444331629 0.7495969558968005
60 1785157923.350486 1.5984331166763455 0.861070282144343 -0.009599516394832593 0.018343092099456726 -0.0021165166675001235 0.6648135423973078 0.7467810958872554
61 1785157923.382446 1.6029508430446713 0.8838852170416667 -0.010586247073880603 0.019920989418058643 -0.003920415128383481 0.6684752615194719 0.7434572006930192
62 1785157923.41441 1.6075790442055535 0.9061591563448881 -0.008775322023146442 0.020450299503450897 -0.0046628044924643675 0.6720589033512514 0.7402005633142935
63 1785157923.44639 1.611952292539803 0.927021897327996 -0.007886964368740427 0.019928426096214702 -0.004474721015371275 0.6757147831513886 0.7368801575126274
64 1785157923.474452 1.6169740840364795 0.9426864927522831 -0.008388478479554446 0.019559311336863616 -0.004292081177683205 0.6785854332309933 0.7342484737375333
65 1785157923.498718 1.6206376816439714 0.9595965196885876 -0.007270256705827215 0.019055056533109238 -0.004060939644959238 0.6810480191533678 0.7319795141921625
66 1785157923.530429 1.625781695929972 0.9825630651548123 -0.006477118256711597 0.01909251384370625 -0.0039031713148894864 0.6843035568585963 0.7289368170421141
67 1785157923.562428 1.6295195159631508 1.005618562473336 -0.00515431323527878 0.019480328508702183 -0.0035817939083322425 0.6871918989847252 0.7262058809479297
68 1785157923.590471 1.6317569119091075 1.023639816491501 -0.005358245061459033 0.019568352149454182 -0.0033623520622031444 0.6891636467670016 0.7243336538899544
69 1785157923.622466 1.6361282950622162 1.0453692101555077 -0.004289959472688759 0.018928232227865327 -0.0018768790417201808 0.6920242786795354 0.7216235840574086
70 1785157923.646606 1.6399703358388686 1.063260007263034 -0.004653361556336992 0.01870987415636638 -0.0004304450715880703 0.6943608930541744 0.7193835593917218
71 1785157923.678431 1.6418025277332795 1.0867061368760713 -0.003582937009917103 0.01784596857500298 0.0005082741555002546 0.6965602762304257 0.7172761285870288
72 1785157923.706488 1.643881380015624 1.1040549069996497 -0.0034156237072503273 0.018006015362711403 3.665452932966051e-05 0.6987002630702223 0.715187894509412
73 1785157923.738458 1.6458145712846046 1.12740194918948 -0.00402136341647507 0.018096402603603567 -0.0002672879418338381 0.7012767789640934 0.7126593352056162
74 1785157923.770459 1.6462843639027744 1.1527330188437326 -0.003582731371171141 0.018291345505732304 -0.0002988419455919322 0.7033614800899565 0.7105969080278547
75 1785157923.794726 1.6460125292666088 1.1714217748912168 -0.004177709766682441 0.018501928767290288 -0.0005773109198267123 0.7045170077439685 0.7094456505916975
76 1785157923.830481 1.6466362727816823 1.1965670125438939 -0.0048761709944248055 0.019094852491502223 -0.0005891708258005668 0.706178792771007 0.7077757781434382
77 1785157923.854488 1.64772862915146 1.2143858757863482 -0.0050156139685469114 0.019436070999175548 -0.0007254932174186601 0.7077317035303806 0.7062135290559731
78 1785157923.886452 1.6483041236668396 1.2380679642852765 -0.0048983846281645885 0.020196441027444667 -0.0011765387720220621 0.7096410219182735 0.7042729155214842
79 1785157923.914517 1.6488373959235312 1.2581076839110505 -0.005534254906820961 0.02039930901507414 -0.0016927800222578115 0.7110236867814884 0.7028700587755631
80 1785157923.946513 1.648860811601485 1.2814695165399128 -0.0051449087931439985 0.020400473721382872 -0.0014761376653228409 0.712219732824637 0.701658530814483
81 1785157923.978477 1.648750767461197 1.3050685739762935 -0.005730745498723572 0.021069549700507673 -0.0005042345948769178 0.7131455075874954 0.7006991542956684
82 1785157924.002452 1.6489418258670792 1.3242548324677075 -0.006054620760956468 0.021344546301611755 7.737915208538837e-05 0.7140424660448801 0.6997769366306605
83 1785157924.030733 1.64866609657408 1.3422860387523232 -0.006174864599965073 0.021354943034563756 0.0007086787504576586 0.7145131186812097 0.6992956938340682
84 1785157924.062523 1.6486892151753836 1.3661049979245163 -0.006213548403916608 0.021079493161827445 0.001357717135862857 0.7151736359980215 0.698627570273024
85 1785157924.094492 1.6487753900152353 1.3904682467905776 -0.006921633258373881 0.021248764809528864 0.0022426862976893114 0.7158539618967552 0.6979230370097826
86 1785157924.126458 1.648403505424996 1.4147380983736693 -0.0062571533475493935 0.02003064937913457 0.0031116898314248465 0.7168179314203483 0.6969656689293212
87 1785157924.154544 1.647878174932276 1.432798421797894 -0.006683829454437122 0.01977783871000305 0.003125785094495792 0.7174072268075294 0.6963662380442023
88 1785157924.178786 1.6474968406403352 1.4502644485209462 -0.006541157471523784 0.019921003285905292 0.0031890423950794444 0.7183547396924866 0.6953843912527985
89 1785157924.210511 1.6464111043347653 1.4744723542887692 -0.006456244224748615 0.02020233732987775 0.0031026439582318988 0.719390888369143 0.6943046801645035
90 1785157924.242478 1.6460498763933407 1.4983286132427547 -0.006287388724568625 0.020140236077398455 0.003487673549381065 0.7202483826156406 0.6934150808595912
91 1785157924.27055 1.6455213169358054 1.5162296773281978 -0.006311096944428697 0.02043279351873928 0.003524521132282188 0.7205161731530741 0.6931280710840225
92 1785157924.302539 1.6444221344791492 1.5395832244703898 -0.006506115370294462 0.021003088711367468 0.0029505432106182727 0.7209300974881276 0.692683159240286
93 1785157924.326577 1.643697297344642 1.556998783835888 -0.0064010306412727175 0.02137973908775792 0.0027591398489832386 0.7215045125762072 0.692074080020342
94 1785157924.358531 1.6429204924515217 1.5792469248942127 -0.00647260170079611 0.021544107046529315 0.0022724608005800784 0.7222280758881595 0.6913156252916351
95 1785157924.386862 1.6422043142597145 1.5956726765623686 -0.00660772363869154 0.021774063227147145 0.002165173292928535 0.7226901106005376 0.6908257423079821
96 1785157924.418566 1.6415881696964005 1.6170593682635679 -0.006476487966528825 0.02213103242251835 0.002351578754512307 0.7230513231661464 0.690435711380111
97 1785157924.450535 1.6405985564040189 1.6372917104768325 -0.006237907905865779 0.02206629789905934 0.0028446671478636887 0.7226532500385165 0.6908525650054556
98 1785157924.474761 1.6399655896102705 1.6526252568386681 -0.0062477150751295285 0.02212044767445054 0.003687833347596703 0.7221812004148329 0.6913402920756706
99 1785157924.510576 1.639252336592653 1.6723879233828995 -0.006283506151994328 0.02239533934150084 0.003971625646735477 0.7222557097938178 0.6912520268583158
100 1785157924.534837 1.6386108596740905 1.6866959647508988 -0.006537589150120662 0.022549952594489997 0.0038010678700174383 0.7222194879618038 0.6912858039401819
101 1785157924.566551 1.6377580248083317 1.7033547330514807 -0.006159667503734187 0.022782592054147344 0.0036229908684575207 0.7225183051252522 0.6909668054222247
102 1785157924.602579 1.6370532783110407 1.7201547704960776 -0.006484209889887807 0.022584649238595822 0.0032135196633801266 0.7223569060443608 0.6911440567639725
103 1785157924.626594 1.6361530450060902 1.7305883575745409 -0.005997862581673646 0.022285127683615458 0.0033915670164136325 0.7218887441695688 0.6916418953465594
104 1785157924.658557 1.6356526319200608 1.7458632312050415 -0.00626963161083114 0.021965473568441807 0.0033425318093437406 0.7210314785882733 0.6925459929396935
105 1785157924.682728 1.6352431154116343 1.7564131249578347 -0.006067179008622595 0.021767286392847085 0.0037199595594650248 0.720661947170899 0.6929348490614511
106 1785157924.718581 1.6346004811176522 1.7692608232199578 -0.006030550178849181 0.021481513389445483 0.003966758668768167 0.720461120433697 0.693151198045264
107 1785157924.742601 1.6340725913518264 1.777462878390882 -0.0057514389216089395 0.022558789928752154 0.0032456474786851652 0.7201979694040543 0.6933941531594217
108 1785157924.774574 1.6336983663322133 1.7888281174998848 -0.0061029448222436194 0.02281168078403306 0.0028089444152343823 0.7189589432741919 0.6946724227556016
109 1785157924.806541 1.6331799129372808 1.7986859250395877 -0.00593835142872666 0.02188435036766001 0.004417546931958061 0.7186363735010776 0.6950275700785612
110 1785157924.834615 1.6331333186527028 1.8059811592957749 -0.005733803035476229 0.023107849917717638 0.003104328741421747 0.7188199881164334 0.6948051634088048
111 1785157924.858881 1.63239270082023 1.8129617406866758 -0.005906867886304401 0.023615722279295537 0.0019560076002852478 0.7187102613255286 0.6949057720014168
112 1785157924.890597 1.6326627332413493 1.8221107836087163 -0.005924627217031117 0.022854766370653423 0.0034379266676718423 0.7195901657381548 0.6940142892529704
113 1785157924.922557 1.632968988112623 1.831236650311548 -0.0062508337473502484 0.023114057788605535 0.003719440132941676 0.7203497902400411 0.6932157570329538
114 1785157924.950625 1.632159669669833 1.8379390286808168 -0.006536705250263425 0.023898761215332853 0.002732151943072414 0.7198790741439586 0.6936825665733352
115 1785157924.982616 1.631827179636742 1.844220927882786 -0.006357158912637453 0.02370487139931432 0.0037522414705394302 0.7201388633772409 0.6934147512200938
116 1785157925.006781 1.6316115494466263 1.8490334780564812 -0.006653056199992541 0.024093059504063152 0.003069897506024488 0.7206766655331038 0.6928457577045003
117 1785157925.038569 1.631205791456464 1.8545794713541384 -0.006362325315098352 0.02421433174950205 0.003243655154930858 0.7210317746573088 0.6924711725217828
118 1785157925.066641 1.6307766549164333 1.8581565030852751 -0.0061814927531305824 0.024789676965615737 0.00189696514350024 0.7205056081754723 0.6930032770679211
119 1785157925.09865 1.6301526336894032 1.862935580778731 -0.006138727580046355 0.02548662948718361 0.0010440173764711957 0.7193421275852281 0.694187471239764
120 1785157925.130607 1.6302234801413176 1.8687125097592527 -0.006691482890705536 0.0248260288576464 0.00224470546717348 0.7186158060714097 0.6949603966075069
121 1785157925.154751 1.6301486955910331 1.872283907857055 -0.006365677841821113 0.02536345006817553 0.0019781648043019073 0.7180647186905257 0.6955112091379566
122 1785157925.190704 1.6303370136885142 1.8765981436546229 -0.0063900623012910635 0.02553296276668371 0.0010619359500793069 0.7183386841937992 0.6952240465455107
123 1785157925.214929 1.6300131676342138 1.88018981114187 -0.006100178710222226 0.026066342880039173 0.0006240050452848145 0.7186711455587136 0.6948610947001495
124 1785157925.246628 1.6303637273727416 1.8843996219516137 -0.00578371242440838 0.025627647790068653 0.0015973002720436336 0.7188352074182127 0.6947061370655971
125 1785157925.278605 1.6305203061031421 1.8892370261729858 -0.006005609359638425 0.025611660347079734 0.0028568133682008723 0.7196286786129281 0.6938807148130406
126 1785157925.306673 1.6298231572531783 1.8927572779254684 -0.0064518283610462 0.025998705713749293 0.0017156355975880277 0.720138635074853 0.6933408037669744
127 1785157925.338622 1.6297821822693235 1.896240251269768 -0.0061588355713837195 0.025885550646769784 0.001440865072904085 0.7208131633129922 0.6926443862259138
128 1785157925.362713 1.6295410902860101 1.8987653117127077 -0.006244279963987243 0.026224065401800445 0.0012288087674654502 0.7209199069107313 0.6925209572587951
129 1785157925.394625 1.6296817405450625 1.9021269961897906 -0.00628287306216764 0.026628959293507837 0.0008926717393482608 0.7206762314593885 0.6927596055440909
130 1785157925.422688 1.6291172483943113 1.9040624739816652 -0.006284534137346642 0.02615240156128995 0.0009023300441302062 0.7195548434878369 0.6939424074851337
131 1785157925.454647 1.6289373754403955 1.9070913881832656 -0.005823954664260972 0.02630917154624368 0.0008328538679376329 0.717853422259923 0.6956964841054625
132 1785157925.486631 1.6294409826346186 1.9105812517219358 -0.006077953111886816 0.025971456572281948 0.0015126885790680555 0.717031518401309 0.6965550924628218
133 1785157925.514694 1.6295455203727938 1.9127412004813467 -0.005832996082434899 0.02619390371216601 0.0010628554406825197 0.7172164960677772 0.6963571264192607
134 1785157925.538919 1.629358466218996 1.914736376481982 -0.00588260966507545 0.026561270713499785 0.0007627090439773498 0.7176154854312548 0.695932419306834
135 1785157925.570684 1.629101789562362 1.9180394321978542 -0.005905489110458018 0.02639563090966146 0.0008058658106945282 0.7176530602250212 0.6958999255631791
136 1785157925.602642 1.6284617801045298 1.9211808293057844 -0.005997338567022711 0.02624060670322581 0.001333230933519558 0.7177679466228116 0.6957864815128255
137 1785157925.630968 1.6282186059836428 1.9233468668884772 -0.005681263769255249 0.026093776056050233 0.0016152705307539428 0.7176851958950505 0.6958767601704574
138 1785157925.662698 1.627957724519625 1.9265767399950275 -0.005736758229296646 0.026562617707840297 0.0008464839789376066 0.7174928837161668 0.6960586703878054
139 1785157925.694687 1.6287499919874722 1.929483040069645 -0.005640778331322538 0.026169870021455988 0.0013782160783893938 0.7178943593016901 0.6956586284279936
140 1785157925.718874 1.6287342237827542 1.9318059123609677 -0.005633185855429268 0.02609618483431686 0.001934239031932794 0.7181439133254286 0.6954024501036071
141 1785157925.754701 1.6286976268909157 1.9344357064272424 -0.0055373482264170215 0.02623368986474839 0.0021052861071073625 0.7185835818963251 0.6949424415845782
142 1785157925.77873 1.6286319499528528 1.9364159578841436 -0.0054983217655892175 0.026466929004118622 0.0014305404905768926 0.7183765928122718 0.6951492833359086
143 1785157925.810691 1.628610631319443 1.93931505326555 -0.005513235555601043 0.02740249594257771 0.0005877969632350766 0.717634890897444 0.6958799616869713
144 1785157925.842657 1.6285999456256648 1.9418558210572185 -0.005432335472228045 0.027392175268198926 0.0009601211819154631 0.7172538668656527 0.6962726745806278
145 1785157925.870725 1.6284467592085987 1.9438123525251505 -0.005392709562999101 0.026570105328497573 0.001699487500379071 0.7172768406354684 0.6962794518963414
146 1785157925.902718 1.6284086480731437 1.946487693537303 -0.0053159979894845805 0.02641195040714095 0.0025245904264311614 0.7174592442693537 0.6960950137239296
147 1785157925.926701 1.6283373284272082 1.948846713263702 -0.00542750724489495 0.02713967824214869 0.0016488960735354663 0.7174714650806393 0.6960570492435894
148 1785157925.958714 1.6287581369730333 1.9514833247676198 -0.006748537596248619 0.02809828090147315 0.00021610089895529594 0.7173077497074739 0.6961896524082956
149 1785157925.98674 1.6286370702408022 1.953600350844694 -0.007242662190520846 0.027798379754681024 0.0005068384119912839 0.7174307255656414 0.6960748143785953
150 1785157926.018741 1.6286426263321134 1.9560115516502437 -0.0077595497760902105 0.026870012947900146 0.0017306982902756118 0.7175182311530344 0.6960191053775956
151 1785157926.042922 1.6283505888969538 1.957867904585582 -0.007569915090953366 0.0265996570778948 0.002437252112912569 0.7175821347296889 0.6959614917236869
152 1785157926.074726 1.6279238167301877 1.960085554421433 -0.00815954164078471 0.027551401045019852 0.0011532327514169882 0.7175019099314491 0.6960104881389362
153 1785157926.102922 1.6282135222241718 1.9622679992586165 -0.007826938948005971 0.02810901970316504 0.0005148219890571681 0.717289684160682 0.6962076751705024
154 1785157926.134759 1.6284512176977286 1.964691604125979 -0.007870386218084613 0.02860754499306606 0.0003390492927639599 0.7166049505424106 0.6968922716411454
155 1785157926.166751 1.6286929610405054 1.9672335112553272 -0.007324199578318827 0.02749138176039756 0.001440742569661313 0.716084133931364 0.6974709035662495
156 1785157926.191046 1.6282852370005145 1.9686950695885201 -0.008402488657012694 0.027346231838409563 0.0017660425705018357 0.7164461377305591 0.697104006894842
157 1785157926.226757 1.6284408568226356 1.9710799355811723 -0.008365436706963714 0.028287162128615706 0.000969977133143618 0.7181304012574002 0.6953327422126444
158 1785157926.250781 1.628049097309542 1.9729195564564825 -0.008222010081341116 0.029011310269650536 0.0001732835748048389 0.7186997850487882 0.6947150011480007
159 1785157926.282742 1.6278402959108702 1.9748878975962385 -0.008499938411295871 0.028679408399464812 0.0006143089132799595 0.7186018041160998 0.6948298793801995
160 1785157926.318771 1.628476191814479 1.9772561789607122 -0.00834171298297498 0.027871048504617524 0.0014056485542391917 0.717270723801984 0.6962355474866055
161 1785157926.342775 1.6287886929738005 1.9793601195615838 -0.008919045396563213 0.029070071716289725 0.00015612166597911425 0.715749690702047 0.6977515939188955
162 1785157926.366926 1.6286654084894963 1.9802116401350092 -0.008876791698683273 0.029411320421490306 -0.0002669163658313156 0.7142301277196698 0.6992926623698138
163 1785157926.398758 1.628434880267011 1.9818697601937336 -0.00913703469171305 0.0282594978866475 0.0008134426474291079 0.7140110305762251 0.699563426220762
164 1785157926.434768 1.6284152833281333 1.9838702121855993 -0.008848873213744238 0.028667090221673797 0.00044642341639400396 0.7149942177215607 0.6985422444413003
165 1785157926.458794 1.6281764137209696 1.9854076018337765 -0.00881849686327743 0.029286568826472736 -0.0001332259615053344 0.7147877187210183 0.6987279844852486
166 1785157926.490766 1.6283902432548638 1.987679843528841 -0.009024653649010103 0.028985266619455996 0.00030376916147623056 0.7147064150969125 0.6988236560553854
167 1785157926.522729 1.6277725554771267 1.9900671493338062 -0.009563077558756142 0.02879374429063053 0.00015483479526379185 0.715060052283407 0.6984697688120534
168 1785157926.550801 1.628309233866858 1.9917791285993425 -0.009497222360750193 0.029258250223205384 -7.901979366786716e-05 0.7154173566769532 0.6980844893815573
169 1785157926.582795 1.6282760670839214 1.9937679507433355 -0.009426896780274585 0.029060701227061836 0.0002673844143217252 0.7157051453774016 0.697797641892031
170 1785157926.606784 1.6280222525606638 1.9954800365333218 -0.009197130997930278 0.02868866172172191 0.00026567569267288427 0.7155632506547569 0.6979585406150144
171 1785157926.63875 1.6279978523565235 1.9974034599971182 -0.009191481253007394 0.029194594337267454 -0.00028415434924722316 0.714886285363988 0.6986309425700145
172 1785157926.666822 1.6279141785084046 1.9986710084628634 -0.009338136207129394 0.02907062764708135 0.00014344735498572625 0.714020836521813 0.6995206380399019
173 1785157926.698814 1.6273144128772983 2.0007330241567467 -0.009303595063403503 0.029430801255332595 -0.0004992265949077535 0.7134634383267515 0.7000739252973545
174 1785157926.722998 1.6278853179799913 2.0023445318524673 -0.009064172211284638 0.02929540904940675 -0.00047709097934156564 0.7141865025667867 0.6993419699576499
175 1785157926.754767 1.6279696048273495 2.0041389502319675 -0.009446486416163982 0.028777296643518246 -3.224487389907882e-05 0.7140519328619753 0.6995010388371388
176 1785157926.782836 1.6277872190349454 2.005648229962851 -0.009422613859350004 0.029377596933387484 -0.0005934342461227926 0.7137181383410488 0.6998164213829244
177 1785157926.814838 1.6280421737826047 2.007253945399546 -0.009108289743378073 0.029066018242835945 -0.00017356997634920823 0.714282471554408 0.6992536644788476
178 1785157926.846801 1.6277791465434643 2.008901857906096 -0.00916775892178505 0.029917756441318666 -0.0012028275248264775 0.7143123270394436 0.6991862273350059
179 1785157926.870906 1.6278471285335574 2.010393827403917 -0.009073117461643423 0.029342894650708495 -0.0004877178167459473 0.7143389417250923 0.699184262551671
180 1785157926.906845 1.627815759459512 2.0122601092011525 -0.009321452780032685 0.029657870182869805 -0.001109944867746071 0.7140006802816952 0.6995156948317052
181 1785157926.930856 1.6278802181344858 2.0131964590781006 -0.009240163382655507 0.030520697711373668 -0.001825957206601836 0.7137275624524879 0.6997557570232064
182 1785157926.962816 1.6280352727752332 2.015228773152082 -0.009361334508019487 0.02944674612551479 -0.0006461080661235297 0.7134996208081739 0.7000362581992297
183 1785157926.994847 1.6279496963111073 2.0175621193977387 -0.009411685838916176 0.030183871100218362 -0.0013856482291769723 0.7128116680502694 0.7007043169524382
184 1785157927.022847 1.6280697422335255 2.019187820930889 -0.009217098888093064 0.029810693965645507 -0.0011225289080671885 0.7127640348904695 0.7007692152347983
185 1785157927.047191 1.6280709238836852 2.0208326351993913 -0.009428857964758813 0.029595030490732754 -0.001029365454858655 0.7127671376019497 0.7007753435529366
186 1785157927.078844 1.628012456377055 2.0233346081862913 -0.009311723579463208 0.030239452892440233 -0.0014747221508416564 0.7122715875114553 0.7012507299869678
187 1785157927.11487 1.6280477193114302 2.0257308172292454 -0.009447944864828223 0.029756010338746197 -0.0010837186770311646 0.7119681795762356 0.7015801569838267
188 1785157927.138872 1.6279442047293942 2.02775249181218 -0.009376393641059008 0.030036828816607852 -0.0013801088911978843 0.7118595807655311 0.7016778616191427
189 1785157927.170854 1.6279080352895197 2.0298034864440457 -0.009333129967111164 0.028922612415243187 -0.0003129660277629842 0.7125545746831994 0.7010202298374762
190 1785157927.195024 1.6273472905266186 2.0302238435502327 -0.009550731611512417 0.028268574235903565 -0.000517807683683813 0.7131011293378364 0.7004908271512015
191 1785157927.230861 1.6276015929218672 2.029307505781251 -0.009320918754383546 0.030571432107253327 -0.0021856721664873513 0.712680909125032 0.7008184730333601
192 1785157927.254889 1.627782510106332 2.0294845648191293 -0.00921555615426159 0.031612661331680614 -0.0031803703521570137 0.712735686137152 0.7007127561237593
193 1785157927.286847 1.6280154940944185 2.0296562345448024 -0.008792498111890722 0.03075379172306736 -0.0029189304843735275 0.7128514428165229 0.7006343587163588
194 1785157927.318829 1.6278628276137113 2.0299803935547205 -0.009074546009534945 0.029752296769231967 -0.001721045283209821 0.7127270827841407 0.7008080652404748
195 1785157927.346885 1.6278882336228164 2.029886846085442 -0.009320146201880958 0.029554735756771144 -0.0012470693217010442 0.7127257739786981 0.7008187593942676
196 1785157927.378887 1.6281476046316892 2.029762843909876 -0.009060200079977543 0.029556816770731853 -0.0010359744699697249 0.7127287014764128 0.7008160382233168
197 1785157927.402877 1.6281792489820037 2.029801602024631 -0.008901678852864914 0.02952141174752776 -0.001082955984919698 0.7128016731278579 0.700743239882408
198 1785157927.434839 1.628420087627064 2.029913460745968 -0.009029374981031082 0.029666804914088574 -0.0011832215781212296 0.7128325190206387 0.7007055590614201
199 1785157927.462901 1.628087396148495 2.029905059747079 -0.009207000387953801 0.029749746138928 -0.0012018889644282993 0.7127476071894907 0.7007883821191974
200 1785157927.494901 1.6280406343299123 2.029842824487157 -0.009122763716541485 0.029681893636729795 -0.0011706234061183984 0.7127478969715608 0.7007910174892344
201 1785157927.51897 1.628146493266784 2.029707088652966 -0.009051652893394727 0.029760649923166627 -0.0011062474287875101 0.712734847663023 0.7008010536946593
202 1785157927.550861 1.628409806884191 2.0300787463447514 -0.009060266276128728 0.02984559254447272 -0.0011148255289219478 0.7127527975501395 0.7007791716041218
203 1785157927.578925 1.6280669794589635 2.029882503021839 -0.009167300656720334 0.029770497728425438 -0.001169207260617089 0.7127122584795547 0.7008235063354795
204 1785157927.610922 1.6281523848972117 2.029876099587118 -0.009032941235278744 0.02975054387490872 -0.0010654539271065522 0.7127277644488627 0.7008087497533139
205 1785157927.64289 1.627918320210234 2.0297034807082497 -0.0092070881341665 0.02989012763904053 -0.0012609623646674395 0.7126911338168821 0.7008397377592427
206 1785157927.667033 1.6282051189022515 2.0299558602634002 -0.00925160018169148 0.029868774153886335 -0.0011806428389862234 0.712805666827642 0.700724299387021
207 1785157927.702923 1.6280262692567662 2.0297916714441206 -0.009025164944024333 0.02973862553932627 -0.0011188709868404922 0.7127226495382405 0.7008143742204044
208 1785157927.726949 1.62809604956558 2.029714954281255 -0.009042053032691358 0.029810800135046 -0.0012071847951814485 0.7127582824961202 0.7007749208079294
209 1785157927.758907 1.6281491611369734 2.029903613284808 -0.00898807392329877 0.029778309032755135 -0.0011870168221493893 0.7127982377693581 0.7007356959190189
210 1785157927.790908 1.628138507888274 2.029871772354059 -0.00907848024119752 0.029829593634119522 -0.0010790086205507698 0.7127691054185472 0.7007633219888609
211 1785157927.818952 1.6277693095611632 2.029615272351402 -0.009263572394896988 0.029878847613521553 -0.0013408721317725858 0.7127039741591888 0.700827012710635
212 1785157927.84325 1.6283450779484325 2.029921597377757 -0.00902476037126658 0.02975339436058444 -0.0011741020768379906 0.7128435803068154 0.7006906500187495
213 1785157927.874923 1.6275764652333538 2.0295037812514494 -0.009354741070458084 0.029359471721083108 -0.0010074435921917368 0.7133176671981895 0.7002249011143494
214 1785157927.906939 1.62762891624289 2.0281265932234156 -0.008818450571912065 0.029013430562874754 -0.0007813163785682642 0.7159490822760028 0.6975489387704918
215 1785157927.934965 1.6269311403101006 2.026376085238372 -0.008940058570513193 0.02954075454750249 -0.0009817530304393474 0.7183454329774245 0.6950584284088842
216 1785157927.966943 1.6264639713154403 2.0229007847777645 -0.008792094351920285 0.029294165494050728 -0.0008956358266450914 0.7215030135373904 0.691790756776164
217 1785157927.991225 1.6264872057227193 2.0202328886861487 -0.008687166215429254 0.029307292258650697 -0.0009326033553423985 0.7232519002258792 0.689961521891694
218 1785157928.022956 1.6266816652525262 2.0161243580594763 -0.008529364049617669 0.029024526389707872 -0.0007332058256881435 0.7236829593285226 0.689521583168056
219 1785157928.050983 1.6274335610651844 2.0129985241904693 -0.008558469439639421 0.02899523720284025 -0.0006571285181031783 0.7228086096173165 0.6904393950700841
220 1785157928.082937 1.6274618507085459 2.00863456226714 -0.008910794459576349 0.028943040231455552 -0.0005062062649426879 0.7206717171994553 0.6926718705174665
221 1785157928.114946 1.627844781080009 2.0037727752616483 -0.008772946684246205 0.028732509452407684 -0.0004408640083208848 0.7197234587723964 0.6936659076473287
222 1785157928.142985 1.6282960149605459 2.000323312454099 -0.00813547965543629 0.028317682137508182 0.00022517887388995295 0.7192566273475985 0.6941670996160734
223 1785157928.167246 1.628069910469167 1.9963219984598548 -0.008278051999091998 0.028447229871352286 -8.983335419732175e-05 0.718495561386436 0.6949495487519977
224 1785157928.19896 1.6286398258850492 1.991748358782111 -0.00874830738565853 0.028420073166110282 -0.0001165288893077987 0.7179126225082396 0.6955528393340028
225 1785157928.230941 1.6292428840520605 1.9866164244775342 -0.00848596801898635 0.028310764500208085 0.0004911906892817175 0.7172513777095904 0.6962389823320834
226 1785157928.259001 1.629262179891211 1.9829822823030476 -0.008767530441434038 0.028312801850559288 0.00044577402714907066 0.7167564510301795 0.696748431245819
227 1785157928.290998 1.629489825989053 1.9777863296579912 -0.008621753275491653 0.02815184811519711 0.0006252213669070139 0.7164796893116078 0.6970394087495221
228 1785157928.315192 1.6296712126211494 1.9741753870746983 -0.008594134522452057 0.028367619347533957 0.0002383231677439701 0.7161879956892795 0.6973306075350441
229 1785157928.346954 1.6296919724789432 1.9697057134585625 -0.008668330239950839 0.029143500966393066 -0.0007048928200061866 0.7157736863024465 0.6977235766939089
230 1785157928.375224 1.6297239419452527 1.9663523527211049 -0.008314336736183203 0.02903491954456605 -0.0005654637940206708 0.7159210693076901 0.6975770037917477
231 1785157928.407057 1.6299648194425702 1.9626801409670322 -0.00842516182777997 0.029122906728877518 -0.0004236124429531918 0.716209469016538 0.6972773288636366
232 1785157928.438992 1.6298808023325884 1.9592803013796893 -0.008403156976310236 0.02932753845479652 -0.0009162361269320352 0.716199856528624 0.6972781521802621
233 1785157928.470972 1.6298555517327091 1.9562486577990523 -0.008439366628250095 0.02869058659024948 -0.00012534312196221808 0.7165938536246478 0.6969003397025907
234 1785157928.499021 1.629998359001447 1.9544418402657056 -0.008504868449140654 0.028167467810302105 0.00046628695828565547 0.7165817729654745 0.6969339559723614
235 1785157928.53103 1.630124039806759 1.9521545211571256 -0.008453516731325106 0.027459003475056143 0.0013894733806485426 0.7163499733253662 0.697199245702854
236 1785157928.555 1.6302186559962932 1.9506244455996282 -0.008565764366763054 0.027062415305531995 0.0016360745685497502 0.7159424337324964 0.6976326974268244
237 1785157928.587001 1.6304089314278596 1.9484533646579056 -0.008326083525629219 0.027656377194495874 0.00104133178484489 0.7152365699705673 0.6983342247128715
238 1785157928.615037 1.6302724232634598 1.9473050862292547 -0.008423665540484099 0.028305536729775427 8.667379894311544e-05 0.715031077612317 0.6985193963854265
239 1785157928.647025 1.630292120216163 1.9453096244609234 -0.008320478878941287 0.02715595021136219 0.0012845844926053784 0.7155396069086465 0.6980429608239159
240 1785157928.67113 1.6304380955360047 1.9437369967614297 -0.008387014119476774 0.026670695838007963 0.002328362118487415 0.7157265768454184 0.6978672652521403
241 1785157928.703026 1.630565972457853 1.9417594103745737 -0.008425522429553856 0.02697491539164576 0.0017800777191717687 0.7153516405526482 0.6982415166842789
242 1785157928.731055 1.6305096804124015 1.9400594329513163 -0.00846580119290892 0.02677913209573002 0.001624957992104492 0.7155053604523619 0.6980919113982478
243 1785157928.763063 1.6305659911879418 1.9377321161953094 -0.008401117112208936 0.02688285703709281 0.0014683108286926982 0.7152789466725195 0.6983202592706909
244 1785157928.795043 1.630606498200198 1.9354250823416101 -0.008362216625706367 0.02774445447770968 0.0006335497673377599 0.7146441517526505 0.6989374651756488
245 1785157928.819039 1.6307915259817929 1.9349891495699236 -0.008362133143736072 0.03035704709894016 -0.002858669985736584 0.7136973357370248 0.6997902476165397
246 1785157928.847418 1.6306756540051013 1.9346265127042088 -0.00813262063300036 0.029550456865114594 -0.0030243336470127113 0.7130863545493438 0.7004466252760321
247 1785157928.879068 1.6304368700098848 1.9347214196787352 -0.008518288352752354 0.026761939067394436 0.0011087460063500254 0.7133807742424009 0.7002645501815433
248 1785157928.911083 1.6310041711790881 1.9352291904800931 -0.008554395635394632 0.026292752682197662 0.0028726106864016554 0.7130956406163287 0.700567660257184
249 1785157928.947056 1.630797555118364 1.935393112091801 -0.008508395660211762 0.026662864748288495 0.0018436808120989578 0.7130001938312578 0.7006542771446316
250 1785157928.971105 1.6305308209044316 1.935401885108621 -0.008412290484155122 0.026792951885170058 0.0009021239052838803 0.7129976325146158 0.7006537660858546
251 1785157929.003041 1.630799683608272 1.93541151566037 -0.008599915122388793 0.026935609213260325 0.0013304644383520525 0.7132008956054521 0.700440707931992
252 1785157929.027219 1.630811313921052 1.9352800861691077 -0.00847913129076272 0.026780995999323043 0.0016475519840053465 0.713799313970626 0.6998361259615054
253 1785157929.06307 1.6305074677816909 1.9356379557588843 -0.008397156808292103 0.027329375529547506 0.0009553378613622598 0.7184392848947329 0.6950519307812049
254 1785157929.087164 1.6291871700551241 1.9351856912852905 -0.00806910516620489 0.026701742183774635 0.0015939490862286743 0.7258977745626828 0.6872822543726895
255 1785157929.119062 1.6281559978638467 1.9349183838482455 -0.008114897378527774 0.027193120617832522 0.0013813650320785298 0.7396818402730388 0.6724056820045491
256 1785157929.143269 1.6281022760033597 1.9349837293780798 -0.00797970006762666 0.02840200349547395 -0.00015951851255846528 0.7530912517914401 0.6573027211464206
257 1785157929.179097 1.6281526106270112 1.9360306131320169 -0.007860507785557136 0.029801909917365754 -0.0013642172736715308 0.7751398381663223 0.6310849517806577
258 1785157929.203386 1.626834564902985 1.938501375084977 -0.00871947537025898 0.029907580012 -0.0014445582536585233 0.7941694333531103 0.6069582860764632
259 1785157929.235093 1.626277769359152 1.9398812254264401 -0.008924338357407316 0.029635671601262903 -0.0011939393272120125 0.822699690942809 0.567701964062334
260 1785157929.26706 1.626433883519497 1.9411312519927963 -0.008767341469267963 0.030881021948782506 -0.0019886391882196763 0.8513816471476151 0.5236331718844709
261 1785157929.295114 1.6250462540366726 1.9418989615617455 -0.008806443859390771 0.031475503712132175 -0.002455179343571867 0.8705245888818649 0.49111119404114456
262 1785157929.327134 1.6220517563672314 1.942149848726825 -0.008897472659171742 0.03211459297696895 -0.0032400941618593304 0.8937442518599708 0.44741408893217394
263 1785157929.3591 1.6195961709451012 1.9416851326519826 -0.009304069710950102 0.033629262089487355 -0.003916985463212619 0.9151024803244894 0.4017974371000457
264 1785157929.383072 1.6177498674731845 1.9407093898219643 -0.00968933532067831 0.03378473707444063 -0.004338088608709878 0.9295664866250131 0.3670775387730274
265 1785157929.419127 1.6160431003592837 1.9385357519816258 -0.009386465229963534 0.0334560099794019 -0.005113963923774945 0.9469379818368436 0.3196294750551175
266 1785157929.443134 1.6148386090607212 1.9348456549046968 -0.010592306501014264 0.03397127197129246 -0.005563787450777902 0.9579139687174747 0.28498390390650485
267 1785157929.475114 1.6116995928780364 1.9365205133697745 -0.01131266398014608 0.035598638475492106 -0.006009866732106961 0.9709713153463806 0.23645575318666506
268 1785157929.507123 1.6110746584030773 1.937197340854339 -0.011188076881408812 0.03528488709441743 -0.005910300083579179 0.9818224852796789 0.18639917514541518
269 1785157929.535159 1.6116872060406109 1.937345732884022 -0.010728183385583831 0.034876763581537434 -0.006486622157816757 0.9880196841624489 0.15019533548880312
270 1785157929.567112 1.6094446006275938 1.9368447764242005 -0.010411087021547086 0.03511132367427383 -0.006930024053296069 0.9935149562267915 0.10792220100673156
271 1785157929.591171 1.6094625320073872 1.9360000207451238 -0.010735420031129022 0.03491631020392738 -0.007048756264057765 0.9960119806445056 0.08180037120626071
272 1785157929.623141 1.6087727603600652 1.936486861165916 -0.010682924088608041 0.03456526793283857 -0.00642198103992625 0.997867670714564 0.054991928088989145
273 1785157929.651153 1.6086874512238503 1.9363362079347248 -0.010886512686608195 0.034625519770830754 -0.0065388160947577045 0.9985341937666241 0.04108261364028573
274 1785157929.683119 1.6082238163528162 1.9360842320419929 -0.011041459698387102 0.03518710407926906 -0.0063709820552413365 0.9988916983971186 0.0306047899435134
275 1785157929.715113 1.6084726233888882 1.9360839019636702 -0.011029139085107015 0.03566087549041391 -0.006098641837874674 0.9990766240595724 0.02317342841960518
276 1785157929.743165 1.607995288272224 1.9359852935588555 -0.011154503569142764 0.03538148923438772 -0.006261397597397855 0.9991956462564381 0.017804651691718465
277 1785157929.775157 1.606807097625323 1.936089703239091 -0.011212818370703901 0.03601975674068597 -0.006075003139321966 0.99929411171841 0.00877210043908061
278 1785157929.79914 1.6062760710769426 1.9356890647791516 -0.01104663277786182 0.03701510478840042 -0.006473650940273246 0.9992929097427019 0.0012862344155143424
279 1785157929.83112 1.60560173908088 1.9355806280324983 -0.010945706819921623 0.03714444633935626 -0.006222574163716077 0.9992543560459846 -0.008503034755019456
280 1785157929.859185 1.6052004964359419 1.9354315034711156 -0.011192124511298748 0.036703407537505284 -0.006276011723797492 0.9992019073134792 -0.01445752306184317
281 1785157929.891166 1.6056823984017938 1.9353385943827137 -0.011275399487678452 0.033664140693554 -0.005870216153572083 0.9992547998109377 -0.017947457994885396
282 1785157929.915374 1.607706741602894 1.9354420583611793 -0.011045714515188043 0.034316615469148826 -0.006072318969429502 0.9992572104763969 -0.016447618551201804
283 1785157929.947133 1.610543321986507 1.9356399635573927 -0.011323298148113548 0.03415883475777404 -0.005875584229107056 0.99932328364163 -0.0123136627234946
284 1785157929.975521 1.613306384941393 1.9362094774309695 -0.01175501609323712 0.03407060294499642 -0.0056917639539779685 0.9993681298168522 -0.00837489966649102
285 1785157930.00719 1.617213747752811 1.936578020912031 -0.012263571142511781 0.034291020328105104 -0.005322260297652592 0.9993867187732974 -0.004688902827285624
286 1785157930.039163 1.6218470622740488 1.937011981743627 -0.01274365070788893 0.03418363114117301 -0.0053122981874399455 0.9993871594845319 -0.005344558673136823
287 1785157930.063313 1.6241997016991339 1.9372448275115692 -0.01375310433810012 0.03469404529970699 -0.005342097003102286 0.9993468359572736 -0.008584094741873993
288 1785157930.099188 1.6299251487763133 1.9375750698927694 -0.014100947086900253 0.03451558112234032 -0.005378676341667943 0.9993306820930781 -0.010859665187393452
289 1785157930.123208 1.6338056190776473 1.9378201187783952 -0.014655669400553135 0.03535267245275703 -0.005200583552827709 0.9993067783863472 -0.01044534117481044
290 1785157930.155184 1.6400615105512393 1.9382015046474335 -0.01503158049562123 0.03611803776075867 -0.004619404224534995 0.999295155256387 -0.009129136543847671
291 1785157930.187176 1.64583826384605 1.9387506207377956 -0.015179371351994812 0.035445857704930916 -0.004711841361762947 0.9993116284431375 -0.009882255859274047
292 1785157930.215215 1.6504803376833332 1.9391159942036449 -0.015352885630327624 0.03572758209297311 -0.004751861272237812 0.9992820052223373 -0.01168048505259861
293 1785157930.247223 1.6570632654927242 1.939266330122192 -0.01565547409559896 0.0361493564929824 -0.004497222156413017 0.999254119311207 -0.012814213109015427
294 1785157930.271241 1.661538780445379 1.93938437246894 -0.015961474634839243 0.036361375741576774 -0.004523318175023272 0.9992447752607996 -0.012933254070855105
295 1785157930.303203 1.6671485024627144 1.9397649957404428 -0.015889610794440692 0.04108491425633165 -0.0050003796142579215 0.9991332004218687 -0.004458008413752379
296 1785157930.331224 1.6688933906535643 1.940140015487537 -0.015675142175449998 0.04239382866572616 -0.0058061903612609544 0.9990837798535888 0.0008076373046424501
297 1785157930.363226 1.6680813004913861 1.9397368021786932 -0.015894466425067068 0.03961607921135607 -0.005834407045211987 0.9991977906512214 -0.000548744082543462
298 1785157930.395199 1.6667083049642557 1.9396929636378804 -0.015969953077501098 0.034679913323470535 -0.004498741231243886 0.9993879722483192 -0.0008636345312461602
299 1785157930.419213 1.6663248246429097 1.9399386885026086 -0.015939702516023654 0.03552018730543971 -0.005046467823126899 0.9993548161472824 -0.0016735888169249757
300 1785157930.447548 1.6669431796958074 1.9398708561191342 -0.015986252398718818 0.036471220765071144 -0.005006500619895271 0.9993202154082564 -0.0019728364971397516
301 1785157930.479256 1.6671483922843238 1.9397299434866428 -0.01605724850007557 0.03694897571944544 -0.005035138746019907 0.9993041439066745 -0.0008053210792124954
302 1785157930.511228 1.6670592016215429 1.939692847752438 -0.016114279453569517 0.03641624421986006 -0.005110242919082464 0.9993233657734141 -0.0007437698050213326
303 1785157930.535466 1.6670924378471057 1.9399850983592404 -0.01598591676196178 0.036418496800236844 -0.004826578316006025 0.9993247371182377 -0.0006833857886044403
304 1785157930.571252 1.6669970588617493 1.9398850012949074 -0.016051690598286893 0.03623317144574695 -0.0048681929574841964 0.9993313206928588 -0.0006078376251152373
305 1785157930.595246 1.667214916268697 1.9399031489517782 -0.016000305994210418 0.036238862547563644 -0.0048670796368521785 0.9993310704156853 -0.0006841629253275805
306 1785157930.627225 1.6669327510737957 1.9398736679202273 -0.016067084617708918 0.03605985666346012 -0.004764976241520169 0.9993380592059297 -0.0006520439819196477
307 1785157930.663259 1.6671275550296403 1.9397340745215725 -0.016014499809197814 0.03619336704802828 -0.004914108090233071 0.9993325689416435 -0.0005553160358404696
308 1785157930.687294 1.667006962767886 1.939670052039 -0.016082949901916502 0.03617863131520588 -0.004992010539875025 0.9993327229220281 -0.0005434741695619638
309 1785157930.711242 1.6670763348643025 1.9396572470058722 -0.01598927192120278 0.036129076535550586 -0.004949053406450354 0.9993347346307754 -0.0005337223121281154
310 1785157930.743244 1.667093686053668 1.9396821426794408 -0.016030723575596654 0.03616424931154216 -0.00502298390436251 0.9993330768473805 -0.0005641127339349183
311 1785157930.779263 1.6669467223127536 1.9397566577163567 -0.01602559330093347 0.03609631515110373 -0.004927517490485922 0.999335982996437 -0.0006072004925011254
312 1785157930.803279 1.6671834515219506 1.9397237522447655 -0.015925762952376046 0.03608688534743376 -0.004990821570478254 0.9993360426962726 -0.0005497036715903514
313 1785157930.835241 1.66709435384989 1.9396275259133073 -0.0160316397090293 0.03619671870212482 -0.005040417318421364 0.9993318407456169 -0.0005136345319883828
314 1785157930.859533 1.667082283814895 1.93974335209143 -0.0159833436088629 0.03618836352161592 -0.00500600651488925 0.9993322831388033 -0.0005745615607551935
315 1785157930.895275 1.6671390098995957 1.9397582570320047 -0.016007306607964858 0.03618391891152861 -0.005013829638148226 0.9993324112370973 -0.0005633609969116771
316 1785157930.919292 1.6670161830152999 1.9397314517092203 -0.016051366991079112 0.03617812850256924 -0.005009750315173811 0.9993326403139844 -0.0005651751162412122
317 1785157930.951265 1.6671668081164581 1.9397415635338238 -0.0159931556923257 0.03621137498640842 -0.005037585790737542 0.9993312766914076 -0.0005987297518685319
318 1785157930.983239 1.667062671430538 1.9396985766855077 -0.016034245571600447 0.03613630041182769 -0.004977870747028601 0.9993343376056792 -0.0005198822852136575
319 1785157931.011309 1.6670815733397664 1.9398119154652556 -0.015943209765592933 0.03618702766840842 -0.004924302513825862 0.9993327267660477 -0.000592863908453034
320 1785157931.043314 1.667146794199708 1.9398725530104826 -0.015920706675884994 0.03615566645249396 -0.005022535533417638 0.9993333754648384 -0.0005887293471235622
321 1785157931.067287 1.6670471404932041 1.9396385398384126 -0.016073768737315995 0.036179308843588054 -0.005039060443707721 0.9993324896812968 -0.000490457771459174
322 1785157931.099251 1.6670279549478855 1.9397763988004526 -0.0160230867021203 0.03625059375039413 -0.00502555057596743 0.9993299239614938 -0.0005842681469082622
323 1785157931.127317 1.667108482366422 1.9397015067823435 -0.015967444800515103 0.03637091576975665 -0.0051245295363788745 0.9993250754962435 -0.0005377429934649847
324 1785157931.159331 1.6658837363892807 1.9395023882583788 -0.015997888268858788 0.0385895019934297 -0.005252115456810147 0.9992389072150352 -0.002207244170882028
325 1785157931.183544 1.6643687846708328 1.9394082223160818 -0.015729038048670603 0.04015394730479399 -0.005686957425584116 0.9991733243273749 -0.0028261252035065576
326 1785157931.215279 1.6613315535609865 1.9394285446308157 -0.015827645683176097 0.03799236288280888 -0.005070718411973152 0.9992650933932004 -0.0003759032403345408
327 1785157931.243331 1.6583707565567574 1.9397012178774158 -0.015807663335323758 0.03654188092402377 -0.004643332122370114 0.9993189183170569 0.002197703110824123
328 1785157931.275326 1.6542505155043234 1.9397341566048567 -0.015229498185041001 0.03787929068361162 -0.004810172282423253 0.9992614798877864 0.004303067788362314
329 1785157931.307302 1.6488154940662103 1.939420809974976 -0.014815639431132403 0.03922482399182936 -0.005510117274622639 0.9992037195871788 0.004793595057654421
330 1785157931.33133 1.6441865197351015 1.939395995568266 -0.01456780583590658 0.038681410962313145 -0.0055286842222245225 0.9992281664209904 0.004031566405386433
331 1785157931.359369 1.639353282803843 1.9394109419926915 -0.014209202487901335 0.03853546210062003 -0.0054796810346218194 0.9992396368542531 0.0022670235620778634
332 1785157931.391349 1.6318253195205235 1.9390121397366926 -0.013581170875119265 0.04080017299085026 -0.005715304548953304 0.9991475713530893 -0.002609949626489305
333 1785157931.423319 1.6225265336889594 1.9385680642847238 -0.013128807096873477 0.04281593334950656 -0.0061801746205870645 0.9990159721442594 -0.00978205978974478
334 1785157931.459339 1.61311067203813 1.9376305891468917 -0.012276396481970847 0.041625026556750044 -0.00639282947530001 0.9989543757069459 -0.017794497784312746
335 1785157931.483352 1.6044556075401037 1.9367212611841578 -0.012072526912501914 0.04089760526570596 -0.006432628243539185 0.9988554986041149 -0.023952037193861075
336 1785157931.507699 1.5948775324510236 1.9357395988923924 -0.011707093757227689 0.04067677942407688 -0.0066140079734372526 0.9987049894312426 -0.02983284430546368
337 1785157931.539327 1.583395470691469 1.9341476150231767 -0.010745834950040611 0.04100810207615993 -0.00662043450244898 0.9984212182635592 -0.0378097385896862
338 1785157931.575348 1.5704631013749473 1.9326359695669164 -0.010021165666710671 0.04106669791286843 -0.006621363577979211 0.9980511267470416 -0.046514860699162
339 1785157931.599372 1.5594449901253191 1.931391625510013 -0.009972694387106445 0.03991856930357779 -0.006448428582491728 0.9977820837999529 -0.052875692349091286
340 1785157931.631325 1.5455550209134825 1.929101425373207 -0.008961496309398714 0.03894326111233562 -0.006617039682402237 0.9973506887759286 -0.06108388329141115
341 1785157931.655354 1.5346026051063624 1.9274143384641478 -0.008366218976771422 0.038690716747772885 -0.006761377620471909 0.9969617231680757 -0.06726540528353506
342 1785157931.691359 1.5196101050757376 1.9245111316068804 -0.007779510222162056 0.039239857720636206 -0.007137937978702769 0.9962774812264176 -0.07642292724452387
343 1785157931.715382 1.5071343655812948 1.9221376235018386 -0.007493069984360924 0.0393693024264298 -0.007408342535372148 0.9956726167787224 -0.08385233857410354
344 1785157931.747347 1.490862802707174 1.9189006574573355 -0.006775762904153382 0.03917968013085346 -0.007751440459272396 0.9947566034338648 -0.09414970929520164
345 1785157931.771547 1.4786050342017525 1.9161865241050537 -0.0063540017743800165 0.03914199392664963 -0.008158533040578175 0.9939742959062845 -0.1020609706385247
346 1785157931.807374 1.4615707412751149 1.9123376595246753 -0.005666268267340568 0.039314419264478706 -0.00848866664386927 0.9927690965958726 -0.11310101600215977
347 1785157931.831413 1.4486849455963173 1.909473566965218 -0.004790867851842642 0.039461336169951566 -0.00846733103046926 0.9917666596965673 -0.12153188868447434
348 1785157931.863389 1.4315886145486714 1.9054136274208435 -0.0036676633330999867 0.03902607731495231 -0.007857419970760782 0.9902858500954022 -0.13322597847881432
349 1785157931.895337 1.413838047725366 1.9009028234730136 -0.0027776586683134277 0.03785682126496473 -0.007979426481372232 0.9886274496190943 -0.1453236240133924
350 1785157931.923407 1.4003447055734453 1.8968173785668885 -0.001890892413642667 0.036963520661049604 -0.007681136885364093 0.9873102503053296 -0.15425034171280197
351 1785157931.947398 1.3872606233486129 1.8926348926054384 -0.0011335475975166737 0.03663439261513729 -0.007579279762218116 0.9858093479752015 -0.1636471974728378
352 1785157931.979402 1.370996675186398 1.886762624323926 0.0005561223875802865 0.03652780973374703 -0.007792897043632396 0.9835897964412875 -0.17651091243407413
353 1785157932.011356 1.3544563360208055 1.881462999530135 0.0017893653006936724 0.036880169588137834 -0.008326855794893506 0.9810955981520841 -0.1897944779236898
354 1785157932.039426 1.340314774703415 1.8749285217388958 0.0020964497473270477 0.038009473782466746 -0.008769470946645097 0.9790305551749037 -0.19994386291160807
355 1785157932.071437 1.3255564464672196 1.8717989956118841 0.004263949973003896 0.038564997487740726 -0.008693659185232128 0.9758432902976214 -0.2148651531539112
356 1785157932.095639 1.3172375406591708 1.8726594283308473 0.0059242565599570834 0.037814319743623315 -0.008682154062350012 0.9732558856342752 -0.22642367036466732
357 1785157932.127391 1.2993898549148608 1.8644288772689772 0.006001219922589694 0.03599627043819109 -0.00847637126154499 0.9697559232208248 -0.24125892527096893
358 1785157932.155429 1.2865142217184773 1.8570862744700756 0.006866898891950357 0.03476147077210634 -0.008900605243654214 0.967017505063284 -0.2521697132433598
359 1785157932.18745 1.2697306407209734 1.848574437110643 0.007706570569983466 0.034130882624665765 -0.008787075028598823 0.9629707208771081 -0.2672924632254451
360 1785157932.219408 1.2539586276822456 1.8416068894890376 0.008503374102124324 0.03425114331322898 -0.007902591938500403 0.9585227186242615 -0.2828402483797967
361 1785157932.243497 1.2437095206084345 1.8370697797434339 0.010084596589262015 0.034188078014080664 -0.008245591166555433 0.9550584899547973 -0.29432374405283634
362 1785157932.271533 1.2332622259987693 1.831477916172529 0.011125378667898742 0.03461807474429801 -0.008736820662587075 0.9514629613359197 -0.30568527944863555
363 1785157932.303462 1.2217261382660065 1.8279152682631685 0.013596264289373404 0.03462935104457576 -0.009082285360216713 0.9463117805226878 -0.32126676482768596
364 1785157932.335426 1.2081164678752607 1.8176668815513364 0.01499129030820509 0.03485489685264917 -0.009777234965034964 0.9411549124037857 -0.33603120792577024
365 1785157932.367404 1.191987134639565 1.8034863063946789 0.01455385083643567 0.033801162035139165 -0.009287521061589477 0.9357140176710194 -0.3510135332598505
366 1785157932.395473 1.1811973665069366 1.7952009491713579 0.015137034530358133 0.032473964700445945 -0.009496914608125517 0.9313702203044709 -0.36249794890393716
367 1785157932.427438 1.1658783288903913 1.7797894147649496 0.01490616179076644 0.032565891175809436 -0.009253467368048551 0.9258522062394801 -0.37636621563987527
368 1785157932.451454 1.1552074789847164 1.769190447597338 0.015657345822206202 0.033101811032986594 -0.009035760780451763 0.9216077871250468 -0.38660278302662243
369 1785157932.487483 1.142610306968752 1.7558709902658294 0.016135999367861677 0.033983637443216 -0.009249835196461664 0.9158170753625117 -0.40004829384640783
370 1785157932.51149 1.1327306129622143 1.7444340615196614 0.01653964492897476 0.034203534928667234 -0.009436645023042645 0.9112182593628997 -0.4103929235899906
371 1785157932.543444 1.1206337155446362 1.7305497078968148 0.016733355943505213 0.03371226949506456 -0.008881781623178098 0.9047139102025034 -0.4245907883206925
372 1785157932.567644 1.1118716577317334 1.7197154262018985 0.017154540918687063 0.03320536459439871 -0.00889787200327996 0.8996351424750764 -0.4352870800515626
373 1785157932.60347 1.1000407426143206 1.7052727121995028 0.017455683149910913 0.03263134863087813 -0.008907166244372267 0.8924810920748627 -0.44981480385252504
374 1785157932.62775 1.0922688710274184 1.6940489291864627 0.017697350473660254 0.03291051518610477 -0.008881919385940074 0.8869929124720748 -0.46052316198266663
375 1785157932.659464 1.0818185115876426 1.6788819229582868 0.018338576000909303 0.03387648926684217 -0.008996228748809787 0.8794784311405925 -0.4746463320217854
376 1785157932.691425 1.072486780496153 1.6639710499544542 0.018329690138841004 0.03494293882125421 -0.008762600551697863 0.8721424199697557 -0.487923976811351
377 1785157932.719504 1.065901095632719 1.6528696573410226 0.018941027325535445 0.03475851292726087 -0.008217976253373893 0.8666896613255248 -0.497567424171671
378 1785157932.751501 1.0556023439447364 1.6359919486667764 0.018969490078741803 0.03434158700129042 -0.00765206789736439 0.8595184361614576 -0.5098923015281651
379 1785157932.77548 1.0498825673712657 1.6249349280062408 0.018971204123621313 0.033613354433030485 -0.007708862210319745 0.854413789948452 -0.5184474818080463
380 1785157932.807449 1.0424153453415912 1.6094790345864118 0.01933251439897828 0.03227483166378142 -0.008117241102132189 0.8475199747402302 -0.5297191124117423
381 1785157932.83551 1.0371301577403913 1.59805133362381 0.019856037163367188 0.03152818302147109 -0.008005251186362639 0.8419567486633046 -0.5385635737859784
382 1785157932.867503 1.0294201938946166 1.5818585435855195 0.019500125857142524 0.031419590820981 -0.008161456444011006 0.8342280006476581 -0.5504632983921505
383 1785157932.89171 1.0245378619256895 1.5701999859185714 0.019883714450224417 0.031217719724857762 -0.008403321758682969 0.8286437490369305 -0.5588419949687218
384 1785157932.923467 1.0179406060460643 1.553712775805447 0.020301776893558235 0.030888889669705266 -0.00841728364262151 0.8212255227505505 -0.5697048943217335
385 1785157932.951514 1.0135158730159992 1.541729747990804 0.02025960425259555 0.03101691877146806 -0.008078128276642116 0.8156484964218685 -0.577659263647884
386 1785157932.983536 1.008324956944253 1.5261111620357406 0.020587792476319398 0.031661504047954314 -0.007872354398932857 0.8086379226104666 -0.5874012983590248
387 1785157933.007602 1.004472238989142 1.513989337034514 0.020722281818508215 0.03231915496719806 -0.007776898713952152 0.8035195726543041 -0.5943494665851429
388 1785157933.039496 0.9998557519333445 1.4975189444112558 0.020834353424543203 0.032870385093400234 -0.008331038403954105 0.7971304669065664 -0.6028541700214427
389 1785157933.067687 0.9965942249397552 1.4852495483022001 0.02083890000671579 0.032228416037891616 -0.009624608994142969 0.792343340519774 -0.6091475411059
390 1785157933.099628 0.9926912559600795 1.4690897592291479 0.02108195545803184 0.030100438211178804 -0.012178169634061597 0.7854705312783938 -0.6180466813252028
391 1785157933.13153 0.9889171064945055 1.4520105269161312 0.02089647627019015 0.028271625385975385 -0.014482213965201218 0.7783765365025033 -0.6269935789934924
392 1785157933.163537 0.9855746858611836 1.4353035328097001 0.020553019389310777 0.02784733069263412 -0.014286524920349764 0.7707944639730465 -0.6363146357640215
393 1785157933.20759 0.9817886915694125 1.4142080081814343 0.020292591078411165 0.029251486520460612 -0.013003148455880464 0.7610149849406855 -0.6479440264114686
394 1785157933.23955 0.9795126744071635 1.3975880688561655 0.020061150794521868 0.029862131291936045 -0.011852659943516253 0.7538788224490207 -0.6562274671406589
395 1785157933.271553 0.9773699880801247 1.3811036053781547 0.019963139715493954 0.029634252907868475 -0.012362723452155833 0.7473103921009421 -0.6636988413289377
396 1785157933.299646 0.9760383248125415 1.3693594612979632 0.019578763967092537 0.0292038797498112 -0.013481483317313026 0.7422842570894855 -0.6693126808093764
397 1785157933.331607 0.9745318918817523 1.3524318154582056 0.019517461308250387 0.028098832275736507 -0.014769301768726262 0.7348815426773045 -0.6774521692209934
398 1785157933.371559 0.9736422433682901 1.3322738484321115 0.019393517041586577 0.028490552828286164 -0.014637373174666735 0.7244853083089 -0.6885456221272797
399 1785157933.395662 0.9730444083254924 1.3190823863391334 0.019137393425144027 0.028736739190025617 -0.014014622283365474 0.7183629201687797 -0.6949334537274505
400 1785157933.431579 0.9729019113312785 1.3038157841923823 0.019091843855864953 0.028636778053370948 -0.013354497017712186 0.7103309132179415 -0.7031582937568833
401 1785157933.455566 0.972627533679371 1.2914535737157082 0.01896947608702284 0.02854428221920846 -0.013222069862513064 0.7043818524555975 -0.7091238303373834
402 1785157933.487548 0.9730637043423485 1.2753786371301676 0.01869895310848426 0.02804064922704963 -0.013445559782142125 0.6967417838585416 -0.7166476299679556
403 1785157933.515611 0.9730506216422763 1.2634999174006336 0.018487103878116112 0.02758906372515979 -0.013802799290173251 0.6908741381752803 -0.7223165867506353
404 1785157933.5476 0.9737228035185392 1.2479964954762082 0.01824263599297765 0.02722895240178891 -0.01439076865877753 0.6830685766374515 -0.729704604301629
405 1785157933.571726 0.9744356550084996 1.2356577270998386 0.0179986619023495 0.026980740955759752 -0.014394481317268393 0.6770081427532259 -0.7353399303525633
406 1785157933.603597 0.9755739408867824 1.2203287176556672 0.017793048209957862 0.02644447650348647 -0.014281893399383905 0.6687104255999795 -0.7429152602264134
407 1785157933.631612 0.9766497219973053 1.2087716398832347 0.017744993732910323 0.02628136207761378 -0.014332258635071149 0.6626670787288322 -0.7483155879298243
408 1785157933.663604 0.9783904317539152 1.1929701876551566 0.017456274352897774 0.025836222021049404 -0.014139266069706058 0.6546121778035182 -0.7553909368386836
409 1785157933.687801 0.9800317792465193 1.1815438675424956 0.017387813607250238 0.025375070678802514 -0.014063066206781771 0.6490503437147541 -0.7601920726241949
410 1785157933.719551 0.982237584186121 1.1663436720281237 0.01704345050238764 0.025143364126762546 -0.014343134202177255 0.6413557669394389 -0.7666973757325454
411 1785157933.747622 0.9840114887481236 1.1548114014101833 0.016849205245395356 0.024491040548254017 -0.014903905433793718 0.6355479394833273 -0.7715289230833676
412 1785157933.779617 0.9869618545854809 1.1393392742846933 0.01651052998194849 0.023294748358658413 -0.015921187981394747 0.6274507809028675 -0.7781448374284506
413 1785157933.811612 0.9901982566183617 1.12502219545744 0.0166824409438616 0.022678092563477525 -0.01593625915213437 0.6183012986725054 -0.7854522543234643
414 1785157933.835572 0.9930825006188241 1.1140433862422991 0.0164714512446614 0.023812736909007648 -0.015056685479345466 0.6111033163059032 -0.7910492946607094
415 1785157933.863894 0.9956038193402462 1.103577915473481 0.01632459228807983 0.02445696017271448 -0.013920325925238286 0.6036569137208212 -0.7967473954411763
416 1785157933.895642 0.9995279153468756 1.0888849848864561 0.01607312025503496 0.02440436039101901 -0.012971909745760235 0.594074724255102 -0.8039349344024539
417 1785157933.927618 1.0040639526589727 1.0746009504236875 0.01563558230203553 0.02384266904124921 -0.01298081862213929 0.584961923814231 -0.810606299733997
418 1785157933.951589 1.007491541716528 1.064121718767495 0.015495243170584067 0.022889816529146234 -0.013389512758809063 0.5782578447639559 -0.8154229836203346
419 1785157933.979951 1.0111659399338746 1.0532469982397248 0.01490057371191525 0.02189831289130284 -0.013819040182940223 0.5713937674619634 -0.8202674323210454
420 1785157934.011944 1.0160104076004963 1.0393141580304175 0.014725116467576932 0.020617720920951932 -0.014638293639062105 0.5618711248576018 -0.826838236292091
421 1785157934.043639 1.0214914493852851 1.0250781508546907 0.014205606288604261 0.019322037855924457 -0.015265126670176654 0.551586986688325 -0.8337538191078537
422 1785157934.075644 1.0271097474084698 1.0114922458708748 0.013685424068134847 0.018992874654052527 -0.014755572063647526 0.5408937140636613 -0.8407470094456885
423 1785157934.119664 1.0347898539651164 0.99485851438044 0.013301388879864331 0.019025246550958608 -0.014143593409645439 0.5277849152818582 -0.8490471612107656
424 1785157934.159661 1.0432270395667738 0.978256119759755 0.012814391423248597 0.018039077104728962 -0.013834718798948487 0.5147181184278551 -0.8570580206818277
425 1785157934.191707 1.0499132275676686 0.9655879294786495 0.012389052393341426 0.017917716972380204 -0.014004545627653103 0.5038412771227664 -0.8634968416778143
426 1785157934.227662 1.056990748406983 0.9528303701654564 0.011495209896578991 0.018083290071206515 -0.013971158172360304 0.4924692957534108 -0.8700297662147334
427 1785157934.259741 1.0646827299989645 0.9403778921697801 0.010846998089246565 0.017427971873294867 -0.014114612048299807 0.48113507072707107 -0.876359565041408
428 1785157934.291649 1.0730594415373127 0.9280666118679007 0.010204718107213406 0.01712960030647226 -0.014782806113022184 0.4696779025316597 -0.8825478532692865
429 1785157934.31996 1.0787312889512308 0.9190869995714503 0.010102251284606366 0.016735504776839383 -0.015116043663621292 0.4605504732073056 -0.8873469951109041
430 1785157934.351689 1.0869438140329453 0.90720949610547 0.009486477766077 0.016461117328234076 -0.0150022477874181 0.44838500297869055 -0.8935630102468605
431 1785157934.383669 1.0950770867367057 0.8959595899982642 0.0090714693395504 0.015527102952960115 -0.014673631822016975 0.43619876236006616 -0.8995967059291551
432 1785157934.407859 1.1021517314867342 0.8873311377513126 0.00852655156762401 0.015481553613600818 -0.014525275943111038 0.4270794244709786 -0.9039648793233194
433 1785157934.435672 1.1087029117313714 0.8790864807339006 0.00820119116535628 0.014845955088583662 -0.01462305872266334 0.4176597947287266 -0.9083644971256084
434 1785157934.467701 1.118079668909104 0.8681520109773043 0.0072161817684257695 0.014198346250570149 -0.014492299057596858 0.4045724776579196 -0.9142808597764183
435 1785157934.499681 1.1267750724787426 0.8584790789379654 0.006601975076906942 0.014351265996572216 -0.014032772853914133 0.39131299576252054 -0.9200387284227158
436 1785157934.523833 1.134535103501227 0.8505935718525344 0.006000330608625759 0.01406925275849713 -0.013834285632332188 0.38094177118111583 -0.9243884657638557
437 1785157934.559679 1.1441370240565567 0.8417724188536148 0.004929243982201251 0.013959803081934397 -0.01456876648727859 0.3674193471033227 -0.9298364900965768
438 1785157934.583721 1.150879501073161 0.8361062966859866 0.004406966790062493 0.01349050847020472 -0.015220699878693233 0.3572238397670523 -0.9337973360309513
439 1785157934.615715 1.160567281268965 0.8282186527180498 0.0036755173296032506 0.01352789181206504 -0.014353935020690711 0.34316429093400924 -0.9390682776669126
440 1785157934.647683 1.1704150587496378 0.8187105457109185 0.0031213861065986295 0.012897266513389183 -0.014719320652609058 0.3285002490908754 -0.94430111112041
441 1785157934.675718 1.1771991973791849 0.8127249272709565 0.0029245955627161396 0.011701112387196622 -0.01538571047854942 0.3186012415299797 -0.9476917287691858
442 1785157934.699979 1.1843360457597623 0.8078379074171087 0.0022889233494199843 0.011723625692218964 -0.014832588604955399 0.310190800727434 -0.9504863060875619
443 1785157934.731709 1.1928584744008537 0.8011369594055793 0.0018394037264944166 0.011131244323576817 -0.014783164598247717 0.29990981398868843 -0.9537880566024824
444 1785157934.763665 1.2012126308268374 0.7956919302668466 0.0015117273462860528 0.010906392218747063 -0.014981158526010258 0.29038277254471045 -0.9567311330291477
445 1785157934.791724 1.207085950205533 0.7916432956268824 0.0010645466050963684 0.0110413304338276 -0.014871783395860566 0.28195756783897663 -0.9592480643812665
446 1785157934.82375 1.2148056881634883 0.7869397034918058 0.000847581627433168 0.010542501702942464 -0.015753816978157476 0.2692946103123247 -0.9628712716480825
447 1785157934.847939 1.2204635593702946 0.7834015134010108 0.0005964541743878199 0.010213024960224248 -0.015824918427848278 0.25982747816835794 -0.9654713603554408
448 1785157934.879735 1.2270148949433426 0.7796859960915945 -6.061568529065753e-06 0.010217468753233039 -0.01476394463132058 0.2500173744930684 -0.9680748636974276
449 1785157934.907727 1.2314968499743641 0.7772284596021068 -7.367598545125753e-05 0.010240954442223282 -0.014394260213705379 0.2436801531835261 -0.9696947514911411
450 1785157934.939757 1.2371550822511426 0.7743660070149581 -0.00025070528935029063 0.009757072522946775 -0.013943042847631482 0.2351825795527832 -0.971802215148139
451 1785157934.971723 1.2423318581949738 0.7717077931321941 -0.0003168452745326844 0.008980473042979165 -0.014139984822399171 0.22661601606067341 -0.9738401271245374
452 1785157934.995714 1.2462459184917063 0.769916379334049 -0.00034232394015686063 0.008882914446642742 -0.013570031079718575 0.2205084746541657 -0.9752502041492337
453 1785157935.024061 1.2505281879011534 0.7680666026827271 -0.0006716018585796943 0.008508326866808025 -0.014116341535331589 0.21606967894854134 -0.9762388186886751
454 1785157935.055746 1.2550966096012868 0.7660363374454412 -0.000652596425543911 0.008189009195639363 -0.014740113028761881 0.21072593275051144 -0.9773997393404196
455 1785157935.087733 1.2593051017316315 0.764392206210563 -0.0005913507102916563 0.008040206103298364 -0.014253534516458277 0.2055555516809744 -0.9785086136630249
456 1785157935.115792 1.26269816643951 0.7628811632992831 -0.0005277143709126741 0.007871084603319367 -0.013862230317167962 0.20160600931822434 -0.9793369704062955
457 1785157935.147769 1.2668210905355795 0.7611631550401825 -0.000610135900879244 0.007692532047144818 -0.014893118537693317 0.1973853855708504 -0.9801826511084415
458 1785157935.171974 1.269622598267712 0.7600777177582403 -0.0006259328179656354 0.0077195415228126785 -0.01435089949292015 0.1946769746298043 -0.9807320408304239
459 1785157935.203737 1.2733301956016647 0.7586459854192609 -0.000670706442154223 0.007323879229191643 -0.014219149051746177 0.19020524243382333 -0.9816140495856664
460 1785157935.23179 1.275773431702562 0.7577815586465888 -0.0007881033482586008 0.007685515215880789 -0.014724624116837143 0.18732286370200316 -0.98215796236398
461 1785157935.26379 1.278717311626782 0.756925532174912 -0.0007537472970186726 0.007579695078752446 -0.012959410981161268 0.18397681608724226 -0.9828159202169731
462 1785157935.295767 1.2812015399297723 0.7553542270392668 -0.0009006011183440715 0.007093347894087998 -0.013338006341620412 0.17719079257805775 -0.9840605697964147
463 1785157935.31974 1.2833559960808216 0.7548161925740698 -0.0008724742699254898 0.0073578686290206585 -0.013552022237775074 0.1732312324861306 -0.9847604503400008
464 1785157935.348126 1.286337572517233 0.7540292860143654 -0.001128741422501904 0.0072721085060424295 -0.013407629900695772 0.16993515446623303 -0.9853371987166931
465 1785157935.379855 1.2891374005027836 0.7534048200959383 -0.0010470390545818317 0.007076228768809312 -0.014070192252824687 0.16617036880835356 -0.9859712801123955
466 1785157935.41178 1.292065293455227 0.7526224584098864 -0.0012076338188659747 0.007507312339180006 -0.01479763946409024 0.1624272824181221 -0.9865809891002342
467 1785157935.435943 1.2938090914637366 0.7521508784877134 -0.000986369208771605 0.007329329042377375 -0.014947893678781798 0.1603538512693391 -0.9869191880764338
468 1785157935.464046 1.2958531500697612 0.7515256691755392 -0.0011695636899980918 0.007360048482785153 -0.014965250437757649 0.1586124553796051 -0.987200060759783
469 1785157935.495823 1.2978004453255927 0.7510743035385674 -0.0010344338916314644 0.0073455686981134805 -0.014642536296073622 0.15625675938055314 -0.9875806113422883
470 1785157935.527802 1.299138429291079 0.7510839061926771 -0.0009516678393014025 0.00750193259767129 -0.01529024207584015 0.15281777279795153 -0.9881076144943102
471 1785157935.552037 1.3008503210529898 0.7508176184242965 -0.0011460208093944518 0.007523217554540329 -0.014130337940432863 0.15087546968159402 -0.9884231519929481
472 1785157935.580017 1.3017416832918267 0.7504599332656552 -0.00130299589210673 0.0075687829750982205 -0.013142232005397103 0.14884695287876026 -0.9887439405027474
473 1785157935.611839 1.3034602029114433 0.7499191462900715 -0.001265888020963564 0.007863385332702755 -0.011483756039297466 0.1463738126233553 -0.9891314359054828
474 1785157935.64381 1.305220686359176 0.7494568787166389 -0.001379263167349272 0.008036497449294522 -0.011523127268665972 0.14499010610425525 -0.9893333621073206
475 1785157935.668013 1.3061016524308986 0.7491355798390242 -0.0011314262169170655 0.007968164744039385 -0.012839479633292017 0.1443316908184914 -0.9894139776346571
476 1785157935.703831 1.3078379704252638 0.7487464756560372 -0.0011182820974989585 0.007603590181960662 -0.014180712954668273 0.1436330800249228 -0.9895001925815863
477 1785157935.728116 1.3090276359411799 0.7485510905557757 -0.0013176677203845383 0.0074474917440895405 -0.014744383175034098 0.1421940687713167 -0.9897009572783931
478 1785157935.759838 1.3108386715034008 0.7481612216417044 -0.0010947709715189644 0.007691546907213853 -0.014251281076238631 0.13924475879456955 -0.990125566906593
479 1785157935.791798 1.3126866158679502 0.7475995328579507 -0.0011859515598763998 0.007585669899454361 -0.014620736798786699 0.1359609312675635 -0.9905772644455828
480 1785157935.819846 1.3139237398176573 0.747310117797661 -0.0012647400350956767 0.007239534596735875 -0.01465074391677812 0.1339426831196599 -0.9908543295965427
481 1785157935.85187 1.3153564085366332 0.7470163275855031 -0.0013528867412985965 0.0072088383654038135 -0.014499667882265171 0.13208004046882824 -0.9911067829404048
482 1785157935.876034 1.3163176365151108 0.7466510204108059 -0.001326179570262015 0.007196726271831877 -0.014817257607443318 0.13064138538941564 -0.9912928348533027
483 1785157935.907807 1.3173693146636682 0.7457008819994937 -0.0015773730671617553 0.007090887104380494 -0.014220844309341507 0.127923881806366 -0.9916566781758662
484 1785157935.936168 1.317951119187873 0.7459735324666599 -0.0012779236593770185 0.007179711408356992 -0.014232692310625905 0.12619069486067064 -0.9918779112089677
485 1785157935.967888 1.3197066425710988 0.7456908412481543 -0.001437473258823145 0.0070464307806074045 -0.013739483907646677 0.12417499755221206 -0.9921401838339751
486 1785157935.999851 1.3208510882133 0.7453880420023178 -0.00136157773619916 0.006884738601854179 -0.014165681604020902 0.12215564757036665 -0.9923859791460892
487 1785157936.035879 1.3222076081066234 0.7450657224766855 -0.0014413946290766644 0.006837615858306945 -0.014470759473897615 0.12044162279083939 -0.9925913860341182
488 1785157936.059873 1.3229598812607777 0.7450077861235289 -0.0016314882115972332 0.006840132854995851 -0.014308804732488245 0.1196673822058043 -0.9926873567874548
489 1785157936.084013 1.3231140615002979 0.7447034506736239 -0.0012694099202776518 0.0068633410659824645 -0.01462106029044849 0.11888537605562324 -0.9927766045317086
490 1785157936.115867 1.3239771664521278 0.7445658534259844 -0.0011579137001654985 0.006746932031216235 -0.014065998340620584 0.1187620058962571 -0.9928001876280773
491 1785157936.151869 1.3248377407603835 0.744355994299341 -0.001150272477269891 0.006633414086270495 -0.013929825251736305 0.1182861578615031 -0.9928596792318538
492 1785157936.175901 1.3254711713855085 0.7439480061746644 -0.0013401839675274765 0.006706623068264028 -0.013359580035310265 0.11683821815485992 -0.9930384552507008
493 1785157936.207884 1.326500150889832 0.7437640834963112 -0.001191305078915593 0.006717082081726 -0.013181397483294471 0.11486543421470577 -0.9932708913440291
494 1785157936.232099 1.3276907765782255 0.743497751465418 -0.0014132207624154708 0.006418938889768189 -0.013586144783880927 0.11324692268769865 -0.9934532441917976
495 1785157936.26788 1.328930167932693 0.7432285607111356 -0.0014892605179283314 0.006397102593375781 -0.014710339772416675 0.11161010495734211 -0.993622598099299
496 1785157936.291909 1.329697960372541 0.7430326918755406 -0.0014419608334960213 0.006281086246661682 -0.01466813871084352 0.11074550886768311 -0.9937206981481063
497 1785157936.323881 1.3304375214760262 0.7427096896820952 -0.0014146594118203057 0.006144697826907075 -0.01414846043190196 0.10985298398599694 -0.9938281469476478
498 1785157936.348042 1.3312625097569808 0.7425689747900971 -0.0013545751298524311 0.006190492328451647 -0.0145333706589299 0.10923501958660353 -0.993890421242672
499 1785157936.383894 1.3321412941330517 0.7422398366339809 -0.0014409216823349572 0.006240707038583704 -0.015067087838955412 0.10803890467154995 -0.9940128930336285
500 1785157936.40821 1.3329879932802953 0.7420885666915225 -0.0014286909510970308 0.006111544028623461 -0.014889145195651848 0.10694208796532198 -0.9941349768550276
501 1785157936.439909 1.3340701212364277 0.7417885185543478 -0.001573844188195568 0.005811430167568132 -0.014541451048446757 0.10474506026834698 -0.9943758071424474
502 1785157936.471868 1.3350614632620266 0.7415342388707106 -0.0016703975697344303 0.0057045307500501186 -0.014187896079356582 0.10295580262751855 -0.9945683810774837
503 1785157936.499913 1.3358259723649306 0.7414182949175039 -0.001690149666669874 0.005716402852945723 -0.014404117181017834 0.10147443229275674 -0.9947174391441627
504 1785157936.524167 1.3368092959088804 0.7413350160020769 -0.0016001806301837868 0.005828258037730516 -0.0147282440605713 0.10007776358985063 -0.9948535326720171
505 1785157936.55593 1.3373146732459182 0.7410014750757905 -0.0015569081064813542 0.005799117413769206 -0.01519470428141767 0.09902368251348426 -0.9949521604079716
506 1785157936.587878 1.3379221826236056 0.7407205023406074 -0.0014361855884875568 0.005838403284278704 -0.014816923074594535 0.09952779797369021 -0.9949073269748294
507 1785157936.615944 1.3389563130388575 0.7406395737225058 -0.0016211693493548562 0.005696884893440002 -0.014687351429091944 0.09984803674088183 -0.9948779808446364
508 1785157936.64795 1.3396275324333133 0.7404200998071035 -0.0015211365511063682 0.0058274120714379984 -0.014372398328645675 0.09908671052371082 -0.994957938423742
509 1785157936.672132 1.3405562948484258 0.7402489648290149 -0.001635190507959218 0.005750216352869764 -0.013953327641585356 0.0978083344837064 -0.9950908347307521
510 1785157936.703898 1.3416442933928885 0.7400497148583263 -0.0017214746791597221 0.0056440058874430155 -0.01468712051491719 0.0959735273931541 -0.9952595217973244
511 1785157936.731955 1.3421717037501353 0.7398167615460434 -0.001617464982919245 0.0055609745293572765 -0.015578356929274728 0.09483833629064492 -0.9953552533278209
512 1785157936.763973 1.3429518694555844 0.7395896019248558 -0.0014990835267711874 0.005625665892602938 -0.015080168960661583 0.09385166883527721 -0.9954560787117713
513 1785157936.795921 1.3438242089859784 0.739267376364352 -0.0015329501820345523 0.005514812952210957 -0.014820020301020337 0.09213419782849777 -0.9956210340420089
514 1785157936.81991 1.3444865232281145 0.7390716345657626 -0.0014901694347543154 0.005521784465790325 -0.015087655079590118 0.09061672256668099 -0.995756236310768
515 1785157936.848292 1.3451520493246298 0.7388689597865152 -0.0015358870762239782 0.005452526749255837 -0.015353674932954559 0.08908915185717783 -0.9958903843493372
516 1785157936.879993 1.3463094344814688 0.7387870077550529 -0.0015356728752311324 0.005475833608438618 -0.01538638946597043 0.08778257556278857 -0.9960057699095208
517 1785157936.911946 1.3471540069441108 0.7384485364517478 -0.0015236010432442756 0.005421098245455891 -0.015429342553670206 0.08637007106349912 -0.9961288861922741
518 1785157936.936049 1.3479140687346862 0.7382722550368865 -0.0014893706662763226 0.005355081343656254 -0.015270827675402748 0.08499102673395528 -0.9962502950065406
519 1785157936.96402 1.3489107181551938 0.7382235624381484 -0.001682164110443654 0.005331083074594789 -0.014978512471866323 0.08345469106564907 -0.9963847340543306
520 1785157936.996012 1.3498593267509003 0.7381468770078847 -0.0017975987506811952 0.005338781911728929 -0.014561780854747963 0.08196940801001057 -0.996514158502791
521 1785157937.027953 1.3507437238969244 0.7378394400803587 -0.0019187049301729459 0.005136493174125734 -0.015843781611785734 0.08089924081486072 -0.9965831143751582
522 1785157937.063977 1.3514055680793657 0.737544336172415 -0.0024494699904241135 0.0052344524198693065 -0.01420354408950053 0.08001897245778772 -0.9966783954164762
523 1785157937.087984 1.3520648780784812 0.7374219437846494 -0.002543207912288549 0.005254501237733522 -0.013078356770235805 0.07916315725618431 -0.996762028437162
524 1785157937.112212 1.3526579751473573 0.737503629440691 -0.002595989490183387 0.005204457831302967 -0.013557006480130973 0.07835007421924944 -0.9968201377700082
525 1785157937.143977 1.3535933844933437 0.7373765593389462 -0.0023565403948971053 0.005066998409725687 -0.014202729239192496 0.07730732296320961 -0.9968932670178569
526 1785157937.179993 1.3544541784106099 0.7371043136921986 -0.0022685699380299088 0.005111283622623364 -0.014844728527801776 0.0765521453265362 -0.9969419631355528
527 1785157937.204009 1.3548796209382674 0.7372058498818002 -0.002044471723308315 0.00502375108204578 -0.015362792031500566 0.07615678088175634 -0.9969648395363754
528 1785157937.235994 1.3561194919174675 0.7368664446256546 -0.002134166888734995 0.005034984703359724 -0.014825051009498408 0.07490652627781905 -0.9970676401892666
529 1785157937.259979 1.3567374334612166 0.7369646715207887 -0.0020235512608550305 0.005286393493837749 -0.014979165107658371 0.07411984396558854 -0.9971228246244405
530 1785157937.288277 1.3574778387870352 0.7369698078135589 -0.0020597248378669206 0.005156796722012191 -0.014805923187128589 0.07282919856995168 -0.9972211890657977
531 1785157937.320026 1.3583434328291413 0.7367782309748654 -0.0020428582459408526 0.005156208052395028 -0.014624502316486626 0.07089075811509396 -0.9973635434807024
532 1785157937.352 1.3594728885567497 0.7366680377634466 -0.0021013357826408924 0.005188710171082578 -0.014774868122116008 0.06899576603014931 -0.9974940425028349
533 1785157937.383964 1.360334668561512 0.7365302973295853 -0.0019758902696850322 0.005044422902542978 -0.015144364511346847 0.06732341075462697 -0.9976035086072479
534 1785157937.412017 1.3610690965380152 0.7364768686769205 -0.0018835339495564402 0.004912731395353753 -0.015290263689168831 0.06545953834710791 -0.9977259752787518
535 1785157937.436288 1.3615481810752381 0.7361628867470117 -0.002001972678907858 0.005060477032814814 -0.014705179059354562 0.06455543985855391 -0.9977929366685763
536 1785157937.468025 1.3621657821657138 0.736039853657566 -0.002045198400686579 0.005321663353083483 -0.01369116971657916 0.06545811792900144 -0.9977471957205097
537 1785157937.49998 1.3627848639227647 0.7358649285204125 -0.0026942357582848547 0.005334281782901074 -0.013439394950076539 0.06543135982831658 -0.9977523065632342
538 1785157937.528043 1.3637633644519913 0.7358967758045554 -0.00304654435906547 0.005065457873250856 -0.014270821542411133 0.06416864688520754 -0.9978241676497722
539 1785157937.560057 1.364669574554659 0.7358493653028572 -0.003164007363318566 0.0047025511634102846 -0.014547583408925951 0.06178683119324377 -0.9979722648052969
540 1785157937.592049 1.3657923510654344 0.7361391442602915 -0.003515263485535644 0.005078480805810748 -0.013606553007115718 0.06038393397345687 -0.9980695623381463
541 1785157937.616065 1.3661545836938076 0.735735319893439 -0.00333057437888315 0.0052617891064239974 -0.013137856609400339 0.05987996881954885 -0.9981052547869289
542 1785157937.644324 1.366776493051084 0.7355349563210566 -0.003408940822822275 0.005313020454545125 -0.012910610412311702 0.06041838224797022 -0.9980755016725786
543 1785157937.676158 1.3677792788040752 0.7355309866920869 -0.003526295844375825 0.005255311183979039 -0.013237559761479473 0.060583139027203164 -0.9980615371716972
544 1785157937.708039 1.3686723255180215 0.7352275039432835 -0.003614550371148731 0.0048140221725614385 -0.014289858019258528 0.05809382152497977 -0.998197241555463
545 1785157937.740054 1.3695748520481776 0.7347508627065392 -0.0036463927149455386 0.004970145809477078 -0.01319843509931204 0.054946777289996 -0.9983896787462325
546 1785157937.768071 1.3702684209691525 0.7345679038126642 -0.0035877141205205784 0.005135810515500938 -0.01313469124865993 0.05378780630790167 -0.9984527906860369
547 1785157937.800052 1.3711620571128793 0.7343488061316135 -0.0037032820844946565 0.004631740886248403 -0.014150250473117076 0.05245253411147788 -0.9985124180766083
548 1785157937.832023 1.3719630151755011 0.7341166312079959 -0.0037763522491587945 0.0042012642195121686 -0.014379639273183642 0.05113377295115745 -0.998579447323602
549 1785157937.860058 1.3725879632342022 0.7340610471149014 -0.003751564693244898 0.00466768779430643 -0.013838882728946511 0.05043804994362233 -0.9986203989171032
550 1785157937.88438 1.373320183324658 0.7342066898434289 -0.003764740278829705 0.004838436170224225 -0.013487894686462026 0.04999988454450324 -0.9986464228033314
551 1785157937.91607 1.37417725640236 0.7339632458865797 -0.0038952493451647335 0.004417768652241194 -0.014197506252515174 0.04879062476018994 -0.9986983473861643
552 1785157937.948024 1.3751548357562562 0.7337636568748658 -0.003903135136685401 0.004354293829407885 -0.013654769055451738 0.0467030438133583 -0.998805993727439
553 1785157937.976085 1.3758182703948667 0.7338251418600892 -0.0038369921985564603 0.004651576726236728 -0.012731603888361365 0.04622136253100034 -0.9988392537051034
554 1785157938.000341 1.376582504316135 0.7336981892004482 -0.003954990287761133 0.004826054641187294 -0.012810033161893525 0.04632178931944789 -0.9988327708286489
555 1785157938.032085 1.3775767873904663 0.7334468470266773 -0.003935543564603836 0.004424785537317455 -0.01463135531263346 0.045773997759216006 -0.9988348641511287
556 1785157938.064053 1.3787120299940536 0.7334077479541972 -0.0038924810651775332 0.0040246379298156665 -0.014957607630989633 0.043295489871388204 -0.9989422269682506
557 1785157938.092096 1.379506224676598 0.7334174051496035 -0.004055826043073654 0.004424603859050968 -0.013938022203513062 0.04123302062621262 -0.9990425378470045
558 1785157938.124103 1.3805911576573497 0.7334045866399893 -0.00418396849850277 0.004782197214114325 -0.013366138056778998 0.03914244870683825 -0.9991327968055522
559 1785157938.1481 1.3812741946486309 0.7332791481911384 -0.0043140166075215924 0.0042433769914149155 -0.014061258196339022 0.03812725939942613 -0.9991649447715494
560 1785157938.180056 1.382268423297692 0.7331276254377026 -0.004541677127121814 0.003942813880651486 -0.014402683273673944 0.03721126587284612 -0.9991958459808374
561 1785157938.208123 1.3829300998901155 0.7330660878707093 -0.004627871638884985 0.004072955710911708 -0.014020194452761314 0.03624150976580498 -0.9992364075378654
562 1785157938.240136 1.3837922903337307 0.7329439378291237 -0.004665362945162899 0.004366900696190168 -0.013235806438529618 0.03543576904748186 -0.9992747619540108
563 1785157938.264096 1.3841556890051374 0.7329638072183287 -0.004751586400066343 0.003710368253594387 -0.014968905073227956 0.035792965845260316 -0.9992402256936674
564 1785157938.296137 1.3839960749809848 0.7326884114048213 -0.004510380982360965 0.003939457297568172 -0.013873844883175973 0.035569123331854885 -0.9992631458078307
565 1785157938.324139 1.3841454719074722 0.7329253686784509 -0.004638266340865747 0.004295768059634608 -0.012857151835216685 0.03519105415941426 -0.9992886618643352
566 1785157938.356142 1.3842742343829182 0.7331435636468328 -0.00482039288589995 0.004300922431507259 -0.013393669030379668 0.034959152292457635 -0.9992897324435669
567 1785157938.388131 1.3842862311476452 0.7331111064980068 -0.00463770958754646 0.003967269327188272 -0.013803639975368986 0.03510673244077589 -0.9992803598764702
568 1785157938.412379 1.384362743243754 0.7331019759242433 -0.004743394047233451 0.003996784558615962 -0.013950696813309404 0.03512569835974633 -0.9992775335643023
569 1785157938.44813 1.3842821131168452 0.7330684335245619 -0.004699196886816956 0.0041199368835166394 -0.013421543905096311 0.03410824569535664 -0.9993195264052758
570 1785157938.472169 1.3845808097876116 0.7331846292117665 -0.004709582064826662 0.003906159544984744 -0.012602325537825032 0.028657519485923266 -0.9995022110458596
571 1785157938.50414 1.3852894170223302 0.7335354406823857 -0.004918443134022156 0.0032452261753181944 -0.013287642118535531 0.015530045126458197 -0.9997858394538157
572 1785157938.536119 1.3858458687281927 0.7339882030820559 -0.005312995747392545 0.0019648864559633217 -0.014090407810020245 -0.00461213163865648 -0.9998881576810028
573 1785157938.564172 1.3861194787233917 0.734380401895264 -0.005273159849801673 0.0010267441844621361 -0.013281286423280109 -0.021869675116197834 -0.9996720815035472
574 1785157938.588294 1.3860843663443172 0.73449793372934 -0.005052370282991436 0.00043757782840636583 -0.012611937250539551 -0.036079427131035235 -0.999269244249181
575 1785157938.620134 1.3865070797920387 0.7346361892101562 -0.004995248985328764 0.0002178774813726969 -0.012839887203371092 -0.045356086456802 -0.9988883397293867
576 1785157938.652157 1.3873684415224001 0.7345849824974435 -0.005035277063560925 0.0005289327500366814 -0.01389251831328217 -0.04466750083004453 -0.9989051669376123
577 1785157938.680177 1.3876434403250029 0.734511143061886 -0.0051279301907626515 0.0007474688516872496 -0.01306057460990237 -0.03933779676569679 -0.9991403306977433
578 1785157938.712146 1.3891337860007151 0.7345402398716948 -0.005340033621321624 0.0012490785333897358 -0.011404435003594365 -0.028124147070817923 -0.9995385990628903
579 1785157938.736157 1.3899408466706573 0.7344472764468156 -0.005223173907403053 0.001871474489598457 -0.01229817943680403 -0.019533428622586196 -0.9997318128038246
580 1785157938.768166 1.391143046595425 0.7339831552264032 -0.00536422513624947 0.0019132574373157407 -0.013300137484419439 -0.011751619381139111 -0.999840659920767
581 1785157938.796194 1.3921501194049084 0.7337811958830709 -0.005330264626316736 0.0018359307816833148 -0.013323187703781103 -0.009083501549974171 -0.999868297340788
582 1785157938.82816 1.3935869777151102 0.7335234653039908 -0.005341026565063758 0.0018754536688035395 -0.01377379146117319 -0.006796043802415719 -0.9998802823993262
583 1785157938.852357 1.394712180267096 0.7332263238565283 -0.005313261543423056 0.0018602277887268537 -0.013221801837446312 -0.005250409513194165 -0.999897073057367
584 1785157938.888224 1.3963082499211528 0.7332201085893679 -0.005336847261457715 0.001993055625955198 -0.013422921916770247 -0.002082750771717934 -0.9999057530816148
585 1785157938.912228 1.3972228165291545 0.7331633670813303 -0.00540640002409537 0.0019584774557191986 -0.013660626241184415 -0.0002310855354520358 -0.9999047445913184
586 1785157938.944184 1.3989334432944924 0.7333019832461508 -0.005441967671270878 0.0020832489604939997 -0.01290164742599148 0.0014476040252781597 -0.9999135522684197
587 1785157938.976153 1.4006209200399462 0.7333825076747039 -0.00561517969851659 0.002436116027401347 -0.012607508607491769 0.004198686054605716 -0.9999087393861643
588 1785157939.004199 1.4017726328925655 0.7332188265716137 -0.005699285160526944 0.0022955073183497654 -0.012859481038894227 0.006236773548238372 -0.9998952280360527
589 1785157939.028272 1.402625540468614 0.7328570932194313 -0.005705646820950143 0.002184957802784826 -0.013136087980433253 0.007892916678519046 -0.999880178330522
590 1785157939.060192 1.4038769835224958 0.7330723201228811 -0.005776617604296118 0.002264453856061943 -0.014136936316557824 0.005141030068048169 -0.9998842878504266
591 1785157939.092159 1.4039997683575394 0.7331177001263574 -0.005826600552209772 0.0015293938719798672 -0.011693382902373595 0.00021265151718879993 -0.9999304378455611
592 1785157939.120221 1.4041117790724478 0.7331778935708458 -0.005980123006011005 0.0017197973595095561 -0.010919576306305023 -0.0024170815787541433 -0.9999359793841678
593 1785157939.152219 1.4045286762387656 0.7334967550133447 -0.006024665550908647 0.0019652984344679103 -0.011655398824834406 -0.00293989050243465 -0.9999258204107601
594 1785157939.176269 1.4045879473604856 0.7333542616735328 -0.005972659003966527 0.001512878470504686 -0.012685161655088872 -0.0029689052243769276 -0.9999139880381143
595 1785157939.208176 1.4044466450483586 0.7333154104285688 -0.005932622565240471 0.0014482128179319487 -0.012598706480323796 -0.0030586688560842457 -0.999914906289273
596 1785157939.236238 1.4044968219222187 0.7334156312081993 -0.005919689814710825 0.0014722411241740452 -0.012623327561042452 -0.003029185490353248 -0.9999146504290373
597 1785157939.268256 1.4045351340945251 0.7333156369937572 -0.005950233226663569 0.001460628638226602 -0.012694801504557762 -0.0030568954877360777 -0.9999136782586375
598 1785157939.292394 1.4045616036032795 0.7334294925178821 -0.005872917522100146 0.0014792796245374218 -0.0127745829489056 -0.0028814592258833427 -0.9999131557065363
599 1785157939.324189 1.404523925223467 0.7334046373351819 -0.00592281094316725 0.001356904495980249 -0.012456332476604104 -0.002898221266453893 -0.9999172960324829
600 1785157939.352249 1.404513132238864 0.7333700347140945 -0.005894994380288669 0.0014590362543489555 -0.012486601776586836 -0.0028465377450288543 -0.9999169231551928
601 1785157939.384263 1.4045108284245247 0.7333916570401716 -0.005944878662077435 0.0013452145145887995 -0.012548435786856271 -0.002893733563504919 -0.9999161732181735
602 1785157939.416233 1.4044688558221288 0.7332821550541911 -0.0058930422492969765 0.0013622267518526021 -0.012441362934012878 -0.0029689969532347704 -0.9999172675195246
603 1785157939.440222 1.4044862861444987 0.7333757321268203 -0.0059126000714461585 0.0015101232016322408 -0.012744305439701287 -0.0029867394168909267 -0.9999131870289696
604 1785157939.468516 1.404572420554612 0.7333883445346409 -0.005857589987634672 0.0016183459884149265 -0.012904590633760815 -0.0029767905890622504 -0.9999109916460693
605 1785157939.50028 1.4045005413515623 0.7332808675212966 -0.0057823145912307 0.0015755658739640688 -0.012804165391140487 -0.0030349300875385232 -0.9999121762135799
606 1785157939.532242 1.4046198019289595 0.7334474166409011 -0.005938791775790479 0.0016188703291922235 -0.01275129531161584 -0.0030088242476910554 -0.9999128615551356
607 1785157939.556465 1.404551362933063 0.7334187374774129 -0.006043279784998495 0.0016353719451561721 -0.012793454717458907 -0.0029661840127007677 -0.9999124235788833
608 1785157939.59226 1.4044645500369517 0.733202756935543 -0.005930531369711126 0.001560359461058869 -0.01278835258275457 -0.0030832688865644053 -0.9999122545351391
609 1785157939.616528 1.4045018999814545 0.7333551785346494 -0.005990621600217898 0.0016068381351974637 -0.012693813000977994 -0.0030412267991046793 -0.9999135143212439
610 1785157939.648267 1.4045136017397621 0.7333598258378923 -0.0060085084136792255 0.001626455802699378 -0.01278326598447993 -0.0029996161734408 -0.9999124686966877
611 1785157939.680258 1.4045269561361498 0.7333723532625455 -0.005808047573619017 0.0016129729719793762 -0.012811170482380618 -0.0030099489038584726 -0.9999121023553317
612 1785157939.708279 1.4045520576436195 0.7333571785150581 -0.005927086318783491 0.0016422439446703851 -0.012736409410521288 -0.0030469932434455393 -0.999912897577748
613 1785157939.7403 1.4045422698788959 0.7333488954653202 -0.005874816329587473 0.0016436911048263725 -0.012839202812584993 -0.0031615594205022246 -0.9999112249058513
614 1785157939.764279 1.4043838215150057 0.733407960499216 -0.0058823607823491955 0.0016396355727699152 -0.01328132176766017 -0.0030269760237423005 -0.9999058733218062
615 1785157939.796295 1.4040252753506033 0.7334495737804974 -0.005897020433368622 0.0016736790814176894 -0.013439951822064367 -0.0029002504920546124 -0.9999040729192158
616 1785157939.824317 1.403206370703238 0.7333059073406694 -0.005742793089005223 0.001509970100911806 -0.013406029640553874 -0.0037337182387554013 -0.9999020240541994
617 1785157939.856279 1.4023268136214535 0.7334037925953635 -0.005757640094097724 0.0014091980473621701 -0.013492698831997052 -0.0059629168281359335 -0.9998901964025816
618 1785157939.88037 1.401303702734779 0.7334404973379662 -0.00572365584023788 0.0014842549540928784 -0.013544946610117736 -0.0076752352733759355 -0.9998777036078256
619 1785157939.9123 1.3997156242791928 0.7335398440414302 -0.005643039119608159 0.0015950149861743146 -0.013842831858589977 -0.008292096484587175 -0.999868527892152
620 1785157939.940601 1.3982416143615057 0.7334825396679143 -0.005403009281565743 0.0016614983948903261 -0.014160424558409934 -0.007047821637919616 -0.9998735170058108
621 1785157939.972299 1.3961905920725979 0.7331138776662015 -0.005297561227481769 0.0016067808992486499 -0.014667523705589991 -0.0036424219204954644 -0.999884500712978
622 1785157940.004274 1.3941053269510453 0.7331956680264093 -0.005240509180180389 0.0018589857687148492 -0.014528181325864475 -0.0009484906189693443 -0.999892282440874
623 1785157940.032323 1.3926500409323603 0.7334872097137741 -0.005339339077134846 0.0020154095803419647 -0.01442667175746043 -0.00024278360867113769 -0.9998938695293345
624 1785157940.056567 1.3908765992001957 0.7333752344402339 -0.005144404644516314 0.0020446423772855216 -0.014488715292293841 -0.00035498175044484936 -0.999892879539946
625 1785157940.088318 1.388528353728929 0.7333598968100102 -0.005067150411976647 0.0020681808362674747 -0.014332230336186802 -0.00041111251877273824 -0.9998950648883691
626 1785157940.120285 1.3864575754798865 0.7336993301937542 -0.0049776660256829405 0.00222944734083641 -0.014122807551798289 0.00017446929979531012 -0.9998977674901934
627 1785157940.148335 1.3848973344806386 0.7338031519712014 -0.004869293261876011 0.0024806956670344604 -0.014394792553823033 0.0008733479674171707 -0.999892930947943
628 1785157940.180344 1.3826500425746426 0.7337241782694625 -0.00476281936396173 0.002905023822748154 -0.013806079880519906 0.001429424415942293 -0.9998994498152107
629 1785157940.204556 1.3811896426424128 0.7340948303020345 -0.004704040010974214 0.002969121662521279 -0.01374104055894787 0.002366945805307108 -0.9998983776806848
630 1785157940.236291 1.3790234568378652 0.7341528763127605 -0.004514944310904323 0.0030383776436174736 -0.013521188335402834 0.0037907091389049463 -0.9998967827988635
631 1785157940.264349 1.3775993349744493 0.7341715182078136 -0.004318048099261021 0.003113813666889509 -0.012809089767435278 0.004224874735086315 -0.9999041863184943
632 1785157940.296362 1.3757038931207757 0.7342137223935997 -0.004289947434888822 0.003167389979335189 -0.012664602144884352 0.0036179539159886254 -0.9999082387412819
633 1785157940.320383 1.3744545845926226 0.7342406430827093 -0.004373661586413481 0.0031330894178459023 -0.012536178095650163 0.002734034481029657 -0.999912772718156
634 1785157940.352314 1.373163176416887 0.7344364770974763 -0.004209447847010751 0.003140220220535006 -0.012229277874683475 0.001291573651100053 -0.9999194545647836
635 1785157940.380678 1.3721861975743521 0.7344433605889805 -0.0041112799693079 0.002949544516849145 -0.012854566952239466 -0.0003702007174772315 -0.999912957835352
636 1785157940.412377 1.371065091619311 0.7345898388642437 -0.004170269092303273 0.0027047451099033726 -0.013121836986305757 -0.0013343165397012302 -0.9999093565655675
637 1785157940.444352 1.3698982849476158 0.7348615738254818 -0.004110095218844673 0.002876562389418691 -0.01287258901407462 -0.00028348138207023865 -0.9999129669522246
638 1785157940.468542 1.3692009804572751 0.7349729494140236 -0.004225094361421447 0.0030685896966627935 -0.01265038493946824 0.0007951046584563359 -0.9999149560471324
639 1785157940.504385 1.3683061787624378 0.735142970357906 -0.00415179707995926 0.002979216350575964 -0.012776318620579763 0.0014689015613021383 -0.9999128623438369
640 1785157940.528394 1.3675806335613891 0.7348380945770352 -0.004011088344521248 0.002972397296867213 -0.013103014483844433 0.0012281332259534983 -0.9999089796349092
641 1785157940.560368 1.366726092235659 0.7348142935279749 -0.004008621915287058 0.0028977108915397842 -0.013136267429140647 0.002129659414247309 -0.9999072488488112
642 1785157940.592352 1.3658736140801682 0.7348644822141067 -0.003974208522144314 0.0030181633338635105 -0.013114010504544416 0.0028379619885785523 -0.99990542522297
643 1785157940.620451 1.3652027811030043 0.734778482811201 -0.003977422337590485 0.002843492735828068 -0.0133482693521762 0.003467991528618708 -0.9999008507292713
644 1785157940.64467 1.364464362759773 0.735089309077092 -0.003915631791139927 0.002875553921181273 -0.01303559973616436 0.0043257067141170835 -0.999901541448251
645 1785157940.676377 1.3634577783609174 0.7352432584307921 -0.003955495639194888 0.002835817773723881 -0.013501788611978538 0.004886272857158258 -0.999892886353032
646 1785157940.708387 1.3626068825727244 0.7353040677888857 -0.003845074339839924 0.0028937896286496123 -0.01278475843871596 0.00533623027268787 -0.9998998452743784
647 1785157940.736416 1.3623903083834916 0.7354154223569791 -0.0038807758979797075 0.002985239519266769 -0.010930105210017138 0.005047048427068657 -0.9999230712646275
648 1785157940.768421 1.3622982354532094 0.7356415878322342 -0.0038857768184665034 0.003463935295418996 -0.010185814237447188 0.005108613321097244 -0.9999290736899916
649 1785157940.792558 1.3622074401252013 0.7353475423545555 -0.003958205925822023 0.0031939664165479 -0.012857798062286763 0.005086656184239979 -0.999899295697513
650 1785157940.824417 1.36233821280433 0.7353978404815138 -0.0038352658308746165 0.002248855600551436 -0.014155626144944422 0.0049202780685818626 -0.999885169287284
651 1785157940.852672 1.3623919384400967 0.7354947990482837 -0.003920009017243521 0.0024737893318149684 -0.013818693793554715 0.00471218680744151 -0.999890353670678
652 1785157940.884409 1.362341455638388 0.735513973972615 -0.003871024613834609 0.0030374477579180326 -0.012737340960362553 0.00484164381171337 -0.9999025415217113
653 1785157940.916393 1.3622024395199688 0.7355627121426513 -0.003934431204359226 0.002946145642643283 -0.012994170915957615 0.004972713222540448 -0.999898866821673
654 1785157940.952412 1.3620454639263788 0.7352920795427076 -0.0038126060775176968 0.002663833255888981 -0.013366756533366164 0.005224433386456062 -0.999893463879004
655 1785157940.976435 1.3621255816486593 0.7354552345203593 -0.0038479809162597356 0.0027646213476338333 -0.013306527902686771 0.005219220716623563 -0.9998940208437546
656 1785157941.000503 1.362106791099664 0.7353805336726095 -0.0038831026125155862 0.0028122462161462303 -0.01316130428837431 0.005243774905039855 -0.9998956816415372
657 1785157941.032405 1.362443138507656 0.735394040166834 -0.0038216433198942773 0.0029447973598960564 -0.012097964463087751 0.0032927558000891977 -0.9999170591522079
658 1785157941.060645 1.3628706386353542 0.7356314876259064 -0.0037910899763456823 0.0029000971903665462 -0.012329905644132888 -0.0018748736141727118 -0.9999180204956926
659 1785157941.092453 1.36286688589868 0.7357209198442874 -0.0038124438231984872 0.0021735927126919075 -0.013824630888144784 -0.014596458308109461 -0.999795528335862
660 1785157941.124439 1.3639047507782134 0.7367067004928488 -0.004101689884040839 0.001441637807540308 -0.01294219822300327 -0.032768818774950886 -0.9993781194831528
661 1785157941.156389 1.3649259472976791 0.7370940754518422 -0.004178831088702553 0.0006031774684971403 -0.013019084139621273 -0.05847353802383903 -0.99820387946355
662 1785157941.184441 1.3646571683151123 0.7375670337049707 -0.004016990937303969 -0.0005568490087000666 -0.014083350460691257 -0.08280923849677452 -0.9964657441069249
663 1785157941.20848 1.365291585522537 0.7379452414832907 -0.0038589204044594747 -0.0018331338239155892 -0.01476418706157534 -0.1106468872315759 -0.9937484212549761
664 1785157941.240434 1.365816160053897 0.7384735980349761 -0.0035321704458491365 -0.003351618316099203 -0.014382658470349197 -0.15213392602858578 -0.9882495506404835
665 1785157941.272414 1.3664492254656977 0.7393531668268025 -0.0034268840577587056 -0.004859457169857695 -0.014924286777210943 -0.1975046547561213 -0.9801762916383314
666 1785157941.300474 1.3665004259261935 0.7396527328143172 -0.0033486369120068055 -0.006173343241615559 -0.013993355807186303 -0.2328901188895054 -0.9723827787194232
667 1785157941.324758 1.3662407100886498 0.7400758546172486 -0.003464874494702626 -0.0072506913736143375 -0.013569007560628621 -0.2687493310094532 -0.9630872788020801
668 1785157941.388415 1.3659992658579851 0.7401393037426143 -0.0035956166388314004 -0.010088467916580024 -0.011199931583347977 -0.3631763221397103 -0.93159848829026
669 1785157941.416484 1.364643425541902 0.7396487905121742 -0.003316482620509556 -0.011358309766630548 -0.010592100984495617 -0.398143425418672 -0.9171916969706311
670 1785157941.440729 1.3643409688891 0.7399086759280921 -0.0034151004567892426 -0.012757576050213992 -0.010435207201998531 -0.43301868812202426 -0.9012342461541593
671 1785157941.472478 1.1625090053186689 0.6637242186905983 0.006438743922472692 -0.025795685700585547 -0.010880920296393426 -0.4705798264491643 -0.8819131562188052
672 1785157941.532509 1.1073588278452184 0.12589906214214075 0.14516130800120686 0.023254476919958522 0.008267586065055177 -0.5514597628967702 -0.8338363186079593
673 1785157941.556745 1.3477318556383222 -0.11387470846489536 0.1285308944614384 0.008999671612991755 0.005379263816764346 -0.618994935307829 -0.7853249897303056
674 1785157941.588482 1.3400380292301866 -0.12058293869357897 0.13348077710628303 0.010124225642551332 0.004815531897589542 -0.6464260544917191 -0.7628942697267762
675 1785157941.620486 1.3384571290512333 -0.11528171463347704 0.1314096134028905 0.009200626305852944 0.004153650050215396 -0.6665712095382071 -0.7453730061396185
676 1785157941.648519 1.33866685150704 -0.11418283054730022 0.13144946336026564 0.00882704370779186 0.0035520822678295483 -0.676970530066264 -0.7359486173862583
677 1785157941.680508 1.339093384873837 -0.11321473362310969 0.13128416646254862 0.008467834412015152 0.0029287280886889366 -0.6852507501852033 -0.7282521044959427
678 1785157941.704499 1.3389417075918029 -0.11287189942429451 0.1312527296204401 0.008186049979221677 0.0030133003295462757 -0.6892325106109073 -0.7244877189599886
679 1785157941.736498 1.338662407886572 -0.11259555983862546 0.13121840856227074 0.008072423245372384 0.0031464019802138754 -0.6934299841251805 -0.7204719239871034
680 1785157941.764535 1.3389564371977338 -0.11186754752895839 0.13064485309819848 0.007712402772058202 0.0031492648994263517 -0.6979087903243003 -0.716138199904283
681 1785157941.79652 1.3388196229529452 -0.11119359487655034 0.130591032903961 0.008153869801276081 0.001696037909373005 -0.7051837690662787 -0.7089756622819653
682 1785157941.820703 1.3362746170168038 -0.10626246204639207 0.1402846932102103 0.008302585646629668 0.0012569809552458455 -0.7099756991243591 -0.7041761098783004
683 1785157941.852523 1.3363910531641037 -0.10426198033013315 0.1397228356824622 0.008649093516327144 0.0010137715263207614 -0.7173375287244914 -0.6966713969527368
684 1785157941.88055 1.3359394926747146 -0.10585649756934604 0.14053238397356704 0.008213474516948649 0.0005690639063877789 -0.7222221677570394 -0.6916121423189104
685 1785157941.912506 1.3356911591207503 -0.10430500807114138 0.13997040392277443 0.008161840084561889 0.0002022259411117444 -0.7280378187991056 -0.6854883499151124
686 1785157941.936538 1.3364752633976984 -0.10464097854153004 0.13970717308621577 0.008259906083754598 -0.0003724658613275533 -0.7306108434767167 -0.6827440447304615
687 1785157941.96854 1.3374821289563452 -0.10748644721485295 0.14043437840962 0.008531307755767381 -0.0009560575845728447 -0.7301859553591514 -0.6831945355007716
688 1785157941.996561 1.3381599834455704 -0.10955185773119797 0.14064055271741116 0.008425675211217953 -0.0007780667618382253 -0.7281854704654189 -0.6853278946697017
689 1785157942.028522 1.3389053582090422 -0.11467503035084758 0.1402336962328085 0.0083278376689504 -0.00013692140474252934 -0.7250462673174882 -0.6886497938874782
690 1785157942.052643 1.3388010880029395 -0.11818894042194195 0.14020678064185638 0.008477013304331482 -0.00031192842622185246 -0.723230533213703 -0.690554587830331
691 1785157942.088579 1.3391906983029553 -0.12259548521550792 0.14034604537042017 0.008796545310942872 -0.0009326640293259025 -0.7222210675658856 -0.6916057261853705
692 1785157942.112561 1.3396023519030464 -0.12619386941051622 0.14027224909614933 0.008728744416165779 -0.001093459889056736 -0.722488539750381 -0.6913269293870669
693 1785157942.144559 1.3389525315491637 -0.13085320241770407 0.13978826561597177 0.008968531629191423 -0.0016617472627366014 -0.7237237945813756 -0.6900294726989464
694 1785157942.176534 1.3392206114671514 -0.1366817924873091 0.13977441190746412 0.008710869214077821 -0.001477991158058245 -0.7253171100253167 -0.6883582106753682
695 1785157942.204595 1.339612079747607 -0.14078887511050323 0.1394053668223108 0.008673919480777004 -0.0014907980452421032 -0.726629915370099 -0.686972711780659
696 1785157942.236585 1.340415427754272 -0.1469969222028885 0.1395805183370197 0.008543549276899931 -0.0012876799265884031 -0.7275502996346148 -0.6859999352388759
697 1785157942.260617 1.3407024092068056 -0.15180898567392365 0.13965304579336013 0.008553294836238234 -0.001471153850168161 -0.7283275227193781 -0.6851742088719097
698 1785157942.292533 1.3414401982268744 -0.1581753061552013 0.14015541465496376 0.009091618464358797 -0.0021535106292371875 -0.729668334031853 -0.6837373963568534
699 1785157942.320596 1.3404317137663901 -0.162474548649428 0.14103381603510642 0.009074616063522334 -0.0023126209861223934 -0.7299063012067508 -0.6834830609357881
700 1785157942.352649 1.340978020776288 -0.16918249486871995 0.14117359026312318 0.009088513771747797 -0.0023479214242909663 -0.7297390374579547 -0.6836613367686839
701 1785157942.384563 1.3416562381680408 -0.17553085683108288 0.14137756209687438 0.009065594537153943 -0.0024352072924530566 -0.7294769679687085 -0.683940960876237
702 1785157942.408701 1.341731848976968 -0.17881977036385238 0.14143664375122436 0.006426798683414114 -0.0005533890933415719 -0.7324795462453693 -0.6807584772526689
703 1785157942.444614 1.3405185539117404 -0.17935054101293324 0.14127493823275847 0.004349284941686515 0.0031861383188956927 -0.7382689476798855 -0.6744849094937141
704 1785157942.468606 1.340986807080119 -0.17983934808062518 0.14128168119951573 0.006036709727380352 0.0014645181931205453 -0.737587961941973 -0.6752224905321329
705 1785157942.500574 1.3420617128294878 -0.17885629939394998 0.14102741503174995 0.00906454860566508 -0.0032394873347083575 -0.7369958419255918 -0.675828727315414
706 1785157942.532563 1.3418051892997584 -0.17825710569279424 0.14092710107124706 0.00975445334194014 -0.0032886626072924363 -0.7380725773953233 -0.6746427986981557
707 1785157942.560605 1.342072443961986 -0.17908029942621334 0.1407703737797316 0.008853054213967204 -0.0023771057526189576 -0.737880876053236 -0.6748687172733928
708 1785157942.584934 1.3419563119798363 -0.17883455942980614 0.1407688646257486 0.008499408889674376 -0.0017704679685426328 -0.7370560653006704 -0.6757758371643607
709 1785157942.616604 1.3424911752572337 -0.17971034499528515 0.14094228154053678 0.008939461520066638 -0.0022735678779370883 -0.7370463976115214 -0.6757791981740153
710 1785157942.648608 1.3422938188011442 -0.17932097643207418 0.1410350482578251 0.009200295102085643 -0.0024664105174834194 -0.7371122592869676 -0.6757031808405642
711 1785157942.676638 1.3422166254082006 -0.17891157823699289 0.1408543517189872 0.009160783119539384 -0.0026662009345941318 -0.737059577595784 -0.675760423892623
712 1785157942.708641 1.3422338277216515 -0.17955585239545996 0.14106703930313477 0.009100801910345346 -0.0025143612114622016 -0.7371516303112162 -0.6756613999051619
713 1785157942.740603 1.341962806650553 -0.17908812355752768 0.1409803984637441 0.009019310921143497 -0.0025690948163857863 -0.737179745239776 -0.6756316118940494
714 1785157942.764753 1.3421437771138902 -0.1794810051955837 0.14092687653757582 0.009083574929225513 -0.0025354866427221845 -0.7372164385979542 -0.675590839661802
715 1785157942.792847 1.3420064270849401 -0.17967668119202762 0.1413437312428245 0.009165087887520462 -0.002558069326587753 -0.7371621990931431 -0.6756488360631547
716 1785157942.824631 1.3421097200102816 -0.1794703715079103 0.14118246891172742 0.009206694962979545 -0.002510110645387975 -0.737171522491447 -0.6756382778825137
717 1785157942.85662 1.3420665775282161 -0.17910443616642285 0.14099273258498723 0.009257538316775005 -0.002395103528853082 -0.7372129430752746 -0.6755928048948505
718 1785157942.880826 1.3421418183162463 -0.1791270868972707 0.14093132232417865 0.00921739402451316 -0.002503487062257892 -0.7371951919923422 -0.6756123304849458
719 1785157942.916643 1.3419901939422056 -0.17907487471277073 0.14088235365372623 0.009240213177769574 -0.002406034622643771 -0.7372061722317522 -0.6756003915638533
720 1785157942.940909 1.3419463755920482 -0.1789519728137825 0.14080514880725067 0.009259355018434556 -0.0024665040289604256 -0.7372047762184262 -0.6756014347403785
721 1785157942.972618 1.3418195051243984 -0.17915734422779178 0.14106014770412764 0.009149817433515617 -0.0023914263378596035 -0.7372833487852997 -0.6755174502001692
722 1785157943.008662 1.3420500337448156 -0.17929768158617332 0.14095643615005296 0.009123214323521478 -0.0024240348857411664 -0.7372502191257344 -0.6755538508618958
723 1785157943.032726 1.3419285440975703 -0.1792122423331115 0.1409751489498354 0.009164794121288788 -0.0024422326154199814 -0.7371939569650431 -0.6756146178575394
724 1785157943.064637 1.3420809049611093 -0.17951598378182976 0.14126147388468924 0.00913564873850703 -0.002399860299421297 -0.7372219899117596 -0.6755845751519314
725 1785157943.088639 1.341889878596851 -0.17954200081646798 0.14126820338111212 0.009102848200800207 -0.0023234705953083523 -0.7371687857033065 -0.6756433386215976
726 1785157943.124695 1.34197815537026 -0.17929014827593825 0.14118891351050675 0.009222088140160789 -0.0024014950411013203 -0.7371875038438966 -0.6756210254930701
727 1785157943.14869 1.3419607621498182 -0.17957531651657088 0.14120649015797843 0.009148499117194842 -0.002348181853359277 -0.7372119785180169 -0.6755955074861268
728 1785157943.180658 1.3420329401504687 -0.17934897939043404 0.14114802031312298 0.009132410570388827 -0.0023966632877938654 -0.7372206366474408 -0.6755861070088706
729 1785157943.212621 1.3419090572776065 -0.179318987787278 0.14115109551801613 0.009099440244049406 -0.0023101258962994198 -0.737139383539948 -0.6756755084653683
730 1785157943.240692 1.3420456231070919 -0.17838279760590098 0.14108114751121165 0.008057370660207841 -0.0011710374257700717 -0.7369117383011812 -0.6759399362393992
731 1785157943.264931 1.3416254598608277 -0.17637196345146894 0.14074664538427575 0.006321119692529464 0.001020653582526676 -0.7362683491258265 -0.676659382398284
732 1785157943.296669 1.3414091315225696 -0.17378906254774656 0.14087711568055808 0.00720660103528914 2.615272240813482e-05 -0.7335481110947948 -0.6795993179269768
733 1785157943.328645 1.3414688843689655 -0.17018734166297372 0.14084033003432428 0.008493052384130562 -0.0018172697662478532 -0.7300818854896499 -0.6833044753780521
734 1785157943.356715 1.3409472454194975 -0.16601893198067919 0.14078880287021903 0.007920991936880561 -0.0011265150008521463 -0.7281757759561547 -0.6853437299350895
735 1785157943.388714 1.3407379688855032 -0.1593455010649381 0.14068303986083755 0.007010414840688983 0.0001817025925562321 -0.7261677003303527 -0.6874818485348225
736 1785157943.412898 1.3402632538496966 -0.15336148765755653 0.14030262815084343 0.007565036029938188 -0.000285047672622496 -0.7247692007058437 -0.6889501394773808
737 1785157943.444648 1.33989657475692 -0.145458705182004 0.14015828604096997 0.007987189801207162 -0.0009973892302989062 -0.7236871497577048 -0.6900812410791735
738 1785157943.472888 1.3395644271272322 -0.13872777136092582 0.13996650503972388 0.006948067843037364 9.85606332177813e-05 -0.7240083262251457 -0.6897562309944821
739 1785157943.504739 1.3384447597073577 -0.12836372465246962 0.13962642664094127 0.0057567949849254285 0.0018211508229939444 -0.726391955567656 -0.6872541521211626
740 1785157943.536749 1.3374515836979435 -0.1169858519537546 0.13906222445756378 0.006278902951383558 0.001385965883142548 -0.729502144306322 -0.6839482991635961
741 1785157943.560866 1.3369889783666506 -0.10876422590457144 0.13919031166187765 0.006773802063301693 0.00039219644977905865 -0.7310537105797605 -0.6822861819171746
742 1785157943.596725 1.3359759641685134 -0.09622783807154889 0.13891498646914657 0.007022955239354922 0.0009563614267391607 -0.732211236771131 -0.6810407243466563
743 1785157943.620751 1.3349246766602336 -0.08549624537574396 0.137831053691162 0.006221813481675054 0.002269235377436063 -0.7330894064628912 -0.6801000380382926
744 1785157943.652715 1.3334278359610017 -0.0721512511046622 0.13716836334300161 0.005791911543207795 0.0029757902309650586 -0.7337323240652552 -0.6794074440679734
745 1785157943.684714 1.3321426863458932 -0.05704190605453896 0.13643505073168372 0.005651259709762546 0.002961762159143455 -0.734660062141209 -0.6784053982120722
746 1785157943.712737 1.331244207380684 -0.04546335132595264 0.13619046263156775 0.005380554471577481 0.0032120790630295604 -0.7353056636173093 -0.6777066572153323
747 1785157943.737478 1.330163251686638 -0.033117403171379595 0.13569198661410645 0.004893266444215061 0.0034773218721458887 -0.7358754529034609 -0.6770903056389376
748 1785157943.76873 1.3287076587738464 -0.01574338177954951 0.1351708058588113 0.0048718891331246406 0.0024634804713709046 -0.7364686170709639 -0.6764496818166329
749 1785157943.804756 1.3270065281782588 0.0023490423890361323 0.13448791422731352 0.0051467635141873025 0.001781858473502096 -0.7367583748866069 -0.6761341825704092
750 1785157943.828766 1.3258252780732682 0.01666890932075646 0.1338799601900074 0.004845094662013771 0.0018373816611895188 -0.7369064603347287 -0.6759748647718258
751 1785157943.860723 1.3240163454255325 0.03695501409251427 0.13314539352062926 0.004601535226686715 0.002290125143662114 -0.7368423362915305 -0.6760450818169031
752 1785157943.884745 1.3225345269673667 0.0521254273264594 0.13268381936734092 0.004917959830791463 0.0026079412224410126 -0.7366716096138578 -0.6762277367149406
753 1785157943.920761 1.3202846885865323 0.07290154311564366 0.13188029582086425 0.004632317705813738 0.003572618584634868 -0.7363338470578994 -0.6765931153256256
754 1785157943.94478 1.318583130550116 0.08816379447684292 0.13147621005553073 0.004386482866942321 0.004930276772984521 -0.7360581965510394 -0.6768860926544668
755 1785157943.976738 1.3161270957818825 0.11059178782124697 0.1303967486205311 0.004342414122615268 0.005495477048402031 -0.7363221565076038 -0.6765948750970482
756 1785157944.000993 1.314068498355626 0.12778658663839348 0.12977779336503675 0.00475856580270706 0.005515193902885573 -0.7370807956009049 -0.6757653730726754
757 1785157944.036785 1.3122292843143697 0.15088225844749342 0.12906645241379322 0.005008574601954918 0.00544719237328628 -0.7382927913977745 -0.6744397648758468
758 1785157944.06079 1.310493158671893 0.16873716239444542 0.1282521245432007 0.0045135321616724955 0.005583203469617493 -0.7392376861820618 -0.6734063403285078
759 1785157944.092752 1.3076576756443141 0.19240786455142664 0.12766317164174662 0.003835212797109633 0.00599094971673142 -0.7402527562152325 -0.6722910504982527
760 1785157944.12474 1.304865552508964 0.2163065120365864 0.12703943898404751 0.00350925012872938 0.0063480804631028676 -0.7407870820895326 -0.6717007414371702
761 1785157944.152783 1.3026316001474938 0.23485683217437492 0.1264090654639617 0.00325759271122239 0.006740696735480056 -0.7410073343887478 -0.671455196926296
762 1785157944.176919 1.300567826100973 0.25353950181273477 0.12579102569863762 0.0032964284063281557 0.0074385922050419495 -0.7409131484191445 -0.6715515671974861
763 1785157944.20877 1.2975868920463038 0.2791355522939223 0.12509595384692346 0.004038261340946647 0.007643336952912527 -0.7407134633300025 -0.6717654628568217
764 1785157944.240781 1.2946663938355112 0.3043177401338949 0.12442924055857713 0.004815350148694053 0.007492600571835983 -0.7405087028431675 -0.6719877486629842
765 1785157944.268812 1.292461233589107 0.3238284073584968 0.12363349194486858 0.005355780116992115 0.007394267572925051 -0.7403361732039182 -0.6721748218076726
766 1785157944.3008 1.2898022001481264 0.34988670931478144 0.12295090416898762 0.005728260314681655 0.007049968877264612 -0.7403267333065234 -0.6721858470127801
767 1785157944.324792 1.2874281446826137 0.3692411952436824 0.12255899056050852 0.0057525677236701656 0.007096535681478389 -0.7402966201495359 -0.6722183137501386
768 1785157944.356763 1.284485586511971 0.3953562895936865 0.122207950679877 0.005230080802067327 0.007566379562466086 -0.7404255085530134 -0.672075488646277
769 1785157944.384832 1.2823572501062752 0.4154605668250363 0.12168048263745093 0.004602529263320276 0.008077754715577479 -0.740478011505337 -0.6720162803684427
770 1785157944.416837 1.2791939044988923 0.44197703535282945 0.12107561603323218 0.00431328989084101 0.009121912800796106 -0.7402102234876194 -0.6722997927127309
771 1785157944.4488 1.276154688669985 0.4689473402848732 0.12051456405497844 0.00423439149069349 0.009575218399733743 -0.740153144253488 -0.6723568309855833
772 1785157944.472778 1.2742986171933826 0.4901380803971222 0.11953618632732974 0.004138648757077812 0.009787747213301556 -0.7403813221175669 -0.6721030943615702
773 1785157944.50108 1.271772949607815 0.5096720475205112 0.11919660229782368 0.004295899949792292 0.009813750346583716 -0.7406143146554769 -0.6718449765199965
774 1785157944.532849 1.268835780113001 0.5369361033397385 0.11807604127999814 0.004290524341733937 0.009553316201633022 -0.7411778770250725 -0.671226995999886
775 1785157944.564829 1.2659713077646715 0.5640083533758387 0.11712867310530141 0.005012652286400243 0.008833818275668981 -0.7417788862142205 -0.6705676110121327
776 1785157944.588809 1.2635574214461291 0.5841902880236447 0.11636393901520292 0.006051955309275603 0.007878835474254275 -0.7422042058910188 -0.6701001526236107
777 1785157944.624858 1.260428283354169 0.6111824586600312 0.11534166207092136 0.007740663981776863 0.007027447962409394 -0.7425723411441283 -0.6696842653549397
778 1785157944.64885 1.2576555413607542 0.6327137788730135 0.11404090641438494 0.00882589422368163 0.006564375281426282 -0.7431606025585695 -0.6690226688036071
779 1785157944.680823 1.2541211910287022 0.6599815372195111 0.11296414311745932 0.009729753977335553 0.00607022822662906 -0.7442714540528093 -0.6677787709256219
780 1785157944.712803 1.2505953718118688 0.6879664678551725 0.11199371199378541 0.009925643358550174 0.005623554617376514 -0.7459411118160484 -0.6659141948780053
781 1785157944.740866 1.247733318288588 0.7084047577389386 0.11098239079180112 0.00951773991660565 0.006224791222640191 -0.7472452528201455 -0.6644510491668075
782 1785157944.765129 1.2452028893067153 0.7295300871525234 0.110252407867171 0.009184961718787688 0.006326022144274801 -0.7485247746555549 -0.6630130312813659
783 1785157944.796843 1.2414373520843038 0.7574574460232596 0.10925268956485538 0.008864520307789836 0.006090700456136466 -0.7499154494166216 -0.6614462505555028
784 1785157944.832876 1.2376025260114996 0.7843856386062382 0.10817157839860717 0.009109765294742833 0.0060853593791897476 -0.7512842353788622 -0.6598878527815915
785 1785157944.856881 1.234942846618411 0.804459681549063 0.1074838920501743 0.009868867625782873 0.006024488476240264 -0.7525175407856374 -0.6584706992724286
786 1785157944.888848 1.2309000796018934 0.8317411897084548 0.10630272156592183 0.010695697849428587 0.005618460724878593 -0.7546604581173852 -0.6560042895444016
787 1785157944.920823 1.2267212752347074 0.8587598087149183 0.1053373441029429 0.009918622336234861 0.005818820082927223 -0.7573767846749349 -0.6528768400695886
788 1785157944.94888 1.2234501225625116 0.8788991974166793 0.1046206722809028 0.009646512685236641 0.006542001299162159 -0.7594529846221144 -0.650457770466752
789 1785157944.973106 1.2201668948311903 0.8989883018493101 0.10389706148485527 0.009354878868392924 0.006010197505771031 -0.7612392125153148 -0.6483758362989499
790 1785157945.00486 1.2156466290447263 0.9260637217325921 0.10294969895963273 0.009832451023743305 0.004783804670163594 -0.7637530162045623 -0.6454159653728571
791 1785157945.036826 1.2107391221896182 0.953548245348883 0.10192765022979579 0.010584505090405538 0.003734686176094515 -0.7660369794570613 -0.6426985035578183
792 1785157945.064902 1.2070232686778835 0.9741934488911365 0.10084144132283054 0.010387896616097292 0.0033093479186394603 -0.7681430285199577 -0.640185463406062
793 1785157945.088992 1.2031637290217727 0.9939161110332145 0.10032883643040467 0.010263869998232145 0.0032801302195349935 -0.7702328453321453 -0.6376717476021262
794 1785157945.120878 1.197688379856541 1.0207997581949555 0.09906683672679842 0.009880317503413782 0.00370421789399078 -0.7737431662364883 -0.63341153352158
795 1785157945.152847 1.1921236783543434 1.0469928717857142 0.09820926617980123 0.00936259513203097 0.004446548445404708 -0.7776177363930922 -0.6286519116857913
796 1785157945.180923 1.1876092619119114 1.066791635708262 0.09738564982826346 0.0087570739165993 0.005038908569744316 -0.7805421644174567 -0.6250214817295138
797 1785157945.212907 1.1812603698316635 1.0932649098759515 0.09626180988441486 0.008215841492584475 0.005001947108190241 -0.7845496183129013 -0.6199914329075658
798 1785157945.236902 1.1765064964507599 1.1134183799104582 0.09528531080044608 0.008211789858784235 0.00427940433725138 -0.7874985214689153 -0.6162469731285549
799 1785157945.268862 1.1697199839873615 1.1393347550174493 0.09459799337369852 0.008640116865795022 0.003297549110563791 -0.7914766022570825 -0.6111294974307762
800 1785157945.296938 1.1646067952824373 1.1582490619186978 0.09398302740710285 0.008569301959087894 0.00272500440592105 -0.7948512677199522 -0.6067376728198989
801 1785157945.328944 1.1570493168625546 1.1842860791778456 0.09269880839837535 0.007910808316032303 0.002601003259630974 -0.7996282524281088 -0.600437600265506
802 1785157945.353126 1.1516296056118902 1.20353704193428 0.09208392635417653 0.007785663054830194 0.002408986600845542 -0.8035709759654972 -0.5951531456862276
803 1785157945.384877 1.1436043696386637 1.2291967333698959 0.09109634825539101 0.007215903743843732 0.0019819321786898048 -0.8091111388493257 -0.5876080051088022
804 1785157945.412943 1.136967257878715 1.2487712950637964 0.09052186829282544 0.006961833209221724 0.001654653894159086 -0.81330464782535 -0.5817940742432337
805 1785157945.444946 1.1282526598862872 1.2743621326640628 0.0896908427951467 0.007109257630358967 0.0006681530216082754 -0.8193248583103463 -0.5732850849117008
806 1785157945.468911 1.1211215017952818 1.2928232556742285 0.08927855338960028 0.007686419515937293 -0.00010734644769916368 -0.8238468712845748 -0.5667603021616658
807 1785157945.500902 1.1110768720087303 1.3170320610187045 0.08870352124786593 0.008722459384627457 -0.001772102457960112 -0.830008846968956 -0.5576792019686821
808 1785157945.52911 1.1034332817290133 1.3377189942500567 0.08657320063312285 0.009222557841683798 -0.0026205362432119017 -0.8353152197329385 -0.549687693967372
809 1785157945.560966 1.0921912295276768 1.3605022941093805 0.08620186998458115 0.009763318442611468 -0.0033578568007438525 -0.842180239595755 -0.5390972513796842
810 1785157945.592923 1.0803354330664143 1.3842441714570741 0.08519136612892188 0.007568491733405458 -0.0022568431789794507 -0.84953928462354 -0.5274662344388222
811 1785157945.617049 1.0715718487166268 1.4012935582000727 0.08465702539078071 0.0071619686760161505 -0.0018799549383645697 -0.8553250472777855 -0.5180388358736898
812 1785157945.645031 1.0627539152291416 1.4190876517837427 0.08352144272898121 0.007548405787869972 -0.0022782308450853828 -0.8614575261590954 -0.5077684136081423
813 1785157945.677015 1.0499912722320248 1.4417536118605088 0.0828666093887757 0.007516318145779022 -0.0029503639843938556 -0.8695235992713654 -0.4938253847505828
814 1785157945.708944 1.035518695981672 1.4637786595194862 0.08199386227471847 0.006581041464105791 -0.0024715135409829614 -0.8776299352602284 -0.4792872606790127
815 1785157945.74095 1.020312967726886 1.4869136753899697 0.08097923219316255 0.005414611452431273 -0.002893508551564117 -0.8860029939498953 -0.463638872726288
816 1785157945.768962 1.0095836373664557 1.5021787178376438 0.08039862388260764 0.004373924515472777 -0.0034301921432972615 -0.8922828986993478 -0.4514425004968875
817 1785157945.793307 0.996762259401112 1.5202332349172065 0.07916281354937404 0.0037798026356691272 -0.00373917204660279 -0.8986800907036147 -0.43857248689057593
818 1785157945.824982 0.980286302572355 1.5404370428122975 0.07868590687824455 0.004041098756891737 -0.005139240217244101 -0.9067031570155624 -0.42171867730613904
819 1785157945.861039 0.962516290975309 1.5618155066816093 0.07816530189821264 0.004159123826354638 -0.006303984603376889 -0.9148178569725176 -0.403796050044237
820 1785157945.884999 0.9490221147260564 1.577223583897768 0.07680614580930784 0.0035223009308567033 -0.005953043435714678 -0.9205693704351943 -0.3905178470781523
821 1785157945.909041 0.9347795639454973 1.5923695910387707 0.07514695562076669 0.002504684847764005 -0.005985358524044693 -0.92621269244 -0.3769455536283697
822 1785157945.940983 0.9169130033443909 1.6106046766944195 0.07403105830423776 0.0017613075167945969 -0.006431647063016799 -0.9336980196333888 -0.35799935732425014
823 1785157945.977001 0.8966251125415488 1.628551789760024 0.07335539375665104 0.0012337875202552695 -0.007605774897968431 -0.940843836531044 -0.3387528674684579
824 1785157946.001024 0.8807514522288766 1.6407738775878167 0.07201441752599794 0.0007143999565711601 -0.00786462699248408 -0.9457977718351871 -0.3246601485654905
825 1785157946.032968 0.8601190080069214 1.656845301503691 0.07089251722828248 6.395145153281767e-05 -0.008757292529356864 -0.9520796831506108 -0.30572468442963474
826 1785157946.057005 0.844266535894705 1.6683157966814048 0.0701285401229094 0.0002045013499921422 -0.008962637276876018 -0.9564690687620523 -0.29169598868289826
827 1785157946.09301 0.8233033567252387 1.6823107814172709 0.06825300142065745 0.000533592715337039 -0.00924113706223284 -0.961822922244496 -0.2735159646340036
828 1785157946.117025 0.807362959572929 1.6923213826154162 0.0675031211146321 0.0008235930194666619 -0.009439619973216296 -0.9655583563797532 -0.26001399134379133
829 1785157946.148994 0.7878054882512328 1.7051116662040202 0.06706865952170032 0.0010559649708499486 -0.009800582503654398 -0.9702649537336976 -0.24184448117895005
830 1785157946.173027 0.771788452791779 1.7143140976089408 0.06693767966479867 0.0008321567850529954 -0.010342340922054771 -0.9734775476884293 -0.22854716722343943
831 1785157946.209077 0.7516720660289566 1.7255011931080344 0.06661927839071378 -8.40573159707203e-05 -0.010651084324054705 -0.9772968076693889 -0.2116069400003484
832 1785157946.233031 0.7372055061352686 1.734117666677421 0.06682639865625051 -0.0010147027176884427 -0.011409095983971773 -0.9798437995546369 -0.1994365347210879
833 1785157946.264994 0.7174738362466978 1.7440888517508408 0.06675131322533487 -0.0023606409692688013 -0.011799682624685115 -0.9828132609550273 -0.18420990460644726
834 1785157946.289035 0.7006472463798856 1.7513054177199878 0.06642771018068941 -0.002615077761435991 -0.011455381829082567 -0.9847103211877938 -0.17380310394720733
835 1785157946.32503 0.6815361839948713 1.7594513990490854 0.06632814980291103 -0.0020460980529208583 -0.011417339624019918 -0.9870032022504828 -0.1602814293234258
836 1785157946.349041 0.6678324194501671 1.7639898731516914 0.0660357041314474 -0.002782777635095046 -0.011122199875878147 -0.9884939210985788 -0.15082546459305574
837 1785157946.381026 0.6502497308896205 1.772004733001413 0.06575329057526391 -0.004736281592151226 -0.011150566703836962 -0.9903731286821333 -0.13789234381656423
838 1785157946.405347 0.6355256486778686 1.776720265314869 0.06600906452707983 -0.004548989547013299 -0.011387991816877163 -0.9916129752920695 -0.12865973561642943
839 1785157946.44103 0.6167795509474419 1.7825134999472114 0.0668787293031817 -0.0037853349631396804 -0.011862411814581364 -0.9930566883904302 -0.11697592943930954
840 1785157946.465052 0.6002611985163054 1.7874857890645421 0.06653163669203789 -0.004264955467129877 -0.012291365284399502 -0.9939408824768181 -0.10914327572284468
841 1785157946.497022 0.5788402405488576 1.790444050746772 0.0677028537482226 -0.005484790037437015 -0.013031066343994924 -0.9948460581782734 -0.10040631910061698
842 1785157946.521105 0.5634250652267161 1.7945556211104592 0.06788363614587953 -0.006141094195138919 -0.012850593197178461 -0.9954868662225478 -0.09382456178942905
843 1785157946.557039 0.5421899666063797 1.7975260157958264 0.06947866395623702 -0.005555531560947291 -0.012460447970893629 -0.9961918873779125 -0.08611385967353102
844 1785157946.581104 0.5278270510393691 1.8011199589922455 0.06991897049786244 -0.005021522440665727 -0.012258384759823882 -0.9967156106435893 -0.07989059903915463
845 1785157946.613033 0.5085035599931613 1.8036567336104523 0.07050822417607117 -0.005786944985096937 -0.01152787480234041 -0.9972447061008474 -0.073052142501884
846 1785157946.637176 0.4925946373969271 1.8056692724828882 0.07144588949229291 -0.005814880003147199 -0.011928776859742807 -0.9976370079910947 -0.06741136209687706
847 1785157946.66523 0.4773530002657226 1.8067998709384399 0.07199981957700696 -0.004973559185593973 -0.011811554082111098 -0.9979512586168746 -0.06268202552717053
848 1785157946.697083 0.4582045834884303 1.808883015965172 0.07274151076345944 -0.004848965627624796 -0.011211500825642595 -0.9983269326596615 -0.0565165932088145
849 1785157946.72907 0.4367103195128064 1.8103780140331522 0.07391125504086385 -0.0037005394448205997 -0.011922637439880424 -0.9985859947115658 -0.051673667280417473
850 1785157946.753039 0.42311373374754513 1.8113105000456085 0.07499711824343402 -0.002265681240886497 -0.011613584722145187 -0.9987517279311982 -0.04852810827615389
851 1785157946.781366 0.4083630343432213 1.81123111539633 0.07386067769450613 -0.0028479593437747974 -0.011219530828975977 -0.9989123563308933 -0.0451676391348515
852 1785157946.81309 0.39345554327481 1.814417029851256 0.07076789626833796 -0.0035659852615726184 -0.011563254555253255 -0.9991644129097941 -0.03903909409593628
853 1785157946.845074 0.3763791914002379 1.8155891384294025 0.07028751904424936 -0.0041371167948967 -0.011621520408750197 -0.9993498045452212 -0.033879089176697796
854 1785157946.869065 0.3644256861690144 1.815894935107154 0.06992408379978603 -0.004773673908297665 -0.01149889786686864 -0.9994567690629299 -0.030514818687870787
855 1785157946.897357 0.35332327977023587 1.8162610597478313 0.06983696116922057 -0.004532423086269666 -0.011603414103196541 -0.9995515484362215 -0.027230863755464962
856 1785157946.92911 0.33880928064123633 1.8168874610012222 0.06981154577664682 -0.004892682843484292 -0.011518932281221694 -0.9996615209578019 -0.022808318000847677
857 1785157946.961069 0.3249382279338853 1.8174817714995992 0.07120289248937173 -0.004283131849500799 -0.011505422477024962 -0.9997281903741051 -0.019819823573937523
858 1785157946.985067 0.3161560489773315 1.817534148743659 0.07144735861719397 -0.003578988001204153 -0.011426838600874623 -0.999758540580328 -0.018424948878338787
859 1785157947.013333 0.30748701907875486 1.8182618675404925 0.07174042695194346 -0.0035938936276910805 -0.011363812800187167 -0.9997887686874045 -0.01674412415621107
860 1785157947.045168 0.2964369115995487 1.8187739724314742 0.0708147071101646 -0.0031137742384146905 -0.011956153148053206 -0.9998082579814975 -0.015192171796547471
861 1785157947.077088 0.2859153619943624 1.8192868253539924 0.07038765758647239 -0.0029029664378525943 -0.012086947733105424 -0.9998437787154533 -0.012565693150861201
862 1785157947.101081 0.279129461894344 1.8194687008710437 0.07005172578728733 -0.002295596421681645 -0.012189891295756261 -0.9998685634571955 -0.01043995197836467
863 1785157947.129429 0.2731314428626959 1.8195981850401948 0.06980995689600601 -0.002686841720183547 -0.012364064038101086 -0.9998844148204553 -0.008430172073462666
864 1785157947.16113 0.2652208172846117 1.819883004739594 0.0694353967274621 -0.0029801434682259487 -0.011917556793382689 -0.9999071864701119 -0.005891437041183001
865 1785157947.193098 0.2580697924137374 1.8197809927009125 0.06970727410179084 -0.0028962077023884647 -0.012099686522218822 -0.9999161042541246 -0.0036047219398456787
866 1785157947.217086 0.2529784116565619 1.8200139367339816 0.06943364907682736 -0.003141123418647196 -0.012012477746765171 -0.999920059010494 -0.0023894163518696776
867 1785157947.245132 0.2469501319807743 1.8194853550692085 0.06919918019890034 -0.0037308825100875465 -0.011502275109644189 -0.9999257689588757 -0.0014949096959843977
868 1785157947.277143 0.24063212243176021 1.8194520902431282 0.06923011320412881 -0.003690021779005598 -0.011502062149475578 -0.9999263900961995 -0.0011404800581553964
869 1785157947.301287 0.2362646814291925 1.8200780184241243 0.06961853474286941 -0.0032229549322973228 -0.011701107605279981 -0.9999262738107293 -0.0003789265159434285
870 1785157947.333096 0.23123118429413958 1.8198339785052524 0.06914070722579616 -0.0029560630447240666 -0.012129900921762804 -0.9999196606680281 0.0021907543083466985
871 1785157947.361154 0.22695951924484264 1.8198689163885478 0.069092881694239 -0.004188658942602536 -0.011845602178950587 -0.9999149429060634 0.0034991139513707303
872 1785157947.385298 0.22280760834195107 1.819484664850972 0.06914385090061742 -0.00482996779090164 -0.011161310407502678 -0.9999197780045882 0.0035403554032746587
873 1785157947.417124 0.21799085256925313 1.8196122520339648 0.06914699184140108 -0.003951319699519895 -0.011810750780707369 -0.9999155500686695 0.003712946201896883
874 1785157947.449128 0.21373232167721973 1.8195365013164297 0.06874785405255411 -0.0050097643785583235 -0.011862753023576589 -0.9999068500642188 0.0045242177472840095
875 1785157947.477143 0.21007124715862685 1.8196033399322786 0.06884181143650248 -0.005456769862150268 -0.011484655026352819 -0.9999084598980568 0.004625817321687764
876 1785157947.501169 0.2071884198125049 1.8196679738877202 0.06890891220917009 -0.005125048718038372 -0.0115321431607312 -0.9999116279972053 0.004180878584328529
877 1785157947.533135 0.2019371570854977 1.8192940859024445 0.06836428418725682 -0.0036132815415941266 -0.012210529181213237 -0.9999096240539224 0.0043117163589382335
878 1785157947.557131 0.19858298913124414 1.819522519986389 0.06842319954773853 -0.0032863824500977135 -0.012440919052409238 -0.9998995808856737 0.005937286263716923
879 1785157947.585381 0.19539938906387708 1.8190332660976105 0.06837854357221998 -0.003819884724189676 -0.012210861187021416 -0.9998853777423523 0.008095352172641596
880 1785157947.61718 0.19186274558426583 1.8186215872010216 0.06839490593991045 -0.004553706151039866 -0.011820309174419619 -0.9998572448920522 0.011181855310547134
881 1785157947.641388 0.18944985335260126 1.818548492583909 0.06842897551430113 -0.004552173422147532 -0.011907572632271213 -0.9998484180694707 0.011858681002494098
882 1785157947.673137 0.18638550414724506 1.8185840271308116 0.06841004855563051 -0.004236571853654142 -0.012219547277854015 -0.9998648443216999 0.01015023215478808
883 1785157947.70119 0.18439613300305424 1.8187992723748674 0.0682776845871971 -0.004381336189410917 -0.012110807394158152 -0.999882130197545 0.008358106787850067
884 1785157947.733194 0.18171878660573043 1.818935773333967 0.06813602911077196 -0.0046428772044630195 -0.01217704825011967 -0.9998895330976133 0.007147362381721728
885 1785157947.757168 0.1784343531102446 1.8183975072803125 0.06814754475951296 -0.00462417633294937 -0.011956352904538892 -0.9998939272071633 0.00691353402392253
886 1785157947.789142 0.1760500448982898 1.8183936557990954 0.06806096124665326 -0.004711646075624576 -0.012151398427702909 -0.9998822539255954 0.008100752568783287
887 1785157947.817198 0.1737082362137796 1.8183517475581694 0.06814457234269007 -0.004294432018675992 -0.012160023184717261 -0.9998736189006501 0.009297199379475735
888 1785157947.841171 0.1717354817608012 1.8184465232890388 0.06813857029198785 -0.004303766244985213 -0.012326740350680931 -0.9998597515896491 0.010488384981522353
889 1785157947.873174 0.16922836640663164 1.8183169754849926 0.0681058799383304 -0.00435457330538308 -0.01230129007384928 -0.9998485867812303 0.01151170992613082
890 1785157947.897367 0.16758142538614795 1.8182929818461686 0.06826384355674817 -0.004619800563378573 -0.012172458769092898 -0.9998491101376176 0.011499810749917683
891 1785157947.925411 0.16577721979414164 1.818036584322194 0.06803599560133196 -0.0047767040752949574 -0.012196687699087716 -0.9998534252000559 0.011025063404081381
892 1785157947.957187 0.16354218695745942 1.8183147712274037 0.06806047452722355 -0.004277965875960882 -0.012466620863350597 -0.9998575914033292 0.01053941579723014
893 1785157947.981361 0.16152345506559068 1.8182188572097338 0.06785755928087928 -0.004543571618629921 -0.012414999797943471 -0.9998573652910314 0.010510604656277872
894 1785157948.013175 0.1592815244797845 1.8181267948706727 0.06779952018219876 -0.004570108760610231 -0.012371480904671939 -0.9998609594675665 0.01020403345441176
895 1785157948.041226 0.157371293390115 1.8183321045736256 0.06790157339225508 -0.004323882274599344 -0.012463815380951204 -0.9998603374660461 0.010259771464776801
896 1785157948.065428 0.15577353063157118 1.8183447027664774 0.06780634560873305 -0.00413322240795258 -0.012579983179265009 -0.999852878046348 0.010903337019928266
897 1785157948.097209 0.15305127407854296 1.818218511521295 0.06768440932810385 -0.0042145282914426985 -0.012661171242525415 -0.999845609032444 0.011431998626198259
898 1785157948.129185 0.15130732929761137 1.818265872387499 0.06774265647985131 -0.004612449622099807 -0.012420455229401273 -0.9998431128300987 0.011756161218569067
899 1785157948.157219 0.14962627209888457 1.8183103969611605 0.0678333595089271 -0.004091560669443162 -0.012519194141132228 -0.9998450258984779 0.011681313942239202
900 1785157948.181212 0.14817782834445606 1.8183213124100952 0.06760159745745975 -0.0037767751606111177 -0.012863402463319407 -0.9998408414420854 0.011771177971453689
901 1785157948.213212 0.14602689963990517 1.8180223196815888 0.0675982530372328 -0.00425178585937086 -0.012609551914139594 -0.9998283550800346 0.012891155707797308
902 1785157948.237197 0.14473470096933863 1.817943995468929 0.06771044172405515 -0.004735981973148673 -0.012304014346268488 -0.9998181552412713 0.01377817679005311
903 1785157948.265256 0.1430771506146214 1.81790267250805 0.06778066197409313 -0.005171656703083616 -0.012265339864637181 -0.9998148150047791 0.01389788120217561
904 1785157948.297222 0.14190834017028386 1.8181238984963186 0.06769841688186659 -0.00495800602287183 -0.012785856416102193 -0.9998202523251222 0.013092100385843797
905 1785157948.321243 0.14009157919470844 1.8181074224076006 0.06765035163595473 -0.00388719847604016 -0.012747309496943249 -0.9998335584757518 0.012459981312681195
906 1785157948.353201 0.1385162175042699 1.8181042885198224 0.06767997344005702 -0.003486319032857288 -0.012884688652503917 -0.9998323662390219 0.01253274905229318
907 1785157948.381252 0.13712610929372904 1.8182122102447664 0.06764948990508271 -0.004490906064071903 -0.012753109634073168 -0.9998219857664561 0.013160043138433747
908 1785157948.405271 0.13563751530114174 1.8179658583712273 0.06764578421611396 -0.005650804513560037 -0.012500050769893911 -0.9998175863632378 0.013289512326988384
909 1785157948.437239 0.13440664479707512 1.8179051777155104 0.06765913839694945 -0.005521922256524314 -0.012634313459416624 -0.9998239911064262 0.012722786880982995
910 1785157948.461259 0.13234564431591608 1.8179046430088261 0.06739186933362937 -0.004218441904375786 -0.012803807343928941 -0.9998252853940517 0.012948588807370182
911 1785157948.497275 0.13089172197798105 1.817861821489725 0.06738837601156365 -0.0038424921455618988 -0.012863402845742167 -0.9998189639329744 0.013483600458831874
912 1785157948.52128 0.12946555598629048 1.8178341871643733 0.06723340187751592 -0.004561675747177696 -0.01288763657314329 -0.9997999816170814 0.014597831908201075
913 1785157948.545437 0.12860095235884367 1.8178425762265582 0.06738314044719793 -0.004729924066521118 -0.012570420672949112 -0.9997956779155621 0.01510677873644295
914 1785157948.577272 0.12657661191823302 1.8177641220978733 0.06727943394744743 -0.004332988861527276 -0.012629549517912841 -0.9997937584507107 0.015302295563167811
915 1785157948.605296 0.12445048968251374 1.8174029450379456 0.06716931476206323 -0.0035352976097682565 -0.01303430929051097 -0.9997867737781181 0.01562099326137703
916 1785157948.6373 0.12325272934439785 1.8175198911577586 0.06705273913158438 -0.003778695148936778 -0.013055849577163992 -0.9997700763021033 0.016584956607612805
917 1785157948.661293 0.12205182567400902 1.817436048906982 0.0671143375403781 -0.00453696656023353 -0.012750143901424149 -0.9997646635639599 0.016954859296573782
918 1785157948.69327 0.12064266845403222 1.8175426644587838 0.06720806998214815 -0.0052139863072039605 -0.012881049872274342 -0.999762775244808 0.016771587157329765
919 1785157948.721307 0.11920179754265404 1.817562481827492 0.06718353848796202 -0.005278284592171362 -0.012862131270489852 -0.9997689334567269 0.016394663331200904
920 1785157948.745586 0.11813218589894633 1.8176628801464303 0.06716955777996854 -0.004523227137394975 -0.012745533432748035 -0.9997833129162588 0.01582463294893624
921 1785157948.777347 0.11598441961935688 1.8176011025167431 0.06701127298925309 -0.00313078038979267 -0.013147728102419931 -0.9997819958834506 0.01591528093374492
922 1785157948.809271 0.11424726628618118 1.817548520765971 0.0669131049483295 -0.004580822035224336 -0.013024868199696948 -0.9997704614109961 0.01638271552295592
923 1785157948.837336 0.11286843786407663 1.8173172628586576 0.06705182509726543 -0.005227487365530831 -0.01269348833963524 -0.999772148385137 0.016346254708121205
924 1785157948.861318 0.11145797990846348 1.8173052335221844 0.06701009713986925 -0.005241116812789659 -0.012936164264574224 -0.999767565720465 0.016431703565078726
925 1785157948.893293 0.10892412685744265 1.8172743841772747 0.06679756050980573 -0.004272733666162043 -0.013206548269327267 -0.9997476122213889 0.017664730042075194
926 1785157948.917306 0.10680133338700723 1.81681630281981 0.06669761046294521 -0.003169789490436725 -0.013580569012454302 -0.9997408401456879 0.01799369680411933
927 1785157948.953352 0.1046521555786972 1.8167730656860857 0.06653223070011431 -0.0034000534661075277 -0.013701582023040615 -0.9997319234490281 0.018351771669240485
928 1785157948.977318 0.10399096574076848 1.8172348126610027 0.0665792154868742 -0.003911255746322118 -0.013573912482003347 -0.9997271946289126 0.018600733797951408
929 1785157949.001316 0.10284400204199945 1.8170849883342495 0.06670854623690539 -0.00376332451334066 -0.013361858823473238 -0.9997218936424905 0.019063931631794595
930 1785157949.033319 0.10115905093091444 1.8171348790955562 0.0666954538869668 -0.003946362039406404 -0.01358626461137441 -0.9997120917362456 0.019379713024290812
931 1785157949.057372 0.10015761874489335 1.8171155818206959 0.0667734107075284 -0.004320873844322531 -0.013441037665061994 -0.999719763020188 0.019001683677169395
932 1785157949.085393 0.09852341777133199 1.8170077570647956 0.06665683209569741 -0.004186528862923339 -0.013276553717740003 -0.9997309486039387 0.01855361153330934
933 1785157949.117325 0.09650290322039541 1.8169711900260506 0.06657387981717358 -0.003775364903748385 -0.013591178608633514 -0.999721683748902 0.018909826179325545
934 1785157949.141551 0.09528994666160417 1.8169009260826372 0.06666275398833976 -0.003501159369730139 -0.013702196078763884 -0.9997136869476541 0.019301187404266812
935 1785157949.177346 0.09357616747662696 1.8168993150745651 0.06659727722067496 -0.0038308600855017083 -0.013517074503893056 -0.9996979079704449 0.020166953348917716
936 1785157949.201361 0.09233077567134414 1.816774952555737 0.06667032375875982 -0.0036561739955923434 -0.013546931794098827 -0.9996945181120958 0.02034658416799076
937 1785157949.225629 0.0908499537374184 1.8166018023219295 0.06657142989479473 -0.0035921026004961942 -0.013537083479470857 -0.999680176714264 0.02105679116853415
938 1785157949.257343 0.08886094031940246 1.816419709670315 0.06643441120659271 -0.004731644975208338 -0.013501767294119005 -0.9996656038227955 0.021540528066182674
939 1785157949.281479 0.08714341254683115 1.8158757034834314 0.06642837433205934 -0.005406003633557949 -0.013366616592882963 -0.9996766034375464 0.02094748732292054
940 1785157949.309542 0.08664090668601156 1.8163762025751105 0.06651360555457231 -0.005118665044773707 -0.013401067234333763 -0.9996947607316765 0.020114572597408176
941 1785157949.341389 0.08511009789499246 1.8165772796405588 0.0665670860774637 -0.003753368865971829 -0.013606455122928018 -0.999698595342875 0.020087186727520245
942 1785157949.373356 0.08270360033363984 1.816284211939749 0.06629743308738324 -0.004299816343086932 -0.013525572550361686 -0.9996811068940304 0.02088671792615973
943 1785157949.39737 0.08121588384210353 1.8160261627458782 0.06619417456366235 -0.0045065325066561135 -0.01352030040938601 -0.9996849333480233 0.020662204107133764
944 1785157949.42539 0.07993600502428945 1.8161396656341955 0.06623544230724174 -0.004701736643534737 -0.013425228619071472 -0.9996764480209477 0.02108687224986261
945 1785157949.457369 0.07762839795265385 1.8158130032842783 0.06591564344620554 -0.004488658055355199 -0.013640694106926254 -0.9996652060328821 0.021523458374040072
946 1785157949.481366 0.07705148238779443 1.8162039365065183 0.0661967317705687 -0.004052633043854725 -0.013876264624050338 -0.9996545678020393 0.021949271468854392
947 1785157949.513354 0.07486843453425943 1.8156705600906322 0.06594198948590044 -0.005210592856964319 -0.0136952009449402 -0.9996598371717014 0.021575475406218153
948 1785157949.5414 0.07334020343228746 1.8154914138832678 0.06579119801511643 -0.0047662325826118845 -0.013651897035033334 -0.9996557187155989 0.021894126461515173
949 1785157949.565405 0.07252557495134385 1.81548289450084 0.06584454327333711 -0.003826967151805888 -0.014039721333400035 -0.9995676186372529 0.02555027043205335
950 1785157949.597375 0.07110635927813928 1.8153598952353698 0.06570740771432437 -0.004468026163041872 -0.014189978819557414 -0.9994223906076243 0.030554318769172584
951 1785157949.621387 0.06984878213521986 1.8147582138318863 0.06570536995022083 -0.005307303594178803 -0.014014359426191336 -0.9993082893921975 0.03403487932214244
952 1785157949.649413 0.06935976690330506 1.8146099683611472 0.06564391258113354 -0.005302235337225514 -0.014007484438371964 -0.9992133713361584 0.03671941207543822
953 1785157949.681412 0.06868683664517158 1.8146456648823894 0.06551704166092934 -0.004962596688622228 -0.01439358886113784 -0.9990847577798497 0.039973040987418246
954 1785157949.705391 0.06858787426415328 1.8146884518154913 0.06558227451898205 -0.004166156151755834 -0.014439988407602744 -0.9990953374427611 0.03978236516149905
955 1785157949.737365 0.06856883930265906 1.8147104090369806 0.06559277724527893 -0.004612663678944973 -0.014497987677274726 -0.9990777341909317 0.040152368933959626
956 1785157949.765414 0.0686935108798502 1.814433743020692 0.06567363702614182 -0.004726816746779078 -0.014434184471291411 -0.9991064902400579 0.039440241914621726
957 1785157949.789449 0.06858774657049263 1.814812850333344 0.06548717831703121 -0.004567753000916552 -0.014567688510030652 -0.9990939583535751 0.03972631955495065
958 1785157949.821396 0.0683222239206798 1.8146300228503351 0.06551192432501904 -0.004266492666844618 -0.014621556907480904 -0.9990954706702709 0.03970198483797635
959 1785157949.845491 0.06864493492260962 1.8147239832552937 0.06562056083395854 -0.004222792086667204 -0.01458683919215542 -0.9990923287335586 0.03979837704140582
960 1785157949.873714 0.06871179390771723 1.814693901794545 0.0656599979511363 -0.004351128166432516 -0.014749542604874155 -0.9990912492342868 0.039751658834553394
961 1785157949.905442 0.06863087794436537 1.814647493128039 0.06553361395236461 -0.004581123521497726 -0.014538176816767168 -0.9990938083988217 0.03973936010133408
962 1785157949.937401 0.06877923417542853 1.814847409873791 0.0656221561505361 -0.004259276076732821 -0.014633869113146458 -0.9990889986154026 0.039860773797727456
963 1785157949.961395 0.06861078160551115 1.814702937476949 0.06557328535451423 -0.004508542299610285 -0.0146324546137504 -0.9990941009742365 0.03970568872078012
964 1785157949.98945 0.06881928846544666 1.8148298856812037 0.06554926737808109 -0.004628101815050217 -0.014670019309644622 -0.9990885876817953 0.039816644397037276
965 1785157950.021451 0.06868860805131768 1.8147622929170895 0.06554399392061785 -0.0043146816656403075 -0.014646222911572915 -0.9990855574123789 0.0399364576113726
966 1785157950.045434 0.06864610033160812 1.8146611831609463 0.06560621589729551 -0.004340735876009555 -0.014518216684449359 -0.9990888013994552 0.03989920192883953
967 1785157950.077403 0.0688427340471244 1.8147778761193514 0.06565478419502233 -0.004473825529219516 -0.014629673290565415 -0.9990851791419965 0.0399344758742434
968 1785157950.105444 0.06861343226758157 1.8145756738543313 0.06549587154892153 -0.004537943728166544 -0.01459477112964569 -0.9990915158077511 0.039781186047721157
969 1785157950.129442 0.06864419356034918 1.8146895282025357 0.06555703261742084 -0.0044009722170870735 -0.014543374971845435 -0.9990921708833757 0.03979894178890586
970 1785157950.161434 0.0688370675486831 1.814905445259177 0.0655949310388289 -0.004452063159385067 -0.01458791107861479 -0.9990876904844169 0.039889330735189465
971 1785157950.193432 0.06876516112899048 1.814742791087534 0.06554041688754755 -0.00451257798218152 -0.014653316790741722 -0.9990873697134108 0.03986658533312626
972 1785157950.221471 0.06872276507179628 1.814757326858902 0.06559103816393388 -0.004393907393657193 -0.014560263270417761 -0.9990883391577396 0.03988963362004683
973 1785157950.245481 0.06858849476322468 1.8147298830919816 0.06557376304335112 -0.0044247417997037575 -0.014575753000762526 -0.9990879250626293 0.03989093980488334
974 1785157950.27746 0.06877470526923954 1.814757922250669 0.06552763985926002 -0.004442776578254204 -0.014572014709636205 -0.999087611981403 0.0398981416719591
975 1785157950.30144 0.06857118579227436 1.8147195442922757 0.06543747935466307 -0.004575751214883739 -0.014436305676220895 -0.9990896328996732 0.039881838117597435
976 1785157950.329507 0.06866908733678156 1.8147783206625847 0.06550815029666834 -0.004452935633621341 -0.014524641798882021 -0.9990902920412548 0.039847139091498646
977 1785157950.361491 0.06885600154352897 1.8147275721951497 0.06567737104324389 -0.0039837084876890305 -0.014663622320743752 -0.9990938088769783 0.03975763210770544
978 1785157950.385485 0.06943155969356421 1.8148748314924406 0.06570051720323344 -0.0035369121437422713 -0.014551816549439933 -0.9991267497356092 0.03900606171296986
979 1785157950.417447 0.07098014064014363 1.814859407656427 0.06569486865183655 -0.0034634192787426077 -0.014633903405253834 -0.9991674723407671 0.03792381592334393
980 1785157950.445495 0.07274993314425388 1.8151029023011123 0.06578300786417463 -0.0030743658439885413 -0.014615023681134764 -0.9991945170048647 0.03724602723610135
981 1785157950.469477 0.07555108068311198 1.8153151473398528 0.06604742780744458 -0.0027246554764115416 -0.014485050736004146 -0.9992418539118892 0.03603438563984307
982 1785157950.501471 0.08002401208407678 1.8157832129632367 0.06625092788772699 -0.003043708195488437 -0.014071100396028213 -0.9993665658671146 0.032545460528860426
983 1785157950.525465 0.08405960898444215 1.8160270241432552 0.0664407900245782 -0.0036131831081473442 -0.01348602712193292 -0.9994745503891108 0.029252266660528603
984 1785157950.553621 0.08824163919053382 1.816505901146228 0.0663882087915584 -0.0038570442934459936 -0.01315126366915198 -0.9995452241648146 0.026860981414188162
985 1785157950.585516 0.0931084408385583 1.8166046329850698 0.06632769225318852 -0.0037135306811661994 -0.013219855588927354 -0.9995865296764639 0.025262913479086047
986 1785157950.60951 0.09764433742488299 1.816808030371042 0.0663821570035415 -0.0035711205574701643 -0.013345548803806784 -0.9995958668592622 0.02484444370417238
987 1785157950.641475 0.10351868732157589 1.8171617145480135 0.06647361107469821 -0.003163312259939599 -0.013564443506436763 -0.9995741379535874 0.02564258298708344
988 1785157950.66953 0.10859914296682506 1.8172651448197272 0.06662198206156023 -0.002791313330834766 -0.013579038314546377 -0.9995407772181097 0.02694537003936165
989 1785157950.693511 0.11340242056881428 1.8175016242149948 0.06659090000310446 -0.0032259908134932846 -0.013450718533488615 -0.9995052316146664 0.028248241168545962
990 1785157950.725505 0.12089451956271403 1.8177994308697276 0.06687858160980859 -0.0031220451107261404 -0.013464607378203042 -0.9994512061501111 0.03010388193515459
991 1785157950.749508 0.12692212341635178 1.8181714390247192 0.06690869375675138 -0.0032529174567191843 -0.01363460654978732 -0.9994025575138771 0.03159183544800831
992 1785157950.777537 0.13310156533920295 1.8184852916294223 0.06709816252163911 -0.003671740573061133 -0.01339812307149002 -0.9993782120752946 0.032406756217073396
993 1785157950.809507 0.14235904993060977 1.8188689594226277 0.06730822952272203 -0.004838559627581951 -0.012756586122223745 -0.9993680097680121 0.03282436448066545
994 1785157950.833539 0.1492407584835032 1.8193717387566584 0.06736752418782158 -0.004999536361809193 -0.012531475108602752 -0.9993178292644012 0.03437794179491313
995 1785157950.865496 0.15941613475614846 1.8200485934868174 0.06754134769835021 -0.0042989605281889 -0.012949736794108158 -0.9992536009558514 0.03613951067882254
996 1785157950.893551 0.16728121189812498 1.820707619637267 0.06767649024376049 -0.004481660529220666 -0.012696852698968475 -0.999270817487114 0.03572867152689296
997 1785157950.917563 0.17517394948455828 1.821256286557147 0.06787964341266567 -0.004722839869995943 -0.012427112702181164 -0.999310307883055 0.034672326315432656
998 1785157950.949538 0.18696600588366055 1.8220087164834489 0.06807930864018287 -0.0038401887661583534 -0.01254135766478881 -0.9993266355365733 0.03426722640245569
999 1785157950.973545 0.1956361822521758 1.8229535536093544 0.06831097930890805 -0.0032134860245437713 -0.012734671466202552 -0.9992989374277351 0.03505902602779601
1000 1785157951.00955 0.2086629458016074 1.8234705860406453 0.06868943987743137 -0.0031579848525933596 -0.012697372127361384 -0.9992708906719121 0.035867686411222316
1001 1785157951.033551 0.21817918777801384 1.8242780227399786 0.06873000586126124 -0.003277982883968328 -0.012512378817633563 -0.999233473705772 0.03694807478655124
1002 1785157951.057583 0.22776043972364973 1.824882016898241 0.0688818968584525 -0.0034510028791512604 -0.012211403276124244 -0.9991915940805955 0.03814617317418059
1003 1785157951.089547 0.24185205867345144 1.8256389574828826 0.06900264328253711 -0.003759044787578797 -0.012010703981637505 -0.9991314057889009 0.03972463389944783
1004 1785157951.113608 0.2522701221022277 1.826499344677075 0.06921106785556647 -0.004044070216717127 -0.011896356783238526 -0.9990968637463068 0.04059038117167349
1005 1785157951.141841 0.2632726635448682 1.8273487475897239 0.0692885337491149 -0.004634986468548125 -0.011676052078462784 -0.9990879530207667 0.040809911015240646
1006 1785157951.173576 0.27877471908606266 1.8285960993177999 0.0693420708591439 -0.00565194183340767 -0.011495581067933247 -0.9990887105086116 0.040714318165261554
1007 1785157951.197749 0.29036320840379004 1.8292090529945346 0.06987963093862645 -0.005565817813135726 -0.011629578952353614 -0.999085857505205 0.04075811451172859
1008 1785157951.229576 0.3065604008249721 1.8306495229710382 0.06983005242082099 -0.005593531578169331 -0.011551556129304585 -0.9990786929496597 0.04095166967872327
1009 1785157951.257593 0.31927691502274713 1.832138143809786 0.07029188013073358 -0.005586299011122231 -0.011558536704901368 -0.9990501015359414 0.041642383620841106
1010 1785157951.289572 0.33676523820244486 1.8332844331075482 0.07084902204096169 -0.005947158113793288 -0.01138819934234081 -0.9990225397656707 0.04229545207534438
1011 1785157951.313579 0.34789732770511445 1.8346692367164132 0.07075751141589609 -0.00559711638705096 -0.011511149940229615 -0.9989734274646318 0.04345407845955718
1012 1785157951.349587 0.3650532222530245 1.8363222024029804 0.07125977430373756 -0.005649884321072357 -0.011436105111710448 -0.9989472191023543 0.04406526698779392
1013 1785157951.373572 0.37864697662231894 1.837116438497664 0.07165473426058802 -0.006132525357659513 -0.010961664200968557 -0.9989408290861114 0.04426572077167007
1014 1785157951.397893 0.3907000921588961 1.8382117938752094 0.07179888915954376 -0.006922288413782313 -0.010734630763109099 -0.9989133117239968 0.044822374837724804
1015 1785157951.42973 0.4065922033852523 1.839405742113673 0.0719717872794332 -0.009053309471039134 -0.010762367780121518 -0.9988742779211416 0.04530326627192452
1016 1785157951.465601 0.4215501330996091 1.8407353264746222 0.07238119527018785 -0.011967222714522996 -0.010535326833906844 -0.9988721807597936 0.04472313688884588
1017 1785157951.489623 0.43139587002932084 1.8415602854013229 0.0725381682527195 -0.011839418774043348 -0.01039062274386543 -0.9989120587724503 0.043892618526037624
1018 1785157951.521584 0.4441889385771788 1.843214056007656 0.07231593703491403 -0.01082198473380458 -0.010621967792940668 -0.9990419359667784 0.04105202341393693
1019 1785157951.545633 0.452675006675138 1.8440361352785049 0.07274982472213384 -0.010939989752085988 -0.010430062714184896 -0.9991156299783372 0.03923631416166634
1020 1785157951.581624 0.4641155833233843 1.8451829786236302 0.07262414020385137 -0.011130887067391598 -0.010378144842536186 -0.9991377135959276 0.03862935066788589
1021 1785157951.60565 0.47110422036330335 1.8450632739297461 0.07264134019771809 -0.011472890453900986 -0.010458128462807359 -0.9991299284515416 0.038708996449220656
1022 1785157951.637601 0.47942639388314956 1.8463446184271912 0.07313867709895602 -0.012147580523453189 -0.010878192114017637 -0.9991174202060941 0.03871022945522776
1023 1785157951.661642 0.4858829970912492 1.8469326629022822 0.07306371545119814 -0.011787092399677929 -0.010773820419643476 -0.9991633397050503 0.03765115981981068
1024 1785157951.697647 0.4925239677548357 1.8469854560663586 0.07291370614077598 -0.009218615655464363 -0.010945972538080495 -0.9991804686168388 0.037862830655232965
1025 1785157951.721647 0.4964761724403412 1.847389778208063 0.07314946035637862 -0.009912753889842307 -0.011325746267476788 -0.9991401119323768 0.03863290708141903
1026 1785157951.75361 0.5015405758465277 1.8474608634466974 0.07353457246196496 -0.009607390427197299 -0.011118564515388174 -0.9990777047961423 0.04034619376804735
1027 1785157951.777636 0.5051999316647069 1.848327706524185 0.07381868700577184 -0.007984165241731234 -0.011518468743380805 -0.9990292596521678 0.04176261895573191
1028 1785157951.805661 0.5090754087806014 1.8491423189189122 0.074033395180852 -0.007273881054198655 -0.011681428886502032 -0.9990326150114691 0.04176684111738091
1029 1785157951.837655 0.5122242674413376 1.849600111495904 0.07315229044271415 -0.008078416192721594 -0.011641838549764083 -0.9990595713727741 0.040977794419020386
1030 1785157951.861696 0.5159828467111992 1.849740675129759 0.07361581245214366 -0.00745755242792398 -0.011502507649819527 -0.9990756418888164 0.040742349146803886
1031 1785157951.893633 0.51917844582899 1.8499865859515423 0.07353815177739276 -0.006448969294324425 -0.01126992947874672 -0.9990592458768205 0.041376596194270254
1032 1785157951.92167 0.5217854340060388 1.850206930347338 0.0734707541844308 -0.007159968053673915 -0.011428620712541693 -0.9990073796631013 0.04245440924973243
1033 1785157951.953672 0.5265881761398499 1.8507340471585085 0.07351919120004083 -0.008265415345576288 -0.01129037177651021 -0.998960009629672 0.043394810461610034
1034 1785157951.977822 0.5280972414276066 1.8507014281094922 0.07362573780310207 -0.007525850080582347 -0.011162612797121496 -0.9989593988658597 0.04357610668321013
1035 1785157952.009628 0.5306779856032084 1.8504972566041225 0.07353463116656737 -0.006396939480337982 -0.011179453612796153 -0.998995371755962 0.042922560412582134
1036 1785157952.037688 0.5325267992445177 1.8506317888951616 0.07357226177854678 -0.007532308558261092 -0.011324594761528695 -0.9990059874125167 0.04245061831366992
1037 1785157952.069695 0.5349729383268751 1.8511688064410143 0.07330853164619115 -0.007214049668532313 -0.011228911836972666 -0.9990056065673327 0.04254018186812655
1038 1785157952.093932 0.5369905216428204 1.85149904008712 0.073451468712071 -0.006300574984936608 -0.011257640722229012 -0.9990063175139235 0.04266082333357227
1039 1785157952.125644 0.5399734356301766 1.8518043585255266 0.07357073460421192 -0.006874490439780528 -0.011235360997839672 -0.9990398173096711 0.04178458417049227
1040 1785157952.153704 0.5409680625648889 1.8520180249763585 0.07339085554936917 -0.006688820720468558 -0.011227646308965555 -0.9990668819763437 0.04116509411864527
1041 1785157952.185696 0.5430312027378439 1.8526783604937536 0.07308000615810611 -0.006987313702051329 -0.0113391642488756 -0.9990897591104184 0.04052473370735851
1042 1785157952.209834 0.5444134142598327 1.852687051605115 0.07314225112767747 -0.006781353456453171 -0.011343301118357463 -0.9990983171243146 0.04034718682138008
1043 1785157952.241706 0.5466648993896943 1.8530117558405599 0.07331874594367482 -0.006736843541554238 -0.011372665437383078 -0.99908208861694 0.040746259027780396
1044 1785157952.269713 0.5484027861267918 1.8530194476361825 0.07322961903303678 -0.006738576131288115 -0.011250436049063839 -0.9990877684573686 0.04064049949624729
1045 1785157952.301727 0.5506963666038811 1.8531140624133582 0.0732479414618982 -0.007086568405879984 -0.011278725866792016 -0.9990876775231395 0.04057565171959357
1046 1785157952.333689 0.5521054559844295 1.8536598029794107 0.07319285639092549 -0.00699762143219812 -0.011261951378938484 -0.9990632020808139 0.041193688757638125
1047 1785157952.357677 0.5536251357593004 1.8532761895787557 0.07287980698360405 -0.0069074334823130135 -0.011412492654970852 -0.9990583455918056 0.04128516049929251
1048 1785157952.385716 0.5543222299434715 1.8530611814318318 0.07302193260382189 -0.006893713955424763 -0.011173651487052516 -0.9990766157779237 0.04090894799524636
1049 1785157952.417737 0.557522918571586 1.852809921935986 0.07320392447104135 -0.00684754032025589 -0.011280757683225617 -0.9990979008755696 0.040363847235927425
1050 1785157952.449705 0.5600669656398128 1.8528361928142763 0.073068237387767 -0.006829575561286716 -0.011139345894707942 -0.9991259383330235 0.039706815798371986
1051 1785157952.473723 0.5618009211721321 1.8531389431506815 0.07306107909948283 -0.006919668976552412 -0.01103194581063377 -0.9991482894944841 0.039154948003191664
1052 1785157952.502031 0.5646136480960138 1.853259483290942 0.07353052063385354 -0.006989665311587484 -0.011054961661815355 -0.9991593306923141 0.038853111741207286
1053 1785157952.533754 0.5643628171442345 1.8523686767894723 0.07281024834596297 -0.007295481880647436 -0.010796130154763217 -0.9991765958874144 0.0384232969518396
1054 1785157952.565709 0.5683344920620094 1.853089865212069 0.07310339460118959 -0.006875920396821555 -0.01093602280722411 -0.9991779822769071 0.03842505506704069
1055 1785157952.589868 0.5709101413431386 1.8530063521941345 0.07408618090043924 -0.006614239667716848 -0.010824998138468656 -0.9992050433419541 0.037793552478213865
1056 1785157952.617987 0.5735145774315171 1.8538057674313 0.07411579946779187 -0.0067653966827438405 -0.0106903433770843 -0.9992462260391818 0.0367004865452456
1057 1785157952.649756 0.5756738322075287 1.8541452502994424 0.07419953215485783 -0.006660255795895548 -0.0105735664672027 -0.9992890487487474 0.03557018042856616
1058 1785157952.681725 0.5795435509345881 1.8550583704729167 0.0738734825569497 -0.006832221442591713 -0.010738808841560532 -0.9992913793412785 0.03542227983951485
1059 1785157952.705936 0.5823116208713788 1.8554801090017214 0.07415302112514674 -0.006965122345519659 -0.010644323778750131 -0.9992927025024954 0.0353875708019698
1060 1785157952.733981 0.5839457268758769 1.855603800549256 0.07414028302575049 -0.007152429795832943 -0.010484452021057411 -0.9992906899519098 0.03545470334483222
1061 1785157952.765774 0.5866233453310494 1.8558847630162425 0.07409802911402022 -0.0065743944505135266 -0.010579037313045325 -0.999284896042724 0.035700950239740764
1062 1785157952.797755 0.5895438833035668 1.8560260796462067 0.07452652857577856 -0.006428121929075409 -0.010785648773738166 -0.9992801529384641 0.03579839343147509
1063 1785157952.829757 0.5925710423204449 1.856589156575423 0.07405738804423839 -0.006906205217534239 -0.010593809221430273 -0.9992796936294043 0.035779455496097096
1064 1785157952.857771 0.593969407380629 1.8564357669454892 0.07426000730857908 -0.007096384452600746 -0.010537854814301806 -0.9992904852075983 0.03545590384091374
1065 1785157952.889748 0.5967318149105333 1.856921564752745 0.074264456344801 -0.00617071191136645 -0.010715454740040042 -0.999277106014383 0.03594950263550903
1066 1785157952.913776 0.598157978942531 1.8571585649350557 0.07422863625866455 -0.0059248987173914636 -0.010852370303426007 -0.9992681637917209 0.036197492541727966
1067 1785157952.94978 0.600519084462105 1.8573796769325386 0.07432603513009428 -0.006049103532855121 -0.010851085716279518 -0.9992545840756755 0.036550492321935385
1068 1785157952.973789 0.603652705638834 1.8573962969383366 0.0739120199149874 -0.00657818112099004 -0.010617618496047032 -0.9992339900858184 0.037086746524690545
1069 1785157953.005759 0.6056888600603793 1.857615075091309 0.07395796849285251 -0.006047347364051547 -0.010709306490963688 -0.999198290444156 0.03809877580470433
1070 1785157953.029793 0.6076362592235265 1.8580216446279676 0.07426376455813766 -0.005993289789924694 -0.010941480526671099 -0.999184803050032 0.03839392966664784
1071 1785157953.065784 0.6104054741567795 1.85835059052838 0.07391526401775321 -0.006859320915174799 -0.010639545196516442 -0.9991745015394577 0.03860136355066049
1072 1785157953.08981 0.6132560798615146 1.8580288694002511 0.07431683596527891 -0.0062818839354646105 -0.010693154360083501 -0.9991613369844687 0.03902328868075591
1073 1785157953.121775 0.6157712283163788 1.8582990217878363 0.07442218304724574 -0.006164090634588948 -0.01078933229113288 -0.9991630713368952 0.03897115820684055
1074 1785157953.145804 0.6180963295487671 1.8584768311827393 0.07424166423379805 -0.005850523148960368 -0.010829604113391733 -0.9991696524113558 0.03883937118184591
1075 1785157953.181815 0.6199030918862392 1.8588459198268996 0.07443986534684435 -0.005936324811796484 -0.011023660331420881 -0.9991781673391111 0.038551639050522696
1076 1785157953.205826 0.6222823882343442 1.8587302631254472 0.07437143480175287 -0.005803029342803329 -0.010832922755675267 -0.9991744590397013 0.03872173856810476
1077 1785157953.237789 0.6248486147588053 1.858902968067609 0.07455441541304858 -0.006914557050708675 -0.01097099483318531 -0.9991576268163587 0.038934084654258155
1078 1785157953.261804 0.6256341547513933 1.8591346042088994 0.07448871331984648 -0.010892902604565463 -0.010817760670650822 -0.9991300402202368 0.03877477861223891
1079 1785157953.297832 0.62532220230886 1.8590355921702273 0.07459717512259914 -0.010148814321504523 -0.010423150989489205 -0.9991746935130339 0.037924811594162805
1080 1785157953.321829 0.624848567586836 1.8591070660395035 0.07442072868073532 -0.007774524258022747 -0.010758149121272764 -0.9991993771309315 0.037741538670336056
1081 1785157953.3538 0.6231095266999159 1.8591849887989056 0.07429350649168782 -0.005977661456041755 -0.011191059190454378 -0.9992289856369313 0.03715456931121949
1082 1785157953.377847 0.6214645232293293 1.858689421007192 0.07439695930153106 -0.004058149802488975 -0.011376048568808361 -0.999213259439427 0.037775376895236024
1083 1785157953.405915 0.6212922901029656 1.858801683010953 0.07437914818023558 -0.004852711728249248 -0.011325679956587398 -0.9991716361671422 0.03878429632569935
1084 1785157953.437843 0.6217341458246475 1.8586123806242696 0.07453364532763831 -0.006305870887824416 -0.010554381561365012 -0.9991142222185013 0.04024440312543487
1085 1785157953.469823 0.621418903534546 1.8585466121374714 0.07433743831650738 -0.006406020866445344 -0.010558787703083605 -0.9990891525875908 0.04084531895712898
1086 1785157953.494001 0.6209792445773403 1.8586885148656709 0.07424690834374657 -0.006065211906375018 -0.01098812789606124 -0.9990992972425758 0.04053478135208735
1087 1785157953.522013 0.6204183138176506 1.8584443723453765 0.07408354262643137 -0.005625431096909356 -0.010926297715166622 -0.9991074514172548 0.04041374847414517
1088 1785157953.553857 0.6213882081730059 1.8584870250473084 0.0743549062065349 -0.006087821382799757 -0.010793477919135486 -0.9991035350516029 0.040479198517397036
1089 1785157953.585827 0.6213022856157432 1.8586614688086933 0.07421060417577591 -0.006243076200588615 -0.010701611730352334 -0.9991051290043053 0.040440582379796086
1090 1785157953.609864 0.6211274330719648 1.8587424390714518 0.07428228960920599 -0.006189046927129849 -0.010816379748962546 -0.9991020496532786 0.04049439474640548
1091 1785157953.645875 0.6207718694844313 1.858556190332642 0.07423483126617514 -0.005951435775734509 -0.010889678464896024 -0.9990307958297553 0.04223108214224133
1092 1785157953.669877 0.6203745252591417 1.8582858442467023 0.07429303709058804 -0.0061439918867188525 -0.011061643368677487 -0.9987699348578358 0.0479427641438703
1093 1785157953.701841 0.6196610334014415 1.8577960980747312 0.07416750241357664 -0.006046044226028613 -0.01154903465546847 -0.9979767957128722 0.062228453029237074
1094 1785157953.726033 0.6196136202051987 1.857761961070463 0.07390382618594898 -0.006485636293281416 -0.011937214555986175 -0.9969018050543832 0.07747406346531638
1095 1785157953.761869 0.6163939353957505 1.8553212820073595 0.07359045547993567 -0.006907901499930813 -0.012312195200170406 -0.9943904895074933 0.10482483066176851
1096 1785157953.785887 0.6142466407740403 1.8547771404255535 0.07371533583166252 -0.006984938337433966 -0.013138106357245605 -0.9913689409589372 0.1302544575042377
1097 1785157953.817856 0.6134115109343529 1.8539231997210588 0.0737857627576404 -0.007919427263185702 -0.01406286054241801 -0.9855443576164138 0.16864708060217956
1098 1785157953.842035 0.6114182607947486 1.852035823758282 0.07342372536274439 -0.008904890077272326 -0.014543755804791503 -0.9795250026425802 0.20059898129814993
1099 1785157953.869907 0.6092138818457606 1.8500758533943182 0.07280334821737604 -0.009373974252017442 -0.01580611064091969 -0.9719972802272203 0.2342724540017804
1100 1785157953.901907 0.6055186986525444 1.8479999795472772 0.07253363224729646 -0.010202172435841983 -0.016521779022695027 -0.9598633924899957 0.27979495037100144
1101 1785157953.933869 0.6013243545720972 1.8475874239396162 0.0717981901964102 -0.011160619185790865 -0.017597849715549563 -0.9455109767919523 0.324922681619346
1102 1785157953.958008 0.6009373578929671 1.8466990658414786 0.07139992997312591 -0.011500754052666151 -0.018516688891378807 -0.9336863007295041 0.35742797416930616
1103 1785157953.993906 0.5984177850760023 1.841633236046747 0.07107021659489304 -0.011850125979738113 -0.019840070510273144 -0.9165477294444588 0.3992570672719754
1104 1785157954.018092 0.5976763319731966 1.8391609761145657 0.07148336036674566 -0.01159141015872689 -0.020438961141740375 -0.902464008845037 0.43012393657796333
1105 1785157954.0499 0.5973465761163618 1.8381285937954002 0.07151807688955522 -0.011853576252839115 -0.021517222372699596 -0.8819878293212562 0.47063145963753916
1106 1785157954.081892 0.5972841543155905 1.8366223846039773 0.07122622619656793 -0.012179409556366538 -0.022581675035913018 -0.8594328806681294 0.5106044002570989
1107 1785157954.109948 0.5957974949212275 1.8352568126376219 0.072107159210918 -0.012464858572512671 -0.023106865848450453 -0.840795842969996 0.5407153137241473
1108 1785157954.134204 0.5952330970665538 1.8351700060067258 0.07225878400936578 -0.012693612665641063 -0.02347122016256742 -0.8214676188446429 0.5696305163975043
1109 1785157954.165905 0.5945888565767694 1.834345372159577 0.07273864150574873 -0.013871710464839704 -0.024298497721506718 -0.7967009578385981 0.6037257178854635
1110 1785157954.197886 0.5950095372854881 1.835716432197029 0.07263716540676801 -0.014468948736493514 -0.024527297302620044 -0.7749507517741101 0.6313797538203385
1111 1785157954.225953 0.5951525983297659 1.8354453039975365 0.07257707420655257 -0.014628140694268654 -0.025102911789929405 -0.7617805984460556 0.6471832670508914
1112 1785157954.25794 0.5945895272756629 1.8346676981362928 0.07276515528924551 -0.014622572458328653 -0.025536871723986776 -0.7489949735429222 0.6619218822222839
1113 1785157954.281923 0.5943470068995604 1.83223766172954 0.0731346290680236 -0.014353601926737514 -0.025326683213115264 -0.7431259345221085 0.6685180466298529
1114 1785157954.3139 0.5935808918988195 1.8316587051011624 0.07274727255794503 -0.014238893671316144 -0.025649376062163554 -0.7383753822114667 0.673751555366449
1115 1785157954.341971 0.5934015967055145 1.8312606816320218 0.07268026709833131 -0.014063292458829979 -0.025515292578516036 -0.735383552029825 0.677024537999804
1116 1785157954.373929 0.5930649284452821 1.8309771761121492 0.07273470482137663 -0.014137215780712697 -0.025799125485318708 -0.7312221369241114 0.6815047547349162
1117 1785157954.405932 0.5928308802299903 1.830881618036694 0.07303684875131375 -0.014682807804943021 -0.02604380954858221 -0.7260441910183879 0.6869977931752147
1118 1785157954.429926 0.5937883806829126 1.8282329614233077 0.07305231468849213 -0.014541776856330069 -0.025896852200395393 -0.7208230712790846 0.6924824833046387
1119 1785157954.458253 0.593143569118124 1.8287712792061082 0.07293486550989389 -0.014501612208589365 -0.026133169319774496 -0.7158074825366546 0.6976578019696996
1120 1785157954.489946 0.5935623160931706 1.8289311648847182 0.07268714796838385 -0.015003867387253678 -0.026452311594608702 -0.7100981474115124 0.7034456483748162
1121 1785157954.52196 0.5934113354757073 1.8285669153294655 0.07231426983305433 -0.014892929071347316 -0.02660258326864473 -0.7030942897645164 0.7104427654129789
1122 1785157954.549992 0.5932092616542907 1.82827648985679 0.07245816675405209 -0.014748431425082087 -0.026571201533040822 -0.6984447519913728 0.7150184497167189
1123 1785157954.581991 0.5932633121867464 1.8282358109212056 0.07243211056772669 -0.01460922093777961 -0.026299988204008917 -0.6950421279317794 0.718339280343296
1124 1785157954.605965 0.593360334184916 1.8281044528004964 0.07243518762039501 -0.01443679498966599 -0.026236801763236395 -0.694830055133198 0.7185502095659427
1125 1785157954.637931 0.5934242834604019 1.8295075606680697 0.07242330350683195 -0.014464492125607409 -0.026150547004261337 -0.6963412320494609 0.7170884296282887
1126 1785157954.666 0.5937903974700361 1.83074097030614 0.07230932717085842 -0.014557562803397595 -0.026046555334045207 -0.6986676077151439 0.714823914156524
1127 1785157954.698004 0.594315542367323 1.8337736051305105 0.07237142738485243 -0.01457921441855392 -0.025755164830091548 -0.7020768606977282 0.7114859096737866
1128 1785157954.721985 0.5945677353524643 1.835301163071711 0.07232458530702551 -0.014175928735339127 -0.025621110322641805 -0.7038652686798592 0.709729726935934
1129 1785157954.753943 0.5948663898801452 1.8367975617320222 0.07204095837885616 -0.013912213938073292 -0.025410527953515394 -0.7052271507925739 0.7083893146832844
1130 1785157954.782014 0.5948766250544358 1.837958062331313 0.07193311836174208 -0.013697224735634617 -0.025241207748433303 -0.7053475000951287 0.7082797269267944
1131 1785157954.814027 0.5948071567135775 1.8402380393268978 0.07180867995477819 -0.013523654436290333 -0.025008019856816888 -0.7044719319288059 0.709162186553982
1132 1785157954.838254 0.5948439219803835 1.8417195714152306 0.07157381906217702 -0.013796822798085695 -0.02494655531669443 -0.7032865608054416 0.7103346608810267
1133 1785157954.869962 0.5948060141672811 1.8444131088615696 0.0717355076057118 -0.013477119527107062 -0.02450682048801278 -0.7013291768611531 0.7122886835280187
1134 1785157954.898311 0.5947715087966003 1.8464697248492554 0.07146672058341469 -0.01379324606160115 -0.024760008558885604 -0.7001226682782605 0.713459836082016
1135 1785157954.930044 0.5950821809890201 1.84963946668409 0.07089357779222866 -0.013872149789495802 -0.024539485910466396 -0.6990315222218093 0.7145350292544992
1136 1785157954.961999 0.5955093804536193 1.8519714312074986 0.07068329462455789 -0.013945854636714383 -0.024436011874012453 -0.6982623804370626 0.7152887826105703
1137 1785157954.986184 0.5955246896677157 1.854672431233035 0.07076861436170184 -0.013613405350009211 -0.02423036895347752 -0.6977153680209826 0.7158357560519729
1138 1785157955.022037 0.5950779257216697 1.8583704545756268 0.07046790881151573 -0.013776446695157318 -0.02418366717462961 -0.6971510114904618 0.7163838544637007
1139 1785157955.046105 0.5945945232796671 1.8613306496780933 0.07028359598416771 -0.013800341927003967 -0.023942054303557447 -0.6970280563024952 0.716511142499256
1140 1785157955.078016 0.5946313668472616 1.864310282992022 0.07006675100495943 -0.013648034140574361 -0.023863687998685434 -0.6970101302489234 0.7165341121604597
1141 1785157955.109993 0.594545520769698 1.86762342255729 0.07028347902760963 -0.013728485425531622 -0.023690253867163058 -0.6963400091540712 0.717189578989362
1142 1785157955.138064 0.5950391695436034 1.8693783958775612 0.07013517939008587 -0.014020433181681224 -0.02381506395379318 -0.6956714930507493 0.7178282830446403
1143 1785157955.170062 0.5953361708972231 1.87085145428289 0.0701797074439926 -0.016598858182018117 -0.024677956326587203 -0.6881733798634718 0.7249364631647949
1144 1785157955.194249 0.5952863885451869 1.8713220946676152 0.07021192788780228 -0.0143830347165953 -0.023453731719263016 -0.6818796941955837 0.7309467377480522
1145 1785157955.226005 0.5953322083977299 1.871644066275131 0.07044591294431105 -0.012884212561007913 -0.02327221731763085 -0.6807738152199788 0.7320105282566897
1146 1785157955.254112 0.5948869190362155 1.871474802343879 0.07027957357476221 -0.012405676663564513 -0.023746964629722145 -0.6820952393422306 0.7307723758627298
1147 1785157955.286062 0.5950461843072691 1.8717372348046404 0.07028499082484982 -0.013126273265747779 -0.023833298507918377 -0.6818431182083 0.7309922277181664
1148 1785157955.318042 0.5950709842815481 1.8717661635947984 0.07032094025437928 -0.013206468161278906 -0.02345619541588384 -0.6817913903058856 0.7310512267961011
1149 1785157955.342242 0.5950504563355956 1.8715341839500128 0.07030539329466941 -0.01290151840125553 -0.023616932151242498 -0.6818352527904468 0.7310105877419923
1150 1785157955.378077 0.5950394625229899 1.8716559542263025 0.07015790407647379 -0.012672966568140986 -0.023457314065762347 -0.6819420965005832 0.730920055379227
1151 1785157955.402074 0.5952310546168458 1.8716520672924748 0.07028614396210967 -0.01285332989911292 -0.023296468296212902 -0.6816594328519641 0.7311856700451445
1152 1785157955.434055 0.5951222572596652 1.8717145579469354 0.07031891564687451 -0.012751937762899068 -0.0233847193152783 -0.6817131110491057 0.7311345821458499
1153 1785157955.458238 0.5952479954319867 1.8717672135407766 0.07028629398292899 -0.012399649023404624 -0.0233168550684546 -0.6818313713296562 0.7310325259826225
1154 1785157955.494086 0.595164278761 1.8718214233143948 0.07032258619196642 -0.012424882522942937 -0.023298624361745346 -0.6817785628701537 0.7310819294770248
1155 1785157955.518115 0.595135118137677 1.8718453895193865 0.07034705773147878 -0.0122966957154933 -0.023404723852403775 -0.6818157441388855 0.7310460322169947
1156 1785157955.550076 0.5951569353668313 1.8717610972049639 0.07022930199791623 -0.012358078968973119 -0.0234945619968433 -0.6817883800738377 0.7310676358840306
1157 1785157955.5781 0.5949465525874063 1.871584166341418 0.07018299495612526 -0.012417408693202958 -0.023619308963572228 -0.6816980907911866 0.7311468041488525
1158 1785157955.610106 0.595063493783772 1.871750540838848 0.07031433838102472 -0.012488779447641707 -0.023540098709601054 -0.6817353458850838 0.7311134059170272
1159 1785157955.634369 0.5951861708319349 1.8717446507219497 0.07029210589169135 -0.012451370078744084 -0.023516265416205995 -0.6817719052005449 0.7310807191570956
1160 1785157955.66607 0.5951563843322327 1.8716947244392421 0.07024052124445661 -0.012513461321437602 -0.023519709455868454 -0.6817764008090318 0.731075355796344
1161 1785157955.6943 0.595169754479732 1.8717265298145507 0.07027779135781428 -0.012529505809473651 -0.023560721769401827 -0.6817681696901818 0.7310814364153795
1162 1785157955.726146 0.5949690665420622 1.8715247285244092 0.07024306566103158 -0.012470412614706161 -0.023546833673776302 -0.6817285278805889 0.7311198600140223
1163 1785157955.758084 0.5950741372476747 1.8717171122234997 0.07026824851677621 -0.01248332954082143 -0.02355042197362678 -0.6817663564877127 0.7310842490916546
1164 1785157955.782245 0.5951211558221002 1.8718215191693401 0.0703194176027017 -0.012442948277938681 -0.023592065237065363 -0.6817555735564198 0.7310936502396663
1165 1785157955.818114 0.595060668698531 1.8717118698826987 0.07027052951690453 -0.01257085675708458 -0.023574013318238718 -0.6817860885551958 0.7310635874594433
1166 1785157955.842148 0.5949950063822477 1.8713466127557088 0.07020287679764156 -0.01305559788529731 -0.023865980294223488 -0.68176623702655 0.731064131522749
1167 1785157955.874095 0.5950564669202455 1.870027468195906 0.07039107337983269 -0.014560242855382377 -0.024775289430561287 -0.6828066752510815 0.7300337174365226
1168 1785157955.898314 0.5950424923186143 1.86843763771308 0.07034108639178042 -0.014649302593561675 -0.024750343792203977 -0.6853393660002628 0.7276556684490596
1169 1785157955.934124 0.595347991032256 1.866728332487106 0.07053920890628096 -0.013230322357342339 -0.023744222316756436 -0.6893519853371549 0.7239164390926734
1170 1785157955.958153 0.5953232145846554 1.8647093044892622 0.07036379530420664 -0.01344559041089477 -0.02399303382864537 -0.6915998476876128 0.7217570235921995
1171 1785157955.990103 0.5954158986699419 1.8619490288375924 0.07041434734033743 -0.01427342421308564 -0.02444443908594185 -0.6935256025506765 0.7198756679911665
1172 1785157956.014265 0.5956303025442754 1.8596664462914185 0.0705610826764856 -0.01384247258604443 -0.02441506689745654 -0.6944335034669027 0.7190093182454458
1173 1785157956.050141 0.59556890985978 1.856199316618198 0.07065928282926504 -0.013884651449210472 -0.024677187509734355 -0.6945658843611647 0.7188716750243654
1174 1785157956.074162 0.5956470217489572 1.8528379476997623 0.0707042658720855 -0.014306116719093875 -0.02497426512624501 -0.6939362333058908 0.7194609963097763
1175 1785157956.106114 0.5957266229701607 1.8486598625488773 0.07077688171991345 -0.014907701674761853 -0.025395681621956268 -0.6922214250868574 0.7210841271560849
1176 1785157956.130307 0.59592245342576 1.8448719104529012 0.07099763776731448 -0.015679880164661042 -0.025871905088855063 -0.6903814477429885 0.722812729894397
1177 1785157956.166155 0.5965109666583365 1.8397208797850855 0.07154299211433388 -0.01662294875016268 -0.026344867428390928 -0.6871292580417115 0.725867073421902
1178 1785157956.190176 0.5970147395480521 1.835292692556379 0.07159041298120256 -0.01650489352210427 -0.026250925794720215 -0.6847241280043113 0.728142393981754
1179 1785157956.222139 0.5968586605573973 1.8291130135410427 0.0719879426099013 -0.016367109821825543 -0.026458508655719082 -0.681889442921603 0.730793303655597
1180 1785157956.246239 0.5974870862469345 1.8239135073361217 0.07224683440946353 -0.017155884162104562 -0.027289519919736938 -0.6797332800771554 0.7327507254835838
1181 1785157956.282178 0.598236441581292 1.8169554363437603 0.0726844122406938 -0.017934730376716113 -0.028284337297093454 -0.6769724727856272 0.7352459539504398
1182 1785157956.306205 0.5990148888204752 1.8103980454584345 0.07271078680519574 -0.0177021717354523 -0.027987528196187994 -0.6750772494859969 0.7370034183148253
1183 1785157956.338156 0.5999802074911101 1.8022766696342263 0.07306293344488379 -0.018248574121663252 -0.028852899958280553 -0.6727501194632978 0.7390817116318343
1184 1785157956.362119 0.6004352609341005 1.7962408080013001 0.07336259880206455 -0.018703241724185582 -0.029774186720978535 -0.6708444098442655 0.7407641084277842
1185 1785157956.39819 0.6014412670411153 1.7869561215140393 0.07372883140678398 -0.018586120118390892 -0.029942998640617113 -0.6686996880396803 0.7426969100427085
1186 1785157956.422213 0.6021896419537283 1.779803380362826 0.07384177285894852 -0.018215187041004444 -0.029655118480865994 -0.6673386575635447 0.7439407886587702
1187 1785157956.454159 0.6035489647591503 1.7700408674314287 0.0740023296087847 -0.018474149729347356 -0.029513333660898255 -0.6656928085253472 0.7454131428983753
1188 1785157956.486158 0.6047685180078755 1.7600476654020591 0.07453025578735009 -0.019614449394166567 -0.030078767971232434 -0.6642767293126026 0.7466237124455988
1189 1785157956.514206 0.6057281925605734 1.7517765662799416 0.07471479964858715 -0.02063250779693282 -0.030484301983930928 -0.6635694012857625 0.7472085763907003
1190 1785157956.538224 0.6066931765356969 1.7436048850264552 0.07503879347205217 -0.020923401721976265 -0.030754265639887257 -0.6626207968405132 0.7480307921468042
1191 1785157956.570191 0.6078419094020132 1.732904712004469 0.07554103437439158 -0.020681623247861936 -0.03107597711054555 -0.6611565337838263 0.7493187518949558
1192 1785157956.594145 0.6091153564466417 1.7240530012919781 0.07588239466599217 -0.020928063165297828 -0.03149022674143931 -0.6599005779653304 0.7504009654797528
1193 1785157956.630222 0.6105734738568289 1.7130681634815002 0.0764575828936386 -0.021190894787221026 -0.03229774950767883 -0.6579947243366109 0.7520310792115203
1194 1785157956.654236 0.6117798438700851 1.7039267409472965 0.07684411891104057 -0.020867625023716974 -0.032663647764342274 -0.6567216151332975 0.7531363412804548
1195 1785157956.686188 0.6134141983157138 1.6921052197421367 0.07738600827168302 -0.020131246399872738 -0.032097813009835385 -0.6552094588596594 0.7544965396469393
1196 1785157956.710182 0.6146421738354759 1.6833185276400897 0.07769276405886791 -0.019696115683120685 -0.03176321024694595 -0.6539843300705918 0.7555843152977203
1197 1785157956.746236 0.6165106569782525 1.6710896446230499 0.07828549421238665 -0.020109376012141578 -0.03174854191043719 -0.6524028980014863 0.756939959152789
1198 1785157956.770249 0.6181454026864928 1.661744564574072 0.07876902605365649 -0.02113910100239169 -0.03172466371924987 -0.6513451819832129 0.7578232894467987
1199 1785157956.802208 0.6200546220030027 1.6490943670664289 0.07923887471522979 -0.021805041482717114 -0.03240682567083342 -0.6499669398048795 0.7589580455970917
1200 1785157956.838223 0.6220435440216455 1.6363817399070566 0.07984120902653954 -0.021630539012982397 -0.03286841309130362 -0.6487176825236766 0.7600112864846008
1201 1785157956.862238 0.6236371081123774 1.626772915888779 0.08024631787996434 -0.021481257334751258 -0.03293852085840421 -0.6478339238195462 0.7607659407304909
1202 1785157956.886261 0.6252158654163383 1.6172040439484219 0.08072394646459508 -0.02100518109944549 -0.033087496358082724 -0.6471957222110376 0.7613157670135743
1203 1785157956.918218 0.6274221964434844 1.6043179951523285 0.08132219219309386 -0.020962340886904074 -0.033198014491601535 -0.646412287220723 0.7619774452229083
1204 1785157956.954222 0.6295962068864027 1.5912213866946918 0.08194542156717298 -0.021139360978275845 -0.033111471185428454 -0.645671422560382 0.7626042040155688
1205 1785157956.978301 0.6313349857846994 1.5816172626382894 0.08247313790150179 -0.02149364160320133 -0.03300778891850198 -0.645170814302474 0.7630223650808851
1206 1785157957.002278 0.6331168557697867 1.5715791761735478 0.08289854649912506 -0.02213424086996829 -0.032799022686346824 -0.6446559098482323 0.7634481366731329
1207 1785157957.034232 0.6354499886089924 1.5587255102405368 0.08366783907392512 -0.023051519815170063 -0.03279431256673726 -0.644034604912798 0.763945409157161
1208 1785157957.070247 0.637766018648794 1.5456900220580163 0.08429802780042736 -0.0234071054694327 -0.03389213011567627 -0.6432502126703279 0.7645473136630216
1209 1785157957.094266 0.639500204634139 1.535811693462214 0.08486306970041274 -0.023793156441470953 -0.03469307401499144 -0.6427251451048696 0.7649409546964173
1210 1785157957.118425 0.6412102466020262 1.526055864449515 0.0853835088665538 -0.023897312935206694 -0.0350341871898433 -0.6425885080832795 0.7650369490696047
1211 1785157957.150246 0.6435797460880545 1.5129295378291183 0.08589070019482933 -0.023231969247754947 -0.03428624906364086 -0.642706084853685 0.7649925602396832
1212 1785157957.17828 0.6455158531446984 1.502153535314052 0.08624101929868666 -0.022279817193534335 -0.032837794851630187 -0.6429123921488338 0.7649110699921718
1213 1785157957.210291 0.6481580457542236 1.488592570848669 0.08653227972910744 -0.02086019928881344 -0.030623968098984045 -0.6432791688202626 0.7647345523941074
1214 1785157957.234476 0.6496764672348413 1.4789509257455904 0.0867930583332326 -0.019709606409496483 -0.02927601703980931 -0.6433203480552916 0.7647832215860166
1215 1785157957.266244 0.6522276226409166 1.4651300372658318 0.0871191965081822 -0.018412727114604954 -0.02813283489264995 -0.6430176092486006 0.7651129781132459
1216 1785157957.294308 0.6540212512196131 1.4552771260435484 0.08758888512730097 -0.017727054082063654 -0.02820292108868916 -0.6425471885342156 0.765521689635514
1217 1785157957.32631 0.656454211829448 1.4415782382471112 0.08799558113529996 -0.017700772654745234 -0.028590796912159377 -0.6421761130232847 0.7658192272603622
1218 1785157957.35029 0.6582684379495293 1.4314249672702684 0.0884748610539837 -0.017493711917601407 -0.0285805854085438 -0.6420855930247675 0.7659002620518429
1219 1785157957.382252 0.6606828319766812 1.417837978321045 0.08888356717188141 -0.017452569287009112 -0.028228547552737737 -0.6420553225169191 0.7659396319267205
1220 1785157957.41048 0.6625808480837 1.40772845561438 0.08931863247707814 -0.017843938919326563 -0.028151473225920487 -0.6422526463426763 0.7657679979372884
1221 1785157957.442616 0.6651368695668636 1.3937172792881896 0.0897173076892612 -0.01867098963021052 -0.028557014277436177 -0.6423833105823419 0.7656236499528065
1222 1785157957.4743 0.6675629403416152 1.3802156177457314 0.09030729599878415 -0.019596555853582553 -0.02903373845439461 -0.6424788221811363 0.7655024363637122
1223 1785157957.506256 0.6700200321934706 1.367121738931726 0.09081489413894672 -0.01894628996864345 -0.029234150092511735 -0.6429854311402341 0.7650857062487837
1224 1785157957.534303 0.6719356408957583 1.3568672664812942 0.09109963024241526 -0.018117968179356403 -0.02912268012877184 -0.6437475669334201 0.7644688867432545
1225 1785157957.566328 0.6741075280433593 1.343770257935537 0.09164197302597553 -0.01780608778796533 -0.028986483600071056 -0.6450133264808242 0.7634137381972712
1226 1785157957.590497 0.6758090208636574 1.3337682915978915 0.09197810046322713 -0.01825661220923458 -0.029525089564188645 -0.6463169759373327 0.7622790380248493
1227 1785157957.622273 0.6782747313003544 1.3201416229342091 0.09240515720972645 -0.019162127317071675 -0.029603361217501956 -0.6482805951863373 0.7605844619673472
1228 1785157957.650627 0.6799212506020014 1.3102878385747652 0.0928794234908426 -0.019641721689279024 -0.02936865475951045 -0.6496182626170619 0.7594391336776687
1229 1785157957.682345 0.6818461344803911 1.2976512139264598 0.09354211603943685 -0.020010326684458457 -0.029244849824066943 -0.6513608185038569 0.7579402415116476
1230 1785157957.714308 0.6839574043561506 1.2842025271290691 0.09404646455542245 -0.020025255103107598 -0.02961927003711684 -0.6531863651771922 0.7563526031865903
1231 1785157957.738298 0.6853108647103359 1.2744253100844913 0.09439695183971744 -0.019762890604543615 -0.030007185650396173 -0.6548424952930026 0.754910791632183
1232 1785157957.766575 0.6866153579824804 1.26456076164712 0.09485487763837228 -0.019177264172191788 -0.030116148304089152 -0.6567968069092461 0.7532218827039047
1233 1785157957.798362 0.6883736926703241 1.252124086920227 0.09549734621287723 -0.01866488701907265 -0.029246637418088417 -0.6598014512594134 0.750638595536009
1234 1785157957.830332 0.6900479339342379 1.2387170285398876 0.09604644982455965 -0.018431075371548977 -0.02816161414063656 -0.6630717751218252 0.747798796459605
1235 1785157957.866349 0.6918199154942093 1.2253635596959738 0.09635667010734043 -0.018092954227022062 -0.02878572967852666 -0.6662292457350261 0.7449715557667634
1236 1785157957.890335 0.6929233980305535 1.2154590749785756 0.0967829626176091 -0.01889740238027926 -0.02901303949641343 -0.6685058726218269 0.7429004172785121
1237 1785157957.914493 0.6939783435806248 1.205889855547225 0.0970855670784181 -0.01885488885097475 -0.029390451020214425 -0.670902673678544 0.7407228206328108
1238 1785157957.946337 0.6952016091387748 1.1929857534248307 0.0975579192906342 -0.01773485825998744 -0.029449482365802804 -0.6744078372565001 0.7375583175843755
1239 1785157957.982371 0.6963539417796045 1.1803446727177727 0.09808578084894036 -0.01657043989203233 -0.029004604915562116 -0.6785206762074344 0.7338213988256835
1240 1785157958.006367 0.6970310650356292 1.1707286509342292 0.098480862823129 -0.016790391434441276 -0.028871128506824273 -0.6821452549179802 0.730453552176389
1241 1785157958.030589 0.6980164920481873 1.160915815629009 0.09893656341161781 -0.016971735525092124 -0.02923998896235236 -0.6864579498543492 0.7263831401681292
1242 1785157958.062364 0.6986819820797838 1.147927950062567 0.09952098689935843 -0.017626386689929663 -0.029288459079263918 -0.6926700579151078 0.7204440904920386
1243 1785157958.0984 0.6993299607176957 1.1349170370064137 0.09980863196506293 -0.01812370687871434 -0.029282802620197668 -0.700086009026609 0.7132276135182063
1244 1785157958.122397 0.6993437546138488 1.125388188014636 0.10029248839943766 -0.018076642240245522 -0.02892799066626839 -0.7060751561962623 0.7073148380769022
1245 1785157958.154362 0.6993003169034488 1.1128432504205412 0.10083950177681004 -0.017714420411791387 -0.02901843829737727 -0.7143808677566934 0.6989306870723659
1246 1785157958.178572 0.6991512457719297 1.1029865364375118 0.10123295593113403 -0.01724062780668123 -0.029115209418316912 -0.7209236761088629 0.6921879214194959
1247 1785157958.214398 0.6985718773510713 1.0899076020835756 0.10220342989925463 -0.016238162245479137 -0.028836882437834332 -0.7300209119368185 0.6826230471007347
1248 1785157958.238406 0.6978698926974712 1.0795962228807556 0.10248571753153383 -0.01582133740581748 -0.02860651943213699 -0.7371749881143841 0.6749106527735563
1249 1785157958.270388 0.6963801951351046 1.067275895260289 0.10258954669215317 -0.015198401128014627 -0.02811271672898341 -0.7470459208419982 0.6640038222138476
1250 1785157958.294628 0.6951556901222131 1.058246562982022 0.10303802917296352 -0.014772530790471361 -0.02769996844776923 -0.7545994919394468 0.6554342765272243
1251 1785157958.330418 0.6933071876728865 1.0462195588677679 0.10361144185777074 -0.014972123109312951 -0.02736912524517532 -0.7656545701552266 0.642495016099992
1252 1785157958.354418 0.6919113623195847 1.037414938557101 0.1040013611766568 -0.015039745735153653 -0.027048350934600007 -0.7745194462182401 0.6317925452153828
1253 1785157958.386386 0.6896328471374757 1.0261442746455844 0.10437446232449343 -0.01449350698942431 -0.027076477887282513 -0.7869739595390254 0.616221380355985
1254 1785157958.410393 0.6872485836258518 1.0172359579902546 0.10469511659295083 -0.013451407732756993 -0.026816675404875312 -0.7967833630554004 0.6035198405258628
1255 1785157958.44641 0.684231320947269 1.006677937735136 0.10491210006062815 -0.013040031548470554 -0.02702427196717816 -0.8099734878650494 0.5856983824952785
1256 1785157958.470444 0.6815328942750041 0.9991799357772251 0.10519831374968684 -0.013974913009299983 -0.026821702612767173 -0.8201745963789105 0.5713133374340443
1257 1785157958.502391 0.6779828933769866 0.9887919238344581 0.10548228875679976 -0.015508540907936519 -0.027272629649500946 -0.8342434370743208 0.5505030213625823
1258 1785157958.53438 0.6732826441808292 0.9785574976404536 0.10576304033031785 -0.015168114613198891 -0.027277038296732004 -0.8486375885876163 0.528053155200341
1259 1785157958.562424 0.6695823310997686 0.9715017289154502 0.10601009529231492 -0.01385144204102462 -0.026922842775235267 -0.8597167304064595 0.5098729660900952
1260 1785157958.586697 0.6655576708200657 0.9650280718933772 0.10638913028698763 -0.012661992208343048 -0.026546572526960632 -0.8704234741903325 0.49142438789585763
1261 1785157958.618417 0.6599376649813107 0.9568508791108551 0.10697950681346116 -0.012451081848698031 -0.026121212599368948 -0.8843073689816737 0.46600765012802703
1262 1785157958.650378 0.6545565847049628 0.9485118451019365 0.1074000660674564 -0.012560610767892583 -0.025765251719540305 -0.8979743964067914 0.4391131588313256
1263 1785157958.678434 0.6502197169044691 0.9426038562397775 0.10785232306234903 -0.012713176130915299 -0.025438327065685384 -0.9078111073271106 0.418413981700288
1264 1785157958.702758 0.6466758562511417 0.9348455509357788 0.10911192967067489 -0.012322609599810408 -0.025237263929780984 -0.9177420938572481 0.39618263839358636
1265 1785157958.734422 0.6413124018138588 0.9267936213077779 0.11082662785366276 -0.011647705903234051 -0.023677638506405363 -0.9298909613708027 0.3668875854302458
1266 1785157958.766395 0.6346463588942747 0.9193764341987003 0.11057115930683128 -0.010336435506221459 -0.022811338078371546 -0.9408242390223173 0.3379682710317311
1267 1785157958.794455 0.6281357066195579 0.9134145776435942 0.11024829239748091 -0.009062441045179614 -0.022718480768432525 -0.9481051882326437 0.3170146602922653
1268 1785157958.826472 0.6205209456056914 0.9070214095002789 0.11056078815476829 -0.008684633962049104 -0.02229188669990012 -0.9563789570493823 0.2911476248116066
1269 1785157958.850435 0.6140405776420392 0.9019973580848468 0.11051540687876468 -0.009182837898846108 -0.022554874247228685 -0.9615510107728961 0.27354452437845866
1270 1785157958.882444 0.6050196286241329 0.8962540587844152 0.11030137738793999 -0.009017813414307657 -0.02212284084896121 -0.9671255777759423 0.2531745954189438
1271 1785157958.910476 0.5985764145916238 0.8927187304828996 0.11065558304312637 -0.007823903447534142 -0.021242550699050122 -0.9705411760111368 0.2398694775113368
1272 1785157958.942477 0.5899913478906462 0.8877047463655978 0.11093851573373462 -0.00644839734204905 -0.020529450640910496 -0.9744670169204254 0.22349718737001845
1273 1785157958.966452 0.5830603905147593 0.8845356572942956 0.11101369645406581 -0.006281938112571411 -0.020275337250735215 -0.9768202961461803 0.21300600223892138
1274 1785157958.998463 0.5733594523945972 0.8798710827979226 0.11120379599232266 -0.0075034652379725175 -0.020166127570922843 -0.979396851277802 0.20079550048580014
1275 1785157959.026488 0.5666868810632942 0.876805606125882 0.11113053765029202 -0.008077826854936604 -0.020431461423445263 -0.9810595832191837 0.19245622429842432
1276 1785157959.058502 0.5569170246763131 0.8730243154789716 0.11143008819700108 -0.006363502562028361 -0.020494466573597214 -0.9829071465412292 0.18284699601903662
1277 1785157959.082609 0.5501328948934906 0.8705286269954439 0.11120139412343152 -0.004451019297452702 -0.020857764943388535 -0.98407297353225 0.1764809475047537
1278 1785157959.114485 0.5408241502819784 0.8668708704848642 0.11089242002345034 -0.004629642472628509 -0.02115568938739748 -0.9852057621889128 0.17000179224609122
1279 1785157959.150491 0.5326425239819016 0.8638613590999562 0.11091328562787009 -0.003931371291744951 -0.021038787837398043 -0.9860715530988167 0.1649387943916978
1280 1785157959.174748 0.5265464218750892 0.8616776048922181 0.1106647577544639 -0.004082577875292981 -0.020897626062013064 -0.9867269861945194 0.16098595124527237
1281 1785157959.206495 0.5193462593371005 0.8593387689113088 0.1105990870165493 -0.004218730537124266 -0.02060099690274242 -0.9877170470562685 0.15483163821943333
1282 1785157959.242508 0.5129535191725084 0.8571313917740299 0.11046464221607219 -0.004488936453936887 -0.020504480184448004 -0.9886764030888999 0.14858797298931392
1283 1785157959.2745 0.5068945251629121 0.8552025673262356 0.11073421579308906 -0.004296059890218251 -0.019988450172571226 -0.989548073892493 0.14274668186958162
1284 1785157959.298508 0.502603451404294 0.8540047400612536 0.1106551077274476 -0.004195549488645756 -0.020355731140802025 -0.9900876077145702 0.1389048977691259
1285 1785157959.330462 0.49745797208997733 0.8523403799784635 0.11064838669386272 -0.00391325379588478 -0.020228222124185957 -0.9906985495961177 0.13450609392355542
1286 1785157959.358534 0.4931472792989682 0.8512415476653894 0.1104096362793747 -0.0039055337445266236 -0.020372753023080614 -0.9911390381254495 0.13119872272316435
1287 1785157959.390524 0.488260205655668 0.8500028578437487 0.11036499310150967 -0.0033021629005538233 -0.02066732523663617 -0.9917374118659062 0.12656564815642232
1288 1785157959.422487 0.48392369863304013 0.8487630581877468 0.11033827985087998 -0.004136725468852243 -0.02024388946932998 -0.9921747101785419 0.12313576622442235
1289 1785157959.446672 0.4810461711151861 0.8479308076948456 0.11028174919638781 -0.004628965283276915 -0.01998775432647737 -0.9925301480086143 0.12026207902488986
1290 1785157959.482537 0.477046095366555 0.84691397431012 0.1101843585854016 -0.00473737330307164 -0.020046596498721092 -0.9929287755712533 0.11691081175655474
1291 1785157959.506547 0.47443162388698157 0.8462681154962522 0.11014223227662423 -0.0038375799804942767 -0.020296629177708247 -0.9933002548036174 0.11370102739634713
1292 1785157959.538511 0.47101339900854944 0.8456074087249423 0.11028479818806902 -0.00379573729176505 -0.02047626793307744 -0.9937924167961927 0.10928379179149553
1293 1785157959.570496 0.4676443770663031 0.8447941293402544 0.1101225493815978 -0.0034726389463095864 -0.020409133530982115 -0.9940747186216301 0.10670923973391369
1294 1785157959.598552 0.465092085492557 0.8443384710433001 0.11021146835218179 -0.004115232750209308 -0.020196407829520924 -0.9942466150227016 0.10511345530470895
1295 1785157959.630584 0.4621841028063295 0.8435413484497477 0.11005511991838304 -0.004259877334802126 -0.019888169187150473 -0.9945404424250051 0.10235048877534067
1296 1785157959.662535 0.459270977373947 0.8429896951759093 0.11002563657490093 -0.002366737963410276 -0.020140081308514135 -0.994736288210226 0.10044148841012493
1297 1785157959.698566 0.4564659874826558 0.8424429172535952 0.10993615433139203 -0.003590489856221707 -0.019922790908884158 -0.994876213875701 0.0990530658250621
1298 1785157959.722559 0.45458547184125997 0.8419364717741301 0.10983721440517051 -0.003889848646481453 -0.019395582326910576 -0.9950289108369037 0.09760198288166433
1299 1785157959.754526 0.45216932547186095 0.8415298569607107 0.10980560174379947 -0.003128032817574816 -0.019657767971622664 -0.9951503970438221 0.09633003079304694
1300 1785157959.778784 0.4505636428646397 0.8412407357589969 0.10972040056682697 -0.002525370803533572 -0.019929395439592934 -0.995198795308009 0.09579039365826023
1301 1785157959.814577 0.4485692367414107 0.8407534257229636 0.10977637210234413 -0.004275559568380216 -0.01939743698030655 -0.9953747177201866 0.09399271435824885
1302 1785157959.83858 0.4473120034405464 0.8404731432139169 0.10981122635336411 -0.0037928851939469377 -0.019184490145454147 -0.9956353046433324 0.09125738056477206
1303 1785157959.870541 0.44570227516710215 0.8401908407581028 0.1097130327872213 -0.0023234804133268616 -0.01975124073768514 -0.9958331169387078 0.08899939963971049
1304 1785157959.894844 0.4445285910137329 0.8400425600315028 0.10965626134213993 -0.0036483599419996904 -0.01966191913613513 -0.9959325716837426 0.08785448801868023
1305 1785157959.930561 0.4425813511612404 0.8398415271244662 0.10966518516504967 -0.005604390785961311 -0.019512435056922517 -0.9960758861447061 0.08614339628262979
1306 1785157959.95469 0.4416129409784306 0.8395406754824053 0.10982625428941734 -0.005920937865808912 -0.019567547184386358 -0.9962259316362232 0.08435607107680762
1307 1785157959.98656 0.4401242905159378 0.8393417419943668 0.10967741227788896 -0.004788693897843893 -0.019599923606339165 -0.9963894380016627 0.08246817109715324
1308 1785157960.018534 0.4382171103343859 0.839073209645093 0.10971022169239063 -0.004202332086183785 -0.019813156560158585 -0.9964585935720293 0.08160913262995431
1309 1785157960.046589 0.4369648644076033 0.8387860389082429 0.10955057252494149 -0.0037659344422097396 -0.01953318163895207 -0.996504125814164 0.08114061737616551
1310 1785157960.07117 0.4357727578105966 0.8385553956433298 0.10958706829216763 -0.002977903350614597 -0.019578488840780728 -0.9965341707548784 0.08079270625639956
1311 1785157960.102575 0.43447238380964204 0.8384143261055168 0.10957366041814734 -0.0026450174390715564 -0.02005282433913136 -0.996454458128408 0.08166640064795291
1312 1785157960.134567 0.4330839060386368 0.8381465893172276 0.10958690569911216 -0.0035386614578952202 -0.019728791809981383 -0.9964755880033895 0.08145339257578116
1313 1785157960.162603 0.4321801965707183 0.8378940732053286 0.1095204865420571 -0.003573495126360432 -0.019389829973022854 -0.9965491991669158 0.08062852017727898
1314 1785157960.194615 0.431001536604929 0.8378166664647337 0.10950975560237326 -0.0036328822396986538 -0.01992006230733634 -0.996652236023879 0.079210565664604
1315 1785157960.218592 0.4301054841696685 0.837667497692496 0.1094360728239798 -0.00352197482685096 -0.01984327670878494 -0.9966985961486349 0.0786495295479755
1316 1785157960.250562 0.42887107626596127 0.8373988168398598 0.10938745831246538 -0.0037972898556101475 -0.01950470602824217 -0.9967565620918791 0.07798399168600187
1317 1785157960.278628 0.42789074597729504 0.8373088998044904 0.10935321488024087 -0.003921542144359108 -0.019586415662149803 -0.996794588420388 0.07746962194659637
1318 1785157960.310619 0.42667224720687413 0.8371422576169922 0.10928527818122746 -0.0034878101814681817 -0.0197433272043826 -0.9968503539715778 0.07672944674490459
1319 1785157960.334657 0.42582445389795753 0.8369633324306426 0.10928815858433547 -0.0030125537333408337 -0.019847446859863838 -0.9968960554951914 0.07612659135464303
1320 1785157960.366613 0.42456259173443706 0.8367584600669797 0.10922958394134999 -0.0037975634974939387 -0.019790817054417598 -0.9969635588409587 0.07521678280125732
1321 1785157960.39464 0.4237118895006382 0.8365894058466657 0.10921728842169151 -0.0043913067547131646 -0.019704409660581845 -0.9970057817178297 0.07464532059100132
1322 1785157960.426635 0.4224447219308938 0.8363951719188346 0.10913707164261996 -0.00471145596820996 -0.01976762546969124 -0.9971070228473218 0.07324362193734082
1323 1785157960.450778 0.4215126002766159 0.8362776126480173 0.10912231496226385 -0.003745850240825327 -0.019709600352156353 -0.9971630324515788 0.07254920379923638
1324 1785157960.482627 0.4203924904632246 0.8361334418709822 0.10914815579894296 -0.002798830218792625 -0.019849785151884347 -0.9972176783198998 0.07179870907682889
1325 1785157960.510658 0.4195075573024356 0.8360576959219881 0.10914798409352794 -0.0034215526759723836 -0.0198748516556026 -0.9972587343432071 0.07119199410845073
1326 1785157960.542663 0.41838604466249496 0.8358338434502895 0.10909246760346711 -0.004501757691515479 -0.019717388474700392 -0.9973113150273287 0.07043507427329967
1327 1785157960.574627 0.4171909690035441 0.8356458346061724 0.10898854091040296 -0.004060153932321786 -0.01946197552411083 -0.9973777901819669 0.06958656702612415
1328 1785157960.598661 0.4163112672148331 0.8355206681995725 0.1089922887638905 -0.0033884254403794833 -0.019750821548383923 -0.9974285989296681 0.06880852896551487
1329 1785157960.634671 0.4151562325281971 0.8354099106872701 0.10898858288619048 -0.0032014964672108515 -0.019857062900970446 -0.9974552568818631 0.06839925432381488
1330 1785157960.658665 0.41432842327524716 0.835277207021736 0.10900141460909629 -0.00378464166179851 -0.01980033672307674 -0.9974689022567067 0.0681865982722776
1331 1785157960.690629 0.413204001605898 0.835136157114297 0.10895980901181353 -0.004113937704617682 -0.01955926335004521 -0.997526415305249 0.06739110847898364
1332 1785157960.714694 0.41240535025814995 0.8350910912862184 0.1089043644123881 -0.0037145994211683353 -0.01977351737695604 -0.9975771118259469 0.06659666450120302
1333 1785157960.742938 0.4116047813223578 0.8349367858814419 0.10891958401114568 -0.003359675276528279 -0.019875263196227955 -0.9976346492190817 0.06571752561103142
1334 1785157960.774651 0.41052690081043863 0.8347924238349723 0.10890454497642503 -0.003580736826060471 -0.01984009165385947 -0.9976954795708579 0.06478641162176463
1335 1785157960.806654 0.4094349707491916 0.8346079244698197 0.1088745714032976 -0.0036936552945742995 -0.01976216384207008 -0.9977422267652042 0.06408012734425597
1336 1785157960.830684 0.40864892166934724 0.8345207195200378 0.10887512365426472 -0.003744582745862729 -0.019854596959111126 -0.9977548343035476 0.06385188880175094
1337 1785157960.85883 0.4078330169281397 0.8344488354524818 0.10886954039290811 -0.0033912002062257696 -0.019982348459041843 -0.9977727489543615 0.0635511365380649
1338 1785157960.890672 0.40682649283000366 0.8343340999744863 0.10884226071037344 -0.0035465600867987945 -0.020056700609627498 -0.9977938158575528 0.06318743315431394
1339 1785157960.922656 0.4058921630967262 0.8342451946457805 0.10881511028464294 -0.003910690515858045 -0.019911865635677095 -0.9978335043371311 0.06258211988161036
1340 1785157960.95069 0.40515379696172965 0.8341188013604413 0.10878074969924711 -0.003957226097446531 -0.019858987522242355 -0.99788107637351 0.061832987893602365
1341 1785157960.974717 0.4043399028703073 0.8340276232735395 0.10874004417870622 -0.0039808721502956335 -0.019881712713319233 -0.9979086965884578 0.06137673361814977
1342 1785157961.006693 0.40327132577408664 0.8338690353507019 0.10876215180414166 -0.0034098270487832594 -0.0199416342333254 -0.9979326940451172 0.061000348027337975
1343 1785157961.030839 0.40256736568558227 0.833752502000112 0.1087323777240605 -0.003445375589841787 -0.020012209107552525 -0.9979453280865056 0.06076810860967494
1344 1785157961.066715 0.40159326827489095 0.8336904570698342 0.1086957650710838 -0.004011192559489896 -0.019950909955228358 -0.9979340229255842 0.060938964659475015
1345 1785157961.090725 0.40071829348488064 0.8335117787011376 0.10866143457321936 -0.004097950597652583 -0.01974945996146016 -0.9979569443653732 0.06062262634575813
1346 1785157961.122694 0.3997011788492846 0.8334142331394748 0.10866488344747598 -0.003830634461176985 -0.01989361667357198 -0.997999875976876 0.059881698417880436
1347 1785157961.146899 0.39897759747211314 0.8333393943066241 0.10865307161797455 -0.003839512430300618 -0.01991573312589634 -0.9980335479680551 0.0593098545660985
1348 1785157961.182736 0.39793563882125527 0.8332284882694274 0.10860003297824344 -0.0038775711594289664 -0.019889302859949998 -0.9980633687280507 0.05881234629619833
1349 1785157961.206724 0.39720699459531567 0.8331308387396047 0.10863380616499833 -0.004429733055470064 -0.01980644614529553 -0.9980475805392814 0.05906868151429562
1350 1785157961.238704 0.39628484159711874 0.8330379058856642 0.10865770466345086 -0.004150174874930773 -0.019761298053961318 -0.9980835391329151 0.05849372666914618
1351 1785157961.262696 0.39559070469176594 0.8329480003740339 0.10863233865050001 -0.004488324188196446 -0.019875460512577603 -0.998092890692098 0.058270082935298284
1352 1785157961.298743 0.3945737344747403 0.832778885189857 0.10857234128863653 -0.0047931630925968916 -0.019599233067988442 -0.9981435993881154 0.05746521253116407
1353 1785157961.322826 0.3938634761942537 0.8326598953067585 0.1085501670272316 -0.004662685938503164 -0.019682194303997647 -0.9981735253037592 0.056925248966379016
1354 1785157961.354714 0.39286082750069984 0.8325584282736069 0.1085380064017594 -0.004599211072461501 -0.019805949866983585 -0.9981970279080414 0.05647357862691407
1355 1785157961.38669 0.391925802746531 0.8324877984410126 0.10852992084900359 -0.004415685114512624 -0.019933307070843453 -0.9982061799203978 0.056281323393427396
1356 1785157961.414749 0.3912045752396186 0.8324266541794636 0.1085343770795398 -0.004874850121192681 -0.019853651508928927 -0.9981999244828303 0.05638243627700071
1357 1785157961.446763 0.39040938697898375 0.8323193425819952 0.10849025053971431 -0.00433442431589684 -0.02012955483480816 -0.9981638259703294 0.05696481644204818
1358 1785157961.47074 0.38993389093591463 0.8322808572092559 0.1085074742620005 -0.004815427950274592 -0.020063674068648063 -0.9981426134204708 0.05732001317755539
1359 1785157961.502738 0.38919245485728454 0.8320807580417494 0.10847816626248404 -0.005416833734891435 -0.019622868692208473 -0.9982101327518733 0.05623283567511528
1360 1785157961.530766 0.38850667739654066 0.8320245670460766 0.10848790531314423 -0.005324150524505966 -0.019628704321879797 -0.998309753394316 0.05444266402020098
1361 1785157961.56278 0.38750110253680664 0.831983051304836 0.1084240607570798 -0.005243867725454321 -0.019616999296102 -0.9984025807646248 0.052725344118666306
1362 1785157961.594754 0.3865473901083871 0.8318959099001015 0.1084421260407604 -0.004689752028621791 -0.01990700967242459 -0.9983789099674989 0.053115622220969355
1363 1785157961.619023 0.3861948338872956 0.8319347612593676 0.10842170664021969 -0.0037674848461634325 -0.020186204294906085 -0.9985074809537122 0.050607644615911634
1364 1785157961.654792 0.38617770385326194 0.8318038669322483 0.10838894074795272 -0.00506074064133788 -0.01967889082095492 -0.9986321410220407 0.04817651998591621
1365 1785157961.678782 0.3861875344228202 0.8317220856582271 0.10839785807732787 -0.0053483319635461435 -0.019209262064949995 -0.9986782377378891 0.04737274601363381
1366 1785157961.710755 0.385974149570499 0.8317079626175861 0.10843050641460973 -0.005165394473708812 -0.01920851605975804 -0.9987598069851195 0.045642081041076116
1367 1785157961.742749 0.3857387734136953 0.8317535674922866 0.10843896351597442 -0.0051525118544675785 -0.019026453323028214 -0.9988956450976942 0.04264898475224965
1368 1785157961.770802 0.3855239834316798 0.8317546136028074 0.10842407855971574 -0.00501719056273453 -0.019063049996057846 -0.998955461558453 0.04122394627207571
1369 1785157961.794928 0.3855271374906581 0.831724793723442 0.10837538825921197 -0.005431611878218112 -0.018955065245621516 -0.9990065075892433 0.0399649957873387
1370 1785157961.826773 0.3853313761054482 0.8317610391798458 0.10839553229873164 -0.005250963383582441 -0.018838484837003566 -0.9990480409783105 0.038994239189789226
1371 1785157961.858756 0.3853050614714078 0.8317048965564876 0.10841879102845708 -0.005460005682275643 -0.01891151309145911 -0.9990986586611065 0.03760868612593207
1372 1785157961.886798 0.3852970951582252 0.8317188865856052 0.1084340824952405 -0.00532828112258571 -0.018872090804151198 -0.9990993756259622 0.037628330188453796
1373 1785157961.9111 0.38517147497458426 0.8317197619652688 0.1084066275751387 -0.00537193009042386 -0.018887048067509737 -0.999100601085598 0.037582052801783505
1374 1785157961.942782 0.38523553877514627 0.8317334820493267 0.10836951485633725 -0.005613152152522505 -0.01893226628536593 -0.9990990658547072 0.03756485624175998
1375 1785157961.974805 0.38525972957036764 0.8317405214309808 0.1083899445260544 -0.005500632134520844 -0.01893355135286867 -0.999099642502638 0.037565516506364194
1376 1785157962.002821 0.3852816808129934 0.8317486381677736 0.1083733755837546 -0.005614428259528487 -0.018939831017190767 -0.9990993188370813 0.037554122218995595
1377 1785157962.026831 0.3852745765027989 0.8317681953316998 0.10839729528485892 -0.005640636791764436 -0.019022284282676938 -0.9990980542499316 0.03754216178183381
1378 1785157962.058798 0.3851744808602362 0.831770372659331 0.10835271387649872 -0.005552930291291391 -0.018942151108304772 -0.9990991820661643 0.037565732673431884
1379 1785157962.094815 0.3853118867323654 0.8317466380646257 0.10837475922758444 -0.00558415578762636 -0.018952754991260368 -0.9991016454460077 0.03749016336935798
1380 1785157962.118831 0.3852422172917881 0.8317561351116737 0.10837585080876341 -0.005457646568951591 -0.018944543105578915 -0.9991010107491282 0.03752983746993588
1381 1785157962.142826 0.3851851879170271 0.8317200394874839 0.10837091223971265 -0.005503353763025132 -0.018856394106622876 -0.999103344896533 0.03750540914607492
1382 1785157962.174803 0.38520968190470706 0.8317435840688961 0.1083893767899343 -0.005394472568961445 -0.018812240516827172 -0.9991034439661042 0.03754074489817125
1383 1785157962.210828 0.3852612999676985 0.8317548509026953 0.10839220347778736 -0.005486873170228473 -0.01886155954794444 -0.9991087076064851 0.03736209548636624
1384 1785157962.234853 0.3852670531355192 0.8317542754755309 0.10837006222700865 -0.0055915127379595475 -0.018823706105567495 -0.9991024547261383 0.03753249304213019
1385 1785157962.266819 0.3851934909953297 0.8317492890286211 0.10836021542249794 -0.00554292774158241 -0.018869634927979773 -0.9991009817167151 0.0375558405901473
1386 1785157962.290839 0.385231016688423 0.8317516369878758 0.10836725289229712 -0.00543229974815948 -0.01889660987053121 -0.9991021778700631 0.037526609627624746
1387 1785157962.326856 0.38529856212660585 0.831763554361918 0.10838651088509313 -0.005471749649514163 -0.018886007335417454 -0.999102035197229 0.03753001395490144
1388 1785157962.350867 0.38518564838493746 0.8317313909055126 0.10839477124239529 -0.005497858988846693 -0.01880757533015376 -0.9991032571153315 0.03753305580784644
1389 1785157962.382823 0.385206060137094 0.8317547388475631 0.1083576003389579 -0.005448111294624192 -0.018882284516642645 -0.9991009509089882 0.037564175852924875
1390 1785157962.407047 0.38528078541670696 0.8317612761388714 0.10840450124588771 -0.005445313695400605 -0.018889091476666564 -0.99910383945305 0.0374842469861503
1391 1785157962.44287 0.3852673538314091 0.8317512365766041 0.10837583251215306 -0.005430191091894743 -0.018845692678551518 -0.9991070590263148 0.037422419696742315
1392 1785157962.466885 0.3853744080902246 0.8317424407319629 0.10836953367846516 -0.004748582782931693 -0.019009297035684325 -0.9991358209784109 0.03665663412752987
1393 1785157962.498839 0.385902351271192 0.8319139311678491 0.10842357506610326 -0.0035194361800842677 -0.01960732998983461 -0.9992427803458476 0.033422030254674606
1394 1785157962.523002 0.3864687765004269 0.8320628760108734 0.10837546065847527 -0.0035849317563092786 -0.019538444943618505 -0.9993400745372796 0.030410735889030344
1395 1785157962.558883 0.3876134924791598 0.8320715193804085 0.10846782680214645 -0.0034913579151662766 -0.019262761761907332 -0.9994443102914518 0.026978270056782022
1396 1785157962.582899 0.38857679701173997 0.8321892405305531 0.10848932016965758 -0.0032185009103244955 -0.019318030610428305 -0.9994857741313281 0.025389806110420632
1397 1785157962.614856 0.3901325227814408 0.8323013377534576 0.10848948713554742 -0.0032619335226141966 -0.019401306372841653 -0.9994948793305859 0.02495867169259755
1398 1785157962.646831 0.39182209647414834 0.8324021192392426 0.10850303494866709 -0.0031836599194194626 -0.01932093130787238 -0.9994614301403948 0.026332785356487892
1399 1785157962.67489 0.393261002143225 0.8324712969187507 0.10854081938798614 -0.003593731011011375 -0.019110524957229424 -0.9994513983046882 0.026809986200730468
1400 1785157962.699165 0.39484628456777443 0.8325359514983173 0.10860588102511892 -0.0039491973462024155 -0.01881879843168044 -0.9994391073890992 0.02741764554423176
1401 1785157962.730868 0.39713557568206703 0.8326535183024638 0.10864676969223386 -0.004112410348476481 -0.01884312412520117 -0.9993792050460715 0.029482694514075702
1402 1785157962.762868 0.3994754794034308 0.8327574067827337 0.10866205010257483 -0.0040186032881183165 -0.018876087264236063 -0.9992964080021157 0.032159494885257156
1403 1785157962.790904 0.40125219976097903 0.8328287843680647 0.10870980070350537 -0.004192744747622379 -0.018848691585593214 -0.9992233581958672 0.03434862665036448
1404 1785157962.815153 0.4029483818023776 0.8328975047881975 0.10869933008747297 -0.0038951184140970097 -0.018903883577109926 -0.9991642505534865 0.03603153693825384
1405 1785157962.846886 0.4053336479709855 0.8331138819017221 0.10878572328917248 -0.0037636131634037062 -0.019166812835865465 -0.9991454186290623 0.03642665142758841
1406 1785157962.878881 0.4076633785892047 0.8332971635072345 0.10879369602338386 -0.004077784623384095 -0.018958611884094645 -0.9991551197665264 0.03623519493989397
1407 1785157962.906921 0.40945350794649554 0.8334219278195573 0.10889726065629465 -0.003943576521185405 -0.018962008797012264 -0.9991468495945689 0.03647551743089697
1408 1785157962.938929 0.411646511943596 0.833556599832199 0.10889355576966013 -0.003957551682477023 -0.01895566746316013 -0.9991290487267732 0.03696166184088656
1409 1785157962.962904 0.4132934307211557 0.8337323465064195 0.10893951156676408 -0.004183202339819864 -0.018792393563741294 -0.9991111801371126 0.03749928649128495
1410 1785157962.994875 0.41533961122575874 0.8338894717530424 0.10899497862634136 -0.004424250441262184 -0.018749507603593063 -0.9990982552781922 0.037835938903749006
1411 1785157963.02294 0.4167625776616143 0.8340204829234416 0.10904849884229502 -0.004817092415742769 -0.018834964051150593 -0.9990911195104518 0.037933819544070685
1412 1785157963.054929 0.41825703768507194 0.8341508626575643 0.1091050092438747 -0.005726641700255081 -0.018794939905906638 -0.9990786028076335 0.038156273674418734
1413 1785157963.078923 0.419224043400798 0.8342434930631154 0.10913383448596944 -0.004616542670960094 -0.018869726276645737 -0.9990618947460939 0.038703377505801245
1414 1785157963.110923 0.420493212479598 0.8344051299598627 0.1091646643107733 -0.002648575636011341 -0.019187268817217717 -0.9990409953121033 0.03926733309302172
1415 1785157963.138949 0.42129839172245204 0.8345076794028413 0.10919966106111587 -0.002989647280795038 -0.01918964108015342 -0.9990506866292422 0.03899416917939463
1416 1785157963.170954 0.4223316946852476 0.8345911518813959 0.1091685705251549 -0.0033176763913807805 -0.019133126845531145 -0.9990479134770912 0.03906639294259548
1417 1785157963.194931 0.42325731681881884 0.8345857633587346 0.10924382537500625 -0.00271954346179884 -0.019215682435673176 -0.9990281911889524 0.03957315809511494
1418 1785157963.226969 0.42422094072722555 0.8347406930563039 0.10924847113346937 -0.0030076399143106614 -0.01940135681931504 -0.9990032180245298 0.04008879933783596
1419 1785157963.254963 0.42501505542357465 0.8348829983334967 0.1092709063194544 -0.0031152555225386624 -0.019357416514509673 -0.9989877692920721 0.04048484177766787
1420 1785157963.286966 0.4260003615632436 0.8349327465196812 0.10929574304110926 -0.0032976439838509897 -0.01926673973563342 -0.9989856644840425 0.040565508002381206
1421 1785157963.310951 0.4266855741901741 0.834962020656578 0.1093727078145576 -0.003448561955622348 -0.019264954216828833 -0.9989941403299869 0.04034447354734125
1422 1785157963.342959 0.4275842985405628 0.8350947332378708 0.1093109778087957 -0.0025452324247328406 -0.019318320719033333 -0.9989679203575612 0.04102948175385426
1423 1785157963.370987 0.4281752499023468 0.8352206609597973 0.10940441304630902 -0.0033813677847102375 -0.0194232055511816 -0.998945652350038 0.04145948732170043
1424 1785157963.402994 0.4282834069909716 0.835099527972214 0.10951177161831833 -0.00956812837060192 -0.01865835831661683 -0.9989293937566173 0.04123569901735111
1425 1785157963.434943 0.42818520114302344 0.8350233860899635 0.10941167105024217 -0.005355994730482816 -0.01878331832707103 -0.9989683525082144 0.04099671889426426
1426 1785157963.458986 0.4280000873894185 0.835133916488529 0.10935051340564395 -0.0016900617625114633 -0.019585819907288027 -0.998949956552299 0.0413826491897038
1427 1785157963.487244 0.4277593891416554 0.8351781386608113 0.10936793237593663 -0.0020123774732576927 -0.01955529658745392 -0.9989579905280757 0.04118827348155282
1428 1785157963.518979 0.4277149656743614 0.8350711422823128 0.10934281980597117 -0.0033914334062882523 -0.019058907252653134 -0.9989838829406402 0.040699605140920164
1429 1785157963.550966 0.42756719585867786 0.8350555381800074 0.10935108436020763 -0.0029492763949483247 -0.019280308073818364 -0.9989728339021409 0.04090047206146727
1430 1785157963.58698 0.4275877413733551 0.8351067511196631 0.1093064943090922 -0.0024320297252777845 -0.019431517466726445 -0.9989589655302135 0.04120056488886353
1431 1785157963.611013 0.4276329378119136 0.8351166428849789 0.1093628349095513 -0.0029477604405402924 -0.01929127511349127 -0.998963252134218 0.041128801323495334
1432 1785157963.635184 0.42761854075223676 0.8350364951263899 0.1093224015031534 -0.0030929779586079953 -0.019319193095737097 -0.9989619213936354 0.041137353719139874
1433 1785157963.666976 0.42763168897028775 0.8350764030360909 0.1093330316774132 -0.002757199324391252 -0.019232984627809535 -0.9989595781027677 0.04125835031763178
1434 1785157963.695019 0.42762703442825867 0.8351038027915827 0.10933999571176022 -0.0028391966548793057 -0.019425646365819116 -0.9989592213947927 0.041171072562355526
1435 1785157963.727022 0.42755471743120377 0.8350911688967791 0.10934157360037869 -0.0026954961805698285 -0.01934348214194226 -0.9989445781641526 0.0415727525599143
1436 1785157963.758976 0.4275721022448055 0.8349163976874219 0.10937201530300547 -0.0035536772094305336 -0.01905808636307771 -0.9987172105680858 0.04677706743235119
1437 1785157963.782996 0.42762778785996763 0.8348900160939388 0.10945400351685884 -0.0024886282422490746 -0.01963266070403824 -0.9981911211789471 0.05677015908616376
1438 1785157963.81117 0.4276673550227698 0.8348660244783641 0.10944748423156372 -0.002807972010963472 -0.020346859793378025 -0.9973154205260844 0.07028564981995791
1439 1785157963.843039 0.42752059463322695 0.8344835343871551 0.10944676171796519 -0.004354185708598662 -0.020944208421644572 -0.9952895930883477 0.09455689869299297
1440 1785157963.87502 0.42743940784606405 0.8343203507977075 0.10957165850070161 -0.004983282385246035 -0.021666658599593158 -0.9915804360704775 0.12756943836232598
1441 1785157963.899192 0.4264174964723607 0.8337711094703388 0.10926564090586022 -0.004477081798142657 -0.022442029726871704 -0.987239490147874 0.1575896574426029
1442 1785157963.927033 0.4259909977864056 0.833339311365846 0.10903003825464348 -0.005516397840002407 -0.023058192803468547 -0.9812791319821486 0.19112601663789786
1443 1785157963.959053 0.4257272201222942 0.8330969480542649 0.10919173583819934 -0.0066187135493540605 -0.024034094437586417 -0.9705150308108816 0.23974805506128816
1444 1785157963.991016 0.42538852478786227 0.8325350351301681 0.10898841591634259 -0.0079916978587814 -0.025224169198628466 -0.9568936041699683 0.2892308841603557
1445 1785157964.015104 0.42546645451760934 0.8323062434126995 0.10896915545088023 -0.009074134799065159 -0.02555117684817132 -0.9452859143512997 0.3251143453745916
1446 1785157964.051039 0.4251931477385194 0.8316678812342246 0.10870703669926707 -0.010804808433636626 -0.02627965795632603 -0.9283544072449298 0.37060859439754745
1447 1785157964.075071 0.4253191610570559 0.8316035366144218 0.10883931627170901 -0.011818767268124586 -0.02707768975983882 -0.9137724524674072 0.4051506146721633
1448 1785157964.107031 0.42585220520340716 0.831124552694562 0.10885723014446638 -0.013465853491474333 -0.02753680375796652 -0.8920662664371954 0.45086380594736597
1449 1785157964.131002 0.42634939664424865 0.8309649961227439 0.10887872702787041 -0.014699619673749748 -0.02790055817767434 -0.8744372417372328 0.4841125801895688
1450 1785157964.167048 0.42700796788885537 0.830892104657752 0.10886947558840974 -0.015911504853865 -0.028448025622857143 -0.8490143687337264 0.5273633809197589
1451 1785157964.191091 0.4271864146901204 0.831194273001749 0.10893260854414834 -0.016163892404430058 -0.028776575811139127 -0.8281326720625947 0.559559572100586
1452 1785157964.223046 0.4270553791877961 0.8314383258870452 0.10874930628231508 -0.017525354268562388 -0.02907172801922131 -0.8005131096769705 0.5983531213447829
1453 1785157964.247019 0.4265048313451659 0.8305971283242212 0.10863998181717587 -0.01855157561248688 -0.029389464459877 -0.7810659222547159 0.6234806520762658
1454 1785157964.283065 0.4265959078509561 0.8307286673865132 0.10853422709730456 -0.018203464822763804 -0.029567430395224026 -0.7589682897884957 0.6502011504325382
1455 1785157964.307298 0.42676659928649474 0.830522759356108 0.1087243758516877 -0.01772345285001997 -0.02950823938313385 -0.7460660981178312 0.6649815939308512
1456 1785157964.339061 0.42635109799082116 0.8300160911710379 0.10879651368786743 -0.017752217032166562 -0.02982835287378538 -0.7334496129667449 0.6788569756540859
1457 1785157964.371084 0.42655292780354587 0.8304662011685167 0.10872234021933383 -0.017836126986489953 -0.0298067861155642 -0.7266420697618621 0.6861375449046494
1458 1785157964.399084 0.4262351997018956 0.8299987571555245 0.10864566914632974 -0.018384477057499682 -0.03011744172712505 -0.7228153205112904 0.6901398141980335
1459 1785157964.431104 0.4263160264425998 0.8297591517064781 0.10866032932089972 -0.018941717518418444 -0.030224712664041475 -0.7181259854056604 0.6949983792549287
1460 1785157964.455293 0.4259311422112006 0.8298004126463727 0.10854278752613544 -0.017891327830913628 -0.029946685129588646 -0.7141563206636565 0.6991164753418022
1461 1785157964.487102 0.42630499974951397 0.8302630309472643 0.10872629951385336 -0.018324908212625224 -0.030201269472276304 -0.7078424940914348 0.7054864170341474
1462 1785157964.515107 0.42602683469799574 0.8298018157403244 0.10873985781501021 -0.018815467807241304 -0.03006793347997816 -0.7026139087159743 0.7106867051143554
1463 1785157964.547116 0.4264212388455603 0.8293321170774689 0.10875186947282325 -0.018552434846909494 -0.029918444924208476 -0.6959353792915288 0.7172409927387895
1464 1785157964.579101 0.4265920749209032 0.8296799362383358 0.10878587397090417 -0.018797215588117866 -0.030472407739402962 -0.6903671743810365 0.7225726687260189
1465 1785157964.603122 0.42668412949507845 0.828751030763805 0.10886206272125468 -0.02136603951703664 -0.03297435708683383 -0.687728533456425 0.7249038890776772
1466 1785157964.631423 0.42698869733422506 0.827882788936606 0.1088989261565092 -0.02320872347848324 -0.03466628901286617 -0.6870740031610738 0.7253888045322954
1467 1785157964.663112 0.4272998156623063 0.8269131425053102 0.10899262469863626 -0.02124114313144676 -0.03286300570050882 -0.6879053530508339 0.7247448253963635
1468 1785157964.695096 0.4274048842844095 0.8245381535241144 0.10929725474190843 -0.021953653854793975 -0.03351041824328782 -0.6897024637660133 0.7229838175413577
1469 1785157964.723139 0.42744057901635774 0.8223162966572716 0.10932779013966609 -0.022555791660286317 -0.0341105971730058 -0.6910116053142987 0.7216859876317638
1470 1785157964.755135 0.42753551507500204 0.8193205810457515 0.10964075104632298 -0.020491282038906822 -0.0322227481077183 -0.6919678306462974 0.7209176951743143
1471 1785157964.779127 0.4276347555309764 0.8166218117151386 0.10993333233501099 -0.02007505064364634 -0.03200792582025447 -0.6922979324731858 0.7206219936413908
1472 1785157964.811112 0.4276518596849733 0.8129844653611698 0.11008762622586055 -0.018795597030365263 -0.03134739518112517 -0.6919190069115015 0.7210493424324249
1473 1785157964.83915 0.4279627958124148 0.8101644800191997 0.11031639372783159 -0.01839307725171524 -0.030595886541591066 -0.6919352968668547 0.721076370009255
1474 1785157964.871165 0.4280005722755059 0.8066476667536528 0.11089713182300076 -0.018515833265742687 -0.03040773619472259 -0.6927764982512855 0.7202730433444487
1475 1785157964.895123 0.42805641659070776 0.8039226975680746 0.11129959316179136 -0.018312758090389902 -0.030713197983146978 -0.6933569068318048 0.7197065666710307
1476 1785157964.927109 0.4280147106417878 0.8007339424627269 0.11168330879130116 -0.01846440692122142 -0.03063932969221672 -0.6931386455110287 0.7199160473639936
1477 1785157964.955377 0.4282435779132338 0.7980263587482882 0.11180594569080407 -0.018832268144175268 -0.03072318801734919 -0.6926953146442458 0.7203295304681779
1478 1785157964.987183 0.42813840371679024 0.7947901387815436 0.11218249947362116 -0.018779707128529388 -0.030795265970111396 -0.692341240576822 0.7206681488664141
1479 1785157965.019151 0.4275380879017433 0.791575878700344 0.11288655039779966 -0.019112053791700334 -0.03096519620660343 -0.6924907095531868 0.7205085032158008
1480 1785157965.043106 0.42745310521136337 0.7891770716661115 0.1133587579217574 -0.018787643894157324 -0.030708432532832508 -0.6929312802292472 0.7201043379178739
1481 1785157965.079151 0.42701049817016845 0.7861569925849736 0.11399263196200951 -0.018558046488607594 -0.03020063352383706 -0.6927201377849569 0.7203348744524841
1482 1785157965.10348 0.42728664798594573 0.7836917240676567 0.11413254198262299 -0.01916273072195862 -0.030917976637093836 -0.6933740376008799 0.7196591640860274
1483 1785157965.135165 0.42744261197238226 0.7814752344476965 0.11415622843350484 -0.01803103529790806 -0.02804705060783874 -0.6904761886452389 0.7225862423491274
1484 1785157965.167147 0.42754927865020187 0.7804693115245149 0.11401593054857076 -0.019098865205764204 -0.03085265467113696 -0.6849352149303931 0.7276998683494809
1485 1785157965.195179 0.4278381232275268 0.7804166052537251 0.11375460513548051 -0.020184036927103466 -0.03219888145119987 -0.6814134548589318 0.730911444857605
1486 1785157965.227214 0.4277083811788579 0.7804530454617664 0.11366500780309031 -0.02106567927462677 -0.032388166543717456 -0.6819058609863621 0.7304188117628704
1487 1785157965.251293 0.42784051664579786 0.7801420109033022 0.113323258183347 -0.02067750910654309 -0.03264992095668118 -0.6829111697475124 0.7294784146996781
1488 1785157965.283186 0.42783596178915434 0.7800792303184236 0.11329688942978974 -0.02047243483195038 -0.032263070816752504 -0.6825595836877845 0.7298303833011361
1489 1785157965.311436 0.42781948713925433 0.780087728091412 0.1132863593527399 -0.020522638463812415 -0.032482982515489534 -0.6826953469586476 0.7296922230628431
1490 1785157965.343226 0.42788379568761553 0.7800854668819313 0.11329720616408573 -0.020688064738661027 -0.03246326665287336 -0.6826434615353835 0.7297369695435355
1491 1785157965.375187 0.4279016664038331 0.7801169775748711 0.11328277151051898 -0.020475656700485678 -0.03230042021577073 -0.6825653677060143 0.7298232314368475
1492 1785157965.399262 0.42792686314435757 0.7801547233933398 0.11323968443509122 -0.020589616932829014 -0.03220270611886544 -0.6824458969510537 0.7299360596160825
1493 1785157965.427418 0.4280213578181718 0.7802344419156606 0.11341773778870916 -0.020612454649242995 -0.032190776910677954 -0.6826169582356021 0.7297759717368024
1494 1785157965.459228 0.4280364698321674 0.7800993606702629 0.11334368069169942 -0.02051935888889267 -0.03213739686526551 -0.6826253126271993 0.7297731333737436
1495 1785157965.4912 0.4279741801596494 0.7801908973917441 0.1134462021134007 -0.020471665324196864 -0.03215884796454194 -0.682572667804039 0.7298227679261072
1496 1785157965.52722 0.42803034433446074 0.7801362467613913 0.11332141458722368 -0.020521235413903494 -0.03205343690999707 -0.6825021507465023 0.7298919579675768
1497 1785157965.551213 0.4279690288686933 0.7801150871668756 0.11336935474014839 -0.02038321547197175 -0.03180659478703163 -0.6825431176728884 0.7298683152271034
1498 1785157965.57538 0.4279543897020602 0.7800890687387938 0.11325673418027359 -0.020339365508889706 -0.0317319409186787 -0.6824028776124396 0.7300039087309678
1499 1785157965.607209 0.4281055266452635 0.7802063367965997 0.11330846901177598 -0.02050926610346626 -0.0318970963919365 -0.6825284477730763 0.7298745530747978
1500 1785157965.643251 0.428024384832641 0.7801661717675339 0.1131993635666847 -0.020447643749525013 -0.03202090114732348 -0.6822919734474194 0.7300919248451058
1501 1785157965.667224 0.42800176089638153 0.7801491331807029 0.11314667573031206 -0.020524643184375524 -0.03200678987690586 -0.6823189922272309 0.7300651322107813
1502 1785157965.691394 0.4280868133866991 0.7801666108513315 0.11325583300841992 -0.02038141191420939 -0.031901904547034565 -0.6823354823676429 0.7300583237226814
1503 1785157965.723216 0.42791238045969193 0.7802120355235491 0.11324790687769982 -0.0205174869463276 -0.03183837201988027 -0.6822432062625894 0.7301435189776548
1504 1785157965.759264 0.42793966047255644 0.7801806228370285 0.11331097415077579 -0.020378071322849967 -0.03191901044426271 -0.6822062446002904 0.7301784376505437
1505 1785157965.783251 0.4279331731476461 0.7802923372369082 0.1133569477206456 -0.020383701607473603 -0.03180532740597142 -0.6822368877323354 0.7301546102536595
1506 1785157965.815231 0.4278759101154408 0.7803053791326139 0.11332070426421699 -0.020432923925288615 -0.03185091669183515 -0.6821840881808755 0.730200578306112
1507 1785157965.839221 0.4278180389456089 0.7802604193308251 0.11334507342942293 -0.020362977678858418 -0.03179223414794197 -0.6821685313100763 0.7302196230437704
1508 1785157965.867275 0.42789525547958035 0.7802335299212348 0.11335691656502694 -0.02038021746725238 -0.03181383793947379 -0.6821857196618825 0.730202143478741
1509 1785157965.899274 0.42812105551250357 0.7801967536540901 0.11317022231282862 -0.020550481128466913 -0.03194363288435098 -0.6823208773138272 0.7300654096895891
1510 1785157965.923414 0.42795410825679164 0.780245513351908 0.1131684936785855 -0.020537591600400806 -0.031939947816890135 -0.682228577633584 0.7301521861398256
1511 1785157965.955225 0.42791310209217454 0.7802524919622686 0.11328298659983474 -0.02038962793928656 -0.03187401191450767 -0.6822321339845502 0.730155891434054
1512 1785157965.983314 0.427916838999798 0.7802409899522518 0.11329106165136665 -0.02047098577777917 -0.03180706903018837 -0.6822068331817601 0.730180173560683
1513 1785157966.015286 0.4281010874640014 0.7802219528379624 0.11329044479481551 -0.02043958334884277 -0.03190811582517583 -0.6823143683444876 0.7300761592653714
1514 1785157966.039425 0.4279021853135065 0.7802159079264922 0.11311902774206349 -0.020543082165348725 -0.03190333570396153 -0.6821978857268339 0.7301823085065441
1515 1785157966.071238 0.4281023191551723 0.7802574551485593 0.11324952064701485 -0.0204947936832256 -0.03189786308052078 -0.6823035147601133 0.7300852029104373
1516 1785157966.099315 0.42803107828691384 0.7803286521855453 0.11320730787957588 -0.020468623234767946 -0.03188816411280826 -0.6822799500718192 0.7301083824901504
1517 1785157966.131304 0.42790641415005215 0.7802742445989945 0.11323356350379164 -0.02044289250510356 -0.03194828235070901 -0.6821969512385339 0.7301840282570645
1518 1785157966.155472 0.42792684173210244 0.7802747478568328 0.11318518614045761 -0.020458591437738538 -0.03196078365927135 -0.6822278433508381 0.7301541783083444
1519 1785157966.187304 0.4278937967770015 0.7803101343887531 0.11333239317110017 -0.020400909335288042 -0.03184266088003851 -0.6821817077710967 0.7302040573900438
1520 1785157966.215424 0.42793966083294127 0.7803165846939839 0.11330875349273144 -0.02037250689428549 -0.03187962037985015 -0.6822258842964519 0.7301619639252672
1521 1785157966.247309 0.427877510358326 0.7802924703496998 0.11326462697849868 -0.02046519904038191 -0.03187316250666006 -0.6821838301654869 0.7301989448094319
1522 1785157966.279286 0.4278948063730606 0.7803139378291777 0.11326691550831673 -0.020421390853348043 -0.031902864858607494 -0.6822031854531875 0.7301807911517204
1523 1785157966.303259 0.42804671034938835 0.7802452333080148 0.11316255474613864 -0.020475572242776074 -0.03191111245948963 -0.6822673308992208 0.730118977311631
1524 1785157966.331347 0.42800770213780776 0.7802518544754111 0.11326148807685496 -0.02043576080377507 -0.031912430401439096 -0.6822740081423022 0.7301137954316996
1525 1785157966.363319 0.42799840689761287 0.7802764507458572 0.11326530654705438 -0.020458655202098996 -0.031845804839699565 -0.6822546261033605 0.7301341748623996
1526 1785157966.395313 0.4280104268176835 0.780254397507415 0.11322085714985303 -0.020489789454714136 -0.031876384539874736 -0.6822446226089248 0.7301413147863728
1527 1785157966.427276 0.4279849983520508 0.7802800135935162 0.11321366674242521 -0.020492850502982884 -0.031880387559304335 -0.6822465002913911 0.7301392995911671
1528 1785157966.455318 0.4281487325351251 0.7802930399752321 0.11330308843461999 -0.020430315953437583 -0.03185985775929445 -0.6823553229636955 0.7300402488059896
1529 1785157966.487343 0.4280536406585484 0.7803676873293874 0.11323050561211213 -0.020494770208532298 -0.031850264361764746 -0.6822854324720836 0.7301041800254038
1530 1785157966.511526 0.4279546726762937 0.7803040962858621 0.11335165198480379 -0.020334834699817006 -0.03185415781855194 -0.6822400638394955 0.7301508764766932
1531 1785157966.543284 0.42797049855721925 0.7802990671102246 0.11334930249831475 -0.02040043942295 -0.031802402756923476 -0.6822421504420751 0.7301493528110602
1532 1785157966.57134 0.42794988813749124 0.7803054538973561 0.11328076095265914 -0.020442666230911732 -0.031845202431456276 -0.6822322969571716 0.7301555132079828
1533 1785157966.603338 0.4279145195896298 0.7803297311711415 0.11328755143731725 -0.020423934896366513 -0.03187037624813893 -0.682220334173769 0.7301661164700688
1534 1785157966.627548 0.4279047085334549 0.7802610334157705 0.11326064533938095 -0.020423456790407468 -0.03186786115642193 -0.6822072703416522 0.7301784454029285
1535 1785157966.659311 0.42794231495838503 0.780325787673767 0.11321863640605016 -0.02047179517182296 -0.0318804403612547 -0.68221100987114 0.73017304875996
1536 1785157966.687349 0.4277676788246876 0.7803238577509598 0.11343564177941816 -0.02030905314088305 -0.03176496135019702 -0.6821626744715769 0.730227783057264
1537 1785157966.719343 0.42800897438518576 0.7803067818470975 0.11340229227647598 -0.020340918728568802 -0.031813810368111595 -0.6822847823889611 0.7301106794285286
1538 1785157966.743524 0.42785204773381 0.7803010603056288 0.11349533434939553 -0.020292554331005963 -0.03168735023332547 -0.682185484990296 0.7302103040511472
1539 1785157966.775321 0.4277834086660821 0.7803574233069743 0.11341754069203885 -0.020351805617806473 -0.03175731084992384 -0.6821513048565568 0.7302375466231339
1540 1785157966.80335 0.4279085027752813 0.7803171894909542 0.11330703178036357 -0.020430063326478565 -0.03181873483725184 -0.6822159455316515 0.730172297672397
1541 1785157966.835336 0.4278991844496983 0.7802572645556973 0.1133455283166842 -0.020397728335689425 -0.03181921507485608 -0.6822007335394736 0.7301873933374691
1542 1785157966.859499 0.4279907392622281 0.7803463802102567 0.11341276728805487 -0.020322416195450166 -0.03176148708004267 -0.682284305151904 0.7301139187016139
1543 1785157966.895377 0.4278780790021208 0.7803556653277082 0.1133390459497682 -0.020367873922291224 -0.03185283701290098 -0.6822229196139273 0.730166032104729
1544 1785157966.919382 0.4280243314910446 0.7802424432589921 0.11336909119542687 -0.020372424293345848 -0.031816971570212904 -0.6822750610937532 0.7301187476417981
1545 1785157966.951353 0.42797186654215436 0.7802878410541716 0.11345187648208363 -0.020323121022809754 -0.03173957019330054 -0.6822737321308583 0.7301247324122547
1546 1785157966.975534 0.4279572475572835 0.7803049285929977 0.1134281854028661 -0.02032583914180519 -0.03176205692356249 -0.6822427832169294 0.7301525982639409
