# frame_id timestamp x y z qx qy qz qw
0 1785155851.495636 0.2772662721262053 -0.0016165922081581446 -0.008696996701826592 -0.0011073243993119375 -0.00414130872745247 0.00019138960854361842 0.9999907933399769
1 1785155851.527592 0.30344346328815414 -0.0009811389261685768 -0.009222808448857015 -0.0006747303439966212 -0.0027520675444114295 -0.0002767870979508147 0.9999959471178352
2 1785155851.551866 0.3255966176605475 -0.001258545837204042 -0.01008847606081598 -0.00041369721632722456 -0.002825133072371977 -0.0003323309277615816 0.999995868508411
3 1785155851.587623 0.35428618008376794 -0.0010975008396048812 -0.010706494808421558 -0.00027305896465879 -0.0036368206429290284 -0.0002412623696094185 0.9999933203611323
4 1785155851.611647 0.3763882286824249 -0.0008276285774510961 -0.011398825841605361 -6.920908054108832e-05 -0.0026386630449596327 -0.00043872887729351495 0.9999964200857975
5 1785155851.643602 0.40772551183791284 -0.0008859396522451124 -0.012475817198342152 3.410242894630322e-05 -0.0013901311458792143 -0.0007385877961452736 0.9999987604294762
6 1785155851.667825 0.4318086702888454 -0.0006572468402272376 -0.013161239571837985 -0.00018097786994614173 -0.00171537900305746 -0.0005935506213723962 0.9999983362083891
7 1785155851.703644 0.4641046203904738 -0.0002142797878166678 -0.013941111754788344 -0.00037430209283378924 -0.0029884245551947686 -0.0005784314244215993 0.9999952973057966
8 1785155851.727868 0.4893993643601224 -0.00024472101283454955 -0.014471048522504667 -0.0003880536051560357 -0.002819772867805992 -0.0007493185926361057 0.9999956683991288
9 1785155851.759621 0.5237229447263154 0.0003189069128768996 -0.015471074691831255 -0.0002531861622063758 -0.002180694907767844 -0.0010689287425967309 0.9999970189244716
10 1785155851.791599 0.5588427005686026 -0.00010345634877666644 -0.016572741467237202 -8.149822597425249e-05 -0.002000873878370113 -0.0007947459880513486 0.9999976791175951
11 1785155851.819664 0.585441924045474 -0.00016171642311667463 -0.017147731374521778 0.00041584257162730065 -0.0027903074016409346 -0.00032264878880411407 0.9999959685705334
12 1785155851.851662 0.6216422012261744 1.144551013220797e-06 -0.018209626086693517 0.0007114483217382506 -0.003414509143235489 0.00019697530315787581 0.9999938980660463
13 1785155851.875645 0.6490053812435713 0.00029763290020482256 -0.019099806073420433 0.0004497302685660953 -0.0021539364155683804 0.0005189243993418691 0.9999974445057703
14 1785155851.907617 0.6863587060912913 0.0005638904261357678 -0.020510329282782798 0.0004029837469105013 -0.00017562416379776624 0.0006038724815983498 0.9999997210491006
15 1785155851.935709 0.7143246929842648 0.0006830446012307113 -0.02128603810125071 0.0001623355546822025 0.0005243550233617611 0.0008118923222456831 0.9999995197648017
16 1785155851.967707 0.7519405337356863 0.001091803205534488 -0.022085046819566044 -0.00020481012295436862 -0.0002884453721790359 0.0015567319600253149 0.999998725718031
17 1785155851.999644 0.790193882389259 0.00147462387571873 -0.022932356233705802 -0.00015868969874610617 -0.0014193054481996537 0.001683434873903683 0.999997563215356
18 1785155852.023647 0.8188718048439186 0.0017122495142691389 -0.02363295170069738 -2.9087187057963426e-05 -0.0017989391270148425 0.0014077150364225632 0.9999973906517602
19 1785155852.05198 0.8480353885403882 0.001989661019383451 -0.024749595353647194 0.000511059664333513 -0.0019484918518826722 0.0012736714123653958 0.9999971599752951
20 1785155852.083728 0.8860835738861865 0.002135473917085337 -0.025608255256221884 0.0010750901264615642 -0.0009171923278223637 0.0011502069527074832 0.999998339980332
21 1785155852.115723 0.9244445094299627 0.002377272238339472 -0.026384096101838332 0.0006671504971266229 0.00089498784660616 0.0010671500241532794 0.9999988075481864
22 1785155852.147699 0.9638620679339807 0.0030885321271041785 -0.02812827339405223 0.00019305343719516754 0.0005777802978538249 0.0010374210278796259 0.9999992763286925
23 1785155852.183747 1.002006661063899 0.0034018340739095983 -0.02921049636242953 -0.00033302682065455835 4.900488623560406e-05 0.0013909375310910965 0.999998975991697
24 1785155852.215722 1.041135868642514 0.003734063084327816 -0.0299954914756984 -0.00019141302560066187 -5.468229089977683e-06 0.0018597033420477693 0.9999982524157889
25 1785155852.247666 1.0789404960186908 0.003427028328373746 -0.030696725481687115 1.615846162261736e-05 0.00017699327467105008 0.002146784835748955 0.9999976798608855
26 1785155852.283735 1.117036680272309 0.0038926595198913384 -0.03133097965665692 0.0003968925883003349 0.00039135799816594763 0.0019973467746461637 0.9999978499582151
27 1785155852.315734 1.1563791808390227 0.003783290327910505 -0.033073242005755205 0.0009363143938568852 0.0009610954930933113 0.0016543943953216678 0.9999977312924234
28 1785155852.35572 1.2031978476116094 0.003950181764843981 -0.03384353470296513 0.0008826716344713104 0.0014887988464352964 0.0020880435791973684 0.999996322214633
29 1785155852.391738 1.2405250374159733 0.004089103121884676 -0.03421059867341492 0.0005786499207125484 0.0013580726108105012 0.002693316452851091 0.9999952834136461
30 1785155852.423774 1.277950419770578 0.003950042952269706 -0.03532700403614828 0.0002148415213676924 0.0010295771624356798 0.002768520218441317 0.9999956145452777
31 1785155852.46373 1.324547202443455 0.004394669784493457 -0.03589315067424178 -3.0419704377671053e-05 0.0006248252897568252 0.002835158795355397 0.9999957852624202
32 1785155852.499723 1.362068575335035 0.005098706230871616 -0.036342119461793214 0.0003796039788402372 0.0005527917527515247 0.0022611601269991177 0.9999972187346211
33 1785155852.523735 1.3909310113442264 0.004851748101745415 -0.037150046170697774 0.0009004339308122944 0.001151962071911622 0.0020422223773131354 0.9999968457599668
34 1785155852.547812 1.42011663395291 0.004736429863949702 -0.03869909230575864 0.0011001270056605894 0.002709530276882588 0.0025750826664301396 0.9999924085289404
35 1785155852.579704 1.4551580413745888 0.006630584675612703 -0.03825164250205926 0.001042472704863906 0.0027394666502982556 0.0034179641737961675 0.9999898629956396
36 1785155852.603725 1.4809493091662242 0.006044975650362689 -0.03909297455730076 0.0009480069270847435 0.002892898060618515 0.0038473846455936156 0.9999879649551119
37 1785155852.631761 1.5053109234090385 0.007223576747313025 -0.038955602302193415 0.0008653868607370052 0.0034440506141813765 0.0035169229698853444 0.9999875103588906
38 1785155852.663825 1.5341724314403693 0.007391655029687174 -0.04004307729685366 0.00047541374710924345 0.002105861452432467 0.0026569263190937 0.999994140018754
39 1785155852.695734 1.5600680856236833 0.007096499387648298 -0.042738174312720444 0.0004874525509507288 0.0026099514688369962 0.002670071696651316 0.9999929106051079
40 1785155852.719868 1.5782398772119988 0.007493402677120018 -0.044766699762539094 0.0010428517942839832 0.0034378424635757576 0.0022716164635137037 0.9999909666881865
41 1785155852.748055 1.5961479015275997 0.008016024284586677 -0.04577402145220725 0.0008273492813085648 0.0028099380979648148 0.0026635413785852657 0.9999921626134761
42 1785155852.779804 1.6174115184839153 0.007765781361412729 -0.0463389221303963 0.0006938841695142139 0.0026124041903395623 0.0028533138984500883 0.9999922762046228
43 1785155852.811767 1.636485592642258 0.007744304552121113 -0.04721645803616154 0.001353297078264759 0.003565130902549618 0.00260552540507919 0.999989334776141
44 1785155852.835961 1.648715600710689 0.0074914706022028345 -0.04696303151314621 0.0015164071121689382 0.0031351356028901656 0.002189256339564488 0.9999915392596588
45 1785155852.879752 1.6683978879784362 0.00781945491556732 -0.047828891141802325 0.0011494912323254391 0.0016680997317012614 0.0011572733428445725 0.9999972784120975
46 1785155852.903886 1.680165506676219 0.008022891607158253 -0.048755053560635364 0.0015157935398739664 0.0020417544042614366 0.0016232500033703523 0.9999954493238075
47 1785155852.935782 1.6930520912790998 0.00802168564804941 -0.04909563304151207 0.001865343281336862 0.0021974579154435125 0.0031567892162284727 0.9999908631357572
48 1785155852.963879 1.7019569928325673 0.0076963502852223295 -0.04928079879163521 0.0015975885942650647 0.0016331721280612443 0.003293243118084377 0.9999919674723637
49 1785155853.003791 1.7157149815898203 0.008289249645899891 -0.049551823992611155 0.0007998017139847491 0.00012958947647556673 0.001653217865405232 0.9999983051958015
50 1785155853.027847 1.7224981634450476 0.00870410758471865 -0.04975161105393553 0.000897619466746713 0.00016010675550859332 0.0023614407126113512 0.9999967961163079
51 1785155853.07178 1.733741532537052 0.008177498166450886 -0.05041342236349258 0.0009871809931982778 -0.00030767006621390536 0.0015215885071899748 0.9999983077891841
52 1785155853.095797 1.7400014414642409 0.007823575535422497 -0.05059508074105626 0.0007455304794738993 -0.00032203557073698375 0.00040122452286814325 0.9999995897480547
53 1785155853.12777 1.7483916868780887 0.00793698784980627 -0.05050062356628216 0.0008634934201035005 -0.00024367580813211553 0.0004887076830689674 0.9999994780828712
54 1785155853.151773 1.7539453483570118 0.007961593325612195 -0.05098639438189986 0.0008891941961961525 -0.0002546183419107617 0.00039451346950081234 0.9999994944310242
55 1785155853.187797 1.7607706723319643 0.00779579131488955 -0.0511897236594872 0.0006955740046694636 -0.000571765058267254 -0.0004131436298656366 0.9999995092868113
56 1785155853.211814 1.765213026683906 0.00782004648605766 -0.050964718569407916 0.0005247972075744789 -0.0008334688720649797 -0.0009293641935348984 0.9999990830994429
57 1785155853.243793 1.7710988546161914 0.008115893363327386 -0.051073414195917516 0.00042576726775839235 -0.0011201219802291495 -0.0008150039589536195 0.9999989499082138
58 1785155853.267792 1.775822411098908 0.007908878782701433 -0.051068882314019126 0.000543800683626916 -0.0008329241376351937 -0.0003565615264505273 0.999999441690882
59 1785155853.303811 1.7813957785630439 0.008101767617237778 -0.05151821414547676 0.0005404665858702584 -0.0008420304964385783 -0.0006368165737216935 0.9999992966723347
60 1785155853.327839 1.7852780761741638 0.00782458823450417 -0.051422900635516425 0.0005904425521991996 -0.0007112355662213798 -0.0012103948044898671 0.9999988402323172
61 1785155853.359794 1.789930467124954 0.008324075972381096 -0.05198513805365555 0.0005759683098952584 -0.00089275695257654 -0.001583171274044587 0.9999981824054714
62 1785155853.384009 1.794061135149371 0.008140189420076976 -0.05179271233421125 0.0004982759980097784 -0.0011093788512694658 -0.0017693981404479364 0.9999976951122512
63 1785155853.419827 1.7987700407968066 0.007547792190781208 -0.052182184985500916 0.0005639847826452438 -0.000707225592941868 -0.002674748402845012 0.9999960137291084
64 1785155853.443837 1.8019634729238043 0.0073132889320786446 -0.0519884595455905 0.0006838498245371194 -0.0007662824823426728 -0.0030965201581886204 0.9999946783475824
65 1785155853.47581 1.8066532383010754 0.0077498594006765766 -0.05203780267138802 0.0005764532657752675 -0.0006381137015110394 -0.003227587791545944 0.9999944215792327
66 1785155853.507786 1.8113338772480447 0.007503072866539883 -0.05233906928375491 0.0005728166787685174 -0.0011677708819571864 -0.002482429475651471 0.999996072860348
67 1785155853.535841 1.81443021497118 0.007669959258607688 -0.05274906656011588 0.0007082898801130666 -0.0008995155707494928 -0.0020848909863873943 0.9999971712093784
68 1785155853.567843 1.8197332649907103 0.007674096866587214 -0.05253124587810822 0.000756396459434594 -0.001005824640217562 -0.0013995613930991302 0.9999982287029794
69 1785155853.591833 1.8236631305474824 0.007215945806055569 -0.05357065679885464 0.0009168292923342758 -0.0010287849905335211 -0.0013200506277830926 0.9999981792442585
70 1785155853.6238 1.829287224713129 0.007268319427294554 -0.05359523301728609 0.0010109753531847288 -0.0006011517285504919 -0.002003383652025209 0.9999973014960476
71 1785155853.65186 1.8327418863242122 0.007213338475022908 -0.053513968430643565 0.0013180955494727087 -0.00011392156906486761 -0.0022877943531882106 0.9999965078154005
72 1785155853.683875 1.8377085690340795 0.007109384638731832 -0.05359728945719585 0.0015801492411703366 0.0002444176639510576 -0.00208074627598398 0.9999965569357309
73 1785155853.715848 1.8424440130043118 0.007311952679328907 -0.0536673868168513 0.0014765891651570273 -0.00024082812443476653 -0.0014832338444040194 0.9999977808493451
74 1785155853.747894 1.8474953778018979 0.00744183081897269 -0.05373219504689493 0.0014139834560218945 -0.0008372345016729454 -0.0016210327029603233 0.9999973359675272
75 1785155853.77589 1.850701470962797 0.007118981167507737 -0.053541718760261404 0.001664069488988562 0.0002461006019406353 -0.0020070158323101106 0.9999965710914606
76 1785155853.80804 1.855289559662963 0.006987927756280309 -0.053631623395127476 0.0020404584840632567 0.0007731585279758535 -0.0027430538136440086 0.9999938571865534
77 1785155853.839997 1.860194403445669 0.007273465056245704 -0.0540215823427981 0.0019546052974399597 0.0004965314881104355 -0.0030924542656826925 0.9999931848273904
78 1785155853.875942 1.8647139931767063 0.007185629326238825 -0.05408512059333287 0.00193910396852226 0.00031742180028609956 -0.002945272128570098 0.9999937322260021
79 1785155853.908045 1.8688774328879456 0.006519941138429606 -0.054084091386431 0.002066837624907669 0.0005447536424815769 -0.003340372554935578 0.9999921366375316
80 1785155853.940019 1.8734292509363066 0.0067160098215272475 -0.05401384790958806 0.002309456069759741 0.0010790768142243112 -0.003757286034670515 0.9999896923506485
81 1785155853.979999 1.8792288631625482 0.006461166321705429 -0.05452373204795618 0.002258195744852476 0.0006674607707457814 -0.0035898609710300067 0.9999907839306852
82 1785155854.008244 1.8831689728121013 0.006704927957065166 -0.05461736984302588 0.002286876804742488 0.0005802322835025964 -0.0030598638932374522 0.9999925353511055
83 1785155854.039887 1.887736640054177 0.006529046761713659 -0.05471329070961036 0.0026132632383020216 0.0013025462020208045 -0.0032076498999427105 0.9999905925611292
84 1785155854.07186 1.8927482885737328 0.006484730285766417 -0.054995029603250985 0.0027727086358795283 0.0012492856230719995 -0.0033319125252191106 0.9999898248138213
85 1785155854.099961 1.8964516756278007 0.006910196065757981 -0.054828027540437 0.002720583423007794 0.0010038838301887343 -0.0029237137013541914 0.9999915212346986
86 1785155854.131919 1.901429105622253 0.006377958399838407 -0.05511745039330917 0.0030481581598556517 0.0015066820089425503 -0.0020687028420460774 0.9999920795234871
87 1785155854.163886 1.9060360475228242 0.0064891668975858 -0.05559507373041115 0.003057074106730895 0.0007137047179930911 -0.0018857862916208945 0.9999932943442891
88 1785155854.195856 1.9103694313584887 0.0066076592144943885 -0.05577625023269541 0.0029244984958375353 0.001190594206429585 -0.0019482635303021967 0.9999931170079123
89 1785155854.223921 1.9132704190975738 0.006648029005707812 -0.055768885235635085 0.002922243957335924 0.0009344036935310385 -0.0015127170296526105 0.9999941495164757
90 1785155854.255922 1.9178956575847828 0.006702481894077332 -0.055984859343560865 0.0028325096329711585 5.1895881989560966e-05 -0.0011959125992788144 0.9999952719833489
91 1785155854.280065 1.9211519382901732 0.006816938490169043 -0.05586672278846936 0.002669417113170258 7.329437908396019e-05 -0.001046903466159127 0.9999958864082104
92 1785155854.311878 1.925968839657542 0.006751444856006147 -0.056046002588411276 0.002879855965499445 0.0009537267816181472 -0.0010808454266478251 0.9999948142905579
93 1785155854.339959 1.9293287852221788 0.006589152261399085 -0.05619330307353502 0.002862801032546436 0.0007025448469965834 -0.0015329543681333047 0.9999944804107126
94 1785155854.371944 1.9335923120756977 0.00670978665718283 -0.05642770554092468 0.002670809911773264 0.0002919490736232877 -0.0018259084299262485 0.9999947237853603
95 1785155854.403912 1.9378144905101304 0.006835872348131282 -0.05624610220507928 0.002506137931532759 -3.8324584670457185e-05 -0.0012476583150093923 0.9999960805686308
96 1785155854.435926 1.9419778987871383 0.006885605255685999 -0.05661971166479279 0.0024432860891654418 -0.00036172640560697134 -0.0008663417698811238 0.9999965744736488
97 1785155854.463955 1.9456131900451978 0.006935184575080456 -0.056591330101585145 0.002540988698653046 -0.00017974021293035158 -0.0007999352776386914 0.999996435580368
98 1785155854.495924 1.950352603482958 0.0071070609904397095 -0.056846951340017035 0.0026451715559762112 -0.00013770819151931457 -0.00046652941927954883 0.9999963832205566
99 1785155854.527918 1.9542500209864986 0.0070694215644162926 -0.05697068857937176 0.002572036854658677 -0.0002758878998740666 -0.00047569171940128885 0.9999965411088545
100 1785155854.556001 1.9572790743600665 0.006895346714682123 -0.056946986908735106 0.0025563201658136414 -0.00040573827332104906 -0.0008153059408945451 0.9999963179331643
101 1785155854.587957 1.9612277263554372 0.006587126696099588 -0.056917550528146274 0.002547413600637427 -0.0005902140228979391 -0.0008022727023732079 0.9999962593379366
102 1785155854.61216 1.963968580052533 0.006699818642901549 -0.05713087396525392 0.0024099222268820775 -0.00086978441969357 -0.0006200574411462656 0.999996525633311
103 1785155854.643938 1.965981026385222 0.006720055183591786 -0.05725927790742 0.0028240712493712294 0.0007557607754575535 0.0011796599745005076 0.9999950309124408
104 1785155854.679969 1.9651929550455722 0.006887815429834825 -0.05736202293412418 0.002459929220226087 -0.0011946136855776335 0.001243810028108444 0.9999954872813115
105 1785155854.704047 1.9646731059651563 0.007351167174158075 -0.05716680056535983 0.0018501623541748446 -0.0025385240478994486 0.0016907467964161205 0.9999936370648526
106 1785155854.735956 1.9644621877131117 0.007410686467978021 -0.05715862361864565 0.001713377247533343 -0.0028178446594160633 0.0015375570006706252 0.9999933799822642
107 1785155854.767925 1.9646506354047688 0.0071435232775834126 -0.057058193661732065 0.0020077085879670054 -0.0018471297995869551 0.0015721629385783698 0.9999950427484248
108 1785155854.795995 1.9649743839514868 0.0071603472182811025 -0.057203816677109234 0.001981699689573402 -0.0012441190476271125 0.001665490630658295 0.9999958755790421
109 1785155854.827992 1.9650216755063172 0.007088327496249651 -0.0571262019914463 0.001953982446597391 -0.0014069651937712868 0.001623021584025247 0.9999957840923529
110 1785155854.859959 1.96523325573389 0.007141791439143021 -0.057125219362766586 0.001964229256162464 -0.0012417089098447631 0.0016349428546641454 0.9999959634539904
111 1785155854.884246 1.9652050008219029 0.00704229104300129 -0.05728944809061665 0.0020532475112986504 -0.0011879218694668126 0.0016191179386741972 0.9999958757281904
112 1785155854.920003 1.96518800218884 0.007026911586286588 -0.05725182957317005 0.002069093585456927 -0.0011849063675975768 0.0016349865639419259 0.9999958208250525
113 1785155854.95197 1.9652621025061425 0.007053544360161337 -0.05732380912134565 0.002181715641941473 -0.0009496996736659269 0.001681608478014851 0.999995755181148
114 1785155854.976212 1.9650814727190755 0.006949788935125482 -0.05721467344771359 0.0022630908808031758 -0.0008612291036597663 0.0016438657502180765 0.9999957171955745
115 1785155855.007994 1.9652158063299365 0.007047287557310794 -0.05723745477191756 0.0021829009778927544 -0.0009854480808888233 0.0017232945425735002 0.999995647036186
116 1785155855.036248 1.9652332763930662 0.007085553050983853 -0.057149186349251604 0.002213947660828719 -0.0009557652075534995 0.0016931652848355128 0.999995659060549
117 1785155855.067993 1.9652883189526942 0.007002804255806088 -0.05721606755590483 0.002288224952919804 -0.0009145297292248722 0.0016889086456656488 0.9999955376148065
118 1785155855.099976 1.9653794896442898 0.007023751683510365 -0.05723196803049728 0.002213497015739807 -0.0010262402331433218 0.0017293454561458088 0.9999955283031213
119 1785155855.128011 1.9655167548122272 0.007164448946046922 -0.05730238557827992 0.0022437111811561827 -0.0009520955480144533 0.0017322676461573594 0.9999955292515088
120 1785155855.160025 1.9652269938356761 0.006929568555437502 -0.057190609093587724 0.0022999038663901183 -0.0009561327636854744 0.0017581758172011408 0.9999953525242703
121 1785155855.192065 1.965434618141728 0.0069437627625469995 -0.05727374515924215 0.0022037144453460056 -0.001007136531103292 0.0017634596012622294 0.9999955097543618
122 1785155855.223977 1.9652630598556393 0.0070493649596874595 -0.057141730960379784 0.0022793232217634407 -0.0008897600795763072 0.0017438600337181809 0.9999954859722291
123 1785155855.252033 1.965109737916683 0.007059510440279854 -0.05704704161434437 0.002238360787270799 -0.0009927969019068172 0.0017535820893254395 0.9999954645122914
124 1785155855.284038 1.9653393014650167 0.007194362250042634 -0.05725398698599524 0.0022477599608693444 -0.0009819185369104033 0.0017432148786006019 0.9999954722962662
125 1785155855.316022 1.9645176737554684 0.007223921763815238 -0.05720046026175325 0.0027231492295872184 0.0006625795140858259 0.001116565103780609 0.999995449354161
126 1785155855.348029 1.9618133752199387 0.006634399635545761 -0.05711293014092463 0.002364334610204799 -0.00027839451849134833 -0.0016179354735618434 0.9999958573429925
127 1785155855.376054 1.9588138146379857 0.006594776078611838 -0.057019933810585344 0.0016474329330947723 -0.0010983781692568972 -0.00354593417142679 0.9999917529064829
128 1785155855.408056 1.9542464258047534 0.0067949177637561635 -0.05679527075634949 0.0015281488421077793 -0.0009478777420715845 -0.0042092624968564085 0.9999895241441958
129 1785155855.44002 1.9486227659392263 0.006687810749980793 -0.0562730979575001 0.001932746006129471 -0.0003098409126168489 -0.002598143754589083 0.9999947090562605
130 1785155855.476052 1.9425647309890177 0.006962539323168428 -0.05631549241025215 0.0022114427621452437 0.0002708546504069098 -0.0013154921382233231 0.9999966528139493
131 1785155855.500064 1.9376122654719365 0.007248970186635669 -0.056410453977631385 0.0017932106580287321 -0.0007235409904177981 -0.0009810894393673386 0.9999976491709783
132 1785155855.532036 1.9302641260762374 0.007693939846158574 -0.05589294244983263 0.0018664554470382289 -0.00017376518292705478 -0.00027923026765014347 0.999998204088479
133 1785155855.564001 1.9235913002338207 0.007058463874774357 -0.05598370643051966 0.0022906399939507383 -0.0007763773755393166 5.9256770827575966e-05 0.9999970733433295
134 1785155855.592069 1.9184011384295727 0.007066370795058605 -0.05595066124788386 0.0023426142325192467 0.00019533302821475584 0.0009229455966323352 0.9999968110824112
135 1785155855.62407 1.9117782131419077 0.00734037167461016 -0.055804260098856175 0.002479970699319267 0.0003633985604265255 0.0019245764864120607 0.9999950068336165
136 1785155855.648209 1.90611722509036 0.007265031178659398 -0.055283277841429286 0.002658912267348712 0.0003895430343728301 0.0020962588938686078 0.9999941920533483
137 1785155855.680027 1.8997340521403956 0.0072655111360424764 -0.05552620654425644 0.0027003467362919364 0.0009782468946951117 0.0024199694860491117 0.9999929474292323
138 1785155855.708311 1.8941472589188888 0.007121507298480588 -0.055157879415580306 0.0028203973044839126 0.0010476408340682475 0.0024435282066522512 0.9999924884606041
139 1785155855.74014 1.8868449026746448 0.007100828765113537 -0.0547838984438312 0.0026514732374726124 0.0007368119425111841 0.002405592312889948 0.9999933199394168
140 1785155855.772062 1.8804942588771965 0.007257525713436594 -0.054887159180374824 0.0024068376386349732 -5.5010668396915374e-05 0.00259713124622013 0.9999937294881891
141 1785155855.804068 1.8745055478497707 0.007368848991829788 -0.054675102985665226 0.0023667997185732315 3.959175976647744e-06 0.0036850635944864762 0.9999904092288694
142 1785155855.832102 1.8702710356984467 0.007508495415863837 -0.05451627728537692 0.002443809715036882 -0.0002271744741070003 0.0044888030407131685 0.9999869133309179
143 1785155855.864097 1.8652149380958527 0.0073138758734972095 -0.05438868456921077 0.002446202138576936 3.390750333392978e-05 0.0054017605437862715 0.9999824178096364
144 1785155855.89606 1.860736531245437 0.0074099974056559235 -0.054337641491404035 0.0025029557664069113 0.000330071704832402 0.005669686440013644 0.9999807402749179
145 1785155855.920387 1.857673946777679 0.007139486964763476 -0.05417953055213193 0.002543562696099788 0.0005112786632176514 0.005531681191062787 0.9999813345188698
146 1785155855.956102 1.8540898314402967 0.007212690747070477 -0.05409317898862636 0.002615754341809662 0.0007110197040497424 0.00543358743397393 0.999981564033958
147 1785155855.980251 1.8511931700859345 0.00714968126714003 -0.054084985192390266 0.002622842404969905 0.0007988997608963655 0.005450673556445462 0.999981386134098
148 1785155856.01209 1.847593143534616 0.007379638074028949 -0.05392085679584983 0.002490658720860406 0.0006319844576720968 0.005067297510909008 0.9999838597251045
149 1785155856.048112 1.844286763249723 0.007227641506332819 -0.05389314978797603 0.0024116159702396445 0.0007065467551469751 0.004645647517986018 0.999986051332334
150 1785155856.072126 1.8419796680527376 0.007216286367918967 -0.05401627205730616 0.002378572200613438 0.0005009555326437876 0.0043760559001980726 0.9999874707078079
151 1785155856.104105 1.8386574746524664 0.007060626970438183 -0.053549911248547175 0.00223874392993495 0.00029917002488621947 0.004931789477154058 0.9999852878795095
152 1785155856.136069 1.8359354129372447 0.007254395557306118 -0.0538524957598435 0.002228232688258336 0.00012932662573200693 0.005347841282303145 0.999983209282701
153 1785155856.164129 1.8346778648968738 0.007204361107195986 -0.05348335456338532 0.0020745589216583094 -0.002475837551987853 0.0053207364300130455 0.9999806279111306
154 1785155856.196132 1.8349657032693558 0.007421633203383293 -0.05335638956294117 0.0012414015871065054 -0.0033155694558373305 0.004192957194130431 0.99998494240226
155 1785155856.228117 1.834998307078092 0.007217882583271577 -0.05351083026469907 0.002297540617911209 0.0010557236391145752 0.004956665537152322 0.999984518990899
156 1785155856.252334 1.8357675261695696 0.0068319806522645615 -0.053456586756794024 0.00275279361729841 0.0008920752078422911 0.004367799358931945 0.9999862742347438
157 1785155856.288171 1.835854277316852 0.0068807172165960195 -0.05375287841492275 0.0020949755169587525 0.000172846978644281 0.0037159684887280164 0.9999908863483187
158 1785155856.312482 1.8361120408008396 0.007241800639060474 -0.05339937024252198 0.0020462347092347066 0.0001425203567312905 0.0038861970882557717 0.9999903449952174
159 1785155856.344338 1.835687561491344 0.0069295940335193955 -0.05342787917424841 0.002370295861932936 0.0006196440013707116 0.0038306366666516767 0.9999896619273454
160 1785155856.376363 1.8357881335892197 0.006937431512116747 -0.053672526967936174 0.0022745874632235097 0.00041532064158555926 0.003911835415549181 0.9999896755988626
161 1785155856.412158 1.8358925877988133 0.006961940538387389 -0.053834359201552925 0.002304205850615748 0.0003915157232003974 0.003828997083495711 0.9999899380154638
162 1785155856.436482 1.835810353814315 0.006992310551152745 -0.05370323778221551 0.0022643674595150265 0.00034446109292338156 0.003901377478194884 0.9999897665678066
163 1785155856.468139 1.8363076814905492 0.007030309669818265 -0.0534664952973407 0.0020761478860795157 -0.0005365759469609932 0.00528893036505651 0.9999837143232893
164 1785155856.504165 1.8373126035727765 0.008316439568615074 -0.053665767292759604 0.0021668257903734722 0.00024382488864560514 0.012746838920598136 0.9999163782601774
165 1785155856.528178 1.838276899041565 0.01046060077285857 -0.05342819566628616 0.0026996151566694992 0.0010217750229892242 0.022771941389047756 0.9997365186583823
166 1785155856.560147 1.839109993433505 0.011870136876196397 -0.05388257280082271 0.0026418430683418648 -0.0011403794423506808 0.04144020379957114 0.9991368423339115
167 1785155856.592114 1.8405094396217634 0.014371425523916403 -0.05410136435727214 0.002722539873703911 -0.0017548674022463684 0.0678947048980045 0.9976872341890768
168 1785155856.620185 1.8407019744839412 0.01641517362465894 -0.05364195776267688 0.003383488527861356 -0.0010998118599439277 0.0932148800808282 0.9956396579841382
169 1785155856.652178 1.8445550739878738 0.018020248968405483 -0.05441804788560501 0.004273179404834959 -0.0024098398858923564 0.13250336234441043 0.9911704150028513
170 1785155856.684163 1.8453628956439179 0.017618300044788926 -0.05366100018012274 0.005520283482993105 -0.0027986171202947496 0.17677132991927377 0.9842324883537694
171 1785155856.708245 1.8473793083119645 0.019565563716042567 -0.05382238799099745 0.0065247903788157036 -0.0028471579588185414 0.21214861433042945 0.9772114849098679
172 1785155856.74418 1.8446125771473643 0.019835972653422407 -0.052814957875242374 0.008084936106748986 -0.002399681051731384 0.26037394345306786 0.9654710171256818
173 1785155856.768397 1.8424504145372884 0.020924335628986435 -0.05212629721741094 0.009380695512939852 -0.002553904785354749 0.29637244434811716 0.9550229601183227
174 1785155856.80018 1.8356467629481394 0.021817036598949957 -0.049291602746391015 0.010178220519393932 -0.00267789163990681 0.3440970460003606 0.9388751012020975
175 1785155856.832168 1.8446505925748506 0.025197548941050973 -0.05160936091832097 0.011857382561625607 -0.003291476302155427 0.3906342586750121 0.9204637117301058
176 1785155856.860204 1.844468850769158 0.026863634555755134 -0.05175812582776177 0.012623779420230186 -0.002830064614606914 0.425497269324401 0.9048672304404137
177 1785155856.8922 1.8447174847678631 0.030504444837419875 -0.051481190844434914 0.0136282721497889 -0.0026084911893022866 0.47030365767027027 0.8823955663725266
178 1785155856.916348 1.851690290105125 0.034809230037999295 -0.0520200180005886 0.01452682076906231 -0.0025639875810714585 0.5039196597845093 0.8636245561172355
179 1785155856.948192 1.8553514666875508 0.030259625311532923 -0.055776634593535115 0.016390726860682325 -0.002363729983575591 0.5472838393423928 0.8367832192678061
180 1785155856.976233 1.855359089305829 0.04426374078262574 -0.0535153625109456 0.017198988475478294 -0.0023137211577796135 0.5762570171539205 0.8170842622830834
181 1785155857.008227 1.8551876391293631 0.03683129122924689 -0.05607451706643827 0.018324019841796546 -0.002441848592270812 0.6098039341202542 0.792336689547916
182 1785155857.040199 1.8539755699855287 0.03638741950247182 -0.0572807006274511 0.020072995066264587 -0.003120415110207997 0.6342459771108264 0.7728643984537926
183 1785155857.064187 1.8530417096975484 0.04051860884612268 -0.05610314556708852 0.020422738569302434 -0.003539720269217006 0.6467972084753343 0.7623803206000669
184 1785155857.09245 1.8528882809879292 0.03980359778793158 -0.05735106240418757 0.020572215639412916 -0.0034172938918627382 0.6551204068959221 0.7552366241878524
185 1785155857.124222 1.8520330206427873 0.04307630596346673 -0.058642148690504305 0.02058937907807834 -0.0032950190572779148 0.6609765102391416 0.7501168397194382
186 1785155857.156212 1.851867131116639 0.04473654754883516 -0.05870774240954048 0.020582878066072507 -0.0030969425817738427 0.6658013143122845 0.7458386983371117
187 1785155857.192246 1.850847125874455 0.047494345357944584 -0.059872121999027084 0.021368510121101303 -0.0037141522151710182 0.6714286823011868 0.7407517238804233
188 1785155857.216249 1.8495055796547502 0.04462380701721766 -0.05928581057131596 0.020972192840479464 -0.0032089766823965027 0.6776294887014293 0.7350973715354675
189 1785155857.248216 1.8486826737797977 0.050218977713066965 -0.059937090430012344 0.02155862990824642 -0.0035520353425221307 0.6846510404843248 0.728543451885429
190 1785155857.280188 1.8456120791191346 0.0439059320970514 -0.0597811588309781 0.02216800702472621 -0.004240201894760043 0.6913187289625747 0.7221973519322911
191 1785155857.308253 1.8462899959306065 0.04157434568896279 -0.05926776905825458 0.022140386790278632 -0.003790363018331022 0.696876886764448 0.7168389227116904
192 1785155857.340253 1.8456875827400483 0.04047881118665232 -0.05886262136647926 0.021797362846956103 -0.003405338291663673 0.7021864441884582 0.711651232165031
193 1785155857.372228 1.844565746600429 0.039269488866398056 -0.058416540967620764 0.021154347564088072 -0.0028270397826868354 0.704390363356826 0.7094918727055608
194 1785155857.396361 1.844599733682618 0.035658019564060756 -0.05836707083665177 0.021205167566711647 -0.0030399251548463013 0.7057011971979763 0.7081856536225962
195 1785155857.432259 1.845803458697898 0.031042615017304636 -0.058396385172797424 0.021149314519595563 -0.002826741079794415 0.7075704051532322 0.7063206338353071
196 1785155857.456553 1.8452440286387037 0.025423693708470384 -0.059219966348128004 0.021304442288654357 -0.002998038024489169 0.7087091186142329 0.7051726864391519
197 1785155857.488259 1.845111044974077 0.01942647464999317 -0.05968779779926704 0.021397899534013165 -0.002982669582556552 0.7099526119996387 0.7039179798048807
198 1785155857.520224 1.8446350432010084 0.013245832762904213 -0.05953823194609805 0.021997686429674035 -0.003117825036196953 0.711195137039742 0.7026434785933817
199 1785155857.548283 1.846383578946824 0.0015903366916804051 -0.060105971273587584 0.021947724212578956 -0.002858365792336004 0.7118548325855649 0.7019777948564065
200 1785155857.580249 1.8467671634049136 -0.005012127604310475 -0.059725722181176555 0.021752379016552248 -0.0027124592990680485 0.711694666728888 0.7021468350148196
201 1785155857.604468 1.8460985341319762 -0.012451358278841175 -0.06039649805622543 0.02163676818958482 -0.00256092257131435 0.7110084405320483 0.7028458504039694
202 1785155857.636245 1.8457900140778054 -0.024872333771988733 -0.06103184401417215 0.021505250710368573 -0.0024406637416620747 0.7095305126282307 0.7043422598438238
203 1785155857.664584 1.8482235939381073 -0.03437432548216926 -0.06109292837185319 0.02103186518910949 -0.0021922539973120436 0.7081635132283015 0.7057317430874339
204 1785155857.696265 1.849476900503023 -0.048030810690605844 -0.062074917874648396 0.02061606057465648 -0.0019765634824466805 0.7059803950546224 0.7079284942998844
205 1785155857.728259 1.8488568795054523 -0.06534746745226921 -0.06124941140815843 0.020530840065398737 -0.0017556217305304544 0.7031555446107707 0.7107374216134105
206 1785155857.756322 1.8501165903261532 -0.07940321289923237 -0.06132171788621354 0.02024155392308724 -0.001563634272646941 0.7009647220668015 0.7129069314857669
207 1785155857.788305 1.8502783282871156 -0.09491517809280203 -0.062131579870681616 0.020664328488304462 -0.0022656578234233615 0.698449831923231 0.7153570329626774
208 1785155857.820284 1.8490132085200204 -0.11321513415383959 -0.06179554905404387 0.020709787759112586 -0.0028250788382887526 0.6971628799085287 0.7166080117457357
209 1785155857.844525 1.848129191972995 -0.12624824064500423 -0.062026056718855756 0.020631457789498153 -0.0030832365339925616 0.69657793679386 0.7171778123826511
210 1785155857.880319 1.84857986806108 -0.1445930848706308 -0.06175590838167336 0.02055035414138795 -0.002855388309827789 0.6961007524105854 0.7176442518376919
211 1785155857.904334 1.848491592994594 -0.15771196795792486 -0.06186682536204058 0.02073008868041737 -0.0029576344211021954 0.6954640871271405 0.7182556782499854
212 1785155857.936299 1.8482165609906238 -0.1747418160211599 -0.06280297972546064 0.02073618066821059 -0.0024781583877128144 0.6951641843609838 0.718547581113477
213 1785155857.968265 1.8478837797291747 -0.1913040911060839 -0.0628099804019348 0.020749998799782787 -0.0022851590715677883 0.6952684189908029 0.7184469647453848
214 1785155857.996338 1.8475967723010227 -0.2013958693048141 -0.06335062107281589 0.02085269576703419 -0.0022985591571685893 0.6954854927764219 0.7182338136307606
215 1785155858.028325 1.8473777027758636 -0.2153135652882088 -0.06344351616866026 0.021129670781877552 -0.0025628421532741807 0.6957711394580846 0.7179481111821004
216 1785155858.052311 1.8469875570206913 -0.22665808663875353 -0.06351574813986524 0.02151885329170733 -0.003062202434510719 0.6962510396553169 0.7174691990936964
217 1785155858.084286 1.8469368029828137 -0.23857537983235427 -0.06342288033201696 0.022313995325710323 -0.0037380714156551864 0.6974134540640509 0.7163117942105559
218 1785155858.112635 1.846633449393138 -0.2491186643775892 -0.06286079546166559 0.02170298442856733 -0.003138324562672934 0.69804672542343 0.7157163547883051
219 1785155858.144357 1.8464758075296543 -0.2600652578877342 -0.06267577295073419 0.021325390286082047 -0.002578894947039889 0.6980099735714548 0.7157657814011334
220 1785155858.176344 1.846470504014803 -0.26618635139478003 -0.06332405812602993 0.021587084636511156 -0.0029239587017799717 0.6985557938045899 0.7152239168151788
221 1785155858.208324 1.8464576927383025 -0.27243203557063167 -0.06354866345609896 0.020549251117047085 -0.001526829666143703 0.6992877901662437 0.71454319924978
222 1785155858.236351 1.8463200446538128 -0.27645964222913844 -0.06356609509886935 0.019685843517437074 -0.0006622723531576336 0.6992995564858376 0.7145573169865719
223 1785155858.268319 1.8461897420945164 -0.2805018015416252 -0.0636407219178115 0.019323247893013318 -0.000522261126494894 0.6987152768707472 0.715138658724038
224 1785155858.29255 1.8460759371840516 -0.2844573221610358 -0.06342614710986505 0.018989140363773305 -0.00017791557792901092 0.6987295773045322 0.7151338047485393
225 1785155858.328363 1.8461746214784527 -0.28788361313158506 -0.06377722837411355 0.019184789342999276 -0.00032557237910246783 0.6992417702608851 0.7146277244712205
226 1785155858.352515 1.8460876245951354 -0.2913698246874474 -0.06358554008174551 0.018889526052881855 -1.778683439068729e-05 0.6993681305520028 0.714512003718148
227 1785155858.384342 1.8459743022953108 -0.2957857104082007 -0.063623530702731 0.01894033373979298 -0.00012125037968124808 0.6993539062644785 0.7145245712001692
228 1785155858.416317 1.8460277149306685 -0.29994706542468963 -0.06381969461335331 0.01878664610703973 9.399604459681132e-05 0.6989335069244714 0.7149398618003143
229 1785155858.444397 1.8458878999761128 -0.30375021811293457 -0.06380190599765437 0.018808694435019313 0.0001276079371564931 0.6987587730104851 0.7151100571735415
230 1785155858.476386 1.8455291702340937 -0.30665939138148174 -0.06330689070713101 0.02046717362963757 -0.0014696505626902168 0.7033279893984398 0.7105692607055178
231 1785155858.508342 1.8456737731249835 -0.30777759323582454 -0.06325404802690325 0.020738964352528977 -0.0021563254014659305 0.7036107529014727 0.7102796308636271
232 1785155858.532531 1.845219510885508 -0.3062200456489494 -0.06352183153125579 0.020216550048839377 -0.0014902266561930277 0.7045718785455465 0.7093430328772079
233 1785155858.568401 1.8457248569882694 -0.3055177159481389 -0.06374429765645831 0.018659375582674942 0.000599042165083441 0.7041746745588844 0.7097813019242185
234 1785155858.592678 1.8458743688635866 -0.30521097233728456 -0.0637283787689777 0.018955430617442426 0.00030516131978464145 0.7041785083483612 0.709769840798377
235 1785155858.624385 1.8458289704814559 -0.30591637150066314 -0.06373144824640611 0.019678991529096246 6.362159847839166e-07 0.7041766451942673 0.7097520620998152
236 1785155858.656411 1.845883903404589 -0.3055664022240716 -0.06379080312974297 0.01938528559770325 9.240137150579031e-05 0.7040350594265374 0.7099005826610894
237 1785155858.684415 1.845665731543609 -0.30569041352562737 -0.06370832224105147 0.019212798444989132 2.8520779315921452e-05 0.7041387882512983 0.7098023911219734
238 1785155858.716409 1.84578021824917 -0.3056576025408462 -0.06379768294879692 0.01927511781661695 4.68487441006582e-05 0.7040839473116501 0.7098550998453109
239 1785155858.748377 1.845731932221664 -0.30551534017493936 -0.0635811159047011 0.01911512065112908 6.33301482457771e-05 0.7040516621366943 0.7098914460636523
240 1785155858.772536 1.8458218390514725 -0.3053655956147158 -0.06384946723364972 0.01916481027854311 3.045170760396232e-05 0.7041132301300677 0.709829041583594
241 1785155858.808405 1.8457199829580395 -0.3055196444202835 -0.06365280704303564 0.019049255471301207 5.94685131025674e-05 0.7040947392923167 0.7098504916039502
242 1785155858.832772 1.845768066571166 -0.3053527113331047 -0.06378189392943069 0.01913112876144052 7.984423440110522e-05 0.7041405454902171 0.7098028499054868
243 1785155858.8644 1.8458415889705149 -0.3051672468922437 -0.06398471476451595 0.019097047531415612 7.512677659726741e-05 0.7041176663523758 0.7098264640473999
244 1785155858.900423 1.8456608481419328 -0.30567499800492515 -0.0637166215284798 0.019138858887113197 7.961713034743134e-06 0.7041359602553209 0.7098071945904939
245 1785155858.924429 1.8456852991407793 -0.30554034967006655 -0.06376589735361557 0.01913356081574913 1.5865974642426117e-05 0.7041200284047168 0.7098231414923873
246 1785155858.956397 1.8459391584864087 -0.3051779011828507 -0.06381246573737993 0.0191586908921918 2.6649042464188533e-05 0.7041189851615218 0.7098234981939063
247 1785155858.988372 1.8457889067666324 -0.30507888718612014 -0.06387453731589375 0.0191173010009541 2.8796736910585707e-06 0.7041126297366889 0.7098309189091659
248 1785155859.016442 1.8456909437274271 -0.305546549587027 -0.06368226461659213 0.019173147031093518 3.9988637469678956e-05 0.7040890528996769 0.7098527977127856
249 1785155859.04844 1.8457516196884418 -0.3053434537862058 -0.06379756879670037 0.01915107511282188 1.7335457243805585e-05 0.704103464531116 0.7098390995548107
250 1785155859.072638 1.8457623307452011 -0.3051245838059146 -0.06376114098061783 0.019147906608236953 2.2074046246434165e-05 0.7041108575439634 0.7098318515493394
251 1785155859.104392 1.8457979517590841 -0.30506296166734836 -0.06382366998701244 0.019152887295716958 6.604595841341876e-06 0.7041105983699232 0.7098319745740997
252 1785155859.132729 1.8457467930683695 -0.30521808889438695 -0.06376777615335921 0.01915095508655551 1.1848776542700001e-05 0.7041166713450981 0.7098260025617393
253 1785155859.164462 1.845961165769765 -0.3049340113014497 -0.06394006820579978 0.01917582144412 2.2593678339344336e-05 0.7041232321369144 0.7098188228883016
254 1785155859.196424 1.8458190157540937 -0.3049216649383456 -0.06394876210497684 0.019201223327285466 -6.927807781553774e-06 0.704106981765262 0.709834256150092
255 1785155859.2284 1.8458304681076911 -0.30500511050018664 -0.06378490800730002 0.01917085305074473 3.774876061424237e-05 0.7041117869688394 0.7098303095951072
256 1785155859.256475 1.845753497806686 -0.30528384828457006 -0.06379156640996317 0.019192524668624866 1.5677848478223844e-05 0.7041685819655605 0.7097733827945797
257 1785155859.288474 1.8456787502916159 -0.3055662466075898 -0.06360476825547776 0.01922559064918561 -2.540661378458431e-05 0.7041553954281299 0.7097855698083386
258 1785155859.320445 1.8457161507781588 -0.3033284050180799 -0.06348405129550569 0.021637011361678726 -0.0026152562087303766 0.7041390381985774 0.7097275639702038
259 1785155859.344801 1.8455563366734504 -0.3009809650029098 -0.06318753350165578 0.022363217053293805 -0.0041768707287349605 0.7033080316376664 0.7105211136256923
260 1785155859.380469 1.8457679376313267 -0.29547705865055796 -0.06356757884973771 0.020627740808000228 -0.001391932890167924 0.7005115400912565 0.7133415318281722
261 1785155859.404706 1.8460665991918133 -0.29066456665118007 -0.06329780462076476 0.02015341312026564 -0.0006930022231561583 0.6981944555481666 0.7156241065876149
262 1785155859.436464 1.8464812341336467 -0.2822903182262531 -0.06323363374730075 0.021158273291373986 -0.0019246234897110082 0.6962462816274604 0.7174884937165791
263 1785155859.472492 1.8464500115630487 -0.27239208405234755 -0.06318016460570876 0.021112178009402682 -0.0020486840071366474 0.6956261133837568 0.7180907945463074
264 1785155859.496497 1.846588824707738 -0.26400713880495763 -0.06328226492470608 0.020618743704075126 -0.0013483264753760826 0.695691836675323 0.7180431169554494
265 1785155859.528466 1.8470870055230402 -0.25045743038515256 -0.0635386969663573 0.021407318581144863 -0.0019275221726701153 0.697209105538812 0.7165455146208152
266 1785155859.560431 1.8468851992566633 -0.23611249313690458 -0.0633233926832126 0.022629533347813147 -0.00406158605938034 0.6997354927699916 0.7140319655989357
267 1785155859.588499 1.8467857734361401 -0.2240065968926867 -0.06356748315078191 0.022364233721805626 -0.004142255075228696 0.7011641606525238 0.7126370061885434
268 1785155859.620495 1.846623516905266 -0.20848345131421875 -0.06334343167129251 0.02041622543597399 -0.002149743111735436 0.7024852650729807 0.7114021427426581
269 1785155859.644721 1.8466328891840014 -0.1963627527460477 -0.06320386741483201 0.020534692862721804 -0.001954473315938565 0.7035662549749114 0.7103302269252442
270 1785155859.676451 1.8464872743549194 -0.17975084344134926 -0.06316578167605164 0.02087487652554143 -0.003234167771808738 0.7048430685810892 0.7090486784150022
271 1785155859.704737 1.8461929295583162 -0.16764005471691906 -0.06282882851803284 0.021578737445272833 -0.004637196546234068 0.7049415267899102 0.7089219268054627
272 1785155859.736522 1.8463633402871327 -0.14932984123131812 -0.06300427854392937 0.022586671226694555 -0.005667158781097359 0.7047565923935412 0.7090669016898837
273 1785155859.768482 1.8461332874750502 -0.1309327933492869 -0.06252395197816428 0.022504929035146004 -0.005423004515694663 0.705059837549596 0.7087698813195178
274 1785155859.800469 1.8462363528303276 -0.11016103283555977 -0.06251582694219278 0.0229116417095242 -0.005425336870299113 0.7053759568250358 0.7084422220105061
275 1785155859.828524 1.8462624958754876 -0.09428966271040523 -0.062016277151373415 0.02359576182650347 -0.005427930196146624 0.7053501837959422 0.7084454077885207
276 1785155859.860526 1.8461804075830472 -0.0709143891730864 -0.06113957562447653 0.02388938402938623 -0.00551796007407368 0.7049726231819916 0.7088105882471137
277 1785155859.884744 1.8452589985856012 -0.05322687987610067 -0.06076629252252419 0.023689841371241416 -0.004805455801400127 0.7043847687624039 0.7094066510442945
278 1785155859.916478 1.845745477273398 -0.028700912694295394 -0.060306585988498994 0.023386048643016855 -0.0038053390964991607 0.704137419820029 0.7096683071213055
279 1785155859.94483 1.846786017941263 -0.008917760580975952 -0.06041357441158311 0.023221797602004046 -0.003781352704300356 0.7041615073835333 0.709649928490948
280 1785155859.976553 1.8447409067527383 0.017836157592245452 -0.060058413731298305 0.02366902293301798 -0.005408801507018612 0.7040172108311548 0.7097677712274455
281 1785155860.00852 1.84430757177224 0.04611698458215017 -0.0594254348065231 0.024123202871147997 -0.006751553251974629 0.7040070892144257 0.7097510168698282
282 1785155860.044548 1.8438047533006947 0.07621458061182226 -0.06018555715814221 0.02390086366825739 -0.007163670909863029 0.7040636340866782 0.7096984075589199
283 1785155860.068554 1.8432553303130097 0.09854310475624213 -0.05987893785724627 0.023380779221885972 -0.007422198454445472 0.7041003868436096 0.709676613239974
284 1785155860.100523 1.842971508609216 0.13002753063287573 -0.05912262862067268 0.023271231250672764 -0.007605938109060517 0.7043249399883812 0.709455409741812
285 1785155860.124652 1.8425614216635442 0.1531151782141657 -0.0581741307540706 0.023744373810230535 -0.007632875518082782 0.7042761660853629 0.70948786163527
286 1785155860.160556 1.8424346203914785 0.1870988577413081 -0.05829027423883219 0.024510639517755783 -0.008190453170242695 0.7042390857684128 0.7094923925620112
287 1785155860.184577 1.841623169939541 0.20952694743732972 -0.05684435528784297 0.024573438309182127 -0.00825706663433945 0.7037723924693983 0.7099523833174729
288 1785155860.216534 1.841467020826052 0.24257816704201018 -0.05493688126530322 0.024338463950234646 -0.007629623681732145 0.7033507752931352 0.7103851877042229
289 1785155860.248507 1.8413212870472866 0.28079614610774944 -0.055273714858371945 0.02415424220163742 -0.008316712382053004 0.7031117995135787 0.7106202940133332
290 1785155860.276574 1.8406813949067127 0.3064421577929729 -0.05457807327184898 0.02403895301827086 -0.009180191386386594 0.7030444849652834 0.7106801706701787
291 1785155860.308577 1.8399891299620137 0.34350143524694515 -0.054071761849769244 0.024032037858086608 -0.009819786252243223 0.7032770140713333 0.710441745981511
292 1785155860.340542 1.8395515956887922 0.3787800002360802 -0.05384244119592725 0.023107242686256968 -0.009609887198097078 0.7036680864067396 0.710087973124567
293 1785155860.364731 1.8393383968714598 0.40648766554467664 -0.05333429372570144 0.022591851990787504 -0.008917543074358658 0.7040389085737763 0.7097459410686259
294 1785155860.400574 1.839722233989698 0.4465526318272747 -0.05356910038809967 0.02290163609589002 -0.009028824423544024 0.7044181185170151 0.7093582379155182
295 1785155860.424882 1.8396645970480634 0.47522383824584474 -0.052899541676100045 0.023190290603917085 -0.009358455589399295 0.7044228740676681 0.7093398651005972
296 1785155860.45656 1.8397178401878824 0.5132289919310496 -0.051964981744261146 0.023231270065084964 -0.00976165792617878 0.7041155122164828 0.7096381920259194
297 1785155860.488566 1.8395199343853013 0.552531020438481 -0.0516512178392774 0.02289639637711438 -0.00993840569542026 0.7037702577337056 0.7099890192493185
298 1785155860.5166 1.839666331902004 0.5800039516969118 -0.05115525339516283 0.022673993125587488 -0.009966493634698148 0.7036090862649187 0.710155484922715
299 1785155860.548606 1.8399382248366072 0.6181237774184521 -0.050767468069853966 0.022549865194063212 -0.010908240045130135 0.7034034424148976 0.7103492880813771
300 1785155860.58058 1.8397642001157186 0.656552181323026 -0.05012780142659085 0.02346682946615819 -0.011379203726907483 0.7033237391104258 0.7103911173720274
301 1785155860.604647 1.8402390284778942 0.6855909206216458 -0.049702165490633 0.02405381628901826 -0.011731155519294711 0.703171714434172 0.7105162446642748
302 1785155860.640602 1.8401866037881263 0.7231094692901785 -0.049310982452105176 0.023985535431779836 -0.011478069773832034 0.7030032581393425 0.7106893604450449
303 1785155860.664937 1.8399546886066287 0.7515068466915205 -0.04914875181821176 0.022852760972233432 -0.010681316381899841 0.7030803779867549 0.7106628194061495
304 1785155860.696605 1.8399501999033727 0.7896664348248913 -0.04881773540844572 0.02092201366279911 -0.009608598884276787 0.7030362767484016 0.710781216512873
305 1785155860.732627 1.840365145437684 0.8282156774382149 -0.04889133654887125 0.019232499444242213 -0.008677300534069787 0.7033061623921096 0.7105738929638862
306 1785155860.756634 1.8398828466446184 0.8571364931543526 -0.04857461641824974 0.017875124353235683 -0.008000860222059925 0.7034212170488708 0.7105033832224509
307 1785155860.788605 1.8399454469582002 0.8947119755193644 -0.0480887854367216 0.018044459014901926 -0.008039947841907202 0.7040415119863556 0.7098840089321109
308 1785155860.820565 1.839848100274669 0.9334930816750879 -0.04768461449995019 0.018663267310696008 -0.008632477846245545 0.7044133253774878 0.7094920928454054
309 1785155860.848644 1.8397010492274588 0.9616368624908791 -0.0475024616801521 0.018966989570248782 -0.008376311818679816 0.7043474853074101 0.7095524720893347
310 1785155860.880633 1.8397662567355517 0.9999158732996125 -0.04732131878369475 0.018778753206953214 -0.00794492379335221 0.7038988654602376 0.7100074815223432
311 1785155860.904832 1.8398153424986003 1.0285702165452775 -0.04718927068278727 0.018612723835148226 -0.007740247055904925 0.703505008185405 0.7104043627012742
312 1785155860.936632 1.8396226370560425 1.0662060380624514 -0.04666872984564736 0.017734334879002667 -0.008005837383121217 0.7031555448355296 0.7107697796764042
313 1785155860.964969 1.8396168585472972 1.094740809066383 -0.04659646482130981 0.017131878891962327 -0.00816781236219044 0.7031863904791105 0.7107521971909811
314 1785155860.996651 1.8392865280190784 1.131840339892386 -0.046154504368784474 0.017449217525313587 -0.008414090283798914 0.7037713402589698 0.7101623958803674
315 1785155861.02862 1.8395462067799961 1.1697593912899737 -0.045794458236657065 0.018279625909070396 -0.00865292425449804 0.704271859074114 0.7096422554321026
316 1785155861.06059 1.8397513995640176 1.2074593819484725 -0.04553947508796115 0.018046050852293827 -0.007556780264846519 0.7041308797917424 0.7098006334488384
317 1785155861.088663 1.8398557177624955 1.2357998535991754 -0.045432119809170605 0.017478127935256715 -0.00635236227811542 0.7038321100143647 0.7101228932023624
318 1785155861.120662 1.8401258200956772 1.2734243008853878 -0.04508234112499397 0.017004320508496096 -0.005420531885823698 0.7034056510835277 0.7105645367887968
319 1785155861.144805 1.8401055358137564 1.3021273499184975 -0.04512308610378991 0.017095566937461393 -0.005842187973494228 0.7032404382870108 0.7107225171532575
320 1785155861.176647 1.8401133620013355 1.3390802951935947 -0.04472854455746743 0.017446449269266973 -0.007103341375287009 0.703480971079554 0.7104644166164615
321 1785155861.204969 1.840126149241834 1.3667310437995404 -0.04467167764693043 0.01778745529750847 -0.007790541318206112 0.7037084093596017 0.7102234778550959
322 1785155861.236679 1.8403127343627594 1.403222676833419 -0.04431143420994074 0.01828099359850177 -0.008297371091587014 0.7038268978923059 0.7100877809885997
323 1785155861.268638 1.8405872342653913 1.4403676312687157 -0.044012521797239204 0.018606809112001188 -0.00791603249053574 0.7036638293273187 0.7102452663557093
324 1785155861.304702 1.8407789991226855 1.4763516698210426 -0.0436872307650152 0.018585268440825198 -0.006815071116266003 0.7033220741200882 0.710595667491774
325 1785155861.328697 1.8416262743791048 1.5070198258280414 -0.04362785618454332 0.018514672482509487 -0.006444069701999511 0.7029948997268962 0.7109246456738663
326 1785155861.360666 1.8413800336983037 1.5428260576521182 -0.043488271731310826 0.018602823992382445 -0.007352866680955139 0.7026590040401052 0.7112455232424651
327 1785155861.392636 1.841446967361876 1.5788956420943607 -0.042874706888383296 0.018795209249052314 -0.007890391357841309 0.7024742287432367 0.7114172051511681
328 1785155861.420704 1.8412754683927708 1.6068165591625443 -0.04263344889615603 0.01889191515230737 -0.0072393241333242875 0.7022969565479441 0.7115965658654247
329 1785155861.452705 1.8419310715282113 1.6433642880141117 -0.04228315561506385 0.018479657893737844 -0.006698354285254449 0.7021350308995962 0.7117724584989383
330 1785155861.484697 1.8420047906366874 1.6810275948645748 -0.042146542811805174 0.01843821812241009 -0.005806302218151482 0.7020263679956054 0.7118885429657656
331 1785155861.508878 1.842318629244857 1.7081327564463744 -0.04174476894361753 0.018411370104601255 -0.004958140910130582 0.7017545348619277 0.7121636125851322
332 1785155861.544716 1.8429870214028745 1.7455709071452774 -0.041540756399843795 0.01818154884582912 -0.004042802503531617 0.7016557877982529 0.7122725900093988
333 1785155861.568749 1.8429890890221359 1.7739726474915416 -0.041539761757955165 0.01762491498011398 -0.0039418047959537406 0.7016392122896814 0.7123034748787975
334 1785155861.600705 1.8427677630476433 1.81157470268758 -0.04131100008063025 0.016226854581753547 -0.004092939055736378 0.7016568608137445 0.7123184587761785
335 1785155861.632661 1.8433166783798154 1.8482551403475747 -0.04107693836161205 0.015656426450992966 -0.0038247237202554407 0.7023149241748271 0.7116839151481192
336 1785155861.660809 1.843386570322878 1.8758377536748319 -0.04120173085845623 0.016279084521275466 -0.004766086773367095 0.7029848094071319 0.7110025552463481
337 1785155861.692729 1.8433512843583364 1.9131734759727232 -0.04111816420441296 0.017086863599804603 -0.006188694515140258 0.7036453089110483 0.7103189553996118
338 1785155861.724697 1.8437504784356031 1.9499535038875169 -0.04092921011174576 0.017523989936185536 -0.005387425976227989 0.7037877869827164 0.7101736663042625
339 1785155861.748906 1.843746168954657 1.9775618382575946 -0.040824716753377996 0.017303118135369777 -0.004686829372352097 0.7033362763270501 0.7106312110621285
340 1785155861.784724 1.8441396035013435 2.0144981004476183 -0.040383032282504366 0.01681330463109787 -0.004151193344272053 0.7026918856511245 0.7112834837259103
341 1785155861.816709 1.8446026346197892 2.051886515993961 -0.04027179902194139 0.017020895056683916 -0.004492570166126919 0.7025402376033696 0.7114262579445412
342 1785155861.840722 1.8445461849304459 2.079049072448033 -0.03978480895494921 0.017204547595902064 -0.005465543900989744 0.7027066169783007 0.7112506884543581
343 1785155861.87674 1.8444648128162695 2.1157017652621546 -0.03984003635331963 0.017963435307624342 -0.0063631804266303105 0.7028923545115472 0.7110409010007936
344 1785155861.900746 1.8445886100936517 2.1433825694856883 -0.0396492681054098 0.018275001806291602 -0.006592920879306852 0.7029631415047204 0.7109608845703635
345 1785155861.932725 1.8449286942655116 2.180296163318524 -0.039086158884671665 0.01785686351072746 -0.005524872833335692 0.7028285500775509 0.7111136599740031
346 1785155861.964694 1.8453786205805087 2.2164438642311604 -0.0388069715728808 0.017689149038717877 -0.0040558128343524125 0.7026879443739289 0.7112666850205211
347 1785155861.992761 1.8456601103091044 2.2429603284499677 -0.03859173993017386 0.017482465585107243 -0.00356978124299856 0.7026922233442291 0.7112701732186489
348 1785155862.024756 1.8459827673921942 2.2765748243432133 -0.038070352625012495 0.016886704910916595 -0.0032267677114176108 0.7021006884346338 0.711870107861681
349 1785155862.049036 1.8459675324157918 2.2997682946360785 -0.03778977048085862 0.016656488229916055 -0.003551532458352602 0.7011574216502892 0.7128030710383919
350 1785155862.080722 1.8463435424533825 2.328323722042577 -0.0372561309053999 0.01631053260387927 -0.003334838258231776 0.6994826809419861 0.7144556140462338
351 1785155862.108799 1.8467662321389438 2.3481568784779636 -0.03697397649002478 0.016877274752214566 -0.0037611795725811525 0.6988535553760518 0.7150557455635278
352 1785155862.140782 1.847117420419119 2.3733933584462146 -0.036677941486988705 0.016423574261572704 -0.0032545724163189904 0.6995272211037588 0.7144097849985781
353 1785155862.172751 1.8473407652045248 2.396306220985677 -0.03682801078134798 0.017234362445155527 -0.00417081975805067 0.7002258675984169 0.7137011386846034
354 1785155862.204723 1.8477741650092132 2.415941397986548 -0.03684532105591999 0.017490074527677146 -0.004670778806924569 0.7013094011958382 0.7126271149154291
355 1785155862.232793 1.8481000311086853 2.428809100035867 -0.03632342695422475 0.01802402170663675 -0.00530059713356934 0.7024804586095579 0.7114550186647441
356 1785155862.264779 1.8482334811676187 2.445489387129076 -0.0364790426723217 0.01809129933445275 -0.00567026375673596 0.7033484695489159 0.7105923468350318
357 1785155862.288987 1.8483409104790127 2.4573328208958642 -0.03605187675593004 0.018203373345870966 -0.005284126975403702 0.703611654538617 0.7103318624406262
358 1785155862.320733 1.8478329527309323 2.470964226524668 -0.03649665862855805 0.01841319930614138 -0.005491651066916403 0.7041955652578298 0.7097460121276323
359 1785155862.349032 1.8472314968325934 2.4799949097365657 -0.03679363428036546 0.018544050061180983 -0.005293032198066094 0.7044712744957252 0.7094704542317795
360 1785155862.380796 1.8481576063175227 2.4910736577256785 -0.035960664199801054 0.019000224540302035 -0.0059607652124497035 0.7039795884729778 0.7099409832929192
361 1785155862.412774 1.8476776911666275 2.5008021031783882 -0.036304121473317984 0.01922328879876245 -0.006730448564852276 0.7026238016794312 0.7112699624920334
362 1785155862.448803 1.8479452405758832 2.5110061441061973 -0.03639826010248449 0.019549895976055942 -0.007023662232088612 0.7017284003179923 0.7121416445647076
363 1785155862.472815 1.8477712233830226 2.5177555517215797 -0.03655506584944064 0.01932653667308193 -0.006572812580075915 0.7010620471632749 0.7128080310590288
364 1785155862.504796 1.848010684329537 2.5272066111337077 -0.03639440072553446 0.019405497803060667 -0.0063832622179649245 0.701072400313407 0.7127974257369833
365 1785155862.528994 1.8471987846796853 2.532807658107497 -0.035514472214031007 0.019335260336962534 -0.00648649426135961 0.7014952683162431 0.7123822440444606
366 1785155862.564813 1.8468825290262545 2.5404609621761787 -0.03581137578445512 0.019226800016436174 -0.00635956003536875 0.7022027412569027 0.711688974432354
367 1785155862.589128 1.8475311303896862 2.5462862182859984 -0.03590243338601675 0.019408185978886272 -0.006387079404251206 0.702324944490038 0.711563208633469
368 1785155862.620801 1.8471884194802421 2.5531728442228 -0.0362396505992327 0.019462351797422284 -0.006907750965330028 0.7016022033841186 0.7122695052054836
369 1785155862.652766 1.8471903057457513 2.559652710137255 -0.03655871324674116 0.019647032357477223 -0.00756093909194433 0.7008191265066811 0.7130283151754947
370 1785155862.680846 1.8470578775854427 2.5639417466368477 -0.03651261668780283 0.01947152882168024 -0.0070761045108949094 0.7010397360477412 0.7128212095556719
371 1785155862.71288 1.8469721950225038 2.5687563439165384 -0.03652987454935974 0.019653314513207287 -0.006928625732676275 0.7016887156090151 0.712178831306486
372 1785155862.744802 1.8466560813600201 2.572698135390935 -0.03668914031266495 0.019570375729836442 -0.007117320315420006 0.7018711029326288 0.7119995077339984
373 1785155862.769052 1.8469849082635132 2.57559491020106 -0.03670118731985955 0.02020388065714085 -0.007769042569269469 0.702096387075199 0.711752842242236
374 1785155862.804843 1.8471719159468794 2.5800856203429494 -0.036688607526680544 0.021587659353571653 -0.009567317483481497 0.7019931867956811 0.7117921080570143
375 1785155862.829059 1.847106057228418 2.5832295140706227 -0.03642624559318153 0.021230586302095844 -0.009351215557053316 0.7009657546269799 0.7128175277117584
376 1785155862.860823 1.8472809329546744 2.5871791911877335 -0.036289086110912847 0.019757159370294652 -0.007062471993816821 0.6997067196597523 0.7141220362136589
377 1785155862.892833 1.8473827415359483 2.5918475854386323 -0.03643622273023338 0.020551929176856776 -0.007883653572235971 0.6994657743309394 0.7143270236754886
378 1785155862.920859 1.8471543571573006 2.5951844396402874 -0.035925765087561116 0.02063990716457309 -0.008526553538994008 0.700091917803356 0.7137034389320285
379 1785155862.952851 1.8471916535702149 2.6002077776865535 -0.036121983287978277 0.020103112854158334 -0.007904506287561897 0.7005450280900715 0.7132811838624399
380 1785155862.984832 1.847551633901675 2.6050668803242587 -0.03570223715349584 0.020422829348475058 -0.007776330347637139 0.6998883715689704 0.7139178552678608
381 1785155863.008885 1.8483895752499981 2.608953433928354 -0.03565885391316596 0.020351610105320384 -0.007822354392510777 0.6991771239502752 0.7146159612564643
382 1785155863.036882 1.848316033293636 2.612728634412141 -0.03501835469255353 0.0199918810916746 -0.0075362705129006224 0.6983848239068267 0.7154034994699169
383 1785155863.068849 1.848245015402206 2.6179432191371976 -0.03556763918806138 0.020716155688496274 -0.008132989882857267 0.698149303427406 0.7156062083945911
384 1785155863.100845 1.8487781110427854 2.622957805294526 -0.035439674066418986 0.01982303748833758 -0.006808684672455212 0.6988738928395113 0.7149377391809124
385 1785155863.128894 1.8486735501748697 2.625997562318183 -0.035573999352072665 0.02013365748953888 -0.006961132977579609 0.6998936990878174 0.7139292601098055
386 1785155863.160882 1.848560020368527 2.630297066658619 -0.0354783489769041 0.020795528365947336 -0.008230177384427773 0.7003609857618788 0.7134383644035772
387 1785155863.192863 1.849234742612083 2.6351982302639785 -0.0354144676492807 0.0210936955382377 -0.008458287231973616 0.6995500476416725 0.7142221252734862
388 1785155863.21711 1.8488256763520816 2.6382041778524563 -0.035922522317734906 0.02117049552540229 -0.00840592743928481 0.698612219836174 0.7151378306303392
389 1785155863.252886 1.8489283989654108 2.643009602397152 -0.035543080618041796 0.02038578628076393 -0.007548845063297893 0.6983519504017008 0.7154243412311785
390 1785155863.276909 1.8489924635598352 2.6463521080679713 -0.03549544901528102 0.020805379113949196 -0.007808584499794047 0.6988950384444769 0.7148789320197705
391 1785155863.308887 1.8486201318435804 2.6507906900579137 -0.0353305756977584 0.02098123100926963 -0.008161356402938136 0.699243119778928 0.7145293833348156
392 1785155863.340838 1.8484597188630387 2.655402777242597 -0.03540366403697606 0.020886106596100573 -0.008183660223340272 0.6993969915609917 0.714381303263208
393 1785155863.368918 1.8488817885598865 2.6587792450856416 -0.03541565894397738 0.020926350841372288 -0.008196288362145032 0.6995905762315673 0.7141904048260044
394 1785155863.400914 1.8489353568252194 2.6629297792335818 -0.035067112748846274 0.020937773939845084 -0.007975738369869978 0.6997219223780665 0.7140638826907874
395 1785155863.432879 1.84927561882875 2.667159943596699 -0.03510158987575125 0.021494558011210696 -0.008645976690387913 0.6995186723662519 0.7142386562444856
396 1785155863.457082 1.8497283361066756 2.67058868717672 -0.03522730226929072 0.021388781985195116 -0.008459092512627442 0.6989931583269596 0.714758370619858
397 1785155863.49292 1.8487847154701746 2.675007791990848 -0.03554642138661022 0.021265094090423653 -0.00805245019270917 0.6984974991958105 0.7152511429116476
398 1785155863.51719 1.8497355704693257 2.6787213856842893 -0.03584154099148677 0.021180607824215714 -0.007727614441860653 0.69912820015051 0.7146407668063329
399 1785155863.548916 1.849730162383802 2.6830025565141775 -0.0351506585898785 0.02108382866394154 -0.007204982345332955 0.6996298005233227 0.7141580375644937
400 1785155863.580916 1.8499043587981203 2.6870864355056145 -0.03518055354277698 0.021527558718518747 -0.008066407788022034 0.6998612056395702 0.7139088107887067
401 1785155863.60894 1.8495682226221213 2.690090979064295 -0.03509959055982508 0.021513877978201257 -0.008292444616969208 0.6998803894861353 0.7138878265031203
402 1785155863.640897 1.8496370075455304 2.69390873470942 -0.03494271850880078 0.021174482827272634 -0.007246195603000327 0.6998471054678908 0.7139419884657967
403 1785155863.67291 1.8498845049497512 2.6978409552262996 -0.0349846606540629 0.021517521047305643 -0.007694860586033303 0.6999899523323955 0.7137869794569182
404 1785155863.700947 1.850011534915072 2.701010273427132 -0.03491134822915218 0.021525541191782183 -0.00789884782177197 0.700059443751205 0.7137163543693273
405 1785155863.732934 1.8501974849432912 2.7054659408812975 -0.03460143423236134 0.02152203875698744 -0.007782167425329334 0.7001509298444359 0.7136279949356519
406 1785155863.757001 1.850679596845984 2.709044103367569 -0.03474348017081383 0.021547074710187464 -0.00764562277175751 0.7001163880245508 0.7136626032260077
407 1785155863.788903 1.8504816494568808 2.7123229981315733 -0.034635080268151555 0.021641551865292707 -0.0077421899968407315 0.6998564146750795 0.7139136506364464
408 1785155863.817176 1.850265604239053 2.7151950140269454 -0.034568691117995126 0.02179127634632283 -0.007991564660851602 0.6996982680287206 0.7140613481256903
409 1785155863.848959 1.8504826072794383 2.718969004082135 -0.03425028052008296 0.021834485682356464 -0.008061911080491257 0.6998107760839491 0.7139489747184306
410 1785155863.880957 1.8503635835194514 2.7226844429286388 -0.03424659058676592 0.02217069922149406 -0.008390590129449205 0.699480016895826 0.7142588914789405
411 1785155863.912897 1.85057874769448 2.7260970995129314 -0.03430404789441765 0.021873048807495743 -0.008218950706762818 0.6993321456148877 0.7144148435571746
412 1785155863.941004 1.8504360463766971 2.729017887253594 -0.034445671909235434 0.022195523871628042 -0.00845005616941763 0.6990603227421988 0.7146681890488555
413 1785155863.972969 1.850719131303904 2.7326737888157946 -0.034620046162993356 0.02204980586280081 -0.008206740244187438 0.6991400335896804 0.714597557306347
414 1785155863.99707 1.8507009560543033 2.7355532646169674 -0.03461028241175448 0.022306653231392914 -0.008543983318017645 0.6990875400389518 0.7146369882205672
415 1785155864.028917 1.850788984057134 2.7389585620757146 -0.034422691249139 0.022388573203793505 -0.008433263103769684 0.6992009995598131 0.7145247330064085
416 1785155864.056986 1.8508542661080594 2.7412317004579903 -0.03421664459237757 0.022581565118181324 -0.008645400365122513 0.6991422783607 0.7145735823398104
417 1785155864.088994 1.8510469144488064 2.744843371793197 -0.03418184908779509 0.022791378799914663 -0.00878967916473361 0.6989464942278257 0.7147566668448865
418 1785155864.120953 1.851139307961716 2.7474669523773754 -0.0339244480962168 0.021297631686023832 -0.00778387897311239 0.7005273390039347 0.7132652167467336
419 1785155864.152961 1.8509345298452442 2.7476019277244292 -0.03367288901931577 0.022008075018633 -0.008338979030900862 0.7011985482717497 0.712577505934819
420 1785155864.181004 1.8502778491989011 2.7469608377199815 -0.03393420850685504 0.02299797908760226 -0.009054171804106836 0.7009218524116246 0.7128097023348411
421 1785155864.212958 1.8509911355706494 2.747000041385399 -0.03378044848839 0.02346883176552672 -0.009578463907218504 0.7012020261989208 0.7125118844056341
422 1785155864.236989 1.8508818924668125 2.7472310131274718 -0.03401679059050213 0.022886947923987044 -0.009135155152612207 0.7008726400717356 0.7128606308065679
423 1785155864.272991 1.850588157075984 2.747402728116868 -0.03412045595913245 0.022575134837041322 -0.00860161863993214 0.7011390425821795 0.7126151965898618
424 1785155864.297018 1.8508639769085042 2.7472780107526846 -0.033789403990593075 0.022456814012840276 -0.008216444591948036 0.7011819563314369 0.7125812554774924
425 1785155864.328976 1.8506381206946476 2.7471417222134953 -0.03369270681856629 0.022532144282581656 -0.00829148586098305 0.7011621088815219 0.7125975377483866
426 1785155864.360949 1.8508740563673327 2.7473200614111217 -0.03377483289083967 0.022587601120030443 -0.008309371347861805 0.7012930538606832 0.7124667060503267
427 1785155864.389009 1.8507737114821323 2.747376227702169 -0.03396237055517712 0.022719456378044067 -0.008415757531212598 0.7012094518983295 0.7125435466661011
428 1785155864.421017 1.8509219481694046 2.747245051021891 -0.03382910376955322 0.022832394185032023 -0.008356818524736798 0.7012353922300545 0.7125151016251414
429 1785155864.452998 1.8510223555046241 2.747444142172242 -0.03397976632797764 0.022888642470593634 -0.008495548411601606 0.7012877980517125 0.7124600760792286
430 1785155864.477192 1.851125831210226 2.747331564633608 -0.0338866816062528 0.023001850852238714 -0.008516577032460004 0.7013276191055042 0.7124169800424653
431 1785155864.513014 1.8508765157133493 2.7473981839468644 -0.033789733480344586 0.022872066104569266 -0.00854941679128185 0.7013345273955393 0.7124139644529106
432 1785155864.537328 1.85065926600095 2.7472623417370317 -0.03393565480555657 0.022492275331594258 -0.008432522889619043 0.7012795783741773 0.7124815387527313
433 1785155864.569012 1.8510197977332912 2.7472999552387853 -0.03394889230921948 0.022670491568055895 -0.008476646933109566 0.7013637219807033 0.7123925355856905
434 1785155864.600972 1.8508060673242477 2.7473076920591097 -0.03396293992961077 0.022797780180326077 -0.008587399355663217 0.7014309973179579 0.7123209064689109
435 1785155864.62904 1.8507870774925876 2.747321372058531 -0.03415919231009716 0.022651757280376605 -0.008591656260880987 0.7014582064126957 0.7122987196331956
436 1785155864.661054 1.850943480242483 2.747232694224766 -0.0341579327572847 0.022716956663061727 -0.008580300310606526 0.701465820507095 0.7122892818138263
437 1785155864.693016 1.850674761543958 2.7471431907903536 -0.03420923746602552 0.022767844349340538 -0.008679299669427043 0.7014727372703908 0.7122796458465719
438 1785155864.72905 1.8508655768578441 2.747241493776751 -0.03420506036999819 0.022684011545827443 -0.008602079070536006 0.7014732745114579 0.7122827282772101
439 1785155864.753066 1.850748344735503 2.7470470440906753 -0.03397895479596117 0.022721954772739972 -0.008541935601578565 0.7016074125124163 0.712150115365515
440 1785155864.785021 1.8508759047165895 2.7470498378975803 -0.0340270795336242 0.022617862040255732 -0.008533457325986982 0.701824801473431 0.7119392954877353
441 1785155864.81701 1.8504124460470983 2.7458397880208167 -0.0339820493859151 0.02161403287832886 -0.00802301135425687 0.7031131518478707 0.7107041301203317
442 1785155864.845066 1.8499487421177714 2.7440110979454655 -0.03460918044759349 0.022147779871028228 -0.008370849992496487 0.7050432210601509 0.7087689758689462
443 1785155864.877061 1.8502203860131095 2.7404782415277706 -0.03416449852726183 0.02255808054004904 -0.008411690633642332 0.7077923251842947 0.7060101988450608
444 1785155864.901058 1.8503251812993515 2.7373602717185443 -0.034109325214173626 0.022178025999597284 -0.0083956070907939 0.7087626121322518 0.7050483732254159
445 1785155864.933011 1.8501124012632089 2.732315379405652 -0.03402703930569964 0.0217261858641995 -0.008080339483863885 0.7083067374694637 0.7055240935765299
446 1785155864.961084 1.8507241960331204 2.7286380410237596 -0.03390180994125392 0.021447125094953612 -0.007766002015858975 0.7072745261413761 0.7065709127252149
447 1785155864.993094 1.8508159738787482 2.7218529488939724 -0.034007263003726626 0.021683671894405454 -0.007681240442868664 0.7059470447232288 0.7078909428471127
448 1785155865.025056 1.8507077473122513 2.7147903757866683 -0.03428814139396087 0.021601123229642694 -0.007617685297298005 0.7051807228883207 0.7086575409975082
449 1785155865.049219 1.851078615116619 2.7095291171417335 -0.03438362312365263 0.021882155881711163 -0.007640574831256353 0.7045921172467843 0.7092339114734364
450 1785155865.085078 1.8509355149252325 2.702369569420074 -0.03470045048444892 0.02139798617528188 -0.007131554122059125 0.7036274542519667 0.7102110057907743
451 1785155865.109342 1.8514260327528507 2.697213621283616 -0.03524801015074526 0.020981960456086468 -0.006796221987265816 0.7033620328066784 0.7104895632647786
452 1785155865.141075 1.8512018698998234 2.690183009729872 -0.03458355724477506 0.0214423818947187 -0.007290815280772689 0.7031052256935975 0.7107250592694605
453 1785155865.173038 1.8508816135739392 2.6829917492209114 -0.03478607158060382 0.02093570678513379 -0.006650311279144616 0.7027248014744093 0.7111225794010828
454 1785155865.201102 1.8512478505128502 2.6779884315779907 -0.03492080024823575 0.021242818826232135 -0.007003723927232253 0.7022847651168879 0.7115446571960081
455 1785155865.233102 1.8510099017750077 2.6714139946780455 -0.034927496298435445 0.02116440713482104 -0.007347958139330091 0.7017317983338317 0.7120888698673649
456 1785155865.265069 1.850427857428276 2.6647304509706986 -0.03529080411223254 0.020866649747317 -0.0072668008842464715 0.7018103002302976 0.7120211225967185
457 1785155865.289417 1.8505942562539706 2.6600401488036134 -0.03550253972445791 0.02149672090539767 -0.007882070824855592 0.7019487560085012 0.7118593315311286
458 1785155865.325112 1.8505119666586447 2.654628935113881 -0.03544317620775333 0.02247712393420065 -0.009355488271044154 0.7021411891157453 0.7116213911104584
459 1785155865.349496 1.850146802619609 2.6509028449622773 -0.03554669445668143 0.02240089269248302 -0.00942071974728087 0.702857671652827 0.7109152857020238
460 1785155865.381096 1.8502943751211327 2.646085913308373 -0.03538024103169053 0.021053418222178988 -0.0076763151739140945 0.7040823272485162 0.7097646822876059
461 1785155865.417119 1.8506555660263937 2.6420095522655025 -0.03571178493581563 0.02069647749992143 -0.006936432996383357 0.7044684712408722 0.7093995452098419
462 1785155865.441137 1.8507523181018206 2.6393092277668138 -0.035311134010377304 0.021079267592444273 -0.007519038058645178 0.704290517411998 0.7095590149014943
463 1785155865.473097 1.8508219256539042 2.6359426799406114 -0.03513749768552782 0.02177294665570728 -0.00858564117480376 0.7038956138325816 0.70991773494314
464 1785155865.505069 1.8506214726709065 2.6330627893789043 -0.035171720316382465 0.021053034133849402 -0.007673896689975757 0.704273332036002 0.7095751932292012
465 1785155865.533137 1.850633699005472 2.630609896726308 -0.03505715153128837 0.020166520225690765 -0.006465336959472823 0.7047235874541086 0.7091658312170707
466 1785155865.565129 1.8507712601689106 2.6274373201592973 -0.035266797297188054 0.020697438511811717 -0.007148327070633398 0.7043011447743834 0.7095635383308772
467 1785155865.589169 1.8507648658223501 2.6253029400785066 -0.03532901731488824 0.02076283956509506 -0.007753573901694177 0.7040290203737732 0.7098252778370818
468 1785155865.621084 1.8505698841263238 2.6220136150968663 -0.03535935540804998 0.020429490620394786 -0.007166240422720294 0.7039466138474544 0.7099228449373199
469 1785155865.649158 1.8507867830383766 2.619912007210232 -0.035365858383108906 0.021572228148597716 -0.008258203979431777 0.703731492788213 0.7100904358585688
470 1785155865.681159 1.8504492680733626 2.619824048298268 -0.035124234480320156 0.023557878141985067 -0.01203742677809072 0.7025014621017956 0.7111904263127062
471 1785155865.713126 1.8504746980333067 2.620921494362216 -0.035672952439960576 0.021558971764835344 -0.009238017602362425 0.7016290549719585 0.7121562602311226
472 1785155865.74512 1.8510871776270232 2.6226189755254934 -0.03565638521998175 0.020213711983063876 -0.006838117206370731 0.7013970667111258 0.7124512620593539
473 1785155865.77316 1.8509205956214516 2.6235826436780485 -0.03555706886596225 0.019825844758652122 -0.005739306902015517 0.7017469832890648 0.7121272131302014
474 1785155865.805163 1.850444598153501 2.6240040415689885 -0.035451393255177335 0.02044104832735838 -0.007047801368185724 0.7025019439867225 0.7113532952999017
475 1785155865.829392 1.8500684529158076 2.6243439348678237 -0.0356058120537079 0.02053169316936554 -0.008039431547463671 0.7029338931573539 0.7109133273238297
476 1785155865.861159 1.85037458197056 2.62424417155679 -0.0354709730152091 0.020643930366342822 -0.007756426567671282 0.7030719321291214 0.7107767049067901
477 1785155865.897169 1.8506981051285274 2.623896875574432 -0.035528590175343225 0.020312471812869104 -0.006934721054144166 0.7029584484689968 0.7109069790477609
478 1785155865.921476 1.850451139409008 2.6238598190747515 -0.035556737054267915 0.020382147786392246 -0.00732936233760817 0.7028215857952748 0.7110363331360453
479 1785155865.95317 1.8502171232631506 2.6234350036992744 -0.0355768316502411 0.020795745324047488 -0.007968035590112499 0.7028456000077862 0.7109937481686792
480 1785155865.98917 1.8506597823911795 2.6234422090142173 -0.035552908374550496 0.020700661783145224 -0.007726257141810078 0.7031347026743903 0.710713287794252
481 1785155866.013202 1.8507675111456874 2.6235400765338786 -0.03562909832417518 0.020492114013348606 -0.007432999077438107 0.7031421267634422 0.7107151140636886
482 1785155866.045159 1.8509478430416249 2.6235274043989154 -0.03540345696786944 0.02051843640067974 -0.007527605145853378 0.7031791487019062 0.7106767294342077
483 1785155866.077129 1.850099477299417 2.6233499070377366 -0.035296802709315594 0.021108454825475187 -0.008480359125712322 0.7055791654748187 0.7082658807904263
484 1785155866.105195 1.8497635397935046 2.6239957414641863 -0.03514849251973982 0.020565358825195945 -0.007952430071587746 0.7111019452203111 0.7027430884585327
485 1785155866.137195 1.8495083433675867 2.6239791693251635 -0.035009362960210025 0.02055824805851847 -0.007278051225096949 0.7238582213982727 0.6896039905056079
486 1785155866.169173 1.848937283880539 2.6234161406624326 -0.03478779382595448 0.02195288418129171 -0.008985034617124854 0.7411290885183959 0.6709433762851703
487 1785155866.19316 1.849038372435341 2.6267747978959193 -0.034494545737142134 0.02245808876629707 -0.009400191207274311 0.7572088434650668 0.6527189579233377
488 1785155866.22126 1.8478129595423582 2.629629496193705 -0.03481811982334363 0.021917833605613057 -0.008892532621272653 0.7757676401048456 0.6305752135945205
489 1785155866.253222 1.8480622721320907 2.633846375575353 -0.035057001421455486 0.0224783270910901 -0.008855308712689136 0.8032906183608479 0.595097043155346
490 1785155866.28519 1.84685771252411 2.6352548068091908 -0.03571242305469172 0.02282462968071075 -0.008895126596876968 0.8320388347507558 0.5541762269074418
491 1785155866.317186 1.8456761879036063 2.637258010480558 -0.03746087181457312 0.02340171508409236 -0.008453979842787174 0.8592816764531901 0.5108971427476725
492 1785155866.345228 1.8448638316484196 2.639006847997614 -0.03673371881318107 0.024508882154640643 -0.009122840947529132 0.87792130075441 0.47809024059298755
493 1785155866.377223 1.844731705181419 2.6394729568324427 -0.0365629283695339 0.02453448031846933 -0.008822197027193557 0.901331671093184 0.43234413006248196
494 1785155866.409198 1.8428903066230173 2.6406601366317104 -0.035705328116620264 0.023989854426812757 -0.00864955409487822 0.9223882543027481 0.3854213025026888
495 1785155866.433272 1.8433418677026265 2.6404366788711724 -0.03632307353580424 0.024716661558896513 -0.008724726635115365 0.9364302505940738 0.34987333645027263
496 1785155866.469225 1.843092140760484 2.6405378132098654 -0.036336974204682425 0.02441784672521574 -0.00817591572445786 0.9528905289780258 0.3022193953857838
497 1785155866.493246 1.8427904014298766 2.6402243954209195 -0.03602286975563834 0.024749610882459194 -0.008152281065817113 0.9636235846080516 0.26598981984602343
498 1785155866.525212 1.8444009158141133 2.638638632946086 -0.035837211584619284 0.025180880886485846 -0.0076348450864396344 0.9758504621390732 0.21684904408653516
499 1785155866.561233 1.843845447702546 2.638842201991571 -0.03607031483092974 0.025940711565116126 -0.007004306911705727 0.9851025110755384 0.1698560032523163
500 1785155866.58524 1.8427840498924777 2.6400187918743034 -0.035800494385045595 0.02538801621023451 -0.006776140248834828 0.9900055580540388 0.13855875135966095
501 1785155866.61722 1.843310513682996 2.6405902665603245 -0.034474270669544435 0.025356586741966114 -0.0056901350759994695 0.9940530041055038 0.10575107990199217
502 1785155866.641295 1.8431730177991783 2.6432097673992887 -0.03544829087002815 0.025929649805067623 -0.006593479895027343 0.9958728462430344 0.08672631319073854
503 1785155866.677245 1.8422888849706844 2.645012446263957 -0.03520303649620647 0.02603118338151006 -0.006572067960476158 0.9971502792302207 0.07050181590266974
504 1785155866.701261 1.8430098292540307 2.6439945128671267 -0.035226838639161887 0.026080008914193875 -0.006613575420335971 0.9975465009511371 0.06463027305634733
505 1785155866.733224 1.8429504654882871 2.6458018969681922 -0.03504972814323673 0.025696983377218763 -0.006668312499580997 0.9980448242896738 0.056583808305144034
506 1785155866.765202 1.8401937979465879 2.6456509894817573 -0.035750402873488726 0.02515772965310603 -0.006165149622820998 0.9985127971645358 0.047971590212169346
507 1785155866.793266 1.8402302813668365 2.644771272957225 -0.035610282441576324 0.025272886258440513 -0.005973699590023807 0.9988410570562974 0.040523312698180686
508 1785155866.825254 1.8396071399871778 2.6448817963327547 -0.03586985888158825 0.025092779704818574 -0.005836537013859777 0.9992202192087825 0.029920574304717812
509 1785155866.84945 1.8374326210333305 2.6443334545927875 -0.03612509103611682 0.024927626055173957 -0.0056623752791341575 0.9994095654485954 0.022958036834658135
510 1785155866.881222 1.833351869461609 2.6429403763622195 -0.036150184921418235 0.025266668139681592 -0.005759833659997826 0.9995358439716489 0.016016129782571054
511 1785155866.909544 1.8321094789676375 2.642288786124228 -0.03637047342507878 0.024389351668788695 -0.005693230937917848 0.9996051258490211 0.012741233183117817
512 1785155866.941279 1.8326843364182248 2.641617137698789 -0.03594155511884996 0.02403717726850846 -0.005716046398079433 0.9996307251822676 0.01131168396444937
513 1785155866.973266 1.832547945298618 2.640382340014405 -0.03510378578227849 0.023428659856534306 -0.005573514064529439 0.9996622892511111 0.009764286329642713
514 1785155867.005259 1.8339351242038138 2.6394201329580858 -0.0352990816793952 0.02324330661078472 -0.0056248372254067425 0.9996785622245971 0.008419152721451717
515 1785155867.033283 1.8342907770584953 2.6383794729469314 -0.035760475197171314 0.023680255197449818 -0.0049509932900349 0.9996737580274082 0.008192111485140041
516 1785155867.065286 1.8355263300656792 2.6367248449966008 -0.03638461225454534 0.02429133588006549 -0.005140076485897205 0.9996505519305502 0.009071088128091043
517 1785155867.08951 1.8356612202536804 2.636251917832245 -0.03678810072727183 0.025066518893277545 -0.005110937658034165 0.9996136831853878 0.010864268745377825
518 1785155867.121282 1.836572630188805 2.635175735099932 -0.03675579586224256 0.025461040411738856 -0.004980934270130355 0.999576738489891 0.013163190527408997
519 1785155867.149392 1.837665611862903 2.6342803161786095 -0.03705306694573958 0.026092693816539836 -0.004792444627918058 0.9995480282251711 0.014140122879845562
520 1785155867.181307 1.8388361989391044 2.6335637134015535 -0.03708504917658849 0.02625027150357717 -0.004877516835351037 0.9995313628749378 0.014972899013857122
521 1785155867.213277 1.8403893945773446 2.632619397370816 -0.03704655804951225 0.026691623935048814 -0.004914328065385054 0.9994983364252065 0.016324278686071225
522 1785155867.249305 1.842547430125508 2.631783546436742 -0.03734728804703973 0.027645210472058812 -0.004968151144193245 0.9994428768093582 0.018027640089548935
523 1785155867.273311 1.84346632452988 2.6312456754056726 -0.03745799654267677 0.027900522220719814 -0.004883739693935352 0.9994302276384199 0.018355653870924304
524 1785155867.297594 1.8442261792250132 2.631003465108562 -0.03748268589992825 0.027301685081891847 -0.004843472659240122 0.9994475059726418 0.018325980720132973
525 1785155867.329548 1.8457325526841086 2.629820654321235 -0.03748476256738052 0.0269312825964097 -0.005117920888429883 0.999457783299942 0.018238758309120473
526 1785155867.365319 1.8467368580535968 2.6288216713982737 -0.03740400242181023 0.026965600378297372 -0.0051063935938786 0.9994681875292608 0.017610316796606906
527 1785155867.389663 1.848870499959882 2.629153932419487 -0.037715595096024346 0.02714052765585595 -0.004897842867063074 0.9994703316016836 0.017275970069195845
528 1785155867.421304 1.8502319999714174 2.627595188757454 -0.03848821114081771 0.028131201212824253 -0.004984654479224804 0.9994284045540424 0.018073541673063187
529 1785155867.453287 1.8509778223474012 2.62768195418457 -0.03860531938019554 0.029574756242670974 -0.0049837460717226945 0.9994357889596462 0.015119517680431183
530 1785155867.481351 1.8497685841603486 2.626258712036191 -0.039180172744956804 0.03267083810661686 -0.0054016510900361525 0.9993946186669151 0.010669333743231979
531 1785155867.513361 1.8511315437793392 2.6272087097980727 -0.03896511120911497 0.03062317159558492 -0.005792378089279904 0.9994382861285276 0.01231998124875927
532 1785155867.545339 1.8510551674455882 2.6286037959072077 -0.039596970868773465 0.026485739435821054 -0.00384183560303758 0.9995687206588271 0.012087952109963551
533 1785155867.577326 1.847648286056416 2.626640720442497 -0.0398982438602314 0.027464003215586896 -0.004290334104005145 0.9995393289191433 0.012184067650786334
534 1785155867.605346 1.8467273883583002 2.6265684572063206 -0.039617354353840104 0.0284661437160455 -0.0044584424891195296 0.9995181677569224 0.011542671976346786
535 1785155867.63735 1.8555410757211444 2.63183057801683 -0.03943745671862069 0.027701313393371396 -0.004240594006230891 0.9995476017293001 0.010920003478059825
536 1785155867.661527 1.8557620132254775 2.6318169946637955 -0.039013086076325004 0.027264908142272115 -0.004217537624176759 0.9995565297529748 0.011206292365121884
537 1785155867.693571 1.8565900378129767 2.632674402189369 -0.039514970144336914 0.02761374754942114 -0.004019260622223131 0.9995520174356867 0.010820856277410085
538 1785155867.72936 1.8560304860422834 2.632463222362411 -0.03955166925791867 0.02750402716636191 -0.003913132659605689 0.9995548436607994 0.010877977599506872
539 1785155867.753477 1.856299826417404 2.6323046459799047 -0.03945992754788866 0.027510082810058734 -0.003976194385027165 0.9995524824791118 0.011055315094619045
540 1785155867.78535 1.8561165147755039 2.6323859404407357 -0.0394917302913888 0.027568787339182776 -0.004096347769155795 0.9995511594356248 0.01098460606937618
541 1785155867.821395 1.8563683048328292 2.6325593672424765 -0.03922878647148875 0.027418700999839507 -0.00434817024024553 0.9995545053769994 0.010958970370690657
542 1785155867.845392 1.856360187572693 2.632523536284363 -0.03934604506088262 0.02746777721730198 -0.0041284463966153595 0.9995548536227721 0.010889065352448324
543 1785155867.877592 1.8565550584983628 2.632693769372513 -0.03948724810963096 0.027509887148803536 -0.004080672874616109 0.9995546602075953 0.010818293545162672
544 1785155867.909395 1.8559254948741752 2.6323211039619987 -0.039250937035545115 0.027601836973689065 -0.00426454510658858 0.9995502412971311 0.010920960285570047
545 1785155867.945385 1.8560694211198494 2.6323148628972226 -0.03926334543189114 0.027530311345662695 -0.004302474238604637 0.9995513748451315 0.010982700844725635
546 1785155867.977391 1.8567012449681082 2.632757977224738 -0.03933343450352007 0.02753837138871057 -0.004293807501810076 0.9995529827928381 0.01081831356242452
547 1785155868.00156 1.856390604922957 2.63239575947372 -0.03914944451417292 0.02748636390778353 -0.0043035422107522425 0.9995525111686325 0.010988937166532153
548 1785155868.033422 1.856293223598515 2.6324466730944094 -0.03948640788881658 0.027683937761286248 -0.004257383517611346 0.9995478052436062 0.010938889719849965
549 1785155868.069395 1.8565288163302267 2.6325322996879468 -0.039271630417336154 0.027589282026659667 -0.00429390409240904 0.9995514917996824 0.010826317283741338
550 1785155868.093421 1.8560223577828803 2.6323496939819306 -0.039391301465453485 0.027905287016473435 -0.004383209745643879 0.9995416354930408 0.01089042445230215
551 1785155868.125382 1.8558620558056234 2.632597027472193 -0.039298696427638016 0.030643013623854742 -0.004859516716943846 0.9994591547659912 0.010899026001281786
552 1785155868.161412 1.8541293096534373 2.6321716227858802 -0.039565887683530365 0.03050517426912419 -0.004872100324619599 0.9994052050403454 0.015327528160233528
553 1785155868.185419 1.853806275363025 2.6323137008375337 -0.03969543692554456 0.028017639956730844 -0.003935585931279018 0.9993977943554739 0.020089092862696722
554 1785155868.217381 1.8527760732892014 2.632618460142243 -0.03927190219168743 0.02858967488574618 -0.004259576804227283 0.999250984804672 0.025728502915434742
555 1785155868.249364 1.8521592115743628 2.6331457049803975 -0.039010995953155575 0.029502995728525078 -0.004438242266643799 0.9991214148468477 0.029432526956730848
556 1785155868.277428 1.8518134589127244 2.63397010447975 -0.03868548373783495 0.028841313228336524 -0.004885835788944193 0.9991064485116387 0.030505930609782267
557 1785155868.309423 1.8507066425327723 2.6350820582468333 -0.03843936063240881 0.029001042078284855 -0.004886250887084775 0.9991353697145473 0.029386682290061306
558 1785155868.341414 1.8488711177877364 2.6359127368631223 -0.03800980294614619 0.0314438406688774 -0.005484231646215032 0.9991760439585878 0.025068730851543264
559 1785155868.365394 1.8471258051090558 2.6369303098271257 -0.03774084843395732 0.0322456589975178 -0.005717843962044722 0.9992400686976808 0.021137853374838034
560 1785155868.393644 1.8447081295405172 2.637179836670942 -0.03747727524801865 0.032058469117102695 -0.005631925041337804 0.9993088833099192 0.017952484955542247
561 1785155868.4258 1.8416318031750045 2.638330444617595 -0.03702497583502739 0.03251459721175204 -0.005648326390732594 0.9993604417970428 0.013769704004120198
562 1785155868.457452 1.8383454947785203 2.639328687369847 -0.03674042873108523 0.03153100329159003 -0.005760560927481895 0.9994314380352561 0.010460039962007728
563 1785155868.489421 1.8352734314683827 2.6409480451753193 -0.036115996303236586 0.030588943304304006 -0.005824938289759052 0.9994829987625076 0.008007610514484398
564 1785155868.51745 1.832411942129343 2.641657674395139 -0.03578716091685254 0.02993090656195624 -0.005875512592580456 0.9995109160570428 0.006895496136279267
565 1785155868.549448 1.827882040315648 2.6424277112346775 -0.03570229900254536 0.031060876302231977 -0.005922614175524865 0.9994841070994769 0.0056271005168690436
566 1785155868.581428 1.823061078111809 2.643644301988333 -0.03537854044951946 0.031673116285157066 -0.005999565793068928 0.9994694855822468 0.004643953600193651
567 1785155868.60555 1.8197004451840364 2.6447331756025645 -0.03491094051242371 0.030179048298546562 -0.006094014509073875 0.9995170091059139 0.004223332679973768
568 1785155868.64142 1.8140040013271397 2.6453145142097645 -0.034460379698306634 0.028881896406339647 -0.006532141695560045 0.999553834283261 0.00391146449223545
569 1785155868.665477 1.8099842931877255 2.6464595427706783 -0.03442366883878618 0.029209789868349434 -0.006611125955591435 0.9995452574009565 0.0035156218087255
570 1785155868.697441 1.8050911192636268 2.6479299705724664 -0.033834633947185944 0.030161660709743243 -0.007088203801478787 0.999515980947568 0.002799182116286547
571 1785155868.733464 1.7979593655149329 2.6497359451244025 -0.03314580713316432 0.030051914091669685 -0.007271681618560455 0.9995200704480212 0.0019062731828639046
572 1785155868.757474 1.7923440338649042 2.650889962487919 -0.032948102219045206 0.029416143797951155 -0.007113140568486109 0.9995413233445474 0.0011120440378706298
573 1785155868.789435 1.7852333634667488 2.6524139698552824 -0.032898413071823264 0.029706635951611715 -0.006667840924171942 0.9995363860009417 0.0002621793754974955
574 1785155868.813513 1.7808856846809258 2.6540607333987247 -0.03226722545512019 0.02995917723864938 -0.006428533680030046 0.9995303858985669 -0.00035961002494322436
575 1785155868.849484 1.7731808269445826 2.6560479286245573 -0.03190649283050724 0.029893329652155465 -0.00604667410145987 0.9995345946793243 -0.0006485474983569106
576 1785155868.8735 1.7672510632082887 2.6573537142733747 -0.03096241947611545 0.028742438418141558 -0.006262360346923623 0.9995668453801005 -0.0008813021834825907
577 1785155868.905452 1.7605452027978499 2.6595721461664503 -0.029503664463121256 0.027277049437715306 -0.006450312750271359 0.9996065372220524 -0.0010615000395684526
578 1785155868.937435 1.752787216916106 2.661287588167174 -0.028149678767926137 0.026675712401958762 -0.007071138915070163 0.9996184625174884 -0.0011553166078795418
579 1785155868.965495 1.7465325468127122 2.6631959805487155 -0.027234323193272347 0.02713314833239805 -0.007796593443710531 0.999600299616445 -0.001498799172393761
580 1785155868.989503 1.7396947535868572 2.6639558772120675 -0.026640156859852 0.027812134849870718 -0.007790420550570443 0.9995814856219286 -0.0016272997868206351
581 1785155869.021505 1.7316309544705062 2.6662018395275506 -0.02510538318276722 0.02784186614491191 -0.007620192803778791 0.9995802903969727 -0.0024507552113292586
582 1785155869.053456 1.7214024647314492 2.667017316770272 -0.02519982811755228 0.02698442256933914 -0.006432925698447556 0.9996105612785259 -0.0030305421937709687
583 1785155869.081516 1.7142198052602524 2.6688976288065933 -0.024344195752601806 0.02554017793894231 -0.00610401227968449 0.9996467965559601 -0.004089312942730683
584 1785155869.113513 1.7053217975932586 2.6716245648264154 -0.022956928375236836 0.024328217160101473 -0.006069657854315014 0.9996724477870117 -0.005127790836906898
585 1785155869.145487 1.6936889159666322 2.6713984777983493 -0.022029820632471234 0.024229639872472952 -0.006380652446808299 0.9996728677108445 -0.0051351133171454455
586 1785155869.169706 1.686739572548214 2.6729256489627495 -0.02133288000844761 0.0240583939868676 -0.00717262728690804 0.9996695580145726 -0.00552466067059082
587 1785155869.205513 1.6774535640847916 2.6738704017246278 -0.020149414544191155 0.023617046665541097 -0.007504346831226916 0.9996771518620099 -0.005613548832468618
588 1785155869.229543 1.6682091237219423 2.673814638596917 -0.019604820667311472 0.023205135243128117 -0.007710542892760075 0.9996853503388122 -0.00559191779387469
589 1785155869.261499 1.6618253172710262 2.679100447993736 -0.01730720341414374 0.022088045823084435 -0.008106193106097836 0.9996965933081546 -0.007288977508154493
590 1785155869.293504 1.6536988894890339 2.679098815833839 -0.016314205448960915 0.022076851560365263 -0.007893674175110665 0.9996973759864408 -0.00744707855630572
591 1785155869.321524 1.646160337565314 2.6815451184541126 -0.014690389648722331 0.02142861544618646 -0.008178622230112564 0.9997016380616042 -0.008399966394100122
592 1785155869.345736 1.6394721103356105 2.682558864445114 -0.013737477681606942 0.021121489911345992 -0.008296264473090065 0.999706565254637 -0.008475732799815339
593 1785155869.377753 1.6284655633038607 2.682997402188963 -0.012353264362484906 0.021265943599105108 -0.008906985483936758 0.9996935117191617 -0.009017088168523424
594 1785155869.40954 1.619889201251047 2.686100665710073 -0.010055758844281608 0.02161003178615406 -0.009616852788517039 0.9996629669987658 -0.010699302774948793
595 1785155869.43756 1.6130760767784162 2.684516799520069 -0.008694528007408012 0.021666502466679283 -0.009835879083599397 0.9996632120744268 -0.010357633829903512
596 1785155869.469529 1.6038208964490195 2.6864995811758092 -0.006906708610728736 0.020737170930673843 -0.009558012431301888 0.9996817800266906 -0.010721605421886049
597 1785155869.501544 1.5948079554287435 2.691066235594684 -0.004526160566088407 0.019561051083360703 -0.009757587686984981 0.9996920916969007 -0.011742085066994812
598 1785155869.525897 1.5868642514792957 2.688620354842054 -0.0034849104495761826 0.01946369433917622 -0.00988901021068106 0.9997094949015988 -0.010212633515136071
599 1785155869.561555 1.578253601661484 2.6915767178243564 -0.002178400335227468 0.01887630743600932 -0.00954299556658228 0.9997239311658852 -0.01023121241232694
600 1785155869.585555 1.5702207947155953 2.6908233091460207 -0.0006831141661156476 0.01801584605873946 -0.010222518332923258 0.999741120924563 -0.009413848427684945
601 1785155869.617541 1.560725167394497 2.693327471605634 0.0004681857555261931 0.01850840994719624 -0.011104210308615525 0.9997044927245055 -0.011183134671802514
602 1785155869.645577 1.5533438269110122 2.6952720135798813 0.0015675667618139585 0.019101438844717128 -0.011693952349283054 0.9996674304614322 -0.012783387154902653
603 1785155869.677575 1.5433986420568802 2.6954056266043187 0.004024580551038916 0.018685463580713768 -0.012151568238956745 0.9996637678265088 -0.013249306963599494
604 1785155869.709538 1.5327240784468332 2.696583014405031 0.006200876086374138 0.016892694345691267 -0.0121309679959678 0.9996924969944692 -0.013505108151628059
605 1785155869.733559 1.5237049878047755 2.6971605195482042 0.007673931258888524 0.015015885538751245 -0.0122036125976962 0.9997264710599464 -0.013136897772248718
606 1785155869.761864 1.514378554099434 2.6980176807543343 0.008535183411444089 0.01420485978357261 -0.011353740034968751 0.9997435717473939 -0.01349463951021218
607 1785155869.793589 1.5038723840493136 2.700036144650613 0.010690131988606091 0.013189465828454539 -0.011924773194896487 0.9997311097059641 -0.01488442345177493
608 1785155869.825549 1.492399942718062 2.6987472823296788 0.011415214580260132 0.012012706591071953 -0.012062874221599573 0.9997327944480838 -0.015637188075101005
609 1785155869.849775 1.486702078924187 2.700539790789978 0.012132177624460526 0.012206514568901178 -0.012819286078434633 0.999702886395069 -0.01675726230284666
610 1785155869.885582 1.4781806305208822 2.699346016374805 0.013963489180227134 0.01154227229710933 -0.014009220499949238 0.9996995977135595 -0.01646912330850256
611 1785155869.909736 1.4719546190515618 2.699205867655289 0.013950839845598646 0.01112845010150229 -0.013605747407733348 0.9997140560205435 -0.016212570146923982
612 1785155869.941565 1.4661802896276712 2.701952345278936 0.014221835395526385 0.010980647353210388 -0.013644832930196804 0.9997113309730683 -0.01644684292099377
613 1785155869.973548 1.4607655923996872 2.702417884517118 0.015021006289558825 0.011642889803481687 -0.013956130522934429 0.9996914327614165 -0.0169324777063867
614 1785155870.001606 1.4563502606510048 2.7026690461123435 0.015198092359578988 0.011672217677001023 -0.013988236508499119 0.9996815010490472 -0.017463820721912354
615 1785155870.033601 1.4515035495143154 2.70334299586858 0.0157174434589751 0.010129801221031687 -0.013165284757286178 0.9997153239637954 -0.01712697978178912
616 1785155870.057595 1.4470361377975136 2.7035567896340678 0.0150368851304463 0.010264540678660783 -0.012428918364018271 0.9997280658610019 -0.016850979875870697
617 1785155870.089562 1.4440152066057608 2.7045029106681953 0.01566885590466753 0.010854660811356248 -0.01293570132344346 0.9997157213519456 -0.016832125584723273
618 1785155870.117619 1.4401768088449767 2.70382959113018 0.016197922920503538 0.010669733200865977 -0.013171614482220817 0.9997187673312516 -0.016584680010083314
619 1785155870.149618 1.4367525187051795 2.7048400685085845 0.01655561660709251 0.00988701464897837 -0.012786025421643421 0.9997361929744695 -0.016318975217898074
620 1785155870.173816 1.434404651098217 2.7051453849226905 0.016629114011122534 0.0098032164343351 -0.012545371605376276 0.9997474630139511 -0.01585940717659637
621 1785155870.205587 1.4311342990323546 2.705372878814369 0.01654959464238566 0.010069194521544478 -0.012452213053967431 0.9997587996234174 -0.015029846549105608
622 1785155870.233674 1.4310666142541557 2.7069730967518124 0.016882351323560668 0.010125332513797769 -0.012377205774805333 0.9997524903204165 -0.015467401747507048
623 1785155870.265639 1.4263076161391286 2.7062053984522088 0.01710714400202947 0.009329486867343167 -0.012317094624569647 0.9997733327504228 -0.014646944251740096
624 1785155870.297612 1.4245290762761025 2.7071781190287956 0.016967030959520804 0.010011615024548531 -0.01257012419965231 0.9997518772265004 -0.015425418123793416
625 1785155870.321606 1.4219635642547894 2.706439689074984 0.016938950771947348 0.010915263785461787 -0.013183489192838294 0.9997365319661308 -0.015294419947474464
626 1785155870.350015 1.419901312883992 2.706590012464702 0.01700759740417173 0.010583052049987773 -0.013041615906175141 0.9997499570531266 -0.014762744871275824
627 1785155870.381652 1.4189837543035027 2.708078467436388 0.01734182174676748 0.010503319076085815 -0.012889674677101393 0.9997510292177341 -0.014880058910699212
628 1785155870.413637 1.4175462449013243 2.7079933123183 0.018078537840941863 0.009213127279445427 -0.012981130230512838 0.9997581369139993 -0.015174854790748399
629 1785155870.437621 1.41610206011962 2.7079954396404675 0.017839532915872328 0.010570206701198182 -0.01306853281856768 0.9997399497441005 -0.015411588689266897
630 1785155870.47363 1.4140176816846788 2.7075768122484547 0.017311898551252022 0.012226287711221806 -0.013516920768700313 0.9997365242184639 -0.013953239241119797
631 1785155870.49765 1.4127008704656931 2.707474466229851 0.01746558866096127 0.011859470770233943 -0.013370827929955809 0.9997551185918687 -0.013049013866037379
632 1785155870.529638 1.411065320664391 2.7075517936734963 0.017453711510313934 0.010345092974977016 -0.013167542403728638 0.99976924679756 -0.013455409180875982
633 1785155870.553937 1.4100871897239868 2.708149523437083 0.01776985328465852 0.009711140049938005 -0.012598112710187015 0.9997590581195959 -0.01512636846339066
634 1785155870.589639 1.408838681951557 2.7081313174916826 0.017692036150160025 0.011154283632791223 -0.013193408424054476 0.999731748654923 -0.015425519834517426
635 1785155870.613669 1.408068077517651 2.7082165420080786 0.017809623124708726 0.011841384856435377 -0.013735515526477726 0.999736549799038 -0.014069407017332725
636 1785155870.645641 1.4064980347262765 2.708507502387336 0.01783868629529735 0.011621657564308718 -0.013463443932203334 0.9997578920960793 -0.01295491970436874
637 1785155870.673682 1.4053080280671277 2.7086119299195563 0.01773651244909428 0.010838626409833518 -0.013324190333412311 0.9997652709212712 -0.013205801347312252
638 1785155870.705675 1.4040728283632329 2.708800274245066 0.017854699989342034 0.010838056384436773 -0.013151871451692054 0.9997640929594842 -0.013465631809381401
639 1785155870.729677 1.4032210599524582 2.7089172215215123 0.017973190801986894 0.010947173766647611 -0.013376918803256643 0.9997568438761713 -0.013691988628794227
640 1785155870.761641 1.4019148144484392 2.709087858067928 0.01806623180477402 0.012050197866695284 -0.013669404413473418 0.9997466635712126 -0.013211691511044205
641 1785155870.789694 1.4006681314247453 2.708943764844655 0.01799140741508312 0.012205294622991025 -0.013524740633737153 0.9997532786775121 -0.012708026893321511
642 1785155870.82166 1.399356054501908 2.7092790140757144 0.017997608016257556 0.011273694436040288 -0.013569059801511019 0.9997656485415056 -0.01254720790647243
643 1785155870.845964 1.39744155039835 2.7086974795433285 0.01779771551327991 0.01116504427350365 -0.013252051704229273 0.9997632710765268 -0.01315776266551874
644 1785155870.87765 1.3956211165134693 2.708847958358956 0.01767796100429421 0.011910784129833901 -0.013204514543636248 0.9997407257053422 -0.014221651916537986
645 1785155870.905709 1.3942350296254304 2.7087316654677167 0.01771861394461411 0.012016601323618648 -0.013521573022064026 0.9997348087225694 -0.014250634515206972
646 1785155870.937671 1.3926920519982846 2.7089139794247417 0.017979475160122042 0.011135420389763034 -0.013147143189024546 0.9997373188307007 -0.015114508788326014
647 1785155870.961898 1.3913503374141896 2.70844669413561 0.01775930661046036 0.011530324704001726 -0.013264800297313195 0.9997332617065053 -0.0149833949078636
648 1785155870.99366 1.3894242628767193 2.708589715685129 0.01784918641363032 0.011191978419490128 -0.01313994278827002 0.9997497763092685 -0.014229065048212947
649 1785155871.021721 1.3883374105749926 2.708615189980575 0.01783189931716181 0.010925190941709378 -0.013094479793588354 0.9997544226062844 -0.014151652942235166
650 1785155871.053716 1.3869215675951467 2.7087207164261167 0.017897416869345456 0.011014022953554359 -0.012922604971338292 0.9997522370450038 -0.014393126923781363
651 1785155871.085686 1.3854565148064997 2.7088200152334454 0.017973326509355937 0.01108108703579666 -0.013000125123965756 0.9997649459299365 -0.01335137246044446
652 1785155871.109684 1.3842535431918959 2.708781879246771 0.017853315302169097 0.011014526301794225 -0.013135651420763061 0.9997722102967648 -0.012714652587506037
653 1785155871.137887 1.3832862822474743 2.70880197553575 0.01793435135967337 0.010667301377443345 -0.012624180139222396 0.9997813191947005 -0.01281220302834954
654 1785155871.169735 1.3816495965437567 2.70884126005083 0.01788919684775475 0.010606950885404864 -0.012675014854415356 0.9997817691684941 -0.012776956980090515
655 1785155871.201694 1.3801590954463623 2.708817474020123 0.01784842904700818 0.010737862706213852 -0.012662139379307824 0.9997799783308676 -0.012820431333282867
656 1785155871.2257 1.37912540409793 2.708745958257832 0.018000189885748773 0.011371459959098051 -0.012732493924474286 0.9997718918994264 -0.012835017129072201
657 1785155871.254004 1.3775069709342183 2.7086235689466216 0.017633309243203728 0.01140621617899662 -0.012780750851803802 0.9997656127367891 -0.013238966318200207
658 1785155871.28575 1.3760164974281746 2.7087784283169847 0.017696259179204088 0.010087282610842602 -0.012117093282689617 0.9997854205349709 -0.013436356113886744
659 1785155871.317732 1.374343318944063 2.708921832193703 0.017781891407588533 0.010068473471926936 -0.01197409096630031 0.9997959903614654 -0.012775940067670438
660 1785155871.341902 1.3733100240324527 2.7089708714843956 0.017720456251511488 0.010329011668111121 -0.012100172505080664 0.9998015658095918 -0.011988592410942689
661 1785155871.370004 1.3719972767224848 2.7089236730399233 0.017692189669684145 0.010062928511716085 -0.011912550830471658 0.9998131355097182 -0.011424651622948145
662 1785155871.401759 1.3702852753396708 2.7089147478837443 0.017679547859594094 0.010388843212335686 -0.011988197885035468 0.9998126077745907 -0.011095241464317396
663 1785155871.43372 1.368602607700264 2.709154639257745 0.017769583547466578 0.010058042369617104 -0.011760617049148048 0.9998161030236468 -0.011326244078372405
664 1785155871.457924 1.367325547210417 2.708994208743823 0.01767245759689727 0.009346651229563685 -0.011472726394601285 0.9998201217764049 -0.011863420707473926
665 1785155871.493752 1.366003111971135 2.709212412277024 0.017833205336081903 0.009899954099830521 -0.011548478356649683 0.9997993285839926 -0.013035571313327388
666 1785155871.517773 1.364895778110868 2.709021467963022 0.01792292607268481 0.010054544332240373 -0.011791767778226991 0.9997956502622339 -0.012981450907065012
667 1785155871.549737 1.363234877013926 2.708977450157458 0.017756948701217072 0.009638779296840011 -0.011627370907613344 0.99980500280426 -0.012722206845405176
668 1785155871.574007 1.3621274359658435 2.7090888119124363 0.017863192041365265 0.009470095555752261 -0.011417022192716453 0.9998125419516407 -0.012443867992490837
669 1785155871.609765 1.3606137106742155 2.709230848644426 0.01795104047723093 0.009427411522965085 -0.011432734151850976 0.9998096043797515 -0.012695333465274156
670 1785155871.6338 1.3592477620930177 2.7091302987589323 0.01776668234900399 0.009541926178713966 -0.01132797973883487 0.9998061471862292 -0.012972916729277473
671 1785155871.665777 1.357667595497751 2.709100226309493 0.017778579111372136 0.009543584512061054 -0.011183840390280364 0.9998070997761097 -0.013023246372175667
672 1785155871.697745 1.3562615351744225 2.709072394038478 0.01766324145070669 0.009593506733647172 -0.011047854802979429 0.9998116514187753 -0.012750341958765177
673 1785155871.725793 1.3551739144458328 2.709234743473671 0.017691836221766497 0.009532519813449158 -0.010965618644915132 0.9998185774905368 -0.012316589566101044
674 1785155871.757763 1.3535118671018591 2.7091501352950194 0.017636980970937174 0.009856286815495552 -0.010887395919955412 0.9998269197759679 -0.011421414605615743
675 1785155871.781786 1.3523021098098782 2.7091482929742483 0.017648495878064933 0.010311722046361715 -0.010980709338444805 0.9998244754288865 -0.011140500177956925
676 1785155871.817795 1.351322248103995 2.709340712622496 0.01775240964104314 0.008223145572117674 -0.010708598956846116 0.9998001392122098 -0.014744063772497595
677 1785155871.841807 1.3512586636402155 2.709125073151042 0.017659552115956337 0.008763656987058971 -0.010863362839018342 0.9997471332435698 -0.017631087184436983
678 1785155871.873788 1.3525951609625815 2.7101147952203934 0.018107997820511368 0.010525902695253636 -0.010680096573825182 0.9997357564321896 -0.017422922274450164
679 1785155871.898036 1.3516995156265055 2.7093334928190145 0.01770733572594562 0.012212252298355819 -0.010890643251940835 0.9997244083028267 -0.016833366476229628
680 1785155871.933803 1.3529825473110997 2.7102945351285506 0.01811792939073892 0.011751839586913393 -0.010729387278455904 0.9997266996971477 -0.017126016104210717
681 1785155871.957823 1.3527244479170675 2.7101335978814123 0.018232265096683464 0.011452535090452187 -0.010978241621652174 0.9997235557385178 -0.017353090572954644
682 1785155871.989796 1.352955677405193 2.7102626512827426 0.018153721500045288 0.011434216307919937 -0.010911732326677193 0.999726946171652 -0.01721121417441948
683 1785155872.013867 1.3531770178120162 2.710539832873082 0.01829938980654238 0.011322953911620526 -0.010808285371738724 0.9997224758356721 -0.017605197841334852
684 1785155872.049816 1.3525181405964681 2.709993878747294 0.0180858754324874 0.011378530651742047 -0.010907759443029852 0.999724556155577 -0.017388549211336868
685 1785155872.07383 1.3528546636240546 2.710230705464786 0.01811646781747931 0.011435512826323213 -0.010799168700467765 0.9997222908651082 -0.01754845147578349
686 1785155872.105812 1.352063765018029 2.709745245735568 0.01789320696978164 0.011325724716279822 -0.010764342888274325 0.9997273685480289 -0.017350661597425293
687 1785155872.130009 1.3519032355530565 2.709513589877921 0.01782237410013781 0.011432527802095638 -0.010829680141368758 0.9997268785131244 -0.017267996829234022
688 1785155872.165826 1.3517669512686705 2.709466827834829 0.017792758171613215 0.01119879479575872 -0.010833407196753853 0.9997304441955294 -0.017212298865676684
689 1785155872.189848 1.3514807649769085 2.7093134578291536 0.017625979749827533 0.01049754979892295 -0.010723138070260596 0.9997394484504887 -0.017200318894073502
690 1785155872.221825 1.3513461280050771 2.7092613279365563 0.017673361566784708 0.009564798484689524 -0.010769430232989596 0.9997485079047589 -0.017188802884801763
691 1785155872.245966 1.352197373056693 2.7099349203131204 0.01808800798950507 0.009688146074448983 -0.010822185091349135 0.9997433679305779 -0.01738443022688793
692 1785155872.273859 1.3516508697896379 2.709400216018514 0.017769808191040633 0.009944033049713835 -0.010853219427323757 0.9997444637991936 -0.017156075822620714
693 1785155872.305843 1.352441228216232 2.7100517379990063 0.018196980389028172 0.009590794385336193 -0.01086560926341229 0.9997430216173786 -0.017431176831950418
694 1785155872.337827 1.3519869751830083 2.709614048438161 0.017913085286673458 0.009785937563700525 -0.010789526347753653 0.9997442742191843 -0.0172976216037605
695 1785155872.369802 1.3516708690604595 2.7094269645325344 0.017749041144310918 0.00986949455735292 -0.010800451428466085 0.9997439003017841 -0.017264910526848587
696 1785155872.397854 1.352043797423098 2.7098402424529096 0.018001655867311492 0.009634337788265973 -0.010834803247683378 0.9997433939919121 -0.017404963185769035
697 1785155872.429862 1.3523935002195364 2.7098955243395806 0.018109412416844245 0.00974085328499008 -0.010906112988606165 0.9997417565810476 -0.017395189708701353
698 1785155872.453843 1.3523393465720084 2.7100861911258267 0.01807618076772518 0.00978067971895441 -0.010859943583155895 0.9997317080834388 -0.017969746302480327
699 1785155872.485817 1.3527442598736945 2.7101555230967938 0.01821005695485846 0.009207917791646869 -0.010924603479960548 0.9997281567055263 -0.01842498246725366
700 1785155872.513879 1.3525130303529944 2.7097820666703307 0.017982116561575244 0.008813364628719289 -0.0109264504711854 0.9997235040166468 -0.018864061087138895
701 1785155872.545874 1.3534713169382901 2.70987972074059 0.01812670318130452 0.008866143436745771 -0.010715489677304069 0.9996869218250362 -0.020799714265312047
702 1785155872.569857 1.3544649334585048 2.7095276496968 0.017882906075652343 0.008782031135311869 -0.010832845645161404 0.9996384598036676 -0.02298858555278413
703 1785155872.601873 1.356963086152728 2.7098582807023317 0.01803544105420026 0.008308586002834267 -0.010755451644464564 0.9995523254513776 -0.026654011767472535
704 1785155872.62988 1.35875742544484 2.7095914591255092 0.018021349855312917 0.008124508645362766 -0.010917935575275983 0.9995181547426917 -0.027897121389323792
705 1785155872.661883 1.361980011335844 2.7094415323540573 0.01778252248460413 0.008039482711149432 -0.011217691045483869 0.9995573417532343 -0.026356226447525583
706 1785155872.685863 1.3650696256877917 2.7097100646028554 0.017892495018787376 0.008290141244583521 -0.011211402830288764 0.999641020073951 -0.02287813345167969
707 1785155872.717842 1.3697987842748172 2.7097401672322112 0.017856083752991622 0.009399732961112128 -0.011889449580909095 0.9997531726165304 -0.01624437909262727
708 1785155872.745894 1.3733392771645043 2.709725113791321 0.017891463758033556 0.010086909962753965 -0.01251207031077739 0.9997965489445285 -0.012188644820183892
709 1785155872.769909 1.3771288289352104 2.709650202883342 0.017901204405613907 0.01008969720610281 -0.012628647788544 0.9998147051995745 -0.01045325461326524
710 1785155872.801875 1.3824115145994076 2.709707572846498 0.018050706422668747 0.010195696440956054 -0.01284831730815783 0.9998097329800469 -0.010557762774368568
711 1785155872.833856 1.3875044847582436 2.709573909109588 0.01810599265530792 0.009394782617296621 -0.012466231945849837 0.9997978830695514 -0.012669811770102596
712 1785155872.861906 1.391764048608002 2.709416705625107 0.01800133472357686 0.009115037297535378 -0.01235284887694027 0.9997935295178464 -0.013312458598453869
713 1785155872.886185 1.3962620461914883 2.7095967162651706 0.018076010785305505 0.00932204340656323 -0.012239608791494438 0.9998027981681215 -0.012556124344401065
714 1785155872.917896 1.4024739953016683 2.7093854664248083 0.017968224393555596 0.009622448351500612 -0.012589192147012707 0.9998064643279296 -0.011659957842669044
715 1785155872.949896 1.4085480501118304 2.7087441870058284 0.017704461253502564 0.00938345102296026 -0.01237701740108954 0.9998079831542113 -0.011948100613123264
716 1785155872.97792 1.4129632640410417 2.7082239986646455 0.017468713106308757 0.009376247667237436 -0.012133944849832767 0.9998049422599713 -0.012447119931914274
717 1785155873.001932 1.4177600007531637 2.707713399666936 0.017310534609699682 0.010182866408810609 -0.01286827020259046 0.9997830206564309 -0.012830762284309682
718 1785155873.033906 1.4245800010592953 2.707324545787073 0.017079289434028228 0.01073286613374716 -0.013058473683124627 0.9997514651114617 -0.014535812915273644
719 1785155873.065892 1.4312225922945148 2.7069644139492834 0.016737053673684527 0.011429567653799627 -0.013409216263795987 0.9997067043645189 -0.01661514824100349
720 1785155873.093934 1.43570719711836 2.7058580143636437 0.016454562409849903 0.011576985964510872 -0.013671529610520428 0.9996828012873414 -0.017701962726769077
721 1785155873.125925 1.442305868725073 2.7050510285489153 0.016236369652465922 0.011863263839456434 -0.014003832684752138 0.9996498155233787 -0.019063104817636484
722 1785155873.149963 1.4465243687303475 2.7038512862958943 0.0157811400501027 0.01233248268977985 -0.014205683932795421 0.9996305626653422 -0.019617507488955882
723 1785155873.181928 1.453413063125611 2.7039097761353945 0.015705883320635848 0.012049213240430567 -0.013774848469946921 0.9996184843554388 -0.020687091261274493
724 1785155873.209973 1.4583538673788845 2.7034700274564316 0.015307152841209502 0.011945525591517125 -0.013844112824798138 0.9996147708387659 -0.020879532547406654
725 1785155873.241934 1.465340231818328 2.703068355430157 0.015336945141084565 0.012046491043175817 -0.013941773508564848 0.9996192733981538 -0.02053819018145811
726 1785155873.266094 1.4697265145665637 2.7029498360237985 0.015070416715431065 0.013185131105633047 -0.013487266708218204 0.999615489655501 -0.020325323989108496
727 1785155873.297921 1.475358498607385 2.701967655518375 0.01462911035900892 0.015568094787824532 -0.013697314291067464 0.9995946440066896 -0.019508092654813486
728 1785155873.325937 1.4787805605564468 2.701486711533382 0.014398524269714691 0.016866412173202644 -0.01394215401272525 0.9995708676354663 -0.01947359895783954
729 1785155873.357955 1.4844423236982145 2.7010557968053948 0.014129724310501794 0.016966095588456992 -0.0139213954747619 0.999591166395158 -0.018326112879890416
730 1785155873.38994 1.489323000390358 2.700668980077947 0.013914524453840935 0.01737210912043871 -0.014361122005262295 0.9996148442222729 -0.01619046663745846
731 1785155873.417972 1.4921490466759415 2.700308821784562 0.013442454467561149 0.01675985756926815 -0.014126714451852651 0.9996419540653669 -0.01534623033283758
732 1785155873.449966 1.4958641005875688 2.7001885681837803 0.013268888519951574 0.016884982490752404 -0.014010412022784635 0.9996445132298373 -0.01514770248983241
733 1785155873.473953 1.4976495973753008 2.7000058741012345 0.013272761860408364 0.0175066462513756 -0.014175959899579649 0.9996198614199518 -0.015896293678435203
734 1785155873.50593 1.5004365470756271 2.6997622980276885 0.013013667296049927 0.016715600202211967 -0.014403405620261323 0.999630131016179 -0.015897540092572493
735 1785155873.533992 1.5014759564590807 2.6994684866530756 0.012893851990691013 0.015627173864189714 -0.014020958418257734 0.9996613119232294 -0.015377438212509309
736 1785155873.566003 1.5032335691162135 2.6993992527851813 0.012520065175769798 0.016147957546863767 -0.013759358019444501 0.9996550402057022 -0.01548302700680465
737 1785155873.597954 1.5050519956823696 2.699349737948733 0.01261963840897247 0.01490217911118133 -0.01401710527913358 0.9996507636893355 -0.01672711788265982
738 1785155873.62196 1.5063249570211692 2.6991076836110013 0.012639265266365288 0.014205868344416867 -0.013947651680819906 0.9996497857342126 -0.017434511714255724
739 1785155873.65799 1.5084641848826061 2.699641779874663 0.012479816161264937 0.014818290486237978 -0.013849338969767366 0.9996441091515416 -0.017328275037839097
740 1785155873.682325 1.509157588693941 2.699357283225056 0.012326443636304044 0.01467661027305664 -0.013998587989499045 0.9996490352265681 -0.01704238879338102
741 1785155873.713971 1.5105916004241993 2.699820852797759 0.012287236319603115 0.014644077394337845 -0.013693356110971666 0.9996570677928719 -0.016846062075283302
742 1785155873.745956 1.5118900878238262 2.6993931318344186 0.011965278271454334 0.014544713064977621 -0.013534387818747717 0.9996772053746867 -0.015835299886195253
743 1785155873.774011 1.5130869167379652 2.699509539248993 0.012092962088372183 0.014886778857313154 -0.013684354698270507 0.9996751898469272 -0.01551248066092148
744 1785155873.806044 1.514472122501889 2.6991421455853417 0.012140253459116852 0.014478679641011877 -0.013571622682062023 0.9996911847348128 -0.014957073815938221
745 1785155873.83799 1.5155986930801266 2.6990251150254974 0.011753264277418865 0.014836247867142605 -0.01375081810279899 0.9996855320592737 -0.014820180231529811
746 1785155873.862014 1.5159689082963181 2.6991118661201456 0.011545094684509448 0.014603148508670616 -0.013559827933150082 0.9996825568560388 -0.015416375638583113
747 1785155873.897984 1.517874213175932 2.6989646221867742 0.011469303987105647 0.014657307580888068 -0.013608955545080292 0.9996828404694433 -0.01530287993799645
748 1785155873.922035 1.518079995599615 2.6983874657078784 0.011303961155439746 0.014702934811652218 -0.013848243787217496 0.999684833294742 -0.01490918952855172
749 1785155873.953998 1.5195888036933445 2.6984888927599684 0.011335268792516263 0.014450557797890617 -0.013553053769500778 0.9997006140820255 -0.014358910713286877
750 1785155873.990029 1.5211559219956738 2.6983292961936955 0.011009466487978285 0.014551358871334574 -0.013380651841549795 0.9997042587932499 -0.014163723448709586
751 1785155874.013994 1.522916474420319 2.6986451918594 0.011080067665558357 0.014947034490077338 -0.013597985303311355 0.9996961323182906 -0.014118214600092605
752 1785155874.045997 1.5237027422760245 2.698299742165828 0.010821295478498319 0.014628767890480482 -0.013458573107565597 0.9996960398156436 -0.014584030198621506
753 1785155874.070034 1.524211141921498 2.698019244708717 0.010551743589709575 0.014660852646077221 -0.01356933720326492 0.9996926810710821 -0.014679097399556224
754 1785155874.106039 1.5260293367249518 2.698456973730869 0.010431802350281516 0.014794893146876487 -0.013317478967124707 0.999695623925303 -0.014574477532048491
755 1785155874.13003 1.5272708489663158 2.698477715297559 0.010422588886700113 0.014508196485075564 -0.01342376195932099 0.9996923983576984 -0.01498077152363192
756 1785155874.16201 1.528903387892404 2.6984457359387752 0.010319910859129929 0.014467522455762744 -0.0132811877236646 0.9996866199966347 -0.01552297156941515
757 1785155874.186331 1.529502614098546 2.6979451038425206 0.010031479010875095 0.014465314416181374 -0.013243798499877613 0.999681352342711 -0.015891829925590795
758 1785155874.222052 1.5308300707723808 2.6979706030556283 0.010144762128820706 0.014682580365566411 -0.013491545333528976 0.9996706887400997 -0.01615283604252965
759 1785155874.246393 1.5322050136667849 2.6978227003257866 0.010164673729129083 0.014602420236616537 -0.013341970348459076 0.9996771087512185 -0.015951156361178193
760 1785155874.278032 1.5337808281590566 2.698085871514453 0.009926621132867686 0.014617828039426184 -0.013298109137948377 0.9996725868353041 -0.016254184900396818
761 1785155874.310016 1.5352169962475504 2.698275560906612 0.009555887680478617 0.015034633584686763 -0.013142244681310866 0.9996587640814557 -0.016840326387786486
762 1785155874.338073 1.5365022551839405 2.6978927029551314 0.009736923161459216 0.01451375056896484 -0.013365515688385066 0.9996569175498343 -0.017226759113927764
763 1785155874.370067 1.5375835890875302 2.6978073024373073 0.009859569005342059 0.014458118424202776 -0.013317069516481816 0.9996533667649338 -0.017514702014521794
764 1785155874.394252 1.539129390553886 2.6981318225674817 0.010057267141765955 0.01454502451362874 -0.013216600697008696 0.9996509634655608 -0.01765545157422102
765 1785155874.426044 1.5400033111701397 2.6975672945968956 0.009713602501484342 0.014434577955923594 -0.013360138055446669 0.9996503217882331 -0.01767438313083944
766 1785155874.454246 1.5400929963177121 2.6973865433173327 0.009562893485178421 0.014552309457478818 -0.01322634425177971 0.9996384380417009 -0.018338137766289064
767 1785155874.486091 1.5410574679494498 2.6974051858642856 0.00974272349183522 0.014398000840117331 -0.012993675359176726 0.9996344792161892 -0.01883533739136356
768 1785155874.518062 1.5422198521552746 2.6969970229725138 0.009136969302934714 0.01483857166687974 -0.013091406361376512 0.9996317819901279 -0.01856696813185965
769 1785155874.542233 1.5432532006868085 2.696746673283995 0.00902447863040464 0.015124692507963278 -0.012981206799142109 0.9996276574463658 -0.018635407558422246
770 1785155874.578084 1.5449042623000235 2.6970583842433187 0.009015048456065468 0.017568798283577797 -0.01283335421169085 0.9995859117226585 -0.018832085177416052
771 1785155874.602111 1.544899625737262 2.6965248505876125 0.00871747244299964 0.022450261187796444 -0.013382695270058531 0.9994966030532585 -0.017984152048552943
772 1785155874.634075 1.5446301039747234 2.697159711614301 0.008987430935079754 0.020702078713463495 -0.013371001212849953 0.9995468463677729 -0.017284159792931936
773 1785155874.666078 1.5444942783526423 2.6971014613179523 0.008922397528421874 0.0177242081926402 -0.01267292147198934 0.9996318439740228 -0.01616867398407673
774 1785155874.694097 1.5443439415866265 2.697217901782953 0.009568611532039223 0.014239730131556022 -0.012404141800596236 0.9996969398993067 -0.015792267346184358
775 1785155874.718384 1.5433117157605354 2.6967811865084754 0.009662793740573154 0.013596916769870765 -0.012880272774109414 0.9997023000580844 -0.01563757289971282
776 1785155874.750089 1.5433615137895598 2.6968514265764787 0.009538055485078578 0.015729443605467908 -0.013223980932875967 0.9996607458414408 -0.016003254540355227
777 1785155874.782109 1.5435433833976375 2.6967056688517257 0.00942477771033557 0.015647091063015095 -0.012876273028388896 0.9996687604692043 -0.015866300013835044
778 1785155874.810115 1.5433271912431783 2.696297654810673 0.009240512251053663 0.014745922144968032 -0.01285299341678725 0.9996894544685143 -0.015438684036116007
779 1785155874.842138 1.5429822998611153 2.696659922921835 0.009460068586937022 0.014344596110359625 -0.012762200254908262 0.9996961779022356 -0.015456736225534756
780 1785155874.874111 1.5432289370042223 2.6964593853480774 0.009358683580072295 0.01494672636810393 -0.012933088454475827 0.9996871378231471 -0.015328309263244383
781 1785155874.898288 1.5431569195935357 2.6966693706964047 0.00972088020124457 0.015044936210423576 -0.013239313849394585 0.9996822640466859 -0.015288604047254739
782 1785155874.93414 1.5430760033220843 2.6966423530424732 0.009588052552622524 0.014711827088905588 -0.012975250692595641 0.9996901999881572 -0.015320217387783636
783 1785155874.958139 1.5429802093970857 2.696645933529175 0.009657312557700061 0.014781653176431514 -0.012959430588013854 0.9996852908968055 -0.01558444906872189
784 1785155874.990115 1.542874792118757 2.696636753328604 0.009670413458687098 0.015425382664083886 -0.013162584353748119 0.9995630104901136 -0.0215079520814494
785 1785155875.018151 1.5426638137728486 2.696869733668008 0.010489474645295573 0.01366187652716258 -0.012364396298989555 0.9993242118870272 -0.03180557137185255
786 1785155875.050139 1.5409486778973154 2.6954977445326467 0.010158305262654169 0.014051796105109121 -0.012196093355170023 0.9985513260163784 -0.05048813369520286
787 1785155875.074342 1.5407000516256764 2.6952118792312207 0.010093010888651603 0.013991157057356485 -0.012196559547853036 0.997400043245517 -0.06963221376082235
788 1785155875.106108 1.5408459351022628 2.694152029265018 0.01039693120184828 0.013636579292013007 -0.011462273639169351 0.9947458231639641 -0.10081372568296898
789 1785155875.134161 1.5399015960451414 2.693380115723352 0.010317157277173757 0.014212931064208956 -0.01135022653698975 0.9916143148445973 -0.12794614313609942
790 1785155875.166159 1.5396945510503321 2.692315374616305 0.01022134255580659 0.014445586235053876 -0.011073252180830329 0.9855123588170469 -0.16862413452209513
791 1785155875.198134 1.5394866118154586 2.692257249187464 0.00971614817103418 0.014620673876637819 -0.010260690723405741 0.9767361364654557 -0.21369949425257548
792 1785155875.222121 1.5377191049607384 2.6910704407946433 0.009295992534309364 0.014799496327243533 -0.009508831591273359 0.9682344005367526 -0.2494247434547423
793 1785155875.258164 1.5369600692584235 2.6907589231019555 0.009336595679497114 0.014652360714736634 -0.008980073836252322 0.9547877188271547 -0.296791304751704
794 1785155875.282193 1.5364148580270647 2.691133874697101 0.009685609097919254 0.013782563296854705 -0.007883421618170017 0.9433582128487945 -0.3313957978962421
795 1785155875.314149 1.5353801492233188 2.689837030198698 0.009867560014386753 0.012844033887470685 -0.006821687694841039 0.9263072808544913 -0.3764881363422362
796 1785155875.346124 1.5349590451050297 2.688913894551101 0.009429300984942643 0.012703410533657256 -0.005796976817880162 0.9070678367678454 -0.420752846599863
797 1785155875.374202 1.5346410762861895 2.6889814225711457 0.009702472596167862 0.011954219229570823 -0.005373177174633481 0.8908494762948538 -0.4541094980231598
798 1785155875.40619 1.5340281902640993 2.68811525127936 0.009513927790174717 0.011309120927808003 -0.004177806380707305 0.8673656209118231 -0.497525405761287
799 1785155875.438161 1.5337147875743466 2.687797361601289 0.009639493560585669 0.00991842969643486 -0.002871555751834065 0.8414977753315506 -0.5401618952054769
800 1785155875.462394 1.5335813766478532 2.6882739215155076 0.009880893105501228 0.009012433290586763 -0.001906614357115366 0.8208393948301509 -0.5710847824646947
801 1785155875.498212 1.5329627956651883 2.6867084029654857 0.009882191755628726 0.00826302023937886 -0.000996470435965624 0.7939315271089372 -0.607950211617419
802 1785155875.522536 1.5335738868132167 2.6873034968283345 0.009889032409674193 0.007234319694294333 -0.00047075090379045115 0.7755856683033333 -0.6312006924383236
803 1785155875.554193 1.533406806907313 2.686599693803479 0.0098727123458852 0.006840663594806062 0.00017876799709981572 0.7559932714110941 -0.6545436172973792
804 1785155875.590223 1.532756299597012 2.6848263054367 0.009928523262256104 0.006193788927221222 0.0005205600279625244 0.7429393401157376 -0.6693298909389711
805 1785155875.614243 1.5327620801029145 2.6846600076135996 0.00989165161946253 0.006388443797536669 0.000987274224919621 0.737755250996034 -0.675037334303244
806 1785155875.646184 1.5326162399336074 2.6842642940706503 0.009750481179751141 0.006789950675656908 0.0009846666519452985 0.7327854102266333 -0.6804252123197608
807 1785155875.678158 1.5327123355747487 2.6841047647048275 0.009834401640850159 0.006410906649909065 0.001263045910831595 0.728083866424586 -0.6854569194655336
808 1785155875.706243 1.5325574345744104 2.6837179001086477 0.009812479359863822 0.00702041263236397 0.0016942759633582494 0.7237607935382289 -0.6900131571008953
809 1785155875.738242 1.5324210529781106 2.683272368624386 0.009832778924482104 0.005977848527679908 0.001256290581126529 0.7166679874433278 -0.6973877564417706
810 1785155875.762215 1.5326847205394372 2.682972670491835 0.009730246874724017 0.0059207049688919655 0.0016188524066077514 0.7124513236571163 -0.7016946885852707
811 1785155875.794178 1.5322757802829492 2.682673471538666 0.009818782152711869 0.005804874264986215 0.0015755455075442404 0.7058416010503302 -0.7083441644552654
812 1785155875.822265 1.5322320165285215 2.6827798557181706 0.009871826388960978 0.005744149182893454 0.0015348270371493555 0.7009673710982777 -0.7131685591160761
813 1785155875.854259 1.5323499090819392 2.6826545578321896 0.00983591972488923 0.00566435031760637 0.0018945297138257544 0.6943793989706424 -0.7195843079013136
814 1785155875.886208 1.5324065476175315 2.6820694497698856 0.009722629639393087 0.0051391923716789245 0.001671071420546788 0.689700182814142 -0.724074895330734
815 1785155875.918191 1.5323879836541672 2.6830358208028393 0.009808597121613288 0.004285958388607569 0.0013700461064881653 0.6894803736901477 -0.7242903891606262
816 1785155875.946253 1.5324600683201488 2.6837689454036386 0.009842868031924624 0.004227645829997573 0.0012626748154219714 0.6910711281953218 -0.7227732897927895
817 1785155875.978257 1.5325104466586756 2.6845800316135255 0.009828809509299225 0.004011835198384994 0.0010951909473521093 0.694465477552826 -0.7195140069675193
818 1785155876.010222 1.5326146245049823 2.685722904359808 0.009748066872211199 0.0036984372313753067 0.0009001412814362286 0.6970926214312829 -0.7169709815981267
819 1785155876.034453 1.532560022697205 2.6864738895421434 0.009792072474766069 0.0037078484834943692 0.0007331876460897613 0.698020766537405 -0.7160675413520938
820 1785155876.070271 1.5323490362253251 2.6868277883276424 0.009630508449720798 0.003649494299841183 0.0006300302109246703 0.6980299210619693 -0.7160590154138903
821 1785155876.094565 1.5325828855919745 2.687212924110709 0.009658365183726897 0.003632351079854268 0.0003149068157034529 0.6976007718479443 -0.7164774036747305
822 1785155876.126269 1.5326168322374787 2.6878192671141603 0.009769987927110962 0.00372817340577436 0.00046870161735002025 0.695752686713363 -0.7182715920687573
823 1785155876.162281 1.5326636715373165 2.689043080400019 0.009908791394148228 0.0038007711369740793 0.0003724186269185026 0.6939771219433897 -0.7199869232578466
824 1785155876.186297 1.532667721874567 2.6899774283382802 0.009707482502101489 0.003950636055170098 0.0007114972875775782 0.6933064283318261 -0.7206317247250055
825 1785155876.218255 1.5330103361976835 2.690721610876554 0.009801023810147096 0.004223076753699373 0.0006078203992984088 0.6925276227142053 -0.7213787409917941
826 1785155876.250224 1.5331594857957365 2.6917877204511393 0.009704003876684512 0.004133559544536203 0.0005972275260199833 0.6916464843925625 -0.7222241325462497
827 1785155876.278311 1.5331521001429722 2.692447632254632 0.009576320110732929 0.0036536987586766045 0.0003898305288546622 0.6910759209143813 -0.7227728343330838
828 1785155876.310307 1.533059265103712 2.693335584455392 0.009715246636058345 0.003364657240736646 0.0003209921307700814 0.6917138417381989 -0.7221637883427043
829 1785155876.342264 1.5329339288199753 2.694133599363291 0.00973022083083748 0.0031352720297919134 4.770009288712629e-05 0.692125179914582 -0.721770672112831
830 1785155876.366439 1.5325806104322681 2.6942368771814325 0.009473391630458168 0.0027983192668668 9.887807535946536e-05 0.691711255565526 -0.722168746593461
831 1785155876.402278 1.5325608773784771 2.695055540326944 0.00951785233674632 0.003234507666581621 0.0004247768966959553 0.6912378993405851 -0.7226199028811469
832 1785155876.426576 1.5325598804257992 2.695622055641466 0.009702430362037847 0.002499700922227621 -5.6791173324244326e-05 0.6909952280872002 -0.7228549944703851
833 1785155876.458356 1.5326199783966492 2.696460913798771 0.009615861158010573 0.0028959004338403593 0.0005765640551401718 0.6908111420533155 -0.7230292161106368
834 1785155876.490252 1.5329196166128862 2.6969776025557257 0.009918825952616617 0.005944433507193425 0.004231497933532502 0.6971507396838974 -0.7168874418580031
835 1785155876.518323 1.533142327829839 2.6973625483722126 0.00981027016436965 0.00531476724172486 0.0028461512950882506 0.7012203425008318 -0.7129191286078582
836 1785155876.550315 1.5329460400365487 2.6973661206575237 0.0097589806086949 0.0037683447015146587 0.0020400193128692345 0.7012894638991296 -0.7128637497611202
837 1785155876.582278 1.5329188552830866 2.6972306909456445 0.009782315753800471 0.0019601394578646625 -0.0007823531755078994 0.7013630482089185 -0.7128011085737093
838 1785155876.606271 1.5329345149898275 2.697233960591578 0.009812766702549219 0.001566356843492156 -0.0009554220875946928 0.7019945254952926 -0.7121799771613299
839 1785155876.634596 1.5329159608853262 2.6972764383284185 0.00978206554308195 0.00197223432326743 -0.000380142264598482 0.7020481088973646 -0.7121266871682784
840 1785155876.666333 1.5326767306288502 2.6971873908362825 0.009773678173031076 0.002043743076508897 0.0001419962114045381 0.7022092312906164 -0.7119676948019164
841 1785155876.6983 1.5326049824201022 2.697338683109642 0.009785225687670165 0.002012725359739842 -3.825822443392912e-05 0.702238052622186 -0.7119393688526675
842 1785155876.72231 1.5327176919388914 2.6972540591963767 0.009822858219252991 0.0019461196625565336 -1.5626442970928522e-05 0.7023403163617323 -0.7118386701963972
843 1785155876.750349 1.5326376600190068 2.6973294031336934 0.009887873196733257 0.0019516645973617353 -2.1990056867537966e-05 0.7023867136254801 -0.7117928736958069
844 1785155876.782339 1.5326934277977506 2.697136732033244 0.009814244954773456 0.002092672423325448 -0.00011207902803078706 0.7024101801640916 -0.711769307403929
845 1785155876.806484 1.532755479390445 2.697167797642498 0.009901810231408886 0.0020339965531929183 -0.0001737546748911134 0.702468106080191 -0.7117122962317317
846 1785155876.838296 1.5328089128559514 2.697276836542883 0.009884024097767407 0.002033670041339808 -0.00015720783533801352 0.7024888835145947 -0.7116917928501618
847 1785155876.86636 1.5327873508567238 2.69716408847923 0.009809589556178548 0.0021244018234777284 -0.00011110206787778854 0.7024349866276952 -0.7117447324248859
848 1785155876.898348 1.532712703447062 2.6973729536934696 0.009873920848721164 0.0020126258143925435 -0.000202917359447774 0.7024511335629406 -0.7117291009351917
849 1785155876.922591 1.5327457686392194 2.6972515190921813 0.009917473394664457 0.001962938384048929 -0.00022354758409570685 0.7024682661236651 -0.7117123238982096
850 1785155876.954349 1.5327045346627686 2.6972901985637057 0.009923030854676804 0.002032228679392678 -0.00020702116858273278 0.7024236244796338 -0.7117561934832214
851 1785155876.982385 1.5327548509999223 2.697210486073504 0.00993691726065928 0.002038768620594711 -0.00024689388205734186 0.7024833415236672 -0.7116972230855376
852 1785155877.014328 1.532931810458465 2.6970860536199597 0.009899043019512757 0.0021607512792927164 -0.00015374691803948792 0.7026197745671643 -0.7115621967916659
853 1785155877.038613 1.532633142843588 2.6973640905739176 0.010030667092003365 0.0021077692565137918 -0.00017665991113724466 0.7024946344224173 -0.7116858961000643
854 1785155877.070349 1.5327038019967119 2.6974036162998933 0.010012114071095288 0.002047386987757749 -0.0001110988248714806 0.7025384400405211 -0.7116428430954707
855 1785155877.09839 1.5327352949777917 2.697163353725955 0.009938986890857239 0.0021411376957075623 -0.00011679340444670228 0.7025434662338065 -0.7116376043611364
856 1785155877.130346 1.5326731580714779 2.6971891930943332 0.009973287804521525 0.0021735745503894677 -5.4873054955884015e-05 0.7025109164441599 -0.7116696458606397
857 1785155877.154496 1.5329453964077828 2.697081802569575 0.009980981378095014 0.0021566688005979495 -6.194845944296201e-05 0.7025319438180425 -0.7116489393354813
858 1785155877.190408 1.5327705473203568 2.697014185191346 0.009850546748726317 0.002763220052447113 0.0006349395145718306 0.7023500071228336 -0.7118261227022441
859 1785155877.214408 1.532808038428575 2.6969060550481694 0.009890617721717274 0.00512535675590009 0.0030851741199920957 0.7021710434321603 -0.7119831726832914
860 1785155877.246354 1.5329930361146171 2.69622371932562 0.009966217128217655 0.005494442505663444 0.0031169148713049433 0.7020443874444887 -0.7121051706039844
861 1785155877.270458 1.5329172444551356 2.6959564769782807 0.00990583821137085 0.0035226625651026966 0.00047922487548068826 0.7019768336289586 -0.712190905755074
862 1785155877.306411 1.5326719238298916 2.6953130991127843 0.010100368341763711 0.005096072801211049 0.0016511559462766279 0.7021047463980323 -0.7120535294564592
863 1785155877.330414 1.5328702716236213 2.6943944210744872 0.010145215584342733 0.007058129265556601 0.003622418014522455 0.7023997848880118 -0.7117384372705141
864 1785155877.362361 1.5328804728067127 2.693173780280193 0.009931422290533244 0.00500065197040056 0.0008302480226339837 0.7021715323116285 -0.7119897775805716
865 1785155877.386399 1.532983774689093 2.6918579764508515 0.009813921804640403 0.004729961489733481 0.00026630794356596876 0.7020385889328499 -0.7121231467896251
866 1785155877.422416 1.5329922145146344 2.6900419053984237 0.009872427191051445 0.006188665990782494 0.0016741150755652523 0.7022100451271134 -0.7119409738697063
867 1785155877.446427 1.5329719949495997 2.6887158651526617 0.009881163801448305 0.006458302033548025 0.002104640047829842 0.7024130611390164 -0.7117371371274854
868 1785155877.470722 1.532876326610007 2.6873805925832968 0.009839983919968265 0.0062520373803038876 0.001823787785649178 0.7023335815349647 -0.7118181832989218
869 1785155877.502402 1.532764991003201 2.685631990045369 0.009857794992056149 0.005848180017405169 0.0012856872577787781 0.7019625511948595 -0.7121886846326355
870 1785155877.538418 1.5325809878023635 2.6837571920484615 0.009816933146193502 0.005045999763231612 0.0008383733198191745 0.7011599956206088 -0.7129856208633341
871 1785155877.562427 1.532313807823703 2.682140436087591 0.009777739295684408 0.005387107507679678 0.0015856758309598096 0.700717359405884 -0.7134168815861488
872 1785155877.586679 1.5323250981483603 2.6806820539738148 0.009771260920673694 0.006403155121724513 0.0024905375766228754 0.7009246402604745 -0.7132022472642603
873 1785155877.618424 1.5321477572908835 2.6784189220143007 0.009777697334887855 0.008490181976472444 0.004289621243006803 0.7012237079925769 -0.712877848799315
874 1785155877.646453 1.5323468168134526 2.677036416235028 0.009703722520542215 0.008513217649972926 0.00416027892511317 0.7015231527247702 -0.712583667645848
875 1785155877.678454 1.5323241604778104 2.6749152624597268 0.009678987171625922 0.007054113496183456 0.003222617547225415 0.7015116559790397 -0.7126157805890019
876 1785155877.702619 1.5321726759158478 2.6729471364598885 0.00974761834968639 0.007263223061956259 0.003476817442526814 0.7014208540147427 -0.7127018611484418
877 1785155877.734402 1.5321983141748325 2.6706278255523452 0.009830224923445544 0.009695744233418457 0.0050805178648754 0.7016222388621658 -0.7124650270827524
878 1785155877.762472 1.53212703399034 2.6690180195511033 0.009773835771483122 0.010673169262517268 0.005520601556465943 0.7018246333718653 -0.7122484049885934
879 1785155877.794455 1.5320087197217105 2.666690368779885 0.009733106867876304 0.009687473035284166 0.004259104570444205 0.701844445738895 -0.7122516317144609
880 1785155877.818656 1.5319688300369996 2.663579274005721 0.009700348903766517 0.009525671169777983 0.004427627656395705 0.701547623544031 -0.7125451491672821
881 1785155877.850395 1.5321730285164972 2.6599712871943795 0.00979693436440291 0.01012386624644035 0.0057755669511037055 0.7013090964318719 -0.7127620229926179
882 1785155877.878471 1.5322521745311821 2.657662994158419 0.009720473715055945 0.01101318492286485 0.006709836920725576 0.7013582089217735 -0.7126923253581409
883 1785155877.91047 1.5323231753082514 2.6543497718375537 0.009700770256697647 0.01083780298508108 0.006853465203122244 0.7013084829864433 -0.7127425788687103
884 1785155877.934644 1.5324751532732543 2.651753737366518 0.009741877197874962 0.010096256427410077 0.0062876741399851 0.7016316007051767 -0.7124406134211839
885 1785155877.966408 1.532433045644742 2.6484109647457137 0.009738088637131978 0.009458463137475781 0.0059346708720250385 0.7015749805586758 -0.7125081499960625
886 1785155877.994471 1.5324717827584184 2.6455700726054863 0.009628787586624811 0.009725982804271616 0.006304774150467818 0.7016252850632477 -0.7124518330675549
887 1785155878.026466 1.532536557265558 2.6417380687073018 0.009567357829246802 0.010293347605175529 0.006403021404573939 0.7018816077848761 -0.7121904639668303
888 1785155878.050606 1.532606895854736 2.6392251441250387 0.009610746930378548 0.010824338132535027 0.006318807300147555 0.7021551980201627 -0.7119136073088941
889 1785155878.082425 1.5327328843579175 2.6354397290005402 0.009661435897122886 0.01091925612903133 0.006544532962317606 0.702075833680368 -0.7119883866299436
890 1785155878.110479 1.532767377311967 2.632368216502628 0.009616080614004652 0.0101339879552802 0.006871671177256511 0.7017925705069197 -0.7122761194962555
891 1785155878.142491 1.5328076025294168 2.628190292817833 0.00953039651888489 0.00905668478207211 0.006960214961899469 0.7015048131917101 -0.7125731744440751
892 1785155878.166449 1.5328251150041048 2.6251009286202347 0.00946252554682707 0.00787291791403788 0.006495049413867582 0.7012747714458377 -0.712818017750827
893 1785155878.198453 1.532912328861568 2.6211383743580203 0.009488807404806225 0.006713218769879847 0.006139444028669838 0.700896420021379 -0.7132050534888135
894 1785155878.226753 1.5329848927584435 2.617904307302829 0.00946117306735706 0.0074192729005212454 0.006723372656194937 0.7003006786645157 -0.7137777736184928
895 1785155878.258511 1.5330349816775755 2.614035934439716 0.009304267127334509 0.009143286724240363 0.007217596298670581 0.6999346030252386 -0.7141119366734107
896 1785155878.290457 1.5332112178828805 2.60992278858176 0.009309168167092326 0.00967264995205519 0.007720826878635401 0.7003341637822701 -0.7137078447898719
897 1785155878.314469 1.5332655222157068 2.6067325921002493 0.009260527827842521 0.009740787690291963 0.008490644414018922 0.7005898204060953 -0.7134472156760882
898 1785155878.342738 1.5333863600919169 2.603676724353257 0.009176081103758803 0.009653564555826666 0.008912545461829735 0.700661993569081 -0.7133723754061119
899 1785155878.374522 1.533412999465645 2.599596582982151 0.009184253374729723 0.008435203895082566 0.008978187169778273 0.7006247799970857 -0.7134235468110288
900 1785155878.406478 1.5336097925689405 2.595526239672906 0.009096777243842644 0.007956400465001012 0.008360406650908203 0.7005326711365947 -0.7135269973606462
901 1785155878.430514 1.5336937946818696 2.5923584152753385 0.009093136637588765 0.007660349355755325 0.007972315066445357 0.7003136686641821 -0.7137496246740475
902 1785155878.458883 1.5337876651873645 2.589335717665916 0.00906899784787566 0.007536431450432701 0.007487684685516527 0.700131896908275 -0.7139344953920239
903 1785155878.490532 1.5338519266207822 2.5851199806159073 0.009079003203406558 0.007602330160532578 0.006773641923455309 0.700004812193647 -0.7140655328868355
904 1785155878.522482 1.534039024750082 2.5806648696632757 0.008967315841674744 0.007928520716957932 0.006587810137754446 0.699854477707467 -0.7142110677871341
905 1785155878.546472 1.5340883668235827 2.5775912434788237 0.008939123702771452 0.007879408695111056 0.006801661065866882 0.6997549649114003 -0.714307105807583
906 1785155878.574771 1.5341607425910242 2.5745030560647617 0.008915437321453487 0.00795698018412161 0.006941374942308287 0.6997274782218582 -0.7143318276554241
907 1785155878.606546 1.5342095896597019 2.57030049526217 0.008867973447838951 0.0076225780196457205 0.006996036635850356 0.6996904753953721 -0.7143711853208545
908 1785155878.6385 1.5342763190509836 2.5662160022941447 0.008827474565227426 0.006720093075612055 0.005860007509239762 0.6995339608908405 -0.7145437272983503
909 1785155878.662704 1.5344533817105683 2.562935289955962 0.008703978343065612 0.005937262262254217 0.0048045721254612594 0.6995363307959852 -0.7145562167527553
910 1785155878.698565 1.534583852388777 2.5587410224186815 0.008673166248014456 0.005577902074122232 0.003750703320884785 0.6993064619691275 -0.7147903828964627
911 1785155878.722561 1.5346797381604866 2.5556560414760967 0.008569147811362997 0.006332673722279192 0.00435690010456613 0.6988721909955996 -0.7152052679601962
912 1785155878.754517 1.5348420239067968 2.5515676362093362 0.008615429110590773 0.00723116914820876 0.004759241663890301 0.6985911812525276 -0.7154686724712221
913 1785155878.790555 1.5350079716750413 2.5474363297948868 0.008576865442392674 0.0070714676907766005 0.005246640249423118 0.698647286415762 -0.7154120744680534
914 1785155878.814573 1.5350491977143688 2.544287755431046 0.008472294199336917 0.007010960106516473 0.005582184348855268 0.698742526707921 -0.7153171094179915
915 1785155878.838576 1.535082510516172 2.5412373392072016 0.008455614748525752 0.0067137774741135026 0.0056804163747314895 0.6987617618784798 -0.7153003971747258
916 1785155878.870547 1.5352565568799255 2.5371419220405587 0.00829319288499104 0.006875194067995416 0.0051714351121350255 0.6990806154366711 -0.714991105599289
917 1785155878.906583 1.5354071977021135 2.532986678732688 0.008262582522116185 0.006918174093641927 0.004544341345747993 0.6991880652529097 -0.7148898776992414
918 1785155878.93058 1.535589656109854 2.52998634994628 0.008266934768568386 0.007349698372783653 0.004810250762526058 0.6991341344268911 -0.7149365744599954
919 1785155878.954846 1.5357509516348054 2.526865770334922 0.008176289901621916 0.008535501594627348 0.005288127199740922 0.6989756501076749 -0.7150749761247424
920 1785155878.986542 1.5358283806745379 2.5229157848818007 0.008149082681151276 0.008605215844071812 0.005982371188999469 0.6989315352767748 -0.7151117888070959
921 1785155879.022596 1.5358772333186714 2.518925085690147 0.008117028892182035 0.007910560096725305 0.00646284981751466 0.6991190739916511 -0.7149322869980407
922 1785155879.04659 1.5360740437490217 2.515880334091441 0.008091738857996064 0.00727843969145936 0.006158433234833449 0.6994638476078254 -0.71460438279191
923 1785155879.070853 1.536194013133622 2.5128153619594906 0.008090363098005822 0.006590391891963865 0.005694458426370286 0.6999559378746474 -0.7141329182385894
924 1785155879.10256 1.5364320275189363 2.5088281605420844 0.007985766233349872 0.006612764882314215 0.004953021327960272 0.7001536828568535 -0.713944367091947
925 1785155879.138597 1.536473610258013 2.504736295122429 0.00795035616113371 0.006816112745086644 0.004843211654806834 0.6995639331674539 -0.7145210894852545
926 1785155879.162606 1.5366313535430967 2.501525251435504 0.00791123795502936 0.00722628084384036 0.004818266101300983 0.6991770592038715 -0.7148958001415093
927 1785155879.186741 1.5366845562181741 2.498587828166165 0.00782282575174659 0.007068449944727662 0.004934115732121991 0.6992468885839133 -0.7148282872991508
928 1785155879.218571 1.5369297048834278 2.4946050507423845 0.007792314305541288 0.006501836205210942 0.004944420113556447 0.6995734747517783 -0.7145139832497502
929 1785155879.246623 1.5369842812755594 2.491516460050264 0.007818324482648454 0.006208323700054752 0.004890401130661193 0.6997695925789895 -0.7143248966649922
930 1785155879.278617 1.5370233269301246 2.487600641986914 0.007765530156657222 0.005807348191665951 0.005100166479519053 0.699734637140621 -0.7143610435868866
931 1785155879.302588 1.5370191090965462 2.4844683153875917 0.007753720687082796 0.005679848285312761 0.004769876305286136 0.6995552534238941 -0.7145400163815316
932 1785155879.334584 1.5371697383642393 2.4803852723772564 0.007641589322250623 0.00549508878843008 0.004049364247889264 0.6993318106933571 -0.7147645942551616
933 1785155879.362641 1.5373154731195242 2.4773182693504414 0.007617110487830859 0.005420991563744093 0.0036290088972814605 0.6992754626919044 -0.7148225447073645
934 1785155879.394637 1.5373956663034714 2.4729237530967003 0.00749615807988549 0.0054577442526208 0.0036784422536069172 0.699188593060757 -0.7149069823578302
935 1785155879.426589 1.5375474775897993 2.4688047107093665 0.007478832390708769 0.0051014226645812455 0.003583397469786642 0.6992163557651089 -0.7148829432710865
936 1785155879.450569 1.537615356606565 2.4658133437624135 0.007452740526383311 0.004884840564528092 0.0035282480582888853 0.6992559340335877 -0.714846017347172
937 1785155879.478897 1.5376656687816324 2.462692930445601 0.007406274141470801 0.004783860571942133 0.004005562871902457 0.6992176886247612 -0.7148815944325007
938 1785155879.510646 1.537814618339648 2.4586023107822594 0.007374255694147569 0.0051952211015114935 0.004511059826675323 0.6992761021447741 -0.7148185734759263
939 1785155879.542599 1.5379888906547134 2.454500986492363 0.007298459405221225 0.005681860004886907 0.004137477212478258 0.6993966742668893 -0.7146991603280473
940 1785155879.566589 1.5380732001115378 2.4514389553772222 0.0072691726004495485 0.006205551102972384 0.004358783942207234 0.6993979441993795 -0.7146922469061318
941 1785155879.594935 1.538200053406019 2.448428333860555 0.007281959280186625 0.007202281483308037 0.004887536032148421 0.6990615091743196 -0.715008563252142
942 1785155879.626647 1.538420444323955 2.4442810042518275 0.00714672983418237 0.008417996157085827 0.005187913429535174 0.699361172176294 -0.7147000585890189
943 1785155879.65862 1.538518816989091 2.4402721549641893 0.007156274479058963 0.0080229327722251 0.005567869654627189 0.699424426119219 -0.7146398418259668
944 1785155879.682632 1.5385342197371714 2.437260042541271 0.007013521226305067 0.008104626547979055 0.00579522888210271 0.6994764632866787 -0.7145861793084735
945 1785155879.718648 1.5386594488392016 2.433261213381087 0.007224006814068446 0.007371034294078815 0.005624828886538036 0.6999366193249028 -0.7141447738949427
946 1785155879.74268 1.5387254322577035 2.4302274468234946 0.0071362763052170465 0.006750303272578084 0.005393748964492184 0.7000818041395707 -0.7140103699460675
947 1785155879.774632 1.538828591282859 2.4261784136738207 0.007106128129355113 0.005806870125591668 0.004420230924555346 0.6998596506897196 -0.7142431036799599
948 1785155879.798738 1.5387866049251913 2.422940865606719 0.007113139819127579 0.005810103603470118 0.004617885575366576 0.6986983812357486 -0.7153778651086952
949 1785155879.834651 1.538963568358024 2.4190859464617755 0.007142911706810036 0.0069973986472853245 0.004550031853645775 0.6973587144933698 -0.716673675351939
950 1785155879.858851 1.5391161162328655 2.4164331453837504 0.007091254179439829 0.00651387886134891 0.004042065258788696 0.6970669887148249 -0.7169650230901573
951 1785155879.890653 1.539149758501679 2.413034838289577 0.007135315443415075 0.00485935098612067 0.0031143404758059434 0.6978236831508441 -0.7162463227306545
952 1785155879.922616 1.539248957156218 2.4097358624341814 0.0070339184444002945 0.005385437998273068 0.004137082247622659 0.6997802120872282 -0.7143259314760996
953 1785155879.950666 1.5393042479206853 2.4074614426258067 0.0069537115969907325 0.005054179697225991 0.004319563939988558 0.7004050341243463 -0.7137146382191063
954 1785155879.982682 1.5393247977770737 2.4047562816279786 0.006949437742808762 0.005364082143915594 0.0043946865594758355 0.7003150833455748 -0.7138001802966136
955 1785155880.006756 1.5394107602587106 2.402848472514371 0.00697493860097495 0.005418542967022155 0.004547201086339103 0.7000358564008515 -0.714072658843287
956 1785155880.03867 1.5397656535194504 2.400809225441196 0.007111031883431068 0.005588302627972053 0.004465462540817922 0.6997700199938118 -0.7143323803635776
957 1785155880.066679 1.5392337143021846 2.3991890841000583 0.0071449985655090975 0.005821385317162142 0.0046514942189598285 0.6985699861550544 -0.7155029346675298
958 1785155880.098685 1.5394025208140678 2.3974698307168607 0.007162658733834308 0.006056147186345062 0.004925023846081955 0.6991541596623853 -0.7149283378410433
959 1785155880.123072 1.539466750495325 2.3962230588101594 0.007100746784190551 0.006691219473131005 0.005462285405948841 0.6989416809669173 -0.7151265046320451
960 1785155880.154653 1.5395292791929993 2.3946255711351623 0.007154839988409777 0.006608111271785733 0.0050555612609226586 0.699056233618422 -0.7150182909583386
961 1785155880.18269 1.5396668506964872 2.393575556062973 0.007231032290719246 0.006286769383568203 0.004853228741001692 0.6993006712084422 -0.7147835294331619
962 1785155880.214671 1.5396801286072803 2.392171799837841 0.007165472192107992 0.006408068470745265 0.004909203563014053 0.6979892128564532 -0.7160627731664871
963 1785155880.238863 1.5397622524619674 2.3912588671310617 0.007222400427454964 0.006641550060943691 0.004793026990003946 0.6977801784205614 -0.7162651319926377
964 1785155880.270665 1.53977506006168 2.3901677568567474 0.0072376476977254085 0.0068439998774922906 0.004842468734180261 0.6987565059276366 -0.7153104609790327
965 1785155880.298705 1.5397606164084106 2.38935236908142 0.007254439202713521 0.007346865068711739 0.005176636929081102 0.6994193535193434 -0.714655017421938
966 1785155880.330676 1.5397632934698928 2.3883386358159138 0.007272974582423014 0.006014446025242148 0.00437729642305118 0.7003552298820727 -0.7137557128961304
967 1785155880.354882 1.5397647694736274 2.387592813439608 0.007282165010233592 0.005599110468139101 0.00420412700341144 0.7000682539160571 -0.7140416060265871
968 1785155880.390724 1.5397892021335542 2.3866579275450777 0.007271103253623078 0.006686765933761607 0.004568079374447032 0.6994576234404911 -0.7146281920153698
969 1785155880.414715 1.5399156536742467 2.3860723269743653 0.007304736586253559 0.006749087574631107 0.004494318552855758 0.699518873534181 -0.7145681188572058
970 1785155880.446687 1.5400005454219583 2.385296523872102 0.007293435463325313 0.005350693292904052 0.003856311612293384 0.7001442775961177 -0.713970930424653
971 1785155880.470911 1.540056294275334 2.3847864437200137 0.007312059839290584 0.005873809481272363 0.004082082914348306 0.7009595020148 -0.7131652063136716
972 1785155880.506747 1.5401029792353793 2.3840847381997823 0.007170386314021872 0.007705622392954692 0.0054641282705533145 0.7015842068750221 -0.7125239415972816
973 1785155880.530731 1.5400866633527313 2.38364175256683 0.00715956313649576 0.00758507996326796 0.0054279231867699895 0.701890745531331 -0.7122235502630492
974 1785155880.562714 1.5400283161317025 2.3830164715701114 0.007111634096434092 0.006415544293432274 0.004377485964683792 0.7020916456245602 -0.7120442398841839
975 1785155880.586895 1.540066257232007 2.3826155069995183 0.0071122787661479295 0.006103460750521483 0.003959825887214441 0.7022340932474386 -0.7119089448986841
976 1785155880.622759 1.5401530214408967 2.3821001481187736 0.007056234650847343 0.007316908796919597 0.005208148722507189 0.7024682246093936 -0.7116584373466449
977 1785155880.646742 1.5401660357225413 2.3817721863065255 0.007035281195298618 0.00773926040224715 0.0057224148926201535 0.7024140140337025 -0.7117035272536483
978 1785155880.678721 1.5401346545950285 2.381334329462915 0.006997769600120007 0.0074722290518139944 0.0057984141903200115 0.7018649253404251 -0.7122472679924818
979 1785155880.702943 1.540095408406188 2.3809386836674395 0.006954428197476412 0.007448539345797811 0.00594130929784098 0.7013436363410149 -0.7127596536486921
980 1785155880.738779 1.540137799231819 2.3804966452808283 0.006926617637772841 0.008101110683441548 0.006371134319952398 0.7009483879982604 -0.713137530926407
981 1785155880.762762 1.540160763871774 2.3800865645966014 0.0069037716608417975 0.008695312395043509 0.007127714963693577 0.7008508930167862 -0.7132191899965412
982 1785155880.79474 1.540123178391941 2.379590374043424 0.0069252293699315765 0.008498692021866594 0.007038880243670165 0.700512331563465 -0.7135549731634914
983 1785155880.818959 1.5401795513039374 2.379244603170995 0.006939477805635384 0.008004646530317294 0.006383678570531903 0.7008780214317339 -0.7132076649586506
984 1785155880.85478 1.5402168355525754 2.378737480994693 0.006933166377683073 0.007851927505692968 0.006242185109712528 0.7015554356667704 -0.7125442814632013
985 1785155880.878777 1.5402147456556352 2.378349763170031 0.006919552722912677 0.00734599066460917 0.005884334960949866 0.7016233789697628 -0.7124858209861271
986 1785155880.910779 1.540207287214293 2.3778348060604904 0.006849317927499099 0.006959702723000949 0.005187925799596926 0.7017773729019919 -0.7123434332165096
987 1785155880.934941 1.5402463419628043 2.3774161815556285 0.00682973861387523 0.0072730761378242414 0.0055616797716189215 0.7017621115135338 -0.7123525173154637
988 1785155880.970816 1.5401749503105704 2.376921126589979 0.006818057528301259 0.0070997741468363795 0.005721816566716553 0.7014754035549797 -0.7126353290636238
989 1785155880.994792 1.540245622981573 2.3765784484885994 0.006833805909619534 0.007544117510303816 0.005868338391102235 0.7012235584256848 -0.7128773877774062
990 1785155881.026777 1.5402359562942889 2.3760914084211997 0.006868807206176442 0.008034679751427354 0.0063848750527616405 0.7006070781818313 -0.7134734748351687
991 1785155881.051135 1.5402583092378443 2.375769543008216 0.006855629920947258 0.008254256549817374 0.0066089356718027625 0.7004465301499139 -0.7136265463245056
992 1785155881.086798 1.540375186786938 2.3752660188354615 0.006841130409445166 0.00872047610872606 0.006849396796362317 0.700990822634443 -0.713084080345544
993 1785155881.110812 1.5402679944245905 2.374863747035236 0.006788384659288407 0.008518434063883085 0.006587649355973557 0.7013431370574108 -0.7127424803247888
994 1785155881.142787 1.5402432448904586 2.3743205970996053 0.006785694702298367 0.007853436586862883 0.006061368176749737 0.7012502576896703 -0.7128461681455355
995 1785155881.174747 1.5402571540187735 2.373727491057971 0.006769076412469804 0.008042050511456234 0.006148741311915673 0.7008882983624438 -0.7131992089328538
996 1785155881.202819 1.5402552986757208 2.3733245291846625 0.006794783826879168 0.007832563839094697 0.005956082660629858 0.7008762531974676 -0.7132150122697399
997 1785155881.226822 1.5402661836415554 2.3729212604519314 0.006830592807321883 0.008136726782768 0.00612192880917628 0.7010255742001144 -0.7130634333510014
998 1785155881.258786 1.5403017785594504 2.3724006469631185 0.00686645115263014 0.008258638175642097 0.006153981526812902 0.7009118102596016 -0.713173581707469
999 1785155881.290781 1.5403037629602598 2.371876245829281 0.006885146857922655 0.007972569091366455 0.00578819286972887 0.70082509787842 -0.7132651100040498
1000 1785155881.31881 1.5403150767985507 2.3715174260578484 0.006904610977554241 0.0076885763562299925 0.005377103284339491 0.7009858365415467 -0.7131134759083102
1001 1785155881.342824 1.5403124815282885 2.371190133329431 0.006880325936190909 0.008136395196033042 0.005736486152729925 0.7008416156828551 -0.7132474476132943
1002 1785155881.374807 1.54032736539804 2.3707867569375622 0.006848672361924706 0.008718941814123027 0.006602972967743259 0.7004219244454954 -0.7136452259755529
1003 1785155881.406806 1.540325931924238 2.370348107295351 0.006832750331757995 0.008880612041796354 0.0066473172922481005 0.6998930532847996 -0.7141615096504852
1004 1785155881.434814 1.5403673212009434 2.3700264962210422 0.006822412709501718 0.008678340917438243 0.006372655525206161 0.7001950249775258 -0.7138704382849873
1005 1785155881.45912 1.5404209926572583 2.3697341931541502 0.006836525339815026 0.008560789533456514 0.00625840451237325 0.7006194681297931 -0.7134563098978445
1006 1785155881.490816 1.540406894294667 2.369245653608423 0.006850480033872241 0.008919494679391682 0.006441237814391876 0.7006277548962597 -0.7134421505203554
1007 1785155881.522807 1.5404297268560623 2.3687419205227163 0.0068516961893706554 0.008806156571894652 0.00625131357989861 0.7005270902270037 -0.7135440901185046
1008 1785155881.550816 1.5404262023007567 2.368405692494205 0.006817599986534601 0.008672485650705775 0.006369006740605143 0.7000398515293137 -0.7140227097344963
1009 1785155881.575172 1.540419082473559 2.3680903282694965 0.006810689886987086 0.009228193872111934 0.006714371317316337 0.6998015082746456 -0.7142461807193672
1010 1785155881.606828 1.5404548243853433 2.367677890713072 0.006810124054419775 0.009520918941709478 0.00667230162851562 0.7000420897005027 -0.7140069363397229
1011 1785155881.638795 1.5404767527533232 2.367259630188114 0.00679515311653222 0.009713281084775427 0.006735599690229077 0.6998646168793216 -0.7141777103128756
1012 1785155881.666872 1.540483365245967 2.3669783085942884 0.006799413358579004 0.009563593432569961 0.006784572103045061 0.699732508316277 -0.7143087036201131
1013 1785155881.690882 1.5404812592388357 2.3667063113731297 0.006820025787821392 0.009755825075371205 0.006865587269704654 0.6997601909392829 -0.7142782110390596
1014 1785155881.722828 1.540515963892253 2.366325902255711 0.006869576472058964 0.009874684988810611 0.00680596084515428 0.700160819442378 -0.7138844419169841
1015 1785155881.74683 1.540499304332216 2.366013669310568 0.006872655681668123 0.009858310121039882 0.006849228376644145 0.7003032698890462 -0.7137445144972477
1016 1785155881.782841 1.5405206482315608 2.365624808050418 0.006848509254220581 0.010183803356541898 0.007073421322836615 0.7002631957070625 -0.7137770755621934
1017 1785155881.806903 1.5405178788367024 2.3653217331441363 0.006842095438263526 0.010221555439955954 0.007100804287649143 0.6999642336140187 -0.7140694434324969
1018 1785155881.838836 1.540537428284945 2.36490760380318 0.006820161849677202 0.010411542785122907 0.007237635667317943 0.6995342291873754 -0.7144865839202339
1019 1785155881.863016 1.540533920430104 2.3646457237835317 0.006857583172149122 0.010286731939145088 0.007218915408374382 0.6994307062309766 -0.71458992267424
1020 1785155881.898899 1.5405647638113977 2.3642888561625037 0.006881272668411605 0.010391997838056666 0.007453760034115353 0.6993414514519971 -0.7146733394518798
1021 1785155881.922924 1.5405842796775833 2.3640433404244168 0.006876020391242688 0.010633595459049405 0.007502262932338799 0.6992901324578781 -0.7147194927701012
1022 1785155881.954858 1.5405636871856847 2.3638182100842466 0.006897786692581724 0.009174050810271783 0.006346809345206927 0.6979991565682377 -0.7160116844248389
1023 1785155881.990902 1.5405345250511646 2.3638171055580606 0.006850541293399376 0.009304073202888175 0.0069658999889548046 0.6979588342610763 -0.716043557429364
1024 1785155882.014881 1.5405493692795218 2.3638891731031983 0.006852398523782548 0.010410012680949987 0.007441930774367833 0.6983885543839431 -0.715604413351286
1025 1785155882.046859 1.5405624282806745 2.363896125011631 0.006878383164233476 0.010842238582293828 0.007329899692549824 0.698341324192827 -0.7156452426709975
1026 1785155882.070877 1.540549095771045 2.363875372006255 0.006833188247972598 0.010332163760228608 0.007322396715530144 0.698309232483111 -0.7156841794585238
1027 1785155882.10692 1.540547956381049 2.3638701001655393 0.0068615809938240395 0.01006897797540307 0.0072216336403854164 0.6982751330662619 -0.7157222242122913
1028 1785155882.13088 1.5405781075691687 2.363843682857449 0.006868055352323224 0.010148157668083635 0.007257898916549599 0.6982585101656035 -0.7157369564166524
1029 1785155882.162871 1.540573248477995 2.3638821455538035 0.0068678751885469305 0.009959045859852633 0.007173831299874811 0.6982932238402924 -0.7157065928778172
1030 1785155882.186902 1.5405505589541637 2.3638660459833107 0.006883399614575 0.009817401499387701 0.007181751223560129 0.6982187111287717 -0.7157811624420134
1031 1785155882.222914 1.540540270835612 2.363849000052832 0.0068835890950715885 0.009776018026302902 0.007430412811075926 0.6982146441404129 -0.7157831579080939
1032 1785155882.246908 1.5405799412175951 2.363871161054326 0.006892058336029849 0.009861312012718892 0.007188224390884512 0.6982816008738346 -0.7157191417284918
1033 1785155882.278893 1.540569766256061 2.3638693366806427 0.00689083865976511 0.00971101624375581 0.007313642854879343 0.6982999978296038 -0.7157019769589017
1034 1785155882.302931 1.5405635430864946 2.3638664365869344 0.006882322400407717 0.009641545443294652 0.007395513536434861 0.698352400303383 -0.7156509428286257
1035 1785155882.338937 1.5405550036912137 2.363875708922399 0.006880962287576842 0.009613104767278058 0.0073563680218246 0.6983141251736816 -0.7156890767988404
1036 1785155882.362921 1.5405564865499146 2.3638679294826135 0.006860106465062313 0.009691908390820125 0.007372159403231104 0.698290714778207 -0.7157106928305724
1037 1785155882.394896 1.5405516346091104 2.363899778781212 0.006874473608203816 0.009724097339202875 0.007340872652708441 0.6983137828915694 -0.7156880704212558
1038 1785155882.418922 1.540561354117028 2.363854392792394 0.006866435708288373 0.00970042328739551 0.007353468587998235 0.6982594584696596 -0.7157412639672444
1039 1785155882.45496 1.5405670147884774 2.3638614822388204 0.006861494224461955 0.009682968504407974 0.0073486179238466676 0.6982948169673819 -0.7157070535715313
1040 1785155882.478943 1.5405481011604196 2.3638532454999996 0.006858920215447865 0.009681324586962248 0.007377293490155257 0.6982539888353712 -0.7157466133838812
1041 1785155882.510909 1.5405679763673328 2.363884141204652 0.006865324307977049 0.009633139638320354 0.007421982880997713 0.6983109942556055 -0.7156911848643736
1042 1785155882.535048 1.5405604781257702 2.3638840095430527 0.0068751897584136 0.009671606842867608 0.007343136603149558 0.6982980405260145 -0.7157041183082806
1043 1785155882.570979 1.5405540431350335 2.3638970162729764 0.006876502830719264 0.009584871876416767 0.0073936708228069525 0.6982848798249907 -0.715717605254108
1044 1785155882.594966 1.5405489290338052 2.363929279090849 0.006898237974584713 0.009162188972555274 0.007058176299425956 0.698346717970026 -0.7156661916990703
1045 1785155882.626941 1.5404972240818162 2.364117348135639 0.006878809640546813 0.007933024164051283 0.006612873004066211 0.6998623063398325 -0.7142031148090404
1046 1785155882.65109 1.540475147665445 2.36434928397144 0.006854975791245523 0.009365188971353522 0.007148236004734798 0.7011597481078093 -0.7129068688061191
1047 1785155882.68696 1.540453372854666 2.364804868519969 0.006863823546665503 0.009247424238238655 0.006688016970714972 0.7025298798047993 -0.7115627333941906
1048 1785155882.711005 1.5404226004273827 2.36520435911095 0.006846847495335765 0.009639889451890205 0.006813795898792052 0.703087449736798 -0.7110054027498036
1049 1785155882.742953 1.5404592525435072 2.365776306820512 0.0068401869309092575 0.009571900608976835 0.006566707710326414 0.7026993151116946 -0.7113922473643739
1050 1785155882.774919 1.5404644581793192 2.366423898075717 0.0067893237330581835 0.00933340278439354 0.0064659888614552186 0.7019939921799271 -0.7120923490136631
1051 1785155882.802985 1.540450300141449 2.367000883611319 0.006833353672828203 0.009595535214697803 0.006451324152736526 0.7013207078055691 -0.7127521104309095
1052 1785155882.82727 1.5404650899789547 2.3675758781917424 0.0068657031696374785 0.009898037944742533 0.006426200937172166 0.7007718845558945 -0.7132878090941549
1053 1785155882.85897 1.540460410190236 2.3682763945127814 0.006858357219731735 0.009413566037014709 0.006222725671312546 0.700385819150779 -0.7136752530333237
1054 1785155882.89093 1.5404750026593308 2.3690356360548295 0.0068796266758902845 0.008865964728491993 0.006093857590710683 0.7000500602612815 -0.714012725865074
1055 1785155882.918984 1.5404482427312136 2.369551259100149 0.006836605527165689 0.008923454478322657 0.005995586894452232 0.6995927828809589 -0.714460889789525
1056 1785155882.943324 1.5404401464147828 2.3700889626824604 0.006849365221344803 0.009057067468370095 0.006114721490272035 0.6993880556515838 -0.7146586089328717
1057 1785155882.974989 1.5404543200040397 2.370815653025502 0.0068193529296163985 0.00923809007959897 0.006310340666101366 0.699774386418871 -0.71427630886405
1058 1785155883.006977 1.540392858964905 2.3715163986095282 0.006821297697391433 0.008293995611210692 0.005462166213580644 0.6997444322494087 -0.7143242288436036
1059 1785155883.035001 1.5403528050256279 2.3720568881817954 0.006846422060513946 0.008014472112462756 0.0054106216896868675 0.700169580594513 -0.7139110951790801
1060 1785155883.067055 1.5403547648582265 2.372764642922232 0.006811392530751102 0.008449467273576539 0.005688308924818752 0.701226501394539 -0.7128657961961307
1061 1785155883.090998 1.5403032090454223 2.373284179468703 0.006840263766637052 0.008557241851693487 0.005919641398601572 0.7013418010770318 -0.7127491911743071
1062 1785155883.122995 1.5403025304898805 2.3738936229720347 0.006864198912119927 0.009869563943591841 0.00760379813692158 0.7011874623360482 -0.7128680920227736
1063 1785155883.151013 1.5403096889220724 2.3743115338124863 0.006885695748685056 0.011122382659833896 0.008872551229776038 0.7008737235703333 -0.7131434596540163
1064 1785155883.183004 1.5403086943052244 2.3747884035705242 0.006895846826110469 0.010398813915276195 0.00802409093733314 0.7000748301955976 -0.713948675158369
1065 1785155883.206999 1.540365055596343 2.375125019216402 0.006876717620886479 0.008918200754291394 0.006753118506217515 0.6996478442143599 -0.7144002765760564
1066 1785155883.239013 1.5403620499987938 2.3755000827078874 0.006829832247626896 0.007234511994554826 0.0049921681853345445 0.6991104478678941 -0.7149596644391644
1067 1785155883.267015 1.5403136971860396 2.37577450989975 0.006845654993544087 0.007286471735555411 0.005137539548488501 0.6985218789894678 -0.7155331561780054
1068 1785155883.299013 1.5403101929852618 2.376138844173564 0.006863405196037044 0.008383173883706907 0.006689867707006192 0.6982497046714289 -0.7157739293882955
1069 1785155883.323012 1.5403274743860118 2.376423327654293 0.006887366371744315 0.009247773535508319 0.0074896355313749385 0.6984046305677067 -0.715604189511093
1070 1785155883.355026 1.540341402339182 2.3767482473522445 0.006886594891909192 0.009407271931879402 0.007599379504989345 0.698119685257564 -0.7158789406888701
1071 1785155883.383025 1.5403145523688735 2.3769781318975167 0.006878245774838036 0.008843499753496076 0.0070169937068134125 0.6978779836140596 -0.7161276941287795
1072 1785155883.415003 1.5403215580794043 2.3773038610178387 0.006846544989063886 0.006956100269856935 0.00534523786717922 0.6974595182207686 -0.7165704860964012
1073 1785155883.439028 1.5403648755732016 2.377537205288384 0.006824738265570816 0.007321333987775347 0.00545632989269873 0.6965652172382734 -0.7174353801329696
1074 1785155883.471048 1.5403468026053762 2.377632490369167 0.0069142721985162026 0.012357467877689099 0.010501153018427467 0.6962493302674713 -0.7176168120069604
1075 1785155883.49904 1.540338936854537 2.377617211961762 0.006941475207556301 0.011927791035149182 0.009494590025309613 0.6969552585290042 -0.7169525424810503
1076 1785155883.523403 1.5403436192358457 2.377558350076093 0.006842902344310103 0.00853451727379051 0.0066037061810809705 0.6967583178627835 -0.7172247901241295
1077 1785155883.555042 1.5402878920017726 2.377395974644365 0.006845706471823039 0.006742926797320692 0.004901215379252921 0.696395892117015 -0.7176094149804328
1078 1785155883.591072 1.5403399524378492 2.377292847063643 0.006823063225612498 0.007551584488875496 0.0056253004551176655 0.6970160436052403 -0.7169936990820736
1079 1785155883.615037 1.5403352218927917 2.377239717724942 0.006837900888669229 0.0075439982886501555 0.005910427891143599 0.6970440508606307 -0.7169642571926212
1080 1785155883.639089 1.5403287903145915 2.3771817468852916 0.006830896511680781 0.007319942592706963 0.005847390342027858 0.6970635343374444 -0.7169481540276242
1081 1785155883.671062 1.540322139257172 2.3771585546836294 0.006824926454128424 0.0072579809465141976 0.00537799893944968 0.697005454206134 -0.7170089229897271
1082 1785155883.707102 1.5403191374623624 2.377139229320556 0.006829487625902672 0.0071734303284517464 0.0053993527149401865 0.6970264656532282 -0.7169891875520519
1083 1785155883.731096 1.5403177798873018 2.3771470928773843 0.006855773813358047 0.007226487044400098 0.0056438045349636035 0.6970554880053836 -0.7169585566801924
1084 1785155883.763064 1.5402766267768537 2.3771582425980737 0.006897351314030208 0.007970448916514994 0.0061676332447587745 0.6979397945802784 -0.7160855223962191
1085 1785155883.795023 1.5401460046494535 2.377181457904747 0.006922311523521997 0.009192332304164497 0.007653613584984731 0.7047021484758937 -0.7094024282164257
1086 1785155883.823085 1.5400478430312081 2.3770856471931676 0.0068607304708925565 0.009738690860728871 0.007648048133740204 0.7142710263213368 -0.6997596488923374
1087 1785155883.847321 1.5398240297023449 2.3771070930605136 0.00687224784772222 0.009787856244544813 0.007528395061680682 0.7267895249876528 -0.6867492318933843
1088 1785155883.879089 1.5396169461789493 2.3769616539084195 0.0068358528847774006 0.009703823659253707 0.006765127873969545 0.7479989947130489 -0.6635944339425305
1089 1785155883.911032 1.5394081243165505 2.376874170952523 0.006832361846660473 0.008622758836902111 0.004935854362158043 0.7734769492932148 -0.6337465536662257
1090 1785155883.939109 1.5392801639039773 2.3768237271518866 0.006743615310889661 0.007809265437643598 0.0036885670763646683 0.7951759063746033 -0.6063173160710287
1091 1785155883.963323 1.5390932380452624 2.376970955439079 0.006826316258568988 0.008225097619985133 0.00347090079579937 0.8169056674436763 -0.5767022031475251
1092 1785155883.99508 1.5390267140015212 2.377302185641863 0.0069088824564553335 0.009004174843898594 0.002528010484651344 0.844686544293394 -0.5351795734966482
1093 1785155884.027046 1.5390759186285896 2.3775426171299094 0.007121847672199949 0.009740122129642148 0.0012975572579858596 0.870597850149768 -0.49189717388969034
1094 1785155884.055105 1.5389233697748548 2.377616818093311 0.007020564580127267 0.010747660303659812 0.0015050693937787019 0.8885049742597119 -0.45873863286174843
1095 1785155884.079142 1.539002048091385 2.3771404288314746 0.006988217175363527 0.011462579954028301 0.001074756121433651 0.9056342239899342 -0.42390341647387886
1096 1785155884.111086 1.5389576335126545 2.377282293382873 0.007067020115055834 0.010886858601738408 -0.00016376507932280848 0.9257927397738405 -0.3778746517998143
1097 1785155884.143058 1.5390964418181177 2.377252354211744 0.007067937787854738 0.011182372067907814 -0.0007833604893869306 0.9435504919163016 -0.331038985779294
1098 1785155884.171111 1.5389120047604403 2.3770488667114407 0.007061039116699324 0.011196168363648229 -0.0014649268816467886 0.9553445853102484 -0.2952782130831769
1099 1785155884.195183 1.5388986071299326 2.3770870538882036 0.007035394929390058 0.010989067434379302 -0.0018356073093943603 0.9655479507852245 -0.2599865874947822
1100 1785155884.227098 1.539083107531404 2.377147541114248 0.007125312774560775 0.011919669253094456 -0.0029113088501566686 0.977125879008796 -0.21230747122266713
1101 1785155884.251296 1.5388774694551437 2.3770585194501477 0.0070793292325108045 0.01188957133869803 -0.0038327911410400706 0.9839229665771125 -0.17815595316336083
1102 1785155884.28713 1.5391952754423865 2.3773679112537494 0.007119220062672009 0.01182636680215518 -0.004815658933846667 0.9902954611364843 -0.13839019520822968
1103 1785155884.311198 1.5393689450194896 2.3775179029138935 0.007175649008643856 0.012027851809051804 -0.0057617757184738605 0.9933040175502279 -0.11475740254992745
1104 1785155884.343106 1.5395387072849898 2.3775885238617334 0.007178566672083463 0.012100333366967697 -0.006447545057218451 0.9956579824023103 -0.09207167411155448
1105 1785155884.367102 1.539684153916723 2.377695290879755 0.007246171649437166 0.011971166163029123 -0.006863535333089477 0.9965399473055263 -0.08196167694555512
1106 1785155884.395357 1.5397158049368758 2.3777026053485124 0.00723432333690955 0.011572025670511937 -0.006654903383765176 0.9970107279422581 -0.07610130649918254
1107 1785155884.427154 1.5398322587304432 2.377750476237661 0.007278200669491655 0.011981415271116153 -0.007160359678966444 0.9973929742968672 -0.0707985152430313
1108 1785155884.459113 1.54010917693952 2.3778788526326426 0.007316545741930851 0.011675310966816649 -0.007194464445342941 0.9978734493057126 -0.06372209950945038
1109 1785155884.483117 1.5402568274915998 2.3779062153775015 0.007346489629313918 0.01255393633040916 -0.007855207063779734 0.9983433439918595 -0.05559911790441455
1110 1785155884.511399 1.5404035597438699 2.3779558160687957 0.007377015340340139 0.012835964581520087 -0.00830216778126558 0.998741237003343 -0.04777293723883713
1111 1785155884.543171 1.540475626190122 2.378009330412078 0.007414414267696463 0.01173222469948254 -0.00835695647582757 0.999150104091297 -0.03862105224372281
1112 1785155884.567296 1.5407784361717625 2.378160004913109 0.0074739502608258054 0.011701672302048466 -0.00840135896476335 0.9994030849743867 -0.03140002828915531
1113 1785155884.599116 1.5405819837043935 2.378089007865201 0.0074481803497833884 0.01177892171215214 -0.008851773901196736 0.9996473520943306 -0.02209240939541393
1114 1785155884.627178 1.5406176189578888 2.3781028085272835 0.007459738880895003 0.012244905017084307 -0.009353226487014477 0.9997578239437308 -0.015712190130645065
1115 1785155884.659161 1.5404202947988979 2.3780588979323802 0.007441095954226623 0.014498473910807802 -0.009617278139464891 0.9998013769943722 -0.009721562405470813
1116 1785155884.683157 1.5399196656493312 2.3779462881364455 0.007376944937268572 0.01602432820412314 -0.009895099069899271 0.999803646643265 -0.006162473434661975
1117 1785155884.715131 1.5394556075052095 2.3778664370265123 0.007298086019634241 0.01347950531993608 -0.009584187009665901 0.9998619121444804 -0.001613362475428981
1118 1785155884.743187 1.538895684751621 2.3777609370231834 0.007208139700065952 0.01268285414880621 -0.009322429597914017 0.9998755412234936 0.0010675111511669888
1119 1785155884.775179 1.5382331116788521 2.3776694623267667 0.007159170866731235 0.015066769554976267 -0.009879397536652457 0.9998365234506592 0.0015219505871194028
1120 1785155884.799161 1.5376788347318904 2.3775985824791053 0.007161417893043059 0.01583460808503412 -0.01011940598735206 0.9998230273399707 0.0008813682504250631
1121 1785155884.831135 1.536621982210945 2.3775360973548842 0.007113345088937184 0.01422312970257239 -0.010050023924003892 0.9998483299846835 -0.00012894739365360008
1122 1785155884.859228 1.535727702216188 2.3774736396124774 0.007087848644966692 0.014459547734533174 -0.010151051056566496 0.9998426248472945 -0.001613437396406292
1123 1785155884.883505 1.5349364793956513 2.377414810997802 0.007054425102880062 0.01630992184710156 -0.010026711624681606 0.999807523939879 -0.004285624405532373
1124 1785155884.915169 1.533618550363969 2.3773627777196875 0.007107681831497195 0.016577287899253362 -0.010306814865196023 0.9997795980983649 -0.007727762904757268
1125 1785155884.947143 1.5318487689491265 2.3772382841099904 0.007199579830852558 0.01537812048531037 -0.010225012191731997 0.999774966506324 -0.010439295153283429
1126 1785155884.975221 1.5303560226482886 2.3771468631125523 0.007269724516975266 0.016239965485916857 -0.009690356786498322 0.9997446236928931 -0.012371253110422281
1127 1785155885.00723 1.5282467758196416 2.377065722939613 0.007141919520942994 0.017464561325743366 -0.00999628046697909 0.9996913050370773 -0.014572512061761689
1128 1785155885.031203 1.526844497538627 2.3768841882995706 0.007238339885426104 0.015916088693716163 -0.009523955946869167 0.999715459255279 -0.014999096966900466
1129 1785155885.063204 1.5249695863368606 2.3766071041221877 0.007386135885355159 0.014422754593582332 -0.008905033033220155 0.999731968079097 -0.015769481199654267
1130 1785155885.091227 1.5233513569252755 2.3763115251051503 0.0074188319275459574 0.01489421295764512 -0.008517137578078149 0.9997118567995797 -0.01678761931261416
1131 1785155885.123216 1.5208725675530852 2.376130366518991 0.007445620859921523 0.015181105513355886 -0.008691806562026672 0.9996861255602609 -0.0179342381046676
1132 1785155885.147207 1.5188974547440688 2.375934362889343 0.007472162579780818 0.014272559963984965 -0.00855682472316549 0.9996907866895175 -0.018477169448403108
1133 1785155885.179191 1.5161228088427656 2.375625544049504 0.007497610121944963 0.013150160281820783 -0.009160940387614613 0.9996986941150344 -0.01859224140527313
1134 1785155885.207237 1.514137190190627 2.3753208146196654 0.007513858764251258 0.012163744269168386 -0.009383375530337523 0.9997124313809059 -0.018413313973551226
1135 1785155885.239234 1.5114111841389677 2.3749711405361107 0.007481720174568267 0.01157122339148109 -0.009904046674133304 0.9997095264332982 -0.01867831382142604
1136 1785155885.263216 1.5090807671649487 2.3748851066052548 0.007507785911238435 0.011853482023289258 -0.009930905166901982 0.999688484319818 -0.019590977638558632
1137 1785155885.295192 1.5061153169386357 2.374611517944839 0.007504813024795609 0.012002469631170354 -0.010138107725788659 0.9996733933403954 -0.02015604479534816
1138 1785155885.323255 1.5041761595373326 2.374339069449352 0.007508694950986321 0.011823497320033793 -0.010318881018516746 0.9996766202965447 -0.020009508692794442
1139 1785155885.35524 1.5014427521201579 2.373900592919715 0.007479115982054689 0.011796263466266804 -0.01004771671564908 0.999689554559552 -0.019511177861959078
1140 1785155885.379231 1.4994797577297627 2.3735728064590456 0.007473651096136069 0.011443442492439754 -0.009787159509061838 0.9997027410471139 -0.01917520992202823
1141 1785155885.411199 1.4966858103053318 2.3732172064182184 0.00741218051691532 0.010280917705209197 -0.010204615475470913 0.9997055370887398 -0.01946811927873235
1142 1785155885.439272 1.4946775688163394 2.372915001437662 0.007478004928045984 0.0096804674853668 -0.010066135338736348 0.99971436834587 -0.019394411345162094
1143 1785155885.463506 1.4926727794017667 2.3726425701124856 0.007446012611084227 0.009538840157841788 -0.009893639621922468 0.9997157245414896 -0.01948323710165284
1144 1785155885.495235 1.4900765704882755 2.372356504551493 0.007422540664848841 0.009516947179730145 -0.00986098686206216 0.9996969693762042 -0.020448913773532112
1145 1785155885.527218 1.4877967223386273 2.372096419627657 0.007423916998876803 0.009774892943415547 -0.009690820547588685 0.9997140632094967 -0.01955329348773821
1146 1785155885.555272 1.4862040746789862 2.3719648064669103 0.007431638134642565 0.010627037464335659 -0.009920351061596278 0.9997191527488628 -0.018715457158249488
1147 1785155885.579344 1.4846604086883568 2.3718468150891656 0.007453214621088472 0.010511831300038521 -0.010001166623740954 0.9997274899638691 -0.01828726003057657
1148 1785155885.611246 1.4830171349538135 2.371704433892578 0.007559878381693481 0.010510057519377058 -0.010146278408256493 0.9997249421006107 -0.018347530278821966
1149 1785155885.643256 1.4814861310630782 2.371509462712597 0.007531326863662813 0.010552390527788058 -0.010103431787110151 0.9997272493525292 -0.018220719587828504
1150 1785155885.671268 1.4803575192467104 2.3714284285863716 0.0074799041141346695 0.010615678425468345 -0.010277817356855456 0.9997269173781962 -0.018104267768566384
1151 1785155885.695299 1.4794969373842357 2.3713567296730185 0.007450522752094936 0.010482234982913619 -0.010552796702476719 0.9997321911147536 -0.017728713444943478
1152 1785155885.727255 1.47845312637795 2.3712950729609634 0.0074704998139294085 0.011605362541466824 -0.01060455909058039 0.9997208921033471 -0.017635100761370426
1153 1785155885.763282 1.4774136567430434 2.371137891789123 0.007401910313752667 0.012433301473457947 -0.011183735985008214 0.9997286615293153 -0.01621543649401319
1154 1785155885.787308 1.4769380219341555 2.3712033779867916 0.007537090905802568 0.011969597095450452 -0.010766323870521677 0.9997587521503594 -0.014941636939908381
1155 1785155885.811629 1.4763515102350595 2.3711321949410853 0.007498473520471921 0.012115355364602093 -0.01082214384699054 0.99977294613989 -0.013789689398561539
1156 1785155885.843277 1.4755260644420694 2.371061764791331 0.00750466389307259 0.011816567129159405 -0.010961896406583571 0.9997833018264008 -0.013174025867335348
1157 1785155885.8793 1.47478163093424 2.371030727134512 0.00746184515141049 0.01180819556879778 -0.010623976835102078 0.9997916063588986 -0.012823474096743143
1158 1785155885.903324 1.4740849440123325 2.371121596815721 0.007485416382685253 0.011231807717985487 -0.010261564228840725 0.9998022979753024 -0.01280280275051171
1159 1785155885.935304 1.473593964238109 2.371047614325996 0.007546898134809195 0.01155010108401927 -0.010083475045322865 0.9997943043889916 -0.01327658115975966
1160 1785155885.959291 1.4731631834262158 2.370998358696446 0.007565701548906949 0.011894604166332562 -0.010392058555290906 0.9997809809165367 -0.013730029434695673
1161 1785155885.99533 1.4725340943052834 2.370976384532335 0.00756513494500783 0.012446251648181195 -0.01064242327417736 0.9997838002553057 -0.012813367778318263
1162 1785155886.019333 1.472058473929513 2.370993625402128 0.007519480911812523 0.012028704685775299 -0.010591009008690144 0.9998028121323567 -0.011725086097426923
1163 1785155886.051322 1.4714616693047466 2.3709858904667933 0.007526767604835477 0.010760521345194868 -0.01022780699051018 0.9998271737081545 -0.011190436064254822
1164 1785155886.075388 1.4710260234145316 2.371015720698835 0.007466033138248583 0.011290151923350256 -0.010312125351564227 0.9998164799767849 -0.011541183089815
1165 1785155886.111335 1.470469552087193 2.3709043292397984 0.007474072022952832 0.0125029953554813 -0.010468879640736284 0.9997996861184167 -0.011604538065945663
1166 1785155886.135339 1.4700265179143683 2.3708659902418887 0.007488570593874033 0.01183419588957163 -0.010533150302559968 0.9998091358467293 -0.011432253923322866
1167 1785155886.167297 1.4694547721718247 2.3708565724011894 0.0074497954278363795 0.012197038579258607 -0.01024595698191988 0.9998076291454298 -0.011443658419219599
1168 1785155886.199284 1.468952425955655 2.3708169562437726 0.00749779418157781 0.012619936841274743 -0.01061016548935756 0.9998054054159842 -0.010831107209806318
1169 1785155886.227328 1.468606865614369 2.370812000460892 0.00751403915076173 0.011933012135373927 -0.010658377271431152 0.9998145653493112 -0.01071620878318405
1170 1785155886.251357 1.468222026275326 2.3708239148932257 0.007470325066764004 0.011924054200189216 -0.010372778703342467 0.9998169557499783 -0.010783199351225903
1171 1785155886.283318 1.467519095542019 2.3708265211472783 0.007493486331385503 0.01170916204220146 -0.010363589140258811 0.9998197517184505 -0.010768269037190137
1172 1785155886.307398 1.4670844524407596 2.370815052805501 0.007452907544368954 0.012162607183129837 -0.010084981179260544 0.9998153084205634 -0.010941352248075298
1173 1785155886.343335 1.4666655709438057 2.370746519855011 0.007517903762191899 0.011933603548517163 -0.010187956422988531 0.9998044956506777 -0.012031838054273908
1174 1785155886.367371 1.466240671987124 2.370754478068905 0.007572603515734133 0.012081307485519471 -0.010241371552193401 0.9997920808790841 -0.012843337947790995
1175 1785155886.399323 1.4656798160438078 2.3707301481532417 0.007537007553627566 0.011961181328416032 -0.010070061668017938 0.9997954484001862 -0.012829082488695936
1176 1785155886.423545 1.4652263760312663 2.370779807027752 0.007483247220867718 0.012085835797991301 -0.009917842534219123 0.9998036778729148 -0.01217270242482496
1177 1785155886.4514 1.464784720028034 2.3707673250898598 0.007536396067496363 0.011946789960045834 -0.010103143536625947 0.999811398193591 -0.011505161559295485
1178 1785155886.483375 1.4642367040230446 2.3708334796222936 0.007536608771322215 0.011623238524896773 -0.00983163476517046 0.9998118520679863 -0.012020804815852881
1179 1785155886.515332 1.4640467744881789 2.370827801061848 0.007570083420647418 0.010294261623731316 -0.009539668398758694 0.9998105053853872 -0.01348985639213901
1180 1785155886.539328 1.4642057705185976 2.370785775210762 0.007521027612665258 0.012850592355698826 -0.010107457180666635 0.9997719717155406 -0.013737035978290874
1181 1785155886.567617 1.4643513149574285 2.3707482330904592 0.007495881517755029 0.014750117324909856 -0.010465866541806479 0.9997498403896226 -0.01315888739046081
1182 1785155886.599389 1.4642255164218074 2.370791024784925 0.007499080104976928 0.014522764666967891 -0.010592382597259642 0.9997505545698351 -0.01325591847622587
1183 1785155886.631343 1.4641614642620568 2.3708644368335925 0.007509315210101342 0.012464049357453377 -0.0102068638666733 0.9997809971593623 -0.013357586707705593
1184 1785155886.655339 1.4642255411802767 2.3708718844937122 0.0075174883556495126 0.011749867710192041 -0.009737170958322605 0.9997932870601761 -0.013435447887200858
1185 1785155886.683401 1.464140010572136 2.370937053273582 0.007500667978193723 0.011926369286742344 -0.009882206278772843 0.999790330676205 -0.013393968831705683
1186 1785155886.71539 1.4642737604900995 2.370901528421228 0.007472887445586086 0.013160535757546499 -0.010472142826621289 0.9997692661885402 -0.01336221942722382
1187 1785155886.739581 1.4641353733009241 2.3709122053006837 0.007525987901076808 0.01318520287486688 -0.010587761364285408 0.9997686831481772 -0.013290219358652905
1188 1785155886.771347 1.4642532770992651 2.370869173700941 0.007566637697988127 0.012853162823000114 -0.010509588590233987 0.9997730378647132 -0.013349813177434139
1189 1785155886.799407 1.4642587546516488 2.37089788356736 0.007575179602697872 0.012516750876309629 -0.010383345500784236 0.9997802810408045 -0.013225230647592151
1190 1785155886.8314 1.4643067241495045 2.370915128592268 0.007546644388116565 0.012398323179266979 -0.010077202885172054 0.9997847915149964 -0.013232619531610978
1191 1785155886.855382 1.464304945435058 2.370914314539736 0.007551514722179985 0.01255852137628194 -0.010091979628307102 0.9997832382784998 -0.01318756783414693
1192 1785155886.88738 1.4643443780102772 2.3709323292030575 0.007535010227001128 0.012712777275879106 -0.010284407459437317 0.9997776064683539 -0.013317426986913905
1193 1785155886.915413 1.4643832874904084 2.370957003423378 0.0075503833959599115 0.012594587470543955 -0.01012584151718987 0.9997809696001687 -0.013298741495410521
1194 1785155886.939465 1.4643883013139203 2.3709689994672236 0.007543878134357945 0.012478846463269938 -0.010113612674410466 0.9997815699932494 -0.013371818554385989
1195 1785155886.971397 1.464404860820496 2.3709643362356574 0.00753987209356842 0.012679836109984827 -0.010179707866621812 0.999779186422375 -0.01331066116270821
1196 1785155887.003392 1.4644685286708374 2.3710247543440715 0.007515591351307381 0.01260917832828981 -0.010066819123939919 0.9997808776452035 -0.013336583880358771
1197 1785155887.03145 1.4644730669781247 2.3710396958015165 0.007525068991183707 0.012717568947283459 -0.010087798955517147 0.9997789686718687 -0.013360896441442532
1198 1785155887.063425 1.4643465411072936 2.370987860959377 0.007521975302041607 0.012617213644478098 -0.010248644465157664 0.9997773584026459 -0.013453803622162752
1199 1785155887.087635 1.4644097270469296 2.37102830576253 0.007531821891757905 0.012590250550415183 -0.010023209789891852 0.9997805393579904 -0.013412456062615097
1200 1785155887.119389 1.464428660218796 2.371028797492913 0.007523929884327006 0.012665491093199671 -0.010108684686561675 0.9997785264512531 -0.013427504467962564
1201 1785155887.147444 1.464486146811307 2.3710374993218033 0.007519585724310961 0.012770975009695651 -0.010076070192878872 0.9997784955781381 -0.013354204816650006
1202 1785155887.179426 1.4645207967443934 2.3710305772471694 0.007518514978130192 0.012689757333967738 -0.00997347253555736 0.9997811146795772 -0.013312499181220822
1203 1785155887.203435 1.4645008592376918 2.3711088066494534 0.007538488411103168 0.01254612393049681 -0.00983327651543664 0.9997828308371607 -0.013423584116215248
1204 1785155887.235398 1.4645289607540235 2.3711123510508005 0.007562327104095497 0.012638408930172457 -0.009963454860389187 0.9997804598651762 -0.01341761002323641
1205 1785155887.263454 1.464488199666412 2.3711032163497086 0.007544484374726532 0.012566474972895703 -0.0100165970275638 0.9997806711552442 -0.013429857598382389
1206 1785155887.295448 1.4645041940778385 2.371106797478705 0.007560026046699288 0.012543334368168207 -0.00990201667858992 0.999782612089684 -0.013391915163772777
1207 1785155887.319441 1.4645011736281381 2.3711074994413037 0.007560611389264574 0.012524012137562157 -0.009872544504886505 0.9997830211085742 -0.0134012196456047
1208 1785155887.351443 1.464495549701452 2.371108422531619 0.007546397158511332 0.012576556836449176 -0.0099701489523355 0.9997805030420038 -0.013467445380828419
1209 1785155887.379474 1.4645429988451901 2.3710973345016995 0.007576630387876274 0.01246390049902285 -0.00992406325230999 0.9997830469012062 -0.013417275500451742
1210 1785155887.411469 1.464519683762929 2.371100170199734 0.007576619330920076 0.012563877375608073 -0.01000597064987585 0.9997812418824377 -0.013397683257015541
1211 1785155887.435539 1.4645004936320902 2.371112975840584 0.007570216410698882 0.012494625528551517 -0.00994510871906401 0.9997822128256653 -0.013435254477802916
1212 1785155887.467459 1.4644981344334327 2.371115583147198 0.00756783724628856 0.01250661806443576 -0.009827871119818254 0.9997834994257617 -0.013414608821002205
1213 1785155887.495487 1.4645025449644122 2.3711042785223078 0.0075647464281633145 0.012584426995346454 -0.009911659798071681 0.999782069392045 -0.013386744167500186
1214 1785155887.52748 1.464491474336414 2.3711011359294303 0.007547504299252654 0.012576711725565431 -0.009954901393316562 0.999781569161731 -0.01339926210387668
1215 1785155887.551731 1.4645004047054682 2.3710921967990237 0.007531736620234389 0.012605249538753222 -0.009996474805037403 0.9997811594967887 -0.013372033906434516
1216 1785155887.583477 1.4644999573135864 2.3711036402357215 0.007547674327882094 0.012603672971384261 -0.009972847147181774 0.9997811450635126 -0.013392226211545954
1217 1785155887.611504 1.4644925918228044 2.371111445342575 0.007559956677813992 0.012579424455218813 -0.009973826971405753 0.9997807436220252 -0.013444163734136427
1218 1785155887.643498 1.4645081454660098 2.3710870272626874 0.007553419425315337 0.0125575696083855 -0.009903268178929503 0.9997830049452905 -0.013348248854141653
1219 1785155887.667474 1.464500666907128 2.371097963897863 0.007549330260574923 0.012605462338898116 -0.009815977434446066 0.9997831134662712 -0.013359451108413273
1220 1785155887.699496 1.4644804223422874 2.3711015878149393 0.007522465656875692 0.01263214602332946 -0.010030750049421111 0.9997798724690995 -0.013417136280242159
1221 1785155887.727518 1.4645025821010735 2.3710879751119642 0.007537035283844175 0.012602740269750057 -0.01000903233115119 0.9997807498581133 -0.01339561206648665
1222 1785155887.759483 1.464485871582348 2.3711096003721144 0.007533317125969871 0.01265398845497226 -0.01009711364314192 0.9997784080124107 -0.013455844248092791
1223 1785155887.78349 1.4644875996528612 2.3711001011095627 0.007534480503283862 0.01263584483345323 -0.00998614198255432 0.9997803278782492 -0.013412993003423551
1224 1785155887.815508 1.464473977309645 2.3711155144678377 0.007541268773703105 0.012543208447357845 -0.009876941086094215 0.9997823589651451 -0.013429395322126114
1225 1785155887.843525 1.4644885433385222 2.3711060219143363 0.007538905275169525 0.012617912729467079 -0.009892204343279087 0.9997818186480018 -0.013388340915759106
1226 1785155887.875504 1.464497697593307 2.3710995938402286 0.007559825458957024 0.012556591730195243 -0.009954808815478111 0.9997819109112669 -0.01339269951069716
1227 1785155887.8995 1.4644895767328145 2.371098001979549 0.00754140637869305 0.012572237615931126 -0.0099199375374186 0.9997820336877259 -0.013394730150960765
1228 1785155887.93553 1.4644852064875369 2.371104215886982 0.00754652772650638 0.012611270864089391 -0.009988354702281765 0.9997803160725677 -0.01343533443463149
1229 1785155887.959529 1.464473358205499 2.3710962404734506 0.007549681290207291 0.012558493109338403 -0.009938052224821692 0.9997820682030684 -0.013391619334300192
1230 1785155887.991508 1.4644985982956207 2.371087554929652 0.007554706247782504 0.012536707160212518 -0.009907421441472719 0.999783043327721 -0.013361895386523132
1231 1785155888.01551 1.4644950804346726 2.371094187129405 0.00753845679379013 0.012625177328340925 -0.010021995309726806 0.9997804101533226 -0.013390144924306818
1232 1785155888.051524 1.4644840278497055 2.3710927477112462 0.007549714999636976 0.012605186991886341 -0.010000263854605673 0.9997809312743418 -0.013386315547891658
1233 1785155888.075548 1.4644990358897838 2.3710855574861003 0.007549507613514028 0.012566677787916147 -0.009948389562215332 0.9997823794965833 -0.013352969806104953
1234 1785155888.107521 1.4644997606665262 2.3711008363388517 0.007556222644451008 0.012597855886704395 -0.009936569197922074 0.9997816373703308 -0.013387912336626756
1235 1785155888.131528 1.4644448575218179 2.3711132571645392 0.00755227941728482 0.012568732016951828 -0.009983019975179808 0.9997809938124469 -0.013428726635728777
1236 1785155888.167549 1.464489739733666 2.3711197127912014 0.007548816321909131 0.01255745605802605 -0.009975023376251946 0.999780759052316 -0.013462653333164987
1237 1785155888.191527 1.4644793924741548 2.371119882364734 0.007549014649157193 0.012566897163042268 -0.00995334764635547 0.9997809417422404 -0.013456318044819171
1238 1785155888.22352 1.4644772206944139 2.371115732022371 0.007552114193177431 0.012577020024400948 -0.009942357068634444 0.9997810520783287 -0.013446784313573906
1239 1785155888.24754 1.4644554941431573 2.3711097013315774 0.007548440915649407 0.012533943020120092 -0.009879850399088674 0.9997824267714974 -0.013430858027523945
1240 1785155888.283546 1.4644924959142975 2.3710953848775196 0.007542964022704227 0.012588123201318996 -0.009945064809625093 0.9997816642364146 -0.013388752625472705
1241 1785155888.307578 1.4644885352277235 2.3711125319485293 0.007539397935711546 0.012635204221049384 -0.00991479519043681 0.9997809315687567 -0.013421524583056371
1242 1785155888.33953 1.4644910378622547 2.3711029407101414 0.007538821618911638 0.012602865511138789 -0.00991589701836304 0.9997816733573737 -0.013395834649600619
1243 1785155888.363542 1.4644965222326938 2.371101718117065 0.007533038128589076 0.01263837252272862 -0.010013001578094816 0.999779967598688 -0.013417441177072026
1244 1785155888.39159 1.4644712483517923 2.371107155474711 0.00752688900712957 0.012656063581776622 -0.00999968604003093 0.9997796335972844 -0.013435571360936649
1245 1785155888.423596 1.464482333711246 2.37111762901624 0.0075318154725076344 0.01263225558140002 -0.009920460192950564 0.9997805606860255 -0.013447715896124146
1246 1785155888.455537 1.464477104955324 2.371106158226388 0.007549069094519578 0.012595329049830295 -0.010001327966483342 0.9997804453003659 -0.013431020811364491
1247 1785155888.479541 1.464494693837731 2.3711010226910907 0.0075455421153963476 0.01260606298706582 -0.00991339746800668 0.9997817849709568 -0.013386342551088642
1248 1785155888.507617 1.4644914538103462 2.3711013587423686 0.007537758811083255 0.012597936099473933 -0.009938234714926608 0.9997813323657865 -0.013409360524556796
1249 1785155888.539599 1.4644933846169803 2.3711013881447114 0.007535278090847461 0.012624966568756973 -0.009907054640089452 0.999781375184599 -0.013403817422218606
1250 1785155888.571556 1.4644714644799428 2.3711109127757446 0.007540203538753662 0.01260874834273315 -0.009930818931626617 0.9997810054658346 -0.01342905098291644
1251 1785155888.595555 1.4644824405681085 2.3711027824579753 0.0075322368373861165 0.012602864075227593 -0.009955600050953695 0.9997809923521299 -0.013417197029075623
1252 1785155888.62388 1.4644686583834152 2.371098631834801 0.007540438615498073 0.01260304155983899 -0.009953658323857861 0.9997810686016498 -0.013412788492935646
