# frame_id timestamp x y z qx qy qz qw
0 1783354914.153169 0.016041194917357494 0.0015807319639950038 -0.0007498732739958479 0.001577192268903238 -0.001547714460765126 0.03162493385484938 0.9994973639801015
1 1783354914.185122 0.019648997760959307 0.001654815706879861 -0.0008130841857921978 0.0021959335692520177 -0.0007430154751583984 0.04077239161027854 0.9991657709740367
2 1783354914.213186 0.022364121256001773 0.0021356843828378423 -0.0008661946770114583 0.003374367568282799 0.0008946615472997521 0.04753978972381287 0.9988632447023195
3 1783354914.237506 0.025015946701789218 0.0023035321283701306 -0.0011571229706809126 0.004306842651040088 0.002088200597257367 0.05463544767499215 0.9984948965227604
4 1783354914.269167 0.028449787688167992 0.0027918050787648445 -0.0012956198270427507 0.004788598171866831 0.0028241908016044814 0.06433181921906025 0.9979130775322221
5 1783354914.301133 0.03190628037049039 0.0033223786316946323 -0.001490725724764637 0.0052815657351397705 0.003456174997375605 0.07421448136942843 0.9972223276044514
6 1783354914.329213 0.03451996554584943 0.0037106720495751555 -0.0016393054732467887 0.005646901616162103 0.004101666343233973 0.0814858023845891 0.9966500653916027
7 1783354914.35321 0.037180890499888083 0.004174180135989139 -0.0018114587004730903 0.006031861139529304 0.004842526002692027 0.0882541136526735 0.9960679585331955
8 1783354914.385186 0.04031838378288147 0.004655510877419982 -0.0019302627510028748 0.0060509898287146036 0.0055585067713241065 0.09675489620263297 0.9952743232824726
9 1783354914.409306 0.04327722124642533 0.005347587836261648 -0.0021928588455707287 0.005841161596935374 0.00615866123386663 0.10250692058799735 0.9946960756706398
10 1783354914.437482 0.04553890848062822 0.005860409807089338 -0.002294955619793057 0.005815919372324452 0.006925125930723419 0.10791263823847502 0.9941192484914021
11 1783354914.469223 0.048802665132230125 0.0065899573269133024 -0.002427972095064568 0.006107887227689457 0.007652928087400895 0.11468011999471775 0.9933542150126007
12 1783354914.501199 0.05207856715345662 0.007371759377958214 -0.0026357024143788196 0.006327016424586662 0.008371126630891984 0.1210172888349558 0.9925949369733506
13 1783354914.52518 0.054470547088063925 0.007967572711576148 -0.0027286074868793134 0.006422205574523443 0.00877221089126548 0.12540168937189403 0.9920464807126291
14 1783354914.553244 0.056930621909471325 0.008573992697415518 -0.0028941794183934685 0.006667247886869565 0.009531995118384512 0.12980685996259636 0.9914710626041131
15 1783354914.585242 0.06001855959548381 0.009371432428628963 -0.0030284210505917013 0.00678374379851121 0.010660897940809183 0.13538346935268095 0.9907126941253976
16 1783354914.609417 0.06235459919132814 0.009975361918465242 -0.0031594563752546205 0.006937044046462282 0.011560456439199313 0.1393493777539391 0.9901514955734829
17 1783354914.641189 0.0654976080059442 0.010830181668741636 -0.0033460760078200015 0.007455150672476152 0.01249146668246981 0.1442400871460806 0.9894357893510133
18 1783354914.669257 0.06796023832998939 0.011641624893185909 -0.0035229653156171074 0.007669105009725674 0.013094949519191351 0.14764867623054975 0.9889234427056555
19 1783354914.701259 0.0709936159210638 0.012559447437648991 -0.0036701273119043093 0.008268275614065956 0.014347748910328056 0.15237973720598255 0.9881832792597798
20 1783354914.725438 0.07336049601115267 0.013280311953264609 -0.00378749830140691 0.008713821693869805 0.014591593643398348 0.15578380515661472 0.9876449568328486
21 1783354914.757205 0.07637526643133775 0.014295143392431663 -0.0039746129940609175 0.009050309438376147 0.013790398005527171 0.1594817062896542 0.9870630689985618
22 1783354914.78528 0.07842122939732872 0.014590730252409667 -0.0038956247226787895 0.009036153489547671 0.01374909800834953 0.1621467885464639 0.9866294791856457
23 1783354914.817279 0.08146606327576521 0.01578329040781147 -0.004127398978452109 0.009010242764734722 0.01370528815976868 0.16545408858462596 0.9860810946227543
24 1783354914.841429 0.08349088697839638 0.016411851129860905 -0.004144515851942856 0.008733782713318927 0.013832187417519431 0.16793123469750468 0.985662970818999
25 1783354914.873221 0.08650381047094043 0.017530884484399663 -0.004379630493501671 0.008986374918778961 0.013941360080859444 0.17098574824616214 0.9851338779280788
26 1783354914.901289 0.08866553125492778 0.018495860131733155 -0.004532998225717138 0.009029998238516024 0.013874389886577354 0.17304049047510128 0.9847755831118195
27 1783354914.933282 0.09178099614228419 0.019689165456396693 -0.004802900124973253 0.009048781080578161 0.013215001603463672 0.176034339480456 0.9842537247159676
28 1783354914.957323 0.09437325841688446 0.020759915978670766 -0.0049751925298717505 0.009144654371384509 0.012373292564796273 0.17825826966130395 0.9838634388089091
29 1783354914.989243 0.09738527193211678 0.022137979870216533 -0.005218929563544824 0.009475020321383143 0.011562897762048774 0.1808018736683179 0.9834059212061312
30 1783354915.017312 0.09956574401709418 0.022939509045363717 -0.0052898533521463925 0.009761860234885122 0.010949123516872883 0.18262824507275177 0.9830726050911062
31 1783354915.049296 0.10248654021859595 0.023912161476396944 -0.005408419397328809 0.01021933918601109 0.010271368256302232 0.18503596750078635 0.9826249309028308
32 1783354915.073297 0.10457442781857287 0.024753028663700757 -0.005489754087520296 0.010564367173570288 0.010127484623014243 0.18665583568506958 0.9823163580059842
33 1783354915.105286 0.10749299949505722 0.025901802652952534 -0.005607767378443364 0.010957407028523158 0.00969985500255624 0.1886073998652634 0.9819435303316608
34 1783354915.133332 0.10969371995261332 0.026806923616539163 -0.00572013911764873 0.011155812367018958 0.009217618235078245 0.18995025459719597 0.9816870601892258
35 1783354915.157463 0.1117643868180583 0.02767966259583394 -0.005769148650349349 0.011473186301505511 0.008772255128447065 0.19125887188899712 0.9814333688334632
36 1783354915.189313 0.1147856096214453 0.028854907209704364 -0.005969808531451607 0.011936692933893989 0.008439921288840968 0.19301336310142814 0.9810872156718363
37 1783354915.221314 0.11769522145288772 0.030085946566265002 -0.006116992149600384 0.012017268542592552 0.008594276222734565 0.19443565141179575 0.9808040075025454
38 1783354915.249348 0.1197442290108453 0.030964047505027483 -0.00617156175883357 0.011767716316349985 0.008801896892461636 0.19497598253728354 0.9806979217360529
39 1783354915.281362 0.12269391975794461 0.03232370657139531 -0.006371214675881653 0.01156784767083252 0.008703317516018827 0.19542977634964775 0.9806108502767071
40 1783354915.313323 0.12559513593295804 0.03357568845008921 -0.006565429788246848 0.011558241496602117 0.008649156609243036 0.19613614407300278 0.9804704034960104
41 1783354915.337331 0.12766927832805733 0.03438805553551818 -0.006655948943116825 0.011512858464373776 0.008832374712879065 0.19688246532557307 0.9803197121828344
42 1783354915.365543 0.1298020308466164 0.035271609015381004 -0.006800443690811537 0.011318523255279711 0.008958986447966832 0.19759578136172828 0.9801772976258902
43 1783354915.397331 0.1325850808031745 0.03631452686325162 -0.0070101109234305126 0.011147323991222202 0.008818874215169914 0.19849302903048738 0.9799992255362826
44 1783354915.429329 0.13541177947705352 0.0375637682875546 -0.007193576926116226 0.011444492547276641 0.008913584209136294 0.1993797742691389 0.9798149198799074
45 1783354915.453566 0.13764293089393903 0.03848019193466574 -0.007262177299435336 0.011544519965739686 0.008872502366300133 0.200262877083097 0.9796340045256294
46 1783354915.48145 0.13975426835227586 0.03940552717807724 -0.007398201858159084 0.011691625792670912 0.008966701933001198 0.2013232747519894 0.9794140305233043
47 1783354915.513348 0.1426311765591387 0.04085354746431179 -0.007580700030492984 0.012097874806246911 0.009118015263316237 0.2026448922115776 0.9791351034884758
48 1783354915.545329 0.14583997998457385 0.04225986957569777 -0.007805040399942108 0.012441541277806167 0.009382966910232549 0.20368170531666452 0.9789131375673175
49 1783354915.569403 0.1480333743063678 0.04328371593613356 -0.007974364100713551 0.012632342899495608 0.009438534176999774 0.20405662042162978 0.978832076327478
50 1783354915.59764 0.15003357763495725 0.04421003115645317 -0.008025220295513502 0.012660258601453034 0.009629819311082533 0.20437704916322674 0.9787629979762784
51 1783354915.629367 0.15284393172597588 0.04539009988867713 -0.008115450075074882 0.012764363431440606 0.010357633097901636 0.20406743344291026 0.978818815241525
52 1783354915.661332 0.15556806206427723 0.04658815979591535 -0.00824732934086956 0.012622190262836064 0.01139501118090741 0.20296263069419196 0.9790388166844299
53 1783354915.689403 0.1577481803695935 0.04746623686328186 -0.00833612587894815 0.012458917300833927 0.011417903710000399 0.20233943115724762 0.9791696285391627
54 1783354915.713715 0.1598308195398044 0.0483747511362036 -0.008404500645401766 0.012371818670711243 0.011579151292511358 0.2018682950424685 0.9792660786603257
55 1783354915.74538 0.16272419269601587 0.04969466590833116 -0.008603050066709195 0.012169548779069839 0.012274969511356648 0.20123014484382662 0.979391472299071
56 1783354915.777395 0.16559800408279565 0.05093340259235955 -0.00878714639475493 0.012105907333908705 0.012747042522291058 0.200915955668274 0.9794507331522408
57 1783354915.805403 0.16776706089637172 0.05174765400053674 -0.0089590273965751 0.012180733708945901 0.01230465611584508 0.20105174613945187 0.9794275984157583
58 1783354915.829439 0.1698065832468352 0.05269110602874263 -0.008974429305573343 0.011997818143725025 0.012062390318254096 0.20138716065623843 0.9793639582006368
59 1783354915.8614 0.17255309054413115 0.05396223962454457 -0.009159582038646807 0.012150932328363617 0.010748941007323043 0.20135664803303954 0.9793836405636309
60 1783354915.885587 0.17460608520570872 0.054865146411296875 -0.00932975293046041 0.012337516483965083 0.00987681687303324 0.200584496802418 0.9795489236469944
61 1783354915.921422 0.17737167958028102 0.056214115700802904 -0.009477447878587685 0.012571870141114605 0.008702405617795367 0.19861104677402538 0.9799591156354148
62 1783354915.945445 0.17931748054027385 0.056977869046029146 -0.009559262895792286 0.012863042109473088 0.00803261953534673 0.19690649929111037 0.9803049779063708
63 1783354915.977415 0.1820691123264347 0.058207376537353805 -0.009756651600257312 0.013427059314488843 0.007186468915964445 0.19412811181961923 0.9808579636950677
64 1783354916.001598 0.18401429394257854 0.05898572518619754 -0.0098382879196434 0.013653117181336438 0.006442430194633392 0.1917442972254367 0.9813287991116654
65 1783354916.037443 0.18680647398038297 0.060345780860761124 -0.010028801749344752 0.01394249103130063 0.005750123183810574 0.18761016779694584 0.9821277757839939
66 1783354916.061462 0.18866418181840325 0.06092236012757829 -0.009820142451784026 0.013736347371029578 0.006261763926436292 0.18367925731916224 0.9828703035009824
67 1783354916.09343 0.19138099970339267 0.06204243856460255 -0.01005253556544438 0.013974195332924877 0.005371267185677986 0.17848877816192177 0.9838280476912018
68 1783354916.11742 0.1938235951746738 0.0629423622239826 -0.010326689579757712 0.013962580448896977 0.0043045062126652045 0.17509265291388054 0.9844435384871255
69 1783354916.153461 0.19677582275110636 0.0638698345086757 -0.010267010054821312 0.013985956249594422 0.003103499651661623 0.17027564271202866 0.9852923255647038
70 1783354916.177461 0.1989328665249901 0.06414884542787873 -0.010006540539990358 0.013853106870368448 0.0026125269336060852 0.16655119322056444 0.9859320291834857
71 1783354916.201627 0.20112183402788017 0.064700734100058 -0.0099260562438844 0.013461838625983047 0.0023396687828213247 0.16184695012117117 0.9867212724915126
72 1783354916.233418 0.20381399501421535 0.06549579525783975 -0.00987652453708413 0.013038114189785899 0.000812821133322067 0.15501222436642412 0.9878261776229422
73 1783354916.261492 0.20578495416436013 0.06616256508592909 -0.0098165980878382 0.012890307370080456 -0.0005373728974964742 0.14944287791829527 0.9886861875467724
74 1783354916.293478 0.2085217482307225 0.06697313698680304 -0.00975676197415271 0.01242688454507368 -0.000855938143372259 0.1410939421494385 0.9899178447725494
75 1783354916.317484 0.21059366664407142 0.06752739972286823 -0.009969737757438191 0.012172499404848547 -0.0007142472717972803 0.13392071171719247 0.9909170313816563
76 1783354916.349428 0.21313483674196912 0.06826218198531225 -0.009973226291338302 0.011772086991314268 -0.00022081437779805646 0.12339170128514385 0.9922881926450791
77 1783354916.377494 0.21528119777366966 0.06894516819220006 -0.010030339497735389 0.011527805609733044 -1.9894276857862492e-05 0.1148473464976559 0.9933162619752531
78 1783354916.401756 0.2177898986989419 0.06935417544922473 -0.009989838912373351 0.011315537063025405 0.0004070459097834378 0.10553197064696998 0.9943514449659989
79 1783354916.433481 0.22047913723219106 0.07034173943050713 -0.009693525798618477 0.010682428033297886 0.0014684973260420398 0.0913142416293079 0.9957637463387495
80 1783354916.457713 0.22257466247690846 0.07110228497374556 -0.009710120420942922 0.010072116098260364 0.001526605792855934 0.07947729397707667 0.9967846215176766
81 1783354916.493502 0.2247647657813065 0.07240753132139184 -0.009383937368075015 0.009242261887608572 0.001666162399118043 0.06160344574348087 0.9980565214308209
82 1783354916.517524 0.22680038273605488 0.0720814427662211 -0.009373798779561014 0.008602223724400782 0.0029629497228758628 0.04626638802743943 0.9988877034055577
83 1783354916.549492 0.22873303432032788 0.07121097717259225 -0.009349200785857957 0.007225298494622612 0.004276884595415115 0.02180622336511509 0.999726958695409
84 1783354916.573491 0.23065946371519322 0.07142981697559082 -0.00953229619507974 0.0061608016577792135 0.004132726224071598 0.00046951551622345655 0.9999723719443807
85 1783354916.609534 0.23302487717208364 0.07188462717182387 -0.009672829618457291 0.003991593208239164 0.003661063429888506 -0.031507834365657544 0.9994888294382328
86 1783354916.633533 0.23396988862296436 0.07200857385139478 -0.009567708389220544 0.002421008740990882 0.0037824349122353718 -0.058254694955528014 0.9982916519827507
87 1783354916.665501 0.23599455462570007 0.0721515406174171 -0.009379872161972502 -8.843140307268627e-05 0.004225900752462097 -0.0987475123481566 0.9951035437318912
88 1783354916.689488 0.23705896403181503 0.07249659263471481 -0.009129962591294557 -0.0021767819633942698 0.004892319109648741 -0.13242276703122838 0.9911788625701248
89 1783354916.717547 0.23806223977840463 0.07246595636024972 -0.009216710943458412 -0.003893081494352635 0.005551407551737719 -0.16893377932426668 0.9856040807514409
90 1783354916.749544 0.23984006524188678 0.07252378289764647 -0.009242514728461887 -0.0064438305184978395 0.005867077457360037 -0.22211836786911987 0.9749807614027657
91 1783354916.773539 0.2407588606347909 0.07252303551886133 -0.009090516981515468 -0.008895954225241587 0.006020307094670996 -0.26398404513421414 0.9644672321108092
92 1783354916.805495 0.2423415237010914 0.07169254909923843 -0.009159262760212929 -0.0120211191922035 0.006484842251596956 -0.3213074163914461 0.94687643527875
93 1783354916.833548 0.24329134081636938 0.07087471753517825 -0.00924473695506526 -0.014630985470945324 0.007027667967570039 -0.3646841079322948 0.9309898214098331
94 1783354916.857761 0.24392580704566025 0.06999930278342012 -0.009222622774964136 -0.016730718999726668 0.007142925151504609 -0.4076217358760628 0.9129696501546026
95 1783354916.889529 0.2454747961052388 0.06782334630367305 -0.009432577789146024 -0.020507313881479527 0.00788977925616774 -0.4625583539454651 0.8863165183250945
96 1783354916.913552 0.24552288476667428 0.06582528803582739 -0.009235187863632375 -0.020995478418488867 0.00963043253104584 -0.4987317907863383 0.8664485244457953
97 1783354916.949563 0.24564863650770027 0.06371733876729008 -0.009199724818154762 -0.01973664431162292 0.01652555695780178 -0.5394338810816 0.8416343973363929
98 1783354916.973572 0.24665604381662115 0.06209185844149624 -0.009233248607290235 -0.017773800407552276 0.020445851136180804 -0.5673084810877121 0.8230596251040034
99 1783354916.99757 0.24726841100023422 0.06051684078289773 -0.009080675528932115 -0.016869414964225338 0.0205526926556604 -0.5913039743792164 0.8060103098265615
100 1783354917.021717 0.2481902141607951 0.05905403843041489 -0.008888040466048582 -0.017592916020449323 0.020567166173161455 -0.6122507413781189 0.7902002978128058
101 1783354917.053543 0.24912051537388197 0.05722329414915971 -0.008726855749457254 -0.01773624463887835 0.02116451991760515 -0.6326486261839329 0.7739465126934482
102 1783354917.081572 0.24955679616369125 0.05541694665606251 -0.008676029796662696 -0.018994102757005304 0.020169067051556855 -0.6436350643372423 0.7648309203675806
103 1783354917.105614 0.2501164593828009 0.05398109801766861 -0.008411042495153486 -0.021115927649299593 0.017856194299508243 -0.6539786587882584 0.7560073992853236
104 1783354917.12966 0.25070021159113737 0.0523986723136801 -0.008284479990274419 -0.024106895042211862 0.01498051157482827 -0.6638313145159573 0.7473435807929285
105 1783354917.161551 0.25084032040153253 0.05055992614091097 -0.007888277936926659 -0.02715473917498923 0.011182112281571288 -0.6750026752259026 0.7372306077091044
106 1783354917.189601 0.25110577794621974 0.04887849102682932 -0.00790151334104453 -0.029237196513544617 0.010046377685000496 -0.6829354690478777 0.7298242266133634
107 1783354917.221641 0.2516141663124209 0.0469792749522971 -0.007495828757524371 -0.02722075617546771 0.012297457141625667 -0.6925066604727814 0.7207928469275494
108 1783354917.245582 0.25199429466180245 0.04557339059904106 -0.007094388559497253 -0.025314406007780454 0.01306386356504352 -0.6980750090981441 0.715457754161525
109 1783354917.277558 0.25232377205831247 0.04375982355431768 -0.006902633713552578 -0.020598663548539786 0.018114284618540366 -0.7024010705649453 0.7112526300984702
110 1783354917.305608 0.2525383888312719 0.042492368772108685 -0.006601862122783602 -0.014668443713604096 0.02487412322839766 -0.7031987464545305 0.7104066706735067
111 1783354917.329724 0.25279409862899554 0.041476614808973945 -0.006213359053766736 -0.012047663815299092 0.02686256428642242 -0.7041996937506332 0.7093913220205514
112 1783354917.361603 0.2530861264340155 0.04053442897034888 -0.0062519091878948385 -0.01649557212590247 0.022865097554937264 -0.7046089290505256 0.7090355001805718
113 1783354917.385605 0.2531458061482356 0.03995695080469818 -0.006241168736275454 -0.018222478940808085 0.021091226998285695 -0.7045192092579835 0.7091373528389717
114 1783354917.421626 0.2532637932250317 0.03975000853253956 -0.006154052382392477 -0.015842989035579347 0.02316513613086113 -0.7038121026483886 0.7098315999813698
115 1783354917.445657 0.25347060911997027 0.039448398370506794 -0.006131564023920401 -0.016193813081632258 0.023209917023104487 -0.7028075186758546 0.7108168905297244
116 1783354917.477617 0.2534849191460166 0.03894633830368467 -0.00607435266835125 -0.017736301298489132 0.021018731266436164 -0.7022798240199868 0.7113695842012471
117 1783354917.501614 0.2536451698720529 0.03866558161787944 -0.006125126459478249 -0.019762007341965204 0.018916917457746707 -0.7020926724288618 0.7115599009369572
118 1783354917.529894 0.25369225143781454 0.03826930118970444 -0.006052624361148383 -0.02164914317765776 0.017004402429395604 -0.7018091124329198 0.7118329400946615
119 1783354917.561661 0.2537953702874404 0.038062917404084025 -0.0060076069564251044 -0.02166053919910682 0.016865577930133435 -0.7020575290797364 0.7115908931297125
120 1783354917.585803 0.25381845835800015 0.0381068201524643 -0.005974676286934263 -0.01861784471637673 0.020002739636617806 -0.702279262799695 0.7113769066441948
121 1783354917.617616 0.2538510528818691 0.038004463356504106 -0.006017415595796329 -0.015304112405716497 0.023525341861617477 -0.7026884653827502 0.7109439239854313
122 1783354917.645665 0.2538029780157457 0.03790453917570953 -0.006061827604189196 -0.015596641265194111 0.02319521582327 -0.702688720872177 0.7109481614739436
123 1783354917.677676 0.2537892838759037 0.037831500732202664 -0.006014793856115129 -0.016551859439476124 0.021769263819361062 -0.7026323281900821 0.7110273879985523
124 1783354917.701827 0.25389969615447966 0.037800597735948 -0.006014625176127166 -0.01717135830620864 0.021709524082637044 -0.7030429570743156 0.7106085008823264
125 1783354917.733664 0.2538787120244159 0.03783410949902974 -0.006001740617179286 -0.01687240096046161 0.021815676591544153 -0.7031125186395201 0.7105435837955848
126 1783354917.761677 0.25384287483104573 0.03782479184990006 -0.005969606074358542 -0.01671813006128542 0.022055558753989235 -0.7032606399548478 0.710393221213154
127 1783354917.793692 0.253751758364558 0.037769126362563465 -0.005975784028993804 -0.016674540352605294 0.022251634478478333 -0.7040077720098242 0.7096477164176808
128 1783354917.817682 0.2537235028789516 0.0378126670388981 -0.005957326141232131 -0.01642093686770607 0.022521676743808006 -0.7049205785548235 0.7087383895620211
129 1783354917.84968 0.25375693707409086 0.03784418870704335 -0.005922076589761555 -0.0161612508775687 0.022792972878345807 -0.7065785339830981 0.7070827884142955
130 1783354917.877691 0.25378657781715297 0.03778829900709383 -0.005934127003020228 -0.01768543385125787 0.021335662007692213 -0.7081692047546247 0.705498683480975
131 1783354917.901881 0.2537672073828783 0.03762209392560046 -0.00581431870218858 -0.02287423705120617 0.01587598337611318 -0.7096422430963868 0.7040117962394491
132 1783354917.933679 0.2537028793160774 0.03695375518060696 -0.00580493555366198 -0.028291172214091165 0.012669607881564127 -0.7117078963230082 0.7017912516712917
133 1783354917.965656 0.2537682676385781 0.036522959957711036 -0.005860687478828392 -0.025088857194461966 0.014022203658878518 -0.7138419153121701 0.6997168334352674
134 1783354917.993718 0.2539135733359584 0.03600725992242479 -0.005686006967260138 -0.026253025115771433 0.01335893962649537 -0.7146714467397474 0.6988397817949713
135 1783354918.017735 0.25406311000243365 0.035301012656850664 -0.005594452609325892 -0.025638320328085884 0.014225753922531448 -0.715900048838491 0.6975868580536306
136 1783354918.049687 0.25423265522187755 0.03441624102789098 -0.005563083182595575 -0.02465273538591961 0.014542871309207395 -0.7162947169545227 0.697210603759808
137 1783354918.073692 0.2544506009423063 0.03383603296042617 -0.005459329650129093 -0.02469493859382721 0.014350735479553678 -0.7161364339755468 0.6973756694435435
138 1783354918.101775 0.2545194233691446 0.033154228547298895 -0.0054543205320624405 -0.02419883997633543 0.014627628224548772 -0.7155014635405141 0.6980387555914832
139 1783354918.133742 0.2547374381180067 0.03235361133922512 -0.00536438850351614 -0.024147827927422538 0.01519137079938615 -0.714904823201601 0.6986395339677758
140 1783354918.158002 0.25490783641546444 0.03175843379118246 -0.005300961682823143 -0.024253797100928787 0.015008892073093638 -0.7144566282294659 0.6990981425121282
141 1783354918.189694 0.25512229528704566 0.030870249701303754 -0.005170659930751748 -0.023752901630983092 0.015176121135063947 -0.7137241293118509 0.6998595232255137
142 1783354918.21774 0.255345560575865 0.030177164495563874 -0.005106455589452415 -0.023443990433305473 0.015277966181306724 -0.7134326027191336 0.7001648980342623
143 1783354918.24975 0.2555557752077184 0.029332200754013008 -0.0049819408515536946 -0.023852359757638553 0.01478322872238147 -0.7136411106219083 0.6999492026660672
144 1783354918.273739 0.25560256263276776 0.028709762362528472 -0.0048033649483055964 -0.024193955248861365 0.014784958402744408 -0.7139999623919362 0.6995713768006514
145 1783354918.305708 0.2557283198182348 0.027842249422271592 -0.004626614803320932 -0.02389818934782273 0.014974166695978841 -0.7149332641040944 0.6986237032588587
146 1783354918.333755 0.2559567197718539 0.027150865957059768 -0.00464482946985331 -0.024066193089727017 0.014839104913107137 -0.7157435294579209 0.6977906701544985
147 1783354918.35804 0.2561507886461857 0.026507649523704997 -0.004597974487595699 -0.024132429055335747 0.015023136314840091 -0.716324395606171 0.6971881320724046
148 1783354918.389746 0.25626312271235707 0.025751055347399326 -0.0046147919434064225 -0.024122876663943082 0.014921916109882916 -0.7167895349034331 0.6967124126165588
149 1783354918.421722 0.25647688206222513 0.02487089009275393 -0.004550188917569885 -0.02415346328388779 0.015152581732475134 -0.7168744632309025 0.6966189872847568
150 1783354918.449769 0.2564847221345472 0.024261326325848875 -0.004583243648861238 -0.02430865591150544 0.015186386916408279 -0.7162448863619085 0.6972601563696422
151 1783354918.473797 0.2564821309611887 0.023600419518204643 -0.004471895375822859 -0.024771671361778824 0.014638448513543123 -0.715791831942575 0.6977206700731697
152 1783354918.50576 0.2566568283732719 0.022711533681409476 -0.00442949266750488 -0.02478334823026207 0.015025791098034702 -0.7163766629005732 0.6971115320404723
153 1783354918.529984 0.25673506264379375 0.022061537583444334 -0.004499785292325694 -0.025099295035554303 0.015031525804973689 -0.7170179071366863 0.6964405211258308
154 1783354918.558007 0.25679914888207134 0.021402032886092454 -0.004440574152393972 -0.025035425520719023 0.014935991264155457 -0.7176180969069069 0.695826422770552
155 1783354918.589815 0.2568721094560346 0.02047417186683222 -0.004472391126759102 -0.024796948557014864 0.015313637345017228 -0.7183242891312812 0.6950977050009343
156 1783354918.621774 0.25707359795512713 0.019629976027235544 -0.004294774516216723 -0.024927813624648243 0.015347493545087243 -0.7185765756365321 0.6948314640948938
157 1783354918.645766 0.25714386560833563 0.018911388249361914 -0.004229840823816123 -0.024551652200605067 0.01569913559715841 -0.7186577046131248 0.6947530907566496
158 1783354918.673811 0.25721110232220334 0.018208624429816585 -0.004101525541208635 -0.02434438436214903 0.016126766461286413 -0.7188260562653439 0.6945764026999073
159 1783354918.705831 0.25741275084268334 0.017350296522002276 -0.0038789101090566467 -0.0240127612915767 0.0163843361293603 -0.7189024858725005 0.6945028125436881
160 1783354918.730048 0.25760909560037665 0.01670032313599098 -0.003838917754306625 -0.02342004456990865 0.016895949889999207 -0.7189124727681198 0.6945004570827047
161 1783354918.761775 0.2578336866393045 0.015750625603975825 -0.0039040518579995034 -0.02369618189276257 0.01652607595257316 -0.7188876212829255 0.694525714242095
162 1783354918.789826 0.2579062638283741 0.015115558479146921 -0.003827565812791185 -0.02376237003971937 0.016708445972369534 -0.719011224814037 0.6943911262355692
163 1783354918.821824 0.25813465511661876 0.014229245214214481 -0.0037538858296297783 -0.0233877193407388 0.01706113047882285 -0.7195384650339964 0.6938489242964523
164 1783354918.845832 0.25824479465395406 0.013562643482824596 -0.0037336998611011488 -0.023135192207276556 0.017344352001597008 -0.7200653767856523 0.6933035334467248
165 1783354918.877826 0.25855397833794347 0.012683400445550084 -0.0037829856363024317 -0.02271404937837307 0.01761131520187509 -0.7211363376679184 0.6921967177274096
166 1783354918.905831 0.2585904319558517 0.011988907598365 -0.0037081383063095 -0.023059887902733722 0.017550678068445014 -0.7213848150694222 0.6919278602979554
167 1783354918.930073 0.2587731518885528 0.011325736997129698 -0.00369298122030484 -0.023193865664948077 0.017548629963886397 -0.7216299617253882 0.6916677587701495
168 1783354918.961831 0.258988708758785 0.010466481565489391 -0.003683232094204087 -0.023178359605857457 0.01753345532810968 -0.7216788904417282 0.6916176116041544
169 1783354918.993805 0.2591231790284975 0.00958227279994939 -0.0035263012386886946 -0.022352252184004606 0.01784669484480228 -0.7214329163929784 0.6918933584376578
170 1783354919.02186 0.25932904917475297 0.008955391831756702 -0.003490514897515243 -0.02223942138299939 0.017958202447094118 -0.7214902436465166 0.6918343294635709
171 1783354919.045885 0.2594554025906905 0.008251777479980286 -0.0034415652932561092 -0.021993832082902842 0.0179361253654865 -0.7216623035688526 0.6916632752755346
172 1783354919.077843 0.2595521943373263 0.007366462860174106 -0.0032534841270100458 -0.021059544382827533 0.018576041342902805 -0.7218963336349322 0.6914312039262164
173 1783354919.102059 0.25977985047664975 0.006665031421021095 -0.003199922118432931 -0.02085847278804509 0.018603966081540135 -0.7223005952899931 0.6910142303908863
174 1783354919.130191 0.2598731561068493 0.005926184109743708 -0.003217711737235552 -0.020866732982315228 0.018392316231839012 -0.7225416052765771 0.6907676387922498
175 1783354919.16189 0.2600343959333198 0.005036767236179622 -0.0030841043111146903 -0.01959199902098474 0.018835947982648316 -0.7232265205874112 0.6900759092715697
176 1783354919.193864 0.2602482321642144 0.004168146134008642 -0.002937393439325718 -0.019422927140260282 0.018761702867939323 -0.7238337982602586 0.6894457055511526
177 1783354919.217856 0.26036241432061136 0.0034634646619348397 -0.0029111071435401013 -0.019341488577496846 0.018893790025624635 -0.7241851150035742 0.6890753592498678
178 1783354919.245894 0.2605626320719739 0.002787541487406023 -0.0028678295940712546 -0.01890880928374139 0.0190762265307024 -0.7247416626964042 0.6884969693941086
179 1783354919.27789 0.2606792003888079 0.0019157836474457332 -0.002760715555684388 -0.01870872143628355 0.018914575472177786 -0.7250004743637581 0.6882343603375616
180 1783354919.301895 0.260789431707812 0.0011924569702288328 -0.002690559906079847 -0.018318721780459124 0.019269096275893127 -0.7253731525367574 0.6878422173288922
181 1783354919.333856 0.2609055632324432 0.0003374009258151102 -0.0025712379705638225 -0.0177683579936444 0.019633116403749762 -0.7259432952902031 0.6872446130874272
182 1783354919.3619 0.2608845784175868 -0.0003841496386437094 -0.0025282600884966745 -0.017981400342684473 0.019295139149324236 -0.7260690455562612 0.6871157893193435
183 1783354919.386197 0.2611204365586384 -0.0010301900577438985 -0.0024529199350118765 -0.018085885763459042 0.019237213687231414 -0.7264739360622042 0.6866865737496193
184 1783354919.417906 0.26131658130963553 -0.001932976109015147 -0.0024415103669176985 -0.01780830833921998 0.019261117264547933 -0.7269762549836358 0.6861613499795688
185 1783354919.449869 0.26135840037910046 -0.0028387093787386464 -0.0024720928126629165 -0.018171528829347805 0.019235094563399224 -0.7272748266025949 0.6858360833809395
186 1783354919.477904 0.2615950622702121 -0.0035381686426874427 -0.002451905251734554 -0.018132089570243926 0.01932459597511993 -0.7277392056019 0.6853418387550338
187 1783354919.501948 0.26158566041133646 -0.004283260559306395 -0.0024586552698843515 -0.017959654338306263 0.01936577284032759 -0.7279299322359001 0.6851426358163559
188 1783354919.533921 0.2617247287126815 -0.005166276727295003 -0.002159149702065403 -0.017811330556355087 0.019473740250506633 -0.728141239477557 0.6849188749892612
189 1783354919.557901 0.2619062080110175 -0.005749053040047273 -0.002049514774642762 -0.017801744319048463 0.019652985195948713 -0.7283569078429003 0.6846846521352848
190 1783354919.585944 0.26201768116402174 -0.00647499129938103 -0.0020892296904366295 -0.017748362780106275 0.01959682006842789 -0.7287471727491104 0.684272254641389
191 1783354919.617963 0.26206565103310575 -0.007359586660826652 -0.001859859408578246 -0.017646005564699863 0.01971584561866868 -0.729056914054923 0.6839414594743208
192 1783354919.642093 0.26234938689156767 -0.008031451419399465 -0.0018420993270598512 -0.017475921377374748 0.019778818286318667 -0.7295215418729345 0.6834483963420683
193 1783354919.673911 0.26230079343809753 -0.008953573967325686 -0.0019040489153401927 -0.01770487484661254 0.01964227251956252 -0.7295615391464033 0.6834037453330676
194 1783354919.701957 0.26300267006213573 -0.009699768488560842 -0.0022952963448792177 -0.018102435563733588 0.01976827069145315 -0.7292280824973645 0.683745508941556
195 1783354919.733985 0.2634788551252961 -0.010270673238356058 -0.002693421227178812 -0.012848639540039786 0.024369558443877226 -0.722544133211521 0.6907756601421569
196 1783354919.757972 0.2633630306436028 -0.010723384829561082 -0.002296864198545247 -0.007987523131597896 0.027928925929860515 -0.7242936725904873 0.6888794164554568
197 1783354919.789949 0.26297812113718405 -0.010548901844380875 -0.0023380648874579135 -0.007667489471036348 0.027629861240682674 -0.7235602505636608 0.6896654001595881
198 1783354919.817977 0.26314846263893116 -0.010361057280202177 -0.0023782489312225066 -0.010408286026116098 0.026437316562404112 -0.723623118850456 0.689610265106398
199 1783354919.84215 0.2631180577852562 -0.010194722974129586 -0.002083699590574162 -0.012620537695186784 0.025423698656203975 -0.7233247863077694 0.6899243517138257
200 1783354919.873958 0.26296452609999965 -0.009967535157849816 -0.0018509946287595148 -0.014537023618668599 0.02309952911680102 -0.7231962441334228 0.6901030931463814
201 1783354919.897945 0.2627389168305253 -0.009921047462245184 -0.0018693436532501804 -0.01631584556099208 0.021031759392700744 -0.7230247791932213 0.6903090807407006
202 1783354919.925995 0.26288938945359813 -0.009799023510231505 -0.0017825821457533014 -0.01790815657072553 0.019728208421561755 -0.7231673777232056 0.6901587060362685
203 1783354919.958013 0.26296421741424086 -0.009750553756944481 -0.0016539939619387798 -0.018978852959071313 0.01964536936186878 -0.7230982413340423 0.6902048942036043
204 1783354919.982137 0.26288359092241864 -0.009623952580168193 -0.0015137852918177784 -0.01798471796387502 0.02003894647655735 -0.7224159607333144 0.690934273445479
205 1783354920.013959 0.2629521116070692 -0.009614471854089424 -0.0014355188073317503 -0.016070576995223518 0.02056035364501252 -0.7224427536844601 0.69093811304765
206 1783354920.041998 0.2630482134497636 -0.009687901979081282 -0.0016065004637346378 -0.016011695082908672 0.021026771425827318 -0.7225484030059084 0.6908149577257208
207 1783354920.074026 0.26319869325955836 -0.009740624456018216 -0.0017311643832021387 -0.016398477223179553 0.021439759677820858 -0.722813162432995 0.6905161539481397
208 1783354920.098016 0.26309942071517217 -0.009822516329813085 -0.0017690413628644406 -0.01651527370434236 0.021216846344722873 -0.72298530617218 0.6903400163866891
209 1783354920.129991 0.26302723110641124 -0.009833461793692981 -0.0017408700618735794 -0.016617313271263368 0.0208523028555464 -0.7232799142926701 0.6900400074967051
210 1783354920.158007 0.26325924743372536 -0.009803072076394097 -0.0017489019008316998 -0.017082082890221506 0.020560163521125996 -0.7238327009633455 0.6894575426639585
211 1783354920.182343 0.26326910442259066 -0.009807367466955848 -0.001791015927887529 -0.017455121238847404 0.02014004874126729 -0.7239851374997687 0.6893005279692433
212 1783354920.214021 0.26327202047399434 -0.009766254387045523 -0.0018255687479880548 -0.018052368342294622 0.019802899087802528 -0.7238936672203296 0.6893909745153728
213 1783354920.245983 0.2632522514503163 -0.009797592713275216 -0.0018442824412558713 -0.017893138437513723 0.019904524039844107 -0.7237073581894147 0.6895877792000823
214 1783354920.274025 0.26331302033927834 -0.009785406848765442 -0.0018904879920765057 -0.018049418538087725 0.01975581207813293 -0.7243414763623939 0.6889218765583787
215 1783354920.298071 0.2631731909325327 -0.009801622114258807 -0.0018498533745631845 -0.017478047828780707 0.020334304287604854 -0.7246615307550849 0.6885831102756813
216 1783354920.330043 0.2632760030619128 -0.009736850014548366 -0.0019201578854811732 -0.017256943844475847 0.020479991868927794 -0.7257472800496518 0.6874399270647071
217 1783354920.354019 0.26320479441228734 -0.009724709062224432 -0.0018972661812217823 -0.01726124052750677 0.0206526612335598 -0.7261717370055263 0.6869862629876964
218 1783354920.382091 0.2634213998301746 -0.009654141887019622 -0.002004929177743312 -0.01746837277985569 0.020213373592539607 -0.7271572008103999 0.6859509317655428
219 1783354920.414078 0.2630874637871943 -0.009476508108669849 -0.0019325822602873789 -0.018172194182543566 0.01994542996201043 -0.7271695165939005 0.6859274344410025
220 1783354920.438215 0.26301990767901373 -0.009440960359208375 -0.0018402232300506645 -0.018110366087783047 0.019816213038838404 -0.7273742366819564 0.6857157225500283
221 1783354920.470019 0.26296125906117074 -0.009399151446842398 -0.001823205001324971 -0.018177751857774038 0.019891548986857632 -0.7274089723991312 0.6856749102085775
222 1783354920.498068 0.2626742824240319 -0.009555715081035863 -0.0020096579793500574 -0.018256473243159155 0.01964480787245404 -0.7271546122309569 0.685949672074871
223 1783354920.522124 0.2626132909224016 -0.009545014736471187 -0.0018702846219125317 -0.01771502999304586 0.020108966867316558 -0.7274888941379974 0.6855958839358275
224 1783354920.554067 0.2626391817159309 -0.00956959763133311 -0.0018749163632124678 -0.017843215222114517 0.020198565317905648 -0.7282328157356405 0.684799681450989
225 1783354920.586035 0.2626584980968 -0.009484935600907182 -0.0018992004624207685 -0.01832476830856289 0.02000034983017185 -0.7288659399384158 0.6841188715938175
226 1783354920.614069 0.2626470150780838 -0.009465377587694028 -0.001974105720510329 -0.018499339794306402 0.019910641262031015 -0.729457726459951 0.6834857468152417
227 1783354920.638101 0.2626853885750603 -0.009419345297603136 -0.0019254350134021315 -0.018410225507349387 0.02002504138680683 -0.7300197274688056 0.682884513531092
228 1783354920.670077 0.262658232906092 -0.009455382306206298 -0.0019507842054616049 -0.018473519931171856 0.01999662016705528 -0.7304371322318359 0.6824371473624357
229 1783354920.69406 0.2625756814249157 -0.009478705757296873 -0.001967871653797991 -0.018468037032516316 0.01997346150370094 -0.7305306813062389 0.6823378313665222
230 1783354920.722412 0.2626099709105685 -0.009397686548972656 -0.0019301818828949269 -0.018268222290003244 0.020105090672024928 -0.7309328316711918 0.6819085370990497
231 1783354920.75412 0.262652199691445 -0.009324366765124395 -0.002003724934894077 -0.017081060859464592 0.021297262573035325 -0.7323226618570416 0.6804103048142552
232 1783354920.778259 0.26297455031859396 -0.00905886329384267 -0.0021861747399834746 -0.012371465508383084 0.02551806360487774 -0.7346411315655954 0.6778629530244693
233 1783354920.810071 0.26277676978127174 -0.008481408256973496 -0.0020951186433135136 -0.006078710551764455 0.028619106785500836 -0.738141377671 0.674011351962848
234 1783354920.838152 0.26281231911053643 -0.007949311986089974 -0.0023535795482385775 -0.010373266758760824 0.027039686365759596 -0.7409933937988661 0.670887502525149
235 1783354920.870117 0.26268470169164776 -0.006867341697211451 -0.0022950709518884463 -0.011145731467427256 0.027328496644095868 -0.7441370492554152 0.6673746907597512
236 1783354920.89411 0.2625870727799612 -0.005907730425086435 -0.002215203604178987 -0.008915176550364445 0.02825147429521746 -0.7461497332324418 0.6651187483633119
237 1783354920.926081 0.2624313207301949 -0.004593503260194802 -0.002278026420497549 -0.010187018565204986 0.027521089864938397 -0.7493902223786655 0.6614779730789624
238 1783354920.954161 0.262435439740217 -0.0033357208663257684 -0.0022454253349421787 -0.009173858771833965 0.028152963211745208 -0.7504851150196904 0.6602237068687512
239 1783354920.978151 0.262252733512631 -0.0021791947188596963 -0.002333598943624249 -0.009299688724073385 0.027888977981757934 -0.7510365989575462 0.6596057517358762
240 1783354921.010134 0.2624157470572579 -0.00046440893700954583 -0.0022585038593327406 -0.009697321345590426 0.028512045011975795 -0.7503635604947356 0.6603389677503659
241 1783354921.034129 0.26225989529791144 0.0008511876896267825 -0.002373537400468674 -0.009266732890630291 0.028343790241138533 -0.7480726170875511 0.662946541419504
242 1783354921.06242 0.26209804907691603 0.0021752198754285273 -0.0026005888907721254 -0.011000562062777997 0.027495058634945835 -0.7457273885535554 0.6655927218247348
243 1783354921.094155 0.261915032749611 0.0041906916493643365 -0.002685501102022373 -0.012116955219207193 0.027345364520574456 -0.7412163776141826 0.6705995019323846
244 1783354921.118304 0.2616776012002377 0.005783590613926033 -0.0029399350535301624 -0.012562409823562604 0.026827141480550654 -0.7371742426816361 0.6750530544084395
245 1783354921.150118 0.2616363632447959 0.008068309841570552 -0.0026245738746394024 -0.012673143600590242 0.026563355492253082 -0.7317206391390374 0.680968931621869
246 1783354921.178195 0.2615891120279689 0.009776311795548897 -0.0027872347434404927 -0.013199432547206236 0.026397581139966042 -0.7277454545249548 0.6852120081468638
247 1783354921.210174 0.26097955815454077 0.011996479858580256 -0.002841685838469988 -0.01316826183772335 0.025558330770414694 -0.7224107840230721 0.690866143138867
248 1783354921.234169 0.26065006067046265 0.013644127355015016 -0.0027934028796646193 -0.012927558474959855 0.024769751006618157 -0.719540955959561 0.6938877073156348
249 1783354921.266133 0.26032927113133825 0.015855309001736134 -0.002710346425484964 -0.01328486157943598 0.02418335600810917 -0.7172008598106884 0.6963200445426009
250 1783354921.294203 0.2602554276448804 0.01756343195694535 -0.002858197710481278 -0.013807138041541323 0.023592182341020007 -0.7165946810819847 0.6969539690083547
251 1783354921.31845 0.25981418453290617 0.019070797368850752 -0.0028882075710903454 -0.014270718731922316 0.02266859241023278 -0.7161381827070991 0.6974443237807495
252 1783354921.350181 0.25951601357534576 0.021166729551480006 -0.0027577018633251627 -0.01622440360378885 0.02026960138175704 -0.7162231750768473 0.6973881813383175
253 1783354921.374172 0.2589721810470196 0.022681220424820188 -0.00295102583046245 -0.0201891775167633 0.01672711073620714 -0.71594466442041 0.6976645600613247
254 1783354921.410187 0.258459278743083 0.024344034153663475 -0.0029834344140432026 -0.024249727091751216 0.014458071902099578 -0.7152834056018281 0.6982639648181053
255 1783354921.434224 0.2581008356529905 0.025476996884586746 -0.003212063856153951 -0.022340138124566034 0.015541771103631863 -0.715536368496141 0.6980451825912793
256 1783354921.466184 0.2576905136508729 0.0264508525791134 -0.0034339239103484947 -0.024070350792360307 0.014792058546975406 -0.7164189078530703 0.6970981004760304
257 1783354921.490177 0.25743457220486693 0.02688743342306711 -0.003576577769112469 -0.023900786543827213 0.015048842391670259 -0.7175631620893095 0.6959205365252908
258 1783354921.526217 0.25722576582976175 0.02730254047337971 -0.003805837333249521 -0.02217411120397872 0.016169004879899918 -0.7183594553376009 0.6951306100299229
259 1783354921.550247 0.2570660479801359 0.027606412606879016 -0.003805172694308122 -0.02180291284800917 0.016320427798124704 -0.7184708152620662 0.6950237148792049
260 1783354921.57421 0.2569769890090268 0.02788005971317411 -0.003909893129648146 -0.021241690395255697 0.01706997959890888 -0.7184283841473282 0.6950669487445826
261 1783354921.606179 0.25678959574602594 0.028312777657237588 -0.004065524681414589 -0.020363132325413202 0.01836347917720671 -0.7178285431786053 0.6956797453372401
262 1783354921.634266 0.2567025180057444 0.02861770561946777 -0.004045999723383889 -0.01909319730183545 0.019277020888087137 -0.7170948238847837 0.6964473130396328
263 1783354921.658548 0.25660311970580857 0.028956742526555578 -0.004175531246938594 -0.01840677758610143 0.019917233252837674 -0.7163109714501845 0.6972539612928284
264 1783354921.690234 0.2564737007467747 0.029413634193186468 -0.004281044016204874 -0.017521011186389046 0.02100770126109297 -0.7153471620625835 0.6982335772388342
265 1783354921.714346 0.25657268382677384 0.02984334269943692 -0.004506710786034979 -0.016807303105276228 0.021898823065012563 -0.7150576851695172 0.6985201951201601
266 1783354921.750286 0.2564747132418458 0.0302685511440968 -0.004680865340470412 -0.015419027637224358 0.023269703237880135 -0.7144136652613338 0.6991665676974341
267 1783354921.774272 0.25657183623772706 0.03059446677467225 -0.00480736635910459 -0.014767789472291515 0.023829714563917692 -0.7141511635370115 0.6994298912090025
268 1783354921.806242 0.25647300225313935 0.03104220158332334 -0.004862133399066344 -0.013812531778628179 0.024720748851318364 -0.713791640376242 0.699785390438446
269 1783354921.830251 0.2564111337965108 0.03139678594678536 -0.004938942875804426 -0.01376818400920543 0.024468060230902977 -0.7139147868194394 0.6996695136263835
270 1783354921.86628 0.25628229686004056 0.03185794407751637 -0.004995956485180674 -0.01413502422844748 0.02424833280418026 -0.7141075771509573 0.6994730786112275
271 1783354921.890287 0.2561960512725117 0.0321894386616957 -0.005098193134937981 -0.014497084828226314 0.024155675328885073 -0.7141848071258144 0.6993900193393897
272 1783354921.914502 0.2562858580305947 0.0324974227310808 -0.005045064425892752 -0.017635659552759364 0.021052678661406143 -0.7135873367062102 0.7000277716818503
273 1783354921.946253 0.25632763395650376 0.03266108053654679 -0.00483372290262896 -0.02575255425084133 0.013339059345372495 -0.7125919205432124 0.7009790512004436
274 1783354921.970434 0.25627995245014223 0.03276643704652381 -0.004875752207719268 -0.025519378412387383 0.013766314749392605 -0.7129606170021153 0.7006043166492976
275 1783354922.006287 0.25607701448257403 0.03268125207758686 -0.0049498377034411616 -0.021906648889780334 0.016695818658590378 -0.7130662803432948 0.7005553712670523
276 1783354922.030293 0.2560276931743812 0.032565331337290795 -0.004941868972313192 -0.020994919996864758 0.017013779576430355 -0.7132290664040298 0.7004099110344498
277 1783354922.062244 0.2559258422892761 0.03240072584230577 -0.00489172687719415 -0.020673549937036517 0.017729024243372082 -0.7131932926026854 0.700438158168813
278 1783354922.090317 0.2559183063866634 0.03230984960694887 -0.00495017411732653 -0.020453357085655544 0.01859625559102407 -0.7133383629928437 0.7002743886110716
279 1783354922.114314 0.2558543966299963 0.03219564533267673 -0.005047253868418183 -0.0195906112176073 0.019083459746992104 -0.7136322389328319 0.6999864692063121
280 1783354922.146302 0.2559426486354124 0.03214867475645585 -0.005120071949528289 -0.0185284540269125 0.02009647487171129 -0.7138792342206136 0.6997351406337212
281 1783354922.170482 0.25590180727289724 0.031971934115081764 -0.005044958794974097 -0.018816294177533055 0.019794255442251774 -0.7113271018277304 0.7023303273604761
282 1783354922.206339 0.25628363363708734 0.03189506275185171 -0.005087921454927192 -0.017347459313933777 0.020791042805445636 -0.7029150641299868 0.7107581943344374
283 1783354922.230331 0.25648662952847134 0.03178297142011097 -0.0051043211702594205 -0.015056566083898049 0.022163276431133583 -0.6934204900613682 0.720034799824738
284 1783354922.262317 0.25684424739569406 0.031699617404542114 -0.0050675102440477645 -0.012607762247797694 0.023716196530268463 -0.6785191460567573 0.7340915166296703
285 1783354922.286303 0.2571298475426978 0.031658438283424566 -0.005014788453766692 -0.011251925326513423 0.024296283018632847 -0.6669599373692827 0.7446123331991538
286 1783354922.322325 0.2575072289845163 0.031444042550654944 -0.0050536657246144845 -0.01091431303741841 0.02389513051153147 -0.6517013909264283 0.75802057859488
287 1783354922.346333 0.25753028502638003 0.031519050835814126 -0.005050761242223428 -0.010220367537924657 0.023889625866723163 -0.6395580476939358 0.7683035425489455
288 1783354922.370333 0.25741243792053314 0.031207227553529233 -0.005116410968004471 -0.009728461671887678 0.023611042906689472 -0.6268953473925578 0.7786848522373613
289 1783354922.402328 0.25744879920652164 0.031244538479918732 -0.005233254716278056 -0.00965988584947619 0.02261890401910216 -0.6097332276147777 0.792225007765354
290 1783354922.426351 0.25750130204470595 0.03132119885130645 -0.005240001108951876 -0.009170701430079586 0.02202880585068867 -0.5962657224499462 0.8024324383892495
291 1783354922.454563 0.2575516728255356 0.03140319283482559 -0.005280388444334032 -0.008976035934158522 0.02157616666082518 -0.5823199827411175 0.8126237367389151
292 1783354922.486355 0.2576593771280765 0.03152845556669642 -0.005154288580458921 -0.007915139523158254 0.021050859319863946 -0.5635164362447673 0.8257986667282899
293 1783354922.510523 0.2574940148800117 0.0318709864265455 -0.005056852315499942 -0.006799534212001412 0.020783744211554045 -0.5489607327585561 0.8355620361171502
294 1783354922.542374 0.2576285729915474 0.03164353345831884 -0.005167443809814379 -0.0059976538002668445 0.020178170325808154 -0.5298347420996788 0.8478396167055192
295 1783354922.570364 0.2575912826739263 0.03152266045443984 -0.00522184706439818 -0.005601516300734466 0.02005377762044347 -0.5150406715042938 0.8569128168691893
296 1783354922.594604 0.25765283214660595 0.03117100086437047 -0.0052726838559658306 -0.004876545696294754 0.019694987183562718 -0.4997584368350683 0.8659271514360087
297 1783354922.626364 0.2576234007130107 0.031007018809722356 -0.005337165057018872 -0.003725483726086165 0.019352919527145684 -0.4789602554893329 0.8776153251501341
298 1783354922.650549 0.2577436612849328 0.030883364192395193 -0.005210182523217583 -0.0028641264009324763 0.01985654766332834 -0.4632955307599561 0.8859767296451437
299 1783354922.686376 0.25810518793346343 0.030828131430219494 -0.00522633051391175 -0.001523785038210046 0.019827759850347904 -0.4426989098780997 0.8964497828719781
300 1783354922.710414 0.2579865682959598 0.030901348853996313 -0.005287262944046458 -0.0011536259725039022 0.019325294656573733 -0.4267852467902226 0.9041457599611696
301 1783354922.742366 0.25811673311033373 0.030873999533457527 -0.005219181606131773 1.504611545910528e-06 0.018840436551815443 -0.40568569629674633 0.9138184468309323
302 1783354922.766391 0.25821446032879514 0.03070952154904781 -0.005207053448547832 0.0008290250010503097 0.018513978177532198 -0.38945579275778475 0.9208586921004738
303 1783354922.794455 0.2583302276417153 0.030603258681555737 -0.005203169819929696 0.001824969388374842 0.018061103170438852 -0.3730631695279145 0.9276283402207939
304 1783354922.826427 0.2584516624323663 0.030764164825909407 -0.005141365963663399 0.00265641011059492 0.017230542417740247 -0.35147853101197746 0.9360335966892306
305 1783354922.850405 0.25850834660765665 0.030785684540491465 -0.005335567622687696 0.0029938014744116392 0.01627534552011134 -0.33481529059944487 0.9421384566303096
306 1783354922.882404 0.25885530737410917 0.030816644744647514 -0.005208744686372901 0.003901774297424554 0.01594111008166807 -0.31217288688829903 0.9498835433138746
307 1783354922.910427 0.2588709153420956 0.03063443620743335 -0.005186698604619534 0.004885686532470346 0.015751390237978224 -0.2945275812890218 0.9555006685673831
308 1783354922.934649 0.25901168955074017 0.030384058443669287 -0.005132081509352218 0.005481468229968034 0.015341315585265386 -0.2768866035864388 0.9607644905472537
309 1783354922.966415 0.25903464772532847 0.03029952542260793 -0.005123186342127743 0.006381234947261338 0.014619167796842053 -0.25352146863948266 0.9671982344443952
310 1783354922.998428 0.25896240978313 0.030302755316012217 -0.005070618934119776 0.007146073977020051 0.013986473250043985 -0.22984506732486365 0.9731004867017433
311 1783354923.026439 0.2591465001431351 0.030259601503404024 -0.0050635266404345245 0.008216314688538229 0.013514195165016951 -0.21177939050171646 0.9771895151201235
312 1783354923.05046 0.2592563565584787 0.030268404761742848 -0.005006136502314878 0.009235011410297145 0.013307211152302156 -0.19384559541889496 0.980898321862309
313 1783354923.082426 0.2592202072427366 0.030278400575645986 -0.005020644833092966 0.010423570525875059 0.012705845782396752 -0.17011248940599233 0.9852875984242074
314 1783354923.106407 0.25931702294914477 0.030301846547765146 -0.00506749877326856 0.011116948090993783 0.012266680611477232 -0.1523166193781103 0.9881930932126282
315 1783354923.134591 0.25947313083941326 0.030281893830818238 -0.00506336991981623 0.011938346974610381 0.011895893414474668 -0.1342747469498083 0.990800815463406
316 1783354923.166471 0.25936535793333537 0.03026743251163834 -0.005048867014316353 0.012861231527235228 0.011458449576318863 -0.11002051705877197 0.9937800453234258
317 1783354923.1906 0.2595942856554161 0.030280215038031084 -0.005055914728715318 0.014055730130455302 0.011006152044790135 -0.09225728635331118 0.9955751574755116
318 1783354923.222416 0.25986699517436207 0.030220112654579537 -0.004985100014352939 0.014819156297065539 0.010501822414806877 -0.06956039086680352 0.9974123802896516
319 1783354923.250495 0.25977724571732463 0.03028539409700362 -0.005026107091046425 0.015419568578534881 0.009627474160030569 -0.054729593594091464 0.9983357252103001
320 1783354923.282475 0.25994287285417345 0.030313029532998047 -0.00514065086663894 0.015839870324363736 0.008258112780253984 -0.03835017861974968 0.9991046821435926
321 1783354923.306608 0.2601533801621553 0.03027476686936556 -0.005003212282848797 0.016395408692523095 0.007924067900324322 -0.028273377955893325 0.9994343479292072
322 1783354923.338433 0.26029089092967017 0.030267644020390574 -0.004917700940835279 0.016682595162349045 0.008797613927227083 -0.018083019956965235 0.9996585904182853
323 1783354923.366512 0.2606787846940352 0.030100452247535936 -0.004971583194096875 0.017098479386729204 0.006859392465850628 -0.01352952988414488 0.9997387371502493
324 1783354923.398477 0.2609144381198493 0.030046201102796734 -0.0049475033782436124 0.017199746118898185 -0.00269929238109487 -0.013483278164156703 0.9997575124819191
325 1783354923.422583 0.2610435606892598 0.03002245060392826 -0.0048635555157995934 0.015013293883709145 -0.006453558045106167 -0.017171672634547774 0.9997190036476509
326 1783354923.454457 0.2610258966849188 0.030115687479859442 -0.004811494084275817 0.016017157796014092 -0.003128649591941507 -0.023225969283281828 0.9995970270857756
327 1783354923.482517 0.26125112722428306 0.030110841714343077 -0.004797343044939593 0.016367301338470364 -0.002605945482838351 -0.02788081078337787 0.9994738520267039
328 1783354923.514492 0.26158623028851313 0.02996428095776971 -0.004801450489359782 0.015849782929125644 -0.001986694505756642 -0.032649260244519224 0.9993392132962292
329 1783354923.538733 0.2620963404628315 0.029905642199313007 -0.004775976265160376 0.015814535005711783 -0.0009044661262781473 -0.03450876178176476 0.9992788538660615
330 1783354923.570519 0.26281798272207385 0.029942521753672006 -0.004787619985081716 0.016001916223229218 -0.00041886192709089665 -0.03437841347150594 0.9992806852526737
331 1783354923.598529 0.26336116890147365 0.02980982617400815 -0.004971113543899788 0.01615535942152313 0.00019554982145345012 -0.033465963340920196 0.9993092591484845
332 1783354923.630515 0.26398413975520374 0.02978614997970102 -0.005003609840351902 0.016170267971276298 0.0008908329829830919 -0.03149467762624414 0.9993727103196048
333 1783354923.654601 0.26441171232610133 0.029669375913420934 -0.005002857704016967 0.016374843221048985 0.001552158859783631 -0.029539340146638032 0.9994282779149594
334 1783354923.690538 0.26502811315644187 0.029639207229195285 -0.005068475451236436 0.016350355678179218 0.0027790276361830124 -0.027581341494895578 0.9994819720614958
335 1783354923.714837 0.2654541734195265 0.0295988929973124 -0.005186183359375082 0.016621776246736164 0.002946017144606239 -0.026669758898428875 0.9995017566256135
336 1783354923.746528 0.2660983607402407 0.029642618907218206 -0.005074693804801445 0.01666766438468853 0.0036032474505684198 -0.025985716145058985 0.9995168573506892
337 1783354923.778491 0.2667105437427121 0.029767337620375124 -0.005132987592358934 0.01645443509234623 0.004999066447874456 -0.026246135444248142 0.9995075793983174
338 1783354923.806544 0.2671562709512269 0.02981996083706596 -0.00514444339986421 0.016780892450166895 0.005194846502050321 -0.026582328733658178 0.9994922686131653
339 1783354923.830875 0.2675800924108668 0.02981679077568824 -0.005153680712600127 0.016869004427910728 0.005127222470280968 -0.026812652105002666 0.9994849823616399
340 1783354923.862532 0.2682011627377872 0.029825835337022228 -0.005156255367473792 0.016630704569820742 0.005780130166962494 -0.027476932723572267 0.999467372118204
341 1783354923.894502 0.2688311038595813 0.02986617782530112 -0.005204059110709807 0.016997996843312435 0.006066828516722439 -0.027830348053846293 0.9994497153045097
342 1783354923.922579 0.26932643172981746 0.029869690377215874 -0.005204636559084991 0.017095372810978393 0.006503343267316997 -0.027609432934090683 0.9994514365229854
343 1783354923.946876 0.26978979063903696 0.029848041160753656 -0.005213947595633263 0.016955807214506347 0.007409887945921456 -0.02714003251867425 0.9994603607933727
344 1783354923.978592 0.27032991604553425 0.02984881072745793 -0.0053129117457318305 0.017212514311707283 0.007746103759856404 -0.026515995437622397 0.9994701742491183
345 1783354924.010519 0.27089191155694525 0.02978948350682433 -0.005293620333365863 0.017360538041584272 0.00791799240659355 -0.02639813174084296 0.9994693871028513
346 1783354924.038595 0.2713874424946462 0.029723484614413057 -0.005337150975094025 0.017228915193365668 0.008371933901316325 -0.026924945587594035 0.9994539121485878
347 1783354924.0706 0.2719789702859414 0.029643157513519487 -0.0053044144365201416 0.01740930599375623 0.00894131471031162 -0.027578560528491225 0.9994280324041563
348 1783354924.094574 0.27242931139607535 0.02960053578886673 -0.005327135893084881 0.01757632487485078 0.00907451561989056 -0.02761425346308019 0.9994229229789733
349 1783354924.126544 0.27300305093877286 0.02961237891831004 -0.005399548128864846 0.017858540378241472 0.009707582323430108 -0.02722407335991245 0.9994226759538163
350 1783354924.154609 0.2733712617612286 0.029631394929732137 -0.005396310519444827 0.018088981988017006 0.010371114872894743 -0.026722097173302622 0.999425414040283
351 1783354924.186649 0.2740918802275675 0.029620738220106104 -0.005482947242654093 0.01824371817242032 0.01136613146860499 -0.02540575168232523 0.9994461093946686
352 1783354924.210586 0.2745849650681686 0.029554952111117676 -0.00554212230398768 0.01828412272757529 0.011182073130552195 -0.024331987359045404 0.9994741649926452
353 1783354924.242559 0.2751693790104522 0.029602604599901453 -0.0055875715897625265 0.01820649185768347 0.010279600704991648 -0.023792198129746395 0.9994982665176249
354 1783354924.270622 0.27560646948388046 0.02965305945769134 -0.005602502101946847 0.01801701816467194 0.010284320338196595 -0.024373972514544373 0.9994876333779701
355 1783354924.302609 0.27623125166855367 0.029588610272738493 -0.005603374663264384 0.017986875354089826 0.010042026281364858 -0.02550896869310887 0.9994623167180315
356 1783354924.32661 0.27661174151592777 0.029497489867662936 -0.005606253128133367 0.0179165704855323 0.00950267370719643 -0.02612555652145626 0.9994529258503854
357 1783354924.358575 0.2772197984540987 0.029543845960948452 -0.005699377123582311 0.017641115290827902 0.008858778932621464 -0.0271381196505546 0.9994367591543504
358 1783354924.386648 0.27767930837227606 0.029560664088820528 -0.005661336754711189 0.017666776697237763 0.008462133482939033 -0.027504606360929912 0.9994297243563337
359 1783354924.418629 0.27825550129533194 0.02948228936662104 -0.005705498022060708 0.01776267150869948 0.008398015661725461 -0.02749800692720869 0.9994287470594642
360 1783354924.442622 0.27860468619664225 0.029472841427224082 -0.005837574665737141 0.018083194715766693 0.010887786677061362 -0.023926509228779202 0.9994908585506281
361 1783354924.474592 0.2788673063023561 0.029460281314777455 -0.0057827709513200735 0.018773212914462767 0.01099566731067439 -0.014289831660349611 0.9996611738426074
362 1783354924.502657 0.27887457557023526 0.02947487583045026 -0.005839068238529628 0.018657004929118037 0.009823687322661562 -0.008999155528786856 0.9997371787296051
363 1783354924.534657 0.27883793870020557 0.029468793701455998 -0.005765949022625033 0.01800153067003807 0.008587260061191093 -0.010209793606533901 0.9997489504734123
364 1783354924.558642 0.2788352692576986 0.02952047967577165 -0.005720466690026672 0.017616662803369265 0.007585627434654046 -0.010099381253830725 0.9997650293675934
365 1783354924.5906 0.2787537651115835 0.0294782033472253 -0.005739707982889522 0.017961507467859072 0.006321464625013012 -0.01022405262204143 0.9997664187611316
366 1783354924.618679 0.2787427444322172 0.02945740591577729 -0.005714084730726727 0.01816152391283765 0.005724327637686433 -0.010718854471566452 0.9997612201326262
367 1783354924.642982 0.2787476780732366 0.029568770697569538 -0.005728318348775814 0.017903277971288545 0.005444649024796078 -0.010552620569096838 0.9997692086846867
368 1783354924.674666 0.2787263103799892 0.02954827116550493 -0.005750639127973505 0.017956137177459253 0.0054576773661249856 -0.010690582962933598 0.999766723956816
369 1783354924.706648 0.27873661928642923 0.02954209662893439 -0.005759604410896141 0.017996538449982946 0.005179653912332133 -0.010682012650117562 0.9997675681851805
370 1783354924.734695 0.2787601921532976 0.029593167610745073 -0.005759550692299284 0.01791356082254625 0.005120132543733336 -0.010578196004534357 0.9997704688330624
371 1783354924.758942 0.27874296866514814 0.02961876891581973 -0.005752493599263575 0.017913716724601736 0.005175044937956813 -0.010705652396843984 0.9997688266143123
372 1783354924.790673 0.278756053074101 0.0296267838895111 -0.005782657809868096 0.017876117472514497 0.004990887752560985 -0.01069200154180791 0.9997705819669732
373 1783354924.82267 0.27875345292511156 0.029638548363707207 -0.005768280967695298 0.01789915043094592 0.005042248509909669 -0.010697403524844579 0.9997698543673147
374 1783354924.85074 0.27873158204022563 0.02968208039716865 -0.005773762832627353 0.01784701075967554 0.00504617811297467 -0.010750171383325596 0.9997702006504421
375 1783354924.882717 0.27874945163276155 0.029677407829315564 -0.005756146573560319 0.017882158151346306 0.004995971018038031 -0.010754624921922279 0.9997697768667676
376 1783354924.914681 0.27873188423117734 0.029691138928369158 -0.005750780554250888 0.017920551080637392 0.005109371632720933 -0.010778217323085731 0.9997682622497183
377 1783354924.938706 0.2787564525936946 0.02967631771344017 -0.005762103306781258 0.01786121980399802 0.005151958427837694 -0.01074772768496221 0.9997694336701244
378 1783354924.967045 0.27871292119221075 0.029646200217401254 -0.005741202457335685 0.01788136945360186 0.005153131670822486 -0.010947888105573178 0.9997668956344149
379 1783354924.998689 0.2787615459382058 0.02964006576704606 -0.005752164161016038 0.017996001637841652 0.005267917437653008 -0.011025404518054421 0.9997633887206184
380 1783354925.030696 0.27874764359186405 0.02960915339202705 -0.00575239157485322 0.017972785397907254 0.0052496896834308415 -0.011109382270891338 0.9997629725934181
381 1783354925.054723 0.2787160122627028 0.029575294797462248 -0.005759465116561958 0.01790842778178059 0.005223253279542817 -0.011357264209450768 0.9997614807489031
382 1783354925.083041 0.27874131980843503 0.02965267186662484 -0.005775421457359108 0.017889481599276724 0.005503931955191499 -0.012426797296912984 0.9997475920901653
383 1783354925.11471 0.2786833591108735 0.029587438568367156 -0.005770640426845615 0.017859260778943786 0.005617240813218238 -0.013528533005433663 0.999733200511415
384 1783354925.146719 0.27866509377464344 0.029603818714448633 -0.005782463562282944 0.01781200680098194 0.005073553805797049 -0.013623907713092853 0.9997356553630197
385 1783354925.170751 0.27865317942393186 0.029605649321928343 -0.005803262182478154 0.0177963711763115 0.004992009085839633 -0.013932374274212178 0.9997320930956078
386 1783354925.199145 0.2786045228814982 0.02956122958433413 -0.005757789086064715 0.017734196587527173 0.005401505029706238 -0.015226831535009172 0.9997121913912091
387 1783354925.230728 0.2785630005902988 0.029559200740201963 -0.0057112775381328515 0.017622961515526225 0.005714801800449393 -0.016750545178334603 0.9996880470947088
388 1783354925.262711 0.2785810482636366 0.02960247721037066 -0.0057355182360412805 0.01762355296936835 0.005491942043719195 -0.017629300729762015 0.9996741752736759
389 1783354925.286764 0.27851429770650693 0.029573461473047208 -0.005699361292408698 0.01756818252969039 0.005559625058606854 -0.018530773354164976 0.9996584716645519
390 1783354925.314776 0.27849255640906095 0.02960218259117959 -0.005715351286109455 0.01750108824221419 0.0056333084925172805 -0.019864882032508607 0.9996336149848108
391 1783354925.346743 0.27840908415473714 0.029511494314887532 -0.00573144757779682 0.017334034384569708 0.006920036918871192 -0.02152566029869349 0.9995940627523262
392 1783354925.378716 0.27811928291026305 0.029428793612919783 -0.00568312124563378 0.018523181022166102 0.011910236372326355 -0.026266801116564653 0.9994123739445485
393 1783354925.40679 0.27787532739671983 0.029402219082386303 -0.005678479282752688 0.017944686275943145 0.011048295173371248 -0.03167376367949504 0.9992760860255767
394 1783354925.430798 0.2774768220242347 0.029408568069020136 -0.005572375909950403 0.017442627981827996 0.010901104397229772 -0.03706266414506629 0.999101235900786
395 1783354925.462759 0.276861997617504 0.029404599072517048 -0.005578476325602056 0.017751860989105694 0.012081457622234587 -0.04283993538831213 0.998851164963565
396 1783354925.486946 0.2763771860965013 0.029381847240630896 -0.005565342777609478 0.01758456079607129 0.01170673628568461 -0.047083194723400085 0.9986675664713386
397 1783354925.522789 0.27558104884697054 0.02944884693341987 -0.005505511664825138 0.017271641157585504 0.012053645405920993 -0.051042433559732564 0.9984743712386674
398 1783354925.546822 0.2751213453730291 0.02946451543284715 -0.005501589011741544 0.017127123403332778 0.011629531789971503 -0.05247428750845384 0.9984076646264057
399 1783354925.578774 0.27422440768995787 0.029529336805424345 -0.005484400216957348 0.01718620715878383 0.011924514053182067 -0.05131633556448051 0.9984633563392922
400 1783354925.602801 0.2734773260344879 0.029600916938860886 -0.0054696620040147 0.017355498646164258 0.011713011572415416 -0.04854503998157664 0.9986015076695182
401 1783354925.638815 0.27243698991767096 0.029694668498964738 -0.005336741189452653 0.01721951814756173 0.011321727308051699 -0.04234265017512112 0.9988905879332707
402 1783354925.662827 0.27171319456077636 0.029764850373574472 -0.005323459392631492 0.017065604710632953 0.010937401127715629 -0.03616183803583911 0.9991403604410651
403 1783354925.694779 0.27071146437982524 0.029808505822286044 -0.005225492297978774 0.017218203639367435 0.009813833337443123 -0.027748001618655704 0.9994184661816236
404 1783354925.718799 0.2698679079332882 0.02997440765861742 -0.00519924688834209 0.01741484299380086 0.00961692711165893 -0.02204819361025065 0.999558960299469
405 1783354925.754883 0.2687030775479478 0.029972768771806046 -0.0049673094563451176 0.017595314869607748 0.009936477438669794 -0.01556646686015703 0.9996746252757653
406 1783354925.778838 0.2679666457159909 0.029929739291946308 -0.004950684133964717 0.01782989330873347 0.009660954473020955 -0.012050069051590784 0.9997217396351452
407 1783354925.810806 0.2668733782818489 0.03001905306302094 -0.0049239665022538315 0.017873894622046582 0.00966091959625992 -0.009354607662589831 0.9997498096219241
408 1783354925.8348 0.266136000030406 0.03006123802908561 -0.0049072583593531005 0.017693517330830133 0.009643075455386285 -0.008248220944716556 0.999762930594785
409 1783354925.862851 0.2653216798650335 0.030092295709385257 -0.004925838115295537 0.017810150191829965 0.008686627762128168 -0.0075499825321452 0.9997751441259335
410 1783354925.894841 0.2642715354442181 0.030014577147259948 -0.0048679547137905855 0.01773438655249182 0.00561712493015773 -0.0070907251342391675 0.9998018108896366
411 1783354925.918836 0.263579100172983 0.030006256052043438 -0.004791330455176839 0.017768485697610248 0.001374953378432603 -0.007126909668721676 0.9998157818207286
412 1783354925.950815 0.2628214124088563 0.03005030003526341 -0.004741046923184672 0.016010518004319574 -0.006456672296181631 -0.006126046863782042 0.9998322090460559
413 1783354925.978879 0.26245780684988756 0.030134627601208715 -0.004773967055880761 0.01534600566631572 -0.007050450338874581 -0.0051772254594321665 0.9998439816274591
414 1783354926.01086 0.2619936797787263 0.030096445962566058 -0.004768309890467025 0.01671850612166037 -0.0036245597216625902 -0.00594901666673614 0.999835968207077
415 1783354926.034857 0.26177565588241397 0.02998647983187313 -0.004792645680825514 0.018175738765546345 -0.0015900496539201503 -0.006278791091289121 0.9998138281924573
416 1783354926.066822 0.26143571051151115 0.0299604624102713 -0.004780898910413247 0.018061158831976676 0.0009430600302669234 -0.005933666275074495 0.9998188319810551
417 1783354926.094882 0.261258863958949 0.030026889256688467 -0.004738236899151746 0.017178352188774504 0.003091380739032229 -0.005284383892876804 0.9998336976057955
418 1783354926.119146 0.2610538922844833 0.030010178394704726 -0.004749231788744411 0.01737741223411199 0.005071635193975466 -0.004423606456688933 0.999826352806537
419 1783354926.150873 0.2607699129864151 0.030008401532746934 -0.004687077312062724 0.01785514018479517 0.0070853346498995495 -0.003301071882596235 0.9998100294187423
420 1783354926.182829 0.2605061976393355 0.03006340979360184 -0.004645924401510591 0.01768367847220792 0.00931024239795375 -0.0023120556483269272 0.9997976101696093
421 1783354926.210894 0.260272591083166 0.03006095072119877 -0.004611567101541319 0.01764294320311216 0.010376676639083093 -0.0019695571991713012 0.9997885636380819
422 1783354926.234914 0.26015131950095405 0.030113475372462183 -0.004622496864604097 0.01763351028616167 0.0094574728899387 -0.002763840285017194 0.999795967539579
423 1783354926.266876 0.2598106381459753 0.03009668472674761 -0.004599537370162534 0.01757925939352023 0.00899057327731187 -0.003597750148036788 0.9997985774270701
424 1783354926.291055 0.2596109186616929 0.030081126450340247 -0.004601702552565637 0.01751182355784281 0.009651489389658208 -0.0036132024360896464 0.9997935434660479
425 1783354926.326913 0.25953330365159183 0.030175164837131174 -0.004626437359715872 0.017500836855561697 0.004947190475749708 -0.0015592619782783257 0.9998333934800511
426 1783354926.350926 0.25955375389955887 0.030150515804496895 -0.004687096523845819 0.01768889395148926 -0.0034290624443464868 -6.552271197868276e-05 0.9998376569565182
427 1783354926.382895 0.25945971898451753 0.03016341148448588 -0.00464406839728089 0.016331861505020973 -0.004884222193191817 -0.0010796773705457896 0.9998541138436767
428 1783354926.406871 0.25945161213128504 0.030063601484026804 -0.004728677910373366 0.017505309204199127 -0.0024012434248749104 -0.000906436681088918 0.9998434760262346
429 1783354926.434942 0.25945741241421644 0.030089483386636008 -0.004667097808171433 0.01797814227236505 -0.00015715211394906614 -0.0008519875617073458 0.999838004789197
430 1783354926.466946 0.25955693720619366 0.030174309225355248 -0.004638091083377359 0.01775400685780365 0.0016239466858550822 -0.0007401548474842423 0.9998407924307031
431 1783354926.491056 0.25961853754874326 0.030169726296331186 -0.00460863145684948 0.017406471084720543 0.002387129352783679 -0.0006280954940318106 0.9998454489939335
432 1783354926.522885 0.25970177073563594 0.030169209404503135 -0.004666621124291745 0.01760096179918491 0.00323605428971932 -0.0004309245607568568 0.9998397613619897
433 1783354926.550958 0.2597746682609915 0.03020872499744447 -0.004654859450926446 0.017825042134619995 0.003411157616693028 0.0003218621779602082 0.9998352505694883
434 1783354926.582946 0.2600061196964978 0.03014196519939338 -0.004676588957648817 0.01813106693339417 0.0020886222570602464 0.008176818101959527 0.9998000008574973
435 1783354926.60706 0.26022826005352007 0.03013398075566594 -0.004897898792080541 0.01849282542981756 0.003494322980717862 0.019059838566691162 0.9996411994652583
436 1783354926.638902 0.2603406034131996 0.030248514772125756 -0.004926948925762561 0.019306091306236395 0.005294629433738568 0.03882729005581262 0.9990453859983321
437 1783354926.666968 0.2604459928564132 0.030258395022947634 -0.004897985650788512 0.019975522562659886 0.006330799809237148 0.05536093344825102 0.9982464958715669
438 1783354926.69897 0.2602534290538463 0.030346465729827667 -0.004820461419450896 0.020296706763747174 0.007937680861057339 0.07782650600134616 0.9967286851900656
439 1783354926.722945 0.26031434689343985 0.03042206750288473 -0.004739327414064033 0.02119987958395525 0.0075020575142019374 0.09380542839826692 0.9953365389865365
440 1783354926.754929 0.2604935536546551 0.030546810136001506 -0.004915544324795307 0.021860141842175773 0.006743660001369611 0.11497515756287285 0.9931049140910635
441 1783354926.782967 0.2602536292666331 0.03054347807043032 -0.004816868919751662 0.022601527374766728 0.006391945945629113 0.13093169892166037 0.9911131137286217
442 1783354926.807011 0.26050602563970193 0.03050219663510402 -0.004857254968363324 0.023553751249950017 0.004861862250337773 0.1473045443635669 0.988798743075332
443 1783354926.838952 0.26062355781547636 0.030838320671138342 -0.004964383737039147 0.02438870100208962 0.00397292548230499 0.16937327787694856 0.9852421529084923
444 1783354926.863193 0.26042877928572095 0.03100548862540723 -0.004976436666799391 0.024540598870394725 0.003487403711531528 0.18614547960380448 0.9822094773751192
445 1783354926.899004 0.2604645610701376 0.03112589144538165 -0.004908092854204144 0.02508806044811701 0.003025634803785926 0.20868249358552382 0.9776569191837767
446 1783354926.923008 0.2603327939267984 0.03128393120540089 -0.004856748213958757 0.02549195909358093 0.00277682155087286 0.22532244750619937 0.9739467356757565
447 1783354926.954993 0.26043461667429385 0.031399449870835455 -0.004772917490750571 0.026007774147789875 0.0022617829192134176 0.2478133530540081 0.9684559990366282
448 1783354926.978959 0.26013237127153216 0.03135448129561268 -0.004733535115349645 0.026406170869492818 0.0019192618614924106 0.2646755008457832 0.9639740192691669
449 1783354927.007056 0.26003893030043745 0.031486422927319874 -0.004738822564466796 0.026695179281113757 0.0017918361934886606 0.28128532891949937 0.9592511248160486
450 1783354927.039017 0.2600820191324871 0.03164707054356493 -0.004780266343876586 0.027300916918137352 0.0013819074120856312 0.3030283122250401 0.9525894143110016
451 1783354927.063255 0.2600491022740434 0.03161113825442119 -0.0048061544352085974 0.02774150709935219 0.0007832010124626809 0.31919417238208103 0.9472828910612442
452 1783354927.094968 0.25993137189572596 0.03162592266499435 -0.004791295410305757 0.02826615074264971 -0.000205105334256106 0.34097377593180767 0.9396477354736728
453 1783354927.123032 0.25990230711532397 0.03159826832443821 -0.004813325280997132 0.028692968667924923 -0.0008221040164388682 0.3575429665243717 0.9334554433838607
454 1783354927.155042 0.2598878241109981 0.03160205052313561 -0.004832255838633778 0.028997053848272336 -0.0012082295322406456 0.3793960081860216 0.9247790979590911
455 1783354927.179024 0.25995583218877816 0.03153097703989191 -0.004876112389999065 0.0296196680305445 -0.0016890959471669298 0.39562515913228646 0.9179327620704006
456 1783354927.210981 0.25989973092532703 0.03156047452529634 -0.004779720336804142 0.030155828702222776 -0.0025038891345342262 0.41727660623258844 0.9082756136908541
457 1783354927.239055 0.2602555272369116 0.0316190891715217 -0.004854948517377311 0.0308574369699382 -0.003061632361135297 0.43362510467931314 0.9005596668643263
458 1783354927.263139 0.26041054126050256 0.031660222130992594 -0.004889190525046107 0.03159482164080807 -0.0034619907984249076 0.4498025972038836 0.8925622697682433
459 1783354927.295047 0.260507054574729 0.031691809018684736 -0.004930723740503404 0.03207881502917692 -0.0035678939803328313 0.4710803518907465 0.881499586966074
460 1783354927.319244 0.26057898979597277 0.03168158039489147 -0.004921454733788784 0.032408607424193714 -0.0036658904904751932 0.48682551301021415 0.8728901209740424
461 1783354927.355087 0.260688242145208 0.031750480106699244 -0.004891403733236232 0.03323163864930079 -0.004476820728932518 0.5074255748664414 0.8610429154463235
462 1783354927.379082 0.2606425270483795 0.03204876972063546 -0.0048701716012047 0.033778094058550034 -0.005008972686977753 0.522550748509756 0.8519240962587492
463 1783354927.411042 0.26061022385429644 0.032230638710167736 -0.004819540533678959 0.03400823839632816 -0.005373478816576682 0.5428343737275759 0.8391337248295869
464 1783354927.435036 0.2606632226209237 0.032198670356361744 -0.004811669166681078 0.03394029737020876 -0.005651752702045099 0.557983853838822 0.829138186770452
465 1783354927.463181 0.26069394296223836 0.032353741432199226 -0.004829111475292727 0.0343864364035813 -0.005800142592255253 0.5727893694452482 0.8189604810904413
466 1783354927.495092 0.26078145551947907 0.03276293121348506 -0.004837780377307817 0.0351250099203948 -0.006560947422945662 0.5920556898893269 0.8051044949052755
467 1783354927.519327 0.2607791321885116 0.0332025026080086 -0.004806963970344355 0.035425575743357474 -0.007004759263699034 0.606276942127325 0.7944332768556776
468 1783354927.551038 0.2608099180144942 0.03348360780064645 -0.004786866188545944 0.03565215080508266 -0.006812080915607477 0.6251219088247932 0.7796827039275772
469 1783354927.57912 0.26092094192893023 0.033634509712912666 -0.0047147397349282805 0.035578966826214864 -0.006984316473686802 0.6390968637597995 0.7682711469106224
470 1783354927.611107 0.2609888528493325 0.03395848934829011 -0.004692535393023382 0.035888863242004465 -0.0073603073027492805 0.6571515865487069 0.7528675897315035
471 1783354927.635082 0.26092224871202413 0.03396385096676205 -0.004675645794501674 0.03621178184501639 -0.007936903068131218 0.6705612718581347 0.7409273197212375
472 1783354927.667045 0.26093584961512145 0.03398959872863623 -0.004641997080172407 0.03630416753837373 -0.008364154449822192 0.6884678726888322 0.7243093514617903
473 1783354927.695128 0.2609449605336114 0.03397159364178955 -0.004677076501899547 0.03664320096753859 -0.008661812834279026 0.7015817662903333 0.7115934752583196
474 1783354927.719436 0.26099845286612916 0.034008831282076726 -0.004693676436048566 0.03704364257831194 -0.009176639050817559 0.7143226366907093 0.6987751630900273
475 1783354927.751097 0.2609894973050424 0.03408151479205091 -0.004712100456701255 0.03795345128730887 -0.009869772400211585 0.7308831218971127 0.6813750694397912
476 1783354927.783077 0.26094782151984697 0.034094583010004925 -0.004664037645734073 0.03837369366244081 -0.010653617297122775 0.7471767592320824 0.663431119662494
477 1783354927.811143 0.2610075899401421 0.03411750899714795 -0.0046662607036636865 0.038751013898701614 -0.010900083205714894 0.7594302203811857 0.6493421959796815
478 1783354927.835163 0.26092732669349045 0.03417567764606293 -0.0046495523065870304 0.038685897763938604 -0.011213416861844516 0.7711922049794793 0.6353268793112483
479 1783354927.867116 0.26103174372329474 0.03426520611339 -0.004651741192584378 0.03927192220675979 -0.011320458323673455 0.7868842698439228 0.6157456530270633
480 1783354927.891358 0.2608821946012252 0.034647840578072193 -0.004622410647155404 0.03951264540171484 -0.011913562937052258 0.7979794607099578 0.6012699877397408
481 1783354927.92715 0.26081649569533755 0.035052450091859415 -0.004604723741407725 0.03980425839115376 -0.012112831678885216 0.8127496251905626 0.5811255863195575
482 1783354927.951177 0.26082787884351133 0.03539645463340442 -0.0045735092556301515 0.03957029946706048 -0.012445446746021771 0.8235056008903879 0.5657895611952737
483 1783354927.983126 0.26088281228037846 0.03488722584161669 -0.00460010169701713 0.03960990067989023 -0.012523215591529135 0.8372847356014732 0.5451866619499677
484 1783354928.007223 0.2606762671691628 0.03557719334128405 -0.004592046264076828 0.03983914828101823 -0.012944671568587585 0.8472488520763627 0.5295419345033122
485 1783354928.035466 0.2607078941520892 0.03570059505923666 -0.004642361167166258 0.040126180259208 -0.012992329881477693 0.8569079619579022 0.5137410181747325
486 1783354928.067176 0.2606535633203258 0.03584234543209759 -0.004671180700744578 0.039765067323834224 -0.013087896747394634 0.8693976588154739 0.49233642687255375
487 1783354928.099138 0.2604832116015917 0.03574158043792945 -0.00465397041758928 0.03964719713420259 -0.013592140523479068 0.8809883348075049 0.47127795132860983
488 1783354928.123119 0.2603748538882771 0.03584023054304372 -0.004606720146344665 0.039920260259421414 -0.013720987082203595 0.8890820202696968 0.45579739859664026
489 1783354928.151192 0.26009740876859727 0.03595081225775937 -0.004617882237968733 0.04046007133526566 -0.013436564619229319 0.8962471983902764 0.4415013032102607
490 1783354928.183191 0.2602718468568588 0.03596637425907635 -0.004589600696035868 0.040893286150347374 -0.013971192410050182 0.9044105654211486 0.4244691674139186
491 1783354928.207327 0.26017966624831096 0.03591494287354241 -0.004582764953476664 0.0410360975659676 -0.014468105890501404 0.9091156052586784 0.4142650466593157
492 1783354928.239132 0.2602096816172003 0.03612410478409166 -0.004548263228370196 0.040381787081277126 -0.014389373292581498 0.9145485355048559 0.4021980027477664
493 1783354928.267197 0.259957689687175 0.03598894455559616 -0.004489127088267993 0.039499116128349554 -0.014324952501690857 0.9159458440214371 0.3990962620480937
494 1783354928.299205 0.25999508087687484 0.035665662305186974 -0.00454529549492 0.04150242688252559 -0.015252315016543005 0.914798668224697 0.4014826422945549
495 1783354928.32318 0.2599977557859938 0.03592218152929412 -0.004568247382729037 0.04320633233261814 -0.01564849252301098 0.9137820672123242 0.4035971644713229
496 1783354928.355152 0.2600640265674093 0.03600020814656561 -0.004590209520757179 0.04457087753316294 -0.016343394363558417 0.9125983312524129 0.4060918813912835
497 1783354928.383221 0.2603666070752366 0.035723816043336645 -0.004598744794951031 0.04540832537842299 -0.016609681964778078 0.911867169367522 0.40762785464320167
498 1783354928.415217 0.26053638394156486 0.03555225572493041 -0.004532359061174408 0.046441513974852966 -0.01709088851622187 0.9112687302423957 0.4088280672750605
499 1783354928.439179 0.26032755827658594 0.035297939267604495 -0.004537717027154661 0.04734303013634722 -0.017994325603930994 0.9107860887896728 0.4097603472894601
500 1783354928.471164 0.26050114508061284 0.03540772097271021 -0.004578052680932038 0.04930773829475313 -0.018376607174167836 0.9108610270806168 0.4093448871045863
501 1783354928.499232 0.2606503026108865 0.03522308939481934 -0.004579551877657598 0.050813406097809044 -0.019134557471257363 0.9109645735903229 0.4088953559708396
502 1783354928.531231 0.2607689299430668 0.035114014054528075 -0.004544534387510506 0.052930464330410654 -0.020189333655448394 0.9111398542268814 0.40818491249889854
503 1783354928.555371 0.2605983378023612 0.03513040810367375 -0.004608061255959648 0.05388334008320461 -0.02121570133834072 0.9107078950104021 0.40897140443302693
504 1783354928.587185 0.26032823437090513 0.03529896733673271 -0.004576745247128974 0.05469308229414416 -0.022146253613277378 0.9087573405345986 0.41313231079709345
505 1783354928.615246 0.26007134122057973 0.035594906713577124 -0.004559161431891695 0.05445569941788994 -0.021691346678978596 0.9064460116642539 0.41823401370300883
506 1783354928.647262 0.25970807953460817 0.036247020345774386 -0.004512097444658676 0.05393230260837256 -0.02090569573022394 0.9025052458209498 0.4267769205182737
507 1783354928.671494 0.25945225402169514 0.036432857704188096 -0.0044362303988458515 0.054207585286954935 -0.021070645820848832 0.8993202184755648 0.4334059416103019
508 1783354928.703198 0.25937796414182873 0.03666833444959204 -0.004386031919751739 0.05425295903199667 -0.021748208491169763 0.8953138067084434 0.4415844419597832
509 1783354928.731272 0.2593958497164837 0.0367445568703723 -0.004369148221144821 0.05372504840307202 -0.021731451264891954 0.89221894696194 0.44786908118571445
510 1783354928.763264 0.2590547527079412 0.036794410546149445 -0.0043515845890449815 0.053521239679675175 -0.020677844474415286 0.8878404308140357 0.45656026224693547
511 1783354928.787245 0.25875288962318005 0.036940572857390996 -0.004341780253715658 0.05341640254146007 -0.02041106635618195 0.8850951109921972 0.4618838823854351
512 1783354928.819209 0.2586144420760953 0.03714450960186284 -0.004259963601510666 0.05324530351956841 -0.0201536133014229 0.8823082241273756 0.46721618889032784
513 1783354928.847294 0.2582594822422641 0.03728409364824836 -0.004157177922642218 0.052881847775818835 -0.019802932476307045 0.8805556668669997 0.47056675572076645
514 1783354928.879287 0.2577808857058849 0.037972639739578984 -0.004114262857384428 0.053150920518769795 -0.020075293365344304 0.8794416734063376 0.4726037508532528
515 1783354928.90328 0.25746820280432037 0.038377498849667194 -0.004035978613588221 0.05314850669645477 -0.020384014998181765 0.8793310966655792 0.4727965213550125
516 1783354928.935248 0.25718035048388455 0.03900552062899165 -0.003900747298425421 0.052889792797496504 -0.020601290430960928 0.8802405205177343 0.47112087906299094
517 1783354928.963298 0.25674764601671984 0.0395968791612112 -0.003941336875024199 0.05300024835232231 -0.021011710899711322 0.8816391317393171 0.46846763289004545
518 1783354928.995259 0.2563001275131632 0.0404070729941282 -0.003893019284354959 0.05327580512660679 -0.021336284841774522 0.8842969513668626 0.46338467102455505
519 1783354929.019282 0.25592509716626044 0.04095776146842968 -0.0038948699994717107 0.053641425737436355 -0.021347749954212736 0.8864976327155993 0.459117434003966
520 1783354929.051275 0.255348647211627 0.04172282669996441 -0.003886069292650852 0.05401987365700808 -0.02167989565466666 0.8894587599752917 0.45329344764479007
521 1783354929.079319 0.254919270831763 0.04236940527208016 -0.0038449359433216403 0.054329006763029125 -0.021948703749910203 0.8915197085030531 0.4491761600736093
522 1783354929.11128 0.2543943186581364 0.043118921295965756 -0.0037616151760722985 0.05453806644241588 -0.022088826900496072 0.8937466922618686 0.44469600077564375
523 1783354929.135295 0.2540517030817884 0.0436950200006052 -0.0036879358056432325 0.0544551191742243 -0.02197420017728413 0.8951261284772779 0.4419287144320558
524 1783354929.167307 0.25361271704353494 0.04437656753109158 -0.00359809229823895 0.05428747165259898 -0.021385438543700064 0.8963627374102767 0.43946487507219223
525 1783354929.195331 0.25310074541996114 0.04505948948923842 -0.003574834749265744 0.05434615078037286 -0.021408978191436834 0.8969487772149412 0.43825910441287763
526 1783354929.219598 0.25258477075766544 0.04567553051819942 -0.003509136973211183 0.05410137134045634 -0.0211633182815002 0.8972075413318839 0.4377713825224233
527 1783354929.251307 0.2519446162522829 0.04649545210949854 -0.0034614917625083366 0.05324142670565862 -0.020849205721134245 0.8971592538419462 0.4379907925389599
528 1783354929.283275 0.2514000800531638 0.047245035123669496 -0.0033989808489474256 0.05337101383130269 -0.020912714789198872 0.8967814149206269 0.43874512771736074
529 1783354929.311353 0.2509049811444616 0.047870744656331024 -0.0033709100614305564 0.05357516934306128 -0.020994411752103148 0.8963125214137896 0.4396735150789739
530 1783354929.335611 0.2504628869791621 0.04843351733696051 -0.0033449007360027167 0.053496090358619464 -0.02082541684437844 0.8955844890628577 0.4411721809901669
531 1783354929.367321 0.24988668285256171 0.04920937018147438 -0.0032891446067074472 0.053543358013114245 -0.020803740922247738 0.8942550776142502 0.44385602320735784
532 1783354929.399317 0.24927756365189577 0.0500087475876779 -0.003225259045118065 0.05383850841490945 -0.021120612452202203 0.8925792738226964 0.4471661600383571
533 1783354929.427357 0.24886029745521557 0.05055284118583506 -0.0031792012019941605 0.05394009052765747 -0.021374641286628027 0.8911726718081824 0.4499387295688181
534 1783354929.451547 0.2483865015365453 0.05119087228144495 -0.003155609448322324 0.05388503044738799 -0.021631520114273106 0.8896807901351667 0.4528758908306949
535 1783354929.483336 0.24784462214886985 0.0519457409918047 -0.0031037479414914946 0.05422584688956256 -0.02146294425469597 0.8875315871051667 0.45704111570362416
536 1783354929.515318 0.24728622004856238 0.05273364553041707 -0.003046393251436994 0.05419805783498466 -0.02138677530512445 0.8853134562079255 0.46132988265030217
537 1783354929.543387 0.24691324839799186 0.05331105599744933 -0.0029768673651354976 0.05405748851805478 -0.02130372401005126 0.8837060935207499 0.4644216613732819
538 1783354929.567397 0.24648027073226453 0.053899311505783934 -0.0029673151425652407 0.05383805388986193 -0.02094877522345706 0.8822368395646883 0.4672480836610242
539 1783354929.599355 0.24592932941926626 0.05472502264515215 -0.0029227380695518064 0.05408938117159001 -0.02070888610963617 0.8805209520965327 0.4704554535762002
540 1783354929.623487 0.24553533263266286 0.05529547430107645 -0.0028753440773581513 0.05351422143416562 -0.02058983113547741 0.8794426025555886 0.4725388828110981
541 1783354929.659408 0.2449695218375142 0.05611728956796523 -0.0028534876030384057 0.053446745939171536 -0.02056031363597477 0.8779840872086745 0.4752522082642593
542 1783354929.683406 0.24452010605264687 0.05685189358048605 -0.002843262945977181 0.05357230165044147 -0.020867468435532444 0.8770601614376272 0.4769276994220085
543 1783354929.715369 0.24401985964747763 0.05760269666731216 -0.002776854371573951 0.0540792437861487 -0.021479499084885667 0.8753320972333113 0.4800081104145155
544 1783354929.739571 0.24366429349914043 0.058154066029119295 -0.0027100230352860325 0.05417437782736759 -0.02185529754671539 0.8737816554044211 0.48279716386374105
545 1783354929.767468 0.24330029670697942 0.05871571566319027 -0.002682650032680217 0.05411796003931005 -0.02183639420913408 0.8719663868719901 0.4860751366347942
546 1783354929.799383 0.24282263031653906 0.059495253725958444 -0.002614304773196102 0.05420697464413943 -0.021860517956346637 0.8694256912504534 0.49059422035759964
547 1783354929.831379 0.24233982470594545 0.06028409407583957 -0.0025729595264031855 0.05403423044166214 -0.021928909172757027 0.8671867570660277 0.4945569261999845
548 1783354929.855759 0.24198614401515656 0.06086698598467867 -0.0025303221251102266 0.05426701935720846 -0.022401703778405557 0.8654752005417686 0.4974996799246151
549 1783354929.883615 0.24163546731742802 0.06146157235661991 -0.002483796147722845 0.05436295040679884 -0.022477387226942036 0.8636288973857774 0.500684096298998
550 1783354929.915406 0.24118258509263305 0.06225472753327098 -0.002423236100209881 0.05407124877357372 -0.022503211335733964 0.8612213416092505 0.5048442396347694
551 1783354929.947408 0.2407085604422696 0.0630934815234725 -0.002381031290915386 0.054152570328161814 -0.022459831695143817 0.8586938036558844 0.5091247456665892
552 1783354929.971691 0.24038000508458487 0.06370259445031667 -0.002339065065690926 0.053939027327325945 -0.022076879556855555 0.8566761126279516 0.5125516859524271
553 1783354929.999686 0.24004172298778567 0.0643373448254278 -0.0023014723994791136 0.05367687852526326 -0.021793558982288297 0.8547458492805217 0.5158036124693093
554 1783354930.031415 0.23961468822936108 0.0651923627476765 -0.002248294495646525 0.05328151371931564 -0.021478508188486567 0.8522869947078664 0.519910215935029
555 1783354930.063404 0.23919005738029692 0.0660333679748637 -0.0022023220506900316 0.0525163425335933 -0.02104583477745603 0.849951988800695 0.5238136341669217
556 1783354930.087706 0.23886968594998542 0.06668176957638314 -0.002179185347189151 0.05198752561440334 -0.02061171102172077 0.8484073255852764 0.5263814818574903
557 1783354930.115456 0.23854873435518129 0.06733032792091269 -0.0021460915452029216 0.05170452362917896 -0.020248976729882462 0.8470254529631459 0.5286440231481385
558 1783354930.147432 0.2381744255920237 0.06817094603645352 -0.0020829487588577226 0.051076690154281845 -0.019522179866497846 0.8453762298647984 0.5313653039065717
559 1783354930.179405 0.2376956001392081 0.06906902685050295 -0.0020693759238333232 0.05085938934871215 -0.019077340136884335 0.843677978423431 0.5340944170572565
560 1783354930.207475 0.23740485979077394 0.06972179658889177 -0.0020182327988967474 0.05062143057825044 -0.018941479138825157 0.8425793911052368 0.5358532082753384
561 1783354930.231744 0.23707563748126906 0.07045109399713992 -0.0020009861704134383 0.050664841162919916 -0.01876912392181662 0.8414391154141373 0.537643942501185
562 1783354930.26345 0.23667311043612405 0.07130560882755049 -0.0019401426110578195 0.05027872578980919 -0.01851956117017406 0.8396877206990367 0.5404198435422907
563 1783354930.295414 0.23628511607774258 0.0721735209079347 -0.0018974011724625407 0.05008933994312084 -0.018505137468803445 0.8377997499126473 0.5433600987905065
564 1783354930.323505 0.23600741301521388 0.07280589980573876 -0.0018681790241668007 0.05027022006043935 -0.018566950456098463 0.8363802630635829 0.5455238114725401
565 1783354930.347749 0.23574927559765774 0.07341436339636156 -0.0018278092488835584 0.05048138563193208 -0.01830434719475471 0.8348287457976212 0.5478846099028746
566 1783354930.379465 0.23540549733013175 0.07423450749809497 -0.0017809675331589697 0.05074185002255893 -0.0183940612242528 0.8326564534331351 0.5511534756527621
567 1783354930.41144 0.2350512970620538 0.0750644467606727 -0.0017269367600595675 0.050910343955157145 -0.01866483434843691 0.8303769201458181 0.5545574193230659
568 1783354930.439514 0.2347864876039659 0.07569134604858722 -0.0016853063555981335 0.05104969552689964 -0.018808045852029776 0.8287356164321299 0.5569896444770733
569 1783354930.463786 0.2345293986657805 0.07632648740641212 -0.0016566314885979759 0.05091795138416988 -0.018538539509939 0.827117384354105 0.5594108662502918
570 1783354930.49548 0.23418964989701546 0.07716479245984044 -0.0016144772279307997 0.0510087184073208 -0.01831967346418717 0.8252253815445628 0.5621970916549098
571 1783354930.527458 0.23386445350830604 0.07800931117174298 -0.0015738321063407416 0.05091458248515812 -0.01846918585397772 0.8235511944618737 0.5646503560298836
572 1783354930.555525 0.2336068324224527 0.07863444288739929 -0.0015344879379282613 0.0509229632894771 -0.018462589908973537 0.8223439574250303 0.566406567997063
573 1783354930.579552 0.23334161690214597 0.07930324301138494 -0.0015024744499537723 0.05098783217407088 -0.01865994208066124 0.8211812771551263 0.5680786543970922
574 1783354930.611498 0.23305682907729436 0.08011955523965494 -0.001462477173981693 0.050985387823255124 -0.018510331010959113 0.8196076237957761 0.5703518220276134
575 1783354930.635823 0.23278927680837527 0.08078483664672809 -0.0014273530727741514 0.05101077820800204 -0.01835873950513034 0.8181569911215888 0.5724333979331265
576 1783354930.671536 0.23249444951794268 0.08164228773269692 -0.00137738141545785 0.05076300915776488 -0.017903194551535773 0.8161738918937416 0.575293638689949
577 1783354930.695566 0.23225516209638222 0.08229752933278489 -0.0013442834071016822 0.051036767198721966 -0.018020148855097284 0.8146531877839038 0.577417272224054
578 1783354930.727507 0.23200651795482566 0.08312741900808701 -0.0013006359681845686 0.051438385016974064 -0.018040393990974013 0.8128120653747243 0.5799699846653886
579 1783354930.751519 0.23172921183908268 0.08385293777995229 -0.0013037736988921076 0.051901266750647324 -0.01822593476516743 0.8112596698667844 0.5820926230929662
580 1783354930.779811 0.231515602148132 0.08447239417777165 -0.0012629254815735569 0.05214247915884307 -0.018696637755910905 0.8096339437784624 0.5843153897387331
581 1783354930.81157 0.23123411264017427 0.08527614777730469 -0.0011902436499529418 0.05208422143727731 -0.018933740917173814 0.8072884243052946 0.5875492722443189
582 1783354930.843522 0.23097479639547525 0.08611593611616951 -0.0011399230036861652 0.05180109485298823 -0.018441094909029565 0.8049279769756931 0.5908193670424203
583 1783354930.867514 0.23078009575691 0.08674324649033302 -0.0011181361806009054 0.05185610435103327 -0.018452473732495256 0.803362479255261 0.5929411248846943
584 1783354930.895589 0.23058499723787232 0.08738813096238568 -0.0011041952195501529 0.051717351338665396 -0.01840105199919162 0.8018153872402086 0.5950452097451676
585 1783354930.927588 0.23032233288467213 0.08824429417415752 -0.0010608987379513712 0.051587126373554115 -0.01828825472885709 0.7997075919310115 0.597889685091986
586 1783354930.951596 0.23013581444693273 0.08888090009909162 -0.0010387069631414047 0.05150378455770466 -0.01816137186372857 0.7980557306434417 0.6001038039667999
587 1783354930.983525 0.229883509414204 0.08972647433610309 -0.000993728738971529 0.05099318968215427 -0.01769913273180801 0.7958399657132207 0.6030963308462104
588 1783354931.011607 0.22970423016917213 0.09035654752202611 -0.000957202746678462 0.050918973628205744 -0.017791727521566547 0.7941475502594698 0.6053266729405963
589 1783354931.043597 0.22944305315379693 0.09121001792108492 -0.000917804524757951 0.05033628451672556 -0.01761725943365733 0.791890807731071 0.6083295482402039
590 1783354931.067565 0.22926809898594977 0.09189758329418883 -0.0008834266082180242 0.05021063351092048 -0.01764326775140812 0.7899665608570137 0.6108358536572868
591 1783354931.09954 0.22905260853447695 0.0927700808177128 -0.0008430609099063253 0.050613244438921234 -0.01799624019264001 0.7873725490794158 0.6141326434757218
592 1783354931.127616 0.22888411553423896 0.09342214055911999 -0.0008117098280100042 0.05041182662020394 -0.01756311546010403 0.7853653035947329 0.6167264585062836
593 1783354931.151852 0.22874659454891594 0.09407633346261687 -0.0007822903284026173 0.04999740997184399 -0.016760081454817 0.7834541862217522 0.6192082822099099
594 1783354931.183575 0.22854036643358738 0.09494803521340492 -0.00074729904655799 0.050378565786190266 -0.01688223314496662 0.7809077147108671 0.6223826246115943
595 1783354931.215558 0.22833160023516652 0.09582102932999932 -0.0007037466972179985 0.0502703503835491 -0.01709570924011472 0.7782195795316611 0.625743489483876
596 1783354931.243622 0.22818324173124022 0.0964724988421817 -0.0006714340080227459 0.05028310226533461 -0.017251311248865142 0.7762352026186409 0.6281981471656582
597 1783354931.267643 0.2280330099844705 0.097100958145082 -0.0006338824824428015 0.05024927513691457 -0.017241826560889795 0.7742509703695426 0.6306450385493256
598 1783354931.299589 0.22786171668382904 0.09794016266077074 -0.0005805103395406927 0.05029395800492098 -0.01725089567191873 0.7717769673508069 0.6336665030230867
599 1783354931.32382 0.22772139686458112 0.09860851609339483 -0.0005648231991017263 0.050253866603045094 -0.017521905653070546 0.7699239793344878 0.6359124135912709
600 1783354931.351898 0.22760630311013572 0.09924221958298449 -0.0005275682845913825 0.050130464842563005 -0.017538499272241714 0.7680967599671705 0.6381274989105866
601 1783354931.383654 0.2274354813712889 0.10012294183577342 -0.0004847481940801939 0.050538691402891245 -0.01792914970863224 0.7656888703489261 0.640971871524636
602 1783354931.415593 0.22726752796432836 0.10098389555947723 -0.0004488658751328105 0.04994696937611676 -0.017524335315720396 0.7632229769187642 0.6439634193222026
603 1783354931.439605 0.22714605299883042 0.10168476619306172 -0.0004276913191893182 0.05017399347978835 -0.01755770105358201 0.7613825417823624 0.646119897991876
604 1783354931.467894 0.22703323431743888 0.10232809439058486 -0.0004038074137457572 0.04999473843603863 -0.01743160113876674 0.7592931745782123 0.6485911967097544
605 1783354931.499704 0.22687354689452188 0.10320246419891979 -0.0003541531552371394 0.049893563514323724 -0.01761546377014067 0.7562218333397439 0.6521724208645147
606 1783354931.531626 0.22675127920072757 0.10409494354341096 -0.00031952368168543244 0.049774720243482395 -0.01763329206819919 0.7530738842744142 0.6558134407431482
607 1783354931.555615 0.22666518074051192 0.10477360079680338 -0.00029323681509635033 0.04992906925464491 -0.01752866666396191 0.7507749370437345 0.6584351356020767
608 1783354931.583696 0.22658964862046338 0.10544385698422216 -0.0002688674979404535 0.04983738017193873 -0.017311706671941596 0.7485986686652575 0.6609210040710664
609 1783354931.615691 0.2264763602318376 0.10633865332296166 -0.00023679157604275872 0.04992126795532725 -0.01720799373470172 0.7457247486576499 0.6641583780973059
610 1783354931.647648 0.22632715297932904 0.10733620204629703 -0.00020924109992152655 0.04971950312649631 -0.017215232132338443 0.7427543509158052 0.6674935063258105
611 1783354931.671633 0.22627279037238315 0.10803063789848737 -0.00019123049485839875 0.049907407301289064 -0.017229740941289595 0.7405616296653101 0.669911083197628
612 1783354931.699745 0.22618361287110123 0.10874963431189687 -0.000163303707708967 0.04988279509515947 -0.017384240282282915 0.7382861532312444 0.6724158318260464
613 1783354931.731714 0.2260969002397233 0.10958715440588482 -0.00012152721433583615 0.0496157621787191 -0.017491739146102137 0.73500446488409 0.6760183073005658
614 1783354931.763697 0.22603210357263476 0.11044297283854171 -7.285594842321944e-05 0.04967423212072675 -0.018027764867332485 0.7318163306209179 0.6794500192020309
615 1783354931.787646 0.22596803040037045 0.11107651226249568 -4.7452462583242455e-05 0.04974001008782303 -0.01846804953164838 0.7293954349279195 0.6820316429970616
616 1783354931.816 0.22589763673274643 0.1116983109857715 -1.943481188552542e-05 0.049682948363477863 -0.01871957571817673 0.7269045871277752 0.6846830678054207
617 1783354931.847727 0.22583741039679167 0.11256576419362574 1.58036787551441e-05 0.04964866031066384 -0.018821628010337266 0.723544301443199 0.6882328099542119
618 1783354931.879674 0.2257922269263006 0.11338343406006708 8.673543503906651e-05 0.049606101430833105 -0.018585771921150518 0.7201809703970948 0.6917609223285368
619 1783354931.903834 0.22576921873636036 0.1140685854747076 9.079006065756349e-05 0.04935336776290988 -0.018639031439290354 0.717569655464936 0.6944858682171993
620 1783354931.939727 0.2257408090107385 0.11495024963287793 0.00012958615907531553 0.04938519443917966 -0.01897435999848418 0.7139210125798265 0.698224794768739
621 1783354931.963736 0.22573249709617416 0.11563744379859714 0.00015186071267981206 0.04915754115450488 -0.018821383024442584 0.711017749272602 0.701201149391538
622 1783354931.995691 0.22570395769824397 0.11647291828380825 0.00017363813754579533 0.04925876791347095 -0.018678037067912823 0.7070876237379722 0.7051608306418646
623 1783354932.019854 0.22567142542941704 0.11711265980245587 0.00018378298461023661 0.04958553975404856 -0.0192049075973848 0.7041043414422137 0.7081027624107268
624 1783354932.048082 0.22568004006235742 0.11775357513324307 0.00019678263251091555 0.04956447111092066 -0.0191747749629676 0.7012151706797902 0.7109662267767205
625 1783354932.079753 0.2256630641772574 0.11859829358746386 0.00025557259138992046 0.04920185768768093 -0.018446107056186878 0.697088942840321 0.7150565880434336
626 1783354932.111696 0.22567952018842596 0.11943935607376083 0.0002869543453260263 0.04899527347714272 -0.01859534095787274 0.6928358302605006 0.7191885627419303
627 1783354932.135699 0.2257225818490552 0.12011999678924326 0.0002975474917977644 0.04879937278613955 -0.018730497547812197 0.6896811817443594 0.7222241045721159
628 1783354932.163767 0.22571094090772265 0.12074332764990561 0.00031034046385123356 0.048597345207850084 -0.018990629019209893 0.6863554484483696 0.7253922059365137
629 1783354932.195784 0.22573543859233497 0.12159216402478484 0.00034549906558968037 0.047838484889815014 -0.018848498600431918 0.6816926086198469 0.7298297067241265
630 1783354932.219906 0.22576438142380972 0.12223742604309468 0.0003732483958456311 0.046998437779961155 -0.018026970386249785 0.6781671381419002 0.7331817700470745
631 1783354932.251716 0.22584367203172268 0.12314488765873155 0.00041992904986572384 0.04600738478253619 -0.01743739409015166 0.6733802615553726 0.7376572925013584
632 1783354932.279785 0.2259183667163327 0.12387379557649864 0.0003891436022109285 0.04485841881370323 -0.016645008201910283 0.670080644133062 0.7407446228773541
633 1783354932.311781 0.2259832685767991 0.12471735563932704 0.00041637548403803456 0.04413295518521454 -0.01597634003742554 0.6654942219004292 0.7449258214364507
634 1783354932.335754 0.22604935574868873 0.1253626658263562 0.00042480922596168334 0.04379342296614552 -0.015910303302848483 0.6616877417643751 0.7483303620410451
635 1783354932.367741 0.2261303732422436 0.1261999945784181 0.0004457005682064197 0.04233875680232668 -0.014531239468990709 0.6561305418492852 0.7533186475884504
636 1783354932.395813 0.22622352663802942 0.12685089883788025 0.00046046323399575543 0.041529416282697684 -0.013579013237818294 0.6517704494815276 0.7571566543096303
637 1783354932.419974 0.22630811504432663 0.127505082684881 0.0004640071315559196 0.04069193648692604 -0.012539312393170188 0.6476547707138314 0.7607432089222125
638 1783354932.451766 0.22642969199166388 0.12833702713849204 0.0004981967529757124 0.03973125452949622 -0.01097100167767695 0.6421420799633601 0.7654767231444927
639 1783354932.483762 0.2265880420574398 0.1291665313824472 0.0005172674425354216 0.039250249862701425 -0.009636619306667704 0.6363199580577414 0.7703657991054953
640 1783354932.511802 0.22669148868810382 0.12979700358649632 0.0005198855739192345 0.038934582385910854 -0.00908163523066663 0.6317423114261946 0.7741468040041635
641 1783354932.535821 0.22680741139598942 0.130462241588334 0.0005370890443921247 0.03850932691739273 -0.00829559704013949 0.6267469281532162 0.7782265112810178
642 1783354932.567823 0.2269513041617536 0.1312024497468361 0.0005588169625743017 0.03795398907664482 -0.007267361683017781 0.6195956621078283 0.7839693206143336
643 1783354932.591908 0.22707100185545617 0.13182958894724403 0.0006233033957036638 0.03721802725246526 -0.006520958244881192 0.61395556370613 0.7884357052704369
644 1783354932.619818 0.22723647765248195 0.13248010051858322 0.0006221353309911705 0.03651985827197268 -0.006113672554935556 0.6082432886583135 0.7928865144280144
645 1783354932.651827 0.2274100727822346 0.1332898201056698 0.0006579833835207004 0.035494161288364356 -0.005082883258803683 0.5999998402509553 0.7991961714817214
646 1783354932.683848 0.22763216639645367 0.13408741061979335 0.0006687568190005188 0.03432690705345409 -0.004328656901723904 0.5915379581988601 0.8055344624480657
647 1783354932.707779 0.22783238385706403 0.13471754344060477 0.0006966739903660583 0.03351877681319504 -0.0036438716457698472 0.5852246321260581 0.8101699474513335
648 1783354932.735859 0.2279927731907071 0.13528247841068475 0.0007238104575567695 0.03270272088685444 -0.0027170471802454577 0.5787854375931679 0.8148193461935609
649 1783354932.767856 0.22823312656563838 0.13602158296269606 0.0007336313819859275 0.03186605873330206 -0.0016444102521676607 0.5700689457273808 0.8209770077980266
650 1783354932.791976 0.22845818732210757 0.13658645965881802 0.0007620242590330719 0.03176424010442758 -0.0017455728203650267 0.5637772268435697 0.8253140157047445
651 1783354932.823824 0.22873899848517157 0.1373015890560842 0.0008311906043194433 0.031600425094808426 -0.001726121160636862 0.5552379753969617 0.8310891795208558
652 1783354932.851864 0.22896906907850953 0.13786234389190938 0.0008058701094951848 0.03166181523627798 -0.0015955937597242897 0.548603917941371 0.8354811336923625
653 1783354932.88385 0.22927641560595832 0.13858270786812998 0.0007729180055755782 0.03180838664870578 -0.0012761273106742799 0.5392975278042732 0.8415133834598786
654 1783354932.907875 0.22952853935931788 0.1390976405909144 0.0007439577005949266 0.032014280823111196 -0.001298556369246695 0.5322676516507379 0.8459695896312962
655 1783354932.939834 0.22984998183392552 0.13977660277741502 0.0006573656591408739 0.03195849976158616 -0.0018906661790837331 0.5227571748666388 0.8518802825513915
656 1783354932.967866 0.2301196273936518 0.14028554096052737 0.0005957633118387649 0.03210030957655163 -0.0017779259741794728 0.5155122197590543 0.8562789033856973
657 1783354932.992228 0.2304603817420709 0.1408257164632921 0.0005729575915924528 0.031949282424293124 -0.0014698193734261067 0.5081079079082222 0.8606993882330298
658 1783354933.023851 0.23086542908570476 0.14145341919101778 0.0005652528332374708 0.03161587336448379 -0.0014241208051437582 0.4977358996702135 0.8667510499623388
659 1783354933.055816 0.2313019311041108 0.1421595656737824 0.0005360146226881845 0.030999060288979807 -0.0018755123842179033 0.4869743865345115 0.8728639570825646
660 1783354933.083877 0.23164541913033088 0.1426250262055249 0.0005308714992818498 0.03056525177845526 -0.0018679321455279674 0.4787780448602954 0.8774017665659058
661 1783354933.107903 0.23200620314329443 0.14308290900048232 0.0005227386107450084 0.030133259564461223 -0.0013830462172305102 0.47033662446690916 0.8819713904295622
662 1783354933.139858 0.23247643731889484 0.14365002276900096 0.0005283242687855998 0.02969698611925753 -0.0007286322704209702 0.45856406626256296 0.8881647117754627
663 1783354933.163849 0.2328760943746781 0.14411926736486194 0.0005357667430443431 0.02936836816762539 -0.0006488151198716097 0.44965744155392173 0.8927179079895802
664 1783354933.19191 0.23330996948351412 0.1446122338113924 0.0005984277762163459 0.029010612460135587 -0.0006070538703691897 0.4405802881055413 0.8972441281965152
665 1783354933.223911 0.2338148794579542 0.1452468429252476 0.0006625099152423502 0.028860022454885503 -0.0006818618542562271 0.42793901281086644 0.9033464648089218
666 1783354933.247913 0.23425393254494353 0.14570789228192366 0.0006688993294411034 0.029198063044821754 -0.000846887387492723 0.41836626840800595 0.9078085818907773
667 1783354933.279855 0.23479192276893754 0.1462133437529587 0.0007092596649658951 0.029526831211557414 -0.0014127632280155344 0.4051988546143186 0.9137505450383656
668 1783354933.307914 0.2351720045949466 0.14656194754397606 0.0007163073692482468 0.029661910954847936 -0.002106795740892675 0.39502831843597885 0.9181875408019082
669 1783354933.332139 0.23557150747776562 0.14689365642789942 0.0007179572458574008 0.029942407242794955 -0.003085628290265152 0.38482102871473467 0.9225002476994217
670 1783354933.363898 0.23613686215174629 0.14740574700696032 0.0006924800121325815 0.03055035253448668 -0.004157289911747686 0.371168712929291 0.9280534356614505
671 1783354933.395867 0.2367174587972739 0.14784468869472445 0.0007100244652860461 0.03101184423822101 -0.0056926933060968965 0.357821408635841 0.9332575733856809
672 1783354933.423921 0.23716297867822209 0.14814678769853823 0.0006774775808002158 0.03136537080534729 -0.007118744169845148 0.34805241852603275 0.9369231830592446
673 1783354933.447949 0.23757513783564557 0.14841264386929667 0.0006670951118622594 0.031439355052594875 -0.008538153833061557 0.3382194031942088 0.9405032175308883
674 1783354933.479916 0.2381229642253821 0.14883032344256264 0.0006588156170309273 0.03081961017150403 -0.009091749070116673 0.32455165616696197 0.9453220161442369
675 1783354933.503894 0.2385202766742317 0.14907755206027834 0.0006454918573397931 0.030375932328611355 -0.00850665280571486 0.3139262122461163 0.948923217577701
676 1783354933.53195 0.23894111805501023 0.1493483312746627 0.000569427838277496 0.03014064053585691 -0.008608076127955416 0.30295959507680015 0.9524877566480132
677 1783354933.563954 0.23950953585716867 0.1496964662498166 0.0006039247450325925 0.0290689177251392 -0.008133417268884391 0.2882554857934677 0.9570776459910614
678 1783354933.588105 0.23994870401780083 0.14995698116487702 0.0005784946158779855 0.028746109709109735 -0.008260277237714941 0.27736853285775476 0.9602979360473939
679 1783354933.6199 0.24045474236826728 0.15027458997061183 0.0005942169766019944 0.02819126094500346 -0.00765126092641355 0.26316093369646254 0.9643096152110964
680 1783354933.647967 0.240835060593818 0.15053073707930276 0.0005820819712956688 0.028114447298871914 -0.006987962469993808 0.25281146750072314 0.9670817484234349
681 1783354933.679967 0.24136927806143402 0.1507980719016036 0.0005660276376952197 0.027746460810825213 -0.0062543571148643284 0.24018171278674594 0.9703111674985392
682 1783354933.703952 0.24178124458412698 0.1510093293352527 0.0005831913414331988 0.02743884055850182 -0.006199994759974153 0.23121925437768234 0.9724948979294494
683 1783354933.735912 0.24230284459324083 0.15130593886743127 0.0006067508080448772 0.027069977277872304 -0.006273110274592653 0.21920902777496132 0.9752821471551781
684 1783354933.763972 0.24276707475663728 0.15151794069827512 0.0006066124678998693 0.026746715446193114 -0.005824393738905753 0.21003950164699603 0.9773096220739343
685 1783354933.78805 0.2431612789610974 0.1517360025238526 0.000603514323093384 0.026268389363954592 -0.005739782439175445 0.20055523760178495 0.9793133427500444
686 1783354933.819967 0.2436715731747615 0.151947610918153 0.0006150570068355525 0.025582318474689836 -0.005610892101811954 0.1879293157304969 0.981833303142824
687 1783354933.844109 0.24411614129608233 0.15209920037538896 0.0006160286679631434 0.02495161982347399 -0.005299047114673772 0.17845957083878927 0.9836165504625756
688 1783354933.87235 0.24449705310198197 0.15222254380334518 0.000613904273660237 0.024418710517955522 -0.004682112096290325 0.1689737357766936 0.9853068968705264
689 1783354933.904009 0.24505018521945446 0.15235879036831163 0.0005874774242543117 0.023968631400137497 -0.004485524090434678 0.1565752919327698 0.9873649592418228
690 1783354933.935972 0.24551971550547247 0.15256117892227622 0.0006494005690354009 0.023132185868297905 -0.0032455672093723575 0.14400711971826796 0.9893009237541893
691 1783354933.959955 0.24594736611750653 0.15269558425392146 0.0006532717422817347 0.022887599576021378 -0.002592432253309712 0.13518641349629898 0.9905524068350284
692 1783354933.988002 0.2463971130675442 0.15284438179567145 0.0006241394147407011 0.02236525936824313 -0.0023236857822301893 0.1267082945168484 0.9916851333757144
693 1783354934.020034 0.24696270212974963 0.15314264774199865 0.0006250181827681042 0.021761229196489706 -0.001455832982313915 0.11515174652195706 0.9931084556719516
694 1783354934.044189 0.24744443069051308 0.15337002404551786 0.0006347443507854237 0.021429578300967367 -0.0013097346531672216 0.10674005548289964 0.9940551384729565
695 1783354934.075964 0.24804117130652578 0.15363083497450847 0.0006135125733117627 0.020991632423337903 -0.0007959431312956344 0.09574863419589266 0.9951838608480126
696 1783354934.104026 0.24849169025336873 0.15383142983248094 0.0006177014613940887 0.020715580930227073 1.0417616009478214e-05 0.08754503770436114 0.9959451445594474
697 1783354934.136025 0.2490848934184789 0.15402517511082126 0.0006017847002464981 0.02058858947919273 1.9051846585516063e-05 0.07717497416625674 0.9968049623585961
698 1783354934.160015 0.24949701830901178 0.15416486365133397 0.0006074756847727599 0.020214851904189313 0.0002577736587020818 0.06947766732431668 0.9973786377592033
699 1783354934.19198 0.25007021064866763 0.15433211606212913 0.0006188009886663615 0.019703876876194182 0.0005344246629652716 0.05952668088632673 0.9980320866029233
700 1783354934.220049 0.25048210672150467 0.15448780223719827 0.0006466808260452506 0.019455515538771617 0.00042508663856535844 0.052355379780767514 0.9984388896795247
701 1783354934.244311 0.25090643185024536 0.15462438593355732 0.0006059493780076761 0.018923509427710206 -0.00010880135773663757 0.04521553753999666 0.9987979996566738
702 1783354934.276045 0.2515235939033707 0.15480568699479685 0.0006142638679256397 0.01838584352887246 3.122242829969868e-05 0.036004564125931754 0.9991824814041697
703 1783354934.307995 0.25210916068572475 0.15499108144577053 0.00062977052527146 0.017852166032384098 0.0002230995332167529 0.02699542212121475 0.9994761115599753
704 1783354934.336046 0.25252115475103576 0.15511184701318814 0.0006185882938890127 0.017260963356461656 0.00034595290012814917 0.020380369638400647 0.9996432263532825
705 1783354934.3603 0.252918156125443 0.15520481054890825 0.0005930469323481074 0.016818859795666163 0.000685217321004683 0.013865294877384748 0.9997621767352272
706 1783354934.392054 0.25348049605059686 0.15524561953379853 0.000590155666052701 0.01648022874310129 0.0008586989450640736 0.005808749915066191 0.9998469498483861
707 1783354934.424005 0.2540114122289404 0.1553374380211023 0.0005973380526730428 0.016053930773857084 0.0019256818068346393 -0.001660136332569201 0.9998678947759271
708 1783354934.452062 0.2543961535215134 0.15543447660105528 0.000634209991656485 0.0157165911517404 0.002859353125846037 -0.007218849713566594 0.9998463387296489
709 1783354934.476085 0.2547456353648804 0.15551500621868228 0.0006231404872195719 0.015714871931094998 0.004670700739192929 -0.01239551801556718 0.9997887669342559
710 1783354934.508048 0.25517862087029103 0.15555421564344055 0.0006638746184143432 0.015661748586211832 0.01225538843540383 -0.018980818001116756 0.9996220503938118
711 1783354934.532132 0.2555402147704152 0.1555616253758333 0.0006966803641266063 0.015533623096137705 0.021602416351119008 -0.02409515177899671 0.9993555252371636
712 1783354934.560281 0.2557173977321628 0.15560008341639064 0.0007067695982380662 0.015434922194889844 0.022462185741460583 -0.028303939789462107 0.9992277520069929
713 1783354934.592111 0.25592370699568084 0.15566398753899333 0.0006350269509918117 0.014650445398237677 0.015442170936283084 -0.034879425927031305 0.9991648159605144
714 1783354934.624063 0.25603428397178407 0.1556559996082662 0.0006575231110000721 0.014720144226182619 0.015859225774190383 -0.03828565725246538 0.9990325373883229
715 1783354934.648049 0.2560700620479995 0.15565699517726786 0.0006516189372551143 0.014479088265890838 0.01825712534591334 -0.03897420821612696 0.9989684902293058
716 1783354934.676107 0.256088424961399 0.1556806904859731 0.00063435954153267 0.014347758360422513 0.015533635124154566 -0.040219926054931465 0.998967069306089
717 1783354934.708115 0.2561625510148346 0.15567905573524485 0.0006563939197537533 0.014198074752299228 0.01088125554386113 -0.041241955823355575 0.9989890460014974
718 1783354934.73225 0.2561590651631226 0.15566100741338548 0.0006601613269137748 0.013913309418123632 0.0076472478484107265 -0.04183979025176124 0.9989981838687543
719 1783354934.764065 0.2561755384239477 0.15566917318264967 0.0006448085266010063 0.013916834434626879 0.006942090683330349 -0.03998913908512802 0.9990790748742034
720 1783354934.792113 0.2561893763246852 0.15565656797192898 0.0006373732736586809 0.014261190358122344 0.008794606594815568 -0.03733832686402205 0.9991622103999968
721 1783354934.824114 0.25621535718082755 0.1556554293526588 0.0006152110875684775 0.014364466173612589 0.010319639213603682 -0.03487813097430914 0.9992350489938726
722 1783354934.848349 0.2562317604908189 0.15564613624599488 0.0006116752005765162 0.014450294080360193 0.010422849555593028 -0.033674275818981414 0.9992740346652664
723 1783354934.880079 0.25624499085888414 0.15565918363857956 0.0006201798397000916 0.014412950947378766 0.010477825545607805 -0.0329120860020555 0.999299392880741
724 1783354934.908144 0.25623534589648667 0.15563784355597543 0.000618982517614995 0.014359433323883897 0.010521699858852401 -0.03256906265330664 0.999310940931091
725 1783354934.940142 0.25628231203351465 0.15562636929783408 0.000629448777624453 0.01444651228209981 0.010854045335514095 -0.0326128918365029 0.9993047019146855
726 1783354934.964157 0.2563038537598952 0.15563396005629196 0.000621440466193672 0.014427547403643048 0.011232120161653425 -0.03289169146280585 0.9992916601199597
727 1783354934.996112 0.25630295327458497 0.15560595332898508 0.0005971976647823915 0.014491804735420555 0.011857348349683855 -0.0332028952395719 0.9992732152086008
728 1783354935.024154 0.2563064069198969 0.15561187244727648 0.0005803224581922631 0.014586207513804683 0.012377674553064266 -0.033586720306927276 0.9992527047459251
729 1783354935.056168 0.25629738005616565 0.15560860028563678 0.0005763698218775883 0.014628089609217687 0.012981547980936148 -0.034041148694912426 0.9992290521206508
730 1783354935.08014 0.2562810696260269 0.1556032576969085 0.0005769730708390518 0.014362869821318958 0.013188966331589835 -0.03500747120249437 0.9991967954800529
731 1783354935.112144 0.25630400178410995 0.15563635968208395 0.0005929524290812567 0.01440661057773629 0.01385155303059249 -0.038147075495306826 0.9990722619918229
732 1783354935.140168 0.256285871752661 0.155620669073619 0.0005964986052204913 0.014300321516693137 0.014532580223665936 -0.04024466964746071 0.9989818173928536
733 1783354935.17217 0.2562894204072481 0.1556071324346002 0.0005955559050584056 0.014248701741035541 0.01576580860246829 -0.0427518138061419 0.9988596979526656
734 1783354935.196168 0.2562661613683752 0.1556007907628688 0.0006233594389475905 0.014231928114609993 0.016533288681658515 -0.04454435709984353 0.9987691939773029
735 1783354935.22816 0.256334643389107 0.1556116637050661 0.0005933884672727602 0.013842017440240495 0.011314525481214116 -0.04659733584753176 0.9987537576190797
736 1783354935.256184 0.256394942407019 0.15562105943627325 0.0006024750002859764 0.013477588523494344 0.0023394029649199677 -0.04806555008972463 0.9987505117375066
737 1783354935.280196 0.25647589428386036 0.15560855871075063 0.0006088244471512457 0.011899973534985231 -0.0012346501109470331 -0.05048415132412443 0.9986532014338376
738 1783354935.312179 0.25657276557785075 0.1556225855911175 0.0006297972731184038 0.013239764033588619 0.0018612217322147573 -0.05218766638960881 0.9985477915346894
739 1783354935.336291 0.2567108636169016 0.1556103429896202 0.0006024374129982623 0.012624872634973805 0.00044378833823807695 -0.053348654954998215 0.9984960373768912
740 1783354935.3722 0.25691637539836093 0.1556296757318946 0.0006180047092094075 0.012520982880159903 0.0013102193559516306 -0.05517105008630638 0.9983975478462116
741 1783354935.396219 0.25707122388651793 0.15562412418640548 0.000623720121027677 0.012825063356112332 0.0018175000932737773 -0.055305397469003065 0.9983854603579313
742 1783354935.428186 0.2572645248306489 0.15563533591447407 0.0006258540099541438 0.012987258998615192 0.001986827789793061 -0.055254568409504407 0.9983858554130843
743 1783354935.452204 0.257451943579242 0.1556424431634308 0.000608718819041025 0.013079623633831194 0.0033051996618538027 -0.05500473473020509 0.998394951037941
744 1783354935.480444 0.2576105490776453 0.15562746893290386 0.0005971255524127098 0.013100234162884083 0.00356846910308245 -0.05409896250619384 0.9984432643615218
745 1783354935.512238 0.2578136873302721 0.15561984055299855 0.000567868619424402 0.013131873170022346 0.0033211051702422834 -0.05315844873088868 0.9984942180583825
746 1783354935.544217 0.25800876976534787 0.15561662015242356 0.0005607142653803929 0.013126823323627301 0.004064286150500307 -0.05249238666104955 0.998526773516937
747 1783354935.56822 0.2581288081000376 0.15559352529268913 0.0005439060041589842 0.013192178987821102 0.003983819376504771 -0.05178217706263483 0.9985633188413154
748 1783354935.59623 0.2582774373917807 0.1555775549649229 0.0005200174972878218 0.013246936976658907 0.003231253529266953 -0.051497126122534154 0.9985800537075061
749 1783354935.628236 0.25846091980754693 0.15558606685793916 0.0005272783171684846 0.013095978925151242 0.0029431786118832293 -0.05158021514981745 0.9985786470983391
750 1783354935.652385 0.25858081165619107 0.15556895221344214 0.0005175360791498133 0.013172302137938907 0.0028865767270146447 -0.05190641486473324 0.9985609056172169
751 1783354935.684235 0.2587305350740071 0.1555464954598857 0.0004805813999797688 0.013088673365762082 0.0015613174525586915 -0.05261023687119423 0.9985281227355061
752 1783354935.712258 0.25887905935764566 0.1555598446609694 0.000515396069637717 0.012711021627009433 0.0015916220051048757 -0.05348665262036373 0.9984863918251761
753 1783354935.744225 0.259055999358529 0.15555186118698786 0.0005304727770722561 0.012589406459154517 0.0017644097295238803 -0.05453196913176947 0.9984310982966849
754 1783354935.768446 0.25918457737113043 0.15553233436262578 0.0005255047142913218 0.012539374215557286 0.001886707971585938 -0.055109662156781286 0.998399784437215
755 1783354935.800256 0.2593737401686091 0.15552845929191453 0.0005021406206573457 0.012415594294272136 0.0016488950384495327 -0.05588416718817754 0.9983587000778611
756 1783354935.828276 0.2594896590720946 0.1554963774593133 0.00046287487799903096 0.012183654778855635 0.0010829543982110168 -0.05581459053093743 0.9983662240129445
757 1783354935.860242 0.25967274501177656 0.15548392237596204 0.0004692233178832145 0.012511296449208065 0.002156664160265137 -0.055730581644681115 0.9983651228535608
758 1783354935.884267 0.2598332319323173 0.15549669692807547 0.0004885023719793601 0.01237182129070663 0.0020007596445187903 -0.055415688482634506 0.9983847136594146
759 1783354935.916275 0.2600291539875915 0.15549455086743422 0.00046168042054102465 0.012260051253708881 0.002546553264722501 -0.05468111774280518 0.9984253510263669
760 1783354935.944274 0.2601724460355531 0.15548097635375535 0.0004364767660321356 0.012294963070562659 0.002943388460020957 -0.05409939715856055 0.9984555200781591
761 1783354935.968277 0.2603206795216265 0.15550011192028868 0.00037803808749602825 0.012551069904021162 0.005859672295918272 -0.04853049755245059 0.998725650863219
762 1783354936.000276 0.26037486442676566 0.15543577957908017 0.0003890772693932814 0.014020726035748776 0.008286632448814474 -0.038417125777916034 0.9991290584359225
763 1783354936.036284 0.26047468357133574 0.15534192883858564 0.0003728144357928987 0.013750656786494009 0.00748187614629961 -0.028015317367293485 0.9994849088205793
764 1783354936.060309 0.2605513179230123 0.15531139820489012 0.0003603494281289719 0.013369975141055868 0.006296974693084517 -0.020603392188366182 0.9996784943694521
765 1783354936.084323 0.26058318205196757 0.15530902309086503 0.00034201150242949094 0.013533632515656757 0.005805583305543344 -0.016717002344072834 0.9997518081134145
766 1783354936.116295 0.2606041982017376 0.1553067299375929 0.0003403827841093742 0.014174332529589995 0.0067000451356172 -0.017120586722869063 0.9997305052876932
767 1783354936.152308 0.2605803225649317 0.15526550952317192 0.00035996729976702077 0.01391867053155399 0.006377069400265639 -0.016967622476802974 0.9997388175838642
768 1783354936.176312 0.2606004706243434 0.15528069480320303 0.0003676666506336109 0.013823854222676624 0.006182690439594185 -0.01689888350606622 0.9997425184164205
769 1783354936.200332 0.26058118458059865 0.15527859882753972 0.0003478734576309924 0.013946868998540252 0.0057071782281596095 -0.01683708677383486 0.9997446801412748
770 1783354936.232309 0.2605836124712273 0.15527671573077723 0.0003310902547858162 0.013928559397866858 0.005135289119434255 -0.01669417973071821 0.9997504330591103
771 1783354936.256536 0.26060155640513405 0.1552903819542003 0.00033492770077551623 0.01395801652851264 0.005143002597314678 -0.01679322699396854 0.9997483237425322
772 1783354936.292323 0.26060435091003864 0.15528946990903564 0.0003394099175191886 0.013829896666657737 0.004854614040276595 -0.016904385557141077 0.9997496728829898
773 1783354936.316331 0.2606004004539138 0.1552991851684759 0.0003477751472651166 0.013875883690285529 0.004663526629714643 -0.017079722545843834 0.9997469652111701
774 1783354936.348317 0.2605894623072164 0.15529455609652515 0.0003701390638219165 0.013790277525148997 0.004316066049522949 -0.017344929250485808 0.9997451441487131
775 1783354936.372551 0.26057140068235984 0.15529427750462196 0.000363226241925212 0.01384816842499409 0.0038939285345470365 -0.017521949315350088 0.9997429903950472
776 1783354936.408352 0.2605744428042007 0.15531361133803387 0.0003487412748632737 0.013700255574039533 0.0029967272350388263 -0.018061034042100604 0.9997385266520515
777 1783354936.432331 0.26054569098183084 0.15528738437994147 0.0003768619342948386 0.013662249428351703 0.002585348364529977 -0.01809832046988677 0.9997395209306076
778 1783354936.464331 0.2605341359165995 0.1552712655931928 0.0003526738709051249 0.013771490187852897 0.0013072102775516792 -0.018947940114675738 0.9997247685361741
779 1783354936.488614 0.2605272129866358 0.1552918655479882 0.0003587615556286594 0.013628881915365043 0.000872768900661014 -0.019504297679910854 0.9997164969251017
780 1783354936.516602 0.26051733404840777 0.15529588963533256 0.00036358711479569277 0.013637409347294405 0.0010022935853057358 -0.020429538625232224 0.9996977795441098
781 1783354936.548348 0.26049438412063014 0.15529588698588842 0.00036560625254685244 0.013592608453929178 0.0017601723893901633 -0.02287259488061269 0.9996444303811257
782 1783354936.580311 0.26048788882976137 0.15533156443121907 0.0003738117790415313 0.013240548255373685 0.001952054283116872 -0.025590024048776278 0.9995829270426522
783 1783354936.608395 0.2604626310272078 0.15533267145655127 0.00037101591451127024 0.013212061194927016 0.0016363666285130474 -0.02715546272296679 0.9995425676716027
784 1783354936.632413 0.2604288934481071 0.1553141970185869 0.0003561380764558102 0.013221085874688676 0.0012318917231285142 -0.02911007214333125 0.9994880134503299
785 1783354936.664377 0.26040360590726475 0.1553381754802445 0.00037357156417548894 0.012942267749525005 0.0011990674716590433 -0.03224629093505249 0.9993954355827477
786 1783354936.688539 0.2603569579261849 0.15532654165705548 0.00037933943763505604 0.0128261838150448 0.001319897406721282 -0.03430211396321864 0.9993283303585629
787 1783354936.7244 0.2603352875262757 0.1553294295929729 0.00039169553303517205 0.012658092668179854 0.0014004053758719937 -0.03696870999225882 0.9992352706126297
788 1783354936.748401 0.2603029557187777 0.15533438297481325 0.0003818844311615152 0.012536492122407539 0.0013818499028580844 -0.03903337843476187 0.9991583068883927
789 1783354936.780374 0.26028355339609816 0.15535337376653502 0.0003732074803181472 0.012394637969075029 0.0013786602075064325 -0.041849397013185796 0.9990460951403998
790 1783354936.804393 0.260259460951972 0.15534186326029809 0.0003874988609216118 0.012307070926869501 0.0014370225389915836 -0.043895441378663635 0.9989592890591665
791 1783354936.840395 0.2602339046324711 0.15536741253038744 0.0003985429313353708 0.012045901466757103 0.0014276321775175405 -0.04655199565172627 0.9988422146791056
792 1783354936.864426 0.2602170590848945 0.155368745516859 0.0003963787060668098 0.012062013385721104 0.0015481812328963507 -0.048239246542928826 0.9987617764316591
793 1783354936.888596 0.2602027084730407 0.15538710462120692 0.00041251480088515475 0.011899761903068962 0.0016730524239254585 -0.05027112455654348 0.9986633119315327
794 1783354936.920395 0.2601541020024286 0.1553831334266773 0.0004049850280245337 0.011827085942478943 0.001641633758727029 -0.05261199212339915 0.9985436411902682
795 1783354936.944436 0.26013724962196777 0.15538889516767684 0.00041587697247822417 0.011666481840663878 0.001685106170536077 -0.05432403704217942 0.9984537809123143
796 1783354936.980429 0.2601237070736593 0.1554080762195355 0.00041902161418433913 0.011594872057301697 0.0018299491941831947 -0.056851061792251106 0.998313661631962
797 1783354937.004418 0.2600985663495234 0.15540578820697531 0.00043489927580737725 0.011464296905407623 0.0019237663094752444 -0.05865774786621972 0.9982104676043596
798 1783354937.036392 0.26006990534296265 0.15541964404867342 0.0004488301992909907 0.011276059607310485 0.002032891311377405 -0.06105538055344639 0.9980686140432042
799 1783354937.060598 0.26005936376174316 0.15540081799187977 0.0004578191991437548 0.011178559372670371 0.0021326359891694624 -0.06290284802243207 0.9979547702099312
800 1783354937.088674 0.2600733403691234 0.1553787580162806 0.00043545766486122444 0.01113655765932925 0.0022826883875064763 -0.06509385478779209 0.9978143897970664
801 1783354937.120432 0.26007329330585127 0.15537573283045025 0.00044503193956836173 0.010987508419971481 0.0022889668356964876 -0.06830190445020726 0.9976015663269684
802 1783354937.152401 0.2600208035714979 0.15536704310162713 0.00046719775619112353 0.01087518873912724 0.004284315582182008 -0.0720180469459808 0.9973348363633787
803 1783354937.180444 0.25995700820404094 0.15537405760388465 0.0004869611826517433 0.01114455258228969 0.009825041198202322 -0.07571525311321287 0.9970187901735836
804 1783354937.20447 0.2598634061268386 0.15539168395448727 0.0004912483356568085 0.012000637495670041 0.016672636733003676 -0.07789198673108633 0.9967501423562233
805 1783354937.236442 0.25976202294772743 0.15541993247017571 0.0005015363361619988 0.012715698762190752 0.01721666912968478 -0.08090173194533112 0.9964922513884962
806 1783354937.260688 0.2596781684105759 0.15541943965495503 0.0005177754859331959 0.011830955582618208 0.016615086428959924 -0.08177558344762192 0.9964420311010378
807 1783354937.296488 0.25953619514901705 0.15543850170581647 0.000531462156822122 0.01225658789754025 0.017838996020210357 -0.08250517690494105 0.9963555801309014
808 1783354937.320491 0.2594262223232333 0.15542042109068704 0.0005266216192701466 0.012290818395711667 0.01688280266189021 -0.08288948084423894 0.9963399222769386
809 1783354937.352454 0.2592524218627524 0.1554435414469187 0.0005460595677655843 0.012217026013763954 0.01767989003676601 -0.08207447786443911 0.9963944730110392
810 1783354937.376523 0.2591293859155277 0.1554380637236858 0.000542982801763083 0.012495050712943157 0.017554654644813983 -0.08143860069997821 0.9964454135194822
811 1783354937.412501 0.25896014126793676 0.15545933763007108 0.0005455808644376945 0.012708238827436047 0.016774123278205127 -0.08091330051123455 0.9964989549691115
812 1783354937.436512 0.2588402857899374 0.155447423453057 0.0005426836845329893 0.01266808081976023 0.016694894880349642 -0.08023091169716873 0.9965559698388843
813 1783354937.460596 0.25872469404398474 0.1554821407756758 0.0005611153391398404 0.012842296943784026 0.016997694100745253 -0.0797906719339403 0.9965839665962901
814 1783354937.492475 0.2585597975224857 0.15551755085350893 0.0005655539649182723 0.012976754466560658 0.016898943076217338 -0.0796095346346912 0.9965983903065816
815 1783354937.528515 0.2584066814870265 0.15551547957166312 0.0005691235727750235 0.012881887895461075 0.016351739100224805 -0.07925960363022044 0.9966366403183395
816 1783354937.552509 0.2582867911060819 0.15554563307614194 0.0005846827024962647 0.013019994325933926 0.015114954976717443 -0.07903223295757639 0.996672425643222
817 1783354937.576506 0.25819126060216024 0.15555700243850845 0.0005638070596285065 0.012712287712811077 0.012819194370119885 -0.07879261170123111 0.9967275406740334
818 1783354937.608471 0.25806407823696825 0.1555683006571987 0.000562671480047896 0.012419767573785878 0.008626701507553208 -0.0781974785227281 0.9968231958312368
819 1783354937.636535 0.25797669987161 0.15558420323291933 0.0005918096095012277 0.012230505122596935 0.005517114544007273 -0.07782681859437723 0.996876603446501
820 1783354937.660525 0.25787677186831337 0.155589325518741 0.0005924195157271783 0.012134050531565688 0.002227929236659515 -0.07712114590911115 0.9969453997098736
821 1783354937.692517 0.2577656461156192 0.15560691499585305 0.0005683394567827047 0.011319511326171816 0.0006602762941461116 -0.07492664715903663 0.9971245811051183
822 1783354937.724477 0.2576631688372901 0.15561638587221452 0.0005567216507943369 0.01213669667463968 0.0016913003163385731 -0.0717222770883496 0.9973493645991507
823 1783354937.752535 0.25758444355278276 0.1556255289139709 0.0005655751785347217 0.012929880240793112 0.0018328635801198867 -0.06953548566583481 0.9974939974963619
824 1783354937.776568 0.25756935148621235 0.15563424335838316 0.0005752301819616518 0.012084232006683404 1.1575689879972373e-06 -0.06777714316585054 0.9976273002478155
825 1783354937.808523 0.25756566787848356 0.15564722500694236 0.0005817923493798048 0.011467549760909357 -7.017609792261958e-05 -0.06948152794719772 0.9975173219808864
826 1783354937.832694 0.2575992805956494 0.1556283516264649 0.0005863645502374136 0.01223044867610773 0.0013822848874348315 -0.07096918076088363 0.9974025670689846
827 1783354937.868545 0.2576721543810252 0.15561643953215099 0.0005778270902598265 0.01276556362821507 0.0035410482752381844 -0.07280592112246101 0.9972581407097545
828 1783354937.892569 0.2577157223823209 0.1556081007395172 0.0005849441042205074 0.012755695110336696 0.006524282281262311 -0.07381396800023607 0.997169105072468
829 1783354937.924589 0.25774842614055504 0.15561327681756246 0.0005823539263865841 0.012713721582585547 0.011194872281871743 -0.07465811312959239 0.9970652948839621
830 1783354937.94857 0.25777914640574034 0.15560821103972938 0.0005864532958077956 0.01312212029691201 0.014837454259616523 -0.07491834416162263 0.9969929295727666
831 1783354937.984564 0.257818063045715 0.15561328884105588 0.0005761664917371722 0.01320792632165102 0.01883231198490093 -0.07492237168712523 0.9969240356859502
832 1783354938.00858 0.2578338885838969 0.1556151315600719 0.0005802083545191714 0.012746151018315222 0.018899023342241028 -0.0753097737162775 0.9968995940082085
833 1783354938.040559 0.2578372625580836 0.1556271572500127 0.00057007259586283 0.013010658644549644 0.018310358265919285 -0.07623823911067021 0.9968365886338207
834 1783354938.064562 0.25784176794231395 0.1556138872023925 0.0005621352275929636 0.01339461826568411 0.017443468448144983 -0.07589698201476591 0.9968730900827174
835 1783354938.100604 0.2578234548251927 0.1556062246461975 0.0005722601239276201 0.013324687016664116 0.016482908713687766 -0.0755064966326395 0.9969200245769514
836 1783354938.124606 0.25781630072470807 0.15560057959731374 0.0005600705933549218 0.012961098771979485 0.01593747845460422 -0.07519856334455158 0.9969569613428895
837 1783354938.156573 0.25779274839362054 0.15563236667370856 0.0005872292788858232 0.013259072074006839 0.015006005159133834 -0.07434111167947108 0.9970318028684746
838 1783354938.180557 0.25779747301826017 0.15559116863575792 0.0005673370264301092 0.013608660691595498 0.012801918280042984 -0.06888017997528054 0.9974499666896106
839 1783354938.208613 0.2578127464501632 0.15560382502078215 0.0005451414592462598 0.013901578877288934 0.012232036472277469 -0.05850349754016973 0.9981154563295906
840 1783354938.240612 0.2578336973542394 0.15560777736098452 0.0005006468916961392 0.014700333511458719 0.011937405319271233 -0.03970155576478984 0.9990321241175134
841 1783354938.26478 0.25787873968470687 0.15558770153572365 0.0004892349475074029 0.01554555947078784 0.011264580678322034 -0.024242843554743265 0.9995217503082472
842 1783354938.296579 0.2578739069736837 0.15559005150828895 0.0004796112367647157 0.016638216618359514 0.010020570167385084 -0.0029046162624735417 0.9998071419657136
843 1783354938.324635 0.2579565695021941 0.15552662718197197 0.0004631433067767222 0.01707683314941677 0.008896768643067321 0.013786267184646817 0.9997195447296269
844 1783354938.356621 0.25807759052023277 0.15555370686232406 0.0004301939491493362 0.018212244980685466 0.007684106264377599 0.03590831286906365 0.9991595777004687
845 1783354938.380614 0.2580757494196631 0.1555782378427768 0.0004363407118817854 0.019193844247284764 0.007445575539423349 0.05251876562082261 0.9984077017959962
846 1783354938.412598 0.25816084855042304 0.15557807786217637 0.00042971852818657786 0.019980395208202495 0.006648741756637905 0.07465451948965943 0.9969871016016936
847 1783354938.440649 0.25817639739253684 0.15562913776433024 0.00044115732252618975 0.02078677314902777 0.005656207789839857 0.09107723617602512 0.9956107946512159
848 1783354938.464652 0.25815698965716055 0.1556418197289731 0.00043820835049075604 0.02156704056380676 0.0045120682611414775 0.10777369776844758 0.9939312521853015
849 1783354938.496633 0.25815617172587374 0.15567484550430427 0.0004934720130258259 0.02244657694309027 0.0033478983683458974 0.13028886130704362 0.9912163010056722
850 1783354938.520899 0.2582543674950229 0.15572379518052698 0.0004953198805218522 0.02305850730674619 0.0024872314312879007 0.1470484707263485 0.9888573538067229
851 1783354938.556651 0.25828914764544936 0.15574919549659982 0.00048268226647432645 0.024016600128059062 0.0010790614532143472 0.16917119161986283 0.9852934316591098
852 1783354938.58067 0.25831680833809983 0.15579365865093264 0.00045018383720403163 0.02490989272366173 -0.0008813520956594822 0.18558341063397055 0.9823123322856342
853 1783354938.612658 0.2583594181675698 0.15588556557877406 0.0004463367460072272 0.026352494257420978 -0.003349353867915239 0.20737907331402072 0.9778999170807299
854 1783354938.636636 0.25830679817908286 0.15590021980161178 0.00044537484118012697 0.027229006428679037 -0.0047437656837578945 0.22394334196121213 0.9742101711064652
855 1783354938.672661 0.25833062241747934 0.15594124961463462 0.00043836853968018787 0.028099549707183535 -0.004997696565158083 0.24536090887257223 0.9690115906079356
856 1783354938.696694 0.2583284880684152 0.15592676461979477 0.0004074725343510997 0.028715187124503272 -0.005808876735933416 0.26160447772013984 0.9647304246349051
857 1783354938.720828 0.25824554752541534 0.15591281578010197 0.0004149907908918295 0.029583278005783198 -0.0058985217625128206 0.2775484734272572 0.9602379298911541
858 1783354938.752646 0.2582253738148394 0.15593213465947242 0.0004337863662890102 0.03080314508213633 -0.006173743762681205 0.2988815794936629 0.95377295651553
859 1783354938.780702 0.25822782442303194 0.15592682105615396 0.0004397665171753972 0.0314261590834537 -0.006351574061181475 0.31564700266847884 0.948334868988066
860 1783354938.812706 0.25823972786902233 0.15592345270500244 0.00043284980230283323 0.03284698705362521 -0.006829190165562937 0.3376665368198212 0.9406677136562571
861 1783354938.836694 0.258300100831942 0.15597237522132804 0.0004063073311238127 0.033684619593035925 -0.0075210905432493425 0.35409855986720196 0.9345710189706753
862 1783354938.868663 0.2583739623901684 0.15601228352112567 0.0004095427801815846 0.03465063266771867 -0.00809589503958344 0.3757084139343312 0.9260545220656202
863 1783354938.896709 0.25843398114670774 0.15602712120499784 0.0003981027159508291 0.03567383123610923 -0.008148561859681824 0.39204048748934994 0.9192199056121824
864 1783354938.920954 0.2584629399729367 0.15603056424883155 0.0004169266882468989 0.03639698987228501 -0.00817170286539215 0.40835879067186376 0.9120589786200941
865 1783354938.952695 0.2584828429463588 0.1560683914450705 0.00042524009073067375 0.03745138709046936 -0.008208116728875336 0.4296734436983194 0.9021700240005718
866 1783354938.984657 0.2584924325505831 0.15610632147491427 0.0004481916222521614 0.038551404166172865 -0.008777055138148776 0.4508568270831208 0.8917201769683466
867 1783354939.012717 0.2585508979213408 0.15618995732462176 0.00042927128109185655 0.03941838753714244 -0.009311726309865515 0.4667956158005734 0.8834372278472679
868 1783354939.036873 0.2585307821184257 0.1561660623840322 0.00043741093284211177 0.04004379016922399 -0.009549702563238838 0.4826268209541461 0.8748580740586048
869 1783354939.068713 0.2585335788935289 0.15617785099979126 0.00043864288844641056 0.040980042710272 -0.0098800644267871 0.5036940748019043 0.8628529998996588
870 1783354939.100679 0.2585437483404066 0.1561975866218962 0.00043230508625505173 0.04189515019158879 -0.0102199306030058 0.5245053758556559 0.8503143301787941
871 1783354939.12874 0.25854554208760083 0.15621826093859964 0.0004334963410087961 0.04270434078377561 -0.010423223648410418 0.5398189764635122 0.8406326000916717
872 1783354939.152793 0.2585466980090152 0.1562714038833657 0.0004356213358852508 0.04333486440454393 -0.010458253023429842 0.5550268332528616 0.8306370620433681
873 1783354939.184726 0.25857920568232806 0.15637251137692793 0.0004337667444566243 0.04422910434509031 -0.010642830827511163 0.5750710550396764 0.816837681633482
874 1783354939.208942 0.25861231408368757 0.15645221375157814 0.00046427020066541064 0.04480371415089113 -0.01078629463211389 0.5898771557923446 0.8061769186231571
875 1783354939.24475 0.2585754798942056 0.1564213486738585 0.00045238134050468864 0.04556502755612113 -0.011408677053667438 0.6093117648810641 0.7915382767303285
876 1783354939.268766 0.25853965245175015 0.15639348770673478 0.00045124059867845956 0.04621015998961675 -0.011905503389299854 0.6232116472408227 0.780596004887395
877 1783354939.300746 0.2584721382181128 0.15631861777166572 0.0004515057181127685 0.046823288451447564 -0.012867497841051123 0.6392243614486065 0.7674856499560915
878 1783354939.324726 0.2584863474757334 0.15642586988551688 0.00043142000140971096 0.04718026684543475 -0.013008478873396734 0.6488963286116193 0.759301229165445
879 1783354939.3531 0.25847448907713566 0.15648644225174432 0.0004370498465003231 0.047211409713492136 -0.013046143804708699 0.6565002509212534 0.7527338848922793
880 1783354939.38479 0.2584609749049224 0.1564356465097974 0.00044814771405287876 0.04749720754112974 -0.013403310181860362 0.6646901094751343 0.7454873740834903
881 1783354939.416766 0.25844103991586254 0.1565180516892195 0.0004972726928781507 0.04848717616306286 -0.014928236700165631 0.6683241593227321 0.7421381000611137
882 1783354939.440744 0.25843990132482086 0.1566158319208711 0.000497584703425152 0.04833962621818788 -0.015760818029885826 0.6669647475674665 0.7433524753805429
883 1783354939.468907 0.25846573970162373 0.15671000115677183 0.0005023724321501725 0.04805246002834762 -0.015509309447030994 0.6633917135626152 0.7465667128811446
884 1783354939.500804 0.2584775987796698 0.1568331562143797 0.0004910163810605116 0.04766009373077118 -0.012988647593178637 0.6573274026081385 0.7519843723640224
885 1783354939.532785 0.25847954872289847 0.15700153682059895 0.00048792247369494265 0.047587680030025115 -0.012748626722035472 0.6532220557099603 0.7555619307244877
886 1783354939.556756 0.25850521710223123 0.15712400488269165 0.0004946260769921624 0.04731748595781338 -0.012706327545774276 0.6518655233074556 0.7567502522536933
887 1783354939.584846 0.25852378082193883 0.1572532747940479 0.0005054067038020114 0.0470242985179935 -0.012217310599052844 0.6515198310921144 0.7570742119266246
888 1783354939.616824 0.2585483389559213 0.15744836639266216 0.0005007671216486209 0.04697399253044343 -0.011730813274634766 0.6527779880062252 0.756000483081995
889 1783354939.648788 0.2585604868495299 0.15762998408694973 0.000511461228990975 0.04698117302058591 -0.01179421798995739 0.654662128016105 0.7543680560210911
890 1783354939.672772 0.2585722264149287 0.15779090796616987 0.0005090294277343595 0.047089127740036485 -0.012084774761761619 0.6557069273795291 0.7534487359164768
891 1783354939.700947 0.25856891441210283 0.15790906707529476 0.0005184826642318577 0.047304359375818894 -0.012340285847474153 0.6563608259151688 0.7528615285251357
892 1783354939.732836 0.2585476671321044 0.15808864574983494 0.0005375363171126208 0.04770721673706224 -0.012708123325215981 0.6568514215113814 0.7524019770915225
893 1783354939.764808 0.2585474493965195 0.1582525232543402 0.00053439150312669 0.04804604535703527 -0.013474874687800842 0.6568734516612111 0.752347840948842
894 1783354939.788784 0.25856618394008685 0.15838864232531513 0.0005303487932910092 0.04810636876308061 -0.013425730689682225 0.6568941990777073 0.7523267496626291
895 1783354939.816849 0.2585908110723878 0.15853447898155618 0.0005363816194560115 0.04827220636674412 -0.013474850801670546 0.6568954280234539 0.7523141758136972
896 1783354939.848854 0.2586082056393699 0.1587050277317138 0.0005344964340444902 0.04807980636492615 -0.013049150848742586 0.6566455371913505 0.752552118041482
897 1783354939.88085 0.2586279235130371 0.15888620043677146 0.0005404920310340018 0.04843629657993331 -0.013454390314909026 0.6561088007908288 0.7529901367745101
898 1783354939.904933 0.25864736537208044 0.1590007116151039 0.0005417057768389733 0.04841910942005889 -0.013369266086607823 0.6561110671771285 0.75299078353919
899 1783354939.940865 0.25867047118685066 0.15918736095074434 0.0005478783574621744 0.048122106172614365 -0.012472989600533002 0.6565048531679137 0.7526819150178333
900 1783354939.965139 0.2586959907308827 0.159303985467648 0.0005649603951976123 0.04870942507337128 -0.012896565940474058 0.6569473768064211 0.7522507657710473
901 1783354939.996874 0.2587181217097394 0.15947490917257956 0.000561618138672431 0.04875105348362996 -0.013102436180945753 0.6571328955519411 0.7520824546111167
902 1783354940.028851 0.2587175551666852 0.1596567151060129 0.0005807004597862975 0.0488705590807319 -0.01340968089880723 0.6567363762988394 0.7524155640064859
903 1783354940.056889 0.2587298960985511 0.1597866285480392 0.0005944931176402515 0.049100556109529014 -0.013603093210470263 0.656459407764419 0.7526387826855794
904 1783354940.088875 0.25875560074623727 0.15997148379840642 0.0005944210731690432 0.048896136245114574 -0.01312317085939374 0.6562176479732593 0.7528714025219301
905 1783354940.113022 0.25877334260473894 0.1601027482593506 0.000618744744899263 0.04914994470580247 -0.01300800191740692 0.6561223925588998 0.752939891893316
906 1783354940.14489 0.25880315619597927 0.16029758479174688 0.0006328099657518776 0.04910473866407117 -0.012743190784539005 0.6562103832544194 0.7528706852032758
907 1783354940.172903 0.25882486916752323 0.1604146851794838 0.0006516609867742006 0.047466047766350994 -0.010906510521531021 0.6587024671530336 0.7508256003255304
908 1783354940.20491 0.2588377514661925 0.16057441828692295 0.0006345794686081849 0.04461051551113182 -0.006803704724674731 0.6668578027970962 0.7438173716420449
909 1783354940.228901 0.258840515878352 0.16070773150450143 0.0006321261243011495 0.042694199367180774 -0.004994909919955437 0.673819013139008 0.7376450323479854
910 1783354940.260892 0.2588484094550776 0.1609047656122537 0.0006062012682034965 0.04113579108908649 -0.004835597898892652 0.6817987614572022 0.7303662865712387
911 1783354940.288923 0.2588449716157904 0.16092734486777008 0.0006230044256923979 0.041598727825661985 -0.005308481336354309 0.6876616757244506 0.7248191399301129
912 1783354940.320906 0.25883934791409835 0.16092067693645806 0.0006215094021258354 0.041637048139772204 -0.005218475574839343 0.6894517355589574 0.7231150863241774
913 1783354940.344914 0.2588368972056969 0.16091344923413914 0.0006072282257899384 0.042185937740204627 -0.005862247171291579 0.6897427738051746 0.7228007240579012
914 1783354940.380919 0.25885621871838427 0.1608903865941264 0.0006201825957324672 0.043171515358529367 -0.006276189584716985 0.6897585236147544 0.7227240198075191
915 1783354940.404934 0.2588623183259578 0.16087208559963664 0.000632556333566717 0.04354812684783649 -0.006615290930964801 0.6897210153593497 0.7227341970223985
916 1783354940.429043 0.25885916499481365 0.16086720256326065 0.000630830529143046 0.04405259913148862 -0.007200982767414099 0.6897486143634124 0.7226716843357684
917 1783354940.460913 0.2588518893644879 0.16084670834521173 0.0006365697120094532 0.04435887255812365 -0.007441574445435806 0.6896632163990979 0.7227320121187356
918 1783354940.496941 0.2588654615390729 0.1608480327967448 0.0006316873214382811 0.04473341119430896 -0.007748495642273756 0.6894592008124196 0.7229003341770581
919 1783354940.520941 0.2588632515468017 0.16083793034783334 0.0006337450933225821 0.0448741123471299 -0.008046080347145379 0.689058185808324 0.7232706210006361
920 1783354940.552923 0.2588824118232016 0.16081723890194644 0.0006271396985949827 0.04515518378251404 -0.008384999943399252 0.688470772740947 0.7238084665400094
921 1783354940.576924 0.25887114859082616 0.16081003275695838 0.0006357884354679082 0.045375671151658414 -0.008460515536821367 0.6878333541231847 0.7243995755796917
922 1783354940.612966 0.2588600789156261 0.1607854015969294 0.0006291050635221038 0.045798668771814044 -0.008875646859542341 0.6870759473299265 0.7250864413518148
923 1783354940.636958 0.2588488695776455 0.16077252398728772 0.0006325646367312532 0.0461904728409851 -0.009399383459662958 0.6865536608612713 0.7255495590015136
924 1783354940.668936 0.2588520543083904 0.16075044846778358 0.0006295509510965691 0.04700241121161397 -0.0102373705522395 0.6861072020812998 0.7259083115908241
925 1783354940.692942 0.25885618732813004 0.16073172837304536 0.0006265036502774123 0.04773709353605382 -0.011066855547341325 0.6858919130653499 0.7260516360429049
926 1783354940.728974 0.2588522250538819 0.16071406211444936 0.0006336737727339267 0.04895946940460494 -0.012298010239351731 0.6857048882768491 0.7261270794378947
927 1783354940.752989 0.2588445108426677 0.16070157858710987 0.000641537598148537 0.050163278593731264 -0.013756857204999196 0.6853246793088442 0.7263776416512274
928 1783354940.78496 0.2588457164555474 0.1606762939001253 0.0006401013645034714 0.05085587353303056 -0.01470089646724182 0.6839048644959457 0.7276480605959409
929 1783354940.808946 0.25884046136525085 0.16063449254625378 0.0006352908836975823 0.05037666455718748 -0.014113879432273269 0.6810683616913049 0.7303484625701528
930 1783354940.844989 0.2588510325419136 0.16058470981567052 0.0006376168539952622 0.05005205196878526 -0.013377255110845643 0.6769809480519011 0.7341748001083682
931 1783354940.868989 0.2588407668423576 0.160554303020182 0.0006305258802475743 0.05003820753780075 -0.013334779191613189 0.673736419979028 0.737155070418808
932 1783354940.893245 0.25883054200786765 0.16052154991188372 0.000621224431912145 0.0498999671844248 -0.013445227813413507 0.6701929194688657 0.7403854873090351
933 1783354940.924957 0.25884579658118934 0.1604385418933815 0.0006250653378863259 0.0494365837437456 -0.013313982252346812 0.6660240862865239 0.744171135257565
934 1783354940.953004 0.25882831623115266 0.16038120401909886 0.000624494191152139 0.047558858257715886 -0.010693099022086483 0.6628491269773921 0.7471645384383786
935 1783354940.985017 0.25883081390215856 0.16025906211159038 0.0006014668608609625 0.04064051722887663 -0.0031180606197753757 0.660130385684583 0.7500443319919594
936 1783354941.009124 0.2588271618423683 0.16017159324744026 0.0006189436666022858 0.039726133784230955 -0.0029052357721777167 0.6604388134089361 0.7498226241203063
937 1783354941.040957 0.25880196436137537 0.1600000536557175 0.000605320722249161 0.04125464543465507 -0.0038455313289066373 0.6607690455849972 0.7494448175253142
938 1783354941.06902 0.25880233631839467 0.1598314077851436 0.0006100540329699866 0.04017169565560441 -0.002842535054521367 0.6616796126533022 0.7487043776161546
939 1783354941.101027 0.2587844634683364 0.15959844067317122 0.0005939311538852125 0.04117289266239643 -0.0038569538311176155 0.664185383608077 0.7464232666646633
940 1783354941.125012 0.2587695560107678 0.15941824339830143 0.0005825573969367726 0.0406515733678009 -0.0034794910897295583 0.6656293157666333 0.7451663953215567
941 1783354941.156975 0.25874583316866084 0.1591438710871821 0.000572026140124398 0.04131374245823405 -0.0041376016847487485 0.6672372309358647 0.7436871200911258
942 1783354941.185042 0.2587293082473118 0.15894835838491977 0.0005725121789940339 0.041640029230297304 -0.004795204019955812 0.6682453838387584 0.7427591944650013
943 1783354941.217028 0.25872637247847585 0.1587179932841356 0.0005591634486784257 0.04164949676899554 -0.005081935283968053 0.6689825929147324 0.7420928403708936
944 1783354941.241035 0.2587112877427913 0.15853718781405077 0.0005518525983742757 0.04197280103263834 -0.005494951945332005 0.6692645456969071 0.7418174016223305
945 1783354941.27299 0.25868491474925925 0.15828327219156688 0.0005319902322313639 0.04248536114203827 -0.006313767864938646 0.6692417491443564 0.7418022725943759
946 1783354941.301056 0.2586643340917683 0.1580835401492462 0.0005298610539439513 0.04266563505240073 -0.006612466758316837 0.6692201777490543 0.7418087843659373
947 1783354941.333068 0.2586452181358117 0.15784147567058662 0.0005071204175303174 0.04312480542337782 -0.007354882870713397 0.6690908191079814 0.7418919278712799
948 1783354941.357321 0.25863720961813097 0.15766233976130803 0.000504625069483627 0.04428068898079851 -0.008405273648822598 0.6688558851581572 0.7420245122956332
949 1783354941.389063 0.2586079346261641 0.15741713370204002 0.0005057077357931428 0.04679867327358733 -0.011275012098433401 0.6683114077821027 0.7423224504959528
950 1783354941.41708 0.25858971208126813 0.15725955896082577 0.0005116281416059545 0.04897302644575041 -0.014808562695941108 0.6682207287346371 0.7422017292090977
951 1783354941.449066 0.25858280941029305 0.1571010520827691 0.0005070031273020992 0.048985048268416764 -0.01676818949982717 0.6694478501811351 0.7410525411567627
952 1783354941.473068 0.25856219578180717 0.15699377429059394 0.0004983941331303792 0.048670876664745344 -0.015438818676246968 0.6707439784647286 0.7399292560751162
953 1783354941.505026 0.25856492928835584 0.15689339306869918 0.0004922710269601067 0.04841128545233664 -0.013465258324030449 0.6722219771090154 0.738642435655281
954 1783354941.533106 0.25855485829078695 0.15685074915347097 0.00048093723179879096 0.04791496484565694 -0.012597615851312804 0.6730945235246155 0.7378951271148719
955 1783354941.565092 0.25853851843049674 0.15678573101715332 0.000471515974309257 0.046262669116375776 -0.011507735457647716 0.6744173781157287 0.7368097024105832
956 1783354941.589087 0.2585317530043549 0.15673853044273625 0.0004751196914494875 0.045207306295819705 -0.01017247898256557 0.6751866306264006 0.7361900800419642
957 1783354941.621042 0.25854367804803924 0.15667269127208738 0.0004690707590302226 0.04366601706265394 -0.008200591461818174 0.6758500481074226 0.7356988118291037
958 1783354941.649115 0.2585439009765661 0.15661937428785971 0.0004658526471064319 0.042356292007155516 -0.0067918899211626416 0.6760702000934357 0.7355874518399056
959 1783354941.681121 0.2585374946858884 0.15654802649521027 0.00046364040086116845 0.04082442588662083 -0.005525563288403146 0.6760692850529858 0.7356855008828966
960 1783354941.713089 0.25852495870661113 0.15652589047887963 0.00046683665001380145 0.04392629947539217 -0.00881176930982408 0.6748262792468644 0.7366154531191033
961 1783354941.745097 0.2585250754117493 0.15654439729007305 0.0004715594058606904 0.048931651075289295 -0.015865711227009527 0.6735568457699064 0.7373433041987985
962 1783354941.773127 0.2585131783312279 0.15653966958107732 0.0004806293832397609 0.04807307985715503 -0.014910796864925246 0.6727115987850446 0.7381908642011018
963 1783354941.805115 0.25853413399935365 0.15654992679846375 0.00046416773825212407 0.04665157677121701 -0.011706414650375252 0.6724609855912205 0.7385680829134692
964 1783354941.829125 0.25855154468308417 0.15656871880193468 0.00045886328087012956 0.045971753525822834 -0.010242569516428213 0.6728304225357395 0.7382959502515508
965 1783354941.86115 0.25854025717155227 0.15658476102074254 0.00045273196179540336 0.044592731839198874 -0.009678308732092522 0.6732793845487388 0.7379787862458347
966 1783354941.889311 0.2585307101280829 0.15659900204539753 0.00045716999739061834 0.043791668930879046 -0.00910950348532813 0.6734700030174366 0.7378600556434757
967 1783354941.921132 0.2585328805849746 0.1566013582531695 0.0004608319710938825 0.0432764723504081 -0.007723324540126364 0.6737057080679872 0.7376910709203172
968 1783354941.953089 0.2585444023058097 0.15661349416119133 0.0004618512406277184 0.04231266492840513 -0.006846853345482962 0.6738289681122811 0.73764305779873
969 1783354941.981203 0.2585331248702287 0.1566252344627047 0.00047138711635447833 0.041564598488028626 -0.006219968753236715 0.6738013437799741 0.7377163718269637
970 1783354942.013163 0.25853286209557436 0.15662222872121498 0.00047656453592709487 0.04063770866841354 -0.005189029878895468 0.6736548570234553 0.7379097398813794
971 1783354942.045142 0.25854680496215265 0.15664493671119273 0.00047872400106523105 0.04034647683541692 -0.004564119874465478 0.6741434823445593 0.7374834885128558
972 1783354942.077103 0.2585609791213389 0.15672130823614558 0.00047279723812533245 0.041121058212040484 -0.005739030536092926 0.680263795491053 0.7317904690853351
973 1783354942.105164 0.2585679649595131 0.15678911711538257 0.000495397987499497 0.0400724335947682 -0.004840341943374016 0.6889373954469123 0.7236960938892022
974 1783354942.129181 0.25856820124641267 0.15682284257762513 0.0004849917190839874 0.0405649798970642 -0.004820164253616088 0.6993426059266101 0.7136183629632138
975 1783354942.161358 0.25856318670314776 0.1568241995153916 0.0004866658120259264 0.04102329144317529 -0.00558873168787144 0.7142273834778965 0.6986881280854906
976 1783354942.193144 0.25854853942475725 0.15684887205463946 0.0004610587011420319 0.04134913362992032 -0.0066281960737064605 0.7290108344061759 0.6832199642013359
977 1783354942.221443 0.2585413853133107 0.15684940957621213 0.0004753803243789153 0.04233632334803927 -0.007365952588930802 0.7401421331209733 0.6710760025861179
978 1783354942.253204 0.2585125897543036 0.15681905642308902 0.000478892789661272 0.04251788771329368 -0.008090686980837702 0.7549815001833877 0.65431621131485
979 1783354942.285171 0.2584893326915987 0.15676665797272585 0.000501078208164139 0.04326632413734932 -0.008825353165390681 0.7696663240019048 0.6369174891887825
980 1783354942.309328 0.2584563673838408 0.15674977570457344 0.0005083365388268944 0.04379296659711296 -0.009631011458214656 0.7801716140700404 0.6239564666659557
981 1783354942.345208 0.25843770070340844 0.15670507562009112 0.0004956992964292861 0.04424453825305219 -0.010261375120658944 0.7939198729664066 0.6063236432173927
982 1783354942.369257 0.25842655634994544 0.15668925059717215 0.00047707122028136165 0.04466653811374388 -0.010701118671030962 0.8041608432518059 0.5926345624519941
983 1783354942.401185 0.2583883961354938 0.15666930422676292 0.0004875258884123254 0.04546024177813557 -0.0116533133817599 0.8175841332311491 0.5738935021355188
984 1783354942.433172 0.2584610288322662 0.156779449597332 0.0005067580422793046 0.046098445222678475 -0.012330426174830267 0.8307972955700171 0.5545256960790406
985 1783354942.461227 0.25840304797501823 0.1568780511138381 0.00046502117816153883 0.046652817792293494 -0.01305289848640745 0.8399528937827051 0.540492620355914
986 1783354942.493203 0.258351976051316 0.1569629006834481 0.00046926322587013784 0.047265950448490496 -0.013855785726809566 0.851940875651928 0.5213163065965993
987 1783354942.52517 0.2583214948411913 0.15701299621797246 0.00045520741621606683 0.04807125563707626 -0.014548481150627013 0.8635670373937364 0.5017264872464776
988 1783354942.553231 0.25829093152665467 0.15699897136709254 0.00046488591449371074 0.048836823440029264 -0.015342201391904564 0.8719028379068555 0.486995916597572
989 1783354942.577565 0.25823749118977923 0.1569973908735333 0.00048774138425555086 0.04954682887011719 -0.0160841259559954 0.8799319310108646 0.47223533267708573
990 1783354942.609228 0.2582567322442793 0.15698963742883543 0.0004920968717101008 0.050325392851500145 -0.0166769679638315 0.8903306919015512 0.45221730686914274
991 1783354942.641187 0.25827101799603935 0.15696515837713845 0.0004994208107017509 0.05098813048031636 -0.01729200242608897 0.9002668761455555 0.4319962371564614
992 1783354942.669256 0.2582798709192761 0.1569311548007467 0.0005019747407698748 0.05178748930516627 -0.018000923913699673 0.9074328647422633 0.4166048711613556
993 1783354942.701256 0.25829936182285335 0.1569519654261107 0.0005036945801133461 0.05318311376835447 -0.019047617465644207 0.9166571202756231 0.3956620635425978
994 1783354942.725427 0.2582801488127202 0.1569764259677394 0.0005106220495938313 0.0544303189302712 -0.01980499890044507 0.9231857941548541 0.37996459291672646
995 1783354942.757214 0.25824304275140914 0.15699843405619618 0.0005143722738911172 0.055839063291069885 -0.021001253276949405 0.9315058123306934 0.35880059638427075
996 1783354942.785291 0.2581851424314112 0.15701099841930452 0.0005026318778180456 0.056639546171797894 -0.02154549893286073 0.937388284007532 0.34297369912371023
997 1783354942.817287 0.25819341653324057 0.15699024546515306 0.0005120537381269781 0.056910156093479436 -0.021690631681828 0.9448610509656516 0.32175820890653756
998 1783354942.849242 0.25818502737220095 0.15698454953272034 0.0005297927655610723 0.0568695267102369 -0.02180580213850225 0.9519207825108656 0.3002285591824191
999 1783354942.873359 0.25809888819358234 0.1570274482829516 0.0005425474608415914 0.056448062287687034 -0.02147669839163341 0.9569371557874133 0.28394303577241653
1000 1783354942.909281 0.25805095844997844 0.1570701434060951 0.0005551663907724137 0.05641564597813137 -0.021215338296888764 0.9633096000090504 0.2615373756085772
1001 1783354942.933322 0.2579811975692343 0.15710797811678578 0.0005613392846458912 0.05631060459783252 -0.021357757947525036 0.9677674924008934 0.2445384277314475
1002 1783354942.965263 0.25795992745625174 0.1571036227793568 0.0006035638737107909 0.056405945519338946 -0.02150510503325298 0.9732540690418204 0.2216583336153136
1003 1783354942.997268 0.2579367266871281 0.1571660220524732 0.0006095863184937276 0.05703627927433316 -0.02202541620069387 0.9783120229822426 0.19790737625495028
1004 1783354943.025295 0.25785132866875443 0.1572033831064365 0.0006117359175784173 0.057364416629031606 -0.02207232713635532 0.9817568993703983 0.17993200554158903
1005 1783354943.049549 0.2578347082433562 0.1572156040619979 0.0006181263725237463 0.05706595238045245 -0.02215646658417958 0.9848676121623685 0.16213683906198176
1006 1783354943.081277 0.25777918940319533 0.15722468303175033 0.0006205758293015198 0.05683671070806556 -0.02236665202174659 0.9884666131742642 0.13857516311744117
1007 1783354943.113283 0.2577986932303132 0.15720177236728497 0.0006075954469952488 0.056865046979900885 -0.022421746361222683 0.9914932549390383 0.11491195382760797
1008 1783354943.141311 0.2578464466207822 0.15720313359102722 0.0006231577994384799 0.05630119133959682 -0.02238611955983788 0.9934603648646152 0.0967757249926881
1009 1783354943.173287 0.25778689579557945 0.15719087345983573 0.000626870130495354 0.055893797174630055 -0.02239533285322115 0.9955594372108476 0.07235840990662484
1010 1783354943.197303 0.25767531391061665 0.1571750136099082 0.000628596785364084 0.05578678340582488 -0.022200901011541485 0.9967395896590433 0.0538993988633395
1011 1783354943.229305 0.25757832751422627 0.15720927032728887 0.00059154106953837 0.05572216001937441 -0.022528765617383928 0.9977693767261541 0.0290476585981444
1012 1783354943.257324 0.2575321411085431 0.15714510204381713 0.0006016118543622495 0.05545266771909718 -0.022509148066305718 0.9981481183185443 0.01089375019512262
1013 1783354943.289291 0.25760319845512725 0.15714418919055326 0.0006126096274449693 0.05483668092392768 -0.022505620127046044 0.9981455228340655 -0.013854628622035903
1014 1783354943.313313 0.2575914037577296 0.15713291536441482 0.0005705045121448399 0.05455609519719484 -0.02217435202999285 0.9977388075906948 -0.032391394171651544
1015 1783354943.345328 0.257401917140465 0.15710014927581378 0.0005991000973521498 0.053907836772045636 -0.022282570107429234 0.9966663329682905 -0.057040800586131646
1016 1783354943.373334 0.25727210104812087 0.15711826627324632 0.000613946948244997 0.053478171478560294 -0.022315680327874565 0.9954226869449496 -0.07599848618301994
1017 1783354943.397602 0.2572222582363666 0.15710122882140673 0.0006090361971788655 0.0527910025140883 -0.022161878083139186 0.9938536451204163 -0.0947464685054129
1018 1783354943.429325 0.2571846045308076 0.15715685949077196 0.0006117457530333435 0.051625052404275645 -0.02213167680324779 0.9911805315432454 -0.1200258169552795
1019 1783354943.46134 0.2571166304370914 0.15714593322381193 0.0005924058080342904 0.051231245191303176 -0.022009210204399554 0.9878396331006096 -0.14513377779820913
1020 1783354943.489356 0.2570894261383918 0.1571519824872316 0.0006542266440796377 0.05059767053701475 -0.022159330970418334 0.9849664083983517 -0.16367655334232417
1021 1783354943.513649 0.25706716545132907 0.1571548172774273 0.0006436823203348346 0.049539906754346 -0.021993997677734578 0.9818395465796794 -0.1818052982647423
1022 1783354943.545338 0.2570651006102419 0.15716679126666883 0.0006396624391082698 0.04879542526312236 -0.02163792458508257 0.9770592250345076 -0.20617002077898888
1023 1783354943.581366 0.25697261435408564 0.15711005639121625 0.0006261553764255693 0.04773858048444632 -0.0215148807768355 0.9716945768835008 -0.2303644657790844
1024 1783354943.605365 0.2569629069541465 0.15710585526723997 0.0006276070810513805 0.04665741728611794 -0.021654684451013262 0.9673212635547747 -0.24828156018583103
1025 1783354943.629393 0.2569099706853803 0.15700057890000765 0.0006230654303048711 0.04612217978078181 -0.021604496400450812 0.962692679015311 -0.265760787246493
1026 1783354943.661358 0.2567988059441482 0.15687541285847104 0.0006146548086549473 0.045746295807345794 -0.021054734308494694 0.9563238420352271 -0.28793868051737614
1027 1783354943.685568 0.2568019671737689 0.15685178153580695 0.0006384679693760948 0.04539862272773443 -0.021182151819801986 0.9518718432195508 -0.30237439637727737
1028 1783354943.721396 0.25679425723392607 0.15690893986287013 0.0006365981382288844 0.044221939242277464 -0.021181233691386137 0.9470367697778065 -0.3173596258470526
1029 1783354943.753378 0.25677009065696044 0.15685131489941823 0.0006478831906553358 0.043798794054247026 -0.021471522236275464 0.9431607331808923 -0.32873769293759514
1030 1783354943.7776 0.2567460704297949 0.1568263742877814 0.0006572165986325235 0.04245526259416396 -0.02216098684103729 0.9415616457322284 -0.3334188186445234
1031 1783354943.813401 0.2567730804694909 0.1567754974711632 0.0006301454457056156 0.042792881136457184 -0.022091471720704137 0.9414452778960378 -0.33370874266118167
1032 1783354943.837439 0.2566635235772936 0.15674726209980705 0.0006402439107838962 0.043671967095601394 -0.02132944217097721 0.9415539304096948 -0.33333768211339576
1033 1783354943.869395 0.25665748661335874 0.15669396489495724 0.0006237260830708384 0.04426716155779453 -0.021537670014165178 0.9421424270175609 -0.3315783382421673
1034 1783354943.901366 0.2566766778539761 0.15673760941827272 0.0006138062869526946 0.04371486799063928 -0.021846553040984262 0.9425906354361725 -0.3303553123907966
1035 1783354943.929433 0.25665315221023294 0.15670676181359428 0.0006008318966723015 0.043331008680356664 -0.021809316536950618 0.9429806762625225 -0.32929351890738745
1036 1783354943.961443 0.2566067202510772 0.1567436376148807 0.00059680568915258 0.0432205901661632 -0.021731108067693516 0.943356137961903 -0.3282360987116467
1037 1783354943.993417 0.25660746417739244 0.15676519044437692 0.0006249619073945955 0.043244145916139676 -0.021940762643770206 0.94372001601566 -0.32717132843511165
1038 1783354944.017392 0.2566602333650267 0.15680955174370334 0.000610844233404998 0.04345258080723283 -0.021859406699817563 0.9439417377600324 -0.32650885941195074
1039 1783354944.05345 0.2566555779780082 0.1567987103105984 0.0006348087704056112 0.04507561227358847 -0.021600855283893217 0.9444870241359024 -0.3247242729887514
1040 1783354944.077698 0.2565537761918305 0.15674743314204836 0.0006325707499363624 0.04798735257886533 -0.022017372057001272 0.9456742755694453 -0.3207999592368743
1041 1783354944.10942 0.25640133142189503 0.1567126789296551 0.0006440323853571092 0.04718765513206202 -0.021839911938594914 0.9483507674040688 -0.3129331644517178
1042 1783354944.141434 0.2562938918876171 0.15671781348714048 0.0006523473207335363 0.04640155333547491 -0.021273250902889673 0.9514780026375993 -0.30345338215423245
1043 1783354944.169474 0.2561339918447506 0.1566578825446292 0.0006807805060308164 0.04708238133420495 -0.02149093449827033 0.9536468868902688 -0.29644393100009764
1044 1783354944.193731 0.25601405362845575 0.1565954780920152 0.0007171742429528108 0.047350527664924036 -0.021766648242870612 0.9557686317407221 -0.28946582377647373
1045 1783354944.225442 0.2558532811385728 0.15649091236264093 0.0007042948843518186 0.0480599757690256 -0.021860757799261943 0.9584016295469409 -0.2804971701805407
1046 1783354944.257447 0.25563223495213244 0.15639381234421343 0.0006977981150870951 0.04754295324992344 -0.021494330225859448 0.9608374789651257 -0.27215620584575895
1047 1783354944.285483 0.25542592953222776 0.15641351293987585 0.0007471521598913103 0.0470313572514125 -0.021329304527313853 0.9622141130417354 -0.26735203920444983
1048 1783354944.317488 0.2551676085478032 0.15628172559462622 0.0007827827402149138 0.04716874519008485 -0.021373759227847677 0.963284017688808 -0.26344292201342434
1049 1783354944.341607 0.25497376391979015 0.15617353976868031 0.00079626394075866 0.04678517040924868 -0.021309289939191345 0.9636921832488564 -0.262019918970138
1050 1783354944.373489 0.2548115862718994 0.15602083469913447 0.000816638228850748 0.04557305182093149 -0.020829609968048446 0.9639377624885532 -0.2613679673274194
1051 1783354944.401518 0.25466374510317014 0.15591841890883795 0.0008573903553605483 0.045631333683033515 -0.021016631454133683 0.9636902613965902 -0.2622540041219586
1052 1783354944.433512 0.25433856234696345 0.15568155467037634 0.0008113747396337632 0.04598768238332118 -0.020728216130652233 0.9632091364480297 -0.263976577726306
1053 1783354944.465478 0.2541003869335437 0.1554193907683967 0.0008305397831412493 0.045355940955733476 -0.020601084534800695 0.9628512453194614 -0.26539765131359505
1054 1783354944.489588 0.25377626965393746 0.15520496794930597 0.0008160905870367727 0.04528728309169602 -0.020728154344146987 0.9624740461789788 -0.26676415808635656
1055 1783354944.52551 0.25348112752477314 0.15490833582571156 0.0007871411541312866 0.04626723076648781 -0.020669923390309097 0.9623303719537666 -0.2671186119302899
1056 1783354944.549495 0.2532383683904411 0.15472001264801266 0.000818852033072766 0.04617760944415003 -0.020825227594848228 0.9625248750570603 -0.26642035053283175
1057 1783354944.581494 0.2528969951632539 0.15447811433221498 0.000816087985552741 0.04668683578148741 -0.020792261551964508 0.9631859584179325 -0.2639333831306601
1058 1783354944.609524 0.25252508524201295 0.15427332184656212 0.0007385738457932208 0.04762438174490022 -0.0206885465159779 0.9639020595189218 -0.2611450209398093
1059 1783354944.641537 0.25209427110674665 0.15406822427346417 0.0007803692651656151 0.04735740769308827 -0.02079678013348052 0.9653448847866286 -0.2558007491954646
1060 1783354944.665713 0.2518291553286436 0.15391081783572835 0.000815731297102407 0.04729197940426491 -0.02060680096291667 0.9666451037199629 -0.25087062779911784
1061 1783354944.697504 0.2514605061307035 0.15374013629724317 0.0008364189551171705 0.04784203883568228 -0.02002103977920222 0.9685411386917605 -0.2433893176535744
1062 1783354944.725838 0.25119518897735216 0.153622379038071 0.0008393015172994704 0.047790023920278424 -0.01967141915057069 0.9701632732976591 -0.2368805015755276
1063 1783354944.757548 0.25085341101160974 0.15342661522673143 0.0008351265983903592 0.047630564910995266 -0.019534189588720552 0.9725976895881855 -0.22672335329889381
1064 1783354944.789533 0.2504198516563847 0.1532371311856484 0.0008327645514982747 0.048079528881539935 -0.019198829881430957 0.9751989518356856 -0.21519007452085992
1065 1783354944.813734 0.25015031409040245 0.15311669772203457 0.0008429035869231888 0.048852930140765166 -0.018928348037702658 0.9772305308657645 -0.20561030713716924
1066 1783354944.849558 0.2497982283470157 0.15295969672456977 0.0008525773085432094 0.049410921855766426 -0.019107152975894492 0.9799799120001583 -0.1919188619773499
1067 1783354944.87358 0.24953938609920126 0.15284505476879162 0.0008644978205764459 0.04942025195811495 -0.019071431091698288 0.9820801898948784 -0.1808657508445165
1068 1783354944.905553 0.24919116747417708 0.1527014121854116 0.000880741611543721 0.04973153547478282 -0.019139439898525068 0.9848247996622536 -0.1651683086729817
1069 1783354944.937517 0.24886360637935334 0.152574062170724 0.0009125002696220037 0.04987658904282885 -0.019649518920986098 0.9876008885743063 -0.14754899917948391
1070 1783354944.965574 0.2486586766757531 0.1524962001263708 0.0009151805970461068 0.05054504033884047 -0.020006052860206514 0.9895527168388262 -0.1335304360174027
1071 1783354944.997588 0.24821050294962502 0.15239828348181184 0.0009422872891582633 0.051954883565118626 -0.02054765346598253 0.9918173860005248 -0.1147900554833155
1072 1783354945.021818 0.24786533064504462 0.15233685063835417 0.0009263373249333035 0.05326258340130219 -0.019888172985384978 0.9933085305930747 -0.10052721440361045
1073 1783354945.053536 0.24738039795278102 0.15226408842699943 0.0009254161833684967 0.05482975126664352 -0.019828332442373087 0.9950060433455215 -0.08101548811482479
1074 1783354945.081591 0.24707912468851642 0.15222241070728057 0.0009432397008330949 0.05531780077644158 -0.019839575939340715 0.996062786444546 -0.06637211465767737
1075 1783354945.113596 0.24665969973945698 0.15219282305118245 0.0009577118040687057 0.05569420165562175 -0.019421423414565764 0.997136281260232 -0.047330759649629045
1076 1783354945.145567 0.24624381160581174 0.1521780762435212 0.0009782892471428464 0.055657066315421 -0.019174147907251082 0.9978505609000046 -0.02879064314561386
1077 1783354945.169596 0.24592875032114705 0.15215381346065754 0.0009899955927184642 0.055421230615327055 -0.018815257224588766 0.9981749827713835 -0.014872022794616135
1078 1783354945.197877 0.24560278824433324 0.1521516971570418 0.0009942569481920854 0.05537450295559054 -0.018160989710580167 0.9982995918338213 -0.0013295937647689327
1079 1783354945.229609 0.2451688461928009 0.1521528395195281 0.0010142061645878105 0.05504768780847674 -0.017766289492385234 0.9981892004238361 0.01650548944551755
1080 1783354945.261581 0.24475938135834116 0.15217678270495477 0.0010284551189491198 0.05503475521813217 -0.01768257205207091 0.9977475109140009 0.03403537613453639
1081 1783354945.285942 0.24448971265001754 0.15221492593241517 0.0010473968100646758 0.05551627113766358 -0.017721739486526222 0.9972131495460886 0.04658130484337594
1082 1783354945.313712 0.24421302765111097 0.1522333427529834 0.0010665907534690702 0.05546455869958222 -0.018014891256914134 0.9965392224318529 0.059234488063798996
1083 1783354945.345595 0.24380839593392215 0.1522926704146998 0.001084486818439737 0.05541562665417765 -0.017959263910261924 0.9955082775959321 0.07463137678153275
1084 1783354945.377604 0.2434527425989875 0.1523526971045344 0.0011199564766341766 0.05513210952717315 -0.018380608287164035 0.9943103651314289 0.08927206466908946
1085 1783354945.413627 0.2430728329378154 0.1524305035411927 0.001135016333873082 0.05494946718995414 -0.018261279875522063 0.9930325318176095 0.10263270660348417
1086 1783354945.437645 0.24280690546073677 0.15248358501324463 0.0011569535295803297 0.05488804205192446 -0.01818688206575364 0.9920691913825972 0.11160313467780517
1087 1783354945.461619 0.2425294749316773 0.15254673757025236 0.0011727860672427048 0.05523948412091284 -0.018214338904327332 0.9910632289205527 0.12004379839834389
1088 1783354945.493624 0.2421383290548374 0.1526459023566345 0.0011986232798158487 0.056055267038877116 -0.018337200481713167 0.9897053437859437 0.1304027860026041
1089 1783354945.529646 0.24178651113794292 0.1527462016624716 0.0012203392438364406 0.05579031039241758 -0.018524315767000754 0.9884384770732095 0.13976289934341082
1090 1783354945.553663 0.24151678459885617 0.15281954447790358 0.0012392931301151424 0.0562745535028496 -0.01857258974319309 0.9874959103479827 0.14608237602221158
1091 1783354945.585631 0.24116855246272173 0.15292187219020106 0.0012624859985934135 0.05621068394688414 -0.01864057690941645 0.9863622391940108 0.15356568951066116
1092 1783354945.609795 0.24089223978793073 0.15301253312261193 0.0012822766535377098 0.05575419198006415 -0.018506107411581763 0.9856805083808255 0.158059892013245
1093 1783354945.64568 0.24055616113544614 0.15311597585759362 0.00129840886094166 0.055691313975914425 -0.018379701448746844 0.9849127903350368 0.1628111161952499
1094 1783354945.669758 0.24025587390347686 0.1532146797162375 0.0013079932690148802 0.05619174851134412 -0.018423356817535375 0.9843209356938065 0.16617870765438297
1095 1783354945.701649 0.23990677579123482 0.15334397639026262 0.001339899462096823 0.05550968163806516 -0.018061616235763522 0.9836892301229098 0.17014097626259703
1096 1783354945.733632 0.23955399479686917 0.15347485811700506 0.0013634842883532283 0.05553470381406994 -0.017903016913859426 0.9831341362553738 0.17332815347503616
1097 1783354945.761699 0.23928932062030872 0.15357158130850906 0.0013804955358081216 0.05571424615063214 -0.01810257377941671 0.9827206487457079 0.17558002770031256
1098 1783354945.793703 0.23893981177021972 0.15368883478815992 0.0013984517848284316 0.05562860953906815 -0.01819728312889357 0.9822608149610151 0.17815164349396048
1099 1783354945.817713 0.23866230427839843 0.15379214253419193 0.0014163366321408907 0.05579516530633455 -0.018272245059171577 0.9820179651715667 0.17942614265828744
1100 1783354945.849645 0.238317526076177 0.15392839672512335 0.0014479050878429675 0.055885426202008925 -0.018364581853128947 0.9818295586779543 0.18041695867582236
1101 1783354945.877728 0.23803432296170235 0.15403099464449307 0.0014617886565528324 0.05586846520725888 -0.018228098749331456 0.9817275538200265 0.18099022371917559
1102 1783354945.909716 0.23767423138387062 0.15416736176636175 0.0014842488943285987 0.05593271750155315 -0.017947815994011407 0.9816461808627914 0.18143919811174292
1103 1783354945.933702 0.23740605132687964 0.15426883640705497 0.0015036180655699314 0.05640372263754878 -0.01779334453141923 0.9816253300200405 0.18142141115662042
1104 1783354945.965678 0.2370581381414197 0.15440491006115703 0.0015278355436627407 0.05689241069785536 -0.01796560408636727 0.98166779941163 0.18102160719960084
1105 1783354945.994016 0.23680867068973685 0.15449959237190153 0.0015431992164288743 0.05746990565985566 -0.01830605760392623 0.9817138054436365 0.18055498442253842
1106 1783354946.025741 0.23644999942270611 0.15462894673398467 0.0015723728363639172 0.05768166304932698 -0.018466538705857682 0.9818148538261667 0.1799205533072633
1107 1783354946.057697 0.23605333143479065 0.15477433081556644 0.0015974921238111946 0.057888016931471636 -0.018835995125559668 0.9819966074244866 0.17882070850483386
1108 1783354946.081824 0.23578112283789093 0.1548725350730513 0.0016227411749246273 0.057809484962002944 -0.018965642128990712 0.9821929278874677 0.17775100639632552
1109 1783354946.117734 0.23540704945061183 0.15500844794276775 0.0016484540217364457 0.05816418005264243 -0.01934044122452616 0.9825153873090537 0.17580213079762277
1110 1783354946.141892 0.2351110115546113 0.1551194378238895 0.0016761242199398374 0.058082041983862825 -0.019435214120602007 0.9828326343936629 0.17403666746373905
1111 1783354946.17372 0.23473972398252063 0.15524956248950772 0.001698831481569585 0.05810678400704064 -0.019499474900488645 0.9833094109787157 0.17130666773846162
1112 1783354946.209739 0.2343721331972251 0.15537736671481875 0.0017201324127669526 0.057916284769887194 -0.019586898695055532 0.9838502386174497 0.16822831310558328
1113 1783354946.233755 0.23409868993642136 0.1554766913308385 0.001744869094000897 0.05799832846142619 -0.01975610868609856 0.9842555874302387 0.16579152173021186
1114 1783354946.265729 0.23370716154112908 0.15559731888293454 0.0017582497537022394 0.05825439352232806 -0.019981676894014866 0.9847679768408433 0.16260132229671878
1115 1783354946.289968 0.23344168291898787 0.1556819335676491 0.0017776176928788181 0.05819744969984689 -0.020034078282289314 0.985194256995164 0.1600124012055312
1116 1783354946.32576 0.2330469597525293 0.15579975283272957 0.0017984991282661749 0.05811577213783101 -0.019957479759560304 0.9857579789645392 0.15654220816833211
1117 1783354946.349793 0.23275364346241 0.15588673905274988 0.0018177701407069372 0.05818871659799116 -0.019901599058807895 0.9862079822076117 0.15366136614508027
1118 1783354946.381751 0.2324059847083051 0.15601169627668615 0.001854026285961965 0.05848690120978611 -0.020220736992167365 0.986815759001799 0.14954953014995925
1119 1783354946.413727 0.23204757001880005 0.15610497722228234 0.0018766526831712031 0.05827289112691056 -0.02010877361590202 0.9874268875212102 0.1455611527281608
1120 1783354946.441776 0.2318002425482525 0.1561736372085996 0.001893364817459579 0.05833427979258124 -0.020091558134836318 0.9879112812733523 0.14221371743133257
1121 1783354946.466059 0.23150275207088328 0.1562517972719119 0.0019079506683477151 0.05877930300720924 -0.020195486314807387 0.9883356694816702 0.1390314363757838
1122 1783354946.49778 0.2311312942614024 0.15635173737717267 0.0019390561852940707 0.05921574002848731 -0.020637170524110127 0.9888234133068656 0.13526219213733318
1123 1783354946.529742 0.23071392739426977 0.1564650229274914 0.001961913818802833 0.059286106998275634 -0.020809423852993114 0.9892918227738042 0.1317338786674841
1124 1783354946.557813 0.23043446269471182 0.15652805366638253 0.0019732048013776067 0.05913133583494423 -0.02076129049617209 0.9896399466983554 0.12917131971991802
1125 1783354946.589821 0.23007461207662483 0.15662332004684218 0.002003127506020311 0.05845390024636496 -0.020711588606905862 0.9902017032077328 0.12511897780861012
1126 1783354946.614008 0.22979124177397725 0.15669114804542775 0.0020230861791382497 0.05833171950176533 -0.02087432641425635 0.9906744131895764 0.121350237116403
1127 1783354946.645761 0.22941179547889998 0.1567771576810777 0.0020464269561794868 0.058319739856369956 -0.02094974584485998 0.991241586068839 0.11661918427022888
1128 1783354946.67386 0.22912986097240015 0.15683981083893073 0.002063309620852407 0.05778566884482403 -0.020873426649219484 0.9916683467315848 0.11322105204740704
1129 1783354946.705824 0.22874496420936025 0.15692049256256366 0.0020882338737764246 0.05732484573049737 -0.02074849950151969 0.9921745901631016 0.10896304173935059
1130 1783354946.729812 0.2284587607575224 0.1569786674263687 0.002103008447295493 0.05709669246705468 -0.020938473012021896 0.9925284719657232 0.10577703150795187
1131 1783354946.761781 0.22809198758646662 0.15705130162194836 0.0021257268671421668 0.05496233548624069 -0.020872652602951014 0.9931565006317455 0.1009140193636151
1132 1783354946.789831 0.22782049233794754 0.15710214874697936 0.0021401509686943803 0.05165458232348996 -0.020733060247359714 0.9937630167352676 0.09662820968529628
1133 1783354946.813843 0.22757874144836066 0.15715069357082484 0.0021599227339687086 0.04549449998138616 -0.020366246903908647 0.9944522161381416 0.09262967276435619
1134 1783354946.845814 0.22732182631945502 0.15720384421412487 0.002195368282716715 0.038132610415208046 -0.01853299446505463 0.9951041688676988 0.08927555791596331
1135 1783354946.869801 0.2271692873863221 0.1572288121166629 0.0021932483903356597 0.04092726311005254 -0.019413630862877174 0.9951406037092039 0.08742567655055208
1136 1783354946.898048 0.22701269446889272 0.15726089427713597 0.0021930281271855187 0.04487668557408306 -0.019688371529796966 0.995105458326441 0.08581129253957873
1137 1783354946.929849 0.22689329072952918 0.1572701870096255 0.0021943876142500613 0.04088756999720075 -0.01921071633433069 0.995379202385954 0.08473133101249022
1138 1783354946.954052 0.22684971135984733 0.15728823304661596 0.0021919543997737604 0.042467910723943736 -0.019105437392411884 0.9952509986390031 0.0854804569995663
1139 1783354946.985809 0.22681402970720882 0.15728311674741724 0.0021908895550563443 0.04944820308165432 -0.020527307992479038 0.9948536720158225 0.08602137010773281
1140 1783354947.013882 0.22680572784328507 0.1572846131596275 0.0021962835351780063 0.0540476793352383 -0.020796584945743712 0.9945124873695523 0.08712785363530945
1141 1783354947.04587 0.22681107784799212 0.1572834173857144 0.002202369762517882 0.054481876744213176 -0.020648167795226102 0.9944219348446042 0.08792265790478854
1142 1783354947.069841 0.22682146570014683 0.15728279238664894 0.0021994211983311814 0.0538471600092546 -0.02087023714234093 0.994475965129156 0.08764970816262763
1143 1783354947.093858 0.22684185160651066 0.15728277850782058 0.0022020513895161823 0.053908640658193924 -0.020749946914904616 0.9944304137603148 0.08815582994846902
1144 1783354947.129869 0.22686031706609083 0.15727703472354754 0.0021961387304198715 0.055280603870615064 -0.02083663923555734 0.994321160187191 0.08851734126749539
1145 1783354947.153889 0.22687425270974731 0.15727526095180092 0.0021985992335420267 0.056458089997631106 -0.02101048620656243 0.9942217351711097 0.08884922541323056
1146 1783354947.185871 0.22688833892289903 0.15726989715759798 0.0021986808965550105 0.057373188532063496 -0.02133786641305979 0.9941680027991778 0.08878623150520801
1147 1783354947.209862 0.2268863524604288 0.15727005575990355 0.00219926697625972 0.056850493647546824 -0.021305021568709503 0.9942453570358346 0.08826260499596131
1148 1783354947.245881 0.22687890714836428 0.15727423854775696 0.002197456363448142 0.056395122491955385 -0.02098963180810548 0.9943246315417231 0.08773569755290139
1149 1783354947.269906 0.22688031182962215 0.15727616984357962 0.002197418741294428 0.056390267566863855 -0.02088652338678265 0.994353485959404 0.08743589551741518
1150 1783354947.293886 0.22688472448813166 0.15727234237195636 0.00219824796442697 0.0566484418695857 -0.02113209434672647 0.994339619743999 0.08736766695768469
1151 1783354947.325855 0.2268744385964564 0.15727460187535497 0.002197905818576429 0.056774761998249046 -0.0210605099369795 0.9943235614382385 0.08748563590678032
1152 1783354947.353905 0.22688638075853534 0.1572737563586858 0.0021993878590004182 0.0565685347104011 -0.02097797753034014 0.9943597481730854 0.08722738418990386
1153 1783354947.377923 0.2268843948750996 0.15727278747095377 0.0021971369919367226 0.05630119130314187 -0.021026037362707972 0.9944751508431726 0.0860654167835036
1154 1783354947.409889 0.22684796212921204 0.15727351147966467 0.0022044788087016987 0.059036332927109775 -0.02231321917681517 0.9945051426364373 0.08352456473497158
1155 1783354947.441868 0.22677783546633093 0.15727460265319018 0.0022074421941730774 0.05822719377688565 -0.02188603472970624 0.9943602821530524 0.08589659286130699
1156 1783354947.469908 0.22670459805548282 0.1573010633488235 0.00221213345060944 0.057735633115088225 -0.021494564888590195 0.9940936440303654 0.08934431849580393
1157 1783354947.493937 0.22661656670670977 0.1573219981887502 0.002215492840148702 0.057635390211670384 -0.021202549785554137 0.9938544821203281 0.09209713376144738
1158 1783354947.517909 0.22651506127073537 0.15733408011209046 0.00222518530129603 0.057878588608681086 -0.021742301043747525 0.9937421406974037 0.09302633566970023
1159 1783354947.549916 0.2263581729312876 0.15736243458891264 0.002234118453040529 0.05777036748201822 -0.021796347446602637 0.9938755099111433 0.09164592013747577
1160 1783354947.573952 0.22624001166696128 0.15738235927710542 0.002240891157305861 0.05725021731848659 -0.021480181143682053 0.9941335775594558 0.08921571836766531
1161 1783354947.601958 0.22613285692856905 0.1574054941269848 0.0022495360480949012 0.05708967217893701 -0.021256161931463846 0.9944274524075601 0.0860406113916839
1162 1783354947.633922 0.22598073665833393 0.15742905513786593 0.0022624253042669547 0.05697489152171395 -0.021518462949445927 0.9947919613861685 0.08172986632707938
1163 1783354947.665928 0.22581249004868065 0.1574491414013935 0.002266569434497338 0.05705312829022294 -0.02158922050102985 0.9950475794597354 0.07848032060191126
1164 1783354947.689963 0.22570959850965303 0.15746895455778503 0.0022784575408059705 0.05739094439806264 -0.021708859895403942 0.9951700400957392 0.07662634141720093
1165 1783354947.717977 0.22559233564595613 0.1574879169380974 0.002282879353157314 0.05698837473746579 -0.02149430291663662 0.9952571410303579 0.0758521147693905
1166 1783354947.749929 0.22543816105260267 0.15750658255456917 0.0022905525536052965 0.056975975174509585 -0.021590170982869583 0.9952692660848654 0.07567490176232539
1167 1783354947.773954 0.22532591759397522 0.15752235377792204 0.0022966183521827485 0.05746544629752448 -0.02166629247273949 0.9952445273224249 0.07560836651505531
1168 1783354947.805963 0.22517674903931978 0.15754462833276442 0.0023058752910725677 0.056979662389671615 -0.021444536084739396 0.995242578034441 0.0760635314288593
1169 1783354947.833985 0.22506621999281662 0.1575619070945028 0.002314745621623029 0.05710336095113905 -0.021333430828908817 0.9952275730956759 0.07619821944929761
1170 1783354947.858055 0.22495924105998313 0.15757631039443065 0.0023234424639580423 0.05720689149920616 -0.02142067170091233 0.9952141219317706 0.07627173720621877
1171 1783354947.889967 0.22480604375539423 0.15760318102601228 0.002331946665006055 0.05709136683017352 -0.021319755392645856 0.9952165687157155 0.07635460180747339
1172 1783354947.913946 0.224707882263062 0.15761699988264932 0.002341676498039345 0.05696730857987903 -0.021207939935896036 0.9952072907960068 0.07659893852601746
1173 1783354947.941997 0.22458015624406938 0.15763417759241105 0.002348514829355286 0.056819257197998824 -0.021302603614630877 0.9952084145834668 0.07666800266713744
1174 1783354947.974001 0.22444768061225118 0.15765596082645422 0.002357618030452476 0.056637892965156894 -0.021070119873273785 0.995245317804568 0.0763868870754503
1175 1783354947.997999 0.22432796397773563 0.15766574668540914 0.0023626035621278213 0.056622269479724735 -0.020945910763857267 0.9952584002049039 0.07626207604578863
1176 1783354948.029951 0.22418939567811977 0.15769109648877666 0.00236865754268698 0.05644769154595816 -0.020918547243985897 0.9952988220017602 0.07587046475567541
1177 1783354948.058012 0.2240538799558631 0.157716858469253 0.002381690836696047 0.056211475079024964 -0.02079611873881393 0.99532421882221 0.0757462272380513
1178 1783354948.082031 0.22395839753850852 0.1577296158628485 0.002389551659140874 0.05577019545966386 -0.02070068929758273 0.9953286234434029 0.07604010859577057
1179 1783354948.114013 0.2237983922177351 0.15774655716135805 0.0023978566803124256 0.05574878852509879 -0.020597921634471272 0.9952955653685899 0.07651493814898613
1180 1783354948.146015 0.22363965252552997 0.15777327859651624 0.002402860418160485 0.05590728539709844 -0.0205558627875691 0.9952840036612469 0.07656098223393792
1181 1783354948.174049 0.22352407032670563 0.15778844771097011 0.0024080923649504463 0.055757221482599484 -0.020508448832951665 0.9952848721887575 0.07667176123720787
1182 1783354948.198155 0.22340073044376982 0.15781255647267847 0.002414285163622662 0.05582629512619941 -0.020447666215424043 0.9952756185825578 0.07675780594787968
1183 1783354948.230046 0.22324964522834628 0.15783343200559533 0.0024226775655406922 0.05559954501975964 -0.020469122880725332 0.995256082090099 0.07716888404503244
1184 1783354948.262043 0.2230987496360769 0.15785616794456026 0.0024328584995028345 0.055196913434893996 -0.020373361148161795 0.9952371870831767 0.07772495319749881
1185 1783354948.290189 0.22299044999739423 0.15787083111194072 0.0024392571078044644 0.055196622637572496 -0.02045498773727661 0.9952292396308184 0.07780544267553671
1186 1783354948.322038 0.22283711727828073 0.15789289803564435 0.002452007867795803 0.05573806698698053 -0.02072195245955899 0.9952064189306737 0.0776405325458509
1187 1783354948.354026 0.2226834254800169 0.15791542983660609 0.002456784984214053 0.05531139508334096 -0.020732228344393255 0.9952236520226009 0.07772198361215191
1188 1783354948.38206 0.22256311712563978 0.15793555590765568 0.0024630951811044736 0.055370572038446614 -0.020647754114371142 0.9952162920862723 0.07779654213536372
1189 1783354948.406211 0.22245428197549727 0.15795374530207087 0.002470777971783007 0.05516693840646475 -0.02062923599778721 0.9952049583993648 0.07809055196580272
1190 1783354948.438057 0.22229674496944574 0.15797376168950844 0.00247782786560519 0.05463821382454881 -0.020601983068942897 0.9951576238303025 0.07906660240655466
1191 1783354948.470044 0.22214246301659196 0.15799834389379414 0.0024901287464188333 0.05494363880545916 -0.020696225560693948 0.9951091507155965 0.07943954282623117
1192 1783354948.498075 0.222022077172701 0.1580188625984096 0.0024927386246684433 0.05509740184359313 -0.02074168752617661 0.9950915970026464 0.07954101007263659
1193 1783354948.522082 0.22190616329656576 0.15803474138533594 0.0024996537418904476 0.05505771856910699 -0.020796163292673087 0.9950885958619081 0.07959179357097992
1194 1783354948.554045 0.2217567438531915 0.15805832585957916 0.0025110954196784323 0.05510598673349951 -0.020922271533565406 0.9950886289072264 0.07952489798509274
1195 1783354948.578222 0.22164379622896546 0.15807266848886695 0.0025188921891719403 0.05508457294667976 -0.02107350215359627 0.9950684875322581 0.07975150437784148
1196 1783354948.614083 0.22148877697319122 0.15809280097814715 0.002523175496906338 0.0553564580751843 -0.02115678131239196 0.9950390249570297 0.07990864763236721
1197 1783354948.638111 0.22138606544096778 0.15810786662525453 0.0025301215008445366 0.05519990630299526 -0.021193512068036213 0.9950358662392225 0.08004642582853094
1198 1783354948.662162 0.2212658727552486 0.15812956027718764 0.0025356691599292547 0.055239794958444666 -0.021148757195471102 0.9950151696442753 0.08028765347056821
1199 1783354948.694083 0.22110857175882007 0.15815437060501858 0.002543446172660054 0.05535731826595519 -0.021225408711474048 0.9949781909370394 0.08064396381062244
1200 1783354948.730093 0.22096149995143277 0.15817036906073856 0.0025516415447729025 0.055090397779297 -0.021318867307854816 0.9949867548924414 0.0806964160160655
1201 1783354948.754116 0.2208445321494612 0.15819140182318944 0.002559500859250689 0.05518295787523364 -0.021267122712638697 0.9950096004439639 0.08036445530213665
1202 1783354948.778099 0.22072668248503402 0.15820874855584025 0.0025648782038630146 0.055713166627073235 -0.021339057801090022 0.9950170952062226 0.0798853423596382
1203 1783354948.810084 0.22057939069864899 0.1582299275815697 0.002575165201255541 0.05537216141695908 -0.02144524030004824 0.9950370747203281 0.07984513348037928
1204 1783354948.834102 0.22045731531355398 0.15825214005570154 0.0025820839772710113 0.0556385311748438 -0.021383540066179707 0.9950100950117797 0.08001255456235157
1205 1783354948.862143 0.2203421649675032 0.15827048403827995 0.0025880744355894977 0.05569128902118298 -0.02141630629142277 0.9950020495748957 0.08006711868019156
1206 1783354948.894105 0.2201922679269105 0.15829384625174933 0.002598704809576212 0.05524880375657648 -0.021321106301043335 0.9950372378542326 0.07996171204386637
1207 1783354948.918121 0.22007000172860508 0.15830881718162323 0.002604906851151523 0.05569765531228521 -0.021288082192731927 0.9950273853159319 0.07978152179928283
1208 1783354948.954172 0.2199081574473637 0.15833545836060794 0.0026123058146172206 0.05575301517266909 -0.0213022555453789 0.9950279547909348 0.07973195339639458
1209 1783354948.978146 0.21979206208234553 0.15835600929024535 0.002619497016987179 0.0555272943666395 -0.02117253528271862 0.9950341264699158 0.07984691910320896
1210 1783354949.00217 0.2196773688159398 0.1583729275052295 0.0026251493467730896 0.055619816448656934 -0.021061846113866467 0.9949989415968212 0.08024924222507585
1211 1783354949.034134 0.2195198866978695 0.15839732310521712 0.0026331571224477036 0.05538911582490971 -0.021081005866496028 0.9949916571289181 0.08049372201383767
1212 1783354949.058117 0.2193973297119487 0.1584165412670065 0.002640112206293831 0.05536541023696437 -0.021003423881358785 0.9949972190405092 0.08046155377697858
1213 1783354949.086162 0.21928051617714023 0.15843462909417938 0.0026487085989394168 0.055144902943866786 -0.02080243817031535 0.9950181070720592 0.08040687062818494
1214 1783354949.118134 0.21911672673069185 0.15846518123450506 0.002657492387228894 0.054639335912110676 -0.020256068436924124 0.9950786507925382 0.08014183301786904
1215 1783354949.142156 0.21899678410842147 0.158486626648022 0.0026635159298054184 0.05407794274040775 -0.01976528816537143 0.9951397270138231 0.07988637688341413
1216 1783354949.174121 0.21883654744346534 0.1585160570415703 0.0026728726328529885 0.05352370483017149 -0.019351312420973876 0.9952009100571639 0.07959829363894161
1217 1783354949.20217 0.21871407778042096 0.15853264092654185 0.002678515916804277 0.05341125651602188 -0.019343029495264563 0.9952284640881319 0.07933088399925334
1218 1783354949.226207 0.21859318642368308 0.15854923161236675 0.002684290989588155 0.05319831598373151 -0.01937651277783825 0.995243542233911 0.07927661427409158
1219 1783354949.25816 0.21844205108780557 0.1585760912602947 0.002693164410242588 0.05292748356254162 -0.019314512637939707 0.9952244821076499 0.07971111151436633
1220 1783354949.282153 0.21831866229309446 0.15859391594593655 0.0026990752143594646 0.05308499932763103 -0.019133263994140892 0.9951971211873201 0.07999119348894937
1221 1783354949.310195 0.21821054580303126 0.15861227123385777 0.0027059774663103792 0.053429206805439056 -0.019176922312807432 0.9951692067895205 0.08009878506361356
1222 1783354949.342205 0.2180619684588153 0.15863237235063224 0.0027149734742258364 0.05392785106911377 -0.019298082988848775 0.9951351138882989 0.08015906672701376
1223 1783354949.366201 0.21794736975005372 0.1586508251439499 0.002721199621269413 0.05382188848487185 -0.01935640036650521 0.9951434589831616 0.08011260904378503
1224 1783354949.398154 0.21785653447547323 0.1586503326787927 0.002715992690356114 0.046858422360574026 -0.018005700323663165 0.9961265692087737 0.07219377484306344
1225 1783354949.426197 0.2177825272528012 0.15866925932263407 0.002723955727712753 0.04291196340236908 -0.018795768335437557 0.9968396194048792 0.06415649362589831
1226 1783354949.450221 0.2176904364060852 0.15867189337670154 0.002725496203637691 0.03995107596086811 -0.018357553490667478 0.9973839049586304 0.0573782004674257
1227 1783354949.482176 0.21764472385457934 0.15867395793403086 0.0027308567219622845 0.04002786537939362 -0.018813461510577334 0.9979021466825653 0.04727715416019973
1228 1783354949.50617 0.21762154300945286 0.15867591586452762 0.0027326216375399516 0.041582900886507346 -0.018933445887447442 0.9981293895310881 0.04062153043630495
1229 1783354949.534222 0.21758835427367693 0.15866609925927772 0.0027321313095513278 0.043017043072272304 -0.02010910733764243 0.9982743171028414 0.03454772959627109
1230 1783354949.558534 0.21757772063453618 0.15866531030964917 0.0027361548113780127 0.04434757061388933 -0.02018915527868259 0.9983646302367024 0.02989575357992469
1231 1783354949.590268 0.21754280535979345 0.158670953989492 0.0027348514997764632 0.0449990097168228 -0.019906857064076744 0.9984688373226733 0.025274237116965192
1232 1783354949.614194 0.2175407838686687 0.15867375389240898 0.00273614007359329 0.04428919796592884 -0.019585302850417874 0.9984892568415376 0.025963182159089937
1233 1783354949.642244 0.21753965024787583 0.15866721592750377 0.002735129110892933 0.04431060287551483 -0.01985303457057802 0.9984954794283134 0.02547950259268253
1234 1783354949.674232 0.21753547524135577 0.15866617115335618 0.0027347171414709914 0.04463769956276925 -0.019974317360748062 0.9984768542507683 0.02554356962536808
1235 1783354949.69823 0.217539441093667 0.15866858853845464 0.0027384577887279715 0.044810992281751366 -0.020097281151853053 0.9984686594653759 0.025463902419766066
1236 1783354949.7302 0.2175355953160627 0.15867120685924865 0.0027355830974880938 0.04490962044191049 -0.020062473415671467 0.9984676750531206 0.02535596628458664
1237 1783354949.758249 0.21753115176287474 0.15867234382756548 0.0027374502616504554 0.04477163707440357 -0.020067090145430733 0.9984702399318077 0.025494948073914003
1238 1783354949.782257 0.21753750676994846 0.15867119400731003 0.002736401824700285 0.044558159987028195 -0.020187884725345717 0.9984755481963471 0.02556558903861003
1239 1783354949.806256 0.21754096689773628 0.1586699079006308 0.002735706177431291 0.04441338246455018 -0.020038857849174863 0.9984771765459346 0.025869355442628583
1240 1783354949.838232 0.21754049156328456 0.15867120237583746 0.002735400352311109 0.04420679209933692 -0.0200376678649834 0.998479132623828 0.0261471435072147
1241 1783354949.862247 0.2175409997258967 0.15866939629488935 0.0027363955033230507 0.04400169559894743 -0.020137525455015792 0.998484128863351 0.026225469699534848
1242 1783354949.890283 0.21753973748833833 0.158672013606582 0.0027364687780991976 0.043856515224962395 -0.020092675056741394 0.998491866667149 0.0262084467479394
1243 1783354949.922274 0.21754102522817817 0.1586724549590557 0.002735210796561016 0.04371888565739068 -0.020004420994915284 0.9984978392383572 0.02627826504672609
1244 1783354949.946274 0.21753617033327455 0.15867095942060885 0.002735562581996194 0.04354374358918156 -0.02008324704620007 0.9985044634464488 0.02625722871592817
1245 1783354949.978238 0.21753598680263314 0.1586725625940447 0.0027348631229731435 0.04342446517296886 -0.019948852460688782 0.9985100491155459 0.026344656483121426
1246 1783354950.006275 0.21753912751605073 0.1586714752760202 0.0027348630694646846 0.04298003445712212 -0.019865477797905484 0.9985012919445488 0.027445389685566646
1247 1783354950.030311 0.2175497147720987 0.1586718738291998 0.002734543035486055 0.042101684697293834 -0.01999743731439041 0.998472920845347 0.029654291174603414
1248 1783354950.062266 0.21756263045916344 0.15867437306123325 0.0027343806187926237 0.041533005832798564 -0.01969464724702452 0.998426876882547 0.03210765975388946
1249 1783354950.086256 0.21757587041226087 0.15867395906982662 0.0027333091523417084 0.04170742104136016 -0.019751492644022095 0.9983679341382636 0.03364279496278061
1250 1783354950.114303 0.217591067049784 0.15867576396407293 0.002731550960432101 0.04185715777580387 -0.01985985332450113 0.9983042814498582 0.03524381091402409
1251 1783354950.138662 0.21760456752374585 0.15867502527608127 0.0027327155646340827 0.04192532224898543 -0.019774965671482736 0.9982275992498943 0.037321283241639636
1252 1783354950.170282 0.21762503885221043 0.1586759571803181 0.002731674163861767 0.042114617991988346 -0.019758784899691295 0.99810865519181 0.04018783151494165
1253 1783354950.194412 0.21764432320385654 0.15867228112381387 0.002732669953383415 0.0420961437418777 -0.019729070203481913 0.9980154230461317 0.042472271342839873
1254 1783354950.222573 0.21766075005254124 0.15867336169506652 0.0027317332880720377 0.04205149041718273 -0.019797671202737344 0.9979178333292981 0.0447182545723889
1255 1783354950.254348 0.21768450804677494 0.1586738624215146 0.002729722706426705 0.04214781689507624 -0.019704482053177597 0.9977677402832283 0.04790439821243736
1256 1783354950.278308 0.21770129631673993 0.1586719942760585 0.002728464839460816 0.042178318535366216 -0.019656133894157768 0.9976466504262461 0.05035659578600968
1257 1783354950.310279 0.21772267624358013 0.15867405692926534 0.0027286897814232563 0.0421846377150909 -0.01956680350947748 0.9974788708749373 0.053605024944764934
1258 1783354950.338335 0.21773488313849604 0.15867111035173107 0.0027282563212960333 0.04227826312398841 -0.019614845347505183 0.9973275210056669 0.05626386188223609
1259 1783354950.362356 0.2177522361041793 0.15867449119634328 0.0027293495742085174 0.04238789881404961 -0.019576112138308233 0.9971859825866742 0.05865286012060453
1260 1783354950.394345 0.21778459616644064 0.15867154156610885 0.002725317737610187 0.04259439936938503 -0.019389349977790515 0.9969772892248226 0.06201657052534054
1261 1783354950.418312 0.21779693822605575 0.15867148000540057 0.0027251283257750296 0.0428047652489594 -0.01934914696209783 0.9968008084757274 0.06466460241861086
1262 1783354950.446364 0.21781804444538486 0.15866654860933527 0.002721614641756895 0.043120260281626244 -0.019317716004062235 0.9966233161522344 0.06715232463105308
1263 1783354950.470567 0.21782891839142393 0.1586683519707185 0.002719464626506924 0.04343995108062951 -0.019366518992066317 0.9964512260167312 0.06944683406747934
1264 1783354950.502335 0.2178571312391364 0.15866314297585263 0.002718590166779892 0.04365586698950502 -0.01942635943875537 0.9961746982641335 0.07316250661857682
1265 1783354950.526454 0.2178918726719504 0.1586644393337916 0.0027187487370975713 0.04191217345196621 -0.019202505441822337 0.9959896425414267 0.07667636827269717
1266 1783354950.554675 0.21794192783444039 0.1586586311964749 0.002716901721860247 0.039488787933569275 -0.01783186343801657 0.9957021393985357 0.08185297716665249
1267 1783354950.586375 0.21803604010595182 0.15864714427416382 0.0027107424058388056 0.040667828780825505 -0.018077795515734296 0.9949409787666408 0.09006536394432516
1268 1783354950.610602 0.21812562827182352 0.1586339537560664 0.0027023115826484267 0.039863821639098906 -0.017753972791859862 0.9945176236250042 0.09502825092416789
1269 1783354950.642353 0.2182889896563482 0.158608803944488 0.0027005609031728103 0.040158491521183476 -0.017787938779383117 0.9939760316656796 0.10041181836254107
1270 1783354950.670381 0.21842510829194178 0.15858627409868284 0.002689430903971935 0.03991466687819653 -0.017737787441873043 0.9937609300613844 0.10262262980552447
1271 1783354950.694399 0.21856947418540754 0.1585555941748877 0.002682757580371807 0.040114576155410475 -0.01799449127489594 0.9937447172261471 0.10265698246468458
1272 1783354950.726367 0.2188024085068515 0.15850473365477344 0.0026675641821285144 0.039928243053571205 -0.018025935195829845 0.9940966296737757 0.09926072706871955
1273 1783354950.750382 0.21900228949076672 0.15845812313332944 0.002657888780413624 0.03974069077225223 -0.018401146119786604 0.9945490199590974 0.09462728051054503
1274 1783354950.786387 0.21931806000822898 0.158398715392629 0.002640765602318098 0.039752374863937456 -0.01892313290961234 0.9950808702500881 0.08874528379519436
1275 1783354950.810393 0.2195620041279637 0.15834686583658408 0.002623000507142907 0.04105949129095887 -0.019587847481009668 0.9952221631030949 0.08639027997631232
1276 1783354950.83439 0.21981567427168802 0.15830144099273877 0.0026124758048923615 0.04156704930258895 -0.020057162542086615 0.9954102009700707 0.08383568719680182
1277 1783354950.858558 0.22009861882963724 0.15825057121760525 0.002595676808753118 0.041647064608064416 -0.019970976106741256 0.9956724965228205 0.080640943638387
1278 1783354950.890377 0.22047817243125747 0.1581918444549673 0.002574395331333323 0.04229228775571073 -0.02019606861059131 0.9960082319498089 0.07596764506867679
1279 1783354950.918422 0.2207501572804822 0.1581504661383964 0.0025619832739859558 0.042258433393927874 -0.02043310791160191 0.9962674090953775 0.07244282216029163
1280 1783354950.94245 0.2210435443421299 0.15810338945311408 0.002541651251991156 0.042923902256651436 -0.020374923151752156 0.9964509667764637 0.06948288948994902
1281 1783354950.974406 0.22142644586030436 0.15806688269101513 0.0025264837525177863 0.04348853343444922 -0.02017576119981057 0.9966422961873869 0.0663763479717149
1282 1783354950.998398 0.2217047943099179 0.15803298468081303 0.0025063526305816493 0.04371095404056402 -0.02005126324301698 0.996731327223543 0.06491502653791031
1283 1783354951.026438 0.2219811356034077 0.15799235485820798 0.0024861378120831154 0.044085384331556676 -0.019885625368018633 0.9967563923486544 0.06432522914189492
1284 1783354951.058443 0.22237371785222568 0.15795357700939794 0.002467502831265015 0.04467528980545951 -0.019757718460886364 0.9967310790233632 0.06434988073757789
1285 1783354951.082436 0.22267122544564366 0.15792213057948182 0.0024541695358205346 0.04500254882830837 -0.019791915546650163 0.9966783007268494 0.06492623151076901
1286 1783354951.114397 0.22304900943703895 0.15787328318299787 0.002432856652930162 0.04603101268575427 -0.019836183405867458 0.9965640884947614 0.06593700949859954
1287 1783354951.142455 0.2233395994806512 0.15783981175751394 0.0024177181726370714 0.047960193884124175 -0.01993727258610284 0.996423678023806 0.06664967245182116
1288 1783354951.166474 0.22360166382449606 0.15780592628806303 0.0024003808359970517 0.05172583268363709 -0.02024233619926874 0.9961767038957543 0.06742893054001983
1289 1783354951.198444 0.2239478432590735 0.15775372238137056 0.0023917786415076792 0.05934945709327294 -0.022155673594747904 0.9956874904502824 0.06777307305350799
1290 1783354951.222421 0.22414671874235179 0.15771909277113527 0.0023867138046332597 0.06119877069785501 -0.023531745420343975 0.9955213112589248 0.06810496495744195
1291 1783354951.250471 0.22431337256389333 0.1576892394072428 0.0023611636630403833 0.058881916788032035 -0.022074316326909926 0.9955746410046165 0.06983393603826052
1292 1783354951.282478 0.22449674984709928 0.15767325440990854 0.002349554529218069 0.05762779662010975 -0.021076604626321715 0.995320182955981 0.07464949560854073
1293 1783354951.306464 0.22459857430283656 0.15767117273366354 0.0023501296272611764 0.05812292999195631 -0.021503285726488852 0.9950014237252028 0.07830389835081472
1294 1783354951.338426 0.224688785769392 0.15765292952309398 0.0023373126339560155 0.05659826966944834 -0.020850396094850787 0.9950463450491547 0.07902321214321359
1295 1783354951.366528 0.22475487250375 0.15764880333491 0.0023343952170728557 0.05609421282381294 -0.0205052291233217 0.9951003482819889 0.07879258667756378
1296 1783354951.390495 0.2248068419437963 0.15764111984491122 0.0023313075327946187 0.055753023736452606 -0.02050079757117307 0.9951446284596781 0.07847602239561927
1297 1783354951.422469 0.22488833596150914 0.15762357587024023 0.002323960568210345 0.0545951222977103 -0.020588988785956275 0.9952459642093143 0.07798036218909193
1298 1783354951.446454 0.22495307347063873 0.1576130505721728 0.0023229576532232538 0.053536296284677265 -0.0205988570177022 0.9953525977410931 0.07734829177002844
1299 1783354951.474502 0.22500451016916312 0.15760712672751576 0.0023149697770374397 0.052789726072431986 -0.020485658826926212 0.9954612488185086 0.07648846124952385
1300 1783354951.506509 0.22509353611906782 0.1575967892275157 0.002310765349329195 0.05188049694788477 -0.020504158824599328 0.9956059471073995 0.07521164531982016
1301 1783354951.530489 0.22515632054218593 0.15758814446009037 0.0023056146606869263 0.05114326038240857 -0.02039856186651895 0.9957245856842187 0.07416747976859961
1302 1783354951.562457 0.22523389934121638 0.15757391298916357 0.002299300952453692 0.050194844719369885 -0.020587518713225395 0.9958429571509064 0.07316718068757952
1303 1783354951.590515 0.22529815234261696 0.15756555929414226 0.0022916983208937525 0.050029451492143134 -0.020521804583763903 0.9958867114530325 0.07270190830566683
1304 1783354951.614823 0.22535137445896883 0.1575558282558152 0.0022896484448866683 0.05016940154330826 -0.02048056535125492 0.9959053622017027 0.07236081211245968
1305 1783354951.662531 0.22549412984179654 0.1575306343326781 0.0022829942129652895 0.04975358426285251 -0.020702302849837873 0.9960179730688044 0.07102248118464757
1306 1783354951.686691 0.22556405473751973 0.15752689510470963 0.0022768934991003794 0.04927660119516675 -0.020474565304200554 0.996105066231802 0.07019477030088372
1307 1783354951.714577 0.2256304776286157 0.15751614311058756 0.0022772719473905453 0.05027249163344091 -0.020530803094084837 0.9960964648430214 0.06959163338012145
1308 1783354951.754605 0.22566273946286997 0.1575073345763939 0.002283740158552752 0.059636769652905264 -0.022691860778130846 0.9955599536080495 0.06920197924720667
1309 1783354951.802545 0.22567575004237594 0.15750717578048246 0.002272639628264651 0.05594204234569569 -0.020998862517895123 0.9957229709940476 0.07046488988094804
1310 1783354951.830561 0.22567055648924134 0.15751647334590455 0.0022754069499833045 0.05577785692635473 -0.02044821607557079 0.9957141648599279 0.07088020198423745
1311 1783354951.862727 0.22566497045808837 0.15750650227327798 0.002275998540431979 0.05565703128947899 -0.021171744078251953 0.9956767245994353 0.07128753195101487
1312 1783354951.902573 0.22565865731250445 0.1575083104734982 0.002276661319774221 0.05587283744143512 -0.021072324679010435 0.9956509105031436 0.07150837421677819
1313 1783354951.938639 0.22565362424503238 0.15751362654666626 0.0022764038158431584 0.05598720753107142 -0.020830802247985558 0.9956311039983021 0.07176499858357352
1314 1783354951.970607 0.225647572086288 0.15751246911710337 0.0022742048355502455 0.05592070692791368 -0.020954079079539722 0.9956332018210285 0.07175185390091099
1315 1783354952.002569 0.2256496050644973 0.1575084142362629 0.0022751698673548204 0.055796112793025876 -0.021109003889216216 0.9956462369839173 0.0716224443296824
1316 1783354952.026701 0.2256544756615857 0.15750938784963514 0.0022749749958043955 0.05596870371872428 -0.020977699111067283 0.9956477276254805 0.07150554396875888
1317 1783354952.054883 0.22564654335739343 0.15751560974715334 0.002274762884406846 0.056610136539469225 -0.02089122582132219 0.9955753999216824 0.07203105021757772
1318 1783354952.086608 0.22564443867065345 0.15751824021574568 0.0022794043211314466 0.05714742091347613 -0.02143762454321685 0.995052251353596 0.0783939896485839
1319 1783354952.118561 0.22564941169270641 0.15752447070894166 0.002286628632566722 0.05656451407659446 -0.021080039675088424 0.9939224407352883 0.09205579545787851
1320 1783354952.14255 0.225671832224669 0.15750949677268686 0.002291080323110376 0.055613593532774425 -0.020603918389498932 0.9925188579440262 0.10671889892074501
1321 1783354952.170609 0.2256969045526812 0.15752138299843932 0.0022887389345169536 0.05492508355194542 -0.020274030712347457 0.9906498237904824 0.1232279412283292
1322 1783354952.202623 0.22571565447041925 0.15751574923180503 0.0022881692564895592 0.05382738332969303 -0.020413470601709227 0.9876164984421409 0.14594367073208844
1323 1783354952.226594 0.22574105596156385 0.15751326450405928 0.0022958101455788603 0.05333149154133121 -0.02014233346368749 0.9849774406601399 0.16300147178235924
1324 1783354952.258599 0.2257649729206525 0.15753075180549245 0.0023040684760791018 0.053230049341325136 -0.019590702339490562 0.9811092984936385 0.18495218473509872
1325 1783354952.286609 0.22574967495082376 0.15752555569157 0.0022996248254888527 0.053107814779721846 -0.019582112770722027 0.9778719572893078 0.2014014300245561
1326 1783354952.310646 0.22573448810711 0.1575460151111066 0.002290304767775495 0.05313348546314112 -0.019377211170380937 0.9743976474670322 0.21760188652792073
1327 1783354952.3426 0.22575655024049507 0.15752894956852775 0.002291976659129391 0.05291690904715951 -0.01886878429817218 0.9691707624811918 0.23989956829396142
1328 1783354952.366582 0.22574560209691513 0.15754018944810155 0.002287356036592589 0.052877676831329795 -0.018542039683633826 0.9649105013658812 0.2565304434392457
1329 1783354952.394653 0.22575493852868259 0.15752664640203856 0.00228583464189094 0.05337167865996251 -0.018505281209428293 0.9603486486003614 0.27301921473741964
1330 1783354952.426656 0.22573489768646493 0.1575398501312667 0.0022891826973125157 0.054329303650658634 -0.01840185719773596 0.9539048726269774 0.2945762929955816
1331 1783354952.450644 0.22577693459542833 0.15753848536385956 0.0022882634077994665 0.05461911571106845 -0.01836032955216821 0.9487552183168158 0.31071399423631985
1332 1783354952.48259 0.22580707304976527 0.15749363110464423 0.002294872729894013 0.05502224663498467 -0.01836829212270852 0.9412634984257003 0.33265325002342216
1333 1783354952.510672 0.22584849577419985 0.15747957531854273 0.002294058821477483 0.05581408252599118 -0.018576536397262422 0.9353818259531514 0.3487126899953764
1334 1783354952.534674 0.22590100411300085 0.15739301399505862 0.002306722815506262 0.056559246740502306 -0.01915583896834311 0.929101979150633 0.3649707081122303
1335 1783354952.566662 0.22591564218232046 0.15742135508034819 0.0022946717291251013 0.05850646329113873 -0.01946377005140243 0.9205331075741012 0.3857680044644929
1336 1783354952.59863 0.22596569915085668 0.15753883471733368 0.0022894073707312255 0.05822118847834057 -0.019017458813400667 0.9121374372872191 0.4052825248780838
1337 1783354952.634679 0.225980298301207 0.15755599188058259 0.0022583422536422686 0.058275640362977055 -0.018870007393400723 0.9028073201043785 0.42566044604497655
1338 1783354952.674677 0.22604814165687181 0.1576089628754501 0.0022603972969112386 0.05785719991670957 -0.018494169161297314 0.8909902904481098 0.44994089884341937
1339 1783354952.714654 0.2260775336649964 0.15759636163210541 0.0022477451000791245 0.05758337227060095 -0.017884509349498146 0.8781733844565812 0.47452692905181537
1340 1783354952.766732 0.22622124597512097 0.1575479750578275 0.0022148840201989 0.05704596497276038 -0.01748741186198499 0.8610903228985932 0.5049390102944044
1341 1783354952.806681 0.22634550925211433 0.15758616019906177 0.0022078735026522436 0.0568028317239255 -0.017500196444900418 0.846647909898784 0.5288236928282941
1342 1783354952.842712 0.22635391435064492 0.1575992456576728 0.0022018604286705244 0.05612280379276671 -0.01680318245522583 0.8347104827163517 0.5475639633844162
1343 1783354952.882794 0.226410062521531 0.15751978733530694 0.0021700935417804205 0.0554450527776168 -0.01595983720613614 0.818260132516669 0.5719453516312936
1344 1783354952.914886 0.22650275083785332 0.15745816725803702 0.002108225789341474 0.05543000801519293 -0.015891178010627338 0.8043542183980941 0.5913453103036004
1345 1783354952.946701 0.22657778219541147 0.15740049834562225 0.0020826201836054974 0.05510082969760122 -0.015775692853784662 0.7903698550000329 0.6099430452008174
1346 1783354952.974731 0.2266593222067269 0.15734628661252456 0.002081125003351024 0.054326004974649345 -0.015316469901247465 0.7798148549211164 0.6234604101124761
1347 1783354953.006697 0.22677268472403184 0.15724713461038375 0.002090677606610575 0.05362355192296875 -0.014594587335112763 0.7649630266270943 0.6416720974089476
1348 1783354953.030706 0.2267953282415926 0.15721961655104194 0.0020632438899782796 0.053224659237024685 -0.014173470482685135 0.7530711282971951 0.655629563174792
1349 1783354953.062734 0.22679895237725228 0.1571804702310311 0.0021069758189351806 0.052262494105802526 -0.013611642446492933 0.7368487193789637 0.6738971135487455
1350 1783354953.090761 0.2268160760768043 0.15715707013565489 0.0020885945225452424 0.0520079774063793 -0.013253220154082812 0.7244846252215242 0.6871983340050182
1351 1783354953.122721 0.22682642395369396 0.15712261627554627 0.0020894434531916837 0.05101881467688696 -0.012499936099916842 0.7076467877313456 0.7046111381180201
1352 1783354953.154688 0.22681200723712694 0.15707170398999198 0.002050179116239408 0.05018720523344622 -0.011708619648085783 0.6904873823765773 0.7215062906416928
1353 1783354953.178744 0.2267897411434229 0.1570497378552153 0.002043235545547374 0.04992321505591868 -0.011274508161329577 0.678607632927098 0.7327156601283213
1354 1783354953.206935 0.22673321794138138 0.15701849998104775 0.0020369689572684504 0.0493827912540421 -0.010932724424957518 0.6683667880741351 0.7421102694775703
1355 1783354953.238739 0.22674345753644928 0.15698397069770118 0.0020500644401012184 0.04875665583644351 -0.010529689813089438 0.6572207998859484 0.7520456996362396
1356 1783354953.262904 0.22664797329940653 0.15699436217585921 0.002071647671222185 0.048333173365898485 -0.010448396001747295 0.6502331218788019 0.7581237514978145
1357 1783354953.298784 0.22677313024924145 0.15702698804127363 0.002100888413030657 0.04854742281537261 -0.012075994596875694 0.6450450270209255 0.762505233561092
1358 1783354953.322792 0.22683459481990373 0.15705384498534064 0.002083908564347814 0.04837194495579533 -0.012582579433591201 0.6428444375542516 0.764364352087111
1359 1783354953.354754 0.2268829286612138 0.15712152800297124 0.0020968935272993273 0.04804462195767434 -0.012184769333776324 0.6408923993456864 0.7660288363750781
1360 1783354953.378908 0.22692588471422873 0.1572861412352604 0.0020804414255934413 0.048435366756048315 -0.012263703700575945 0.6402537386588324 0.7665368660098086
1361 1783354953.41478 0.22695595660766785 0.1574519787947084 0.0020801677352008958 0.04828168107255859 -0.01174665301563893 0.6407366922120235 0.7661510207974225
1362 1783354953.438797 0.22700133985958945 0.1575790327527381 0.0020867910079498 0.04846628324727442 -0.011943866761630506 0.6431272020041281 0.7641307253849414
1363 1783354953.470767 0.22703200821378214 0.15779839050057545 0.002084740842058631 0.04872932362019655 -0.011971295441029595 0.648223184646034 0.7597952645235001
1364 1783354953.502737 0.22707685726172167 0.15804780478001343 0.0020694979587500047 0.049204210621050404 -0.011926450556285939 0.6537300102521922 0.7550323033685092
1365 1783354953.530806 0.22705684727835942 0.15817299964195872 0.0021035272745535023 0.04922638373286825 -0.012043955258125849 0.6567287238232774 0.7524221485255297
1366 1783354953.562794 0.22702408806083862 0.1584357797560628 0.002056615414497632 0.049407147072222934 -0.012576762873986902 0.6591148873672991 0.750312151110848
1367 1783354953.586788 0.2270297049765559 0.15860646593142494 0.0020663312465124227 0.04973231160142144 -0.012850361573474411 0.6602506893670542 0.7492867225438735
1368 1783354953.618766 0.22700508556588142 0.15883526452837607 0.0020834541840909788 0.04926335760088829 -0.012124148905358845 0.6604285069737219 0.7491730866680065
1369 1783354953.64686 0.22700613899740785 0.1590456932749962 0.0020886219227724667 0.04944669063036822 -0.012459274600959191 0.6601107522065158 0.7494355116242294
1370 1783354953.671049 0.22702263137026066 0.15921704220900704 0.0020907476245039004 0.04952856504562564 -0.012765297458363412 0.6597266624155942 0.7497630954663623
1371 1783354953.702799 0.22707951451429795 0.15942989484139514 0.0021239837283796685 0.04902580040468907 -0.012072992057646226 0.6591460825768 0.7503180362893551
1372 1783354953.734764 0.22710491758437737 0.1596449978876213 0.0021834631744297693 0.04931818369141794 -0.012094498295768807 0.658429235954639 0.7509276803451473
1373 1783354953.76283 0.227100496748225 0.15981623162423123 0.002175924668349153 0.04911227902338933 -0.012162794562328272 0.65789585877456 0.751407405795849
1374 1783354953.787123 0.22711551057373935 0.1599904426641799 0.002175441523485141 0.049003574238323466 -0.012237653616695265 0.657575140353216 0.7516939698675753
1375 1783354953.818818 0.22712565618717306 0.16022491102188757 0.0022058805849513967 0.049492941268739044 -0.012607057243836928 0.657384389932573 0.7518226351641715
1376 1783354953.850781 0.2271528031562504 0.1604481519171982 0.0021757518957439374 0.04961926790807092 -0.012495330227274115 0.6575722966078585 0.7516518274498141
1377 1783354953.878835 0.2271560720404991 0.160638975711884 0.0021833633834207142 0.049914335322172376 -0.012774109030877168 0.657561720870517 0.7516368568089363
1378 1783354953.902865 0.2271674709932121 0.16081046393189405 0.0021949525481310666 0.0500225826754217 -0.012852251152606464 0.6574118849349235 0.7517593859800501
1379 1783354953.934829 0.22720224190204302 0.16101746849121673 0.002203390615524003 0.0499586879296261 -0.012402747952727111 0.6570928917416161 0.752050020255443
1380 1783354953.958986 0.22722570812393666 0.16118195581095585 0.00220740035391169 0.05035311697119127 -0.01262739146162406 0.6568060519957601 0.7522705116232481
1381 1783354953.994855 0.22725135384708736 0.16138638536189404 0.002206257794407694 0.05020120411447515 -0.012837411280504085 0.6564253239340299 0.7526093502443191
1382 1783354954.018884 0.22727119204003288 0.16154952164054448 0.0022149324733964134 0.05022036064654678 -0.012900730824427997 0.656041165378678 0.752941880791149
1383 1783354954.050849 0.22730122889452567 0.1617674022361642 0.0022217186805285564 0.050575168444994656 -0.013309656604852504 0.6556163079215417 0.7532809981442167
1384 1783354954.075029 0.22732098570047546 0.16193792847820104 0.0022182941914685624 0.050447759842746964 -0.013370667334589581 0.6553861824617314 0.7534886864579416
1385 1783354954.102875 0.22734000588980863 0.16210778569690407 0.0022228326635535135 0.050551837889102225 -0.013498209910384307 0.6553349609244492 0.7535239870139503
1386 1783354954.134902 0.22735682074868888 0.1623255966078769 0.002230634021079512 0.05092653081581666 -0.013906363053132531 0.6550959999901271 0.7536990993245484
1387 1783354954.166866 0.22737258957577205 0.16254146112037035 0.0022462606372051375 0.05078297874272264 -0.014383092276567422 0.6547461517776623 0.7540037748306851
1388 1783354954.190959 0.22739268690688758 0.16269799983366043 0.0022512176531464256 0.05098759909695039 -0.014541650568273501 0.6544622244893611 0.7542333868594759
1389 1783354954.219131 0.22744034972527893 0.16285608052052997 0.002259099506772305 0.050950841271628855 -0.014615649567168654 0.6543245218104112 0.7543539054840372
1390 1783354954.250907 0.2274339164954092 0.16307976167405708 0.0022490887884144464 0.04805578328100757 -0.010515107723264139 0.6608478394427113 0.7489060069906754
1391 1783354954.282873 0.2274424860760281 0.16323496575275218 0.002266273551622745 0.04503422231480192 -0.008090214970658871 0.6689567427333057 0.7418917330674843
1392 1783354954.30716 0.22743339019407052 0.16339846639872133 0.0022503640704546572 0.043836167566462025 -0.006429410103658828 0.674687024271529 0.7367730127918866
1393 1783354954.342901 0.2274270036758861 0.16351922833036778 0.0022940187461144568 0.04214616546446226 -0.004882622550431148 0.6826158408019812 0.729544703647334
1394 1783354954.366933 0.2273860918049842 0.163631206349347 0.0022935194167797053 0.04104725661188502 -0.005066514455713933 0.6877336643963151 0.7247840092137278
1395 1783354954.398892 0.22740603358184494 0.16366308321771597 0.0023113781840102803 0.041267678610137026 -0.005371186926513616 0.6929981230058219 0.7197372649540517
1396 1783354954.423082 0.22739445985887494 0.16365199645460157 0.0022972269020865715 0.04122218300255853 -0.005289171153774919 0.6927047066619308 0.7200228785708258
1397 1783354954.451185 0.22737981098796792 0.16363344523085513 0.002306899360121354 0.041838641953193534 -0.005599506860097803 0.6926933148211899 0.7199959341305117
1398 1783354954.482944 0.22737468332877428 0.16363179131090977 0.0022871459148755963 0.042890722832734096 -0.006512752491128038 0.6926486605214773 0.7199693070039016
1399 1783354954.514916 0.22737098947463819 0.16363176886726652 0.0022728545417030864 0.043708967421396405 -0.007307431734215664 0.6925808146856913 0.7199777376681236
1400 1783354954.538899 0.22736999158974291 0.1636210837233382 0.0022699673916150003 0.0437664201238116 -0.007615788805840351 0.6925765031646834 0.719975199221883
1401 1783354954.567112 0.2273801399090297 0.16362728319369904 0.002280955333469647 0.044012081512029844 -0.007642051459343269 0.6922731863707822 0.7202516026795881
1402 1783354954.598963 0.22737758359941584 0.16361819994195909 0.002278941253047966 0.04423257800364344 -0.00782618829642745 0.6914751725818535 0.7210022992493132
1403 1783354954.630923 0.22739496956729782 0.1635836651713595 0.002293529934498743 0.04437303755415156 -0.007759193742940651 0.6906928632401859 0.7217438583872753
1404 1783354954.655005 0.22740415061541905 0.1635529830841278 0.002304653772264095 0.04453009746468217 -0.007861306853272798 0.6900943423346354 0.7223053848283784
1405 1783354954.683058 0.2274046091973564 0.1635426936300842 0.002291176720877844 0.04488831739603161 -0.008292576746593672 0.6893814896274472 0.722958805113609
1406 1783354954.715254 0.2274094434577043 0.1635139629241047 0.0022925034906200927 0.04536815820436635 -0.008766192550432539 0.6886297894326818 0.7236393419343734
1407 1783354954.746947 0.22741558645535237 0.1635037912272002 0.002289736029795245 0.0461346216916273 -0.009351488105513561 0.6880020885427289 0.7241804143391521
1408 1783354954.778975 0.22739831407071984 0.1634931069864239 0.002277340570509597 0.04679492075564762 -0.010138598772176266 0.6868384600651048 0.7252312555190965
1409 1783354954.806989 0.2273841601376408 0.16345806616790262 0.002293776916960146 0.0471878007878469 -0.010645726088785001 0.6858993472069853 0.7260868167608338
1410 1783354954.831041 0.2274026978021029 0.1634477578347036 0.0022839715847976956 0.04780924628436545 -0.011261806085987258 0.6849600774303385 0.7269230633430386
1411 1783354954.862956 0.22741531152560163 0.16339260709935866 0.0022789974124763825 0.04858080321996694 -0.012012132067803605 0.6830138980536923 0.7286889798173078
1412 1783354954.887007 0.22741355198126506 0.16335807697970647 0.002283416822765824 0.04907764039219997 -0.012629201911274812 0.6814416524972677 0.730115855679365
1413 1783354954.915255 0.22742696356037403 0.1633247765113182 0.002284528062597527 0.04986512053040493 -0.013427710383677405 0.6800212854455056 0.7313714635459757
1414 1783354954.947011 0.22742021521094613 0.163267087388576 0.0022891073460275793 0.05105415548994907 -0.014918587152286888 0.6780030183954261 0.7331321954540526
1415 1783354954.978976 0.22741877420139736 0.16320789421738502 0.0022629552218778326 0.05204790451519581 -0.016639135181023335 0.6762890072411895 0.7346069244846057
1416 1783354955.002997 0.227414396281207 0.16320295979865446 0.0022754415998248578 0.05191988539924208 -0.016860048822282092 0.6754533201245406 0.7353794099555513
1417 1783354955.031315 0.2274158587635723 0.1631895507119447 0.0022758018866682684 0.05171346840490165 -0.01610740469302141 0.6745317461357901 0.7362562000788805
1418 1783354955.062994 0.22743440507084975 0.16319018660912682 0.002268811537118727 0.05134572648460323 -0.014904112320858531 0.6732809632149283 0.7374511701665906
1419 1783354955.094981 0.22742395039160496 0.1631803011643656 0.0022718127303842416 0.050985144155404005 -0.014728872884397615 0.6718792165350952 0.7387569923643328
1420 1783354955.119024 0.22742991611381133 0.1631377300168656 0.0022630529876537043 0.05096301291795302 -0.015147128935896426 0.6704987625889589 0.7400032061862969
1421 1783354955.147034 0.22744183160408088 0.1631193214900206 0.002268337753782149 0.051268840837708884 -0.015334241220366085 0.6690106438629406 0.7413239004668926
1422 1783354955.17901 0.22744776045707057 0.16311732949631233 0.0022629724236342824 0.051426605228839906 -0.01543516028919134 0.6667993311784048 0.7433005529673149
1423 1783354955.21102 0.22745013224515231 0.16309197629058933 0.002254726240333918 0.05136398807944531 -0.015153371209602806 0.6647234089498147 0.7451677030465664
1424 1783354955.235021 0.22744638474411588 0.16308285315752644 0.002259666221323841 0.05111871813952207 -0.01501919577551969 0.6630280436476272 0.7466961321386558
1425 1783354955.263057 0.22744599550155262 0.16305002542265148 0.002259186767833545 0.05111290624481868 -0.01492229145806745 0.6611809982549264 0.7483344730663342
1426 1783354955.29502 0.2274474452294239 0.16300776902522304 0.0022528502725738158 0.050858780945202464 -0.014852773031086897 0.6584810152845718 0.7507299994297915
1427 1783354955.319172 0.22744017272932343 0.16296531501870926 0.002229350930543453 0.04998609772277118 -0.01378817029047974 0.6563463739493366 0.7526757029412124
1428 1783354955.355038 0.22745128337012943 0.16285848048419982 0.002235617537102953 0.044481675171109014 -0.00710968755275776 0.6529386733895556 0.7560700507950049
1429 1783354955.379132 0.22742955730924688 0.16271669585782123 0.0022372871221049105 0.03909731179463549 -0.0018136086178923705 0.6522136267954359 0.7570241053338779
1430 1783354955.411051 0.22741278142999255 0.16257453679164957 0.002221809005450874 0.04138191670276492 -0.0035167671375581078 0.6523544617937264 0.7567752807119981
1431 1783354955.435277 0.22740868973215872 0.1623946595767843 0.0022214899063323253 0.041633614261238905 -0.002915642802181151 0.6519859167574994 0.7570815712593192
1432 1783354955.471064 0.22738786506305642 0.16214986839213685 0.0022083263827962635 0.041651476975004154 -0.0032518072210384608 0.6535920139626129 0.7556930987510032
1433 1783354955.495092 0.22735388523658176 0.16194394006743812 0.0021937006694568353 0.04214048793583269 -0.0037885073455060647 0.6547396527315783 0.7546693405919941
1434 1783354955.527051 0.22731142909327479 0.16164959027706732 0.0021922779109802316 0.042238981023034694 -0.0033636225245706752 0.6555212089164039 0.7539870683151167
1435 1783354955.55107 0.22728266562795443 0.16143402168693383 0.0021940927144704758 0.042560622274584015 -0.0037114262204729354 0.6559807351191543 0.7535675775267564
1436 1783354955.587082 0.22725175066430153 0.1611525199255072 0.0021785626576742087 0.043191345585820384 -0.0046144515173669465 0.6559558161192457 0.7535483938029558
1437 1783354955.611117 0.22722610376813906 0.16093695779985628 0.0021768310211491993 0.04347046665281373 -0.004913008756751824 0.6558108916789956 0.753656589720506
1438 1783354955.63507 0.2272036238750086 0.1607269537513256 0.0021731397028471496 0.04358053527214323 -0.005221642723078457 0.6556206644601349 0.7538136478769254
1439 1783354955.667077 0.22717363146168532 0.16047057939359197 0.0021649851788872916 0.0441866337638791 -0.006112926813041097 0.6553273729357958 0.7540266625282316
1440 1783354955.703108 0.22714296323233743 0.16018017585891298 0.0021547238705338194 0.045107404060423795 -0.007389702595711478 0.655051694518338 0.7542002332955955
1441 1783354955.72712 0.22710920519121283 0.15997099330191186 0.0021718023847061146 0.04626110897528701 -0.008744828805744898 0.6548354829464661 0.7543036046843495
1442 1783354955.7511 0.22710351951492722 0.15977190538083993 0.00215558460670931 0.0485033663593335 -0.011176288937246648 0.6544283876058501 0.7544839292609293
1443 1783354955.783072 0.22706257897876833 0.15955667213547006 0.0021622178091257466 0.05017529880597882 -0.01525715275043471 0.6543497091930609 0.7543713387706598
1444 1783354955.819125 0.22702198596389087 0.15940382653405094 0.002137308414276404 0.04950729520436736 -0.01403737371337277 0.6553458240302924 0.7535740380260162
1445 1783354955.843132 0.22702149293957083 0.1593127468736267 0.0021365400149727376 0.049362686415878376 -0.012709594918857925 0.656170513557479 0.7528891342850689
1446 1783354955.86712 0.22702999318196473 0.1592494856972452 0.0021342066434761452 0.04926993911163369 -0.011990730507392189 0.6569296067727711 0.7522447655033616
1447 1783354955.899084 0.2269950847984544 0.15917676013509505 0.002130239883664585 0.04831279549476852 -0.011506390102263953 0.658050908177393 0.7513338000018391
1448 1783354955.927174 0.22699336729693392 0.15912670733649117 0.0021309457636083714 0.047726370160228404 -0.011017328483170274 0.6589247835859517 0.7506123777560756
1449 1783354955.95144 0.22698317611975846 0.15906832426836218 0.002139522644782097 0.047066104391631725 -0.009965787219092026 0.6596597382329409 0.7500229960854187
1450 1783354955.983122 0.22696954030155794 0.15898126702745935 0.002136100074163292 0.045953946365587695 -0.008810738525938944 0.6603057175401924 0.7495378343244509
1451 1783354956.015115 0.22695705814843006 0.15888422679986822 0.002136592896884953 0.04500843260019516 -0.007885342050793831 0.6605502202380553 0.7493900645985856
1452 1783354956.04316 0.22694567914748487 0.15882076595324063 0.002136802594542287 0.04461527691979095 -0.007717695862836771 0.6602908336878767 0.7496438682359166
1453 1783354956.067452 0.22695135831459975 0.15877466129772605 0.002161106583968137 0.04768148108675396 -0.010883558544257821 0.6588351634288772 0.7506958451626278
1454 1783354956.099142 0.2269540779725672 0.15878235998948534 0.0021545214613123698 0.04944694646480563 -0.015189397455960596 0.656290680303392 0.752732903915554
1455 1783354956.131107 0.22696521258889957 0.15879042931890622 0.002139283099211388 0.04879742507427831 -0.01230510163743015 0.6547478251111517 0.7541701938501876
1456 1783354956.159163 0.22698309084091411 0.158857065156614 0.0021397232072506035 0.048783206585500616 -0.012273979167178095 0.6538208084060156 0.754975429193523
1457 1783354956.183187 0.2269967487948689 0.15890923343020463 0.002134324768432918 0.04794462851590653 -0.010808911853957048 0.6528068240469863 0.7559283897954173
1458 1783354956.215174 0.22699609309347948 0.15895901000556453 0.002139120744807547 0.045470043984882524 -0.008243410155296615 0.6526700715287734 0.7562316437571561
1459 1783354956.239155 0.22700070122294388 0.15897614094562584 0.0021341070902517207 0.043401702404186504 -0.006220785460043898 0.6530440809686997 0.7560496163403729
1460 1783354956.2752 0.22699894259876102 0.15902646166099255 0.002120885568174708 0.04102334125701035 -0.003123918356475519 0.6536204315120929 0.7557034194154202
1461 1783354956.299208 0.22699062151230787 0.15907816541833117 0.002119592857153768 0.04016261652017605 -0.0018883379172358605 0.6538723657449779 0.7555357885164871
1462 1783354956.331205 0.22699287904173476 0.1590925940198271 0.0021199468655517945 0.0408576263851399 -0.0028977432267847103 0.6538291935506277 0.7555326883142117
1463 1783354956.363142 0.22699013978457785 0.15909002519263865 0.0021219485959526347 0.04122722038945981 -0.003583817002653533 0.6538339755400854 0.7555055294199359
1464 1783354956.391224 0.2269990102616998 0.1590909449760666 0.002118207210294239 0.04147535479191544 -0.0036078852299764597 0.6540332217205221 0.7553193516618825
1465 1783354956.423231 0.22699987906947744 0.15906759581150184 0.0021236723422785025 0.041572644554870974 -0.0036871891669474355 0.65438844313358 0.7550058843174474
1466 1783354956.447209 0.2269977098128995 0.15906993574857223 0.002119905432031541 0.04115315411574916 -0.0033545145197781956 0.653552920686507 0.7557537595015973
1467 1783354956.479163 0.2270318851678583 0.1590504871285999 0.0021218116228783404 0.04074586139923486 -0.0026261441755850434 0.6458478423839027 0.7623735584565228
1468 1783354956.507229 0.22704179163178312 0.15904352567281652 0.002121855667717429 0.04112971142562161 -0.003065116419388114 0.6357019475541806 0.7708320087899844
1469 1783354956.539243 0.22706708686602212 0.15897670487030538 0.0021204720610700327 0.041274619883791774 -0.003064251670554685 0.619106905231935 0.7842153122767267
1470 1783354956.563296 0.22707168246562998 0.1589334536453799 0.002132769423754094 0.04122065353147886 -0.0032701581860724582 0.6059180195850983 0.7944517086204476
1471 1783354956.595209 0.22709548964737214 0.15886420210992586 0.0021238487865190246 0.041428919855869495 -0.0038376197752700847 0.5882512201132293 0.8076072184603933
1472 1783354956.623253 0.22708564089245487 0.1587917590179772 0.0021261173641861763 0.04168550285886763 -0.003915853304071293 0.5747379545899973 0.8172657269811396
1473 1783354956.655263 0.2270889296527311 0.1586981316860448 0.0021238129271975246 0.04183534294990354 -0.004312035265540026 0.5564615909689594 0.829808235804169
1474 1783354956.679229 0.22708656755091128 0.15863589961610924 0.002140530402295236 0.041881079070063776 -0.004687070467050192 0.5423310668139212 0.8391072759515545
1475 1783354956.711213 0.22712494193727223 0.15852290913340603 0.002122983609033128 0.042309479403059846 -0.005648490239300918 0.5234709033223818 0.8509736869524864
1476 1783354956.739263 0.22712976224811837 0.15842588235321026 0.002140520247240329 0.04262870238503669 -0.006729979906165751 0.5092912646976651 0.859511436111285
1477 1783354956.771266 0.2271121513604215 0.15829297166716844 0.002135469888494841 0.042042167818679255 -0.0073470398223282884 0.4908887767519393 0.8701762384654845
1478 1783354956.795384 0.22709561622918328 0.15825367247371047 0.0021840967293485095 0.04094206377687648 -0.006209495821911326 0.4772217849065481 0.8778066743799208
1479 1783354956.827222 0.22708361103622932 0.1581995805146442 0.002177112475565214 0.04006925598564581 -0.005731028486932077 0.4580444827480583 0.888007242009491
1480 1783354956.855281 0.22709652382668205 0.15819590964514227 0.0021939520531819904 0.039305154250513175 -0.004727724579379644 0.44350683849753625 0.8953962461813013
1481 1783354956.88727 0.2271090168302724 0.15819482373085805 0.0021955174864023673 0.038343954436119376 -0.003956392566858646 0.42383499223816823 0.9049187739629063
1482 1783354956.911262 0.22712797120925662 0.15813067744031975 0.0022012121392191142 0.03768878548094401 -0.003425957960904391 0.40899034814687374 0.9117536473103471
1483 1783354956.943223 0.22710291469678495 0.15803830778230693 0.0021916171506206265 0.03656875767594392 -0.0024234083733517264 0.388288026793809 0.920809025424091
1484 1783354956.995618 0.22697226600534764 0.1579856140723559 0.002008256505926187 0.036503415028180886 -0.002427378641262301 0.35551938523746424 0.9339526622075596
1485 1783354957.027288 0.22698293519109083 0.15798303456462234 0.0020204711049865327 0.03550548123772934 -0.002662882168981806 0.3340355105858069 0.941887757393794
1486 1783354957.059238 0.22695393464115374 0.1579361235908099 0.0020681559346189746 0.034402614743296644 -0.0016806094930024995 0.3133150954619698 0.9490243867289255
1487 1783354957.08731 0.2268403263841972 0.15787721779068806 0.002059295734765672 0.03357193094266042 -0.0010464480015033306 0.29731066858861455 0.9541898116951115
1488 1783354957.111373 0.22697335913330063 0.1577381244599407 0.002106050036743756 0.033061299533213795 -0.0002523570548933485 0.2814420788345755 0.9590084687062803
1489 1783354957.143304 0.22694805414920108 0.15765520391508828 0.0021270092166150185 0.03193830394615671 6.201204182176845e-05 0.2590344022212826 0.9653398983577818
1490 1783354957.167522 0.2269733239410882 0.15752980519069362 0.002082773022321963 0.03116137791292828 0.00018860571032086604 0.24302130897808277 0.9695202815501247
1491 1783354957.227331 0.2266868714614957 0.157640548551759 0.0022065598224099525 0.029903415198943906 0.0020877650167550887 0.20283137620413003 0.9787547495791851
1492 1783354957.259314 0.2266640523467856 0.15763396662861212 0.0022070707684071667 0.02877852871476605 0.002592201487162521 0.1794345652132899 0.9833454701086394
1493 1783354957.283287 0.2266946485769998 0.15761210739798098 0.00223537457779224 0.02793140551016926 0.0026419949044576008 0.16193361930468564 0.98640273691228
1494 1783354957.311346 0.22664994430665 0.15757331942677738 0.002187987415576336 0.02737593226042212 0.002498757392564027 0.14474788842224032 0.9890866308578175
1495 1783354957.343347 0.2265920061170387 0.15745320192905 0.0022272135564044533 0.026305192465521543 0.003737938602814822 0.12248874562620879 0.9921141929532464
1496 1783354957.367545 0.22651043758529762 0.1573406967454301 0.0022116953090996474 0.025510190395722443 0.004329343189502066 0.10521103360297274 0.99411323569386
1497 1783354957.399295 0.2264940939022363 0.15723737753529035 0.002220406915628521 0.02408657920149332 0.004646115581953769 0.08138956472024211 0.9963804439404755
1498 1783354957.427361 0.22642697651300941 0.15712885132861043 0.002274761731878153 0.023039249032467013 0.004870286338687996 0.06378855620391202 0.9976855684094162
1499 1783354957.451377 0.22640670718888128 0.156928107501494 0.0022194573640831024 0.022236518263137828 0.004827900681179997 0.047213286679595234 0.9986256226391632
1500 1783354957.483352 0.2262652814725325 0.1568291422308872 0.0022715456931500367 0.021229661191279614 0.005665240335984589 0.02440535485025852 0.9994606471453851
1501 1783354957.515317 0.22618614116550959 0.15671549322652942 0.0022933026577715444 0.019898319334720582 0.005886234232601151 0.0007891498429447585 0.9997843699402076
1502 1783354957.543387 0.22614436663770277 0.15669013999288045 0.0022861316979458195 0.018847439951852785 0.0061352605915778735 -0.016012959655071102 0.9996753061408588
1503 1783354957.575372 0.22609173023300558 0.15663098505657108 0.002284376183621264 0.017604399148535954 0.006514673983280872 -0.03468931859598906 0.9992218449017498
1504 1783354957.599366 0.22601245732077538 0.15660310879921518 0.0022770295498062317 0.017368017053778773 0.006844418270978175 -0.04564441362683866 0.9987833065419215
1505 1783354957.631342 0.2259341539751091 0.15651934323451253 0.0023482060500313274 0.01647590197798432 0.008038961937523986 -0.05765432783716137 0.9981682714986608
1506 1783354957.65939 0.2259044323607896 0.15638636700138733 0.00233547059203391 0.01604642592157468 0.007855225099307972 -0.06558888178970024 0.9976867776207918
1507 1783354957.683412 0.22588695488207902 0.15634129625362186 0.0023848186179688826 0.01540325562508793 0.007453436865526686 -0.07234686278549696 0.9972327298279656
1508 1783354957.715375 0.22588948974210696 0.15632685027548665 0.0023188906517001007 0.015334534320195936 0.007843080105489453 -0.07440497833620069 0.9970793535874821
1509 1783354957.739566 0.22588826382067756 0.156298549743342 0.00230006735104397 0.015732011211276986 0.00825542789823755 -0.07020784098716884 0.997374157875261
1510 1783354957.767446 0.22590454647227573 0.15632155813462237 0.002283891121689301 0.01606224225296493 0.008455530251313403 -0.06487638305315274 0.9977282011168759
1511 1783354957.79942 0.22590816532216682 0.15631010774114598 0.0022950615365959232 0.016278064663903524 0.008322396803178839 -0.059290623280487315 0.9980733361398146
1512 1783354957.831406 0.22592114959021609 0.1562761713780166 0.002260210817116108 0.016381132862010594 0.007411724114860546 -0.05606344610658656 0.9982653028340996
1513 1783354957.855369 0.22598301720202643 0.1563224302282045 0.002224398148064617 0.016543736984380608 0.006527201767786428 -0.055070760564120746 0.9983240514655367
1514 1783354957.883719 0.2259931921057492 0.15631583721095033 0.0022346840767556884 0.016506305099606045 0.006645512143111321 -0.054729921938957704 0.9983426339212756
1515 1783354957.915432 0.2260181048660329 0.15632966854669603 0.002240645119959708 0.016595836688083898 0.006838629608422714 -0.05499541441147923 0.9983252554871138
1516 1783354957.947385 0.2260317695403611 0.15633585957445098 0.002250528550292114 0.0165157503360831 0.006397287566510784 -0.05514258784045986 0.9983213909903386
1517 1783354957.971386 0.22605008864961976 0.15629133790288108 0.00226539348193745 0.015485964721455248 0.004352482069163471 -0.0561236885083117 0.9982942313690416
1518 1783354957.999452 0.22614311681965368 0.15627335662538797 0.0022812198372590122 0.014466971862060862 0.0038934664600373536 -0.059922475864306934 0.9980905993597768
1519 1783354958.031449 0.22621270587647604 0.15631924982314324 0.0022876285092567586 0.014505954103234409 0.005268152432844619 -0.06963210764561922 0.9974533540222963
1520 1783354958.055596 0.22636684456864745 0.15628549218869037 0.0023128534229491116 0.014993540898891267 0.006756066399040056 -0.07844695209493205 0.9967826367895565
1521 1783354958.087431 0.22650025552637737 0.15627685724926055 0.002298898028040584 0.014574375534053385 0.007432463834563058 -0.09057726329919205 0.9957550428857335
1522 1783354958.115466 0.22669331617009764 0.15622177734168646 0.002268900984977416 0.013436325861650666 0.0071000640896352885 -0.09904519049624314 0.994966886120752
1523 1783354958.147465 0.22692469945058505 0.15616846296833334 0.002247701472281806 0.013005995627611622 0.007724421880036275 -0.11075142798350732 0.9937330117209389
1524 1783354958.171442 0.2270558108743706 0.1560789342203968 0.002253620673665255 0.012663676802642798 0.008307119961767945 -0.11925682214731712 0.9927479203801447
1525 1783354958.20341 0.22731110690450718 0.1560065998836218 0.0022671070720476564 0.011555355269021739 0.008344021969148074 -0.1288135907627606 0.9915663920770958
1526 1783354958.231476 0.22750611025904593 0.15596435457969343 0.0022351454360864213 0.010909629672173349 0.008217690965978491 -0.13500259222089125 0.9907511037739214
1527 1783354958.263452 0.2277830512005415 0.15581765211546997 0.0022550189862845307 0.010753840892955169 0.008908340313130647 -0.14216230486256165 0.9897448537148746
1528 1783354958.287622 0.22801839327586038 0.1557742242036001 0.0022650117577241867 0.010496371354629885 0.009128539724676754 -0.14667466685531694 0.9890869719361198
1529 1783354958.31944 0.2283397527529197 0.1556666119388605 0.0022893957361607696 0.010314083515066741 0.009619231927767563 -0.15111808272076185 0.9884151026431989
1530 1783354958.347515 0.22857757265150536 0.15557615124742388 0.002310459821984551 0.010273847295625305 0.010264976433502548 -0.15377665902347737 0.9879988954751635
1531 1783354958.379457 0.22894315568937645 0.15550969721834368 0.002316036229846995 0.010161634643260142 0.010400023839454653 -0.15682386333826515 0.9875195474385187
1532 1783354958.403504 0.229186914174267 0.1554075524302691 0.00231475261085039 0.010085503668649354 0.010688640243420533 -0.15877027047310388 0.9872061774520021
1533 1783354958.435488 0.22951826990522173 0.15529816328921797 0.0023356556794466676 0.01020498414169091 0.011510684146752909 -0.162165690251538 0.9866436293588399
1534 1783354958.463505 0.22974447591625002 0.15519335662072675 0.0023627413721034243 0.010021039975638857 0.01204676998950907 -0.16499598471866575 0.9861697516742969
1535 1783354958.495476 0.2300828762091605 0.15513861844643745 0.0023505957957984623 0.009326104303646054 0.012051993809341272 -0.16990702366382907 0.9853422636492541
1536 1783354958.519485 0.23032036073052017 0.1550628152772462 0.0023359380755553823 0.008972002353890951 0.012059130312751631 -0.17416629633812586 0.9846015345152179
1537 1783354958.55151 0.23060142104054993 0.15493174993274375 0.0023807211286506 0.008453010771159009 0.013359086763174127 -0.18192354851319 0.9831855897571556
1538 1783354958.579526 0.23084323356388153 0.15486695863262168 0.002366863492926575 0.007685760214709236 0.013707677441295307 -0.18901352921091968 0.9818487227899827
1539 1783354958.603778 0.23105650222683505 0.15477607927439502 0.0023818229659262847 0.006887415754755488 0.013781260321326066 -0.19653845384468258 0.9803750693120051
1540 1783354958.635495 0.23131955220160338 0.15465363510947708 0.0023583148693393867 0.005608405450091225 0.013872436565240065 -0.2075186216235474 0.9781166203329305
1541 1783354958.671532 0.23156457329423097 0.15451561000288164 0.0023975693205435774 0.0049169791701887955 0.014642789139568152 -0.21893586273602947 0.9756169842976723
1542 1783354958.695525 0.23174971894270413 0.15443818039702614 0.0024404128124465288 0.004577808297156927 0.015151241294894757 -0.22789679320937495 0.9735566420107777
1543 1783354958.719553 0.23198816819974044 0.1543065274357419 0.0024112049136686903 0.003963964550424526 0.015568763394370105 -0.23747543908343352 0.9712606840717601
1544 1783354958.751516 0.23228977324948463 0.15415039029740718 0.0024300377323482484 0.0027870973743404637 0.015592522673758796 -0.25016013402346804 0.9680749003410092
1545 1783354958.775769 0.23248940149768754 0.15399724108014692 0.002428599833077248 0.0020067201217587316 0.015648781512071913 -0.25931059412794577 0.9656651099032999
1546 1783354958.803867 0.2326741138959292 0.15388743621271866 0.0023765619084582107 0.0013352182789818645 0.01556487918065208 -0.2683436653813873 0.9631965681925582
1547 1783354958.835531 0.23288560796741453 0.1537252710154221 0.0024065805616975133 0.00041878138664169784 0.01588614578399397 -0.27957924241500876 0.959991094857098
1548 1783354958.867531 0.23309867528968561 0.153556346521563 0.002366314972228864 -0.0003133568040568635 0.01645187205570897 -0.29057523367218163 0.9567106518115772
1549 1783354958.891561 0.23326367316708518 0.1534496397457057 0.002365939674988408 -0.0010669675156818048 0.016610227690818075 -0.2988401512324693 0.9541580193698183
1550 1783354958.919585 0.23338344347543924 0.1533280274536917 0.0023657012163940463 -0.0017297513357538152 0.01703364492294479 -0.306840896604349 0.9516068132753122
1551 1783354958.95154 0.2335676285048921 0.15317072057095454 0.0023428466992812752 -0.002350101023554707 0.017680494344509023 -0.31823738381731076 0.9478432595561499
1552 1783354958.975658 0.2337245758612124 0.15300328574222294 0.002329076532241128 -0.003059490983237545 0.018166833384511305 -0.32633501460914904 0.945074634047359
1553 1783354959.00757 0.23394261246034506 0.15281131591693642 0.002319652493189944 -0.00396373727625865 0.018619676647496197 -0.3364372385621145 0.9415134523399261
1554 1783354959.0356 0.2341054593458523 0.15270507853717125 0.0023160052374406118 -0.004748081826864148 0.018115052608381643 -0.34454836814087364 0.9385817612757145
1555 1783354959.067562 0.234270687641985 0.15251946120087728 0.0023259614142487946 -0.005927907050893633 0.01779831658112585 -0.3554659039265865 0.9345009743122416
1556 1783354959.091569 0.2344042890982038 0.15237869877916063 0.002320423003634402 -0.0063672658774796 0.018232797810057155 -0.3635552089507117 0.931372445938824
1557 1783354959.127599 0.23467821032311642 0.15215195513389304 0.002303047154784207 -0.007443008555943709 0.01831333215150599 -0.3744648422754888 0.9270303691836306
1558 1783354959.151601 0.23477217591216482 0.15196857105555123 0.002282229125257891 -0.008209852295267717 0.01797016594719064 -0.3820902578985662 0.9239137980786561
1559 1783354959.175624 0.23485002192707838 0.15174712786105182 0.002305365970374418 -0.00842086255263752 0.018396366186664403 -0.39020656470566717 0.9205050242370206
1560 1783354959.207581 0.23501794149749156 0.15154039495396654 0.0022836210375668034 -0.008936617373247968 0.018110398733252348 -0.40089050876793575 0.9159033520560085
1561 1783354959.231673 0.2352657096799946 0.15120093342670132 0.0022615321119264058 -0.00941033831057092 0.01827518429153141 -0.40855965316207754 0.9125001221808544
1562 1783354959.259959 0.23537473288563146 0.15104983138043424 0.002207977470267613 -0.010203038812752752 0.018201543949876775 -0.41608041676221075 0.9090883832630419
1563 1783354959.291637 0.23555769247515596 0.15075462229636294 0.002171132204429842 -0.011086986220219197 0.01780542443748634 -0.4257276888920566 0.9046081917094174
1564 1783354959.315772 0.23571486710200168 0.1505235377703747 0.002120892206670291 -0.011655241533539251 0.017681025982994036 -0.4328059361145624 0.9012383471252102
1565 1783354959.347582 0.23589900821336918 0.1502517900250774 0.0021030777603570847 -0.011936940660396744 0.0179247579404955 -0.4417861635253324 0.8968618612796583
1566 1783354959.375655 0.23601767620388953 0.15003390421700638 0.0020897471761031905 -0.0122994676421887 0.018031503483614375 -0.44831854564125806 0.8936073352496311
1567 1783354959.407608 0.2362342352843627 0.1497052303263746 0.0020745144293273423 -0.013059384151033804 0.01792956369186216 -0.45675547824512325 0.889315701157066
1568 1783354959.431631 0.2364387198322949 0.14948554559687263 0.002054573965594773 -0.013228385459334802 0.01794124952094947 -0.46305115729121615 0.8860512102102404
1569 1783354959.463598 0.23660120245359528 0.14917256477234647 0.0020465606741535223 -0.013563323403225525 0.017963177652725926 -0.470762181136827 0.8819729753899342
1570 1783354959.49166 0.2367187548746858 0.14897331111832302 0.002055579779715674 -0.01383365718418983 0.01833216432366941 -0.4764326421106767 0.8789109734276618
1571 1783354959.515678 0.23683804902127226 0.14879691161622516 0.002029481349384469 -0.01403185938304996 0.018274609288799426 -0.4820525385316894 0.8758393092758227
1572 1783354959.547639 0.23698110041713874 0.14854031415454572 0.001993112313885709 -0.014261377851386592 0.018177356874320205 -0.4892790169755641 0.8718212204037415
1573 1783354959.571828 0.23708147376358904 0.14831284716959342 0.0019620660048773886 -0.014550693251744962 0.018013391362401432 -0.4945473971070372 0.8688421416299817
1574 1783354959.599918 0.2371740358254764 0.14807450954752174 0.0019352382010306719 -0.015027087580969822 0.01771862758956244 -0.4998386501142409 0.8658068841994443
1575 1783354959.631691 0.2372966499221396 0.14779754228127306 0.0018635036853122677 -0.015890318247916424 0.017618190693759028 -0.5068001539969528 0.861737025461552
1576 1783354959.655753 0.23738928505743448 0.14758979863920357 0.001819056561539082 -0.016438942935776912 0.017193385625632163 -0.5118133241996012 0.8587672966628599
1577 1783354959.687619 0.23750049408790858 0.14729898540393643 0.001806579096868816 -0.016721911479191665 0.01719922390839479 -0.5185293417791041 0.8547232804174459
1578 1783354959.715708 0.23763319238258412 0.14697303406573103 0.0018069877853664224 -0.016955955533731637 0.01730486466796677 -0.5236641053301822 0.8515802616427306
1579 1783354959.747687 0.23771743961035194 0.14673474378273774 0.0017705696560828318 -0.017883875948430772 0.01679345139318955 -0.5301319265602867 0.8475601969257668
1580 1783354959.771665 0.23782151191842565 0.14651910532292575 0.0017532738016833391 -0.01851842250323532 0.016837968066719666 -0.5350240680813205 0.8444659835855381
1581 1783354959.803636 0.2379269674521053 0.1462203973192513 0.0017318921944603684 -0.018934371780991555 0.016763611839438308 -0.5413424263406221 0.8404218276121842
1582 1783354959.831719 0.23800268759349893 0.14604301457978103 0.001727385925926082 -0.019306188028584415 0.01693853085575192 -0.5460917710899122 0.8373315560900215
1583 1783354959.855733 0.2380576137164829 0.14587521948575483 0.001716369877420543 -0.01932765879494136 0.017310180959781984 -0.5509154046211726 0.8341576686644652
1584 1783354959.887681 0.23812880792675367 0.14558885721238363 0.0017108321364694146 -0.019680803976983796 0.017393432280025545 -0.5567873082614299 0.8302397411756024
1585 1783354959.911651 0.23819965719700634 0.14529145418556322 0.001696886935595547 -0.020185968725873193 0.01716304431621829 -0.5607934195044391 0.8275316895544942
1586 1783354959.947721 0.2382793066882851 0.14498431756490993 0.0016923166424036695 -0.020329638109464088 0.017046091737841107 -0.5658664088359734 0.8240699872716412
1587 1783354959.971747 0.23834790119457833 0.14475946442534696 0.0016694952949361033 -0.02084568224432015 0.01688315279080066 -0.5696695265124403 0.8214359666137727
1588 1783354960.00369 0.23841728161693598 0.14449372904233998 0.0016505960142627896 -0.02150770720123396 0.01675548945407801 -0.5748772599870167 0.8177853068219803
1589 1783354960.027716 0.23848704922511615 0.1442871583581783 0.0016441813095756323 -0.021832564629260087 0.016714089559992207 -0.5789544685601973 0.8148961293723693
1590 1783354960.056001 0.23855246716404688 0.1440910566981907 0.0016353964824463996 -0.021890818571375203 0.017086170549844848 -0.5826487292905381 0.8122495386852109
1591 1783354960.087761 0.23862755004913974 0.14382400817661453 0.0016083831650871797 -0.0228258440548349 0.016848397602798992 -0.5873513585753897 0.8088346517806012
1592 1783354960.119727 0.23868902544828455 0.14357591291996086 0.0015957171560022354 -0.023823310927075236 0.01660487806045341 -0.5920547961830264 0.8053743515892126
1593 1783354960.143696 0.23872966473570506 0.14332560552972545 0.001588915584058482 -0.02441064010284566 0.016690900183068624 -0.5956661051287924 0.8026876264784095
1594 1783354960.171749 0.2387761415456501 0.1431216282920595 0.0015830943076634851 -0.02497694821663987 0.016559208849207807 -0.5995299769452996 0.7997910673444911
1595 1783354960.203763 0.23878557987277704 0.14282960902447586 0.0015792280295050844 -0.02543126514783156 0.01658818820120589 -0.6043008077343055 0.7961775031592191
1596 1783354960.227961 0.23882001657167157 0.14259430814841142 0.0015701254107951257 -0.025933187265422375 0.01682680398861025 -0.6079661180927153 0.7933609063453152
1597 1783354960.259709 0.23885119974766192 0.14230237447360988 0.0015652120805582405 -0.02628488345451152 0.017040934068326852 -0.6123210100416726 0.7899884126551527
1598 1783354960.287772 0.23888238677729523 0.14207474822233618 0.0015593168083401863 -0.026398367083467766 0.01741770999000336 -0.6154286196828892 0.7875578478240468
1599 1783354960.3198 0.2389228604738048 0.14178718672450286 0.0015485705129610686 -0.026721801633330045 0.01709708153759515 -0.6195738395054975 0.7842970690502304
1600 1783354960.343748 0.23893737818036126 0.14160652613886698 0.001525573014339622 -0.02651955760416347 0.017174364012211396 -0.6227686426647918 0.7817678504509561
1601 1783354960.375717 0.2389270578821725 0.1413347611493692 0.001530997680823508 -0.02575824985388786 0.017906173469910747 -0.6270523229222639 0.7783452099383174
1602 1783354960.403786 0.23895431271063033 0.14112707117175474 0.0014956343779668826 -0.025420162772159638 0.017976845322498547 -0.6305254746268144 0.7755438570471166
1603 1783354960.435765 0.2389675767861227 0.14082842486707547 0.0014720898886237468 -0.02417608662068338 0.0187515137139741 -0.6351719019013914 0.7717645707105977
1604 1783354960.459935 0.23896480631266756 0.14056772135678808 0.0014796272774369491 -0.02331524735050594 0.01911202150823288 -0.638467524334838 0.7690580928932461
1605 1783354960.491749 0.23898850027907242 0.14032077495913314 0.0014411085503290618 -0.02269607642097815 0.02007287098958266 -0.6428213092328555 0.7654167050447006
1606 1783354960.519813 0.2390127522064857 0.14009938612169803 0.0014298678356983313 -0.02222117457412265 0.020600420954023924 -0.6459285184443873 0.7627962972624489
1607 1783354960.551814 0.23901887631594868 0.13981185090018228 0.0014051153763159872 -0.021563641029970437 0.021681789399734752 -0.6498662830562122 0.7594331593633895
1608 1783354960.575815 0.23902410335347596 0.13959299192511504 0.001408823223710996 -0.021275487596205456 0.0224299534055995 -0.6528365385705056 0.7568676930118284
1609 1783354960.60776 0.2390257619868757 0.139295276332503 0.0014030760353043042 -0.021048795354003502 0.023091749800714156 -0.6568258394851973 0.7533946747156184
1610 1783354960.635822 0.23901321272514095 0.1390619728754608 0.0013858006511745513 -0.020756589510747436 0.02390156240765251 -0.659823411352981 0.7507535848311816
1611 1783354960.659799 0.2390101285553176 0.13883111519606484 0.0013652551305356059 -0.020778374589574433 0.02437859505266804 -0.6627916986383373 0.7481183779782321
1612 1783354960.691796 0.23901122493139293 0.138576097301657 0.0013566380582726648 -0.020703633602435434 0.02500971452836176 -0.6667744590997621 0.7445520092156662
1613 1783354960.727829 0.23903430313202223 0.1383117345617426 0.001341772786474009 -0.020584555604974297 0.025417668317553765 -0.6707191229634636 0.7409899299578686
1614 1783354960.751821 0.23904470595323873 0.13809476069149043 0.0013140715149691194 -0.020388410881412078 0.025845124060569713 -0.6734907302112758 0.7384623068129523
1615 1783354960.776139 0.23903725829022854 0.1378896636661719 0.0012932326681090178 -0.020039926199845515 0.026451067064518607 -0.6756619092592633 0.7364643418286999
1616 1783354960.807803 0.23907076754975898 0.13760493018790743 0.0012924077837970904 -0.019773027326504766 0.026565738996557786 -0.6788361120011678 0.7335426517558813
1617 1783354960.843847 0.23907921299935878 0.13731340721378704 0.0012871928493300225 -0.019799574277498788 0.026237361607660437 -0.681923372929193 0.7306846728700223
1618 1783354960.86784 0.2390738589130126 0.13711923427221193 0.0012743458500344505 -0.01958413758134414 0.025918464190881174 -0.6843293421739565 0.7284490690562664
1619 1783354960.891892 0.23906548748414902 0.1369036326103814 0.0012619225027676404 -0.019436871682618873 0.025852228657551657 -0.6867906625685677 0.7261352877400046
1620 1783354960.923822 0.23906878149254654 0.1366225838079816 0.001250463836117259 -0.019622729144981532 0.02600467650081706 -0.6899623638473897 0.7231117768195405
1621 1783354960.947807 0.23908272782458273 0.1364078791640088 0.0012271934024683153 -0.019820761712944446 0.025949963396793896 -0.6924199244033198 0.720755426683785
1622 1783354960.98388 0.23907512446423718 0.1361275978092176 0.0012316679651416529 -0.019904714990940375 0.026319526658732384 -0.6953774318843706 0.7178866986255472
1623 1783354961.007912 0.23908127353793787 0.1359073060569552 0.0012256707939990834 -0.019910073214115642 0.026520858389538104 -0.6979625625427229 0.7153659862921121
1624 1783354961.039839 0.2390990661820956 0.13563368047265886 0.001203288369152785 -0.020263892201010436 0.026785198616317896 -0.7014113118965328 0.7119649565473957
1625 1783354961.063989 0.23911173888206114 0.13542119713388925 0.0011890157163293776 -0.02040314647022312 0.02710538814960295 -0.7043365583515492 0.709055020514536
1626 1783354961.092224 0.23909905564362585 0.1352072976584716 0.001181788645066989 -0.02043534119069379 0.027543545868457753 -0.7073705598133547 0.7060103689187244
1627 1783354961.123871 0.2390703081864312 0.13493245830888756 0.0011639261338263745 -0.020917932997265853 0.027622252122749713 -0.7109597528949064 0.7023785881064447
1628 1783354961.155846 0.2390767416248797 0.13463103828391096 0.001154671274998867 -0.021076008957682912 0.02787532849675567 -0.7146783005383832 0.6985797697093596
1629 1783354961.179849 0.23906562040025467 0.13443327753317919 0.001141394462566652 -0.02071645314820514 0.028050629092514323 -0.7176447141590498 0.6955358042660694
1630 1783354961.207915 0.23906120000890504 0.13422412740260384 0.0011403991681337346 -0.02084249822595141 0.0282324550493519 -0.7203366485508294 0.692736336208912
1631 1783354961.239885 0.23903692853324568 0.13394962742182323 0.0011256068273466802 -0.02129829820335094 0.02778349522619139 -0.7233323419145699 0.6896120525534929
1632 1783354961.264025 0.23903151420171406 0.13374482938692006 0.0011160713229384622 -0.021604988900099875 0.027796314790375476 -0.7255221043661563 0.687297799658056
1633 1783354961.299998 0.23900539080785632 0.1334757894530162 0.0011063266944436496 -0.02177315902641508 0.027707716854073472 -0.7282696343799694 0.684384067328288
1634 1783354961.323923 0.23898912590869603 0.1332686447322066 0.0011055955984907804 -0.021948685216585884 0.027562093412041633 -0.7304069992824272 0.6821027793692455
1635 1783354961.355884 0.23897436691426957 0.13298622884589384 0.001084645770844831 -0.022558208704579585 0.02707993279112486 -0.7332187602715395 0.6790788275641757
1636 1783354961.379886 0.2389625676162271 0.13278400010872315 0.0010673960782752769 -0.022954669396651473 0.027001506611513015 -0.7354132735303064 0.6766914502999413
1637 1783354961.415921 0.23893919041237247 0.13250088864030382 0.001054664747996736 -0.023030497529684224 0.027093119099128815 -0.7385146187676033 0.673299128877765
1638 1783354961.43994 0.23892224307575977 0.13229614265259548 0.0010465797880898128 -0.023485049578599315 0.026831638141230685 -0.7408361441985194 0.6707386399261783
1639 1783354961.471895 0.23889163106223818 0.13202909988287811 0.0010341508933460475 -0.024133209485164397 0.02645517174998535 -0.7438973581792004 0.6673338239454304
1640 1783354961.495917 0.23887475109487363 0.13179866040501648 0.0010175925264387983 -0.02473189827496025 0.026550799646199774 -0.7463442614619058 0.6645702608669357
1641 1783354961.531924 0.2388557832027977 0.13152624805620558 0.00100958146671889 -0.025663022979490746 0.02667266075040664 -0.7498554284558168 0.6605655265266206
1642 1783354961.555954 0.23882912712250215 0.1313237901330975 0.0010003361466943434 -0.02667039259856674 0.02630476692980732 -0.7524227527357847 0.6576144391365741
1643 1783354961.580204 0.23879508406426375 0.13112411469803678 0.000994543206160185 -0.02737491731864572 0.02593472975883193 -0.7548294126796397 0.6548362859889821
1644 1783354961.611917 0.2387648919738779 0.13085648377647616 0.0009888730175850093 -0.02824940254928965 0.025775833864473796 -0.7582696916735333 0.6508184480586917
1645 1783354961.647938 0.23872734851888752 0.13059536187339058 0.0009777915541745192 -0.028824090723769125 0.02564890390617558 -0.7618943997157195 0.6465510259864904
1646 1783354961.671975 0.23870341064933942 0.130397742088731 0.0009694237618064674 -0.030020711969632297 0.024762197734347957 -0.7642661141088973 0.6437257935185503
1647 1783354961.695956 0.2386623748507883 0.13019867499505275 0.0009680092467219976 -0.0308793091053855 0.024029308793265702 -0.7668098529159529 0.6406806615304592
1648 1783354961.727933 0.23861967941645398 0.12993624292509492 0.0009544493173419422 -0.03232556719954416 0.023187562882694746 -0.770254122435713 0.6364950757889479
1649 1783354961.752272 0.2385733960055216 0.12974101768870264 0.0009504069492667268 -0.03383222921588991 0.022013605958832283 -0.7724793508562593 0.633755815689028
1650 1783354961.780193 0.23853390024022264 0.12953475048139057 0.0009415743864154454 -0.034532737293569316 0.02207044545970449 -0.7747490761358398 0.6309391844852295
1651 1783354961.811959 0.23848432376336187 0.12927386335584093 0.0009321598739031028 -0.03429175497430692 0.022473642391879434 -0.7779624469312547 0.6269716437791735
1652 1783354961.843939 0.23843029661287843 0.12900875275693943 0.0009191036611783162 -0.03470067930071641 0.02251054536958985 -0.7811956103697069 0.6229145660059119
1653 1783354961.871982 0.23838069593028352 0.12880545675378832 0.000911161370219786 -0.034436939449114856 0.02290996527486744 -0.783494977219602 0.620020041098784
1654 1783354961.896242 0.23833142132278162 0.12860627122368717 0.0009032172719820007 -0.03437650131448533 0.02289118196684059 -0.785591335749315 0.61736577742951
1655 1783354961.927979 0.23826383658959344 0.12833085480755632 0.000888292425212123 -0.03452220780574555 0.023009929067448254 -0.7882053920497744 0.6140122313734387
1656 1783354961.959938 0.23819820606188644 0.12806457443171987 0.0008799987025993258 -0.034474910262368264 0.02325826315213131 -0.7905220321656764 0.6110200081979289
1657 1783354961.987976 0.23815340783602992 0.1278694119744175 0.000875032216007425 -0.03454685264792412 0.023488974622556946 -0.792314159872234 0.608681406902872
1658 1783354962.012029 0.23810447441389593 0.12766760681915595 0.000870232060012438 -0.03468205044099859 0.02352477808069997 -0.7941493835853639 0.6062759245957641
1659 1783354962.043986 0.23803013356476563 0.1274109108713066 0.0008668927349038992 -0.03474852102072479 0.023381557613394888 -0.7966604461648619 0.602974275211511
1660 1783354962.068138 0.23797785457465814 0.1272172111312412 0.0008607250810527909 -0.03500773968390214 0.023213038629817495 -0.7986016822266511 0.600392343509274
1661 1783354962.104006 0.23790133578578934 0.12695965702876832 0.0008588005545854017 -0.03519297261382104 0.02311191854050698 -0.8013786948539129 0.596673680778882
1662 1783354962.128038 0.23784499314880372 0.12676836888109236 0.0008546755857170157 -0.0357576444397123 0.023014561313188908 -0.803549660217908 0.5937168217217443
1663 1783354962.16 0.23777192733401223 0.12650465375653444 0.0008468390685849054 -0.03585922322670232 0.02300514441454371 -0.8066995641972714 0.5894240345998593
1664 1783354962.184088 0.2377213506604051 0.12631570235703807 0.0008456881868174389 -0.03589185934040373 0.022906494585313464 -0.8090918790888395 0.5861376955386784
1665 1783354962.22003 0.23764249779794724 0.12605958766723052 0.0008393364454806328 -0.03600377905548047 0.022970859257361975 -0.8122246739818609 0.5817792936275429
1666 1783354962.244052 0.23759824868336005 0.1258790721731202 0.0008354579313995664 -0.0363057858425585 0.02293865565352482 -0.8144798481888941 0.5786002807511931
1667 1783354962.276023 0.23751444289763246 0.12562334204303768 0.0008287197226130773 -0.03711935355705731 0.02304842546547814 -0.8170857964636804 0.5748580041126519
1668 1783354962.300029 0.2374461089681077 0.12542777526891982 0.0008261465091911405 -0.03733214551674735 0.02315784550611366 -0.8189044705621101 0.5722460075841698
1669 1783354962.328061 0.23737452550264573 0.12522050297590676 0.000816600866284314 -0.03782533633301077 0.023219326887533587 -0.820767733858426 0.5695352788432764
1670 1783354962.360062 0.2372763013914228 0.1249562359050676 0.0008103227207732801 -0.03808946117302314 0.02342654521521803 -0.8232233148840213 0.5659538530288417
1671 1783354962.384159 0.23722143652799274 0.12476596086306935 0.0008002198640486916 -0.03866454091199678 0.023412809193156248 -0.8253230641336788 0.5628487660559851
1672 1783354962.416025 0.2370921275614106 0.12449807552124079 0.0007852196584219109 -0.039209496072973304 0.023446680400864728 -0.828153525958712 0.558636380875822
1673 1783354962.444062 0.23701804249610492 0.12430791794577309 0.0007834271781342796 -0.03949118595526546 0.023524486738594308 -0.8304925621219678 0.5551298487882109
1674 1783354962.47607 0.23691706684699199 0.1240572944051313 0.0007854156206599499 -0.03942735369755923 0.023736415117818654 -0.8338858736212795 0.5500149235726586
1675 1783354962.500233 0.23683661054825855 0.1238648712494059 0.0007812747691233312 -0.039590335822897615 0.023777827316697198 -0.8364544446210281 0.5460871563324438
1676 1783354962.532026 0.23673025141437792 0.12361630117762729 0.0007741946199974221 -0.0397236388312604 0.023707708731360633 -0.8399911818850045 0.5406244458218162
1677 1783354962.560076 0.2366456511862331 0.12343890625132031 0.0007706244230165533 -0.039508424819076765 0.02375010628720664 -0.842631209657943 0.5365143626502963
1678 1783354962.592104 0.23652855262734895 0.12319389623139665 0.0007636910249958755 -0.040346367749708456 0.023709042215190657 -0.8459827974541585 0.5311526695200541
1679 1783354962.616076 0.23644985416900619 0.12301651031864444 0.000763485778546665 -0.040422683799443276 0.02383779929971719 -0.848660154237787 0.5268526440743106
1680 1783354962.648042 0.23633313646467066 0.12278063458245908 0.0007576581531187482 -0.04077080681620143 0.023748069903842095 -0.8521046093724636 0.5212403525952298
1681 1783354962.676092 0.23624166043313108 0.1225941268657797 0.0007517836370496056 -0.04094948019106778 0.023815892847720455 -0.8546644716397785 0.5170150715759122
1682 1783354962.700213 0.23615349720058876 0.12241546556668173 0.0007521623124170599 -0.041205881700248054 0.02425001648622538 -0.8572591013879767 0.512660555437223
1683 1783354962.732087 0.23601670358535115 0.12218234925684415 0.0007441231004680733 -0.041889793892005284 0.02421291544350268 -0.8604720576866676 0.507195049102299
1684 1783354962.764052 0.23590136225690986 0.12195078096067868 0.0007371159922244207 -0.04272035582447625 0.02421424497672936 -0.8637847704538886 0.5014623733345904
1685 1783354962.792109 0.23581335724085228 0.12178188373815088 0.0007388633784093709 -0.042601946280097946 0.024396189885398822 -0.866295977559702 0.4971128436845137
1686 1783354962.816229 0.23571655137613073 0.12160426496781837 0.0007335974958646392 -0.042383778153403134 0.024424918494619918 -0.86883369835396 0.4926814826138226
1687 1783354962.848102 0.23558144599011138 0.12137265676905551 0.0007334300886280721 -0.04237692369140289 0.024560504617659573 -0.8721580544453384 0.48676617180891
1688 1783354962.872098 0.2354772094628408 0.1211987502755296 0.0007307629667896876 -0.042350386636505644 0.024663544000055382 -0.8745695959306756 0.48241701485618277
1689 1783354962.908156 0.23533455340320947 0.12096514989806659 0.0007216016998768887 -0.04207666195200807 0.024563013548104584 -0.8777933847218722 0.4765553342718257
1690 1783354962.932138 0.23523918343770864 0.12080486832376236 0.0007321490770832171 -0.041913063035124015 0.02474137272108029 -0.8801059664805586 0.47227602880964903
1691 1783354962.964113 0.23510618010093193 0.12059003237380297 0.0007366423804017449 -0.04204544161747381 0.024860117868192977 -0.883220518164041 0.4664071951340527
1692 1783354962.988116 0.23500246196647462 0.1204265520993508 0.0007412903877344421 -0.04205872508369235 0.024729572346044004 -0.8856429903460102 0.4617964979803255
1693 1783354963.016353 0.23489606446755518 0.12026986889165828 0.0007411917964543066 -0.04214805053086479 0.024512400406706214 -0.8880734844774939 0.45710848846936963
1694 1783354963.04817 0.23476445349075775 0.1200678443342193 0.0007463511930604948 -0.042599712847221416 0.024715948095286877 -0.891492813335849 0.4503498086439236
1695 1783354963.080125 0.234616859929955 0.11985218457476662 0.0007498609506359655 -0.042853091317030745 0.025198051524697562 -0.8947590862416042 0.44377342006030807
1696 1783354963.104113 0.2345045368234449 0.11969647855648705 0.0007530749027887277 -0.043011007510261684 0.025139222517418125 -0.8970652414857911 0.43908088690150426
1697 1783354963.132166 0.23439125304633063 0.11953658502169673 0.0007513215164531208 -0.04400253989160763 0.02489870787483406 -0.89936071513436 0.43427426230697075
1698 1783354963.16418 0.23424251578505131 0.11933083454135404 0.0007505001250066945 -0.044449896198773486 0.02510909466176281 -0.9024225461181757 0.42781688647220795
1699 1783354963.188403 0.2341196994958972 0.11918343540814205 0.0007559964523497554 -0.04451073081344492 0.02554675707431786 -0.9045373878965121 0.423294545137064
1700 1783354963.220126 0.23396965860575536 0.11898330451079808 0.0007540960006004994 -0.04617481633415177 0.025077035369273748 -0.9076005749026113 0.4165335821636058
1701 1783354963.248175 0.23384616829639085 0.11883199491351804 0.000750927100236414 -0.047152930763877055 0.025198477631829364 -0.9100819937928123 0.4109652082835177
1702 1783354963.280182 0.23368915252815753 0.11864505983929256 0.0007520687628627385 -0.047305146848939716 0.02537802939307343 -0.9138870337555578 0.4024036136010617
1703 1783354963.304164 0.23357508183680084 0.11851141228583538 0.0007685081639605598 -0.047133083991304336 0.02531229526058365 -0.9168878590848671 0.3955431884951103
1704 1783354963.336136 0.23340007036264437 0.11832138782747145 0.0007778648582678835 -0.04750519556076771 0.02512463869463577 -0.9207129912420527 0.38652244007729875
1705 1783354963.364197 0.23323047050682658 0.11816893068906972 0.0007706440555844485 -0.048094008752694345 0.02494936403425624 -0.9232592547151031 0.3803378026692781
1706 1783354963.388417 0.23309320196250666 0.11802848325020304 0.0007727733002030385 -0.048358540025906116 0.02484393755050851 -0.925829362421497 0.3740109918862729
1707 1783354963.420173 0.23292207599217932 0.11785950176914238 0.0007873385935169711 -0.048765215010368373 0.02486346867263356 -0.9291363511341756 0.36566296330313186
1708 1783354963.452155 0.23274313475220695 0.1176855473548153 0.000795449103825523 -0.049021821400372256 0.02492551829571832 -0.9324889469484934 0.3569873154373555
1709 1783354963.480198 0.23259361651905355 0.11754669720754211 0.000797252489680073 -0.04974026289975697 0.02494189269180025 -0.9349361376557095 0.350425779218707
1710 1783354963.504232 0.2324244010776042 0.11741563268103156 0.0008004090575706607 -0.05006737408174056 0.025059953571082705 -0.9371812042601781 0.3443205587254652
1711 1783354963.536236 0.2322291280998744 0.11726011901683081 0.0008064922177653524 -0.05081695432974653 0.025032806978038447 -0.9402302670755013 0.33579464052092933
1712 1783354963.560368 0.2320856519226786 0.11713838653411585 0.0008147024831566454 -0.05103192872291762 0.025248857507118694 -0.9424870407185759 0.3293575800295867
1713 1783354963.588472 0.23195759233159896 0.1170244969566594 0.0008203670586620555 -0.05154530343415542 0.02554505708007082 -0.9447204967324497 0.3227905122618231
1714 1783354963.620252 0.23176923800437316 0.11687096766080411 0.0008260330501072568 -0.05227106659761635 0.02587896076422047 -0.9476361431443965 0.31398050129414845
1715 1783354963.652219 0.2315772792586434 0.11672664926372969 0.0008393299974798266 -0.05270162535682926 0.026054352686162685 -0.9505398084043808 0.3049881670317988
1716 1783354963.676196 0.23143421861525454 0.11665605507579178 0.000850805751400682 -0.05327070358911934 0.026143779407620138 -0.952607814005697 0.29835731536648036
1717 1783354963.704482 0.23129231030271025 0.1165702908061844 0.0008622503437057966 -0.053560563563672725 0.02631312055561552 -0.9547502422495264 0.2913603621665757
1718 1783354963.736265 0.23111193789279783 0.1164582316727934 0.000878632428354864 -0.053176848251267866 0.026396140352506037 -0.9576789277563863 0.28164967231639093
1719 1783354963.768226 0.23093141478426044 0.11638413490003291 0.0009006944041388314 -0.05278052746499601 0.026017686397163897 -0.9604517631961567 0.2721575030904892
1720 1783354963.792212 0.23079010899836458 0.11631832588357696 0.0009097288983527969 -0.05275828857211229 0.026032886882760065 -0.9624528988838303 0.2649967343527132
1721 1783354963.820256 0.2306518770775732 0.11627985446079148 0.0009297582735275593 -0.0524418699994012 0.025670824779315482 -0.9644211404566664 0.25784243806320706
1722 1783354963.852286 0.2304612828819493 0.1162563011656729 0.0009544513049543914 -0.05195805253291716 0.02498519149239542 -0.9669258436685232 0.24845626140025087
1723 1783354963.87647 0.23030399724668474 0.11625285282966259 0.0009608866407579439 -0.051670820384110056 0.024735111690650236 -0.9687718228341398 0.24124563385293077
1724 1783354963.908222 0.23012208040605206 0.116214134289261 0.0009872782747893214 -0.05201321136653461 0.024447787160696677 -0.9712464159677274 0.23103534581559101
1725 1783354963.936274 0.22997043208383566 0.11620596951548263 0.0010066176655253913 -0.052046652968717494 0.02452654230967599 -0.9730032147357762 0.2235046727720266
1726 1783354963.968309 0.22976414397757075 0.11620617030092081 0.0010258607738192018 -0.051825007662835126 0.023906229313438332 -0.9752525463133491 0.21360040189589843
1727 1783354963.992275 0.22961187629176677 0.11620879063020893 0.0010508911135992407 -0.05186149901104814 0.023719088051862236 -0.9768668591564182 0.20610417090439864
1728 1783354964.024235 0.2294464059953843 0.11623297946038344 0.0010898203297597412 -0.052057605821668684 0.023369616455672926 -0.9790639771879799 0.19539087817931988
1729 1783354964.052291 0.22930786197326986 0.11627059434535904 0.0011310784543090866 -0.05117419288921876 0.022789056269530372 -0.980659685103304 0.1875325116068407
1730 1783354964.076328 0.22911138088673086 0.11632019932569757 0.0011650517202023668 -0.05137358865748573 0.02258516419729073 -0.9819612521118652 0.18056235515059835
1731 1783354964.108276 0.22885812158752644 0.11638362010008353 0.0012049460632760547 -0.05122475941097743 0.02215161908435681 -0.9837770748394651 0.1704933922928823
1732 1783354964.132476 0.22864951797909294 0.11642575954896628 0.001225381030891451 -0.05130806149499384 0.02195126228356553 -0.9850337685021049 0.1630769751385081
1733 1783354964.168339 0.22842829821106217 0.1164852262905044 0.0012511832233049209 -0.05107939379490492 0.02118854748195781 -0.9866191612412443 0.15337722013641295
1734 1783354964.208339 0.2281577556660422 0.11661254801303138 0.001272116558551313 -0.05093171955758563 0.020915271988178497 -0.9883459269605981 0.1419184272776593
1735 1783354964.248296 0.22785683729340078 0.11672127989756595 0.001337237419894121 -0.050217254267919065 0.020253012246339297 -0.9899587376335475 0.13057465547239294
1736 1783354964.28434 0.22755500270154816 0.11679100989172768 0.0013984886745665457 -0.05005335757548543 0.020220329389002978 -0.9910908421979742 0.12175689789958952
1737 1783354964.316388 0.22733416591779745 0.11690432297775427 0.0014551570801964687 -0.049620533277539874 0.020705408206783238 -0.992138050545812 0.11300963413532047
1738 1783354964.348333 0.22715213074932739 0.1170735380054364 0.0014885009718328002 -0.04985916236006907 0.020954597927921204 -0.993021333387133 0.10480267263992663
1739 1783354964.392343 0.2269031701474646 0.11724605220064312 0.00152520903390772 -0.0494194487771176 0.021201258682486013 -0.9941103963343451 0.09408902493285645
1740 1783354964.416348 0.22673409871940192 0.11730278839703719 0.0015895759944347422 -0.04927956090845673 0.022229292311718107 -0.9947318348118047 0.08709741817029118
1741 1783354964.44046 0.22655776185581386 0.11733563986360118 0.0016256827321245613 -0.04954579277278831 0.022318605513843126 -0.9953125750998244 0.07999982571599829
1742 1783354964.472325 0.22624316098463 0.11737129031645444 0.0016479814782469644 -0.04980313795252625 0.021574422797591808 -0.9960588239650141 0.07014991755138136
1743 1783354964.50035 0.22581172800463786 0.11719190280356534 0.001643681196801243 -0.05081132319142545 0.02071620401633195 -0.9966477467103378 0.060682100358311786
1744 1783354964.524595 0.22559725950620166 0.11717264023887135 0.001657055886561282 -0.051122836288361645 0.020470703244079735 -0.9970805716570036 0.052893662594579144
1745 1783354964.556341 0.2252894531896315 0.11713990007756817 0.0016829449275043108 -0.05109312254094028 0.02017653991834928 -0.9976003880405684 0.04214102332937569
1746 1783354964.580517 0.2246052038621777 0.11697134116108869 0.0016491631849396308 -0.05229121984634544 0.018809431202312377 -0.9978971659711029 0.03336285017302787
1747 1783354964.616356 0.22437937672527267 0.11687824508957256 0.0016237495137671884 -0.05184230019826214 0.018225442569297368 -0.9982161399159479 0.023339819292597153
1748 1783354964.640386 0.22424012429865872 0.1168174198165103 0.0016529254899740747 -0.04823385024229099 0.018575467528570533 -0.998539985419352 0.0156953883551762
1749 1783354964.672374 0.22405319478985775 0.1167372891653691 0.0016768166638304735 -0.036095725298854464 0.018470825210250008 -0.9991625000701873 0.005497789073364623
1750 1783354964.696375 0.22395310526793555 0.11669856527019155 0.0017189958845172408 -0.03038003311632914 0.01915505111956084 -0.999354554283822 0.00078258331279496
1751 1783354964.732403 0.22387629361620895 0.11665999841399263 0.0017265058329175922 -0.033662466583979256 0.01859428053857559 -0.9992441862563127 -0.005669859583349868
1752 1783354964.756411 0.22382816991123225 0.11664980662916649 0.0017217365260204414 -0.04051174192699336 0.019183634831828833 -0.998941326270979 -0.010344737244487812
1753 1783354964.780421 0.2237931458231988 0.11664724612055913 0.001742550941929039 -0.04091709695888923 0.019077142855723705 -0.9988902962259247 -0.013417522222962608
1754 1783354964.812394 0.22376638148190406 0.11664465143071133 0.0017305857481776108 -0.038017431533056145 0.01886185052999928 -0.998976325736882 -0.01565905844718618
1755 1783354964.83638 0.223738455452227 0.11663708184726623 0.0017313568066026465 -0.037582476486144656 0.019070705125329213 -0.9989865014568229 -0.015806187846805653
1756 1783354964.864421 0.22372756443918607 0.11663726824439352 0.00172852689162127 -0.038671397105745076 0.01897618204928775 -0.9989363890290603 -0.01644743853321856
1757 1783354964.896418 0.22372685163092887 0.11663955665342815 0.001718641119425701 -0.039313070242812775 0.018875777959857565 -0.9989083374882917 -0.016742783844717668
1758 1783354964.920401 0.2237242337575196 0.116641566682276 0.0017260474314597825 -0.03949649124084731 0.018647171814133723 -0.9989022477180507 -0.016929550106898783
1759 1783354964.952409 0.2237337716891404 0.11664779134771826 0.0017165602338945086 -0.03957416363300631 0.018875744910360592 -0.9988944713203535 -0.016953671946174587
1760 1783354964.980422 0.22373311790404232 0.11664553854944429 0.0017259042512455152 -0.03992620825789134 0.018916551841731244 -0.9988839625316254 -0.016700040649197834
1761 1783354965.020526 0.2237471130758451 0.11665619422007409 0.0017127453815521717 -0.040561503448020064 0.018761805313099456 -0.99886506123104 -0.01647266072437842
1762 1783354965.072457 0.22375456792111573 0.11665974146743753 0.0017129349649242682 -0.04109481534471515 0.018897023538437252 -0.9988265780546582 -0.017308541960358803
1763 1783354965.120477 0.2237588199352887 0.11666164397716575 0.001719472897405934 -0.041801700146318954 0.018911841976564425 -0.9987226816786174 -0.021165188366796872
1764 1783354965.168531 0.22376316849063585 0.11666091303766209 0.0017237551384459834 -0.04256585003987015 0.018933231767008674 -0.9985887608811893 -0.025498387929649785
1765 1783354965.204654 0.22377728975442726 0.11666507892288788 0.001717308004976983 -0.042752796796803605 0.018794922604137343 -0.9984653289211953 -0.029764680287971357
1766 1783354965.244456 0.2237343698072744 0.11665688175632635 0.0017295951887903276 -0.050386957323805964 0.018942689764727016 -0.9978827198203907 -0.03650214404642635
1767 1783354965.276532 0.22372483667667767 0.11665807389234319 0.001741893881589341 -0.05736081706884488 0.021064140192481595 -0.9972869007713545 -0.0410472436713189
1768 1783354965.320471 0.22365720120133142 0.1166444516173215 0.0017343308375722764 -0.053924611363536545 0.019197836988054606 -0.9973983760185541 -0.04381847623802837
1769 1783354965.344487 0.22359193720001616 0.11663376024687842 0.0017405580950319837 -0.055424552070883176 0.019809296846306113 -0.9972877760363656 -0.04419052562073403
1770 1783354965.376458 0.2235038391018008 0.11661536476452952 0.0017450839138767604 -0.054742957753800614 0.01991353707188659 -0.9973187682798763 -0.04429372477409155
1771 1783354965.400443 0.22343675877339797 0.11661035982198892 0.0017482104682397855 -0.05445953800948586 0.019775160891112975 -0.9973824474458752 -0.04325916386616771
1772 1783354965.428491 0.22336712143533144 0.11659764760754489 0.0017572714487878822 -0.05331048584404524 0.01944448334133786 -0.9975038777863288 -0.04202282674805913
1773 1783354965.452539 0.22329587680363822 0.11657346638022582 0.0017622988670228578 -0.05262331409022489 0.01933533292851941 -0.997595926307515 -0.040734500480012564
1774 1783354965.48448 0.2231944171247819 0.11655763700771342 0.0017747871954647892 -0.052109328352826556 0.019244607657390778 -0.9977285210045669 -0.038105922751853094
1775 1783354965.50864 0.22311753480861593 0.11654580255314476 0.0017800558497380646 -0.05231711649599921 0.01914999792190647 -0.9977832827923974 -0.0363966685448289
1776 1783354965.536722 0.22303482936948815 0.11652225226911996 0.00179323445896275 -0.05272808925421785 0.019282699146037252 -0.9978111801264964 -0.034939589748753275
1777 1783354965.568519 0.22291720341125718 0.11653661703479118 0.001819176181811281 -0.052778327864989844 0.019004768742044265 -0.997864449384444 -0.03346352533008959
1778 1783354965.600496 0.222829796037994 0.11651146602900543 0.0018247437034578876 -0.05361969593093088 0.01957103298626428 -0.9978177153043194 -0.03319201562113164
1779 1783354965.624471 0.22276796456848313 0.11649299336649514 0.0018385992022886023 -0.05384695446573487 0.01983719604467371 -0.997785017915013 -0.033645938420375415
1780 1783354965.652518 0.22270238693730396 0.11648328750459956 0.0018421228304484078 -0.05388755597184902 0.019845466416223312 -0.9977587060917616 -0.03434899113798012
1781 1783354965.676749 0.22262268332596352 0.11647878526754153 0.001851755717282342 -0.05351223043180614 0.019696770260688556 -0.9977622799681003 -0.03491290747516479
1782 1783354965.708502 0.22253364959181426 0.11644725451241693 0.0018623725590267617 -0.05343788565717833 0.019718274468353614 -0.9977305391563057 -0.035907565544724795
1783 1783354965.732651 0.22245764643291902 0.1164347104209682 0.001864079930928103 -0.05298905597336892 0.019576984281220455 -0.9977290781397151 -0.03668226094419966
1784 1783354965.760824 0.22239477650601824 0.11641520075612427 0.001875179475802357 -0.05321379073073587 0.01957874535951104 -0.9977075620504414 -0.03694030094053438
1785 1783354965.792566 0.22230151949537333 0.11638889178927268 0.0018830942200362072 -0.05216585731036533 0.019548707986569214 -0.997747925305198 -0.03735838455157442
1786 1783354965.824512 0.22218894576969356 0.11641680252763041 0.0018789720622146263 -0.04403581895362654 0.018049259809701734 -0.9984764742894825 -0.02792492005090827
1787 1783354965.848503 0.22211695551249028 0.11639123381751587 0.0018893948255686308 -0.041263379846183224 0.019108701808039585 -0.998779354460261 -0.019287096796182013
1788 1783354965.876556 0.22205040356692163 0.1163819075738178 0.001888319279618255 -0.03754319868040368 0.018530280996075343 -0.9990569938990078 -0.011500428710622124
1789 1783354965.908558 0.22195806529621845 0.11636581885159399 0.0018861766111442947 -0.036743094710699586 0.018783710378408425 -0.9991477275047619 -0.0009673869808700664
1790 1783354965.932547 0.221915417091904 0.11638111368103178 0.0018831462457107795 -0.03854944427134965 0.01889056145075374 -0.9990615765278839 0.005749203428704108
1791 1783354965.964515 0.22186939910322923 0.11637675606464357 0.0018836123676133389 -0.04051688526396435 0.019616257136107595 -0.9988948671295663 0.013514025554329845
1792 1783354965.992551 0.22183789948814522 0.11638711003200358 0.0018856135063303765 -0.04182035530845407 0.019735276049582695 -0.9987655418268092 0.018137508663582047
1793 1783354966.016592 0.22186462531484621 0.11636420959605984 0.001884536853787427 -0.04247025840755808 0.01960318358407065 -0.9986784987515689 0.02128963305173065
1794 1783354966.04855 0.22185519255409505 0.11636515369617756 0.0019057169804240544 -0.0427729126723608 0.0196510748150176 -0.9985752188172055 0.025136538431286687
1795 1783354966.072575 0.2218535786840518 0.11636263504924965 0.0019037916850247272 -0.043310150174371204 0.01982137839389797 -0.9984987648181204 0.027047375235453947
1796 1783354966.100598 0.22185086494158593 0.11636364006914804 0.0019038219024434897 -0.04379901940933198 0.019853495601629856 -0.9984224705050999 0.02898370234580397
1797 1783354966.132591 0.2218534759327041 0.11634040446165371 0.0019069522867964945 -0.04439759430776688 0.019739941157258856 -0.9983309214124679 0.03121793866551456
1798 1783354966.156572 0.22185241523179117 0.11634533222535454 0.001907113626023021 -0.045030157169352936 0.019709838511433764 -0.9982440927018061 0.03305357162402428
1799 1783354966.188556 0.2218352061677701 0.11634994245497332 0.0018978103752909344 -0.046004677409973826 0.019904008756350067 -0.9981440720320209 0.03458050837057269
1800 1783354966.216599 0.22183956044983297 0.11635268533095124 0.001899583312487638 -0.04604829988838338 0.019806730622604185 -0.9981442440560464 0.03457333592838524
1801 1783354966.240623 0.22183915387740086 0.11635296959683372 0.0018972182106603928 -0.046351877293270366 0.01969168017931111 -0.9981305294455253 0.034629285177448094
1802 1783354966.272595 0.22183485222543078 0.1163576673634712 0.001894665577458203 -0.046890063644923485 0.019821259592804008 -0.9981017054775418 0.03466157991713986
1803 1783354966.296605 0.22183686110464484 0.11635847210819789 0.001895403802113782 -0.0471669399595229 0.01983368460763668 -0.9980890385866678 0.03464355326581056
1804 1783354966.332604 0.22184458749463562 0.11636349476346632 0.0018954884990147938 -0.047418557621430296 0.019730200876745596 -0.9980889179409677 0.034361482067789856
1805 1783354966.356647 0.22184451791837917 0.11636236571151959 0.001894197763615246 -0.047781425847658654 0.019717086482649582 -0.9980881011695332 0.033886784273461035
1806 1783354966.380664 0.221848793667484 0.11635443377715216 0.0018945584674510598 -0.04811259083112859 0.01962415815306784 -0.998090612710242 0.03339460794789337
1807 1783354966.412599 0.22186579134117346 0.11635438048572577 0.0018978469439491236 -0.04881015936097402 0.019519368997260034 -0.9980810382023658 0.03272313796066775
1808 1783354966.436603 0.2218725985815866 0.11636654665011657 0.0018940701411709095 -0.04965769088330951 0.01955693966474481 -0.9980526713010454 0.032287848425297305
1809 1783354966.464654 0.22187414096321814 0.1163691041305449 0.0018960984557176881 -0.050454410763828283 0.01953049998609152 -0.9980201109134039 0.0320744480414733
1810 1783354966.496684 0.22188289342196404 0.1163662518962734 0.001898928618270063 -0.05090665171931075 0.01983274167016391 -0.9979852870603595 0.03225743293607064
1811 1783354966.528624 0.2218868192346217 0.11636085091562588 0.0018961679074966688 -0.05045797341239444 0.019714105468746634 -0.9980075720253516 0.03234552743029401
1812 1783354966.552634 0.22187039876592213 0.11636579007252656 0.0018952968721599713 -0.050389211792626676 0.01952577785052656 -0.998026382597535 0.03198454272814627
1813 1783354966.580661 0.22187300390270615 0.11636754358845142 0.0018944752740665868 -0.04962854290745394 0.01951705277437632 -0.9980907681321928 0.031159443980513513
1814 1783354966.612631 0.22189678304904722 0.11637523298296171 0.001895411285976231 -0.047987980214481474 0.019584019863356894 -0.9982882384635817 0.027096362601007284
1815 1783354966.636636 0.22191709902636997 0.1163722546383085 0.0019013270700946865 -0.04720051549051807 0.019579118701667564 -0.9984120159675982 0.02371109064998045
1816 1783354966.672682 0.2219239228847611 0.11638329950757623 0.0018920028201765814 -0.04671890947724544 0.01955309819699036 -0.9985162341369772 0.020008748413259114
1817 1783354966.696686 0.2219400385711551 0.11638102493008055 0.0018922701815522946 -0.04667045063106118 0.019520420402569683 -0.9985709457827496 0.017230451640791344
1818 1783354966.720689 0.221942622970309 0.11638839384738915 0.0018859037867762826 -0.04680094478423613 0.01956195411472139 -0.9986045065929325 0.014698330884908684
1819 1783354966.752671 0.221966689164907 0.11639152612728465 0.0018937007683057193 -0.04710916191841197 0.01953649828180215 -0.9986416915880437 0.010668829382860456
1820 1783354966.776646 0.22199258019803936 0.11640501299443892 0.0018950869098003382 -0.047458541481978644 0.019528770481303415 -0.9986551707442306 0.007359613420790889
1821 1783354966.804692 0.22201777482005441 0.11640736368561222 0.001895739564678308 -0.04797253098253762 0.019534936518143642 -0.9986493801365111 0.004054390129708152
1822 1783354966.836711 0.22204175691696854 0.11641544214425228 0.0018911209011856847 -0.0489029428254143 0.019441210836953382 -0.9986141917068357 -0.00048746888174550085
1823 1783354966.860675 0.22206983091615556 0.11640022264954339 0.001884668080535003 -0.049871304152768525 0.0193291650015035 -0.9985592772130762 -0.004313501378882922
1824 1783354966.892654 0.22211728351210974 0.11639747111778956 0.0018876950233222946 -0.05123540810260324 0.019425083362442308 -0.9984561172322883 -0.009109393741898453
1825 1783354966.91295 0.22214029977806535 0.11639814022276786 0.0018880246866945834 -0.0518614017954202 0.019620027589777156 -0.9983984241574315 -0.011226582790331174
1826 1783354966.94472 0.22215766002818427 0.11640596246673558 0.0018916367675210835 -0.05233005402728225 0.01988810364123733 -0.9983159996998963 -0.01520504923549798
1827 1783354966.976705 0.22217745178656734 0.11641292169595856 0.0018885290884504448 -0.05190813362750635 0.019680254706874734 -0.9982814725052668 -0.01877058578462326
1828 1783354967.000715 0.22218536790953503 0.1164045593845487 0.001889719397681444 -0.05148882090277923 0.019523691910716456 -0.9982568322718495 -0.021237316186123234
1829 1783354967.028716 0.22220648357436654 0.1164084393664765 0.0018845578384485487 -0.051282857343187604 0.019481336207172184 -0.998210668199393 -0.023790922117957802
1830 1783354967.060722 0.22224541279402715 0.11640589494951152 0.0018843096178856687 -0.05148974948384549 0.019566394873670512 -0.9981114884784495 -0.02719224994502112
1831 1783354967.084705 0.2222701426438303 0.11640393255796903 0.0018830957489121246 -0.051908667248022344 0.01953018579109994 -0.9980233837801262 -0.02955313072360588
1832 1783354967.116689 0.2222833531641855 0.11640838785278393 0.0018805329444759964 -0.0522380101777567 0.01966725268047137 -0.9979016763734796 -0.0328120977029937
1833 1783354967.144727 0.2222898483864137 0.11641200533604609 0.00187848118503443 -0.052173077230830534 0.019561755101224987 -0.9978313940787156 -0.03504021604602925
1834 1783354967.168748 0.22229897317949115 0.11641633619568835 0.0018733175969415572 -0.05217233867939042 0.019475984574597927 -0.9977573911366611 -0.0371338327369658
1835 1783354967.200718 0.22229544760756664 0.11643367719958152 0.0018688736725134877 -0.052249510505010616 0.01945789565451206 -0.9976483175226677 -0.03986494064808624
1836 1783354967.224695 0.22229621227514873 0.11643773927748906 0.0018689200282979695 -0.05222911348831624 0.019541294905225826 -0.9975457417444789 -0.04234088597454086
1837 1783354967.252749 0.22229930557313346 0.11644979164171435 0.0018653199574332445 -0.05234927321819499 0.019560295830518826 -0.9974360181924298 -0.04470277433203246
1838 1783354967.284768 0.22230570574470682 0.11645776730075608 0.0018680620532545997 -0.05207745963989588 0.01953975914441397 -0.9973350315558904 -0.04721197773282268
1839 1783354967.308734 0.2223423086281255 0.11646360875168243 0.0018651698759026844 -0.04819503533522129 0.019362570168376725 -0.9973760503186849 -0.05043157439751084
1840 1783354967.340711 0.22241844528301086 0.11646127116639327 0.0018555015278883692 -0.03691794983725166 0.018280373925595006 -0.997650395645979 -0.05474103558005
1841 1783354967.360981 0.22243756497634193 0.11646450153669789 0.0018563325555168257 -0.035221676593646 0.017514776714168345 -0.9976030887002316 -0.056927528581024456
1842 1783354967.392771 0.22248378105307282 0.11647564275391105 0.0018360672706149205 -0.03967579485806905 0.018388711713295425 -0.9972252622203517 -0.06024502447054425
1843 1783354967.416923 0.22255634279538106 0.11647492848354093 0.0018318856022104344 -0.03823312438831267 0.018613793512958554 -0.997227348251344 -0.061068574489320626
1844 1783354967.448729 0.2226798867144705 0.11648619286312473 0.001831631396762577 -0.03684600598382867 0.01805128396745359 -0.9973209116184993 -0.06056007132270766
1845 1783354967.476797 0.22276574366402513 0.11649373055003567 0.0018177433215598622 -0.03850660595503952 0.018120231816991905 -0.9973449758288053 -0.05909228110135367
1846 1783354967.500793 0.22285880889470663 0.11649889461916482 0.0018116510844130669 -0.03866535386761194 0.018121735175263443 -0.9974788888741888 -0.05667856186287845
1847 1783354967.532777 0.22299511774808872 0.11651273159120985 0.0017928153937344848 -0.038792785931312385 0.01819643568459317 -0.997660950377081 -0.053260093698410366
1848 1783354967.556779 0.2231035483544248 0.116521050332692 0.0017891658126032092 -0.03970337789030659 0.0181268015249747 -0.9977525708017716 -0.050841600181634694
1849 1783354967.592828 0.2232574301881066 0.11653540726942926 0.0017698923280002965 -0.04036900401038995 0.018117085769022323 -0.997835301919386 -0.04865002530210133
1850 1783354967.616787 0.22336807167255993 0.1165399384572348 0.0017612140495464473 -0.04063852075539243 0.01812241255038194 -0.9978740229103552 -0.04761851735271977
1851 1783354967.640791 0.2234908131091929 0.11653944865368167 0.0017569504045673442 -0.04134648319191117 0.018301373042641234 -0.9978816667374889 -0.046772933002180245
1852 1783354967.664791 0.22359348228749507 0.11655805371448935 0.0017462525180252037 -0.04170181143904905 0.018321054730373154 -0.9978985809234173 -0.046083837376010905
1853 1783354967.700811 0.22373733095431397 0.11656699099429327 0.0017323997998166737 -0.0428437971703719 0.018396470190763292 -0.9978752778045288 -0.04550723980949578
1854 1783354967.724815 0.22383195713698836 0.11657778894028084 0.001717895979846484 -0.04468399778011603 0.01841900795119139 -0.9978052621729627 -0.04526300109831141
1855 1783354967.749048 0.22392283902182952 0.11658328464977445 0.0017066195431193676 -0.04722009179235104 0.01850885635521532 -0.9976928773860547 -0.04512878882353327
1856 1783354967.780801 0.22404331622304902 0.11660228678445703 0.0016938956262740126 -0.05333680706295746 0.018727319690917954 -0.9974063824119486 -0.044553123722507804
1857 1783354967.804791 0.2240892913916071 0.11661018595128196 0.0016920796994565014 -0.05714696850348036 0.02033124247103968 -0.9972068590411821 -0.043581473720679526
1858 1783354967.832835 0.2241456205407189 0.11661661876557776 0.0016820385287718686 -0.05625363991240365 0.020051022303263777 -0.9973425569536145 -0.04172898980835374
1859 1783354967.864866 0.22418418527189876 0.11663318510079679 0.0016683764212743427 -0.05377568068729646 0.018823880290661288 -0.9975957605709447 -0.03945296171771326
1860 1783354967.88884 0.22421964726429744 0.1166417902770568 0.0016656951432232727 -0.05322347690786472 0.018328718542412747 -0.9977014459283182 -0.0377245858158049
1861 1783354967.920815 0.22426429230107736 0.11664777709891834 0.0016624798588897524 -0.05267322164936619 0.018954598642587694 -0.997793391215902 -0.035701587601187496
1862 1783354967.948845 0.22428701257950784 0.11664966552616475 0.0016597937693025372 -0.052597483787759164 0.01910150059771859 -0.9978153178771949 -0.03511735730011642
1863 1783354967.972867 0.22432627903588967 0.11665484639944163 0.0016506688147526925 -0.05262437985269719 0.018966507521202103 -0.9978327433974493 -0.034652019298844317
1864 1783354968.004834 0.22438115178863216 0.11666231259538912 0.0016451972793003495 -0.05225189640892644 0.01877871528436298 -0.997846352061236 -0.03492501756654695
1865 1783354968.028818 0.22440585804002253 0.11667180004352817 0.0016437812236376062 -0.052479569145363336 0.018834520854289383 -0.9978304698004509 -0.035007273305958875
1866 1783354968.056864 0.2244347123511635 0.11668805709053963 0.0016312614118513032 -0.05454251024969162 0.019021195449268946 -0.9976950144265 -0.035608522685568494
1867 1783354968.088872 0.2244475889749178 0.11669573393083803 0.0016325007346285735 -0.05740002553084164 0.020669983105668865 -0.9974082185354141 -0.038142292346965506
1868 1783354968.112856 0.22444858203542084 0.11669897173441136 0.0016263762646188023 -0.0552916689748536 0.019677672313774708 -0.9975210564460267 -0.03882476659414319
1869 1783354968.144857 0.22443103298472322 0.11669101973730256 0.0016277733640841013 -0.0518465636772886 0.01840470086351531 -0.9977185775587405 -0.03912596088462414
1870 1783354968.17288 0.22441552222481048 0.1166874661793013 0.0016361016204598433 -0.04948872174053828 0.018432575456413414 -0.9978274085142651 -0.039389965730336624
1871 1783354968.196897 0.22440566335116285 0.11668495860190523 0.001638050450987096 -0.04725651308209136 0.01884577420483935 -0.9979142310428204 -0.03973469828951723
1872 1783354968.228914 0.22437069820724828 0.11668420795684054 0.0016373418772717852 -0.04442661542263415 0.018656657106711882 -0.9980271734879975 -0.04024880081754145
1873 1783354968.260884 0.2243635023815313 0.1166795608429742 0.0016434654370472467 -0.041274006540069325 0.01833543749397154 -0.99814775432412 -0.04075939957545241
1874 1783354968.288897 0.22434959658208276 0.11667219648978587 0.001645177044887573 -0.03898022340012941 0.018210907785580488 -0.998231510946445 -0.041021403862842476
1875 1783354968.312909 0.22434087783870352 0.11667248186758052 0.001637327274088979 -0.03825967504328989 0.01839292546125587 -0.9982418892087519 -0.041364576481583454
1876 1783354968.344892 0.22433567606783994 0.11666647634600939 0.001647343207735458 -0.03996863642993648 0.018518538706329746 -0.9981373432438765 -0.04220682229414324
1877 1783354968.368864 0.22431452006940755 0.11669564715366008 0.0016438554431852685 -0.0421852723577113 0.018042799595763603 -0.9981676506853593 -0.03944871739516426
1878 1783354968.396914 0.22429748516729844 0.1166961438049319 0.001651013529237291 -0.04368004220315275 0.018095288016169553 -0.9983484427987295 -0.032634356529505804
1879 1783354968.421063 0.2242829496988044 0.1166874855562403 0.001663054280769489 -0.04414523668610981 0.01855315139632585 -0.9986229794775879 -0.02142716757990948
1880 1783354968.452895 0.22427776755698053 0.11668338321328346 0.0016582856654797137 -0.04355566231245778 0.018537006356573515 -0.9988786286580338 -0.0008768615087443865
1881 1783354968.477069 0.2242673166701747 0.1166833090513603 0.0016560333336655226 -0.04370685887310116 0.018346458871914995 -0.9987408765224924 0.016424965673982495
1882 1783354968.505141 0.22425224293709703 0.11666812359356121 0.0016627274871499871 -0.04383039242826217 0.018481854932610897 -0.9982997280911088 0.033689325179542734
1883 1783354968.536941 0.22424466399093684 0.1166666082007529 0.001656383156004135 -0.04382005070163714 0.01872571847844534 -0.9972533270919854 0.05670054874459002
1884 1783354968.560931 0.2242458897104927 0.11666966811331347 0.0016530539239857636 -0.04399231837034126 0.018625479890759356 -0.9961016428783306 0.0741571606679505
1885 1783354968.592891 0.22422361540548486 0.1166788465779117 0.001656075386888503 -0.04412223666638562 0.018461028907563404 -0.9940353174620943 0.09801125589065271
1886 1783354968.620934 0.22420578133887084 0.11665179083682262 0.001653121416074774 -0.04446742824425309 0.018615818781039795 -0.9921444318423779 0.11543623989293461
1887 1783354968.644973 0.22417106593258226 0.11666487357231148 0.0016613199013631361 -0.04455663711516672 0.01823567081206212 -0.9899339846774919 0.13308971552890447
1888 1783354968.676943 0.22413228777799754 0.11668891026532946 0.001667813243962207 -0.04509908439934776 0.018054695497736084 -0.9865259022182569 0.15622658163474926
1889 1783354968.700972 0.22411517604666345 0.11670093730588724 0.001669736580878942 -0.04529011568922103 0.017921449634880626 -0.9835940937666828 0.17369595784340885
1890 1783354968.736953 0.2240779857628876 0.11667792134106497 0.0016704807115913655 -0.04614746943002743 0.01764591966654039 -0.9791779248079338 0.19690003593995445
1891 1783354968.785113 0.2242646656563512 0.11672754117416194 0.0016866718833343716 -0.04748214496148667 0.017793142662741512 -0.971619842561527 0.23104919719564848
1892 1783354968.844973 0.2241738796418764 0.11668329394706173 0.001674486570751281 -0.04655722799404283 0.01676824702234947 -0.9615781835456895 0.27003452990734444
1893 1783354968.876998 0.22417388043067654 0.11668017670228446 0.0016799597026990634 -0.04506559519354525 0.017048629567501417 -0.9551766894484277 0.292088904777404
1894 1783354968.90098 0.22418194563822466 0.11667884113859539 0.0016726946534255719 -0.04435185404772998 0.01695059498458762 -0.9500356776824446 0.30850899744198024
1895 1783354968.932937 0.2243407633852507 0.116754673019512 0.001647501797206011 -0.04325605437599048 0.017153422796237494 -0.9426987815925387 0.33038414161417884
1896 1783354968.960982 0.2243407578698707 0.11676505181443182 0.0016248723993819072 -0.042825222641056815 0.01668599924928138 -0.9367485600021739 0.3469722079196698
1897 1783354968.985372 0.22431940112454402 0.11674866892235207 0.0016292317091869109 -0.042427163973608684 0.01616114551574599 -0.9304259190825516 0.3636569293058566
1898 1783354969.01699 0.22436571406827785 0.11680247679053699 0.0016373636330312938 -0.04192605677908989 0.015646026725132378 -0.9214482797444785 0.3859151141982059
1899 1783354969.04102 0.22445272756913554 0.1168503047613272 0.0016327980635300193 -0.04133588430478807 0.015182338789948902 -0.9146245817354691 0.4018988874615438
1900 1783354969.077001 0.2244768992886268 0.11685465733032474 0.001631087152840255 -0.04071362096511144 0.0150020262811007 -0.9051491271717563 0.42287397396337584
1901 1783354969.101037 0.22448766576395116 0.11685300819511502 0.0016408268003921802 -0.040223382085325055 0.015059317665617855 -0.8977511769124658 0.43840406115517083
1902 1783354969.133005 0.22530187327812434 0.11742950101212538 0.0015439483034251989 -0.03935946742420579 0.014678822837652539 -0.8876673319719884 0.45856523225590873
1903 1783354969.157029 0.22563840637944577 0.11774407976775297 0.0013847526840732836 -0.03934765423250752 0.01450577291668842 -0.8795515129019743 0.47395198154489926
1904 1783354969.193028 0.22610444552613304 0.11784448165422595 0.001329429278930607 -0.038574337065257175 0.015768077661442836 -0.8692378625428163 0.4926346786096516
1905 1783354969.217029 0.2264920990221898 0.11757223674583611 0.001369325260812338 -0.036781064772625105 0.01465640026161208 -0.8623521066511088 0.5047585436225502
1906 1783354969.241228 0.22684571131556097 0.11767086570292998 0.0013448166251154685 -0.03643357142874129 0.015065046384163838 -0.8536600447998745 0.5193362756082675
1907 1783354969.273038 0.2272868146031953 0.1173276327027139 0.0013814664126178006 -0.03554704170551415 0.015099692989844593 -0.8428989679089123 0.5366840196947262
1908 1783354969.301041 0.22762783896726962 0.11690458467577197 0.001404090050389377 -0.0344724848591863 0.014646866642308076 -0.8351615746004201 0.5487278573173981
1909 1783354969.333043 0.2280034349312372 0.11646775099305379 0.001448231561054173 -0.03310881177135139 0.014789436823515523 -0.8236252839704186 0.5659739134855775
1910 1783354969.357049 0.2282857619853195 0.11615269729173588 0.0014831827041324585 -0.03269076348837496 0.0151558615400319 -0.8149286261881544 0.5784400989407751
1911 1783354969.389029 0.2286522643751557 0.1158279230394727 0.0015318725625699872 -0.031633786353094884 0.015108306717105835 -0.8026678436300991 0.5953951422637875
1912 1783354969.417067 0.2288783795227767 0.11565320125001291 0.001520489575229527 -0.031119822266383546 0.0153017355040721 -0.7926140354470177 0.6087367282865936
1913 1783354969.441075 0.2290945105701832 0.11541324243834786 0.0015481388934932335 -0.029939613416598343 0.015279984992432993 -0.7829887212578235 0.6211270433575842
1914 1783354969.473066 0.22939459752489433 0.11516647684259812 0.0015089672694018168 -0.028672352879956398 0.015337883336028924 -0.7714913377111976 0.635408342211278
1915 1783354969.497089 0.22959800724693294 0.11502481714860818 0.001454972479002602 -0.02826103012143444 0.015219989841207426 -0.7643076991154948 0.6440523326240558
1916 1783354969.533093 0.22973285751171185 0.11486965138645158 0.0014529761032611652 -0.028440063729788467 0.01442892181793598 -0.7564741689496913 0.653245589883385
1917 1783354969.5571 0.22982726279776686 0.1147071157900495 0.0014457441275797095 -0.030474625715141257 0.012991876154616389 -0.752820600609415 0.6573915512383657
1918 1783354969.589067 0.2298933808355268 0.11455643641303859 0.0014345551992399376 -0.0331180335530461 0.012382706199708826 -0.7524464466032454 0.6577037398668952
1919 1783354969.613069 0.229848097743312 0.11447173869380106 0.0014213138155650326 -0.03325711763052308 0.01241864276153648 -0.7546998187702469 0.6551090939584242
1920 1783354969.64907 0.2298364695706495 0.11441772975729142 0.001440292951287914 -0.031437718187189656 0.013248472483564977 -0.7597272142454522 0.6493463696571191
1921 1783354969.67312 0.2298648461260373 0.1142459000920241 0.0014108024385547958 -0.02999724178890295 0.013341653838554568 -0.7631996428223488 0.6453281885628037
1922 1783354969.697274 0.22985030000696338 0.11409285649034473 0.0014571594765603133 -0.030437088342846086 0.013856039699746359 -0.7651374080365895 0.6429979320651805
1923 1783354969.729063 0.2298474248358957 0.11388647897714796 0.0014689519533166925 -0.031144105897288776 0.01396846046625777 -0.7657236204298261 0.6422633913714069
1924 1783354969.765084 0.22985883135701005 0.11362731061170284 0.0014651417586289718 -0.030050870124248674 0.014091047168403592 -0.7654422837589442 0.6426480357305745
1925 1783354969.789144 0.22985130378857696 0.11342038498421114 0.0014483779183619653 -0.02919184651250284 0.014195254595062878 -0.7643956052810242 0.6439298793123586
1926 1783354969.813101 0.22982960833156102 0.11322254651399263 0.0014428283520982847 -0.028689037859783828 0.014726636011873961 -0.7625092022295542 0.6461731825243929
1927 1783354969.845072 0.2297950839740095 0.11301026534284977 0.0014566986408730102 -0.028243163834784202 0.015308625618915772 -0.7598374304361207 0.6493189116193174
1928 1783354969.87315 0.2297690358492904 0.11285337807545515 0.0014604529824342478 -0.027917436545724206 0.015211153016639667 -0.7581960690398655 0.651251071748151
1929 1783354969.905144 0.22972278365611948 0.11264421792460821 0.001471528048340479 -0.027742589635196824 0.01515259075249853 -0.7564029930526099 0.6533416103501091
1930 1783354969.929109 0.22968875964211022 0.11247281703666417 0.0014905096991737962 -0.027521386177349116 0.015538264752115505 -0.7556678084098956 0.6541920963786981
1931 1783354969.961082 0.22963398666817758 0.11228029322817931 0.0014825526939736336 -0.027803041357904568 0.015729823111342633 -0.7554228915964198 0.6544584161031475
1932 1783354969.989164 0.22958599798753507 0.11214268586591891 0.0014601716735721509 -0.028020777284764598 0.015894311537132944 -0.7557742182277973 0.6540394009257242
1933 1783354970.021153 0.2295306447764947 0.11195853017295818 0.0014535445322675193 -0.02812140644745209 0.016004665551844988 -0.7564933047475972 0.6532005182576401
1934 1783354970.045132 0.2295215610957836 0.11180376614667148 0.0014387926290733745 -0.028556421400319887 0.01571521429954581 -0.7570157261020077 0.6525831389720214
1935 1783354970.0771 0.2295096989873887 0.111566967935645 0.0014234313547684934 -0.029251833162996177 0.014999880260485154 -0.7571110280730093 0.6524586002337668
1936 1783354970.105163 0.22946904665451448 0.11140212771383218 0.0014214959709317205 -0.029514505174249916 0.014743919532644312 -0.7564704199174909 0.6531952346817828
1937 1783354970.129371 0.2294531608611192 0.11125010421398246 0.0014174319825840404 -0.02983127621107806 0.014477952493290536 -0.7560641023390826 0.6536570637615856
1938 1783354970.161138 0.22941730711832772 0.11105131047614844 0.0014169513646584628 -0.030098175549847395 0.014273737950079135 -0.7559142524985819 0.6538226082837862
1939 1783354970.193111 0.22939793867741506 0.11085657607222371 0.001416601795943155 -0.029734433126219595 0.014662334765277563 -0.7561521223352144 0.6535555426387601
1940 1783354970.221155 0.2293726065789934 0.11069552310382497 0.0014252826345727849 -0.03004888612546175 0.014446522100637793 -0.7562915379355902 0.6533846279863299
1941 1783354970.2452 0.22935256049547306 0.11053411356136697 0.001421662016365198 -0.03029941636267619 0.014273263452654783 -0.7566203675979224 0.6529960479623724
1942 1783354970.277153 0.22932982540350894 0.11031878365991848 0.001406638215717744 -0.02983884637551304 0.014588410403634566 -0.7571092640196875 0.652443395142016
1943 1783354970.301394 0.22929809295199974 0.11015924360391463 0.0013941998250880088 -0.030064629770988893 0.014267602390189316 -0.7572141845108243 0.6523183519834286
1944 1783354970.337182 0.22926225321329755 0.10994503583276466 0.0013982548976853443 -0.030561816772131434 0.01393532535018771 -0.7573293228177209 0.6521687502965957
1945 1783354970.361184 0.22923382753866423 0.10978652847605988 0.0013748036414272802 -0.030731809503951935 0.013654054028349627 -0.7576370299095068 0.6518092156475734
1946 1783354970.393159 0.2292008298007747 0.10957954872710235 0.001357755716038904 -0.031483412940753186 0.013127615784384483 -0.7579366293861248 0.651435742224987
1947 1783354970.417164 0.22918668007696094 0.1094178318574108 0.001367206235037357 -0.03159793674571443 0.013091586003439515 -0.758207704513268 0.6511153949846751
1948 1783354970.445263 0.229169300531392 0.10925995275412836 0.001361960636452806 -0.03156442844386764 0.013037322731582646 -0.7584780180731838 0.650803204642371
1949 1783354970.477231 0.2291278411519892 0.10905397955137583 0.0013652914772273594 -0.03189768144588889 0.012726916973914593 -0.7585429585809551 0.6507174067826735
1950 1783354970.501359 0.22911612540075663 0.10889484451396661 0.0013624274828927876 -0.0319254626204738 0.01268378810706583 -0.758474446277094 0.6507967430007463
1951 1783354970.533169 0.22908109931279144 0.10868823458657961 0.0013669674894486936 -0.03184053742878845 0.012456395619256266 -0.7582583693411313 0.651057035680094
1952 1783354970.561218 0.22905764571575676 0.10853175670787954 0.0013594522543273375 -0.032113135289483674 0.012261003122988612 -0.7582099928224348 0.6511036946051687
1953 1783354970.593246 0.22903123687895616 0.10832803022632942 0.0013596743779711283 -0.03216703079381056 0.012170516742040838 -0.7583650749186418 0.6509220950281106
1954 1783354970.617229 0.22899746766426582 0.10817103996914906 0.0013677460649996094 -0.03179737982005826 0.012214070400547672 -0.7585450993138341 0.6507296484929783
1955 1783354970.649183 0.2289726083922328 0.10795738612152811 0.0013727037861126293 -0.03204658860199583 0.012138320127531466 -0.7585983164750423 0.650656800152498
1956 1783354970.677236 0.2289530078974796 0.107805044526157 0.0013755016448381268 -0.03234099514762545 0.012087791069042453 -0.7583577154771464 0.6509235905359523
1957 1783354970.709252 0.22892181882187693 0.10758192532447172 0.0013764693986562035 -0.032028088522543685 0.012103934614818956 -0.7582317388869813 0.6510854985766902
1958 1783354970.733232 0.2288900290646103 0.10741130555077891 0.0013568618759212253 -0.03235366933024053 0.011827646872037967 -0.7581003404664836 0.6512274722667508
1959 1783354970.765198 0.22896534973384378 0.10717109307027842 0.0013429903497470218 -0.032547660333997475 0.011964334714055003 -0.7587808475431829 0.6504222704545732
1960 1783354970.793248 0.22889271317898272 0.10702433385905274 0.0013677806520610708 -0.031946756865391945 0.012161898197966314 -0.7581592765793709 0.6511727914268616
1961 1783354970.817519 0.22899142345126422 0.1069114780892185 0.0013222576776990638 -0.026681784500463768 0.016423290598857276 -0.7530560980834803 0.6572099139856764
1962 1783354970.849239 0.22893458942728295 0.1067434807455048 0.001308560720000877 -0.02208789192932581 0.02044659616909139 -0.7450143475674512 0.6663690296328766
1963 1783354970.881219 0.22861995981062977 0.1067069992954712 0.001345646024623363 -0.02067936613304633 0.02146974132195789 -0.7365495117444233 0.6757264467023288
1964 1783354970.909285 0.22830182231874835 0.10670888187360557 0.001347805960680768 -0.0208451884293136 0.02060619099147687 -0.7292680722650237 0.6835999866786316
1965 1783354970.933293 0.22817235414452072 0.10662420539886736 0.0013417588719010758 -0.02110694209692121 0.017823958730486256 -0.7237189569610195 0.6895416411107781
1966 1783354970.965251 0.22820105176316205 0.10660579560180442 0.0013823103239164799 -0.023459841686657157 0.01567314962348143 -0.717200056814413 0.6962959620120741
1967 1783354970.989251 0.22824849928317323 0.10653894056016978 0.001395990450466584 -0.025564606915113086 0.013726027009832165 -0.7121909441017247 0.7013858468740977
1968 1783354971.017513 0.2283062734958901 0.10650914001421959 0.0014106811476120012 -0.02769748297723318 0.01151343943585903 -0.7077149233713123 0.7058610892991767
1969 1783354971.049322 0.2283192958784594 0.10647851488599007 0.0014199840035322552 -0.02960788984717133 0.009544293938046788 -0.7021698397393585 0.7113295969326917
1970 1783354971.081264 0.22835239213064723 0.10642221149232392 0.0014271253534116207 -0.028895619355984947 0.010255504181791664 -0.7005102175804744 0.712983381911085
1971 1783354971.105258 0.22836074498166475 0.10641650339559323 0.001411376252182182 -0.028017656672454705 0.010303820565276123 -0.7007568372030277 0.7127753484160014
1972 1783354971.133533 0.22835496449486312 0.10642646871399865 0.0014179260757480432 -0.028300039721514292 0.010157097065268017 -0.7007164911372004 0.7128059625026557
1973 1783354971.165331 0.22836730403217542 0.10643227779669454 0.0014199446438136094 -0.028741157161293218 0.0101416243249004 -0.7006885280324471 0.7128160211617058
1974 1783354971.18942 0.2283739313050187 0.10643056929070246 0.0014196721919720236 -0.028715917118860457 0.010155715669665444 -0.7007095605269953 0.7127961625382988
1975 1783354971.221281 0.2283635669716329 0.1064355537504845 0.0014234647149221537 -0.02831405816446475 0.010308814272141364 -0.7007148857465647 0.7128048059263774
1976 1783354971.249318 0.22837583627495356 0.10642440716039404 0.0014154644421340758 -0.028289396592156457 0.010450203029077287 -0.7007838803431605 0.7127358952292818
1977 1783354971.281347 0.22836424763250546 0.10643530263582346 0.00142325918631735 -0.02828507261883717 0.010440050753151464 -0.7006623546565699 0.7128556829922379
1978 1783354971.305464 0.22836819480536671 0.10643491965969112 0.001427400504449101 -0.028253497604373012 0.010598375425558193 -0.7006744865637256 0.7128426742206995
1979 1783354971.337282 0.22836706176864185 0.10643421654002727 0.0014264330479555123 -0.028201969628056878 0.010466271226583279 -0.7006320278495357 0.71288839773639
1980 1783354971.36533 0.2283628631271426 0.10643417007273023 0.0014175583935755777 -0.028263583453601693 0.010471938876292275 -0.7004474377302108 0.713067244601598
1981 1783354971.397369 0.22835903426766982 0.10643104109387128 0.00141964796677101 -0.02831066320922282 0.010464112581220264 -0.7003310042317389 0.713179846327913
1982 1783354971.421409 0.22836992221419888 0.10643038632689314 0.0014155106394341324 -0.028289673086830724 0.010381197210802329 -0.700475349692026 0.7130401178159225
1983 1783354971.453298 0.22835909263568605 0.10643226200101322 0.001420008175131271 -0.02818441029919072 0.010573404526455499 -0.7002228735644757 0.713289400923577
1984 1783354971.481356 0.22836011577624882 0.1064227211166073 0.0014185883547062714 -0.028289095948124343 0.010502195193889285 -0.7000856748203756 0.7134209688941351
1985 1783354971.51336 0.2283600074918511 0.10642715746119015 0.0014202927400376562 -0.028207576933614087 0.010507350992202458 -0.7001350278930527 0.7133756870652765
1986 1783354971.537343 0.22837070394417885 0.10642901801968804 0.0014236397748366263 -0.02823229370118796 0.010614898383674354 -0.7000760204562825 0.7134310247716796
1987 1783354971.569306 0.22835783119889033 0.10643789468848071 0.0014310616883515918 -0.02819410557406421 0.010648631559931898 -0.6999823833616532 0.7135239043228467
1988 1783354971.59737 0.22836726309024225 0.10642761847491067 0.00142382672983417 -0.028240680231089055 0.010550880103387561 -0.7000552850388997 0.7134519891332802
1989 1783354971.621679 0.22836577693180432 0.1064386877310507 0.0014276194254689307 -0.028176723231385092 0.010587719873200063 -0.6999965409840321 0.713511608221071
1990 1783354971.653353 0.22836465676318038 0.10643660171452311 0.0014291119547789471 -0.028196043391357062 0.0106204143891514 -0.6999973900382765 0.7135095261276309
1991 1783354971.68533 0.22836608573937156 0.10643275005247688 0.0014270993638808276 -0.028185645738691534 0.010590459861980817 -0.7000410125772423 0.713467583176723
1992 1783354971.713366 0.2283657848249781 0.10643166448069197 0.0014246470368052804 -0.028173347895612766 0.010604885256811691 -0.7000189902935048 0.7134894618041003
1993 1783354971.737462 0.2283615779396262 0.10643491672586643 0.0014237447110487227 -0.028154810051340018 0.01053949231608442 -0.6999677530113564 0.713541428732015
1994 1783354971.769361 0.22835795244842427 0.10643305429151663 0.0014242279974603402 -0.02819640095692244 0.010583417700156583 -0.6999683618338067 0.7135385390254387
1995 1783354971.793355 0.22835685475205272 0.10643485421650277 0.0014246066903786901 -0.028192946144146136 0.010582416961285812 -0.6999568718444575 0.713549961668202
1996 1783354971.821406 0.22834797527229145 0.10643153419908431 0.0014231206944256627 -0.02819181075468824 0.010584517288786954 -0.6998770048403482 0.7136283121456424
1997 1783354971.861404 0.22835106576495873 0.10643522097045134 0.001420916890622152 -0.028148930850880438 0.010504949243677064 -0.6999081116280339 0.7136006719521921
1998 1783354971.885386 0.2283565075294782 0.10643402474546675 0.0014206667418046395 -0.028193758034752325 0.010527421941918136 -0.6999457923512712 0.7135616113307145
1999 1783354971.917362 0.22836251351441303 0.10642834584606709 0.0014155342563723135 -0.028236403539716237 0.010491877595838472 -0.6999489248916404 0.7135573758028804
2000 1783354971.945402 0.228361534865606 0.10643411540906532 0.0014163947967813818 -0.02821069989518865 0.010492370343525237 -0.6999637831080189 0.7135438100867445
2001 1783354971.969458 0.22836055668000776 0.10643327512871924 0.001418548579954092 -0.028175701721771307 0.010516641881473832 -0.6999517776834213 0.7135566123257783
2002 1783354972.001406 0.228363502934757 0.10642796477573925 0.0014212490459569477 -0.02819184906213401 0.010568415231996253 -0.6999574900321344 0.7135496061198945
2003 1783354972.025599 0.22835531808341816 0.10643509239000734 0.0014199497040268474 -0.02815160857627419 0.0105246921187655 -0.6999458928057398 0.7135632171957502
2004 1783354972.053647 0.2283594147485402 0.10643876590159912 0.0014232948405524474 -0.02818569379866409 0.010574293317100802 -0.6999707577909603 0.7135367469328268
2005 1783354972.085459 0.22836356348559828 0.1064277028264863 0.0014179875633509777 -0.028181203159127866 0.010510262034557627 -0.6999763393731311 0.7135323948485172
