0 0.000000 0.000000 1.000000 -1.863700 0.000000 1.000000 0.000000 0.000000 -1.000000 0.000000 0.000000 0.443000
1 0.000000 0.000000 1.000000 -1.863700 0.000000 1.000000 0.000000 0.000000 -1.000000 0.000000 0.000000 0.443000
2 0.000000 0.000000 1.000000 -1.863700 0.000000 1.000000 0.000000 0.000000 -1.000000 0.000000 0.000000 0.443000
3 0.000000 0.000000 1.000000 -1.863700 0.000000 1.000000 0.000000 0.000000 -1.000000 0.000000 0.000000 0.443000
4 0.000000 0.000000 1.000000 -1.863700 0.000000 1.000000 0.000000 0.000000 -1.000000 0.000000 0.000000 0.443000
5 0.000000 0.000000 1.000000 -1.863700 0.000000 1.000000 0.000000 0.000000 -1.000000 0.000000 0.000000 0.443000
6 0.000000 0.000000 1.000000 -1.863700 0.000000 1.000000 0.000000 0.000000 -1.000000 0.000000 0.000000 0.443000
7 0.000000 0.000000 1.000000 -1.863700 0.000000 1.000000 0.000000 0.000000 -1.000000 0.000000 0.000000 0.443000
8 0.000000 0.000000 1.000000 -1.863700 0.000000 1.000000 0.000000 0.000000 -1.000000 0.000000 0.000000 0.443000
9 0.000000 0.000000 1.000000 -1.863700 0.000000 1.000000 0.000000 0.000000 -1.000000 0.000000 0.000000 0.443000
10 0.000000 0.000000 1.000000 -1.863700 0.000000 1.000000 0.000000 0.000000 -1.000000 0.000000 0.000000 0.443000
11 0.000000 0.000000 1.000000 -1.863700 0.000000 1.000000 0.000000 0.000000 -1.000000 0.000000 0.000000 0.443000
12 0.000000 0.000000 1.000000 -1.863700 0.000000 1.000000 0.000000 0.000000 -1.000000 0.000000 0.000000 0.443000
13 0.000000 0.000000 1.000000 -1.863700 0.000000 1.000000 0.000000 0.000000 -1.000000 0.000000 0.000000 0.443000
14 0.000000 0.000000 1.000000 -1.863700 0.000000 1.000000 0.000000 0.000000 -1.000000 0.000000 0.000000 0.443000
15 0.000000 0.000000 1.000000 -1.863700 0.000000 1.000000 0.000000 0.000000 -1.000000 0.000000 0.000000 0.443000
16 0.000000 0.000000 1.000000 -1.863700 0.000000 1.000000 0.000000 0.000000 -1.000000 0.000000 0.000000 0.443000
17 0.000000 0.000000 1.000000 -1.863700 0.000000 1.000000 0.000000 0.000000 -1.000000 0.000000 0.000000 0.443000
18 0.000000 0.000000 1.000000 -1.863700 0.000000 1.000000 0.000000 0.000000 -1.000000 0.000000 0.000000 0.443000
19 0.000000 0.000000 1.000000 -1.863700 0.000000 1.000000 0.000000 0.000000 -1.000000 0.000000 0.000000 0.443000
20 0.000000 0.000000 1.000000 -1.863700 0.000000 1.000000 0.000000 0.000000 -1.000000 0.000000 0.000000 0.443000
21 0.000000 0.000000 1.000000 -1.863700 0.000000 1.000000 0.000000 0.000000 -1.000000 0.000000 0.000000 0.443000
22 0.000000 0.000000 1.000000 -1.863700 0.000000 1.000000 0.000000 0.000000 -1.000000 0.000000 0.000000 0.443000
23 0.000000 0.000000 1.000000 -1.863700 0.000000 1.000000 0.000000 0.000000 -1.000000 0.000000 0.000000 0.443000
24 0.000000 0.000000 1.000000 -1.863700 0.000000 1.000000 0.000000 0.000000 -1.000000 0.000000 0.000000 0.443000
25 0.000000 0.000000 1.000000 -1.863700 0.000000 1.000000 0.000000 0.000000 -1.000000 0.000000 0.000000 0.443000
26 0.000000 0.000000 1.000000 -1.863700 0.000000 1.000000 0.000000 0.000000 -1.000000 0.000000 0.000000 0.443000
27 0.000000 0.000000 1.000000 -1.863700 0.000000 1.000000 0.000000 0.000000 -1.000000 0.000000 0.000000 0.443000
28 0.000000 0.000000 1.000000 -1.863700 0.000000 1.000000 0.000000 0.000000 -1.000000 0.000000 0.000000 0.443000
29 0.000000 0.000000 1.000000 -1.863700 0.000000 1.000000 0.000000 0.000000 -1.000000 0.000000 0.000000 0.443000
30 0.000000 0.000000 1.000000 -1.863700 0.000000 1.000000 0.000000 0.000000 -1.000000 0.000000 0.000000 0.443000
31 0.000000 0.000000 1.000000 -1.863700 0.000000 1.000000 0.000000 0.000000 -1.000000 0.000000 0.000000 0.443000
32 0.000000 0.000000 1.000000 -1.863700 0.000000 1.000000 0.000000 0.000000 -1.000000 0.000000 0.000000 0.443000
33 0.000000 0.000000 1.000000 -1.863700 0.000000 1.000000 0.000000 0.000000 -1.000000 0.000000 0.000000 0.443000
34 0.000000 0.000000 1.000000 -1.863700 0.000000 1.000000 0.000000 0.000000 -1.000000 0.000000 0.000000 0.443000
35 0.000000 0.000000 1.000000 -1.863700 0.000000 1.000000 0.000000 0.000000 -1.000000 0.000000 0.000000 0.443000
36 0.000000 0.000000 1.000000 -1.863700 0.000000 1.000000 0.000000 0.000000 -1.000000 0.000000 0.000000 0.443000
37 0.000000 0.000000 1.000000 -1.863700 0.000000 1.000000 0.000000 0.000000 -1.000000 0.000000 0.000000 0.443000
38 0.000000 0.000000 1.000000 -1.863700 0.000000 1.000000 0.000000 0.000000 -1.000000 0.000000 0.000000 0.443000
39 0.000000 0.000000 1.000000 -1.863700 0.000000 1.000000 0.000000 0.000000 -1.000000 0.000000 0.000000 0.443000
40 0.000000 0.000000 1.000000 -1.863700 0.000000 1.000000 0.000000 0.000000 -1.000000 0.000000 0.000000 0.443000
41 0.000000 0.000000 1.000000 -1.863700 0.000000 1.000000 0.000000 0.000000 -1.000000 0.000000 0.000000 0.443000
42 0.000000 0.000000 1.000000 -1.863700 0.000000 1.000000 0.000000 0.000000 -1.000000 0.000000 0.000000 0.443000
43 0.000000 0.000000 1.000000 -1.863700 0.000000 1.000000 0.000000 0.000000 -1.000000 0.000000 0.000000 0.443000
44 0.000000 0.000000 1.000000 -1.863700 0.000000 1.000000 0.000000 0.000000 -1.000000 0.000000 0.000000 0.443000
45 0.000000 0.000000 1.000000 -1.863700 0.000000 1.000000 0.000000 0.000000 -1.000000 0.000000 0.000000 0.443000
46 0.000000 0.000000 1.000000 -1.863700 0.000000 1.000000 0.000000 0.000000 -1.000000 0.000000 0.000000 0.443000
47 0.000000 0.000000 1.000000 -1.863700 0.000000 1.000000 0.000000 0.000000 -1.000000 0.000000 0.000000 0.443000
48 0.000000 0.000000 1.000000 -1.863700 0.000000 1.000000 0.000000 0.000000 -1.000000 0.000000 0.000000 0.443000
49 0.000000 0.000000 1.000000 -1.863700 0.000000 1.000000 0.000000 0.000000 -1.000000 0.000000 0.000000 0.443000
50 0.000000 0.000000 1.000000 -1.863700 0.000000 1.000000 0.000000 0.000000 -1.000000 0.000000 0.000000 0.443000
51 0.000000 0.000000 1.000000 -1.863700 0.000000 1.000000 0.000000 0.000000 -1.000000 0.000000 0.000000 0.443000
52 0.000000 0.000000 1.000000 -1.863700 0.000000 1.000000 0.000000 0.000000 -1.000000 0.000000 0.000000 0.443000
53 0.000000 0.000000 1.000000 -1.863700 0.000000 1.000000 0.000000 0.000000 -1.000000 0.000000 0.000000 0.443000
54 0.000000 0.000000 1.000000 -1.863700 0.000000 1.000000 0.000000 0.000000 -1.000000 0.000000 0.000000 0.443000
55 0.000000 0.000000 1.000000 -1.863700 0.000000 1.000000 0.000000 0.000000 -1.000000 0.000000 0.000000 0.443000
56 0.000000 0.000000 1.000000 -1.863700 0.000000 1.000000 0.000000 0.000000 -1.000000 0.000000 0.000000 0.443000
57 0.000000 0.000000 1.000000 -1.863700 0.000000 1.000000 0.000000 0.000000 -1.000000 0.000000 0.000000 0.443000
58 0.000000 0.000000 1.000000 -1.863700 0.000000 1.000000 0.000000 0.000000 -1.000000 0.000000 0.000000 0.443000
59 0.000000 0.000000 1.000000 -1.863700 0.000000 1.000000 0.000000 0.000000 -1.000000 0.000000 0.000000 0.443000
60 0.000000 0.000000 1.000000 -1.863700 0.000000 1.000000 0.000000 0.000000 -1.000000 0.000000 0.000000 0.443000
61 0.000000 0.000000 1.000000 -1.863700 0.000000 1.000000 0.000000 0.000000 -1.000000 0.000000 0.000000 0.443000
62 0.000000 0.000000 1.000000 -1.863700 0.000000 1.000000 0.000000 0.000000 -1.000000 0.000000 0.000000 0.443000
63 0.000000 0.000000 1.000000 -1.863700 0.000000 1.000000 0.000000 0.000000 -1.000000 0.000000 0.000000 0.443000
64 0.000000 0.000000 1.000000 -1.863700 0.000000 1.000000 0.000000 0.000000 -1.000000 0.000000 0.000000 0.443000
65 0.000000 0.000000 1.000000 -1.863700 0.000000 1.000000 0.000000 0.000000 -1.000000 0.000000 0.000000 0.443000
66 0.000000 0.000000 1.000000 -1.863700 0.000000 1.000000 0.000000 0.000000 -1.000000 0.000000 0.000000 0.443000
67 0.000000 0.000000 1.000000 -1.863700 0.000000 1.000000 0.000000 0.000000 -1.000000 0.000000 0.000000 0.443000
68 0.000000 0.000000 1.000000 -1.863700 0.000000 1.000000 0.000000 0.000000 -1.000000 0.000000 0.000000 0.443000
69 0.000000 0.000000 1.000000 -1.863700 0.000000 1.000000 0.000000 0.000000 -1.000000 0.000000 0.000000 0.443000
70 0.000000 0.000000 1.000000 -1.863700 0.000000 1.000000 0.000000 0.000000 -1.000000 0.000000 0.000000 0.443000
71 0.000000 0.000000 1.000000 -1.863700 0.000000 1.000000 0.000000 0.000000 -1.000000 0.000000 0.000000 0.443000
72 0.000000 0.000000 1.000000 -1.863700 0.000000 1.000000 0.000000 0.000000 -1.000000 0.000000 0.000000 0.443000
73 0.000000 0.000000 1.000000 -1.863700 0.000000 1.000000 0.000000 0.000000 -1.000000 0.000000 0.000000 0.443000
74 0.000000 0.000000 1.000000 -1.863700 0.000000 1.000000 0.000000 0.000000 -1.000000 0.000000 0.000000 0.443000
75 0.000000 0.000000 1.000000 -1.863700 0.000000 1.000000 0.000000 0.000000 -1.000000 0.000000 0.000000 0.443000
76 0.000000 0.000000 1.000000 -1.863700 0.000000 1.000000 0.000000 0.000000 -1.000000 0.000000 0.000000 0.443000
77 0.000000 0.000000 1.000000 -1.863700 0.000000 1.000000 0.000000 0.000000 -1.000000 0.000000 0.000000 0.443000
78 0.000000 0.000000 1.000000 -1.863700 0.000000 1.000000 0.000000 0.000000 -1.000000 0.000000 0.000000 0.443000
79 0.000000 0.000000 1.000000 -1.863700 0.000000 1.000000 0.000000 0.000000 -1.000000 0.000000 0.000000 0.443000
80 0.000000 0.000000 1.000000 -1.863700 0.000000 1.000000 0.000000 0.000000 -1.000000 0.000000 0.000000 0.443000
81 0.000000 0.000000 1.000000 -1.863700 0.000000 1.000000 0.000000 0.000000 -1.000000 0.000000 0.000000 0.443000
82 0.000000 0.000000 1.000000 -1.863700 0.000000 1.000000 0.000000 0.000000 -1.000000 0.000000 0.000000 0.443000
83 0.000000 0.000000 1.000000 -1.863700 0.000000 1.000000 0.000000 0.000000 -1.000000 0.000000 0.000000 0.443000
84 0.000000 0.000000 1.000000 -1.863700 0.000000 1.000000 0.000000 0.000000 -1.000000 0.000000 0.000000 0.443000
85 0.000000 0.000000 1.000000 -1.863700 0.000000 1.000000 0.000000 0.000000 -1.000000 0.000000 0.000000 0.443000
86 0.000000 0.000000 1.000000 -1.863700 0.000000 1.000000 0.000000 0.000000 -1.000000 0.000000 0.000000 0.443000
87 0.000000 0.000000 1.000000 -1.863700 0.000000 1.000000 0.000000 0.000000 -1.000000 0.000000 0.000000 0.443000
88 0.000000 0.000000 1.000000 -1.863700 0.000000 1.000000 0.000000 0.000000 -1.000000 0.000000 0.000000 0.443000
89 0.000000 0.000000 1.000000 -1.863700 0.000000 1.000000 0.000000 0.000000 -1.000000 0.000000 0.000000 0.443000
90 0.000000 0.000000 1.000000 -1.863700 0.000000 1.000000 0.000000 0.000000 -1.000000 0.000000 0.000000 0.443000
91 0.000000 0.000000 1.000000 -1.863700 0.000000 1.000000 0.000000 0.000000 -1.000000 0.000000 0.000000 0.443000
92 0.000000 0.000000 1.000000 -1.863700 0.000000 1.000000 0.000000 0.000000 -1.000000 0.000000 0.000000 0.443000
93 0.000000 0.000000 1.000000 -1.863700 0.000000 1.000000 0.000000 0.000000 -1.000000 0.000000 0.000000 0.443000
94 0.000000 0.000000 1.000000 -1.863700 0.000000 1.000000 0.000000 0.000000 -1.000000 0.000000 0.000000 0.443000
95 0.000000 0.000000 1.000000 -1.863700 0.000000 1.000000 0.000000 0.000000 -1.000000 0.000000 0.000000 0.443000
96 0.000000 0.000000 1.000000 -1.863700 0.000000 1.000000 0.000000 0.000000 -1.000000 0.000000 0.000000 0.443000
97 0.000000 0.000000 1.000000 -1.863700 0.000000 1.000000 0.000000 0.000000 -1.000000 0.000000 0.000000 0.443000
98 0.000000 0.000000 1.000000 -1.863700 0.000000 1.000000 0.000000 0.000000 -1.000000 0.000000 0.000000 0.443000
99 0.000000 0.000000 1.000000 -1.863700 0.000000 1.000000 0.000000 0.000000 -1.000000 0.000000 0.000000 0.443000
100 0.000000 0.000000 1.000000 -1.863700 0.000000 1.000000 0.000000 0.000000 -1.000000 0.000000 0.000000 0.443000
101 0.000000 0.000000 1.000000 -1.863700 0.000000 1.000000 0.000000 0.000000 -1.000000 0.000000 0.000000 0.443000
102 0.000000 0.000000 1.000000 -1.863700 0.000000 1.000000 0.000000 0.000000 -1.000000 0.000000 0.000000 0.443000
103 0.000000 0.000000 1.000000 -1.863700 0.000000 1.000000 0.000000 0.000000 -1.000000 0.000000 0.000000 0.443000
104 0.000000 0.000000 1.000000 -1.863700 0.000000 1.000000 0.000000 0.000000 -1.000000 0.000000 0.000000 0.443000
105 0.000000 0.000000 1.000000 -1.863700 0.000000 1.000000 0.000000 0.000000 -1.000000 0.000000 0.000000 0.443000
106 0.000000 0.000000 1.000000 -1.863700 0.000000 1.000000 0.000000 0.000000 -1.000000 0.000000 0.000000 0.443000
107 0.000000 0.000000 1.000000 -1.863700 0.000000 1.000000 0.000000 0.000000 -1.000000 0.000000 0.000000 0.443000
108 0.000000 0.000000 1.000000 -1.863700 0.000000 1.000000 0.000000 0.000000 -1.000000 0.000000 0.000000 0.443000
109 0.000000 0.000000 1.000000 -1.863700 0.000000 1.000000 0.000000 0.000000 -1.000000 0.000000 0.000000 0.443000
110 0.000000 0.000000 1.000000 -1.863700 0.000000 1.000000 0.000000 0.000000 -1.000000 0.000000 0.000000 0.443000
111 0.000000 0.000000 1.000000 -1.863700 0.000000 1.000000 0.000000 0.000000 -1.000000 0.000000 0.000000 0.443000
112 0.000000 0.000000 1.000000 -1.863700 0.000000 1.000000 0.000000 0.000000 -1.000000 0.000000 0.000000 0.443000
113 0.000000 0.000000 1.000000 -1.863700 0.000000 1.000000 0.000000 0.000000 -1.000000 0.000000 0.000000 0.443000
114 0.000000 0.000000 1.000000 -1.863700 0.000000 1.000000 0.000000 0.000000 -1.000000 0.000000 0.000000 0.443000
115 0.000000 0.000000 1.000000 -1.863700 0.000000 1.000000 0.000000 0.000000 -1.000000 0.000000 0.000000 0.443000
116 0.000000 0.000000 1.000000 -1.863700 0.000000 1.000000 0.000000 0.000000 -1.000000 0.000000 0.000000 0.443000
117 0.000000 0.000000 1.000000 -1.863700 0.000000 1.000000 0.000000 0.000000 -1.000000 0.000000 0.000000 0.443000
118 0.000000 0.000000 1.000000 -1.863700 0.000000 1.000000 0.000000 0.000000 -1.000000 0.000000 0.000000 0.443000
119 0.000000 0.000000 1.000000 -1.863700 0.000000 1.000000 0.000000 0.000000 -1.000000 0.000000 0.000000 0.443000
120 0.000000 0.000000 1.000000 -1.863700 0.000000 1.000000 0.000000 0.000000 -1.000000 0.000000 0.000000 0.443000
121 0.000000 0.000000 1.000000 -1.863700 0.000000 1.000000 0.000000 0.000000 -1.000000 0.000000 0.000000 0.443000
122 0.000000 0.000000 1.000000 -1.863700 0.000000 1.000000 0.000000 0.000000 -1.000000 0.000000 0.000000 0.443000
123 0.000000 0.000000 1.000000 -1.863700 0.000000 1.000000 0.000000 0.000000 -1.000000 0.000000 0.000000 0.443000
124 0.000000 0.000000 1.000000 -1.863700 0.000000 1.000000 0.000000 0.000000 -1.000000 0.000000 0.000000 0.443000
125 0.000000 0.000000 1.000000 -1.863700 0.000000 1.000000 0.000000 0.000000 -1.000000 0.000000 0.000000 0.443000
126 0.000000 0.000000 1.000000 -1.863700 0.000000 1.000000 0.000000 0.000000 -1.000000 0.000000 0.000000 0.443000
127 0.000000 0.000000 1.000000 -1.863700 0.000000 1.000000 0.000000 0.000000 -1.000000 0.000000 0.000000 0.443000
128 0.000000 0.000000 1.000000 -1.863700 0.000000 1.000000 0.000000 0.000000 -1.000000 0.000000 0.000000 0.443000
129 0.000000 0.000000 1.000000 -1.863700 0.000000 1.000000 0.000000 0.000000 -1.000000 0.000000 0.000000 0.443000
130 0.000000 0.000000 1.000000 -1.863700 0.000000 1.000000 0.000000 0.000000 -1.000000 0.000000 0.000000 0.443000
131 0.000000 0.000000 1.000000 -1.863700 0.000000 1.000000 0.000000 0.000000 -1.000000 0.000000 0.000000 0.443000
132 0.000000 0.000000 1.000000 -1.863700 0.000000 1.000000 0.000000 0.000000 -1.000000 0.000000 0.000000 0.443000
133 0.000000 0.000000 1.000000 -1.863700 0.000000 1.000000 0.000000 0.000000 -1.000000 0.000000 0.000000 0.443000
134 0.000000 0.000000 1.000000 -1.863700 0.000000 1.000000 0.000000 0.000000 -1.000000 0.000000 0.000000 0.443000
135 0.000000 0.000000 1.000000 -1.863700 0.000000 1.000000 0.000000 0.000000 -1.000000 0.000000 0.000000 0.443000
136 0.000000 0.000000 1.000000 -1.863700 0.000000 1.000000 0.000000 0.000000 -1.000000 0.000000 0.000000 0.443000
137 0.000000 0.000000 1.000000 -1.863700 0.000000 1.000000 0.000000 0.000000 -1.000000 0.000000 0.000000 0.443000
138 0.000000 0.000000 1.000000 -1.863700 0.000000 1.000000 0.000000 0.000000 -1.000000 0.000000 0.000000 0.443000
139 0.000000 0.000000 1.000000 -1.863700 0.000000 1.000000 0.000000 0.000000 -1.000000 0.000000 0.000000 0.443000
140 0.000000 0.000000 1.000000 -1.863700 0.000000 1.000000 0.000000 0.000000 -1.000000 0.000000 0.000000 0.443000
141 0.000000 0.000000 1.000000 -1.863700 0.000000 1.000000 0.000000 0.000000 -1.000000 0.000000 0.000000 0.443000
142 0.000000 0.000000 1.000000 -1.863700 0.000000 1.000000 0.000000 0.000000 -1.000000 0.000000 0.000000 0.443000
143 0.000000 0.000000 1.000000 -1.863700 0.000000 1.000000 0.000000 0.000000 -1.000000 0.000000 0.000000 0.443000
144 0.000000 0.000000 1.000000 -1.863700 0.000000 1.000000 0.000000 0.000000 -1.000000 0.000000 0.000000 0.443000
145 -0.000003 0.000000 1.000000 -1.863700 0.000000 1.000000 0.000000 0.000000 -1.000000 0.000000 -0.000003 0.443000
146 -0.000011 0.000000 1.000000 -1.863700 0.000000 1.000000 0.000000 0.000000 -1.000000 0.000000 -0.000011 0.443000
147 -0.000019 0.000000 1.000000 -1.863700 0.000000 1.000000 0.000000 0.000000 -1.000000 0.000000 -0.000019 0.443000
148 -0.000027 0.000000 1.000000 -1.863700 0.000000 1.000000 0.000000 0.000000 -1.000000 0.000000 -0.000027 0.443000
149 -0.000035 0.000000 1.000000 -1.863700 0.000000 1.000000 0.000000 0.000000 -1.000000 0.000000 -0.000035 0.443000
150 -0.000043 0.000000 1.000000 -1.863700 0.000000 1.000000 0.000000 0.000000 -1.000000 0.000000 -0.000043 0.443000
151 -0.000051 0.000000 1.000000 -1.863700 0.000000 1.000000 0.000000 0.000000 -1.000000 0.000000 -0.000051 0.443000
152 -0.000060 0.000000 1.000000 -1.863700 0.000000 1.000000 0.000000 0.000000 -1.000000 0.000000 -0.000060 0.443000
153 -0.000068 0.000000 1.000000 -1.863700 0.000000 1.000000 0.000000 0.000000 -1.000000 0.000000 -0.000068 0.443000
154 -0.000076 0.000000 1.000000 -1.863700 0.000000 1.000000 0.000000 0.000000 -1.000000 0.000000 -0.000076 0.443000
155 -0.000084 0.000000 1.000000 -1.863700 0.000000 1.000000 0.000000 0.000000 -1.000000 0.000000 -0.000084 0.443000
156 -0.000092 0.000000 1.000000 -1.863700 0.000000 1.000000 0.000000 0.000000 -1.000000 0.000000 -0.000092 0.443000
157 -0.000115 0.000000 1.000000 -1.863678 0.000000 1.000000 0.000000 0.000000 -1.000000 0.000000 -0.000115 0.443000
158 -0.000376 0.000000 1.000000 -1.863308 0.000000 1.000000 0.000000 0.000000 -1.000000 0.000000 -0.000376 0.443000
159 -0.000637 0.000000 1.000000 -1.862938 0.000000 1.000000 0.000000 0.000000 -1.000000 0.000000 -0.000637 0.443000
160 -0.000897 0.000000 1.000000 -1.862568 0.000000 1.000000 0.000000 0.000000 -1.000000 0.000000 -0.000897 0.443000
161 -0.001158 0.000000 0.999999 -1.862198 0.000000 1.000000 0.000000 0.000000 -0.999999 0.000000 -0.001158 0.443000
162 -0.001419 0.000000 0.999999 -1.861828 0.000000 1.000000 0.000000 0.000000 -0.999999 0.000000 -0.001419 0.443000
163 -0.001680 0.000000 0.999999 -1.861458 0.000000 1.000000 0.000000 0.000000 -0.999999 0.000000 -0.001680 0.443000
164 -0.001940 0.000000 0.999998 -1.861088 0.000000 1.000000 0.000000 0.000000 -0.999998 0.000000 -0.001940 0.443000
165 -0.002201 0.000000 0.999998 -1.860718 0.000000 1.000000 0.000000 0.000000 -0.999998 0.000000 -0.002201 0.443000
166 -0.002462 0.000000 0.999997 -1.860348 0.000000 1.000000 0.000000 0.000000 -0.999997 0.000000 -0.002462 0.443000
167 -0.002723 0.000000 0.999996 -1.859978 0.000000 1.000000 0.000000 0.000000 -0.999996 0.000000 -0.002723 0.443000
168 -0.002983 0.000000 0.999996 -1.859608 0.000000 1.000000 0.000000 0.000000 -0.999996 0.000000 -0.002983 0.443000
169 -0.003190 0.000000 0.999995 -1.859070 0.000000 1.000000 0.000000 0.000000 -0.999995 0.000000 -0.003190 0.443000
170 -0.003132 0.000000 0.999995 -1.857705 0.000000 1.000000 0.000000 0.000000 -0.999995 0.000000 -0.003132 0.442999
171 -0.003074 0.000000 0.999995 -1.856340 0.000000 1.000000 0.000000 0.000000 -0.999995 0.000000 -0.003074 0.442999
172 -0.003017 0.000000 0.999995 -1.854975 0.000000 1.000000 0.000000 0.000000 -0.999995 0.000000 -0.003017 0.442999
173 -0.002959 0.000000 0.999996 -1.853610 0.000000 1.000000 0.000000 0.000000 -0.999996 0.000000 -0.002959 0.442999
174 -0.002901 0.000000 0.999996 -1.852245 0.000000 1.000000 0.000000 0.000000 -0.999996 0.000000 -0.002901 0.442999
175 -0.002843 0.000000 0.999996 -1.850881 0.000000 1.000000 0.000000 0.000000 -0.999996 0.000000 -0.002843 0.442999
176 -0.002785 0.000000 0.999996 -1.849516 0.000000 1.000000 0.000000 0.000000 -0.999996 0.000000 -0.002785 0.442999
177 -0.002727 0.000000 0.999996 -1.848151 0.000000 1.000000 0.000000 0.000000 -0.999996 0.000000 -0.002727 0.442998
178 -0.002669 0.000000 0.999996 -1.846786 0.000000 1.000000 0.000000 0.000000 -0.999996 0.000000 -0.002669 0.442998
179 -0.002611 0.000000 0.999997 -1.845421 0.000000 1.000000 0.000000 0.000000 -0.999997 0.000000 -0.002611 0.442998
180 -0.002553 0.000000 0.999997 -1.844056 0.000000 1.000000 0.000000 0.000000 -0.999997 0.000000 -0.002553 0.442998
181 -0.002526 0.000000 0.999997 -1.842587 0.000000 1.000000 0.000000 0.000000 -0.999997 0.000000 -0.002526 0.442997
182 -0.002847 0.000000 0.999996 -1.839917 0.000000 1.000000 0.000000 0.000000 -0.999996 0.000000 -0.002847 0.442980
183 -0.003168 0.000000 0.999995 -1.837247 0.000000 1.000000 0.000000 0.000000 -0.999995 0.000000 -0.003168 0.442963
184 -0.003490 0.000000 0.999994 -1.834577 0.000000 1.000000 0.000000 0.000000 -0.999994 0.000000 -0.003490 0.442946
185 -0.003811 0.000000 0.999993 -1.831906 0.000000 1.000000 0.000000 0.000000 -0.999993 0.000000 -0.003811 0.442930
186 -0.004133 0.000000 0.999991 -1.829236 0.000000 1.000000 0.000000 0.000000 -0.999991 0.000000 -0.004133 0.442913
187 -0.004454 0.000000 0.999990 -1.826566 0.000000 1.000000 0.000000 0.000000 -0.999990 0.000000 -0.004454 0.442896
188 -0.004776 0.000000 0.999989 -1.823896 0.000000 1.000000 0.000000 0.000000 -0.999989 0.000000 -0.004776 0.442879
189 -0.005097 0.000000 0.999987 -1.821225 0.000000 1.000000 0.000000 0.000000 -0.999987 0.000000 -0.005097 0.442863
190 -0.005418 0.000000 0.999985 -1.818555 0.000000 1.000000 0.000000 0.000000 -0.999985 0.000000 -0.005418 0.442846
191 -0.005740 0.000000 0.999984 -1.815885 0.000000 1.000000 0.000000 0.000000 -0.999984 0.000000 -0.005740 0.442829
192 -0.006061 0.000000 0.999982 -1.813215 0.000000 1.000000 0.000000 0.000000 -0.999982 0.000000 -0.006061 0.442812
193 -0.006383 0.000000 0.999980 -1.810544 0.000000 1.000000 0.000000 0.000000 -0.999980 0.000000 -0.006383 0.442796
194 -0.005931 0.000000 0.999982 -1.807148 0.000000 1.000000 0.000000 0.000000 -0.999982 0.000000 -0.005931 0.442779
195 -0.005435 0.000000 0.999985 -1.803711 0.000000 1.000000 0.000000 0.000000 -0.999985 0.000000 -0.005435 0.442762
196 -0.004939 0.000000 0.999988 -1.800274 0.000000 1.000000 0.000000 0.000000 -0.999988 0.000000 -0.004939 0.442745
197 -0.004444 0.000000 0.999990 -1.796836 0.000000 1.000000 0.000000 0.000000 -0.999990 0.000000 -0.004444 0.442728
198 -0.003948 0.000000 0.999992 -1.793399 0.000000 1.000000 0.000000 0.000000 -0.999992 0.000000 -0.003948 0.442711
199 -0.003452 0.000000 0.999994 -1.789961 0.000000 1.000000 0.000000 0.000000 -0.999994 0.000000 -0.003452 0.442694
200 -0.002956 0.000000 0.999996 -1.786524 0.000000 1.000000 0.000000 0.000000 -0.999996 0.000000 -0.002956 0.442677
201 -0.002461 0.000000 0.999997 -1.783087 0.000000 1.000000 0.000000 0.000000 -0.999997 0.000000 -0.002461 0.442661
202 -0.001965 0.000000 0.999998 -1.779649 0.000000 1.000000 0.000000 0.000000 -0.999998 0.000000 -0.001965 0.442644
203 -0.001469 0.000000 0.999999 -1.776212 0.000000 1.000000 0.000000 0.000000 -0.999999 0.000000 -0.001469 0.442627
204 -0.000973 0.000000 1.000000 -1.772775 0.000000 1.000000 0.000000 0.000000 -1.000000 0.000000 -0.000973 0.442610
205 -0.000477 0.000000 1.000000 -1.769337 0.000000 1.000000 0.000000 0.000000 -1.000000 0.000000 -0.000477 0.442593
206 -0.000337 0.000000 1.000000 -1.765447 0.000000 1.000000 0.000000 0.000000 -1.000000 0.000000 -0.000337 0.442590
207 -0.000261 0.000000 1.000000 -1.761473 0.000000 1.000000 0.000000 0.000000 -1.000000 0.000000 -0.000261 0.442590
208 -0.000186 0.000000 1.000000 -1.757499 0.000000 1.000000 0.000000 0.000000 -1.000000 0.000000 -0.000186 0.442589
209 -0.000111 0.000000 1.000000 -1.753525 0.000000 1.000000 0.000000 0.000000 -1.000000 0.000000 -0.000111 0.442589
210 -0.000036 0.000000 1.000000 -1.749552 0.000000 1.000000 0.000000 0.000000 -1.000000 0.000000 -0.000036 0.442589
211 0.000039 0.000000 1.000000 -1.745578 0.000000 1.000000 0.000000 0.000000 -1.000000 0.000000 0.000039 0.442588
212 0.000114 0.000000 1.000000 -1.741604 0.000000 1.000000 0.000000 0.000000 -1.000000 0.000000 0.000114 0.442588
213 0.000189 0.000000 1.000000 -1.737630 0.000000 1.000000 0.000000 0.000000 -1.000000 0.000000 0.000189 0.442587
214 0.000264 0.000000 1.000000 -1.733656 0.000000 1.000000 0.000000 0.000000 -1.000000 0.000000 0.000264 0.442587
215 0.000340 0.000000 1.000000 -1.729682 0.000000 1.000000 0.000000 0.000000 -1.000000 0.000000 0.000340 0.442587
216 0.000415 0.000000 1.000000 -1.725708 0.000000 1.000000 0.000000 0.000000 -1.000000 0.000000 0.000415 0.442586
217 0.000490 0.000000 1.000000 -1.721734 0.000000 1.000000 0.000000 0.000000 -1.000000 0.000000 0.000490 0.442586
218 0.000486 0.000000 1.000000 -1.717337 0.000000 1.000000 0.000000 0.000000 -1.000000 0.000000 0.000486 0.442593
219 0.000469 0.000000 1.000000 -1.712873 0.000000 1.000000 0.000000 0.000000 -1.000000 0.000000 0.000469 0.442600
220 0.000452 0.000000 1.000000 -1.708410 0.000000 1.000000 0.000000 0.000000 -1.000000 0.000000 0.000452 0.442608
221 0.000436 0.000000 1.000000 -1.703947 0.000000 1.000000 0.000000 0.000000 -1.000000 0.000000 0.000436 0.442616
222 0.000419 0.000000 1.000000 -1.699484 0.000000 1.000000 0.000000 0.000000 -1.000000 0.000000 0.000419 0.442624
223 0.000403 0.000000 1.000000 -1.695020 0.000000 1.000000 0.000000 0.000000 -1.000000 0.000000 0.000403 0.442632
224 0.000386 0.000000 1.000000 -1.690557 0.000000 1.000000 0.000000 0.000000 -1.000000 0.000000 0.000386 0.442640
225 0.000369 0.000000 1.000000 -1.686094 0.000000 1.000000 0.000000 0.000000 -1.000000 0.000000 0.000369 0.442647
226 0.000353 0.000000 1.000000 -1.681631 0.000000 1.000000 0.000000 0.000000 -1.000000 0.000000 0.000353 0.442655
227 0.000336 0.000000 1.000000 -1.677168 0.000000 1.000000 0.000000 0.000000 -1.000000 0.000000 0.000336 0.442663
228 0.000320 0.000000 1.000000 -1.672704 0.000000 1.000000 0.000000 0.000000 -1.000000 0.000000 0.000320 0.442671
229 0.000303 0.000000 1.000000 -1.668241 0.000000 1.000000 0.000000 0.000000 -1.000000 0.000000 0.000303 0.442679
230 0.000232 0.000000 1.000000 -1.662895 0.000000 1.000000 0.000000 0.000000 -1.000000 0.000000 0.000232 0.442680
231 0.000149 0.000000 1.000000 -1.657343 0.000000 1.000000 0.000000 0.000000 -1.000000 0.000000 0.000149 0.442679
232 0.000066 0.000000 1.000000 -1.651792 0.000000 1.000000 0.000000 0.000000 -1.000000 0.000000 0.000066 0.442679
233 -0.000018 0.000000 1.000000 -1.646240 0.000000 1.000000 0.000000 0.000000 -1.000000 0.000000 -0.000018 0.442678
234 -0.000101 0.000000 1.000000 -1.640689 0.000000 1.000000 0.000000 0.000000 -1.000000 0.000000 -0.000101 0.442678
235 -0.000184 0.000000 1.000000 -1.635138 0.000000 1.000000 0.000000 0.000000 -1.000000 0.000000 -0.000184 0.442677
236 -0.000268 0.000000 1.000000 -1.629586 0.000000 1.000000 0.000000 0.000000 -1.000000 0.000000 -0.000268 0.442677
237 -0.000351 0.000000 1.000000 -1.624035 0.000000 1.000000 0.000000 0.000000 -1.000000 0.000000 -0.000351 0.442676
238 -0.000434 0.000000 1.000000 -1.618483 0.000000 1.000000 0.000000 0.000000 -1.000000 0.000000 -0.000434 0.442675
239 -0.000518 0.000000 1.000000 -1.612932 0.000000 1.000000 0.000000 0.000000 -1.000000 0.000000 -0.000518 0.442675
240 -0.000601 0.000000 1.000000 -1.607381 0.000000 1.000000 0.000000 0.000000 -1.000000 0.000000 -0.000601 0.442674
241 -0.000685 0.000000 1.000000 -1.601829 0.000000 1.000000 0.000000 0.000000 -1.000000 0.000000 -0.000685 0.442674
242 -0.000752 0.000000 1.000000 -1.600787 0.000000 1.000000 0.000000 0.000000 -1.000000 0.000000 -0.000752 0.442667
243 -0.000816 0.000000 1.000000 -1.600771 0.000000 1.000000 0.000000 0.000000 -1.000000 0.000000 -0.000816 0.442659
244 -0.000880 0.000000 1.000000 -1.600755 0.000000 1.000000 0.000000 0.000000 -1.000000 0.000000 -0.000880 0.442651
245 -0.000945 0.000000 1.000000 -1.600739 0.000000 1.000000 0.000000 0.000000 -1.000000 0.000000 -0.000945 0.442643
246 -0.001009 0.000000 0.999999 -1.600723 0.000000 1.000000 0.000000 0.000000 -0.999999 0.000000 -0.001009 0.442635
247 -0.001073 0.000000 0.999999 -1.600707 0.000000 1.000000 0.000000 0.000000 -0.999999 0.000000 -0.001073 0.442627
248 -0.001137 0.000000 0.999999 -1.600691 0.000000 1.000000 0.000000 0.000000 -0.999999 0.000000 -0.001137 0.442619
249 -0.001201 0.000000 0.999999 -1.600675 0.000000 1.000000 0.000000 0.000000 -0.999999 0.000000 -0.001201 0.442611
250 -0.001265 0.000000 0.999999 -1.600659 0.000000 1.000000 0.000000 0.000000 -0.999999 0.000000 -0.001265 0.442603
251 -0.001329 0.000000 0.999999 -1.600643 0.000000 1.000000 0.000000 0.000000 -0.999999 0.000000 -0.001329 0.442595
252 -0.001393 0.000000 0.999999 -1.600627 0.000000 1.000000 0.000000 0.000000 -0.999999 0.000000 -0.001393 0.442587
253 -0.001458 0.000000 0.999999 -1.600611 0.000000 1.000000 0.000000 0.000000 -0.999999 0.000000 -0.001458 0.442579
254 -0.001517 0.000000 0.999999 -1.595914 0.000000 1.000000 0.000000 0.000000 -0.999999 0.000000 -0.001517 0.442570
255 -0.001568 0.000000 0.999999 -1.582063 0.000000 1.000000 0.000000 0.000000 -0.999999 0.000000 -0.001568 0.442560
256 -0.001619 0.000000 0.999999 -1.568212 0.000000 1.000000 0.000000 0.000000 -0.999999 0.000000 -0.001619 0.442551
257 -0.001670 0.000000 0.999999 -1.554361 0.000000 1.000000 0.000000 0.000000 -0.999999 0.000000 -0.001670 0.442541
258 -0.001721 0.000000 0.999999 -1.540510 0.000000 1.000000 0.000000 0.000000 -0.999999 0.000000 -0.001721 0.442531
259 -0.001772 0.000000 0.999998 -1.526659 0.000000 1.000000 0.000000 0.000000 -0.999998 0.000000 -0.001772 0.442521
260 -0.001823 0.000000 0.999998 -1.512808 0.000000 1.000000 0.000000 0.000000 -0.999998 0.000000 -0.001823 0.442511
261 -0.001874 0.000000 0.999998 -1.498957 0.000000 1.000000 0.000000 0.000000 -0.999998 0.000000 -0.001874 0.442501
262 -0.001925 0.000000 0.999998 -1.485106 0.000000 1.000000 0.000000 0.000000 -0.999998 0.000000 -0.001925 0.442491
263 -0.001976 0.000000 0.999998 -1.471256 0.000000 1.000000 0.000000 0.000000 -0.999998 0.000000 -0.001976 0.442481
264 -0.002027 0.000000 0.999998 -1.457405 0.000000 1.000000 0.000000 0.000000 -0.999998 0.000000 -0.002027 0.442471
265 -0.002078 0.000000 0.999998 -1.443554 0.000000 1.000000 0.000000 0.000000 -0.999998 0.000000 -0.002078 0.442462
266 -0.002042 0.000000 0.999998 -1.433252 0.000000 1.000000 0.000000 0.000000 -0.999998 0.000000 -0.002042 0.442447
267 -0.001942 0.000000 0.999998 -1.425550 0.000000 1.000000 0.000000 0.000000 -0.999998 0.000000 -0.001942 0.442430
268 -0.001841 0.000000 0.999998 -1.417846 0.000000 1.000000 0.000000 0.000000 -0.999998 0.000000 -0.001841 0.442412
269 -0.001741 0.000000 0.999998 -1.410144 0.000000 1.000000 0.000000 0.000000 -0.999998 0.000000 -0.001741 0.442395
270 -0.001641 0.000000 0.999999 -1.402441 0.000000 1.000000 0.000000 0.000000 -0.999999 0.000000 -0.001641 0.442377
271 -0.001540 0.000000 0.999999 -1.394737 0.000000 1.000000 0.000000 0.000000 -0.999999 0.000000 -0.001540 0.442360
272 -0.001440 0.000000 0.999999 -1.387035 0.000000 1.000000 0.000000 0.000000 -0.999999 0.000000 -0.001440 0.442342
273 -0.001339 0.000000 0.999999 -1.379331 0.000000 1.000000 0.000000 0.000000 -0.999999 0.000000 -0.001339 0.442325
274 -0.001239 0.000000 0.999999 -1.371629 0.000000 1.000000 0.000000 0.000000 -0.999999 0.000000 -0.001239 0.442307
275 -0.001139 0.000000 0.999999 -1.363925 0.000000 1.000000 0.000000 0.000000 -0.999999 0.000000 -0.001139 0.442290
276 -0.001038 0.000000 0.999999 -1.356223 0.000000 1.000000 0.000000 0.000000 -0.999999 0.000000 -0.001038 0.442272
277 -0.000938 0.000000 1.000000 -1.348520 0.000000 1.000000 0.000000 0.000000 -1.000000 0.000000 -0.000938 0.442255
278 -0.000859 0.000000 1.000000 -1.340639 0.000000 1.000000 0.000000 0.000000 -1.000000 0.000000 -0.000859 0.442243
279 -0.000793 0.000000 1.000000 -1.332649 0.000000 1.000000 0.000000 0.000000 -1.000000 0.000000 -0.000793 0.442233
280 -0.000726 0.000000 1.000000 -1.324660 0.000000 1.000000 0.000000 0.000000 -1.000000 0.000000 -0.000726 0.442224
281 -0.000660 0.000000 1.000000 -1.316670 0.000000 1.000000 0.000000 0.000000 -1.000000 0.000000 -0.000660 0.442215
282 -0.000594 0.000000 1.000000 -1.308680 0.000000 1.000000 0.000000 0.000000 -1.000000 0.000000 -0.000594 0.442206
283 -0.000527 0.000000 1.000000 -1.300691 0.000000 1.000000 0.000000 0.000000 -1.000000 0.000000 -0.000527 0.442197
284 -0.000461 0.000000 1.000000 -1.292701 0.000000 1.000000 0.000000 0.000000 -1.000000 0.000000 -0.000461 0.442188
285 -0.000395 0.000000 1.000000 -1.284712 0.000000 1.000000 0.000000 0.000000 -1.000000 0.000000 -0.000395 0.442179
286 -0.000328 0.000000 1.000000 -1.276722 0.000000 1.000000 0.000000 0.000000 -1.000000 0.000000 -0.000328 0.442170
287 -0.000262 0.000000 1.000000 -1.268732 0.000000 1.000000 0.000000 0.000000 -1.000000 0.000000 -0.000262 0.442161
288 -0.000196 0.000000 1.000000 -1.260743 0.000000 1.000000 0.000000 0.000000 -1.000000 0.000000 -0.000196 0.442152
289 -0.000129 0.000000 1.000000 -1.252753 0.000000 1.000000 0.000000 0.000000 -1.000000 0.000000 -0.000129 0.442143
290 -0.000012 0.000000 1.000000 -1.244508 0.000000 1.000000 0.000000 0.000000 -1.000000 0.000000 -0.000012 0.442147
291 0.000145 0.000000 1.000000 -1.236060 0.000000 1.000000 0.000000 0.000000 -1.000000 0.000000 0.000145 0.442163
292 0.000303 0.000000 1.000000 -1.227611 0.000000 1.000000 0.000000 0.000000 -1.000000 0.000000 0.000303 0.442179
293 0.000461 0.000000 1.000000 -1.219162 0.000000 1.000000 0.000000 0.000000 -1.000000 0.000000 0.000461 0.442195
294 0.000619 0.000000 1.000000 -1.210713 0.000000 1.000000 0.000000 0.000000 -1.000000 0.000000 0.000619 0.442210
295 0.000777 0.000000 1.000000 -1.202264 0.000000 1.000000 0.000000 0.000000 -1.000000 0.000000 0.000777 0.442226
296 0.000935 0.000000 1.000000 -1.193815 0.000000 1.000000 0.000000 0.000000 -1.000000 0.000000 0.000935 0.442242
297 0.001093 0.000000 0.999999 -1.185367 0.000000 1.000000 0.000000 0.000000 -0.999999 0.000000 0.001093 0.442258
298 0.001250 0.000000 0.999999 -1.176918 0.000000 1.000000 0.000000 0.000000 -0.999999 0.000000 0.001250 0.442273
299 0.001408 0.000000 0.999999 -1.168469 0.000000 1.000000 0.000000 0.000000 -0.999999 0.000000 0.001408 0.442289
300 0.001566 0.000000 0.999999 -1.160020 0.000000 1.000000 0.000000 0.000000 -0.999999 0.000000 0.001566 0.442305
301 0.001724 0.000000 0.999999 -1.151571 0.000000 1.000000 0.000000 0.000000 -0.999999 0.000000 0.001724 0.442321
302 0.001740 0.000000 0.999998 -1.143171 0.000000 1.000000 0.000000 0.000000 -0.999998 0.000000 0.001740 0.442332
303 0.001625 0.000000 0.999999 -1.134817 0.000000 1.000000 0.000000 0.000000 -0.999999 0.000000 0.001625 0.442340
304 0.001509 0.000000 0.999999 -1.126462 0.000000 1.000000 0.000000 0.000000 -0.999999 0.000000 0.001509 0.442347
305 0.001394 0.000000 0.999999 -1.118108 0.000000 1.000000 0.000000 0.000000 -0.999999 0.000000 0.001394 0.442354
306 0.001278 0.000000 0.999999 -1.109754 0.000000 1.000000 0.000000 0.000000 -0.999999 0.000000 0.001278 0.442362
307 0.001163 0.000000 0.999999 -1.101399 0.000000 1.000000 0.000000 0.000000 -0.999999 0.000000 0.001163 0.442369
308 0.001047 0.000000 0.999999 -1.093045 0.000000 1.000000 0.000000 0.000000 -0.999999 0.000000 0.001047 0.442377
309 0.000932 0.000000 1.000000 -1.084690 0.000000 1.000000 0.000000 0.000000 -1.000000 0.000000 0.000932 0.442384
310 0.000816 0.000000 1.000000 -1.076336 0.000000 1.000000 0.000000 0.000000 -1.000000 0.000000 0.000816 0.442392
311 0.000701 0.000000 1.000000 -1.067982 0.000000 1.000000 0.000000 0.000000 -1.000000 0.000000 0.000701 0.442399
312 0.000586 0.000000 1.000000 -1.059628 0.000000 1.000000 0.000000 0.000000 -1.000000 0.000000 0.000586 0.442406
313 0.000470 0.000000 1.000000 -1.051273 0.000000 1.000000 0.000000 0.000000 -1.000000 0.000000 0.000470 0.442414
314 0.000475 0.000000 1.000000 -1.042845 0.000000 1.000000 0.000000 0.000000 -1.000000 0.000000 0.000475 0.442424
315 0.000667 0.000000 1.000000 -1.034301 0.000000 1.000000 0.000000 0.000000 -1.000000 0.000000 0.000667 0.442440
316 0.000858 0.000000 1.000000 -1.025758 0.000000 1.000000 0.000000 0.000000 -1.000000 0.000000 0.000858 0.442456
317 0.001050 0.000000 0.999999 -1.017215 0.000000 1.000000 0.000000 0.000000 -0.999999 0.000000 0.001050 0.442472
318 0.001241 0.000000 0.999999 -1.008672 0.000000 1.000000 0.000000 0.000000 -0.999999 0.000000 0.001241 0.442488
319 0.001433 0.000000 0.999999 -1.000129 0.000000 1.000000 0.000000 0.000000 -0.999999 0.000000 0.001433 0.442503
320 0.001624 0.000000 0.999999 -0.991586 0.000000 1.000000 0.000000 0.000000 -0.999999 0.000000 0.001624 0.442519
321 0.001816 0.000000 0.999998 -0.983043 0.000000 1.000000 0.000000 0.000000 -0.999998 0.000000 0.001816 0.442535
322 0.002007 0.000000 0.999998 -0.974500 0.000000 1.000000 0.000000 0.000000 -0.999998 0.000000 0.002007 0.442551
323 0.002199 0.000000 0.999998 -0.965957 0.000000 1.000000 0.000000 0.000000 -0.999998 0.000000 0.002199 0.442567
324 0.002390 0.000000 0.999997 -0.957413 0.000000 1.000000 0.000000 0.000000 -0.999997 0.000000 0.002390 0.442582
325 0.002582 0.000000 0.999997 -0.948870 0.000000 1.000000 0.000000 0.000000 -0.999997 0.000000 0.002582 0.442598
326 0.002681 0.000000 0.999996 -0.940405 0.000000 1.000000 0.000000 0.000000 -0.999996 0.000000 0.002681 0.442617
327 0.002632 0.000000 0.999997 -0.932066 0.000000 1.000000 0.000000 0.000000 -0.999997 0.000000 0.002632 0.442641
328 0.002583 0.000000 0.999997 -0.923726 0.000000 1.000000 0.000000 0.000000 -0.999997 0.000000 0.002583 0.442665
329 0.002534 0.000000 0.999997 -0.915386 0.000000 1.000000 0.000000 0.000000 -0.999997 0.000000 0.002534 0.442688
330 0.002485 0.000000 0.999997 -0.907047 0.000000 1.000000 0.000000 0.000000 -0.999997 0.000000 0.002485 0.442712
331 0.002436 0.000000 0.999997 -0.898707 0.000000 1.000000 0.000000 0.000000 -0.999997 0.000000 0.002436 0.442736
332 0.002387 0.000000 0.999997 -0.890367 0.000000 1.000000 0.000000 0.000000 -0.999997 0.000000 0.002387 0.442759
333 0.002337 0.000000 0.999997 -0.882027 0.000000 1.000000 0.000000 0.000000 -0.999997 0.000000 0.002337 0.442783
334 0.002288 0.000000 0.999997 -0.873688 0.000000 1.000000 0.000000 0.000000 -0.999997 0.000000 0.002288 0.442807
335 0.002239 0.000000 0.999997 -0.865348 0.000000 1.000000 0.000000 0.000000 -0.999997 0.000000 0.002239 0.442831
336 0.002190 0.000000 0.999998 -0.857009 0.000000 1.000000 0.000000 0.000000 -0.999998 0.000000 0.002190 0.442854
337 0.002141 0.000000 0.999998 -0.848669 0.000000 1.000000 0.000000 0.000000 -0.999998 0.000000 0.002141 0.442878
338 0.002124 0.000000 0.999998 -0.840319 0.000000 1.000000 0.000000 0.000000 -0.999998 0.000000 0.002124 0.442902
339 0.002273 0.000000 0.999997 -0.831920 0.000000 1.000000 0.000000 0.000000 -0.999997 0.000000 0.002273 0.442926
340 0.002422 0.000000 0.999997 -0.823520 0.000000 1.000000 0.000000 0.000000 -0.999997 0.000000 0.002422 0.442950
341 0.002571 0.000000 0.999997 -0.815121 0.000000 1.000000 0.000000 0.000000 -0.999997 0.000000 0.002571 0.442974
342 0.002720 0.000000 0.999996 -0.806721 0.000000 1.000000 0.000000 0.000000 -0.999996 0.000000 0.002720 0.442998
343 0.002869 0.000000 0.999996 -0.798321 0.000000 1.000000 0.000000 0.000000 -0.999996 0.000000 0.002869 0.443022
344 0.003018 0.000000 0.999995 -0.789922 0.000000 1.000000 0.000000 0.000000 -0.999995 0.000000 0.003018 0.443046
345 0.003167 0.000000 0.999995 -0.781522 0.000000 1.000000 0.000000 0.000000 -0.999995 0.000000 0.003167 0.443070
346 0.003316 0.000000 0.999995 -0.773123 0.000000 1.000000 0.000000 0.000000 -0.999995 0.000000 0.003316 0.443094
347 0.003465 0.000000 0.999994 -0.764723 0.000000 1.000000 0.000000 0.000000 -0.999994 0.000000 0.003465 0.443118
348 0.003614 0.000000 0.999993 -0.756323 0.000000 1.000000 0.000000 0.000000 -0.999993 0.000000 0.003614 0.443142
349 0.003763 0.000000 0.999993 -0.747924 0.000000 1.000000 0.000000 0.000000 -0.999993 0.000000 0.003763 0.443166
350 0.003891 0.000000 0.999992 -0.739524 0.000000 1.000000 0.000000 0.000000 -0.999992 0.000000 0.003891 0.443190
351 0.003773 0.000000 0.999993 -0.731122 0.000000 1.000000 0.000000 0.000000 -0.999993 0.000000 0.003773 0.443214
352 0.003656 0.000000 0.999993 -0.722720 0.000000 1.000000 0.000000 0.000000 -0.999993 0.000000 0.003656 0.443238
353 0.003538 0.000000 0.999994 -0.714318 0.000000 1.000000 0.000000 0.000000 -0.999994 0.000000 0.003538 0.443263
354 0.003421 0.000000 0.999994 -0.705916 0.000000 1.000000 0.000000 0.000000 -0.999994 0.000000 0.003421 0.443287
355 0.003304 0.000000 0.999995 -0.697515 0.000000 1.000000 0.000000 0.000000 -0.999995 0.000000 0.003304 0.443311
356 0.003186 0.000000 0.999995 -0.689112 0.000000 1.000000 0.000000 0.000000 -0.999995 0.000000 0.003186 0.443335
357 0.003069 0.000000 0.999995 -0.680711 0.000000 1.000000 0.000000 0.000000 -0.999995 0.000000 0.003069 0.443360
358 0.002951 0.000000 0.999996 -0.672309 0.000000 1.000000 0.000000 0.000000 -0.999996 0.000000 0.002951 0.443384
359 0.002834 0.000000 0.999996 -0.663907 0.000000 1.000000 0.000000 0.000000 -0.999996 0.000000 0.002834 0.443408
360 0.002717 0.000000 0.999996 -0.655505 0.000000 1.000000 0.000000 0.000000 -0.999996 0.000000 0.002717 0.443433
361 0.002599 0.000000 0.999997 -0.647103 0.000000 1.000000 0.000000 0.000000 -0.999997 0.000000 0.002599 0.443457
362 0.002533 0.000000 0.999997 -0.638845 0.000000 1.000000 0.000000 0.000000 -0.999997 0.000000 0.002533 0.443483
363 0.002744 0.000000 0.999996 -0.631372 0.000000 1.000000 0.000000 0.000000 -0.999996 0.000000 0.002744 0.443514
364 0.002954 0.000000 0.999996 -0.623900 0.000000 1.000000 0.000000 0.000000 -0.999996 0.000000 0.002954 0.443546
365 0.003165 0.000000 0.999995 -0.616428 0.000000 1.000000 0.000000 0.000000 -0.999995 0.000000 0.003165 0.443578
366 0.003376 0.000000 0.999994 -0.608955 0.000000 1.000000 0.000000 0.000000 -0.999994 0.000000 0.003376 0.443609
367 0.003587 0.000000 0.999994 -0.601483 0.000000 1.000000 0.000000 0.000000 -0.999994 0.000000 0.003587 0.443641
368 0.003798 0.000000 0.999993 -0.594011 0.000000 1.000000 0.000000 0.000000 -0.999993 0.000000 0.003798 0.443673
369 0.004009 0.000000 0.999992 -0.586538 0.000000 1.000000 0.000000 0.000000 -0.999992 0.000000 0.004009 0.443704
370 0.004220 0.000000 0.999991 -0.579066 0.000000 1.000000 0.000000 0.000000 -0.999991 0.000000 0.004220 0.443736
371 0.004431 0.000000 0.999990 -0.571594 0.000000 1.000000 0.000000 0.000000 -0.999990 0.000000 0.004431 0.443768
372 0.004642 0.000000 0.999989 -0.564121 0.000000 1.000000 0.000000 0.000000 -0.999989 0.000000 0.004642 0.443800
373 0.004853 0.000000 0.999988 -0.556649 0.000000 1.000000 0.000000 0.000000 -0.999988 0.000000 0.004853 0.443831
374 0.005064 0.000000 0.999987 -0.549177 0.000000 1.000000 0.000000 0.000000 -0.999987 0.000000 0.005064 0.443863
375 0.004889 0.000000 0.999988 -0.542845 0.000000 1.000000 0.000000 0.000000 -0.999988 0.000000 0.004889 0.443868
376 0.004634 0.000000 0.999989 -0.536748 0.000000 1.000000 0.000000 0.000000 -0.999989 0.000000 0.004634 0.443867
377 0.004379 0.000000 0.999990 -0.530652 0.000000 1.000000 0.000000 0.000000 -0.999990 0.000000 0.004379 0.443867
378 0.004125 0.000000 0.999991 -0.524555 0.000000 1.000000 0.000000 0.000000 -0.999991 0.000000 0.004125 0.443866
379 0.003870 0.000000 0.999993 -0.518459 0.000000 1.000000 0.000000 0.000000 -0.999993 0.000000 0.003870 0.443865
380 0.003615 0.000000 0.999993 -0.512362 0.000000 1.000000 0.000000 0.000000 -0.999993 0.000000 0.003615 0.443865
381 0.003360 0.000000 0.999994 -0.506266 0.000000 1.000000 0.000000 0.000000 -0.999994 0.000000 0.003360 0.443864
382 0.003106 0.000000 0.999995 -0.500169 0.000000 1.000000 0.000000 0.000000 -0.999995 0.000000 0.003106 0.443864
383 0.002851 0.000000 0.999996 -0.494073 0.000000 1.000000 0.000000 0.000000 -0.999996 0.000000 0.002851 0.443863
384 0.002596 0.000000 0.999997 -0.487976 0.000000 1.000000 0.000000 0.000000 -0.999997 0.000000 0.002596 0.443862
385 0.002341 0.000000 0.999997 -0.481880 0.000000 1.000000 0.000000 0.000000 -0.999997 0.000000 0.002341 0.443862
386 0.002100 0.000000 0.999998 -0.475869 0.000000 1.000000 0.000000 0.000000 -0.999998 0.000000 0.002100 0.443863
387 0.002109 0.000000 0.999998 -0.471421 0.000000 1.000000 0.000000 0.000000 -0.999998 0.000000 0.002109 0.443895
388 0.002117 0.000000 0.999998 -0.466974 0.000000 1.000000 0.000000 0.000000 -0.999998 0.000000 0.002117 0.443928
389 0.002125 0.000000 0.999998 -0.462526 0.000000 1.000000 0.000000 0.000000 -0.999998 0.000000 0.002125 0.443960
390 0.002133 0.000000 0.999998 -0.458079 0.000000 1.000000 0.000000 0.000000 -0.999998 0.000000 0.002133 0.443993
391 0.002142 0.000000 0.999998 -0.453631 0.000000 1.000000 0.000000 0.000000 -0.999998 0.000000 0.002142 0.444025
392 0.002150 0.000000 0.999998 -0.449183 0.000000 1.000000 0.000000 0.000000 -0.999998 0.000000 0.002150 0.444058
393 0.002158 0.000000 0.999998 -0.444736 0.000000 1.000000 0.000000 0.000000 -0.999998 0.000000 0.002158 0.444090
394 0.002166 0.000000 0.999998 -0.440288 0.000000 1.000000 0.000000 0.000000 -0.999998 0.000000 0.002166 0.444123
395 0.002175 0.000000 0.999998 -0.435841 0.000000 1.000000 0.000000 0.000000 -0.999998 0.000000 0.002175 0.444155
396 0.002183 0.000000 0.999998 -0.431393 0.000000 1.000000 0.000000 0.000000 -0.999998 0.000000 0.002183 0.444188
397 0.002191 0.000000 0.999998 -0.426946 0.000000 1.000000 0.000000 0.000000 -0.999998 0.000000 0.002191 0.444220
398 0.002199 0.000000 0.999998 -0.422498 0.000000 1.000000 0.000000 0.000000 -0.999998 0.000000 0.002199 0.444253
399 0.002266 0.000000 0.999997 -0.419149 0.000000 1.000000 0.000000 0.000000 -0.999997 0.000000 0.002266 0.444263
400 0.002339 0.000000 0.999997 -0.415909 0.000000 1.000000 0.000000 0.000000 -0.999997 0.000000 0.002339 0.444271
401 0.002412 0.000000 0.999997 -0.412668 0.000000 1.000000 0.000000 0.000000 -0.999997 0.000000 0.002412 0.444278
402 0.002484 0.000000 0.999997 -0.409427 0.000000 1.000000 0.000000 0.000000 -0.999997 0.000000 0.002484 0.444286
403 0.002557 0.000000 0.999997 -0.406186 0.000000 1.000000 0.000000 0.000000 -0.999997 0.000000 0.002557 0.444294
404 0.002630 0.000000 0.999997 -0.402946 0.000000 1.000000 0.000000 0.000000 -0.999997 0.000000 0.002630 0.444302
405 0.002703 0.000000 0.999996 -0.399705 0.000000 1.000000 0.000000 0.000000 -0.999996 0.000000 0.002703 0.444309
406 0.002775 0.000000 0.999996 -0.396464 0.000000 1.000000 0.000000 0.000000 -0.999996 0.000000 0.002775 0.444317
407 0.002848 0.000000 0.999996 -0.393224 0.000000 1.000000 0.000000 0.000000 -0.999996 0.000000 0.002848 0.444325
408 0.002921 0.000000 0.999996 -0.389983 0.000000 1.000000 0.000000 0.000000 -0.999996 0.000000 0.002921 0.444333
409 0.002994 0.000000 0.999996 -0.386742 0.000000 1.000000 0.000000 0.000000 -0.999996 0.000000 0.002994 0.444340
410 0.003066 0.000000 0.999995 -0.383501 0.000000 1.000000 0.000000 0.000000 -0.999995 0.000000 0.003066 0.444348
411 0.003072 0.000000 0.999995 -0.380655 0.000000 1.000000 0.000000 0.000000 -0.999995 0.000000 0.003072 0.444356
412 0.003021 0.000000 0.999995 -0.378150 0.000000 1.000000 0.000000 0.000000 -0.999995 0.000000 0.003021 0.444365
413 0.002970 0.000000 0.999996 -0.375644 0.000000 1.000000 0.000000 0.000000 -0.999996 0.000000 0.002970 0.444373
414 0.002919 0.000000 0.999996 -0.373138 0.000000 1.000000 0.000000 0.000000 -0.999996 0.000000 0.002919 0.444381
415 0.002867 0.000000 0.999996 -0.370633 0.000000 1.000000 0.000000 0.000000 -0.999996 0.000000 0.002867 0.444389
416 0.002816 0.000000 0.999996 -0.368127 0.000000 1.000000 0.000000 0.000000 -0.999996 0.000000 0.002816 0.444398
417 0.002765 0.000000 0.999996 -0.365622 0.000000 1.000000 0.000000 0.000000 -0.999996 0.000000 0.002765 0.444406
418 0.002713 0.000000 0.999996 -0.363116 0.000000 1.000000 0.000000 0.000000 -0.999996 0.000000 0.002713 0.444414
419 0.002662 0.000000 0.999996 -0.360611 0.000000 1.000000 0.000000 0.000000 -0.999996 0.000000 0.002662 0.444423
420 0.002611 0.000000 0.999997 -0.358105 0.000000 1.000000 0.000000 0.000000 -0.999997 0.000000 0.002611 0.444431
421 0.002559 0.000000 0.999997 -0.355599 0.000000 1.000000 0.000000 0.000000 -0.999997 0.000000 0.002559 0.444439
422 0.002508 0.000000 0.999997 -0.353094 0.000000 1.000000 0.000000 0.000000 -0.999997 0.000000 0.002508 0.444448
423 0.002227 0.000000 0.999998 -0.351060 0.000000 1.000000 0.000000 0.000000 -0.999998 0.000000 0.002227 0.444449
424 0.001902 0.000000 0.999998 -0.349114 0.000000 1.000000 0.000000 0.000000 -0.999998 0.000000 0.001902 0.444449
425 0.001578 0.000000 0.999999 -0.347168 0.000000 1.000000 0.000000 0.000000 -0.999999 0.000000 0.001578 0.444448
426 0.001254 0.000000 0.999999 -0.345222 0.000000 1.000000 0.000000 0.000000 -0.999999 0.000000 0.001254 0.444448
427 0.000929 0.000000 1.000000 -0.343276 0.000000 1.000000 0.000000 0.000000 -1.000000 0.000000 0.000929 0.444448
428 0.000605 0.000000 1.000000 -0.341330 0.000000 1.000000 0.000000 0.000000 -1.000000 0.000000 0.000605 0.444448
429 0.000281 0.000000 1.000000 -0.339384 0.000000 1.000000 0.000000 0.000000 -1.000000 0.000000 0.000281 0.444448
430 -0.000044 0.000000 1.000000 -0.337438 0.000000 1.000000 0.000000 0.000000 -1.000000 0.000000 -0.000044 0.444447
431 -0.000368 0.000000 1.000000 -0.335492 0.000000 1.000000 0.000000 0.000000 -1.000000 0.000000 -0.000368 0.444447
432 -0.000692 0.000000 1.000000 -0.333546 0.000000 1.000000 0.000000 0.000000 -1.000000 0.000000 -0.000692 0.444447
433 -0.001017 0.000000 0.999999 -0.331600 0.000000 1.000000 0.000000 0.000000 -0.999999 0.000000 -0.001017 0.444447
434 -0.001341 0.000000 0.999999 -0.329654 0.000000 1.000000 0.000000 0.000000 -0.999999 0.000000 -0.001341 0.444447
435 -0.001609 0.000000 0.999999 -0.328062 0.000000 1.000000 0.000000 0.000000 -0.999999 0.000000 -0.001609 0.444440
436 -0.001863 0.000000 0.999998 -0.326549 0.000000 1.000000 0.000000 0.000000 -0.999998 0.000000 -0.001863 0.444431
437 -0.002118 0.000000 0.999998 -0.325036 0.000000 1.000000 0.000000 0.000000 -0.999998 0.000000 -0.002118 0.444423
438 -0.002373 0.000000 0.999997 -0.323524 0.000000 1.000000 0.000000 0.000000 -0.999997 0.000000 -0.002373 0.444415
439 -0.002628 0.000000 0.999997 -0.322011 0.000000 1.000000 0.000000 0.000000 -0.999997 0.000000 -0.002628 0.444406
440 -0.002883 0.000000 0.999996 -0.320498 0.000000 1.000000 0.000000 0.000000 -0.999996 0.000000 -0.002883 0.444398
441 -0.003138 0.000000 0.999995 -0.318985 0.000000 1.000000 0.000000 0.000000 -0.999995 0.000000 -0.003138 0.444389
442 -0.003393 0.000000 0.999994 -0.317472 0.000000 1.000000 0.000000 0.000000 -0.999994 0.000000 -0.003393 0.444381
443 -0.003648 0.000000 0.999993 -0.315960 0.000000 1.000000 0.000000 0.000000 -0.999993 0.000000 -0.003648 0.444373
444 -0.003902 0.000000 0.999992 -0.314447 0.000000 1.000000 0.000000 0.000000 -0.999992 0.000000 -0.003902 0.444364
445 -0.004157 0.000000 0.999991 -0.312934 0.000000 1.000000 0.000000 0.000000 -0.999991 0.000000 -0.004157 0.444356
446 -0.004412 0.000000 0.999990 -0.311421 0.000000 1.000000 0.000000 0.000000 -0.999990 0.000000 -0.004412 0.444348
447 -0.004538 0.000000 0.999990 -0.310075 0.000000 1.000000 0.000000 0.000000 -0.999990 0.000000 -0.004538 0.444345
448 -0.004597 0.000000 0.999989 -0.308817 0.000000 1.000000 0.000000 0.000000 -0.999989 0.000000 -0.004597 0.444345
449 -0.004655 0.000000 0.999989 -0.307559 0.000000 1.000000 0.000000 0.000000 -0.999989 0.000000 -0.004655 0.444344
450 -0.004713 0.000000 0.999989 -0.306301 0.000000 1.000000 0.000000 0.000000 -0.999989 0.000000 -0.004713 0.444344
451 -0.004771 0.000000 0.999989 -0.305043 0.000000 1.000000 0.000000 0.000000 -0.999989 0.000000 -0.004771 0.444344
452 -0.004830 0.000000 0.999988 -0.303785 0.000000 1.000000 0.000000 0.000000 -0.999988 0.000000 -0.004830 0.444344
453 -0.004888 0.000000 0.999988 -0.302527 0.000000 1.000000 0.000000 0.000000 -0.999988 0.000000 -0.004888 0.444344
454 -0.004946 0.000000 0.999988 -0.301269 0.000000 1.000000 0.000000 0.000000 -0.999988 0.000000 -0.004946 0.444344
455 -0.005005 0.000000 0.999987 -0.300011 0.000000 1.000000 0.000000 0.000000 -0.999987 0.000000 -0.005005 0.444344
456 -0.005063 0.000000 0.999987 -0.298753 0.000000 1.000000 0.000000 0.000000 -0.999987 0.000000 -0.005063 0.444344
457 -0.005121 0.000000 0.999987 -0.297494 0.000000 1.000000 0.000000 0.000000 -0.999987 0.000000 -0.005121 0.444343
458 -0.005180 0.000000 0.999987 -0.296236 0.000000 1.000000 0.000000 0.000000 -0.999987 0.000000 -0.005180 0.444343
459 -0.005401 0.000000 0.999985 -0.295093 0.000000 1.000000 0.000000 0.000000 -0.999985 0.000000 -0.005401 0.444338
460 -0.005709 0.000000 0.999984 -0.294011 0.000000 1.000000 0.000000 0.000000 -0.999984 0.000000 -0.005709 0.444329
461 -0.006017 0.000000 0.999982 -0.292929 0.000000 1.000000 0.000000 0.000000 -0.999982 0.000000 -0.006017 0.444321
462 -0.006325 0.000000 0.999980 -0.291847 0.000000 1.000000 0.000000 0.000000 -0.999980 0.000000 -0.006325 0.444312
463 -0.006633 0.000000 0.999978 -0.290765 0.000000 1.000000 0.000000 0.000000 -0.999978 0.000000 -0.006633 0.444304
464 -0.006941 0.000000 0.999976 -0.289683 0.000000 1.000000 0.000000 0.000000 -0.999976 0.000000 -0.006941 0.444296
465 -0.007249 0.000000 0.999974 -0.288601 0.000000 1.000000 0.000000 0.000000 -0.999974 0.000000 -0.007249 0.444287
466 -0.007557 0.000000 0.999971 -0.287518 0.000000 1.000000 0.000000 0.000000 -0.999971 0.000000 -0.007557 0.444279
467 -0.007865 0.000000 0.999969 -0.286436 0.000000 1.000000 0.000000 0.000000 -0.999969 0.000000 -0.007865 0.444270
468 -0.008173 0.000000 0.999967 -0.285354 0.000000 1.000000 0.000000 0.000000 -0.999967 0.000000 -0.008173 0.444262
469 -0.008481 0.000000 0.999964 -0.284272 0.000000 1.000000 0.000000 0.000000 -0.999964 0.000000 -0.008481 0.444253
470 -0.008789 0.000000 0.999961 -0.283190 0.000000 1.000000 0.000000 0.000000 -0.999961 0.000000 -0.008789 0.444245
471 -0.008804 0.000000 0.999961 -0.282157 0.000000 1.000000 0.000000 0.000000 -0.999961 0.000000 -0.008804 0.444221
472 -0.008655 0.000000 0.999963 -0.281152 0.000000 1.000000 0.000000 0.000000 -0.999963 0.000000 -0.008655 0.444187
473 -0.008505 0.000000 0.999964 -0.280148 0.000000 1.000000 0.000000 0.000000 -0.999964 0.000000 -0.008505 0.444154
474 -0.008356 0.000000 0.999965 -0.279143 0.000000 1.000000 0.000000 0.000000 -0.999965 0.000000 -0.008356 0.444121
475 -0.008206 0.000000 0.999966 -0.278138 0.000000 1.000000 0.000000 0.000000 -0.999966 0.000000 -0.008206 0.444087
476 -0.008057 0.000000 0.999968 -0.277133 0.000000 1.000000 0.000000 0.000000 -0.999968 0.000000 -0.008057 0.444054
477 -0.007907 0.000000 0.999969 -0.276128 0.000000 1.000000 0.000000 0.000000 -0.999969 0.000000 -0.007907 0.444021
478 -0.007758 0.000000 0.999970 -0.275123 0.000000 1.000000 0.000000 0.000000 -0.999970 0.000000 -0.007758 0.443987
479 -0.007608 0.000000 0.999971 -0.274118 0.000000 1.000000 0.000000 0.000000 -0.999971 0.000000 -0.007608 0.443954
480 -0.007459 0.000000 0.999972 -0.273113 0.000000 1.000000 0.000000 0.000000 -0.999972 0.000000 -0.007459 0.443921
481 -0.007309 0.000000 0.999973 -0.272109 0.000000 1.000000 0.000000 0.000000 -0.999973 0.000000 -0.007309 0.443887
482 -0.007160 0.000000 0.999974 -0.271104 0.000000 1.000000 0.000000 0.000000 -0.999974 0.000000 -0.007160 0.443854
483 -0.007075 0.000000 0.999975 -0.270036 0.000000 1.000000 0.000000 0.000000 -0.999975 0.000000 -0.007075 0.443851
484 -0.007034 0.000000 0.999975 -0.268925 0.000000 1.000000 0.000000 0.000000 -0.999975 0.000000 -0.007034 0.443867
485 -0.006992 0.000000 0.999976 -0.267815 0.000000 1.000000 0.000000 0.000000 -0.999976 0.000000 -0.006992 0.443883
486 -0.006951 0.000000 0.999976 -0.266704 0.000000 1.000000 0.000000 0.000000 -0.999976 0.000000 -0.006951 0.443900
487 -0.006909 0.000000 0.999976 -0.265594 0.000000 1.000000 0.000000 0.000000 -0.999976 0.000000 -0.006909 0.443916
488 -0.006868 0.000000 0.999976 -0.264484 0.000000 1.000000 0.000000 0.000000 -0.999976 0.000000 -0.006868 0.443933
489 -0.006827 0.000000 0.999977 -0.263373 0.000000 1.000000 0.000000 0.000000 -0.999977 0.000000 -0.006827 0.443949
490 -0.006785 0.000000 0.999977 -0.262263 0.000000 1.000000 0.000000 0.000000 -0.999977 0.000000 -0.006785 0.443966
491 -0.006744 0.000000 0.999977 -0.261152 0.000000 1.000000 0.000000 0.000000 -0.999977 0.000000 -0.006744 0.443982
492 -0.006702 0.000000 0.999978 -0.260042 0.000000 1.000000 0.000000 0.000000 -0.999978 0.000000 -0.006702 0.443999
493 -0.006661 0.000000 0.999978 -0.258931 0.000000 1.000000 0.000000 0.000000 -0.999978 0.000000 -0.006661 0.444015
494 -0.006619 0.000000 0.999978 -0.257821 0.000000 1.000000 0.000000 0.000000 -0.999978 0.000000 -0.006619 0.444032
495 -0.006552 0.000000 0.999979 -0.256726 0.000000 1.000000 0.000000 0.000000 -0.999979 0.000000 -0.006552 0.444035
496 -0.006463 0.000000 0.999979 -0.255644 0.000000 1.000000 0.000000 0.000000 -0.999979 0.000000 -0.006463 0.444027
497 -0.006374 0.000000 0.999980 -0.254563 0.000000 1.000000 0.000000 0.000000 -0.999980 0.000000 -0.006374 0.444019
498 -0.006284 0.000000 0.999980 -0.253481 0.000000 1.000000 0.000000 0.000000 -0.999980 0.000000 -0.006284 0.444010
499 -0.006195 0.000000 0.999981 -0.252400 0.000000 1.000000 0.000000 0.000000 -0.999981 0.000000 -0.006195 0.444002
500 -0.006105 0.000000 0.999981 -0.251318 0.000000 1.000000 0.000000 0.000000 -0.999981 0.000000 -0.006105 0.443994
501 -0.006016 0.000000 0.999982 -0.250237 0.000000 1.000000 0.000000 0.000000 -0.999982 0.000000 -0.006016 0.443986
502 -0.005926 0.000000 0.999982 -0.249155 0.000000 1.000000 0.000000 0.000000 -0.999982 0.000000 -0.005926 0.443977
503 -0.005837 0.000000 0.999983 -0.248074 0.000000 1.000000 0.000000 0.000000 -0.999983 0.000000 -0.005837 0.443969
504 -0.005747 0.000000 0.999983 -0.246992 0.000000 1.000000 0.000000 0.000000 -0.999983 0.000000 -0.005747 0.443961
505 -0.005658 0.000000 0.999984 -0.245910 0.000000 1.000000 0.000000 0.000000 -0.999984 0.000000 -0.005658 0.443953
506 -0.005569 0.000000 0.999984 -0.244829 0.000000 1.000000 0.000000 0.000000 -0.999984 0.000000 -0.005569 0.443944
507 -0.005558 0.000000 0.999985 -0.243760 0.000000 1.000000 0.000000 0.000000 -0.999985 0.000000 -0.005558 0.443936
508 -0.005807 0.000000 0.999983 -0.242732 0.000000 1.000000 0.000000 0.000000 -0.999983 0.000000 -0.005807 0.443928
509 -0.006055 0.000000 0.999982 -0.241704 0.000000 1.000000 0.000000 0.000000 -0.999982 0.000000 -0.006055 0.443919
510 -0.006304 0.000000 0.999980 -0.240676 0.000000 1.000000 0.000000 0.000000 -0.999980 0.000000 -0.006304 0.443911
511 -0.006553 0.000000 0.999979 -0.239648 0.000000 1.000000 0.000000 0.000000 -0.999979 0.000000 -0.006553 0.443902
512 -0.006801 0.000000 0.999977 -0.238620 0.000000 1.000000 0.000000 0.000000 -0.999977 0.000000 -0.006801 0.443894
513 -0.007050 0.000000 0.999975 -0.237592 0.000000 1.000000 0.000000 0.000000 -0.999975 0.000000 -0.007050 0.443886
514 -0.007299 0.000000 0.999973 -0.236564 0.000000 1.000000 0.000000 0.000000 -0.999973 0.000000 -0.007299 0.443877
515 -0.007548 0.000000 0.999972 -0.235536 0.000000 1.000000 0.000000 0.000000 -0.999972 0.000000 -0.007548 0.443869
516 -0.007796 0.000000 0.999970 -0.234508 0.000000 1.000000 0.000000 0.000000 -0.999970 0.000000 -0.007796 0.443861
517 -0.008045 0.000000 0.999968 -0.233481 0.000000 1.000000 0.000000 0.000000 -0.999968 0.000000 -0.008045 0.443852
518 -0.008294 0.000000 0.999966 -0.232453 0.000000 1.000000 0.000000 0.000000 -0.999966 0.000000 -0.008294 0.443844
519 -0.008524 0.000000 0.999964 -0.231426 0.000000 1.000000 0.000000 0.000000 -0.999964 0.000000 -0.008524 0.443835
520 -0.008666 0.000000 0.999962 -0.230407 0.000000 1.000000 0.000000 0.000000 -0.999962 0.000000 -0.008666 0.443827
521 -0.008808 0.000000 0.999961 -0.229388 0.000000 1.000000 0.000000 0.000000 -0.999961 0.000000 -0.008808 0.443818
522 -0.008950 0.000000 0.999960 -0.228368 0.000000 1.000000 0.000000 0.000000 -0.999960 0.000000 -0.008950 0.443810
523 -0.009092 0.000000 0.999959 -0.227349 0.000000 1.000000 0.000000 0.000000 -0.999959 0.000000 -0.009092 0.443802
524 -0.009234 0.000000 0.999957 -0.226330 0.000000 1.000000 0.000000 0.000000 -0.999957 0.000000 -0.009234 0.443793
525 -0.009376 0.000000 0.999956 -0.225311 0.000000 1.000000 0.000000 0.000000 -0.999956 0.000000 -0.009376 0.443785
526 -0.009518 0.000000 0.999955 -0.224291 0.000000 1.000000 0.000000 0.000000 -0.999955 0.000000 -0.009518 0.443776
527 -0.009660 0.000000 0.999953 -0.223272 0.000000 1.000000 0.000000 0.000000 -0.999953 0.000000 -0.009660 0.443768
528 -0.009802 0.000000 0.999952 -0.222253 0.000000 1.000000 0.000000 0.000000 -0.999952 0.000000 -0.009802 0.443759
529 -0.009944 0.000000 0.999951 -0.221233 0.000000 1.000000 0.000000 0.000000 -0.999951 0.000000 -0.009944 0.443751
530 -0.010086 0.000000 0.999949 -0.220214 0.000000 1.000000 0.000000 0.000000 -0.999949 0.000000 -0.010086 0.443742
531 -0.010178 0.000000 0.999948 -0.219190 0.000000 1.000000 0.000000 0.000000 -0.999948 0.000000 -0.010178 0.443734
532 -0.010070 0.000000 0.999949 -0.218148 0.000000 1.000000 0.000000 0.000000 -0.999949 0.000000 -0.010070 0.443725
533 -0.009961 0.000000 0.999950 -0.217107 0.000000 1.000000 0.000000 0.000000 -0.999950 0.000000 -0.009961 0.443717
534 -0.009853 0.000000 0.999951 -0.216065 0.000000 1.000000 0.000000 0.000000 -0.999951 0.000000 -0.009853 0.443709
535 -0.009745 0.000000 0.999953 -0.215023 0.000000 1.000000 0.000000 0.000000 -0.999953 0.000000 -0.009745 0.443700
536 -0.009636 0.000000 0.999954 -0.213981 0.000000 1.000000 0.000000 0.000000 -0.999954 0.000000 -0.009636 0.443692
537 -0.009528 0.000000 0.999955 -0.212939 0.000000 1.000000 0.000000 0.000000 -0.999955 0.000000 -0.009528 0.443683
538 -0.009420 0.000000 0.999956 -0.211897 0.000000 1.000000 0.000000 0.000000 -0.999956 0.000000 -0.009420 0.443675
539 -0.009311 0.000000 0.999957 -0.210855 0.000000 1.000000 0.000000 0.000000 -0.999957 0.000000 -0.009311 0.443666
540 -0.009203 0.000000 0.999958 -0.209813 0.000000 1.000000 0.000000 0.000000 -0.999958 0.000000 -0.009203 0.443658
541 -0.009094 0.000000 0.999959 -0.208771 0.000000 1.000000 0.000000 0.000000 -0.999959 0.000000 -0.009094 0.443649
542 -0.008986 0.000000 0.999960 -0.207729 0.000000 1.000000 0.000000 0.000000 -0.999960 0.000000 -0.008986 0.443641
543 -0.008859 0.000000 0.999961 -0.206687 0.000000 1.000000 0.000000 0.000000 -0.999961 0.000000 -0.008859 0.443633
544 -0.008659 0.000000 0.999963 -0.205643 0.000000 1.000000 0.000000 0.000000 -0.999963 0.000000 -0.008659 0.443624
545 -0.008458 0.000000 0.999964 -0.204599 0.000000 1.000000 0.000000 0.000000 -0.999964 0.000000 -0.008458 0.443616
546 -0.008258 0.000000 0.999966 -0.203555 0.000000 1.000000 0.000000 0.000000 -0.999966 0.000000 -0.008258 0.443607
547 -0.008057 0.000000 0.999968 -0.202511 0.000000 1.000000 0.000000 0.000000 -0.999968 0.000000 -0.008057 0.443599
548 -0.007857 0.000000 0.999969 -0.201466 0.000000 1.000000 0.000000 0.000000 -0.999969 0.000000 -0.007857 0.443590
549 -0.007656 0.000000 0.999971 -0.200422 0.000000 1.000000 0.000000 0.000000 -0.999971 0.000000 -0.007656 0.443582
550 -0.007456 0.000000 0.999972 -0.199378 0.000000 1.000000 0.000000 0.000000 -0.999972 0.000000 -0.007456 0.443573
551 -0.007255 0.000000 0.999974 -0.198334 0.000000 1.000000 0.000000 0.000000 -0.999974 0.000000 -0.007255 0.443565
552 -0.007055 0.000000 0.999975 -0.197290 0.000000 1.000000 0.000000 0.000000 -0.999975 0.000000 -0.007055 0.443556
553 -0.006854 0.000000 0.999977 -0.196246 0.000000 1.000000 0.000000 0.000000 -0.999977 0.000000 -0.006854 0.443548
554 -0.006654 0.000000 0.999978 -0.195202 0.000000 1.000000 0.000000 0.000000 -0.999978 0.000000 -0.006654 0.443540
555 -0.006479 0.000000 0.999979 -0.194169 0.000000 1.000000 0.000000 0.000000 -0.999979 0.000000 -0.006479 0.443531
556 -0.006388 0.000000 0.999980 -0.193175 0.000000 1.000000 0.000000 0.000000 -0.999980 0.000000 -0.006388 0.443523
557 -0.006297 0.000000 0.999980 -0.192181 0.000000 1.000000 0.000000 0.000000 -0.999980 0.000000 -0.006297 0.443514
558 -0.006205 0.000000 0.999981 -0.191187 0.000000 1.000000 0.000000 0.000000 -0.999981 0.000000 -0.006205 0.443506
559 -0.006114 0.000000 0.999981 -0.190193 0.000000 1.000000 0.000000 0.000000 -0.999981 0.000000 -0.006114 0.443498
560 -0.006023 0.000000 0.999982 -0.189199 0.000000 1.000000 0.000000 0.000000 -0.999982 0.000000 -0.006023 0.443489
561 -0.005932 0.000000 0.999982 -0.188205 0.000000 1.000000 0.000000 0.000000 -0.999982 0.000000 -0.005932 0.443481
562 -0.005841 0.000000 0.999983 -0.187211 0.000000 1.000000 0.000000 0.000000 -0.999983 0.000000 -0.005841 0.443472
563 -0.005750 0.000000 0.999983 -0.186217 0.000000 1.000000 0.000000 0.000000 -0.999983 0.000000 -0.005750 0.443464
564 -0.005659 0.000000 0.999984 -0.185223 0.000000 1.000000 0.000000 0.000000 -0.999984 0.000000 -0.005659 0.443456
565 -0.005568 0.000000 0.999985 -0.184229 0.000000 1.000000 0.000000 0.000000 -0.999985 0.000000 -0.005568 0.443447
566 -0.005476 0.000000 0.999985 -0.183234 0.000000 1.000000 0.000000 0.000000 -0.999985 0.000000 -0.005476 0.443439
567 -0.005401 0.000000 0.999985 -0.182237 0.000000 1.000000 0.000000 0.000000 -0.999985 0.000000 -0.005401 0.443432
568 -0.005410 0.000000 0.999985 -0.181224 0.000000 1.000000 0.000000 0.000000 -0.999985 0.000000 -0.005410 0.443432
569 -0.005418 0.000000 0.999985 -0.180211 0.000000 1.000000 0.000000 0.000000 -0.999985 0.000000 -0.005418 0.443432
570 -0.005426 0.000000 0.999985 -0.179199 0.000000 1.000000 0.000000 0.000000 -0.999985 0.000000 -0.005426 0.443432
571 -0.005434 0.000000 0.999985 -0.178186 0.000000 1.000000 0.000000 0.000000 -0.999985 0.000000 -0.005434 0.443431
572 -0.005442 0.000000 0.999985 -0.177173 0.000000 1.000000 0.000000 0.000000 -0.999985 0.000000 -0.005442 0.443431
573 -0.005451 0.000000 0.999985 -0.176160 0.000000 1.000000 0.000000 0.000000 -0.999985 0.000000 -0.005451 0.443431
574 -0.005459 0.000000 0.999985 -0.175147 0.000000 1.000000 0.000000 0.000000 -0.999985 0.000000 -0.005459 0.443431
575 -0.005467 0.000000 0.999985 -0.174134 0.000000 1.000000 0.000000 0.000000 -0.999985 0.000000 -0.005467 0.443431
576 -0.005475 0.000000 0.999985 -0.173121 0.000000 1.000000 0.000000 0.000000 -0.999985 0.000000 -0.005475 0.443431
577 -0.005484 0.000000 0.999985 -0.172108 0.000000 1.000000 0.000000 0.000000 -0.999985 0.000000 -0.005484 0.443431
578 -0.005492 0.000000 0.999985 -0.171095 0.000000 1.000000 0.000000 0.000000 -0.999985 0.000000 -0.005492 0.443431
579 -0.005499 0.000000 0.999985 -0.170083 0.000000 1.000000 0.000000 0.000000 -0.999985 0.000000 -0.005499 0.443430
580 -0.005432 0.000000 0.999985 -0.169108 0.000000 1.000000 0.000000 0.000000 -0.999985 0.000000 -0.005432 0.443422
581 -0.005365 0.000000 0.999986 -0.168133 0.000000 1.000000 0.000000 0.000000 -0.999986 0.000000 -0.005365 0.443414
582 -0.005299 0.000000 0.999986 -0.167158 0.000000 1.000000 0.000000 0.000000 -0.999986 0.000000 -0.005299 0.443405
583 -0.005232 0.000000 0.999986 -0.166183 0.000000 1.000000 0.000000 0.000000 -0.999986 0.000000 -0.005232 0.443397
584 -0.005165 0.000000 0.999987 -0.165208 0.000000 1.000000 0.000000 0.000000 -0.999987 0.000000 -0.005165 0.443388
585 -0.005099 0.000000 0.999987 -0.164233 0.000000 1.000000 0.000000 0.000000 -0.999987 0.000000 -0.005099 0.443380
586 -0.005032 0.000000 0.999987 -0.163258 0.000000 1.000000 0.000000 0.000000 -0.999987 0.000000 -0.005032 0.443371
587 -0.004966 0.000000 0.999988 -0.162283 0.000000 1.000000 0.000000 0.000000 -0.999988 0.000000 -0.004966 0.443363
588 -0.004899 0.000000 0.999988 -0.161308 0.000000 1.000000 0.000000 0.000000 -0.999988 0.000000 -0.004899 0.443355
589 -0.004832 0.000000 0.999988 -0.160333 0.000000 1.000000 0.000000 0.000000 -0.999988 0.000000 -0.004832 0.443346
590 -0.004766 0.000000 0.999989 -0.159358 0.000000 1.000000 0.000000 0.000000 -0.999989 0.000000 -0.004766 0.443338
591 -0.004699 0.000000 0.999989 -0.158384 0.000000 1.000000 0.000000 0.000000 -0.999989 0.000000 -0.004699 0.443329
592 -0.004625 0.000000 0.999989 -0.157410 0.000000 1.000000 0.000000 0.000000 -0.999989 0.000000 -0.004625 0.443329
593 -0.004551 0.000000 0.999990 -0.156436 0.000000 1.000000 0.000000 0.000000 -0.999990 0.000000 -0.004551 0.443329
594 -0.004478 0.000000 0.999990 -0.155463 0.000000 1.000000 0.000000 0.000000 -0.999990 0.000000 -0.004478 0.443329
595 -0.004404 0.000000 0.999990 -0.154489 0.000000 1.000000 0.000000 0.000000 -0.999990 0.000000 -0.004404 0.443329
596 -0.004331 0.000000 0.999991 -0.153515 0.000000 1.000000 0.000000 0.000000 -0.999991 0.000000 -0.004331 0.443329
597 -0.004257 0.000000 0.999991 -0.152542 0.000000 1.000000 0.000000 0.000000 -0.999991 0.000000 -0.004257 0.443329
598 -0.004183 0.000000 0.999991 -0.151568 0.000000 1.000000 0.000000 0.000000 -0.999991 0.000000 -0.004183 0.443329
599 -0.004110 0.000000 0.999992 -0.150594 0.000000 1.000000 0.000000 0.000000 -0.999992 0.000000 -0.004110 0.443329
600 -0.004036 0.000000 0.999992 -0.149621 0.000000 1.000000 0.000000 0.000000 -0.999992 0.000000 -0.004036 0.443329
601 -0.003962 0.000000 0.999992 -0.148647 0.000000 1.000000 0.000000 0.000000 -0.999992 0.000000 -0.003962 0.443328
602 -0.003889 0.000000 0.999992 -0.147674 0.000000 1.000000 0.000000 0.000000 -0.999992 0.000000 -0.003889 0.443328
603 -0.003815 0.000000 0.999993 -0.146700 0.000000 1.000000 0.000000 0.000000 -0.999993 0.000000 -0.003815 0.443328
604 -0.003502 0.000000 0.999994 -0.145910 0.000000 1.000000 0.000000 0.000000 -0.999994 0.000000 -0.003502 0.443322
605 -0.003127 0.000000 0.999995 -0.145168 0.000000 1.000000 0.000000 0.000000 -0.999995 0.000000 -0.003127 0.443313
606 -0.002751 0.000000 0.999996 -0.144426 0.000000 1.000000 0.000000 0.000000 -0.999996 0.000000 -0.002751 0.443305
607 -0.002376 0.000000 0.999997 -0.143684 0.000000 1.000000 0.000000 0.000000 -0.999997 0.000000 -0.002376 0.443296
608 -0.002001 0.000000 0.999998 -0.142942 0.000000 1.000000 0.000000 0.000000 -0.999998 0.000000 -0.002001 0.443288
609 -0.001626 0.000000 0.999999 -0.142200 0.000000 1.000000 0.000000 0.000000 -0.999999 0.000000 -0.001626 0.443280
610 -0.001250 0.000000 0.999999 -0.141458 0.000000 1.000000 0.000000 0.000000 -0.999999 0.000000 -0.001250 0.443271
611 -0.000875 0.000000 1.000000 -0.140715 0.000000 1.000000 0.000000 0.000000 -1.000000 0.000000 -0.000875 0.443263
612 -0.000500 0.000000 1.000000 -0.139973 0.000000 1.000000 0.000000 0.000000 -1.000000 0.000000 -0.000500 0.443254
613 -0.000125 0.000000 1.000000 -0.139231 0.000000 1.000000 0.000000 0.000000 -1.000000 0.000000 -0.000125 0.443246
614 0.000250 0.000000 1.000000 -0.138489 0.000000 1.000000 0.000000 0.000000 -1.000000 0.000000 0.000250 0.443237
615 0.000626 0.000000 1.000000 -0.137747 0.000000 1.000000 0.000000 0.000000 -1.000000 0.000000 0.000626 0.443229
616 0.000660 0.000000 1.000000 -0.137607 0.000000 1.000000 0.000000 0.000000 -1.000000 0.000000 0.000660 0.443227
617 0.000609 0.000000 1.000000 -0.137615 0.000000 1.000000 0.000000 0.000000 -1.000000 0.000000 0.000609 0.443227
618 0.000559 0.000000 1.000000 -0.137623 0.000000 1.000000 0.000000 0.000000 -1.000000 0.000000 0.000559 0.443227
619 0.000509 0.000000 1.000000 -0.137632 0.000000 1.000000 0.000000 0.000000 -1.000000 0.000000 0.000509 0.443227
620 0.000458 0.000000 1.000000 -0.137640 0.000000 1.000000 0.000000 0.000000 -1.000000 0.000000 0.000458 0.443227
621 0.000408 0.000000 1.000000 -0.137649 0.000000 1.000000 0.000000 0.000000 -1.000000 0.000000 0.000408 0.443227
622 0.000357 0.000000 1.000000 -0.137657 0.000000 1.000000 0.000000 0.000000 -1.000000 0.000000 0.000357 0.443227
623 0.000307 0.000000 1.000000 -0.137665 0.000000 1.000000 0.000000 0.000000 -1.000000 0.000000 0.000307 0.443227
624 0.000257 0.000000 1.000000 -0.137674 0.000000 1.000000 0.000000 0.000000 -1.000000 0.000000 0.000257 0.443227
625 0.000206 0.000000 1.000000 -0.137682 0.000000 1.000000 0.000000 0.000000 -1.000000 0.000000 0.000206 0.443227
626 0.000156 0.000000 1.000000 -0.137691 0.000000 1.000000 0.000000 0.000000 -1.000000 0.000000 0.000156 0.443227
627 0.000106 0.000000 1.000000 -0.137699 0.000000 1.000000 0.000000 0.000000 -1.000000 0.000000 0.000106 0.443227
628 0.000100 0.000000 1.000000 -0.137700 0.000000 1.000000 0.000000 0.000000 -1.000000 0.000000 0.000100 0.443227
629 0.000100 0.000000 1.000000 -0.137700 0.000000 1.000000 0.000000 0.000000 -1.000000 0.000000 0.000100 0.443227
630 0.000100 0.000000 1.000000 -0.137700 0.000000 1.000000 0.000000 0.000000 -1.000000 0.000000 0.000100 0.443227
631 0.000100 0.000000 1.000000 -0.137700 0.000000 1.000000 0.000000 0.000000 -1.000000 0.000000 0.000100 0.443227
632 0.000100 0.000000 1.000000 -0.137700 0.000000 1.000000 0.000000 0.000000 -1.000000 0.000000 0.000100 0.443227
633 0.000100 0.000000 1.000000 -0.137700 0.000000 1.000000 0.000000 0.000000 -1.000000 0.000000 0.000100 0.443227
634 0.000100 0.000000 1.000000 -0.137700 0.000000 1.000000 0.000000 0.000000 -1.000000 0.000000 0.000100 0.443227
635 0.000100 0.000000 1.000000 -0.137700 0.000000 1.000000 0.000000 0.000000 -1.000000 0.000000 0.000100 0.443227
636 0.000100 0.000000 1.000000 -0.137700 0.000000 1.000000 0.000000 0.000000 -1.000000 0.000000 0.000100 0.443227
637 0.000100 0.000000 1.000000 -0.137700 0.000000 1.000000 0.000000 0.000000 -1.000000 0.000000 0.000100 0.443227
638 0.000100 0.000000 1.000000 -0.137700 0.000000 1.000000 0.000000 0.000000 -1.000000 0.000000 0.000100 0.443227
639 0.000100 0.000000 1.000000 -0.137700 0.000000 1.000000 0.000000 0.000000 -1.000000 0.000000 0.000100 0.443227
640 0.000100 0.000000 1.000000 -0.137700 0.000000 1.000000 0.000000 0.000000 -1.000000 0.000000 0.000100 0.443227
641 0.000100 0.000000 1.000000 -0.137700 0.000000 1.000000 0.000000 0.000000 -1.000000 0.000000 0.000100 0.443227
642 0.000100 0.000000 1.000000 -0.137700 0.000000 1.000000 0.000000 0.000000 -1.000000 0.000000 0.000100 0.443227
643 0.000100 0.000000 1.000000 -0.137700 0.000000 1.000000 0.000000 0.000000 -1.000000 0.000000 0.000100 0.443227
644 0.000100 0.000000 1.000000 -0.137700 0.000000 1.000000 0.000000 0.000000 -1.000000 0.000000 0.000100 0.443227
645 0.000100 0.000000 1.000000 -0.137700 0.000000 1.000000 0.000000 0.000000 -1.000000 0.000000 0.000100 0.443227
646 0.000100 0.000000 1.000000 -0.137700 0.000000 1.000000 0.000000 0.000000 -1.000000 0.000000 0.000100 0.443227
647 0.000100 0.000000 1.000000 -0.137700 0.000000 1.000000 0.000000 0.000000 -1.000000 0.000000 0.000100 0.443227
648 0.000100 0.000000 1.000000 -0.137700 0.000000 1.000000 0.000000 0.000000 -1.000000 0.000000 0.000100 0.443227
649 0.000100 0.000000 1.000000 -0.137700 0.000000 1.000000 0.000000 0.000000 -1.000000 0.000000 0.000100 0.443227
650 0.000100 0.000000 1.000000 -0.137700 0.000000 1.000000 0.000000 0.000000 -1.000000 0.000000 0.000100 0.443227
651 0.000100 0.000000 1.000000 -0.137700 0.000000 1.000000 0.000000 0.000000 -1.000000 0.000000 0.000100 0.443227
652 0.000100 0.000000 1.000000 -0.137700 0.000000 1.000000 0.000000 0.000000 -1.000000 0.000000 0.000100 0.443227
653 0.000100 0.000000 1.000000 -0.137700 0.000000 1.000000 0.000000 0.000000 -1.000000 0.000000 0.000100 0.443227
654 0.000100 0.000000 1.000000 -0.137700 0.000000 1.000000 0.000000 0.000000 -1.000000 0.000000 0.000100 0.443227
655 0.000100 0.000000 1.000000 -0.137700 0.000000 1.000000 0.000000 0.000000 -1.000000 0.000000 0.000100 0.443227
656 0.000100 0.000000 1.000000 -0.137700 0.000000 1.000000 0.000000 0.000000 -1.000000 0.000000 0.000100 0.443227
657 0.000100 0.000000 1.000000 -0.137700 0.000000 1.000000 0.000000 0.000000 -1.000000 0.000000 0.000100 0.443227
658 0.000100 0.000000 1.000000 -0.137700 0.000000 1.000000 0.000000 0.000000 -1.000000 0.000000 0.000100 0.443227
659 0.000100 0.000000 1.000000 -0.137700 0.000000 1.000000 0.000000 0.000000 -1.000000 0.000000 0.000100 0.443227
660 0.000100 0.000000 1.000000 -0.137700 0.000000 1.000000 0.000000 0.000000 -1.000000 0.000000 0.000100 0.443227
661 0.000100 0.000000 1.000000 -0.137700 0.000000 1.000000 0.000000 0.000000 -1.000000 0.000000 0.000100 0.443227
662 0.000100 0.000000 1.000000 -0.137700 0.000000 1.000000 0.000000 0.000000 -1.000000 0.000000 0.000100 0.443227
663 0.000100 0.000000 1.000000 -0.137700 0.000000 1.000000 0.000000 0.000000 -1.000000 0.000000 0.000100 0.443227
664 0.000113 0.000000 1.000000 -0.137706 0.000000 1.000000 0.000000 0.000000 -1.000000 0.000000 0.000113 0.443227
665 0.000130 0.000000 1.000000 -0.137715 0.000000 1.000000 0.000000 0.000000 -1.000000 0.000000 0.000130 0.443227
666 0.000146 0.000000 1.000000 -0.137723 0.000000 1.000000 0.000000 0.000000 -1.000000 0.000000 0.000146 0.443227
667 0.000163 0.000000 1.000000 -0.137731 0.000000 1.000000 0.000000 0.000000 -1.000000 0.000000 0.000163 0.443227
668 0.000179 0.000000 1.000000 -0.137740 0.000000 1.000000 0.000000 0.000000 -1.000000 0.000000 0.000179 0.443227
669 0.000196 0.000000 1.000000 -0.137748 0.000000 1.000000 0.000000 0.000000 -1.000000 0.000000 0.000196 0.443227
670 0.000213 0.000000 1.000000 -0.137756 0.000000 1.000000 0.000000 0.000000 -1.000000 0.000000 0.000213 0.443227
671 0.000229 0.000000 1.000000 -0.137765 0.000000 1.000000 0.000000 0.000000 -1.000000 0.000000 0.000229 0.443227
672 0.000246 0.000000 1.000000 -0.137773 0.000000 1.000000 0.000000 0.000000 -1.000000 0.000000 0.000246 0.443227
673 0.000262 0.000000 1.000000 -0.137781 0.000000 1.000000 0.000000 0.000000 -1.000000 0.000000 0.000262 0.443227
674 0.000279 0.000000 1.000000 -0.137789 0.000000 1.000000 0.000000 0.000000 -1.000000 0.000000 0.000279 0.443227
675 0.000296 0.000000 1.000000 -0.137798 0.000000 1.000000 0.000000 0.000000 -1.000000 0.000000 0.000296 0.443227
676 0.000300 0.000000 1.000000 -0.137800 0.000000 1.000000 0.000000 0.000000 -1.000000 0.000000 0.000300 0.443227
677 0.000300 0.000000 1.000000 -0.137800 0.000000 1.000000 0.000000 0.000000 -1.000000 0.000000 0.000300 0.443227
678 0.000300 0.000000 1.000000 -0.137800 0.000000 1.000000 0.000000 0.000000 -1.000000 0.000000 0.000300 0.443227
679 0.000300 0.000000 1.000000 -0.137800 0.000000 1.000000 0.000000 0.000000 -1.000000 0.000000 0.000300 0.443227
680 0.000300 0.000000 1.000000 -0.137800 0.000000 1.000000 0.000000 0.000000 -1.000000 0.000000 0.000300 0.443227
681 0.000300 0.000000 1.000000 -0.137800 0.000000 1.000000 0.000000 0.000000 -1.000000 0.000000 0.000300 0.443227
682 0.000300 0.000000 1.000000 -0.137800 0.000000 1.000000 0.000000 0.000000 -1.000000 0.000000 0.000300 0.443227
683 0.000300 0.000000 1.000000 -0.137800 0.000000 1.000000 0.000000 0.000000 -1.000000 0.000000 0.000300 0.443227
684 0.000300 0.000000 1.000000 -0.137800 0.000000 1.000000 0.000000 0.000000 -1.000000 0.000000 0.000300 0.443227
685 0.000300 0.000000 1.000000 -0.137800 0.000000 1.000000 0.000000 0.000000 -1.000000 0.000000 0.000300 0.443227
686 0.000300 0.000000 1.000000 -0.137800 0.000000 1.000000 0.000000 0.000000 -1.000000 0.000000 0.000300 0.443227
687 0.000300 0.000000 1.000000 -0.137800 0.000000 1.000000 0.000000 0.000000 -1.000000 0.000000 0.000300 0.443227
688 0.000061 0.000000 1.000000 -0.137938 0.000000 1.000000 0.000000 0.000000 -1.000000 0.000000 0.000061 0.443227
689 -0.000327 0.000000 1.000000 -0.138160 0.000000 1.000000 0.000000 0.000000 -1.000000 0.000000 -0.000327 0.443227
690 -0.000714 0.000000 1.000000 -0.138383 0.000000 1.000000 0.000000 0.000000 -1.000000 0.000000 -0.000714 0.443227
691 -0.001102 0.000000 0.999999 -0.138605 0.000000 1.000000 0.000000 0.000000 -0.999999 0.000000 -0.001102 0.443227
692 -0.001489 0.000000 0.999999 -0.138828 0.000000 1.000000 0.000000 0.000000 -0.999999 0.000000 -0.001489 0.443228
693 -0.001877 0.000000 0.999998 -0.139050 0.000000 1.000000 0.000000 0.000000 -0.999998 0.000000 -0.001877 0.443228
694 -0.002264 0.000000 0.999997 -0.139273 0.000000 1.000000 0.000000 0.000000 -0.999997 0.000000 -0.002264 0.443228
695 -0.002652 0.000000 0.999996 -0.139496 0.000000 1.000000 0.000000 0.000000 -0.999996 0.000000 -0.002652 0.443228
696 -0.003039 0.000000 0.999995 -0.139718 0.000000 1.000000 0.000000 0.000000 -0.999995 0.000000 -0.003039 0.443228
697 -0.003426 0.000000 0.999994 -0.139941 0.000000 1.000000 0.000000 0.000000 -0.999994 0.000000 -0.003426 0.443228
698 -0.003814 0.000000 0.999993 -0.140163 0.000000 1.000000 0.000000 0.000000 -0.999993 0.000000 -0.003814 0.443228
699 -0.004201 0.000000 0.999991 -0.140386 0.000000 1.000000 0.000000 0.000000 -0.999991 0.000000 -0.004201 0.443228
700 -0.004562 0.000000 0.999990 -0.140975 0.000000 1.000000 0.000000 0.000000 -0.999990 0.000000 -0.004562 0.443232
701 -0.004895 0.000000 0.999988 -0.141949 0.000000 1.000000 0.000000 0.000000 -0.999988 0.000000 -0.004895 0.443240
702 -0.005228 0.000000 0.999986 -0.142923 0.000000 1.000000 0.000000 0.000000 -0.999986 0.000000 -0.005228 0.443249
703 -0.005561 0.000000 0.999985 -0.143897 0.000000 1.000000 0.000000 0.000000 -0.999985 0.000000 -0.005561 0.443257
704 -0.005895 0.000000 0.999983 -0.144872 0.000000 1.000000 0.000000 0.000000 -0.999983 0.000000 -0.005895 0.443265
705 -0.006228 0.000000 0.999981 -0.145846 0.000000 1.000000 0.000000 0.000000 -0.999981 0.000000 -0.006228 0.443274
706 -0.006561 0.000000 0.999978 -0.146820 0.000000 1.000000 0.000000 0.000000 -0.999978 0.000000 -0.006561 0.443282
707 -0.006894 0.000000 0.999976 -0.147794 0.000000 1.000000 0.000000 0.000000 -0.999976 0.000000 -0.006894 0.443291
708 -0.007227 0.000000 0.999974 -0.148769 0.000000 1.000000 0.000000 0.000000 -0.999974 0.000000 -0.007227 0.443299
709 -0.007560 0.000000 0.999971 -0.149743 0.000000 1.000000 0.000000 0.000000 -0.999971 0.000000 -0.007560 0.443308
710 -0.007893 0.000000 0.999969 -0.150717 0.000000 1.000000 0.000000 0.000000 -0.999969 0.000000 -0.007893 0.443316
711 -0.008226 0.000000 0.999966 -0.151691 0.000000 1.000000 0.000000 0.000000 -0.999966 0.000000 -0.008226 0.443324
712 -0.008201 0.000000 0.999966 -0.152929 0.000000 1.000000 0.000000 0.000000 -0.999966 0.000000 -0.008201 0.443333
713 -0.007784 0.000000 0.999970 -0.154456 0.000000 1.000000 0.000000 0.000000 -0.999970 0.000000 -0.007784 0.443341
714 -0.007367 0.000000 0.999973 -0.155982 0.000000 1.000000 0.000000 0.000000 -0.999973 0.000000 -0.007367 0.443350
715 -0.006950 0.000000 0.999976 -0.157509 0.000000 1.000000 0.000000 0.000000 -0.999976 0.000000 -0.006950 0.443358
716 -0.006532 0.000000 0.999979 -0.159035 0.000000 1.000000 0.000000 0.000000 -0.999979 0.000000 -0.006532 0.443367
717 -0.006115 0.000000 0.999981 -0.160561 0.000000 1.000000 0.000000 0.000000 -0.999981 0.000000 -0.006115 0.443375
718 -0.005698 0.000000 0.999984 -0.162088 0.000000 1.000000 0.000000 0.000000 -0.999984 0.000000 -0.005698 0.443384
719 -0.005281 0.000000 0.999986 -0.163614 0.000000 1.000000 0.000000 0.000000 -0.999986 0.000000 -0.005281 0.443392
720 -0.004864 0.000000 0.999988 -0.165141 0.000000 1.000000 0.000000 0.000000 -0.999988 0.000000 -0.004864 0.443401
721 -0.004447 0.000000 0.999990 -0.166667 0.000000 1.000000 0.000000 0.000000 -0.999990 0.000000 -0.004447 0.443409
722 -0.004030 0.000000 0.999992 -0.168193 0.000000 1.000000 0.000000 0.000000 -0.999992 0.000000 -0.004030 0.443418
723 -0.003613 0.000000 0.999993 -0.169720 0.000000 1.000000 0.000000 0.000000 -0.999993 0.000000 -0.003613 0.443426
724 -0.003220 0.000000 0.999995 -0.171245 0.000000 1.000000 0.000000 0.000000 -0.999995 0.000000 -0.003220 0.443435
725 -0.002851 0.000000 0.999996 -0.172770 0.000000 1.000000 0.000000 0.000000 -0.999996 0.000000 -0.002851 0.443443
726 -0.002482 0.000000 0.999997 -0.174295 0.000000 1.000000 0.000000 0.000000 -0.999997 0.000000 -0.002482 0.443451
727 -0.002113 0.000000 0.999998 -0.175820 0.000000 1.000000 0.000000 0.000000 -0.999998 0.000000 -0.002113 0.443460
728 -0.001744 0.000000 0.999998 -0.177345 0.000000 1.000000 0.000000 0.000000 -0.999998 0.000000 -0.001744 0.443468
729 -0.001375 0.000000 0.999999 -0.178870 0.000000 1.000000 0.000000 0.000000 -0.999999 0.000000 -0.001375 0.443477
730 -0.001006 0.000000 0.999999 -0.180394 0.000000 1.000000 0.000000 0.000000 -0.999999 0.000000 -0.001006 0.443485
731 -0.000637 0.000000 1.000000 -0.181919 0.000000 1.000000 0.000000 0.000000 -1.000000 0.000000 -0.000637 0.443493
732 -0.000268 0.000000 1.000000 -0.183444 0.000000 1.000000 0.000000 0.000000 -1.000000 0.000000 -0.000268 0.443502
733 0.000101 0.000000 1.000000 -0.184969 0.000000 1.000000 0.000000 0.000000 -1.000000 0.000000 0.000101 0.443510
734 0.000469 0.000000 1.000000 -0.186494 0.000000 1.000000 0.000000 0.000000 -1.000000 0.000000 0.000469 0.443518
735 0.000838 0.000000 1.000000 -0.188018 0.000000 1.000000 0.000000 0.000000 -1.000000 0.000000 0.000838 0.443527
736 0.001127 0.000000 0.999999 -0.189554 0.000000 1.000000 0.000000 0.000000 -0.999999 0.000000 0.001127 0.443530
737 0.001219 0.000000 0.999999 -0.191118 0.000000 1.000000 0.000000 0.000000 -0.999999 0.000000 0.001219 0.443522
738 0.001311 0.000000 0.999999 -0.192681 0.000000 1.000000 0.000000 0.000000 -0.999999 0.000000 0.001311 0.443514
739 0.001403 0.000000 0.999999 -0.194244 0.000000 1.000000 0.000000 0.000000 -0.999999 0.000000 0.001403 0.443506
740 0.001495 0.000000 0.999999 -0.195808 0.000000 1.000000 0.000000 0.000000 -0.999999 0.000000 0.001495 0.443497
741 0.001587 0.000000 0.999999 -0.197371 0.000000 1.000000 0.000000 0.000000 -0.999999 0.000000 0.001587 0.443489
742 0.001678 0.000000 0.999999 -0.198934 0.000000 1.000000 0.000000 0.000000 -0.999999 0.000000 0.001678 0.443481
743 0.001770 0.000000 0.999998 -0.200498 0.000000 1.000000 0.000000 0.000000 -0.999998 0.000000 0.001770 0.443473
744 0.001862 0.000000 0.999998 -0.202061 0.000000 1.000000 0.000000 0.000000 -0.999998 0.000000 0.001862 0.443465
745 0.001954 0.000000 0.999998 -0.203624 0.000000 1.000000 0.000000 0.000000 -0.999998 0.000000 0.001954 0.443456
746 0.002046 0.000000 0.999998 -0.205188 0.000000 1.000000 0.000000 0.000000 -0.999998 0.000000 0.002046 0.443448
747 0.002138 0.000000 0.999998 -0.206751 0.000000 1.000000 0.000000 0.000000 -0.999998 0.000000 0.002138 0.443440
748 0.002341 0.000000 0.999997 -0.208227 0.000000 1.000000 0.000000 0.000000 -0.999997 0.000000 0.002341 0.443432
749 0.002768 0.000000 0.999996 -0.209525 0.000000 1.000000 0.000000 0.000000 -0.999996 0.000000 0.002768 0.443424
750 0.003195 0.000000 0.999995 -0.210823 0.000000 1.000000 0.000000 0.000000 -0.999995 0.000000 0.003195 0.443416
751 0.003623 0.000000 0.999993 -0.212122 0.000000 1.000000 0.000000 0.000000 -0.999993 0.000000 0.003623 0.443408
752 0.004050 0.000000 0.999992 -0.213420 0.000000 1.000000 0.000000 0.000000 -0.999992 0.000000 0.004050 0.443400
753 0.004477 0.000000 0.999990 -0.214718 0.000000 1.000000 0.000000 0.000000 -0.999990 0.000000 0.004477 0.443392
754 0.004905 0.000000 0.999988 -0.216016 0.000000 1.000000 0.000000 0.000000 -0.999988 0.000000 0.004905 0.443384
755 0.005332 0.000000 0.999986 -0.217314 0.000000 1.000000 0.000000 0.000000 -0.999986 0.000000 0.005332 0.443376
756 0.005759 0.000000 0.999983 -0.218612 0.000000 1.000000 0.000000 0.000000 -0.999983 0.000000 0.005759 0.443368
757 0.006187 0.000000 0.999981 -0.219911 0.000000 1.000000 0.000000 0.000000 -0.999981 0.000000 0.006187 0.443360
758 0.006614 0.000000 0.999978 -0.221209 0.000000 1.000000 0.000000 0.000000 -0.999978 0.000000 0.006614 0.443352
759 0.007041 0.000000 0.999975 -0.222507 0.000000 1.000000 0.000000 0.000000 -0.999975 0.000000 0.007041 0.443345
760 0.007469 0.000000 0.999972 -0.223805 0.000000 1.000000 0.000000 0.000000 -0.999972 0.000000 0.007469 0.443337
761 0.007563 0.000000 0.999971 -0.224818 0.000000 1.000000 0.000000 0.000000 -0.999971 0.000000 0.007563 0.443328
762 0.007630 0.000000 0.999971 -0.225808 0.000000 1.000000 0.000000 0.000000 -0.999971 0.000000 0.007630 0.443320
763 0.007698 0.000000 0.999970 -0.226798 0.000000 1.000000 0.000000 0.000000 -0.999970 0.000000 0.007698 0.443312
764 0.007766 0.000000 0.999970 -0.227788 0.000000 1.000000 0.000000 0.000000 -0.999970 0.000000 0.007766 0.443303
765 0.007833 0.000000 0.999969 -0.228778 0.000000 1.000000 0.000000 0.000000 -0.999969 0.000000 0.007833 0.443295
766 0.007901 0.000000 0.999969 -0.229769 0.000000 1.000000 0.000000 0.000000 -0.999969 0.000000 0.007901 0.443286
767 0.007969 0.000000 0.999968 -0.230759 0.000000 1.000000 0.000000 0.000000 -0.999968 0.000000 0.007969 0.443278
768 0.008037 0.000000 0.999968 -0.231749 0.000000 1.000000 0.000000 0.000000 -0.999968 0.000000 0.008037 0.443270
769 0.008104 0.000000 0.999967 -0.232739 0.000000 1.000000 0.000000 0.000000 -0.999967 0.000000 0.008104 0.443261
770 0.008172 0.000000 0.999967 -0.233729 0.000000 1.000000 0.000000 0.000000 -0.999967 0.000000 0.008172 0.443253
771 0.008240 0.000000 0.999966 -0.234720 0.000000 1.000000 0.000000 0.000000 -0.999966 0.000000 0.008240 0.443245
772 0.008285 0.000000 0.999966 -0.235690 0.000000 1.000000 0.000000 0.000000 -0.999966 0.000000 0.008285 0.443237
773 0.008151 0.000000 0.999967 -0.236500 0.000000 1.000000 0.000000 0.000000 -0.999967 0.000000 0.008151 0.443237
774 0.008018 0.000000 0.999968 -0.237310 0.000000 1.000000 0.000000 0.000000 -0.999968 0.000000 0.008018 0.443237
775 0.007884 0.000000 0.999969 -0.238120 0.000000 1.000000 0.000000 0.000000 -0.999969 0.000000 0.007884 0.443237
776 0.007751 0.000000 0.999970 -0.238930 0.000000 1.000000 0.000000 0.000000 -0.999970 0.000000 0.007751 0.443238
777 0.007617 0.000000 0.999971 -0.239740 0.000000 1.000000 0.000000 0.000000 -0.999971 0.000000 0.007617 0.443238
778 0.007483 0.000000 0.999972 -0.240550 0.000000 1.000000 0.000000 0.000000 -0.999972 0.000000 0.007483 0.443238
779 0.007350 0.000000 0.999973 -0.241360 0.000000 1.000000 0.000000 0.000000 -0.999973 0.000000 0.007350 0.443238
780 0.007216 0.000000 0.999974 -0.242170 0.000000 1.000000 0.000000 0.000000 -0.999974 0.000000 0.007216 0.443238
781 0.007083 0.000000 0.999975 -0.242980 0.000000 1.000000 0.000000 0.000000 -0.999975 0.000000 0.007083 0.443238
782 0.006949 0.000000 0.999976 -0.243790 0.000000 1.000000 0.000000 0.000000 -0.999976 0.000000 0.006949 0.443238
783 0.006815 0.000000 0.999977 -0.244600 0.000000 1.000000 0.000000 0.000000 -0.999977 0.000000 0.006815 0.443238
784 0.006722 0.000000 0.999977 -0.245387 0.000000 1.000000 0.000000 0.000000 -0.999977 0.000000 0.006722 0.443237
785 0.006883 0.000000 0.999976 -0.246024 0.000000 1.000000 0.000000 0.000000 -0.999976 0.000000 0.006883 0.443229
786 0.007045 0.000000 0.999975 -0.246661 0.000000 1.000000 0.000000 0.000000 -0.999975 0.000000 0.007045 0.443221
787 0.007206 0.000000 0.999974 -0.247298 0.000000 1.000000 0.000000 0.000000 -0.999974 0.000000 0.007206 0.443213
788 0.007367 0.000000 0.999973 -0.247936 0.000000 1.000000 0.000000 0.000000 -0.999973 0.000000 0.007367 0.443205
789 0.007529 0.000000 0.999972 -0.248573 0.000000 1.000000 0.000000 0.000000 -0.999972 0.000000 0.007529 0.443197
790 0.007690 0.000000 0.999970 -0.249210 0.000000 1.000000 0.000000 0.000000 -0.999970 0.000000 0.007690 0.443189
791 0.007851 0.000000 0.999969 -0.249848 0.000000 1.000000 0.000000 0.000000 -0.999969 0.000000 0.007851 0.443181
792 0.008013 0.000000 0.999968 -0.250485 0.000000 1.000000 0.000000 0.000000 -0.999968 0.000000 0.008013 0.443173
793 0.008174 0.000000 0.999967 -0.251122 0.000000 1.000000 0.000000 0.000000 -0.999967 0.000000 0.008174 0.443165
794 0.008335 0.000000 0.999965 -0.251759 0.000000 1.000000 0.000000 0.000000 -0.999965 0.000000 0.008335 0.443157
795 0.008497 0.000000 0.999964 -0.252397 0.000000 1.000000 0.000000 0.000000 -0.999964 0.000000 0.008497 0.443149
796 0.008658 0.000000 0.999963 -0.253034 0.000000 1.000000 0.000000 0.000000 -0.999963 0.000000 0.008658 0.443141
797 0.008612 0.000000 0.999963 -0.253219 0.000000 1.000000 0.000000 0.000000 -0.999963 0.000000 0.008612 0.443139
798 0.008492 0.000000 0.999964 -0.253244 0.000000 1.000000 0.000000 0.000000 -0.999964 0.000000 0.008492 0.443139
799 0.008373 0.000000 0.999965 -0.253270 0.000000 1.000000 0.000000 0.000000 -0.999965 0.000000 0.008373 0.443139
800 0.008254 0.000000 0.999966 -0.253296 0.000000 1.000000 0.000000 0.000000 -0.999966 0.000000 0.008254 0.443139
801 0.008134 0.000000 0.999967 -0.253321 0.000000 1.000000 0.000000 0.000000 -0.999967 0.000000 0.008134 0.443139
802 0.008015 0.000000 0.999968 -0.253347 0.000000 1.000000 0.000000 0.000000 -0.999968 0.000000 0.008015 0.443139
803 0.007895 0.000000 0.999969 -0.253372 0.000000 1.000000 0.000000 0.000000 -0.999969 0.000000 0.007895 0.443139
804 0.007776 0.000000 0.999970 -0.253398 0.000000 1.000000 0.000000 0.000000 -0.999970 0.000000 0.007776 0.443139
805 0.007657 0.000000 0.999971 -0.253424 0.000000 1.000000 0.000000 0.000000 -0.999971 0.000000 0.007657 0.443139
806 0.007537 0.000000 0.999972 -0.253449 0.000000 1.000000 0.000000 0.000000 -0.999972 0.000000 0.007537 0.443139
807 0.007418 0.000000 0.999972 -0.253475 0.000000 1.000000 0.000000 0.000000 -0.999972 0.000000 0.007418 0.443139
808 0.007298 0.000000 0.999973 -0.253499 0.000000 1.000000 0.000000 0.000000 -0.999973 0.000000 0.007298 0.443139
809 0.007140 0.000000 0.999975 -0.253450 0.000000 1.000000 0.000000 0.000000 -0.999975 0.000000 0.007140 0.443139
810 0.006982 0.000000 0.999976 -0.253400 0.000000 1.000000 0.000000 0.000000 -0.999976 0.000000 0.006982 0.443139
811 0.006824 0.000000 0.999977 -0.253350 0.000000 1.000000 0.000000 0.000000 -0.999977 0.000000 0.006824 0.443139
812 0.006666 0.000000 0.999978 -0.253300 0.000000 1.000000 0.000000 0.000000 -0.999978 0.000000 0.006666 0.443139
813 0.006509 0.000000 0.999979 -0.253250 0.000000 1.000000 0.000000 0.000000 -0.999979 0.000000 0.006509 0.443139
814 0.006351 0.000000 0.999980 -0.253200 0.000000 1.000000 0.000000 0.000000 -0.999980 0.000000 0.006351 0.443139
815 0.006193 0.000000 0.999981 -0.253150 0.000000 1.000000 0.000000 0.000000 -0.999981 0.000000 0.006193 0.443139
816 0.006035 0.000000 0.999982 -0.253100 0.000000 1.000000 0.000000 0.000000 -0.999982 0.000000 0.006035 0.443139
817 0.005877 0.000000 0.999983 -0.253051 0.000000 1.000000 0.000000 0.000000 -0.999983 0.000000 0.005877 0.443139
818 0.005719 0.000000 0.999984 -0.253001 0.000000 1.000000 0.000000 0.000000 -0.999984 0.000000 0.005719 0.443139
819 0.005561 0.000000 0.999985 -0.252951 0.000000 1.000000 0.000000 0.000000 -0.999985 0.000000 0.005561 0.443139
820 0.005403 0.000000 0.999985 -0.252901 0.000000 1.000000 0.000000 0.000000 -0.999985 0.000000 0.005403 0.443139
821 0.005416 0.000000 0.999985 -0.252900 0.000000 1.000000 0.000000 0.000000 -0.999985 0.000000 0.005416 0.443139
822 0.005433 0.000000 0.999985 -0.252900 0.000000 1.000000 0.000000 0.000000 -0.999985 0.000000 0.005433 0.443139
823 0.005450 0.000000 0.999985 -0.252900 0.000000 1.000000 0.000000 0.000000 -0.999985 0.000000 0.005450 0.443139
824 0.005466 0.000000 0.999985 -0.252900 0.000000 1.000000 0.000000 0.000000 -0.999985 0.000000 0.005466 0.443139
825 0.005483 0.000000 0.999985 -0.252900 0.000000 1.000000 0.000000 0.000000 -0.999985 0.000000 0.005483 0.443139
826 0.005500 0.000000 0.999985 -0.252900 0.000000 1.000000 0.000000 0.000000 -0.999985 0.000000 0.005500 0.443139
827 0.005516 0.000000 0.999985 -0.252900 0.000000 1.000000 0.000000 0.000000 -0.999985 0.000000 0.005516 0.443139
828 0.005533 0.000000 0.999985 -0.252900 0.000000 1.000000 0.000000 0.000000 -0.999985 0.000000 0.005533 0.443139
829 0.005550 0.000000 0.999985 -0.252900 0.000000 1.000000 0.000000 0.000000 -0.999985 0.000000 0.005550 0.443139
830 0.005566 0.000000 0.999985 -0.252900 0.000000 1.000000 0.000000 0.000000 -0.999985 0.000000 0.005566 0.443139
831 0.005583 0.000000 0.999984 -0.252900 0.000000 1.000000 0.000000 0.000000 -0.999984 0.000000 0.005583 0.443139
832 0.005600 0.000000 0.999984 -0.252900 0.000000 1.000000 0.000000 0.000000 -0.999984 0.000000 0.005600 0.443139
833 0.010408 0.000000 0.999946 -0.252786 0.000000 1.000000 0.000000 0.000000 -0.999946 0.000000 0.010408 0.443147
834 0.015301 0.000000 0.999883 -0.252670 0.000000 1.000000 0.000000 0.000000 -0.999883 0.000000 0.015301 0.443155
835 0.020192 0.000000 0.999796 -0.252554 0.000000 1.000000 0.000000 0.000000 -0.999796 0.000000 0.020192 0.443164
836 0.025084 0.000000 0.999685 -0.252438 0.000000 1.000000 0.000000 0.000000 -0.999685 0.000000 0.025084 0.443172
837 0.029974 0.000000 0.999551 -0.252322 0.000000 1.000000 0.000000 0.000000 -0.999551 0.000000 0.029974 0.443180
838 0.034864 0.000000 0.999392 -0.252207 0.000000 1.000000 0.000000 0.000000 -0.999392 0.000000 0.034864 0.443188
839 0.039753 0.000000 0.999210 -0.252091 0.000000 1.000000 0.000000 0.000000 -0.999210 0.000000 0.039753 0.443197
840 0.044642 0.000000 0.999003 -0.251975 0.000000 1.000000 0.000000 0.000000 -0.999003 0.000000 0.044642 0.443205
841 0.049529 0.000000 0.998773 -0.251859 0.000000 1.000000 0.000000 0.000000 -0.998773 0.000000 0.049529 0.443213
842 0.054415 0.000000 0.998518 -0.251743 0.000000 1.000000 0.000000 0.000000 -0.998518 0.000000 0.054415 0.443221
843 0.059299 0.000000 0.998240 -0.251627 0.000000 1.000000 0.000000 0.000000 -0.998240 0.000000 0.059299 0.443230
844 0.064182 0.000000 0.997938 -0.251511 0.000000 1.000000 0.000000 0.000000 -0.997938 0.000000 0.064182 0.443238
845 0.079022 0.000000 0.996873 -0.251267 0.000000 1.000000 0.000000 0.000000 -0.996873 0.000000 0.079022 0.443276
846 0.094909 0.000000 0.995486 -0.251010 0.000000 1.000000 0.000000 0.000000 -0.995486 0.000000 0.094909 0.443318
847 0.110773 0.000000 0.993846 -0.250752 0.000000 1.000000 0.000000 0.000000 -0.993846 0.000000 0.110773 0.443359
848 0.126608 0.000000 0.991953 -0.250494 0.000000 1.000000 0.000000 0.000000 -0.991953 0.000000 0.126608 0.443401
849 0.142411 0.000000 0.989808 -0.250237 0.000000 1.000000 0.000000 0.000000 -0.989808 0.000000 0.142411 0.443442
850 0.158177 0.000000 0.987411 -0.249979 0.000000 1.000000 0.000000 0.000000 -0.987411 0.000000 0.158177 0.443484
851 0.173904 0.000000 0.984763 -0.249721 0.000000 1.000000 0.000000 0.000000 -0.984763 0.000000 0.173904 0.443525
852 0.189586 0.000000 0.981864 -0.249464 0.000000 1.000000 0.000000 0.000000 -0.981864 0.000000 0.189586 0.443567
853 0.205220 0.000000 0.978716 -0.249206 0.000000 1.000000 0.000000 0.000000 -0.978716 0.000000 0.205220 0.443609
854 0.220802 0.000000 0.975319 -0.248949 0.000000 1.000000 0.000000 0.000000 -0.975319 0.000000 0.220802 0.443650
855 0.236328 0.000000 0.971673 -0.248691 0.000000 1.000000 0.000000 0.000000 -0.971673 0.000000 0.236328 0.443692
856 0.251794 0.000000 0.967781 -0.248433 0.000000 1.000000 0.000000 0.000000 -0.967781 0.000000 0.251794 0.443733
857 0.273811 0.000000 0.961784 -0.248256 0.000000 1.000000 0.000000 0.000000 -0.961784 0.000000 0.273811 0.443789
858 0.296664 0.000000 0.954982 -0.248090 0.000000 1.000000 0.000000 0.000000 -0.954982 0.000000 0.296664 0.443847
859 0.319347 0.000000 0.947638 -0.247924 0.000000 1.000000 0.000000 0.000000 -0.947638 0.000000 0.319347 0.443905
860 0.341850 0.000000 0.939755 -0.247758 0.000000 1.000000 0.000000 0.000000 -0.939755 0.000000 0.341850 0.443963
861 0.364158 0.000000 0.931337 -0.247593 0.000000 1.000000 0.000000 0.000000 -0.931337 0.000000 0.364158 0.444021
862 0.386259 0.000000 0.922390 -0.247427 0.000000 1.000000 0.000000 0.000000 -0.922390 0.000000 0.386259 0.444079
863 0.408140 0.000000 0.912919 -0.247261 0.000000 1.000000 0.000000 0.000000 -0.912919 0.000000 0.408140 0.444137
864 0.429790 0.000000 0.902929 -0.247095 0.000000 1.000000 0.000000 0.000000 -0.902929 0.000000 0.429790 0.444195
865 0.451194 0.000000 0.892426 -0.246930 0.000000 1.000000 0.000000 0.000000 -0.892426 0.000000 0.451194 0.444253
866 0.472343 0.000000 0.881415 -0.246764 0.000000 1.000000 0.000000 0.000000 -0.881415 0.000000 0.472343 0.444311
867 0.493223 0.000000 0.869903 -0.246598 0.000000 1.000000 0.000000 0.000000 -0.869903 0.000000 0.493223 0.444369
868 0.513823 0.000000 0.857896 -0.246432 0.000000 1.000000 0.000000 0.000000 -0.857896 0.000000 0.513823 0.444427
869 0.535277 0.000000 0.844676 -0.246407 0.000000 1.000000 0.000000 0.000000 -0.844676 0.000000 0.535277 0.444432
870 0.556667 0.000000 0.830735 -0.246415 0.000000 1.000000 0.000000 0.000000 -0.830735 0.000000 0.556667 0.444423
871 0.577694 0.000000 0.816253 -0.246423 0.000000 1.000000 0.000000 0.000000 -0.816253 0.000000 0.577694 0.444415
872 0.598344 0.000000 0.801239 -0.246431 0.000000 1.000000 0.000000 0.000000 -0.801239 0.000000 0.598344 0.444407
873 0.618605 0.000000 0.785702 -0.246440 0.000000 1.000000 0.000000 0.000000 -0.785702 0.000000 0.618605 0.444398
874 0.638462 0.000000 0.769654 -0.246448 0.000000 1.000000 0.000000 0.000000 -0.769654 0.000000 0.638462 0.444390
875 0.657903 0.000000 0.753103 -0.246456 0.000000 1.000000 0.000000 0.000000 -0.753103 0.000000 0.657903 0.444382
876 0.676914 0.000000 0.736062 -0.246465 0.000000 1.000000 0.000000 0.000000 -0.736062 0.000000 0.676914 0.444374
877 0.695485 0.000000 0.718541 -0.246473 0.000000 1.000000 0.000000 0.000000 -0.718541 0.000000 0.695485 0.444365
878 0.713602 0.000000 0.700551 -0.246481 0.000000 1.000000 0.000000 0.000000 -0.700551 0.000000 0.713602 0.444357
879 0.731254 0.000000 0.682105 -0.246489 0.000000 1.000000 0.000000 0.000000 -0.682105 0.000000 0.731254 0.444349
880 0.748430 0.000000 0.663214 -0.246498 0.000000 1.000000 0.000000 0.000000 -0.663214 0.000000 0.748430 0.444340
881 0.765058 0.000000 0.643962 -0.246518 0.000000 1.000000 0.000000 0.000000 -0.643962 0.000000 0.765058 0.444308
882 0.781169 0.000000 0.624320 -0.246543 0.000000 1.000000 0.000000 0.000000 -0.624320 0.000000 0.781169 0.444267
883 0.796776 0.000000 0.604274 -0.246568 0.000000 1.000000 0.000000 0.000000 -0.604274 0.000000 0.796776 0.444225
884 0.811869 0.000000 0.583840 -0.246592 0.000000 1.000000 0.000000 0.000000 -0.583840 0.000000 0.811869 0.444184
885 0.826438 0.000000 0.563027 -0.246617 0.000000 1.000000 0.000000 0.000000 -0.563027 0.000000 0.826438 0.444143
886 0.840474 0.000000 0.541852 -0.246642 0.000000 1.000000 0.000000 0.000000 -0.541852 0.000000 0.840474 0.444102
887 0.853967 0.000000 0.520327 -0.246667 0.000000 1.000000 0.000000 0.000000 -0.520327 0.000000 0.853967 0.444060
888 0.866909 0.000000 0.498466 -0.246691 0.000000 1.000000 0.000000 0.000000 -0.498466 0.000000 0.866909 0.444019
889 0.879292 0.000000 0.476283 -0.246716 0.000000 1.000000 0.000000 0.000000 -0.476283 0.000000 0.879292 0.443978
890 0.891107 0.000000 0.453793 -0.246741 0.000000 1.000000 0.000000 0.000000 -0.453793 0.000000 0.891107 0.443936
891 0.902347 0.000000 0.431011 -0.246766 0.000000 1.000000 0.000000 0.000000 -0.431011 0.000000 0.902347 0.443895
892 0.913005 0.000000 0.407949 -0.246791 0.000000 1.000000 0.000000 0.000000 -0.407949 0.000000 0.913005 0.443854
893 0.921569 0.000000 0.388214 -0.246805 0.000000 1.000000 0.000000 0.000000 -0.388214 0.000000 0.921569 0.443828
894 0.928833 0.000000 0.370498 -0.246813 0.000000 1.000000 0.000000 0.000000 -0.370498 0.000000 0.928833 0.443812
895 0.935757 0.000000 0.352646 -0.246821 0.000000 1.000000 0.000000 0.000000 -0.352646 0.000000 0.935757 0.443795
896 0.942337 0.000000 0.334665 -0.246830 0.000000 1.000000 0.000000 0.000000 -0.334665 0.000000 0.942337 0.443779
897 0.948572 0.000000 0.316562 -0.246838 0.000000 1.000000 0.000000 0.000000 -0.316562 0.000000 0.948572 0.443762
898 0.954459 0.000000 0.298342 -0.246846 0.000000 1.000000 0.000000 0.000000 -0.298342 0.000000 0.954459 0.443746
899 0.959996 0.000000 0.280014 -0.246854 0.000000 1.000000 0.000000 0.000000 -0.280014 0.000000 0.959996 0.443729
900 0.965181 0.000000 0.261582 -0.246863 0.000000 1.000000 0.000000 0.000000 -0.261582 0.000000 0.965181 0.443713
901 0.970013 0.000000 0.243054 -0.246871 0.000000 1.000000 0.000000 0.000000 -0.243054 0.000000 0.970013 0.443696
902 0.974488 0.000000 0.224438 -0.246879 0.000000 1.000000 0.000000 0.000000 -0.224438 0.000000 0.974488 0.443680
903 0.978607 0.000000 0.205739 -0.246887 0.000000 1.000000 0.000000 0.000000 -0.205739 0.000000 0.978607 0.443663
904 0.982367 0.000000 0.186965 -0.246896 0.000000 1.000000 0.000000 0.000000 -0.186965 0.000000 0.982367 0.443647
905 0.984677 0.000000 0.174387 -0.246900 0.000000 1.000000 0.000000 0.000000 -0.174387 0.000000 0.984677 0.443623
906 0.985660 0.000000 0.168746 -0.246900 0.000000 1.000000 0.000000 0.000000 -0.168746 0.000000 0.985660 0.443590
907 0.986610 0.000000 0.163099 -0.246900 0.000000 1.000000 0.000000 0.000000 -0.163099 0.000000 0.986610 0.443557
908 0.987527 0.000000 0.157447 -0.246900 0.000000 1.000000 0.000000 0.000000 -0.157447 0.000000 0.987527 0.443524
909 0.988413 0.000000 0.151789 -0.246900 0.000000 1.000000 0.000000 0.000000 -0.151789 0.000000 0.988413 0.443490
910 0.989266 0.000000 0.146127 -0.246900 0.000000 1.000000 0.000000 0.000000 -0.146127 0.000000 0.989266 0.443457
911 0.990086 0.000000 0.140460 -0.246900 0.000000 1.000000 0.000000 0.000000 -0.140460 0.000000 0.990086 0.443424
912 0.990874 0.000000 0.134788 -0.246900 0.000000 1.000000 0.000000 0.000000 -0.134788 0.000000 0.990874 0.443391
913 0.991630 0.000000 0.129112 -0.246900 0.000000 1.000000 0.000000 0.000000 -0.129112 0.000000 0.991630 0.443358
914 0.992353 0.000000 0.123432 -0.246900 0.000000 1.000000 0.000000 0.000000 -0.123432 0.000000 0.992353 0.443325
915 0.993044 0.000000 0.117747 -0.246900 0.000000 1.000000 0.000000 0.000000 -0.117747 0.000000 0.993044 0.443292
916 0.993702 0.000000 0.112059 -0.246900 0.000000 1.000000 0.000000 0.000000 -0.112059 0.000000 0.993702 0.443259
917 0.994286 0.000000 0.106748 -0.246900 0.000000 1.000000 0.000000 0.000000 -0.106748 0.000000 0.994286 0.443229
918 0.994776 0.000000 0.102078 -0.246900 0.000000 1.000000 0.000000 0.000000 -0.102078 0.000000 0.994776 0.443204
919 0.995245 0.000000 0.097406 -0.246900 0.000000 1.000000 0.000000 0.000000 -0.097406 0.000000 0.995245 0.443179
920 0.995691 0.000000 0.092732 -0.246900 0.000000 1.000000 0.000000 0.000000 -0.092732 0.000000 0.995691 0.443153
921 0.996116 0.000000 0.088056 -0.246900 0.000000 1.000000 0.000000 0.000000 -0.088056 0.000000 0.996116 0.443128
922 0.996518 0.000000 0.083378 -0.246900 0.000000 1.000000 0.000000 0.000000 -0.083378 0.000000 0.996518 0.443103
923 0.996898 0.000000 0.078698 -0.246900 0.000000 1.000000 0.000000 0.000000 -0.078698 0.000000 0.996898 0.443078
924 0.997257 0.000000 0.074017 -0.246900 0.000000 1.000000 0.000000 0.000000 -0.074017 0.000000 0.997257 0.443053
925 0.997594 0.000000 0.069334 -0.246900 0.000000 1.000000 0.000000 0.000000 -0.069334 0.000000 0.997594 0.443027
926 0.997908 0.000000 0.064649 -0.246900 0.000000 1.000000 0.000000 0.000000 -0.064649 0.000000 0.997908 0.443002
927 0.998201 0.000000 0.059963 -0.246900 0.000000 1.000000 0.000000 0.000000 -0.059963 0.000000 0.998201 0.442977
928 0.998471 0.000000 0.055275 -0.246900 0.000000 1.000000 0.000000 0.000000 -0.055275 0.000000 0.998471 0.442952
929 0.998709 0.000000 0.050792 -0.246900 0.000000 1.000000 0.000000 0.000000 -0.050792 0.000000 0.998709 0.442873
930 0.998916 0.000000 0.046543 -0.246900 0.000000 1.000000 0.000000 0.000000 -0.046543 0.000000 0.998916 0.442733
931 0.999105 0.000000 0.042293 -0.246900 0.000000 1.000000 0.000000 0.000000 -0.042293 0.000000 0.999105 0.442593
932 0.999276 0.000000 0.038043 -0.246900 0.000000 1.000000 0.000000 0.000000 -0.038043 0.000000 0.999276 0.442453
933 0.999429 0.000000 0.033791 -0.246900 0.000000 1.000000 0.000000 0.000000 -0.033791 0.000000 0.999429 0.442312
934 0.999564 0.000000 0.029540 -0.246900 0.000000 1.000000 0.000000 0.000000 -0.029540 0.000000 0.999564 0.442172
935 0.999680 0.000000 0.025287 -0.246900 0.000000 1.000000 0.000000 0.000000 -0.025287 0.000000 0.999680 0.442032
936 0.999779 0.000000 0.021034 -0.246900 0.000000 1.000000 0.000000 0.000000 -0.021034 0.000000 0.999779 0.441892
937 0.999859 0.000000 0.016781 -0.246900 0.000000 1.000000 0.000000 0.000000 -0.016781 0.000000 0.999859 0.441752
938 0.999922 0.000000 0.012528 -0.246900 0.000000 1.000000 0.000000 0.000000 -0.012528 0.000000 0.999922 0.441612
939 0.999966 0.000000 0.008274 -0.246900 0.000000 1.000000 0.000000 0.000000 -0.008274 0.000000 0.999966 0.441471
940 0.999992 0.000000 0.004020 -0.246900 0.000000 1.000000 0.000000 0.000000 -0.004020 0.000000 0.999992 0.441331
941 1.000000 0.000000 0.000764 -0.246897 0.000000 1.000000 0.000000 0.000000 -0.000764 0.000000 1.000000 0.440932
942 1.000000 0.000000 -0.000522 -0.246889 0.000000 1.000000 0.000000 0.000000 0.000522 0.000000 1.000000 0.440019
943 0.999998 0.000000 -0.001808 -0.246881 0.000000 1.000000 0.000000 0.000000 0.001808 0.000000 0.999998 0.439106
944 0.999995 0.000000 -0.003093 -0.246873 0.000000 1.000000 0.000000 0.000000 0.003093 0.000000 0.999995 0.438194
945 0.999990 0.000000 -0.004379 -0.246865 0.000000 1.000000 0.000000 0.000000 0.004379 0.000000 0.999990 0.437281
946 0.999984 0.000000 -0.005665 -0.246856 0.000000 1.000000 0.000000 0.000000 0.005665 0.000000 0.999984 0.436369
947 0.999976 0.000000 -0.006951 -0.246848 0.000000 1.000000 0.000000 0.000000 0.006951 0.000000 0.999976 0.435456
948 0.999966 0.000000 -0.008237 -0.246840 0.000000 1.000000 0.000000 0.000000 0.008237 0.000000 0.999966 0.434544
949 0.999955 0.000000 -0.009522 -0.246832 0.000000 1.000000 0.000000 0.000000 0.009522 0.000000 0.999955 0.433631
950 0.999942 0.000000 -0.010808 -0.246824 0.000000 1.000000 0.000000 0.000000 0.010808 0.000000 0.999942 0.432719
951 0.999927 0.000000 -0.012094 -0.246815 0.000000 1.000000 0.000000 0.000000 0.012094 0.000000 0.999927 0.431806
952 0.999910 0.000000 -0.013380 -0.246807 0.000000 1.000000 0.000000 0.000000 0.013380 0.000000 0.999910 0.430894
953 0.999894 0.000000 -0.014529 -0.246792 0.000000 1.000000 0.000000 0.000000 0.014529 0.000000 0.999894 0.429696
954 0.999882 0.000000 -0.015333 -0.246759 0.000000 1.000000 0.000000 0.000000 0.015333 0.000000 0.999882 0.427772
955 0.999870 0.000000 -0.016136 -0.246725 0.000000 1.000000 0.000000 0.000000 0.016136 0.000000 0.999870 0.425847
956 0.999857 0.000000 -0.016939 -0.246692 0.000000 1.000000 0.000000 0.000000 0.016939 0.000000 0.999857 0.423923
957 0.999843 0.000000 -0.017742 -0.246659 0.000000 1.000000 0.000000 0.000000 0.017742 0.000000 0.999843 0.421998
958 0.999828 0.000000 -0.018545 -0.246626 0.000000 1.000000 0.000000 0.000000 0.018545 0.000000 0.999828 0.420074
959 0.999813 0.000000 -0.019348 -0.246592 0.000000 1.000000 0.000000 0.000000 0.019348 0.000000 0.999813 0.418150
960 0.999797 0.000000 -0.020151 -0.246559 0.000000 1.000000 0.000000 0.000000 0.020151 0.000000 0.999797 0.416225
961 0.999780 0.000000 -0.020954 -0.246526 0.000000 1.000000 0.000000 0.000000 0.020954 0.000000 0.999780 0.414301
962 0.999763 0.000000 -0.021757 -0.246492 0.000000 1.000000 0.000000 0.000000 0.021757 0.000000 0.999763 0.412376
963 0.999745 0.000000 -0.022561 -0.246459 0.000000 1.000000 0.000000 0.000000 0.022561 0.000000 0.999745 0.410452
964 0.999727 0.000000 -0.023364 -0.246426 0.000000 1.000000 0.000000 0.000000 0.023364 0.000000 0.999727 0.408527
965 0.999720 0.000000 -0.023650 -0.246385 0.000000 1.000000 0.000000 0.000000 0.023650 0.000000 0.999720 0.406396
966 0.999738 0.000000 -0.022888 -0.246327 0.000000 1.000000 0.000000 0.000000 0.022888 0.000000 0.999738 0.403846
967 0.999755 0.000000 -0.022127 -0.246269 0.000000 1.000000 0.000000 0.000000 0.022127 0.000000 0.999755 0.401296
968 0.999772 0.000000 -0.021365 -0.246211 0.000000 1.000000 0.000000 0.000000 0.021365 0.000000 0.999772 0.398746
969 0.999788 0.000000 -0.020604 -0.246154 0.000000 1.000000 0.000000 0.000000 0.020604 0.000000 0.999788 0.396195
970 0.999803 0.000000 -0.019842 -0.246096 0.000000 1.000000 0.000000 0.000000 0.019842 0.000000 0.999803 0.393645
971 0.999818 0.000000 -0.019080 -0.246038 0.000000 1.000000 0.000000 0.000000 0.019080 0.000000 0.999818 0.391095
972 0.999832 0.000000 -0.018319 -0.245981 0.000000 1.000000 0.000000 0.000000 0.018319 0.000000 0.999832 0.388545
973 0.999846 0.000000 -0.017557 -0.245923 0.000000 1.000000 0.000000 0.000000 0.017557 0.000000 0.999846 0.385994
974 0.999859 0.000000 -0.016796 -0.245865 0.000000 1.000000 0.000000 0.000000 0.016796 0.000000 0.999859 0.383444
975 0.999871 0.000000 -0.016034 -0.245807 0.000000 1.000000 0.000000 0.000000 0.016034 0.000000 0.999871 0.380894
976 0.999883 0.000000 -0.015272 -0.245750 0.000000 1.000000 0.000000 0.000000 0.015272 0.000000 0.999883 0.378344
977 0.999899 0.000000 -0.014204 -0.245707 0.000000 1.000000 0.000000 0.000000 0.014204 0.000000 0.999899 0.375594
978 0.999925 0.000000 -0.012232 -0.245707 0.000000 1.000000 0.000000 0.000000 0.012232 0.000000 0.999925 0.372253
979 0.999947 0.000000 -0.010259 -0.245707 0.000000 1.000000 0.000000 0.000000 0.010259 0.000000 0.999947 0.368912
980 0.999966 0.000000 -0.008286 -0.245708 0.000000 1.000000 0.000000 0.000000 0.008286 0.000000 0.999966 0.365571
981 0.999980 0.000000 -0.006313 -0.245708 0.000000 1.000000 0.000000 0.000000 0.006313 0.000000 0.999980 0.362230
982 0.999991 0.000000 -0.004340 -0.245708 0.000000 1.000000 0.000000 0.000000 0.004340 0.000000 0.999991 0.358889
983 0.999997 0.000000 -0.002367 -0.245709 0.000000 1.000000 0.000000 0.000000 0.002367 0.000000 0.999997 0.355549
984 1.000000 0.000000 -0.000394 -0.245709 0.000000 1.000000 0.000000 0.000000 0.000394 0.000000 1.000000 0.352208
985 0.999999 0.000000 0.001579 -0.245709 0.000000 1.000000 0.000000 0.000000 -0.001579 0.000000 0.999999 0.348867
986 0.999994 0.000000 0.003552 -0.245710 0.000000 1.000000 0.000000 0.000000 -0.003552 0.000000 0.999994 0.345526
987 0.999985 0.000000 0.005525 -0.245710 0.000000 1.000000 0.000000 0.000000 -0.005525 0.000000 0.999985 0.342185
988 0.999972 0.000000 0.007498 -0.245710 0.000000 1.000000 0.000000 0.000000 -0.007498 0.000000 0.999972 0.338844
989 0.999957 0.000000 0.009292 -0.245723 0.000000 1.000000 0.000000 0.000000 -0.009292 0.000000 0.999957 0.335418
990 0.999947 0.000000 0.010324 -0.245790 0.000000 1.000000 0.000000 0.000000 -0.010324 0.000000 0.999947 0.331628
991 0.999936 0.000000 0.011356 -0.245856 0.000000 1.000000 0.000000 0.000000 -0.011356 0.000000 0.999936 0.327838
992 0.999923 0.000000 0.012388 -0.245923 0.000000 1.000000 0.000000 0.000000 -0.012388 0.000000 0.999923 0.324049
993 0.999910 0.000000 0.013420 -0.245989 0.000000 1.000000 0.000000 0.000000 -0.013420 0.000000 0.999910 0.320259
994 0.999896 0.000000 0.014452 -0.246055 0.000000 1.000000 0.000000 0.000000 -0.014452 0.000000 0.999896 0.316469
995 0.999880 0.000000 0.015484 -0.246122 0.000000 1.000000 0.000000 0.000000 -0.015484 0.000000 0.999880 0.312679
996 0.999864 0.000000 0.016516 -0.246188 0.000000 1.000000 0.000000 0.000000 -0.016516 0.000000 0.999864 0.308890
997 0.999846 0.000000 0.017548 -0.246255 0.000000 1.000000 0.000000 0.000000 -0.017548 0.000000 0.999846 0.305100
998 0.999827 0.000000 0.018580 -0.246321 0.000000 1.000000 0.000000 0.000000 -0.018580 0.000000 0.999827 0.301310
999 0.999808 0.000000 0.019612 -0.246388 0.000000 1.000000 0.000000 0.000000 -0.019612 0.000000 0.999808 0.297520
1000 0.999787 0.000000 0.020644 -0.246454 0.000000 1.000000 0.000000 0.000000 -0.020644 0.000000 0.999787 0.293730
1001 0.999766 0.000000 0.021619 -0.246522 0.000000 1.000000 0.000000 0.000000 -0.021619 0.000000 0.999766 0.289943
1002 0.999760 0.000000 0.021925 -0.246614 0.000000 1.000000 0.000000 0.000000 -0.021925 0.000000 0.999760 0.286187
1003 0.999753 0.000000 0.022232 -0.246706 0.000000 1.000000 0.000000 0.000000 -0.022232 0.000000 0.999753 0.282431
1004 0.999746 0.000000 0.022539 -0.246797 0.000000 1.000000 0.000000 0.000000 -0.022539 0.000000 0.999746 0.278675
1005 0.999739 0.000000 0.022846 -0.246889 0.000000 1.000000 0.000000 0.000000 -0.022846 0.000000 0.999739 0.274918
1006 0.999732 0.000000 0.023152 -0.246980 0.000000 1.000000 0.000000 0.000000 -0.023152 0.000000 0.999732 0.271162
1007 0.999725 0.000000 0.023459 -0.247072 0.000000 1.000000 0.000000 0.000000 -0.023459 0.000000 0.999725 0.267406
1008 0.999718 0.000000 0.023766 -0.247164 0.000000 1.000000 0.000000 0.000000 -0.023766 0.000000 0.999718 0.263650
1009 0.999710 0.000000 0.024072 -0.247255 0.000000 1.000000 0.000000 0.000000 -0.024072 0.000000 0.999710 0.259894
1010 0.999703 0.000000 0.024379 -0.247347 0.000000 1.000000 0.000000 0.000000 -0.024379 0.000000 0.999703 0.256138
1011 0.999695 0.000000 0.024686 -0.247438 0.000000 1.000000 0.000000 0.000000 -0.024686 0.000000 0.999695 0.252381
1012 0.999688 0.000000 0.024993 -0.247530 0.000000 1.000000 0.000000 0.000000 -0.024993 0.000000 0.999688 0.248625
1013 0.999680 0.000000 0.025288 -0.247621 0.000000 1.000000 0.000000 0.000000 -0.025288 0.000000 0.999680 0.244876
1014 0.999687 0.000000 0.025006 -0.247696 0.000000 1.000000 0.000000 0.000000 -0.025006 0.000000 0.999687 0.241516
1015 0.999694 0.000000 0.024724 -0.247771 0.000000 1.000000 0.000000 0.000000 -0.024724 0.000000 0.999694 0.238156
1016 0.999701 0.000000 0.024442 -0.247846 0.000000 1.000000 0.000000 0.000000 -0.024442 0.000000 0.999701 0.234795
1017 0.999708 0.000000 0.024160 -0.247921 0.000000 1.000000 0.000000 0.000000 -0.024160 0.000000 0.999708 0.231435
1018 0.999715 0.000000 0.023878 -0.247996 0.000000 1.000000 0.000000 0.000000 -0.023878 0.000000 0.999715 0.228075
1019 0.999722 0.000000 0.023596 -0.248071 0.000000 1.000000 0.000000 0.000000 -0.023596 0.000000 0.999722 0.224714
1020 0.999728 0.000000 0.023314 -0.248146 0.000000 1.000000 0.000000 0.000000 -0.023314 0.000000 0.999728 0.221354
1021 0.999735 0.000000 0.023032 -0.248221 0.000000 1.000000 0.000000 0.000000 -0.023032 0.000000 0.999735 0.217994
1022 0.999741 0.000000 0.022750 -0.248296 0.000000 1.000000 0.000000 0.000000 -0.022750 0.000000 0.999741 0.214633
1023 0.999748 0.000000 0.022468 -0.248371 0.000000 1.000000 0.000000 0.000000 -0.022468 0.000000 0.999748 0.211273
1024 0.999754 0.000000 0.022186 -0.248446 0.000000 1.000000 0.000000 0.000000 -0.022186 0.000000 0.999754 0.207913
1025 0.999760 0.000000 0.021904 -0.248521 0.000000 1.000000 0.000000 0.000000 -0.021904 0.000000 0.999760 0.204553
1026 0.999768 0.000000 0.021558 -0.248572 0.000000 1.000000 0.000000 0.000000 -0.021558 0.000000 0.999768 0.202157
1027 0.999775 0.000000 0.021211 -0.248622 0.000000 1.000000 0.000000 0.000000 -0.021211 0.000000 0.999775 0.199796
1028 0.999782 0.000000 0.020863 -0.248672 0.000000 1.000000 0.000000 0.000000 -0.020863 0.000000 0.999782 0.197435
1029 0.999790 0.000000 0.020515 -0.248722 0.000000 1.000000 0.000000 0.000000 -0.020515 0.000000 0.999790 0.195073
1030 0.999797 0.000000 0.020167 -0.248772 0.000000 1.000000 0.000000 0.000000 -0.020167 0.000000 0.999797 0.192712
1031 0.999804 0.000000 0.019819 -0.248822 0.000000 1.000000 0.000000 0.000000 -0.019819 0.000000 0.999804 0.190351
1032 0.999810 0.000000 0.019471 -0.248872 0.000000 1.000000 0.000000 0.000000 -0.019471 0.000000 0.999810 0.187989
1033 0.999817 0.000000 0.019123 -0.248922 0.000000 1.000000 0.000000 0.000000 -0.019123 0.000000 0.999817 0.185628
1034 0.999824 0.000000 0.018775 -0.248972 0.000000 1.000000 0.000000 0.000000 -0.018775 0.000000 0.999824 0.183267
1035 0.999830 0.000000 0.018427 -0.249022 0.000000 1.000000 0.000000 0.000000 -0.018427 0.000000 0.999830 0.180906
1036 0.999837 0.000000 0.018079 -0.249072 0.000000 1.000000 0.000000 0.000000 -0.018079 0.000000 0.999837 0.178544
1037 0.999843 0.000000 0.017731 -0.249122 0.000000 1.000000 0.000000 0.000000 -0.017731 0.000000 0.999843 0.176183
1038 0.999846 0.000000 0.017526 -0.249142 0.000000 1.000000 0.000000 0.000000 -0.017526 0.000000 0.999846 0.174694
1039 0.999850 0.000000 0.017337 -0.249158 0.000000 1.000000 0.000000 0.000000 -0.017337 0.000000 0.999850 0.173305
1040 0.999853 0.000000 0.017148 -0.249175 0.000000 1.000000 0.000000 0.000000 -0.017148 0.000000 0.999853 0.171917
1041 0.999856 0.000000 0.016959 -0.249191 0.000000 1.000000 0.000000 0.000000 -0.016959 0.000000 0.999856 0.170528
1042 0.999859 0.000000 0.016770 -0.249208 0.000000 1.000000 0.000000 0.000000 -0.016770 0.000000 0.999859 0.169139
1043 0.999863 0.000000 0.016581 -0.249224 0.000000 1.000000 0.000000 0.000000 -0.016581 0.000000 0.999863 0.167751
1044 0.999866 0.000000 0.016392 -0.249241 0.000000 1.000000 0.000000 0.000000 -0.016392 0.000000 0.999866 0.166362
1045 0.999869 0.000000 0.016203 -0.249258 0.000000 1.000000 0.000000 0.000000 -0.016203 0.000000 0.999869 0.164974
1046 0.999872 0.000000 0.016014 -0.249274 0.000000 1.000000 0.000000 0.000000 -0.016014 0.000000 0.999872 0.163585
1047 0.999875 0.000000 0.015825 -0.249291 0.000000 1.000000 0.000000 0.000000 -0.015825 0.000000 0.999875 0.162197
1048 0.999878 0.000000 0.015637 -0.249307 0.000000 1.000000 0.000000 0.000000 -0.015637 0.000000 0.999878 0.160808
1049 0.999881 0.000000 0.015448 -0.249324 0.000000 1.000000 0.000000 0.000000 -0.015448 0.000000 0.999881 0.159419
1050 0.999883 0.000000 0.015311 -0.249341 0.000000 1.000000 0.000000 0.000000 -0.015311 0.000000 0.999883 0.158315
1051 0.999885 0.000000 0.015193 -0.249357 0.000000 1.000000 0.000000 0.000000 -0.015193 0.000000 0.999885 0.157318
1052 0.999886 0.000000 0.015076 -0.249374 0.000000 1.000000 0.000000 0.000000 -0.015076 0.000000 0.999886 0.156321
1053 0.999888 0.000000 0.014959 -0.249391 0.000000 1.000000 0.000000 0.000000 -0.014959 0.000000 0.999888 0.155325
1054 0.999890 0.000000 0.014842 -0.249408 0.000000 1.000000 0.000000 0.000000 -0.014842 0.000000 0.999890 0.154328
1055 0.999892 0.000000 0.014724 -0.249425 0.000000 1.000000 0.000000 0.000000 -0.014724 0.000000 0.999892 0.153331
1056 0.999893 0.000000 0.014607 -0.249442 0.000000 1.000000 0.000000 0.000000 -0.014607 0.000000 0.999893 0.152334
1057 0.999895 0.000000 0.014490 -0.249459 0.000000 1.000000 0.000000 0.000000 -0.014490 0.000000 0.999895 0.151337
1058 0.999897 0.000000 0.014373 -0.249475 0.000000 1.000000 0.000000 0.000000 -0.014373 0.000000 0.999897 0.150341
1059 0.999898 0.000000 0.014255 -0.249492 0.000000 1.000000 0.000000 0.000000 -0.014255 0.000000 0.999898 0.149344
1060 0.999900 0.000000 0.014138 -0.249509 0.000000 1.000000 0.000000 0.000000 -0.014138 0.000000 0.999900 0.148347
1061 0.999902 0.000000 0.014021 -0.249526 0.000000 1.000000 0.000000 0.000000 -0.014021 0.000000 0.999902 0.147350
1062 0.999904 0.000000 0.013839 -0.249556 0.000000 1.000000 0.000000 0.000000 -0.013839 0.000000 0.999904 0.146421
1063 0.999907 0.000000 0.013641 -0.249589 0.000000 1.000000 0.000000 0.000000 -0.013641 0.000000 0.999907 0.145510
1064 0.999910 0.000000 0.013442 -0.249622 0.000000 1.000000 0.000000 0.000000 -0.013442 0.000000 0.999910 0.144599
1065 0.999912 0.000000 0.013243 -0.249655 0.000000 1.000000 0.000000 0.000000 -0.013243 0.000000 0.999912 0.143689
1066 0.999915 0.000000 0.013045 -0.249689 0.000000 1.000000 0.000000 0.000000 -0.013045 0.000000 0.999915 0.142778
1067 0.999917 0.000000 0.012846 -0.249722 0.000000 1.000000 0.000000 0.000000 -0.012846 0.000000 0.999917 0.141867
1068 0.999920 0.000000 0.012647 -0.249755 0.000000 1.000000 0.000000 0.000000 -0.012647 0.000000 0.999920 0.140956
1069 0.999923 0.000000 0.012448 -0.249788 0.000000 1.000000 0.000000 0.000000 -0.012448 0.000000 0.999923 0.140046
1070 0.999925 0.000000 0.012250 -0.249821 0.000000 1.000000 0.000000 0.000000 -0.012250 0.000000 0.999925 0.139135
1071 0.999927 0.000000 0.012051 -0.249855 0.000000 1.000000 0.000000 0.000000 -0.012051 0.000000 0.999927 0.138224
1072 0.999930 0.000000 0.011852 -0.249888 0.000000 1.000000 0.000000 0.000000 -0.011852 0.000000 0.999930 0.137313
1073 0.999932 0.000000 0.011654 -0.249921 0.000000 1.000000 0.000000 0.000000 -0.011654 0.000000 0.999932 0.136403
1074 0.999940 0.000000 0.010953 -0.249931 0.000000 1.000000 0.000000 0.000000 -0.010953 0.000000 0.999940 0.136057
1075 0.999950 0.000000 0.010048 -0.249931 0.000000 1.000000 0.000000 0.000000 -0.010048 0.000000 0.999950 0.135942
1076 0.999958 0.000000 0.009143 -0.249931 0.000000 1.000000 0.000000 0.000000 -0.009143 0.000000 0.999958 0.135826
1077 0.999966 0.000000 0.008238 -0.249931 0.000000 1.000000 0.000000 0.000000 -0.008238 0.000000 0.999966 0.135711
1078 0.999973 0.000000 0.007333 -0.249931 0.000000 1.000000 0.000000 0.000000 -0.007333 0.000000 0.999973 0.135596
1079 0.999979 0.000000 0.006428 -0.249931 0.000000 1.000000 0.000000 0.000000 -0.006428 0.000000 0.999979 0.135481
1080 0.999985 0.000000 0.005523 -0.249931 0.000000 1.000000 0.000000 0.000000 -0.005523 0.000000 0.999985 0.135366
1081 0.999989 0.000000 0.004618 -0.249931 0.000000 1.000000 0.000000 0.000000 -0.004618 0.000000 0.999989 0.135250
1082 0.999993 0.000000 0.003713 -0.249931 0.000000 1.000000 0.000000 0.000000 -0.003713 0.000000 0.999993 0.135135
1083 0.999996 0.000000 0.002808 -0.249931 0.000000 1.000000 0.000000 0.000000 -0.002808 0.000000 0.999996 0.135020
1084 0.999998 0.000000 0.001903 -0.249931 0.000000 1.000000 0.000000 0.000000 -0.001903 0.000000 0.999998 0.134905
1085 1.000000 0.000000 0.000998 -0.249931 0.000000 1.000000 0.000000 0.000000 -0.000998 0.000000 1.000000 0.134790
1086 1.000000 0.000000 0.000587 -0.249931 0.000000 1.000000 0.000000 0.000000 -0.000587 0.000000 1.000000 0.134739
1087 1.000000 0.000000 0.000570 -0.249931 0.000000 1.000000 0.000000 0.000000 -0.000570 0.000000 1.000000 0.134739
1088 1.000000 0.000000 0.000554 -0.249931 0.000000 1.000000 0.000000 0.000000 -0.000554 0.000000 1.000000 0.134739
1089 1.000000 0.000000 0.000537 -0.249931 0.000000 1.000000 0.000000 0.000000 -0.000537 0.000000 1.000000 0.134739
1090 1.000000 0.000000 0.000520 -0.249931 0.000000 1.000000 0.000000 0.000000 -0.000520 0.000000 1.000000 0.134739
1091 1.000000 0.000000 0.000503 -0.249931 0.000000 1.000000 0.000000 0.000000 -0.000503 0.000000 1.000000 0.134739
1092 1.000000 0.000000 0.000487 -0.249931 0.000000 1.000000 0.000000 0.000000 -0.000487 0.000000 1.000000 0.134739
1093 1.000000 0.000000 0.000470 -0.249931 0.000000 1.000000 0.000000 0.000000 -0.000470 0.000000 1.000000 0.134739
1094 1.000000 0.000000 0.000453 -0.249931 0.000000 1.000000 0.000000 0.000000 -0.000453 0.000000 1.000000 0.134739
1095 1.000000 0.000000 0.000436 -0.249931 0.000000 1.000000 0.000000 0.000000 -0.000436 0.000000 1.000000 0.134739
1096 1.000000 0.000000 0.000420 -0.249931 0.000000 1.000000 0.000000 0.000000 -0.000420 0.000000 1.000000 0.134739
1097 1.000000 0.000000 0.000403 -0.249931 0.000000 1.000000 0.000000 0.000000 -0.000403 0.000000 1.000000 0.134739
1098 1.000000 0.000000 0.000406 -0.249931 0.000000 1.000000 0.000000 0.000000 -0.000406 0.000000 1.000000 0.134739
1099 1.000000 0.000000 0.000423 -0.249931 0.000000 1.000000 0.000000 0.000000 -0.000423 0.000000 1.000000 0.134739
1100 1.000000 0.000000 0.000439 -0.249931 0.000000 1.000000 0.000000 0.000000 -0.000439 0.000000 1.000000 0.134739
1101 1.000000 0.000000 0.000455 -0.249931 0.000000 1.000000 0.000000 0.000000 -0.000455 0.000000 1.000000 0.134739
1102 1.000000 0.000000 0.000472 -0.249931 0.000000 1.000000 0.000000 0.000000 -0.000472 0.000000 1.000000 0.134739
1103 1.000000 0.000000 0.000488 -0.249931 0.000000 1.000000 0.000000 0.000000 -0.000488 0.000000 1.000000 0.134739
1104 1.000000 0.000000 0.000505 -0.249931 0.000000 1.000000 0.000000 0.000000 -0.000505 0.000000 1.000000 0.134739
1105 1.000000 0.000000 0.000521 -0.249931 0.000000 1.000000 0.000000 0.000000 -0.000521 0.000000 1.000000 0.134739
1106 1.000000 0.000000 0.000538 -0.249931 0.000000 1.000000 0.000000 0.000000 -0.000538 0.000000 1.000000 0.134739
1107 1.000000 0.000000 0.000554 -0.249931 0.000000 1.000000 0.000000 0.000000 -0.000554 0.000000 1.000000 0.134739
1108 1.000000 0.000000 0.000570 -0.249931 0.000000 1.000000 0.000000 0.000000 -0.000570 0.000000 1.000000 0.134739
1109 1.000000 0.000000 0.000587 -0.249931 0.000000 1.000000 0.000000 0.000000 -0.000587 0.000000 1.000000 0.134739
1110 1.000000 0.000000 0.000589 -0.249931 0.000000 1.000000 0.000000 0.000000 -0.000589 0.000000 1.000000 0.134739
1111 1.000000 0.000000 0.000573 -0.249931 0.000000 1.000000 0.000000 0.000000 -0.000573 0.000000 1.000000 0.134739
1112 1.000000 0.000000 0.000556 -0.249931 0.000000 1.000000 0.000000 0.000000 -0.000556 0.000000 1.000000 0.134739
1113 1.000000 0.000000 0.000539 -0.249931 0.000000 1.000000 0.000000 0.000000 -0.000539 0.000000 1.000000 0.134739
1114 1.000000 0.000000 0.000523 -0.249931 0.000000 1.000000 0.000000 0.000000 -0.000523 0.000000 1.000000 0.134739
1115 1.000000 0.000000 0.000506 -0.249931 0.000000 1.000000 0.000000 0.000000 -0.000506 0.000000 1.000000 0.134739
1116 1.000000 0.000000 0.000489 -0.249931 0.000000 1.000000 0.000000 0.000000 -0.000489 0.000000 1.000000 0.134739
1117 1.000000 0.000000 0.000473 -0.249931 0.000000 1.000000 0.000000 0.000000 -0.000473 0.000000 1.000000 0.134739
1118 1.000000 0.000000 0.000456 -0.249931 0.000000 1.000000 0.000000 0.000000 -0.000456 0.000000 1.000000 0.134739
1119 1.000000 0.000000 0.000440 -0.249931 0.000000 1.000000 0.000000 0.000000 -0.000440 0.000000 1.000000 0.134739
1120 1.000000 0.000000 0.000423 -0.249931 0.000000 1.000000 0.000000 0.000000 -0.000423 0.000000 1.000000 0.134739
1121 1.000000 0.000000 0.000406 -0.249931 0.000000 1.000000 0.000000 0.000000 -0.000406 0.000000 1.000000 0.134739
1122 1.000000 0.000000 0.000403 -0.249931 0.000000 1.000000 0.000000 0.000000 -0.000403 0.000000 1.000000 0.134739
1123 1.000000 0.000000 0.000420 -0.249931 0.000000 1.000000 0.000000 0.000000 -0.000420 0.000000 1.000000 0.134739
1124 1.000000 0.000000 0.000437 -0.249931 0.000000 1.000000 0.000000 0.000000 -0.000437 0.000000 1.000000 0.134739
1125 1.000000 0.000000 0.000453 -0.249931 0.000000 1.000000 0.000000 0.000000 -0.000453 0.000000 1.000000 0.134739
1126 1.000000 0.000000 0.000470 -0.249931 0.000000 1.000000 0.000000 0.000000 -0.000470 0.000000 1.000000 0.134739
1127 1.000000 0.000000 0.000487 -0.249931 0.000000 1.000000 0.000000 0.000000 -0.000487 0.000000 1.000000 0.134739
1128 1.000000 0.000000 0.000504 -0.249931 0.000000 1.000000 0.000000 0.000000 -0.000504 0.000000 1.000000 0.134739
1129 1.000000 0.000000 0.000521 -0.249931 0.000000 1.000000 0.000000 0.000000 -0.000521 0.000000 1.000000 0.134739
1130 1.000000 0.000000 0.000537 -0.249931 0.000000 1.000000 0.000000 0.000000 -0.000537 0.000000 1.000000 0.134739
1131 1.000000 0.000000 0.000554 -0.249931 0.000000 1.000000 0.000000 0.000000 -0.000554 0.000000 1.000000 0.134739
1132 1.000000 0.000000 0.000571 -0.249931 0.000000 1.000000 0.000000 0.000000 -0.000571 0.000000 1.000000 0.134739
1133 1.000000 0.000000 0.000588 -0.249931 0.000000 1.000000 0.000000 0.000000 -0.000588 0.000000 1.000000 0.134739
1134 1.000000 0.000000 0.000596 -0.249931 0.000000 1.000000 0.000000 0.000000 -0.000596 0.000000 1.000000 0.134739
1135 1.000000 0.000000 0.000596 -0.249931 0.000000 1.000000 0.000000 0.000000 -0.000596 0.000000 1.000000 0.134739
1136 1.000000 0.000000 0.000596 -0.249931 0.000000 1.000000 0.000000 0.000000 -0.000596 0.000000 1.000000 0.134739
1137 1.000000 0.000000 0.000596 -0.249931 0.000000 1.000000 0.000000 0.000000 -0.000596 0.000000 1.000000 0.134739
1138 1.000000 0.000000 0.000596 -0.249931 0.000000 1.000000 0.000000 0.000000 -0.000596 0.000000 1.000000 0.134739
1139 1.000000 0.000000 0.000596 -0.249931 0.000000 1.000000 0.000000 0.000000 -0.000596 0.000000 1.000000 0.134739
1140 1.000000 0.000000 0.000596 -0.249931 0.000000 1.000000 0.000000 0.000000 -0.000596 0.000000 1.000000 0.134739
1141 1.000000 0.000000 0.000596 -0.249931 0.000000 1.000000 0.000000 0.000000 -0.000596 0.000000 1.000000 0.134739
1142 1.000000 0.000000 0.000596 -0.249931 0.000000 1.000000 0.000000 0.000000 -0.000596 0.000000 1.000000 0.134739
1143 1.000000 0.000000 0.000596 -0.249931 0.000000 1.000000 0.000000 0.000000 -0.000596 0.000000 1.000000 0.134739
1144 1.000000 0.000000 0.000596 -0.249931 0.000000 1.000000 0.000000 0.000000 -0.000596 0.000000 1.000000 0.134739
1145 1.000000 0.000000 0.000596 -0.249931 0.000000 1.000000 0.000000 0.000000 -0.000596 0.000000 1.000000 0.134739
1146 1.000000 0.000000 0.000596 -0.249931 0.000000 1.000000 0.000000 0.000000 -0.000596 0.000000 1.000000 0.134739
1147 1.000000 0.000000 0.000596 -0.249931 0.000000 1.000000 0.000000 0.000000 -0.000596 0.000000 1.000000 0.134739
1148 1.000000 0.000000 0.000596 -0.249931 0.000000 1.000000 0.000000 0.000000 -0.000596 0.000000 1.000000 0.134739
1149 1.000000 0.000000 0.000596 -0.249931 0.000000 1.000000 0.000000 0.000000 -0.000596 0.000000 1.000000 0.134739
1150 1.000000 0.000000 0.000596 -0.249931 0.000000 1.000000 0.000000 0.000000 -0.000596 0.000000 1.000000 0.134739
1151 1.000000 0.000000 0.000596 -0.249931 0.000000 1.000000 0.000000 0.000000 -0.000596 0.000000 1.000000 0.134739
1152 1.000000 0.000000 0.000596 -0.249931 0.000000 1.000000 0.000000 0.000000 -0.000596 0.000000 1.000000 0.134739
1153 1.000000 0.000000 0.000596 -0.249931 0.000000 1.000000 0.000000 0.000000 -0.000596 0.000000 1.000000 0.134739
1154 1.000000 0.000000 0.000596 -0.249931 0.000000 1.000000 0.000000 0.000000 -0.000596 0.000000 1.000000 0.134739
1155 1.000000 0.000000 0.000596 -0.249931 0.000000 1.000000 0.000000 0.000000 -0.000596 0.000000 1.000000 0.134739
1156 1.000000 0.000000 0.000596 -0.249931 0.000000 1.000000 0.000000 0.000000 -0.000596 0.000000 1.000000 0.134739
1157 1.000000 0.000000 0.000596 -0.249931 0.000000 1.000000 0.000000 0.000000 -0.000596 0.000000 1.000000 0.134739
1158 1.000000 0.000000 0.000596 -0.249931 0.000000 1.000000 0.000000 0.000000 -0.000596 0.000000 1.000000 0.134739
1159 1.000000 0.000000 0.000596 -0.249931 0.000000 1.000000 0.000000 0.000000 -0.000596 0.000000 1.000000 0.134739
1160 1.000000 0.000000 0.000596 -0.249931 0.000000 1.000000 0.000000 0.000000 -0.000596 0.000000 1.000000 0.134739
1161 1.000000 0.000000 0.000596 -0.249931 0.000000 1.000000 0.000000 0.000000 -0.000596 0.000000 1.000000 0.134739
1162 1.000000 0.000000 0.000596 -0.249931 0.000000 1.000000 0.000000 0.000000 -0.000596 0.000000 1.000000 0.134739
1163 1.000000 0.000000 0.000596 -0.249931 0.000000 1.000000 0.000000 0.000000 -0.000596 0.000000 1.000000 0.134739
1164 1.000000 0.000000 0.000596 -0.249931 0.000000 1.000000 0.000000 0.000000 -0.000596 0.000000 1.000000 0.134739
1165 1.000000 0.000000 0.000596 -0.249931 0.000000 1.000000 0.000000 0.000000 -0.000596 0.000000 1.000000 0.134739
1166 1.000000 0.000000 0.000596 -0.249931 0.000000 1.000000 0.000000 0.000000 -0.000596 0.000000 1.000000 0.134739
1167 1.000000 0.000000 0.000596 -0.249931 0.000000 1.000000 0.000000 0.000000 -0.000596 0.000000 1.000000 0.134739
1168 1.000000 0.000000 0.000596 -0.249931 0.000000 1.000000 0.000000 0.000000 -0.000596 0.000000 1.000000 0.134739
1169 1.000000 0.000000 0.000596 -0.249931 0.000000 1.000000 0.000000 0.000000 -0.000596 0.000000 1.000000 0.134739
1170 1.000000 0.000000 0.000727 -0.249931 0.000000 1.000000 0.000000 0.000000 -0.000727 0.000000 1.000000 0.134919
1171 0.999999 0.000000 0.001146 -0.249931 0.000000 1.000000 0.000000 0.000000 -0.001146 0.000000 0.999999 0.135493
1172 0.999999 0.000000 0.001565 -0.249931 0.000000 1.000000 0.000000 0.000000 -0.001565 0.000000 0.999999 0.136068
1173 0.999998 0.000000 0.001983 -0.249931 0.000000 1.000000 0.000000 0.000000 -0.001983 0.000000 0.999998 0.136643
1174 0.999997 0.000000 0.002402 -0.249931 0.000000 1.000000 0.000000 0.000000 -0.002402 0.000000 0.999997 0.137217
1175 0.999996 0.000000 0.002821 -0.249931 0.000000 1.000000 0.000000 0.000000 -0.002821 0.000000 0.999996 0.137792
1176 0.999995 0.000000 0.003239 -0.249930 0.000000 1.000000 0.000000 0.000000 -0.003239 0.000000 0.999995 0.138367
1177 0.999993 0.000000 0.003658 -0.249930 0.000000 1.000000 0.000000 0.000000 -0.003658 0.000000 0.999993 0.138941
1178 0.999992 0.000000 0.004077 -0.249930 0.000000 1.000000 0.000000 0.000000 -0.004077 0.000000 0.999992 0.139516
1179 0.999990 0.000000 0.004496 -0.249930 0.000000 1.000000 0.000000 0.000000 -0.004496 0.000000 0.999990 0.140090
1180 0.999988 0.000000 0.004914 -0.249930 0.000000 1.000000 0.000000 0.000000 -0.004914 0.000000 0.999988 0.140665
1181 0.999986 0.000000 0.005333 -0.249930 0.000000 1.000000 0.000000 0.000000 -0.005333 0.000000 0.999986 0.141240
1182 0.999983 0.000000 0.005900 -0.249922 0.000000 1.000000 0.000000 0.000000 -0.005900 0.000000 0.999983 0.141970
1183 0.999972 0.000000 0.007445 -0.249864 0.000000 1.000000 0.000000 0.000000 -0.007445 0.000000 0.999972 0.143722
1184 0.999960 0.000000 0.008989 -0.249806 0.000000 1.000000 0.000000 0.000000 -0.008989 0.000000 0.999960 0.145474
1185 0.999945 0.000000 0.010534 -0.249748 0.000000 1.000000 0.000000 0.000000 -0.010534 0.000000 0.999945 0.147226
1186 0.999927 0.000000 0.012078 -0.249689 0.000000 1.000000 0.000000 0.000000 -0.012078 0.000000 0.999927 0.148978
1187 0.999907 0.000000 0.013622 -0.249631 0.000000 1.000000 0.000000 0.000000 -0.013622 0.000000 0.999907 0.150730
1188 0.999885 0.000000 0.015167 -0.249573 0.000000 1.000000 0.000000 0.000000 -0.015167 0.000000 0.999885 0.152482
1189 0.999860 0.000000 0.016711 -0.249514 0.000000 1.000000 0.000000 0.000000 -0.016711 0.000000 0.999860 0.154234
1190 0.999833 0.000000 0.018255 -0.249456 0.000000 1.000000 0.000000 0.000000 -0.018255 0.000000 0.999833 0.155987
1191 0.999804 0.000000 0.019799 -0.249398 0.000000 1.000000 0.000000 0.000000 -0.019799 0.000000 0.999804 0.157739
1192 0.999772 0.000000 0.021344 -0.249339 0.000000 1.000000 0.000000 0.000000 -0.021344 0.000000 0.999772 0.159491
1193 0.999738 0.000000 0.022888 -0.249281 0.000000 1.000000 0.000000 0.000000 -0.022888 0.000000 0.999738 0.161243
1194 0.999707 0.000000 0.024204 -0.249223 0.000000 1.000000 0.000000 0.000000 -0.024204 0.000000 0.999707 0.163091
1195 0.999731 0.000000 0.023200 -0.249164 0.000000 1.000000 0.000000 0.000000 -0.023200 0.000000 0.999731 0.165921
1196 0.999754 0.000000 0.022196 -0.249105 0.000000 1.000000 0.000000 0.000000 -0.022196 0.000000 0.999754 0.168750
1197 0.999775 0.000000 0.021191 -0.249046 0.000000 1.000000 0.000000 0.000000 -0.021191 0.000000 0.999775 0.171580
1198 0.999796 0.000000 0.020187 -0.248987 0.000000 1.000000 0.000000 0.000000 -0.020187 0.000000 0.999796 0.174409
1199 0.999816 0.000000 0.019183 -0.248928 0.000000 1.000000 0.000000 0.000000 -0.019183 0.000000 0.999816 0.177239
1200 0.999835 0.000000 0.018178 -0.248869 0.000000 1.000000 0.000000 0.000000 -0.018178 0.000000 0.999835 0.180069
1201 0.999853 0.000000 0.017174 -0.248811 0.000000 1.000000 0.000000 0.000000 -0.017174 0.000000 0.999853 0.182898
1202 0.999869 0.000000 0.016169 -0.248752 0.000000 1.000000 0.000000 0.000000 -0.016169 0.000000 0.999869 0.185728
1203 0.999885 0.000000 0.015165 -0.248693 0.000000 1.000000 0.000000 0.000000 -0.015165 0.000000 0.999885 0.188557
1204 0.999900 0.000000 0.014160 -0.248634 0.000000 1.000000 0.000000 0.000000 -0.014160 0.000000 0.999900 0.191387
1205 0.999913 0.000000 0.013156 -0.248575 0.000000 1.000000 0.000000 0.000000 -0.013156 0.000000 0.999913 0.194217
1206 0.999926 0.000000 0.012146 -0.248522 0.000000 1.000000 0.000000 0.000000 -0.012146 0.000000 0.999926 0.197134
1207 0.999938 0.000000 0.011103 -0.248505 0.000000 1.000000 0.000000 0.000000 -0.011103 0.000000 0.999938 0.200569
1208 0.999949 0.000000 0.010060 -0.248488 0.000000 1.000000 0.000000 0.000000 -0.010060 0.000000 0.999949 0.204005
1209 0.999959 0.000000 0.009017 -0.248471 0.000000 1.000000 0.000000 0.000000 -0.009017 0.000000 0.999959 0.207440
1210 0.999968 0.000000 0.007974 -0.248455 0.000000 1.000000 0.000000 0.000000 -0.007974 0.000000 0.999968 0.210876
1211 0.999976 0.000000 0.006930 -0.248438 0.000000 1.000000 0.000000 0.000000 -0.006930 0.000000 0.999976 0.214312
1212 0.999983 0.000000 0.005887 -0.248421 0.000000 1.000000 0.000000 0.000000 -0.005887 0.000000 0.999983 0.217747
1213 0.999988 0.000000 0.004844 -0.248404 0.000000 1.000000 0.000000 0.000000 -0.004844 0.000000 0.999988 0.221183
1214 0.999993 0.000000 0.003801 -0.248387 0.000000 1.000000 0.000000 0.000000 -0.003801 0.000000 0.999993 0.224618
1215 0.999996 0.000000 0.002758 -0.248370 0.000000 1.000000 0.000000 0.000000 -0.002758 0.000000 0.999996 0.228054
1216 0.999999 0.000000 0.001715 -0.248353 0.000000 1.000000 0.000000 0.000000 -0.001715 0.000000 0.999999 0.231490
1217 1.000000 0.000000 0.000672 -0.248336 0.000000 1.000000 0.000000 0.000000 -0.000672 0.000000 1.000000 0.234925
1218 1.000000 0.000000 -0.000317 -0.248321 0.000000 1.000000 0.000000 0.000000 0.000317 0.000000 1.000000 0.238389
1219 1.000000 0.000000 -0.000531 -0.248329 0.000000 1.000000 0.000000 0.000000 0.000531 0.000000 1.000000 0.242270
1220 1.000000 0.000000 -0.000744 -0.248337 0.000000 1.000000 0.000000 0.000000 0.000744 0.000000 1.000000 0.246150
1221 1.000000 0.000000 -0.000957 -0.248344 0.000000 1.000000 0.000000 0.000000 0.000957 0.000000 1.000000 0.250031
1222 0.999999 0.000000 -0.001171 -0.248352 0.000000 1.000000 0.000000 0.000000 0.001171 0.000000 0.999999 0.253911
1223 0.999999 0.000000 -0.001384 -0.248360 0.000000 1.000000 0.000000 0.000000 0.001384 0.000000 0.999999 0.257792
1224 0.999999 0.000000 -0.001597 -0.248368 0.000000 1.000000 0.000000 0.000000 0.001597 0.000000 0.999999 0.261672
1225 0.999998 0.000000 -0.001811 -0.248376 0.000000 1.000000 0.000000 0.000000 0.001811 0.000000 0.999998 0.265553
1226 0.999998 0.000000 -0.002024 -0.248384 0.000000 1.000000 0.000000 0.000000 0.002024 0.000000 0.999998 0.269433
1227 0.999997 0.000000 -0.002237 -0.248391 0.000000 1.000000 0.000000 0.000000 0.002237 0.000000 0.999997 0.273314
1228 0.999997 0.000000 -0.002450 -0.248399 0.000000 1.000000 0.000000 0.000000 0.002450 0.000000 0.999997 0.277194
1229 0.999996 0.000000 -0.002664 -0.248407 0.000000 1.000000 0.000000 0.000000 0.002664 0.000000 0.999996 0.281075
1230 0.999996 0.000000 -0.002877 -0.248415 0.000000 1.000000 0.000000 0.000000 0.002877 0.000000 0.999996 0.284955
1231 0.999996 0.000000 -0.002940 -0.248437 0.000000 1.000000 0.000000 0.000000 0.002940 0.000000 0.999996 0.289687
1232 0.999996 0.000000 -0.002982 -0.248462 0.000000 1.000000 0.000000 0.000000 0.002982 0.000000 0.999996 0.294539
1233 0.999995 0.000000 -0.003024 -0.248487 0.000000 1.000000 0.000000 0.000000 0.003024 0.000000 0.999995 0.299391
1234 0.999995 0.000000 -0.003066 -0.248511 0.000000 1.000000 0.000000 0.000000 0.003066 0.000000 0.999995 0.304244
1235 0.999995 0.000000 -0.003108 -0.248536 0.000000 1.000000 0.000000 0.000000 0.003108 0.000000 0.999995 0.309096
1236 0.999995 0.000000 -0.003150 -0.248561 0.000000 1.000000 0.000000 0.000000 0.003150 0.000000 0.999995 0.313949
1237 0.999995 0.000000 -0.003192 -0.248585 0.000000 1.000000 0.000000 0.000000 0.003192 0.000000 0.999995 0.318801
1238 0.999995 0.000000 -0.003234 -0.248610 0.000000 1.000000 0.000000 0.000000 0.003234 0.000000 0.999995 0.323653
1239 0.999995 0.000000 -0.003276 -0.248635 0.000000 1.000000 0.000000 0.000000 0.003276 0.000000 0.999995 0.328506
1240 0.999994 0.000000 -0.003317 -0.248659 0.000000 1.000000 0.000000 0.000000 0.003317 0.000000 0.999994 0.333358
1241 0.999994 0.000000 -0.003359 -0.248684 0.000000 1.000000 0.000000 0.000000 0.003359 0.000000 0.999994 0.338211
1242 0.999994 0.000000 -0.003401 -0.248709 0.000000 1.000000 0.000000 0.000000 0.003401 0.000000 0.999994 0.343063
1243 0.999995 0.000000 -0.003184 -0.248717 0.000000 1.000000 0.000000 0.000000 0.003184 0.000000 0.999995 0.348696
1244 0.999996 0.000000 -0.002952 -0.248725 0.000000 1.000000 0.000000 0.000000 0.002952 0.000000 0.999996 0.354377
1245 0.999996 0.000000 -0.002719 -0.248733 0.000000 1.000000 0.000000 0.000000 0.002719 0.000000 0.999996 0.360057
1246 0.999997 0.000000 -0.002487 -0.248740 0.000000 1.000000 0.000000 0.000000 0.002487 0.000000 0.999997 0.365738
1247 0.999997 0.000000 -0.002254 -0.248748 0.000000 1.000000 0.000000 0.000000 0.002254 0.000000 0.999997 0.371418
1248 0.999998 0.000000 -0.002022 -0.248756 0.000000 1.000000 0.000000 0.000000 0.002022 0.000000 0.999998 0.377099
1249 0.999998 0.000000 -0.001789 -0.248764 0.000000 1.000000 0.000000 0.000000 0.001789 0.000000 0.999998 0.382779
1250 0.999999 0.000000 -0.001557 -0.248771 0.000000 1.000000 0.000000 0.000000 0.001557 0.000000 0.999999 0.388460
1251 0.999999 0.000000 -0.001324 -0.248779 0.000000 1.000000 0.000000 0.000000 0.001324 0.000000 0.999999 0.394140
1252 0.999999 0.000000 -0.001092 -0.248787 0.000000 1.000000 0.000000 0.000000 0.001092 0.000000 0.999999 0.399820
1253 1.000000 0.000000 -0.000859 -0.248795 0.000000 1.000000 0.000000 0.000000 0.000859 0.000000 1.000000 0.405501
1254 1.000000 0.000000 -0.000626 -0.248802 0.000000 1.000000 0.000000 0.000000 0.000626 0.000000 1.000000 0.411181
1255 1.000000 0.000000 -0.000686 -0.248810 0.000000 1.000000 0.000000 0.000000 0.000686 0.000000 1.000000 0.417632
1256 1.000000 0.000000 -0.000777 -0.248818 0.000000 1.000000 0.000000 0.000000 0.000777 0.000000 1.000000 0.424167
1257 1.000000 0.000000 -0.000869 -0.248825 0.000000 1.000000 0.000000 0.000000 0.000869 0.000000 1.000000 0.430701
1258 1.000000 0.000000 -0.000960 -0.248833 0.000000 1.000000 0.000000 0.000000 0.000960 0.000000 1.000000 0.437236
1259 0.999999 0.000000 -0.001051 -0.248841 0.000000 1.000000 0.000000 0.000000 0.001051 0.000000 0.999999 0.443770
1260 0.999999 0.000000 -0.001143 -0.248848 0.000000 1.000000 0.000000 0.000000 0.001143 0.000000 0.999999 0.450305
1261 0.999999 0.000000 -0.001234 -0.248856 0.000000 1.000000 0.000000 0.000000 0.001234 0.000000 0.999999 0.456839
1262 0.999999 0.000000 -0.001325 -0.248864 0.000000 1.000000 0.000000 0.000000 0.001325 0.000000 0.999999 0.463374
1263 0.999999 0.000000 -0.001417 -0.248871 0.000000 1.000000 0.000000 0.000000 0.001417 0.000000 0.999999 0.469908
1264 0.999999 0.000000 -0.001508 -0.248879 0.000000 1.000000 0.000000 0.000000 0.001508 0.000000 0.999999 0.476443
1265 0.999999 0.000000 -0.001599 -0.248887 0.000000 1.000000 0.000000 0.000000 0.001599 0.000000 0.999999 0.482978
1266 0.999999 0.000000 -0.001691 -0.248894 0.000000 1.000000 0.000000 0.000000 0.001691 0.000000 0.999999 0.489512
1267 0.999998 0.000000 -0.001768 -0.248909 0.000000 1.000000 0.000000 0.000000 0.001768 0.000000 0.999998 0.496632
1268 0.999998 0.000000 -0.001842 -0.248925 0.000000 1.000000 0.000000 0.000000 0.001842 0.000000 0.999998 0.503849
1269 0.999998 0.000000 -0.001916 -0.248940 0.000000 1.000000 0.000000 0.000000 0.001916 0.000000 0.999998 0.511067
1270 0.999998 0.000000 -0.001991 -0.248956 0.000000 1.000000 0.000000 0.000000 0.001991 0.000000 0.999998 0.518284
1271 0.999998 0.000000 -0.002065 -0.248972 0.000000 1.000000 0.000000 0.000000 0.002065 0.000000 0.999998 0.525501
1272 0.999998 0.000000 -0.002140 -0.248988 0.000000 1.000000 0.000000 0.000000 0.002140 0.000000 0.999998 0.532718
1273 0.999998 0.000000 -0.002214 -0.249004 0.000000 1.000000 0.000000 0.000000 0.002214 0.000000 0.999998 0.539935
1274 0.999997 0.000000 -0.002288 -0.249020 0.000000 1.000000 0.000000 0.000000 0.002288 0.000000 0.999997 0.547152
1275 0.999997 0.000000 -0.002363 -0.249035 0.000000 1.000000 0.000000 0.000000 0.002363 0.000000 0.999997 0.554369
1276 0.999997 0.000000 -0.002437 -0.249051 0.000000 1.000000 0.000000 0.000000 0.002437 0.000000 0.999997 0.561586
1277 0.999997 0.000000 -0.002512 -0.249067 0.000000 1.000000 0.000000 0.000000 0.002512 0.000000 0.999997 0.568803
1278 0.999997 0.000000 -0.002586 -0.249083 0.000000 1.000000 0.000000 0.000000 0.002586 0.000000 0.999997 0.576020
1279 0.999997 0.000000 -0.002459 -0.249092 0.000000 1.000000 0.000000 0.000000 0.002459 0.000000 0.999997 0.583601
1280 0.999997 0.000000 -0.002269 -0.249100 0.000000 1.000000 0.000000 0.000000 0.002269 0.000000 0.999997 0.591295
1281 0.999998 0.000000 -0.002079 -0.249107 0.000000 1.000000 0.000000 0.000000 0.002079 0.000000 0.999998 0.598989
1282 0.999998 0.000000 -0.001889 -0.249115 0.000000 1.000000 0.000000 0.000000 0.001889 0.000000 0.999998 0.606683
1283 0.999999 0.000000 -0.001699 -0.249122 0.000000 1.000000 0.000000 0.000000 0.001699 0.000000 0.999999 0.614377
1284 0.999999 0.000000 -0.001508 -0.249130 0.000000 1.000000 0.000000 0.000000 0.001508 0.000000 0.999999 0.622071
1285 0.999999 0.000000 -0.001318 -0.249137 0.000000 1.000000 0.000000 0.000000 0.001318 0.000000 0.999999 0.629765
1286 0.999999 0.000000 -0.001128 -0.249145 0.000000 1.000000 0.000000 0.000000 0.001128 0.000000 0.999999 0.637459
1287 1.000000 0.000000 -0.000938 -0.249152 0.000000 1.000000 0.000000 0.000000 0.000938 0.000000 1.000000 0.645153
1288 1.000000 0.000000 -0.000748 -0.249160 0.000000 1.000000 0.000000 0.000000 0.000748 0.000000 1.000000 0.652848
1289 1.000000 0.000000 -0.000558 -0.249167 0.000000 1.000000 0.000000 0.000000 0.000558 0.000000 1.000000 0.660542
1290 1.000000 0.000000 -0.000368 -0.249175 0.000000 1.000000 0.000000 0.000000 0.000368 0.000000 1.000000 0.668236
1291 1.000000 0.000000 -0.000469 -0.249182 0.000000 1.000000 0.000000 0.000000 0.000469 0.000000 1.000000 0.676195
1292 1.000000 0.000000 -0.000719 -0.249190 0.000000 1.000000 0.000000 0.000000 0.000719 0.000000 1.000000 0.684289
1293 1.000000 0.000000 -0.000969 -0.249197 0.000000 1.000000 0.000000 0.000000 0.000969 0.000000 1.000000 0.692384
1294 0.999999 0.000000 -0.001218 -0.249205 0.000000 1.000000 0.000000 0.000000 0.001218 0.000000 0.999999 0.700478
1295 0.999999 0.000000 -0.001468 -0.249212 0.000000 1.000000 0.000000 0.000000 0.001468 0.000000 0.999999 0.708573
1296 0.999999 0.000000 -0.001718 -0.249220 0.000000 1.000000 0.000000 0.000000 0.001718 0.000000 0.999999 0.716667
1297 0.999998 0.000000 -0.001968 -0.249227 0.000000 1.000000 0.000000 0.000000 0.001968 0.000000 0.999998 0.724762
1298 0.999998 0.000000 -0.002218 -0.249235 0.000000 1.000000 0.000000 0.000000 0.002218 0.000000 0.999998 0.732856
1299 0.999997 0.000000 -0.002468 -0.249242 0.000000 1.000000 0.000000 0.000000 0.002468 0.000000 0.999997 0.740951
1300 0.999996 0.000000 -0.002717 -0.249250 0.000000 1.000000 0.000000 0.000000 0.002717 0.000000 0.999996 0.749045
1301 0.999996 0.000000 -0.002967 -0.249257 0.000000 1.000000 0.000000 0.000000 0.002967 0.000000 0.999996 0.757140
1302 0.999995 0.000000 -0.003217 -0.249265 0.000000 1.000000 0.000000 0.000000 0.003217 0.000000 0.999995 0.765234
1303 0.999995 0.000000 -0.003293 -0.249294 0.000000 1.000000 0.000000 0.000000 0.003293 0.000000 0.999995 0.773530
1304 0.999995 0.000000 -0.003276 -0.249335 0.000000 1.000000 0.000000 0.000000 0.003276 0.000000 0.999995 0.781932
1305 0.999995 0.000000 -0.003260 -0.249375 0.000000 1.000000 0.000000 0.000000 0.003260 0.000000 0.999995 0.790335
1306 0.999995 0.000000 -0.003243 -0.249416 0.000000 1.000000 0.000000 0.000000 0.003243 0.000000 0.999995 0.798737
1307 0.999995 0.000000 -0.003227 -0.249456 0.000000 1.000000 0.000000 0.000000 0.003227 0.000000 0.999995 0.807139
1308 0.999995 0.000000 -0.003210 -0.249497 0.000000 1.000000 0.000000 0.000000 0.003210 0.000000 0.999995 0.815542
1309 0.999995 0.000000 -0.003193 -0.249538 0.000000 1.000000 0.000000 0.000000 0.003193 0.000000 0.999995 0.823944
1310 0.999995 0.000000 -0.003177 -0.249578 0.000000 1.000000 0.000000 0.000000 0.003177 0.000000 0.999995 0.832346
1311 0.999995 0.000000 -0.003160 -0.249619 0.000000 1.000000 0.000000 0.000000 0.003160 0.000000 0.999995 0.840748
1312 0.999995 0.000000 -0.003144 -0.249659 0.000000 1.000000 0.000000 0.000000 0.003144 0.000000 0.999995 0.849151
1313 0.999995 0.000000 -0.003127 -0.249700 0.000000 1.000000 0.000000 0.000000 0.003127 0.000000 0.999995 0.857553
1314 0.999995 0.000000 -0.003111 -0.249741 0.000000 1.000000 0.000000 0.000000 0.003111 0.000000 0.999995 0.865956
1315 0.999995 0.000000 -0.003036 -0.249767 0.000000 1.000000 0.000000 0.000000 0.003036 0.000000 0.999995 0.874333
1316 0.999996 0.000000 -0.002920 -0.249782 0.000000 1.000000 0.000000 0.000000 0.002920 0.000000 0.999996 0.882694
1317 0.999996 0.000000 -0.002805 -0.249798 0.000000 1.000000 0.000000 0.000000 0.002805 0.000000 0.999996 0.891054
1318 0.999996 0.000000 -0.002689 -0.249814 0.000000 1.000000 0.000000 0.000000 0.002689 0.000000 0.999996 0.899415
1319 0.999997 0.000000 -0.002574 -0.249829 0.000000 1.000000 0.000000 0.000000 0.002574 0.000000 0.999997 0.907775
1320 0.999997 0.000000 -0.002458 -0.249845 0.000000 1.000000 0.000000 0.000000 0.002458 0.000000 0.999997 0.916136
1321 0.999997 0.000000 -0.002343 -0.249861 0.000000 1.000000 0.000000 0.000000 0.002343 0.000000 0.999997 0.924496
1322 0.999998 0.000000 -0.002227 -0.249876 0.000000 1.000000 0.000000 0.000000 0.002227 0.000000 0.999998 0.932857
1323 0.999998 0.000000 -0.002112 -0.249892 0.000000 1.000000 0.000000 0.000000 0.002112 0.000000 0.999998 0.941217
1324 0.999998 0.000000 -0.001996 -0.249908 0.000000 1.000000 0.000000 0.000000 0.001996 0.000000 0.999998 0.949578
1325 0.999998 0.000000 -0.001881 -0.249923 0.000000 1.000000 0.000000 0.000000 0.001881 0.000000 0.999998 0.957938
1326 0.999998 0.000000 -0.001765 -0.249939 0.000000 1.000000 0.000000 0.000000 0.001765 0.000000 0.999998 0.966299
1327 0.999999 0.000000 -0.001680 -0.249955 0.000000 1.000000 0.000000 0.000000 0.001680 0.000000 0.999999 0.974725
1328 0.999999 0.000000 -0.001630 -0.249970 0.000000 1.000000 0.000000 0.000000 0.001630 0.000000 0.999999 0.983225
1329 0.999999 0.000000 -0.001580 -0.249986 0.000000 1.000000 0.000000 0.000000 0.001580 0.000000 0.999999 0.991726
1330 0.999999 0.000000 -0.001530 -0.250002 0.000000 1.000000 0.000000 0.000000 0.001530 0.000000 0.999999 1.000226
1331 0.999999 0.000000 -0.001480 -0.250018 0.000000 1.000000 0.000000 0.000000 0.001480 0.000000 0.999999 1.008727
1332 0.999999 0.000000 -0.001430 -0.250034 0.000000 1.000000 0.000000 0.000000 0.001430 0.000000 0.999999 1.017227
1333 0.999999 0.000000 -0.001380 -0.250050 0.000000 1.000000 0.000000 0.000000 0.001380 0.000000 0.999999 1.025728
1334 0.999999 0.000000 -0.001330 -0.250065 0.000000 1.000000 0.000000 0.000000 0.001330 0.000000 0.999999 1.034228
1335 0.999999 0.000000 -0.001280 -0.250081 0.000000 1.000000 0.000000 0.000000 0.001280 0.000000 0.999999 1.042728
1336 0.999999 0.000000 -0.001230 -0.250097 0.000000 1.000000 0.000000 0.000000 0.001230 0.000000 0.999999 1.051229
1337 0.999999 0.000000 -0.001180 -0.250113 0.000000 1.000000 0.000000 0.000000 0.001180 0.000000 0.999999 1.059729
1338 0.999999 0.000000 -0.001130 -0.250129 0.000000 1.000000 0.000000 0.000000 0.001130 0.000000 0.999999 1.068230
1339 0.999999 0.000000 -0.001160 -0.250141 0.000000 1.000000 0.000000 0.000000 0.001160 0.000000 0.999999 1.076666
1340 0.999999 0.000000 -0.001276 -0.250148 0.000000 1.000000 0.000000 0.000000 0.001276 0.000000 0.999999 1.085032
1341 0.999999 0.000000 -0.001392 -0.250156 0.000000 1.000000 0.000000 0.000000 0.001392 0.000000 0.999999 1.093399
1342 0.999999 0.000000 -0.001508 -0.250163 0.000000 1.000000 0.000000 0.000000 0.001508 0.000000 0.999999 1.101765
1343 0.999999 0.000000 -0.001624 -0.250170 0.000000 1.000000 0.000000 0.000000 0.001624 0.000000 0.999999 1.110132
1344 0.999998 0.000000 -0.001740 -0.250178 0.000000 1.000000 0.000000 0.000000 0.001740 0.000000 0.999998 1.118499
1345 0.999998 0.000000 -0.001856 -0.250185 0.000000 1.000000 0.000000 0.000000 0.001856 0.000000 0.999998 1.126865
1346 0.999998 0.000000 -0.001972 -0.250193 0.000000 1.000000 0.000000 0.000000 0.001972 0.000000 0.999998 1.135232
1347 0.999998 0.000000 -0.002088 -0.250200 0.000000 1.000000 0.000000 0.000000 0.002088 0.000000 0.999998 1.143598
1348 0.999998 0.000000 -0.002204 -0.250208 0.000000 1.000000 0.000000 0.000000 0.002204 0.000000 0.999998 1.151965
1349 0.999997 0.000000 -0.002320 -0.250215 0.000000 1.000000 0.000000 0.000000 0.002320 0.000000 0.999997 1.160331
1350 0.999997 0.000000 -0.002437 -0.250223 0.000000 1.000000 0.000000 0.000000 0.002437 0.000000 0.999997 1.168698
1351 0.999997 0.000000 -0.002545 -0.250244 0.000000 1.000000 0.000000 0.000000 0.002545 0.000000 0.999997 1.177088
1352 0.999997 0.000000 -0.002644 -0.250284 0.000000 1.000000 0.000000 0.000000 0.002644 0.000000 0.999997 1.185512
1353 0.999996 0.000000 -0.002743 -0.250325 0.000000 1.000000 0.000000 0.000000 0.002743 0.000000 0.999996 1.193935
1354 0.999996 0.000000 -0.002842 -0.250365 0.000000 1.000000 0.000000 0.000000 0.002842 0.000000 0.999996 1.202359
1355 0.999996 0.000000 -0.002941 -0.250405 0.000000 1.000000 0.000000 0.000000 0.002941 0.000000 0.999996 1.210783
1356 0.999995 0.000000 -0.003039 -0.250446 0.000000 1.000000 0.000000 0.000000 0.003039 0.000000 0.999995 1.219206
1357 0.999995 0.000000 -0.003138 -0.250486 0.000000 1.000000 0.000000 0.000000 0.003138 0.000000 0.999995 1.227630
1358 0.999995 0.000000 -0.003237 -0.250526 0.000000 1.000000 0.000000 0.000000 0.003237 0.000000 0.999995 1.236053
1359 0.999994 0.000000 -0.003336 -0.250567 0.000000 1.000000 0.000000 0.000000 0.003336 0.000000 0.999994 1.244477
1360 0.999994 0.000000 -0.003435 -0.250607 0.000000 1.000000 0.000000 0.000000 0.003435 0.000000 0.999994 1.252900
1361 0.999994 0.000000 -0.003533 -0.250647 0.000000 1.000000 0.000000 0.000000 0.003533 0.000000 0.999994 1.261324
1362 0.999993 0.000000 -0.003632 -0.250688 0.000000 1.000000 0.000000 0.000000 0.003632 0.000000 0.999993 1.269747
1363 0.999993 0.000000 -0.003653 -0.250721 0.000000 1.000000 0.000000 0.000000 0.003653 0.000000 0.999993 1.278188
1364 0.999994 0.000000 -0.003468 -0.250737 0.000000 1.000000 0.000000 0.000000 0.003468 0.000000 0.999994 1.286675
1365 0.999995 0.000000 -0.003284 -0.250753 0.000000 1.000000 0.000000 0.000000 0.003284 0.000000 0.999995 1.295161
1366 0.999995 0.000000 -0.003100 -0.250769 0.000000 1.000000 0.000000 0.000000 0.003100 0.000000 0.999995 1.303648
1367 0.999996 0.000000 -0.002915 -0.250785 0.000000 1.000000 0.000000 0.000000 0.002915 0.000000 0.999996 1.312134
1368 0.999996 0.000000 -0.002731 -0.250801 0.000000 1.000000 0.000000 0.000000 0.002731 0.000000 0.999996 1.320620
1369 0.999997 0.000000 -0.002547 -0.250817 0.000000 1.000000 0.000000 0.000000 0.002547 0.000000 0.999997 1.329107
1370 0.999997 0.000000 -0.002363 -0.250832 0.000000 1.000000 0.000000 0.000000 0.002363 0.000000 0.999997 1.337593
1371 0.999998 0.000000 -0.002178 -0.250848 0.000000 1.000000 0.000000 0.000000 0.002178 0.000000 0.999998 1.346079
1372 0.999998 0.000000 -0.001994 -0.250864 0.000000 1.000000 0.000000 0.000000 0.001994 0.000000 0.999998 1.354566
1373 0.999998 0.000000 -0.001810 -0.250880 0.000000 1.000000 0.000000 0.000000 0.001810 0.000000 0.999998 1.363052
1374 0.999999 0.000000 -0.001625 -0.250896 0.000000 1.000000 0.000000 0.000000 0.001625 0.000000 0.999999 1.371538
1375 0.999999 0.000000 -0.001564 -0.250915 0.000000 1.000000 0.000000 0.000000 0.001564 0.000000 0.999999 1.379914
1376 0.999998 0.000000 -0.001741 -0.250938 0.000000 1.000000 0.000000 0.000000 0.001741 0.000000 0.999998 1.388077
1377 0.999998 0.000000 -0.001918 -0.250961 0.000000 1.000000 0.000000 0.000000 0.001918 0.000000 0.999998 1.396239
1378 0.999998 0.000000 -0.002095 -0.250985 0.000000 1.000000 0.000000 0.000000 0.002095 0.000000 0.999998 1.404401
1379 0.999997 0.000000 -0.002272 -0.251008 0.000000 1.000000 0.000000 0.000000 0.002272 0.000000 0.999997 1.412563
1380 0.999997 0.000000 -0.002449 -0.251031 0.000000 1.000000 0.000000 0.000000 0.002449 0.000000 0.999997 1.420725
1381 0.999997 0.000000 -0.002626 -0.251055 0.000000 1.000000 0.000000 0.000000 0.002626 0.000000 0.999997 1.428887
1382 0.999996 0.000000 -0.002803 -0.251078 0.000000 1.000000 0.000000 0.000000 0.002803 0.000000 0.999996 1.437049
1383 0.999996 0.000000 -0.002981 -0.251101 0.000000 1.000000 0.000000 0.000000 0.002981 0.000000 0.999996 1.445211
1384 0.999995 0.000000 -0.003158 -0.251125 0.000000 1.000000 0.000000 0.000000 0.003158 0.000000 0.999995 1.453373
1385 0.999994 0.000000 -0.003335 -0.251148 0.000000 1.000000 0.000000 0.000000 0.003335 0.000000 0.999994 1.461535
1386 0.999994 0.000000 -0.003512 -0.251171 0.000000 1.000000 0.000000 0.000000 0.003512 0.000000 0.999994 1.469697
1387 0.999993 0.000000 -0.003689 -0.251194 0.000000 1.000000 0.000000 0.000000 0.003689 0.000000 0.999993 1.477860
1388 0.999994 0.000000 -0.003549 -0.251219 0.000000 1.000000 0.000000 0.000000 0.003549 0.000000 0.999994 1.486397
1389 0.999994 0.000000 -0.003379 -0.251243 0.000000 1.000000 0.000000 0.000000 0.003379 0.000000 0.999994 1.494968
1390 0.999995 0.000000 -0.003210 -0.251268 0.000000 1.000000 0.000000 0.000000 0.003210 0.000000 0.999995 1.503539
1391 0.999995 0.000000 -0.003041 -0.251293 0.000000 1.000000 0.000000 0.000000 0.003041 0.000000 0.999995 1.512110
1392 0.999996 0.000000 -0.002872 -0.251317 0.000000 1.000000 0.000000 0.000000 0.002872 0.000000 0.999996 1.520681
1393 0.999996 0.000000 -0.002702 -0.251342 0.000000 1.000000 0.000000 0.000000 0.002702 0.000000 0.999996 1.529252
1394 0.999997 0.000000 -0.002533 -0.251366 0.000000 1.000000 0.000000 0.000000 0.002533 0.000000 0.999997 1.537823
1395 0.999997 0.000000 -0.002364 -0.251391 0.000000 1.000000 0.000000 0.000000 0.002364 0.000000 0.999997 1.546394
1396 0.999998 0.000000 -0.002195 -0.251415 0.000000 1.000000 0.000000 0.000000 0.002195 0.000000 0.999998 1.554966
1397 0.999998 0.000000 -0.002026 -0.251440 0.000000 1.000000 0.000000 0.000000 0.002026 0.000000 0.999998 1.563537
1398 0.999998 0.000000 -0.001856 -0.251464 0.000000 1.000000 0.000000 0.000000 0.001856 0.000000 0.999998 1.572108
1399 0.999999 0.000000 -0.001714 -0.251489 0.000000 1.000000 0.000000 0.000000 0.001714 0.000000 0.999999 1.580667
1400 0.999998 0.000000 -0.001814 -0.251513 0.000000 1.000000 0.000000 0.000000 0.001814 0.000000 0.999998 1.589119
1401 0.999998 0.000000 -0.001915 -0.251537 0.000000 1.000000 0.000000 0.000000 0.001915 0.000000 0.999998 1.597570
1402 0.999998 0.000000 -0.002016 -0.251562 0.000000 1.000000 0.000000 0.000000 0.002016 0.000000 0.999998 1.606022
1403 0.999998 0.000000 -0.002116 -0.251586 0.000000 1.000000 0.000000 0.000000 0.002116 0.000000 0.999998 1.614473
1404 0.999998 0.000000 -0.002217 -0.251610 0.000000 1.000000 0.000000 0.000000 0.002217 0.000000 0.999998 1.622925
1405 0.999997 0.000000 -0.002318 -0.251635 0.000000 1.000000 0.000000 0.000000 0.002318 0.000000 0.999997 1.631376
1406 0.999997 0.000000 -0.002419 -0.251659 0.000000 1.000000 0.000000 0.000000 0.002419 0.000000 0.999997 1.639828
1407 0.999997 0.000000 -0.002519 -0.251683 0.000000 1.000000 0.000000 0.000000 0.002519 0.000000 0.999997 1.648279
1408 0.999997 0.000000 -0.002620 -0.251708 0.000000 1.000000 0.000000 0.000000 0.002620 0.000000 0.999997 1.656731
1409 0.999996 0.000000 -0.002721 -0.251732 0.000000 1.000000 0.000000 0.000000 0.002721 0.000000 0.999996 1.665182
1410 0.999996 0.000000 -0.002821 -0.251756 0.000000 1.000000 0.000000 0.000000 0.002821 0.000000 0.999996 1.673634
1411 0.999996 0.000000 -0.002857 -0.251778 0.000000 1.000000 0.000000 0.000000 0.002857 0.000000 0.999996 1.682057
1412 0.999997 0.000000 -0.002602 -0.251785 0.000000 1.000000 0.000000 0.000000 0.002602 0.000000 0.999997 1.690351
1413 0.999997 0.000000 -0.002347 -0.251792 0.000000 1.000000 0.000000 0.000000 0.002347 0.000000 0.999997 1.698646
1414 0.999998 0.000000 -0.002093 -0.251800 0.000000 1.000000 0.000000 0.000000 0.002093 0.000000 0.999998 1.706940
1415 0.999998 0.000000 -0.001838 -0.251807 0.000000 1.000000 0.000000 0.000000 0.001838 0.000000 0.999998 1.715234
1416 0.999999 0.000000 -0.001583 -0.251815 0.000000 1.000000 0.000000 0.000000 0.001583 0.000000 0.999999 1.723528
1417 0.999999 0.000000 -0.001328 -0.251822 0.000000 1.000000 0.000000 0.000000 0.001328 0.000000 0.999999 1.731823
1418 0.999999 0.000000 -0.001073 -0.251829 0.000000 1.000000 0.000000 0.000000 0.001073 0.000000 0.999999 1.740117
1419 1.000000 0.000000 -0.000818 -0.251837 0.000000 1.000000 0.000000 0.000000 0.000818 0.000000 1.000000 1.748411
1420 1.000000 0.000000 -0.000564 -0.251844 0.000000 1.000000 0.000000 0.000000 0.000564 0.000000 1.000000 1.756706
1421 1.000000 0.000000 -0.000309 -0.251851 0.000000 1.000000 0.000000 0.000000 0.000309 0.000000 1.000000 1.765000
1422 1.000000 0.000000 -0.000054 -0.251859 0.000000 1.000000 0.000000 0.000000 0.000054 0.000000 1.000000 1.773294
1423 1.000000 0.000000 0.000198 -0.251866 0.000000 1.000000 0.000000 0.000000 -0.000198 0.000000 1.000000 1.781587
1424 1.000000 0.000000 0.000304 -0.251857 0.000000 1.000000 0.000000 0.000000 -0.000304 0.000000 1.000000 1.789759
1425 1.000000 0.000000 0.000411 -0.251848 0.000000 1.000000 0.000000 0.000000 -0.000411 0.000000 1.000000 1.797932
1426 1.000000 0.000000 0.000517 -0.251839 0.000000 1.000000 0.000000 0.000000 -0.000517 0.000000 1.000000 1.806105
1427 1.000000 0.000000 0.000623 -0.251830 0.000000 1.000000 0.000000 0.000000 -0.000623 0.000000 1.000000 1.814278
1428 1.000000 0.000000 0.000729 -0.251821 0.000000 1.000000 0.000000 0.000000 -0.000729 0.000000 1.000000 1.822451
1429 1.000000 0.000000 0.000836 -0.251812 0.000000 1.000000 0.000000 0.000000 -0.000836 0.000000 1.000000 1.830624
1430 1.000000 0.000000 0.000942 -0.251803 0.000000 1.000000 0.000000 0.000000 -0.000942 0.000000 1.000000 1.838797
1431 0.999999 0.000000 0.001048 -0.251794 0.000000 1.000000 0.000000 0.000000 -0.001048 0.000000 0.999999 1.846970
1432 0.999999 0.000000 0.001154 -0.251785 0.000000 1.000000 0.000000 0.000000 -0.001154 0.000000 0.999999 1.855143
1433 0.999999 0.000000 0.001261 -0.251776 0.000000 1.000000 0.000000 0.000000 -0.001261 0.000000 0.999999 1.863315
1434 0.999999 0.000000 0.001367 -0.251767 0.000000 1.000000 0.000000 0.000000 -0.001367 0.000000 0.999999 1.871488
1435 0.999999 0.000000 0.001473 -0.251758 0.000000 1.000000 0.000000 0.000000 -0.001473 0.000000 0.999999 1.879661
1436 0.999999 0.000000 0.001562 -0.251742 0.000000 1.000000 0.000000 0.000000 -0.001562 0.000000 0.999999 1.888103
1437 0.999999 0.000000 0.001647 -0.251725 0.000000 1.000000 0.000000 0.000000 -0.001647 0.000000 0.999999 1.896619
1438 0.999999 0.000000 0.001731 -0.251707 0.000000 1.000000 0.000000 0.000000 -0.001731 0.000000 0.999999 1.905135
1439 0.999998 0.000000 0.001816 -0.251689 0.000000 1.000000 0.000000 0.000000 -0.001816 0.000000 0.999998 1.913651
1440 0.999998 0.000000 0.001900 -0.251671 0.000000 1.000000 0.000000 0.000000 -0.001900 0.000000 0.999998 1.922167
1441 0.999998 0.000000 0.001985 -0.251654 0.000000 1.000000 0.000000 0.000000 -0.001985 0.000000 0.999998 1.930683
1442 0.999998 0.000000 0.002069 -0.251636 0.000000 1.000000 0.000000 0.000000 -0.002069 0.000000 0.999998 1.939199
1443 0.999998 0.000000 0.002154 -0.251618 0.000000 1.000000 0.000000 0.000000 -0.002154 0.000000 0.999998 1.947715
1444 0.999997 0.000000 0.002238 -0.251600 0.000000 1.000000 0.000000 0.000000 -0.002238 0.000000 0.999997 1.956231
1445 0.999997 0.000000 0.002323 -0.251583 0.000000 1.000000 0.000000 0.000000 -0.002323 0.000000 0.999997 1.964747
1446 0.999997 0.000000 0.002407 -0.251565 0.000000 1.000000 0.000000 0.000000 -0.002407 0.000000 0.999997 1.973263
1447 0.999997 0.000000 0.002492 -0.251547 0.000000 1.000000 0.000000 0.000000 -0.002492 0.000000 0.999997 1.981780
1448 0.999998 0.000000 0.002110 -0.251545 0.000000 1.000000 0.000000 0.000000 -0.002110 0.000000 0.999998 1.990255
1449 0.999999 0.000000 0.001702 -0.251544 0.000000 1.000000 0.000000 0.000000 -0.001702 0.000000 0.999999 1.998729
1450 0.999999 0.000000 0.001294 -0.251544 0.000000 1.000000 0.000000 0.000000 -0.001294 0.000000 0.999999 2.007203
1451 1.000000 0.000000 0.000885 -0.251543 0.000000 1.000000 0.000000 0.000000 -0.000885 0.000000 1.000000 2.015677
1452 1.000000 0.000000 0.000477 -0.251542 0.000000 1.000000 0.000000 0.000000 -0.000477 0.000000 1.000000 2.024150
1453 1.000000 0.000000 0.000069 -0.251541 0.000000 1.000000 0.000000 0.000000 -0.000069 0.000000 1.000000 2.032624
1454 1.000000 0.000000 -0.000340 -0.251540 0.000000 1.000000 0.000000 0.000000 0.000340 0.000000 1.000000 2.041098
1455 1.000000 0.000000 -0.000748 -0.251539 0.000000 1.000000 0.000000 0.000000 0.000748 0.000000 1.000000 2.049571
1456 0.999999 0.000000 -0.001156 -0.251538 0.000000 1.000000 0.000000 0.000000 0.001156 0.000000 0.999999 2.058045
1457 0.999999 0.000000 -0.001564 -0.251538 0.000000 1.000000 0.000000 0.000000 0.001564 0.000000 0.999999 2.066519
1458 0.999998 0.000000 -0.001973 -0.251537 0.000000 1.000000 0.000000 0.000000 0.001973 0.000000 0.999998 2.074993
1459 0.999997 0.000000 -0.002381 -0.251536 0.000000 1.000000 0.000000 0.000000 0.002381 0.000000 0.999997 2.083466
1460 0.999997 0.000000 -0.002311 -0.251551 0.000000 1.000000 0.000000 0.000000 0.002311 0.000000 0.999997 2.091706
1461 0.999998 0.000000 -0.002213 -0.251566 0.000000 1.000000 0.000000 0.000000 0.002213 0.000000 0.999998 2.099931
1462 0.999998 0.000000 -0.002115 -0.251582 0.000000 1.000000 0.000000 0.000000 0.002115 0.000000 0.999998 2.108157
1463 0.999998 0.000000 -0.002017 -0.251597 0.000000 1.000000 0.000000 0.000000 0.002017 0.000000 0.999998 2.116383
1464 0.999998 0.000000 -0.001919 -0.251613 0.000000 1.000000 0.000000 0.000000 0.001919 0.000000 0.999998 2.124608
1465 0.999998 0.000000 -0.001820 -0.251628 0.000000 1.000000 0.000000 0.000000 0.001820 0.000000 0.999998 2.132834
1466 0.999999 0.000000 -0.001722 -0.251644 0.000000 1.000000 0.000000 0.000000 0.001722 0.000000 0.999999 2.141059
1467 0.999999 0.000000 -0.001624 -0.251659 0.000000 1.000000 0.000000 0.000000 0.001624 0.000000 0.999999 2.149285
1468 0.999999 0.000000 -0.001526 -0.251675 0.000000 1.000000 0.000000 0.000000 0.001526 0.000000 0.999999 2.157511
1469 0.999999 0.000000 -0.001428 -0.251690 0.000000 1.000000 0.000000 0.000000 0.001428 0.000000 0.999999 2.165736
1470 0.999999 0.000000 -0.001330 -0.251706 0.000000 1.000000 0.000000 0.000000 0.001330 0.000000 0.999999 2.173962
1471 0.999999 0.000000 -0.001232 -0.251721 0.000000 1.000000 0.000000 0.000000 0.001232 0.000000 0.999999 2.182188
1472 0.999999 0.000000 -0.001180 -0.251731 0.000000 1.000000 0.000000 0.000000 0.001180 0.000000 0.999999 2.190599
1473 0.999999 0.000000 -0.001146 -0.251739 0.000000 1.000000 0.000000 0.000000 0.001146 0.000000 0.999999 2.199085
1474 0.999999 0.000000 -0.001113 -0.251746 0.000000 1.000000 0.000000 0.000000 0.001113 0.000000 0.999999 2.207571
1475 0.999999 0.000000 -0.001079 -0.251754 0.000000 1.000000 0.000000 0.000000 0.001079 0.000000 0.999999 2.216057
1476 0.999999 0.000000 -0.001046 -0.251761 0.000000 1.000000 0.000000 0.000000 0.001046 0.000000 0.999999 2.224543
1477 0.999999 0.000000 -0.001012 -0.251769 0.000000 1.000000 0.000000 0.000000 0.001012 0.000000 0.999999 2.233029
1478 1.000000 0.000000 -0.000979 -0.251776 0.000000 1.000000 0.000000 0.000000 0.000979 0.000000 1.000000 2.241515
1479 1.000000 0.000000 -0.000945 -0.251784 0.000000 1.000000 0.000000 0.000000 0.000945 0.000000 1.000000 2.250001
1480 1.000000 0.000000 -0.000912 -0.251791 0.000000 1.000000 0.000000 0.000000 0.000912 0.000000 1.000000 2.258486
1481 1.000000 0.000000 -0.000878 -0.251799 0.000000 1.000000 0.000000 0.000000 0.000878 0.000000 1.000000 2.266973
1482 1.000000 0.000000 -0.000845 -0.251806 0.000000 1.000000 0.000000 0.000000 0.000845 0.000000 1.000000 2.275458
1483 1.000000 0.000000 -0.000811 -0.251814 0.000000 1.000000 0.000000 0.000000 0.000811 0.000000 1.000000 2.283944
1484 1.000000 0.000000 -0.000797 -0.251822 0.000000 1.000000 0.000000 0.000000 0.000797 0.000000 1.000000 2.292156
1485 1.000000 0.000000 -0.000789 -0.251829 0.000000 1.000000 0.000000 0.000000 0.000789 0.000000 1.000000 2.300290
1486 1.000000 0.000000 -0.000781 -0.251836 0.000000 1.000000 0.000000 0.000000 0.000781 0.000000 1.000000 2.308424
1487 1.000000 0.000000 -0.000772 -0.251844 0.000000 1.000000 0.000000 0.000000 0.000772 0.000000 1.000000 2.316557
1488 1.000000 0.000000 -0.000764 -0.251851 0.000000 1.000000 0.000000 0.000000 0.000764 0.000000 1.000000 2.324691
1489 1.000000 0.000000 -0.000756 -0.251859 0.000000 1.000000 0.000000 0.000000 0.000756 0.000000 1.000000 2.332824
1490 1.000000 0.000000 -0.000748 -0.251866 0.000000 1.000000 0.000000 0.000000 0.000748 0.000000 1.000000 2.340958
1491 1.000000 0.000000 -0.000739 -0.251874 0.000000 1.000000 0.000000 0.000000 0.000739 0.000000 1.000000 2.349092
1492 1.000000 0.000000 -0.000731 -0.251881 0.000000 1.000000 0.000000 0.000000 0.000731 0.000000 1.000000 2.357225
1493 1.000000 0.000000 -0.000723 -0.251889 0.000000 1.000000 0.000000 0.000000 0.000723 0.000000 1.000000 2.365359
1494 1.000000 0.000000 -0.000715 -0.251896 0.000000 1.000000 0.000000 0.000000 0.000715 0.000000 1.000000 2.373492
1495 1.000000 0.000000 -0.000706 -0.251904 0.000000 1.000000 0.000000 0.000000 0.000706 0.000000 1.000000 2.381626
1496 1.000000 0.000000 -0.000250 -0.251900 0.000000 1.000000 0.000000 0.000000 0.000250 0.000000 1.000000 2.389140
1497 1.000000 0.000000 0.000408 -0.251891 0.000000 1.000000 0.000000 0.000000 -0.000408 0.000000 1.000000 2.396376
1498 0.999999 0.000000 0.001065 -0.251882 0.000000 1.000000 0.000000 0.000000 -0.001065 0.000000 0.999999 2.403613
1499 0.999999 0.000000 0.001722 -0.251873 0.000000 1.000000 0.000000 0.000000 -0.001722 0.000000 0.999999 2.410849
1500 0.999997 0.000000 0.002379 -0.251864 0.000000 1.000000 0.000000 0.000000 -0.002379 0.000000 0.999997 2.418086
1501 0.999995 0.000000 0.003036 -0.251855 0.000000 1.000000 0.000000 0.000000 -0.003036 0.000000 0.999995 2.425323
1502 0.999993 0.000000 0.003693 -0.251846 0.000000 1.000000 0.000000 0.000000 -0.003693 0.000000 0.999993 2.432559
1503 0.999991 0.000000 0.004350 -0.251837 0.000000 1.000000 0.000000 0.000000 -0.004350 0.000000 0.999991 2.439796
1504 0.999987 0.000000 0.005007 -0.251828 0.000000 1.000000 0.000000 0.000000 -0.005007 0.000000 0.999987 2.447033
1505 0.999984 0.000000 0.005665 -0.251819 0.000000 1.000000 0.000000 0.000000 -0.005665 0.000000 0.999984 2.454269
1506 0.999980 0.000000 0.006322 -0.251810 0.000000 1.000000 0.000000 0.000000 -0.006322 0.000000 0.999980 2.461506
1507 0.999976 0.000000 0.006979 -0.251801 0.000000 1.000000 0.000000 0.000000 -0.006979 0.000000 0.999976 2.468743
1508 0.999974 0.000000 0.007270 -0.251771 0.000000 1.000000 0.000000 0.000000 -0.007270 0.000000 0.999974 2.475193
1509 0.999974 0.000000 0.007220 -0.251720 0.000000 1.000000 0.000000 0.000000 -0.007220 0.000000 0.999974 2.480910
1510 0.999974 0.000000 0.007169 -0.251669 0.000000 1.000000 0.000000 0.000000 -0.007169 0.000000 0.999974 2.486626
1511 0.999975 0.000000 0.007119 -0.251618 0.000000 1.000000 0.000000 0.000000 -0.007119 0.000000 0.999975 2.492342
1512 0.999975 0.000000 0.007068 -0.251567 0.000000 1.000000 0.000000 0.000000 -0.007068 0.000000 0.999975 2.498058
1513 0.999975 0.000000 0.007018 -0.251516 0.000000 1.000000 0.000000 0.000000 -0.007018 0.000000 0.999975 2.503774
1514 0.999976 0.000000 0.006968 -0.251465 0.000000 1.000000 0.000000 0.000000 -0.006968 0.000000 0.999976 2.509490
1515 0.999976 0.000000 0.006917 -0.251414 0.000000 1.000000 0.000000 0.000000 -0.006917 0.000000 0.999976 2.515207
1516 0.999976 0.000000 0.006867 -0.251363 0.000000 1.000000 0.000000 0.000000 -0.006867 0.000000 0.999976 2.520923
1517 0.999977 0.000000 0.006816 -0.251312 0.000000 1.000000 0.000000 0.000000 -0.006816 0.000000 0.999977 2.526639
1518 0.999977 0.000000 0.006766 -0.251261 0.000000 1.000000 0.000000 0.000000 -0.006766 0.000000 0.999977 2.532355
1519 0.999977 0.000000 0.006715 -0.251210 0.000000 1.000000 0.000000 0.000000 -0.006715 0.000000 0.999977 2.538072
1520 0.999981 0.000000 0.006199 -0.251190 0.000000 1.000000 0.000000 0.000000 -0.006199 0.000000 0.999981 2.542786
1521 0.999985 0.000000 0.005399 -0.251190 0.000000 1.000000 0.000000 0.000000 -0.005399 0.000000 0.999985 2.546888
1522 0.999989 0.000000 0.004598 -0.251189 0.000000 1.000000 0.000000 0.000000 -0.004598 0.000000 0.999989 2.550991
1523 0.999993 0.000000 0.003797 -0.251189 0.000000 1.000000 0.000000 0.000000 -0.003797 0.000000 0.999993 2.555093
1524 0.999996 0.000000 0.002996 -0.251188 0.000000 1.000000 0.000000 0.000000 -0.002996 0.000000 0.999996 2.559196
1525 0.999998 0.000000 0.002196 -0.251188 0.000000 1.000000 0.000000 0.000000 -0.002196 0.000000 0.999998 2.563298
1526 0.999999 0.000000 0.001395 -0.251188 0.000000 1.000000 0.000000 0.000000 -0.001395 0.000000 0.999999 2.567401
1527 1.000000 0.000000 0.000594 -0.251187 0.000000 1.000000 0.000000 0.000000 -0.000594 0.000000 1.000000 2.571503
1528 1.000000 0.000000 -0.000206 -0.251187 0.000000 1.000000 0.000000 0.000000 0.000206 0.000000 1.000000 2.575606
1529 0.999999 0.000000 -0.001007 -0.251186 0.000000 1.000000 0.000000 0.000000 0.001007 0.000000 0.999999 2.579708
1530 0.999998 0.000000 -0.001808 -0.251186 0.000000 1.000000 0.000000 0.000000 0.001808 0.000000 0.999998 2.583811
1531 0.999997 0.000000 -0.002608 -0.251186 0.000000 1.000000 0.000000 0.000000 0.002608 0.000000 0.999997 2.587913
1532 0.999995 0.000000 -0.003088 -0.251189 0.000000 1.000000 0.000000 0.000000 0.003088 0.000000 0.999995 2.591436
1533 0.999995 0.000000 -0.003254 -0.251197 0.000000 1.000000 0.000000 0.000000 0.003254 0.000000 0.999995 2.594393
1534 0.999994 0.000000 -0.003420 -0.251205 0.000000 1.000000 0.000000 0.000000 0.003420 0.000000 0.999994 2.597350
1535 0.999994 0.000000 -0.003586 -0.251213 0.000000 1.000000 0.000000 0.000000 0.003586 0.000000 0.999994 2.600307
1536 0.999993 0.000000 -0.003752 -0.251221 0.000000 1.000000 0.000000 0.000000 0.003752 0.000000 0.999993 2.603264
1537 0.999992 0.000000 -0.003918 -0.251229 0.000000 1.000000 0.000000 0.000000 0.003918 0.000000 0.999992 2.606221
1538 0.999992 0.000000 -0.004085 -0.251237 0.000000 1.000000 0.000000 0.000000 0.004085 0.000000 0.999992 2.609178
1539 0.999991 0.000000 -0.004251 -0.251245 0.000000 1.000000 0.000000 0.000000 0.004251 0.000000 0.999991 2.612135
1540 0.999990 0.000000 -0.004417 -0.251253 0.000000 1.000000 0.000000 0.000000 0.004417 0.000000 0.999990 2.615093
1541 0.999989 0.000000 -0.004583 -0.251261 0.000000 1.000000 0.000000 0.000000 0.004583 0.000000 0.999989 2.618050
1542 0.999989 0.000000 -0.004749 -0.251269 0.000000 1.000000 0.000000 0.000000 0.004749 0.000000 0.999989 2.621007
1543 0.999988 0.000000 -0.004915 -0.251277 0.000000 1.000000 0.000000 0.000000 0.004915 0.000000 0.999988 2.623964
1544 0.999989 0.000000 -0.004657 -0.251282 0.000000 1.000000 0.000000 0.000000 0.004657 0.000000 0.999989 2.626584
1545 0.999992 0.000000 -0.003914 -0.251281 0.000000 1.000000 0.000000 0.000000 0.003914 0.000000 0.999992 2.628820
1546 0.999995 0.000000 -0.003171 -0.251281 0.000000 1.000000 0.000000 0.000000 0.003171 0.000000 0.999995 2.631057
1547 0.999997 0.000000 -0.002429 -0.251281 0.000000 1.000000 0.000000 0.000000 0.002429 0.000000 0.999997 2.633293
1548 0.999999 0.000000 -0.001686 -0.251281 0.000000 1.000000 0.000000 0.000000 0.001686 0.000000 0.999999 2.635529
1549 1.000000 0.000000 -0.000943 -0.251281 0.000000 1.000000 0.000000 0.000000 0.000943 0.000000 1.000000 2.637765
1550 1.000000 0.000000 -0.000201 -0.251280 0.000000 1.000000 0.000000 0.000000 0.000201 0.000000 1.000000 2.640002
1551 1.000000 0.000000 0.000542 -0.251280 0.000000 1.000000 0.000000 0.000000 -0.000542 0.000000 1.000000 2.642238
1552 0.999999 0.000000 0.001285 -0.251280 0.000000 1.000000 0.000000 0.000000 -0.001285 0.000000 0.999999 2.644474
1553 0.999998 0.000000 0.002027 -0.251280 0.000000 1.000000 0.000000 0.000000 -0.002027 0.000000 0.999998 2.646711
1554 0.999996 0.000000 0.002770 -0.251279 0.000000 1.000000 0.000000 0.000000 -0.002770 0.000000 0.999996 2.648947
1555 0.999994 0.000000 0.003513 -0.251279 0.000000 1.000000 0.000000 0.000000 -0.003513 0.000000 0.999994 2.651183
1556 0.999993 0.000000 0.003732 -0.251279 0.000000 1.000000 0.000000 0.000000 -0.003732 0.000000 0.999993 2.653259
1557 0.999994 0.000000 0.003393 -0.251279 0.000000 1.000000 0.000000 0.000000 -0.003393 0.000000 0.999994 2.655163
1558 0.999995 0.000000 0.003053 -0.251279 0.000000 1.000000 0.000000 0.000000 -0.003053 0.000000 0.999995 2.657067
1559 0.999996 0.000000 0.002714 -0.251278 0.000000 1.000000 0.000000 0.000000 -0.002714 0.000000 0.999996 2.658971
1560 0.999997 0.000000 0.002375 -0.251278 0.000000 1.000000 0.000000 0.000000 -0.002375 0.000000 0.999997 2.660875
1561 0.999998 0.000000 0.002035 -0.251278 0.000000 1.000000 0.000000 0.000000 -0.002035 0.000000 0.999998 2.662779
1562 0.999999 0.000000 0.001696 -0.251278 0.000000 1.000000 0.000000 0.000000 -0.001696 0.000000 0.999999 2.664683
1563 0.999999 0.000000 0.001356 -0.251278 0.000000 1.000000 0.000000 0.000000 -0.001356 0.000000 0.999999 2.666587
1564 0.999999 0.000000 0.001017 -0.251277 0.000000 1.000000 0.000000 0.000000 -0.001017 0.000000 0.999999 2.668491
1565 1.000000 0.000000 0.000678 -0.251277 0.000000 1.000000 0.000000 0.000000 -0.000678 0.000000 1.000000 2.670395
1566 1.000000 0.000000 0.000338 -0.251277 0.000000 1.000000 0.000000 0.000000 -0.000338 0.000000 1.000000 2.672299
1567 1.000000 0.000000 -0.000001 -0.251277 0.000000 1.000000 0.000000 0.000000 0.000001 0.000000 1.000000 2.674203
1568 1.000000 0.000000 -0.000091 -0.251277 0.000000 1.000000 0.000000 0.000000 0.000091 0.000000 1.000000 2.675946
1569 1.000000 0.000000 0.000187 -0.251277 0.000000 1.000000 0.000000 0.000000 -0.000187 0.000000 1.000000 2.677450
1570 1.000000 0.000000 0.000465 -0.251276 0.000000 1.000000 0.000000 0.000000 -0.000465 0.000000 1.000000 2.678955
1571 1.000000 0.000000 0.000743 -0.251276 0.000000 1.000000 0.000000 0.000000 -0.000743 0.000000 1.000000 2.680459
1572 0.999999 0.000000 0.001021 -0.251276 0.000000 1.000000 0.000000 0.000000 -0.001021 0.000000 0.999999 2.681964
1573 0.999999 0.000000 0.001299 -0.251276 0.000000 1.000000 0.000000 0.000000 -0.001299 0.000000 0.999999 2.683468
1574 0.999999 0.000000 0.001577 -0.251276 0.000000 1.000000 0.000000 0.000000 -0.001577 0.000000 0.999999 2.684973
1575 0.999998 0.000000 0.001855 -0.251276 0.000000 1.000000 0.000000 0.000000 -0.001855 0.000000 0.999998 2.686477
1576 0.999998 0.000000 0.002133 -0.251275 0.000000 1.000000 0.000000 0.000000 -0.002133 0.000000 0.999998 2.687982
1577 0.999997 0.000000 0.002411 -0.251275 0.000000 1.000000 0.000000 0.000000 -0.002411 0.000000 0.999997 2.689486
1578 0.999996 0.000000 0.002689 -0.251275 0.000000 1.000000 0.000000 0.000000 -0.002689 0.000000 0.999996 2.690991
1579 0.999996 0.000000 0.002967 -0.251275 0.000000 1.000000 0.000000 0.000000 -0.002967 0.000000 0.999996 2.692495
1580 0.999995 0.000000 0.003142 -0.251275 0.000000 1.000000 0.000000 0.000000 -0.003142 0.000000 0.999995 2.693924
1581 0.999996 0.000000 0.002830 -0.251275 0.000000 1.000000 0.000000 0.000000 -0.002830 0.000000 0.999996 2.694988
1582 0.999997 0.000000 0.002517 -0.251275 0.000000 1.000000 0.000000 0.000000 -0.002517 0.000000 0.999997 2.696052
1583 0.999998 0.000000 0.002205 -0.251275 0.000000 1.000000 0.000000 0.000000 -0.002205 0.000000 0.999998 2.697116
1584 0.999998 0.000000 0.001892 -0.251274 0.000000 1.000000 0.000000 0.000000 -0.001892 0.000000 0.999998 2.698180
1585 0.999999 0.000000 0.001580 -0.251274 0.000000 1.000000 0.000000 0.000000 -0.001580 0.000000 0.999999 2.699244
1586 0.999999 0.000000 0.001267 -0.251274 0.000000 1.000000 0.000000 0.000000 -0.001267 0.000000 0.999999 2.700308
1587 1.000000 0.000000 0.000955 -0.251274 0.000000 1.000000 0.000000 0.000000 -0.000955 0.000000 1.000000 2.701373
1588 1.000000 0.000000 0.000642 -0.251274 0.000000 1.000000 0.000000 0.000000 -0.000642 0.000000 1.000000 2.702437
1589 1.000000 0.000000 0.000330 -0.251274 0.000000 1.000000 0.000000 0.000000 -0.000330 0.000000 1.000000 2.703501
1590 1.000000 0.000000 0.000017 -0.251274 0.000000 1.000000 0.000000 0.000000 -0.000017 0.000000 1.000000 2.704565
1591 1.000000 0.000000 -0.000295 -0.251274 0.000000 1.000000 0.000000 0.000000 0.000295 0.000000 1.000000 2.705629
1592 1.000000 0.000000 -0.000291 -0.251271 0.000000 1.000000 0.000000 0.000000 0.000291 0.000000 1.000000 2.706653
1593 1.000000 0.000000 0.000346 -0.251262 0.000000 1.000000 0.000000 0.000000 -0.000346 0.000000 1.000000 2.707597
1594 1.000000 0.000000 0.000984 -0.251254 0.000000 1.000000 0.000000 0.000000 -0.000984 0.000000 1.000000 2.708541
1595 0.999999 0.000000 0.001621 -0.251246 0.000000 1.000000 0.000000 0.000000 -0.001621 0.000000 0.999999 2.709485
1596 0.999997 0.000000 0.002259 -0.251237 0.000000 1.000000 0.000000 0.000000 -0.002259 0.000000 0.999997 2.710428
1597 0.999996 0.000000 0.002896 -0.251229 0.000000 1.000000 0.000000 0.000000 -0.002896 0.000000 0.999996 2.711372
1598 0.999994 0.000000 0.003533 -0.251221 0.000000 1.000000 0.000000 0.000000 -0.003533 0.000000 0.999994 2.712316
1599 0.999991 0.000000 0.004171 -0.251212 0.000000 1.000000 0.000000 0.000000 -0.004171 0.000000 0.999991 2.713260
1600 0.999988 0.000000 0.004808 -0.251204 0.000000 1.000000 0.000000 0.000000 -0.004808 0.000000 0.999988 2.714203
1601 0.999985 0.000000 0.005446 -0.251196 0.000000 1.000000 0.000000 0.000000 -0.005446 0.000000 0.999985 2.715147
1602 0.999981 0.000000 0.006083 -0.251187 0.000000 1.000000 0.000000 0.000000 -0.006083 0.000000 0.999981 2.716091
1603 0.999977 0.000000 0.006721 -0.251179 0.000000 1.000000 0.000000 0.000000 -0.006721 0.000000 0.999977 2.717035
1604 0.999974 0.000000 0.007154 -0.251170 0.000000 1.000000 0.000000 0.000000 -0.007154 0.000000 0.999974 2.718020
1605 0.999976 0.000000 0.006988 -0.251162 0.000000 1.000000 0.000000 0.000000 -0.006988 0.000000 0.999976 2.719125
1606 0.999977 0.000000 0.006822 -0.251154 0.000000 1.000000 0.000000 0.000000 -0.006822 0.000000 0.999977 2.720231
1607 0.999978 0.000000 0.006655 -0.251145 0.000000 1.000000 0.000000 0.000000 -0.006655 0.000000 0.999978 2.721336
1608 0.999979 0.000000 0.006489 -0.251137 0.000000 1.000000 0.000000 0.000000 -0.006489 0.000000 0.999979 2.722442
1609 0.999980 0.000000 0.006323 -0.251128 0.000000 1.000000 0.000000 0.000000 -0.006323 0.000000 0.999980 2.723548
1610 0.999981 0.000000 0.006157 -0.251120 0.000000 1.000000 0.000000 0.000000 -0.006157 0.000000 0.999981 2.724653
1611 0.999982 0.000000 0.005990 -0.251111 0.000000 1.000000 0.000000 0.000000 -0.005990 0.000000 0.999982 2.725759
1612 0.999983 0.000000 0.005824 -0.251103 0.000000 1.000000 0.000000 0.000000 -0.005824 0.000000 0.999983 2.726865
1613 0.999984 0.000000 0.005658 -0.251095 0.000000 1.000000 0.000000 0.000000 -0.005658 0.000000 0.999984 2.727970
1614 0.999985 0.000000 0.005491 -0.251086 0.000000 1.000000 0.000000 0.000000 -0.005491 0.000000 0.999985 2.729076
1615 0.999986 0.000000 0.005325 -0.251078 0.000000 1.000000 0.000000 0.000000 -0.005325 0.000000 0.999986 2.730181
1616 0.999986 0.000000 0.005303 -0.251069 0.000000 1.000000 0.000000 0.000000 -0.005303 0.000000 0.999986 2.731303
1617 0.999983 0.000000 0.005775 -0.251061 0.000000 1.000000 0.000000 0.000000 -0.005775 0.000000 0.999983 2.732482
1618 0.999980 0.000000 0.006248 -0.251052 0.000000 1.000000 0.000000 0.000000 -0.006248 0.000000 0.999980 2.733660
1619 0.999977 0.000000 0.006721 -0.251044 0.000000 1.000000 0.000000 0.000000 -0.006721 0.000000 0.999977 2.734838
1620 0.999974 0.000000 0.007194 -0.251036 0.000000 1.000000 0.000000 0.000000 -0.007194 0.000000 0.999974 2.736016
1621 0.999971 0.000000 0.007667 -0.251027 0.000000 1.000000 0.000000 0.000000 -0.007667 0.000000 0.999971 2.737195
1622 0.999967 0.000000 0.008140 -0.251019 0.000000 1.000000 0.000000 0.000000 -0.008140 0.000000 0.999967 2.738373
1623 0.999963 0.000000 0.008613 -0.251010 0.000000 1.000000 0.000000 0.000000 -0.008613 0.000000 0.999963 2.739551
1624 0.999959 0.000000 0.009086 -0.251002 0.000000 1.000000 0.000000 0.000000 -0.009086 0.000000 0.999959 2.740729
1625 0.999954 0.000000 0.009559 -0.250994 0.000000 1.000000 0.000000 0.000000 -0.009559 0.000000 0.999954 2.741907
1626 0.999950 0.000000 0.010032 -0.250985 0.000000 1.000000 0.000000 0.000000 -0.010032 0.000000 0.999950 2.743086
1627 0.999945 0.000000 0.010505 -0.250977 0.000000 1.000000 0.000000 0.000000 -0.010505 0.000000 0.999945 2.744264
1628 0.999941 0.000000 0.010835 -0.250968 0.000000 1.000000 0.000000 0.000000 -0.010835 0.000000 0.999941 2.745415
1629 0.999945 0.000000 0.010483 -0.250960 0.000000 1.000000 0.000000 0.000000 -0.010483 0.000000 0.999945 2.746440
1630 0.999949 0.000000 0.010131 -0.250952 0.000000 1.000000 0.000000 0.000000 -0.010131 0.000000 0.999949 2.747464
1631 0.999952 0.000000 0.009779 -0.250943 0.000000 1.000000 0.000000 0.000000 -0.009779 0.000000 0.999952 2.748488
1632 0.999956 0.000000 0.009426 -0.250935 0.000000 1.000000 0.000000 0.000000 -0.009426 0.000000 0.999956 2.749512
1633 0.999959 0.000000 0.009074 -0.250927 0.000000 1.000000 0.000000 0.000000 -0.009074 0.000000 0.999959 2.750536
1634 0.999962 0.000000 0.008722 -0.250919 0.000000 1.000000 0.000000 0.000000 -0.008722 0.000000 0.999962 2.751560
1635 0.999965 0.000000 0.008369 -0.250910 0.000000 1.000000 0.000000 0.000000 -0.008369 0.000000 0.999965 2.752584
1636 0.999968 0.000000 0.008017 -0.250902 0.000000 1.000000 0.000000 0.000000 -0.008017 0.000000 0.999968 2.753608
1637 0.999971 0.000000 0.007665 -0.250894 0.000000 1.000000 0.000000 0.000000 -0.007665 0.000000 0.999971 2.754632
1638 0.999973 0.000000 0.007313 -0.250885 0.000000 1.000000 0.000000 0.000000 -0.007313 0.000000 0.999973 2.755657
1639 0.999976 0.000000 0.006960 -0.250877 0.000000 1.000000 0.000000 0.000000 -0.006960 0.000000 0.999976 2.756681
1640 0.999978 0.000000 0.006608 -0.250869 0.000000 1.000000 0.000000 0.000000 -0.006608 0.000000 0.999978 2.757705
1641 0.999977 0.000000 0.006790 -0.250860 0.000000 1.000000 0.000000 0.000000 -0.006790 0.000000 0.999977 2.758741
1642 0.999976 0.000000 0.006991 -0.250852 0.000000 1.000000 0.000000 0.000000 -0.006991 0.000000 0.999976 2.759778
1643 0.999974 0.000000 0.007192 -0.250843 0.000000 1.000000 0.000000 0.000000 -0.007192 0.000000 0.999974 2.760815
1644 0.999973 0.000000 0.007392 -0.250835 0.000000 1.000000 0.000000 0.000000 -0.007392 0.000000 0.999973 2.761852
1645 0.999971 0.000000 0.007593 -0.250826 0.000000 1.000000 0.000000 0.000000 -0.007593 0.000000 0.999971 2.762888
1646 0.999970 0.000000 0.007794 -0.250818 0.000000 1.000000 0.000000 0.000000 -0.007794 0.000000 0.999970 2.763925
1647 0.999968 0.000000 0.007994 -0.250810 0.000000 1.000000 0.000000 0.000000 -0.007994 0.000000 0.999968 2.764962
1648 0.999966 0.000000 0.008195 -0.250801 0.000000 1.000000 0.000000 0.000000 -0.008195 0.000000 0.999966 2.765999
1649 0.999965 0.000000 0.008396 -0.250793 0.000000 1.000000 0.000000 0.000000 -0.008396 0.000000 0.999965 2.767036
1650 0.999963 0.000000 0.008596 -0.250784 0.000000 1.000000 0.000000 0.000000 -0.008596 0.000000 0.999963 2.768072
1651 0.999961 0.000000 0.008797 -0.250776 0.000000 1.000000 0.000000 0.000000 -0.008797 0.000000 0.999961 2.769109
1652 0.999960 0.000000 0.008995 -0.250767 0.000000 1.000000 0.000000 0.000000 -0.008995 0.000000 0.999960 2.770146
1653 0.999961 0.000000 0.008828 -0.250759 0.000000 1.000000 0.000000 0.000000 -0.008828 0.000000 0.999961 2.771155
1654 0.999962 0.000000 0.008661 -0.250750 0.000000 1.000000 0.000000 0.000000 -0.008661 0.000000 0.999962 2.772165
1655 0.999964 0.000000 0.008494 -0.250742 0.000000 1.000000 0.000000 0.000000 -0.008494 0.000000 0.999964 2.773174
1656 0.999965 0.000000 0.008328 -0.250733 0.000000 1.000000 0.000000 0.000000 -0.008328 0.000000 0.999965 2.774184
1657 0.999967 0.000000 0.008161 -0.250725 0.000000 1.000000 0.000000 0.000000 -0.008161 0.000000 0.999967 2.775193
1658 0.999968 0.000000 0.007994 -0.250717 0.000000 1.000000 0.000000 0.000000 -0.007994 0.000000 0.999968 2.776202
1659 0.999969 0.000000 0.007827 -0.250708 0.000000 1.000000 0.000000 0.000000 -0.007827 0.000000 0.999969 2.777212
1660 0.999971 0.000000 0.007660 -0.250700 0.000000 1.000000 0.000000 0.000000 -0.007660 0.000000 0.999971 2.778221
1661 0.999972 0.000000 0.007493 -0.250691 0.000000 1.000000 0.000000 0.000000 -0.007493 0.000000 0.999972 2.779231
1662 0.999973 0.000000 0.007327 -0.250683 0.000000 1.000000 0.000000 0.000000 -0.007327 0.000000 0.999973 2.780240
1663 0.999974 0.000000 0.007160 -0.250674 0.000000 1.000000 0.000000 0.000000 -0.007160 0.000000 0.999974 2.781250
1664 0.999975 0.000000 0.007001 -0.250666 0.000000 1.000000 0.000000 0.000000 -0.007001 0.000000 0.999975 2.782259
1665 0.999974 0.000000 0.007214 -0.250658 0.000000 1.000000 0.000000 0.000000 -0.007214 0.000000 0.999974 2.783253
1666 0.999972 0.000000 0.007428 -0.250649 0.000000 1.000000 0.000000 0.000000 -0.007428 0.000000 0.999972 2.784247
1667 0.999971 0.000000 0.007641 -0.250641 0.000000 1.000000 0.000000 0.000000 -0.007641 0.000000 0.999971 2.785241
1668 0.999969 0.000000 0.007855 -0.250633 0.000000 1.000000 0.000000 0.000000 -0.007855 0.000000 0.999969 2.786235
1669 0.999967 0.000000 0.008069 -0.250624 0.000000 1.000000 0.000000 0.000000 -0.008069 0.000000 0.999967 2.787230
1670 0.999966 0.000000 0.008282 -0.250616 0.000000 1.000000 0.000000 0.000000 -0.008282 0.000000 0.999966 2.788224
1671 0.999964 0.000000 0.008496 -0.250608 0.000000 1.000000 0.000000 0.000000 -0.008496 0.000000 0.999964 2.789218
1672 0.999962 0.000000 0.008710 -0.250599 0.000000 1.000000 0.000000 0.000000 -0.008710 0.000000 0.999962 2.790212
1673 0.999960 0.000000 0.008923 -0.250591 0.000000 1.000000 0.000000 0.000000 -0.008923 0.000000 0.999960 2.791206
1674 0.999958 0.000000 0.009137 -0.250583 0.000000 1.000000 0.000000 0.000000 -0.009137 0.000000 0.999958 2.792200
1675 0.999956 0.000000 0.009350 -0.250574 0.000000 1.000000 0.000000 0.000000 -0.009350 0.000000 0.999956 2.793195
1676 0.999954 0.000000 0.009564 -0.250566 0.000000 1.000000 0.000000 0.000000 -0.009564 0.000000 0.999954 2.794189
1677 0.999956 0.000000 0.009355 -0.250558 0.000000 1.000000 0.000000 0.000000 -0.009355 0.000000 0.999956 2.795191
1678 0.999959 0.000000 0.009070 -0.250549 0.000000 1.000000 0.000000 0.000000 -0.009070 0.000000 0.999959 2.796194
1679 0.999961 0.000000 0.008786 -0.250541 0.000000 1.000000 0.000000 0.000000 -0.008786 0.000000 0.999961 2.797198
1680 0.999964 0.000000 0.008502 -0.250532 0.000000 1.000000 0.000000 0.000000 -0.008502 0.000000 0.999964 2.798201
1681 0.999966 0.000000 0.008218 -0.250524 0.000000 1.000000 0.000000 0.000000 -0.008218 0.000000 0.999966 2.799205
1682 0.999969 0.000000 0.007933 -0.250515 0.000000 1.000000 0.000000 0.000000 -0.007933 0.000000 0.999969 2.800208
1683 0.999971 0.000000 0.007649 -0.250507 0.000000 1.000000 0.000000 0.000000 -0.007649 0.000000 0.999971 2.801212
1684 0.999973 0.000000 0.007365 -0.250498 0.000000 1.000000 0.000000 0.000000 -0.007365 0.000000 0.999973 2.802215
1685 0.999975 0.000000 0.007080 -0.250490 0.000000 1.000000 0.000000 0.000000 -0.007080 0.000000 0.999975 2.803218
1686 0.999977 0.000000 0.006796 -0.250482 0.000000 1.000000 0.000000 0.000000 -0.006796 0.000000 0.999977 2.804222
1687 0.999979 0.000000 0.006512 -0.250473 0.000000 1.000000 0.000000 0.000000 -0.006512 0.000000 0.999979 2.805225
1688 0.999981 0.000000 0.006227 -0.250465 0.000000 1.000000 0.000000 0.000000 -0.006227 0.000000 0.999981 2.806229
1689 0.999981 0.000000 0.006174 -0.250464 0.000000 1.000000 0.000000 0.000000 -0.006174 0.000000 0.999981 2.807164
1690 0.999981 0.000000 0.006149 -0.250463 0.000000 1.000000 0.000000 0.000000 -0.006149 0.000000 0.999981 2.808090
1691 0.999981 0.000000 0.006125 -0.250463 0.000000 1.000000 0.000000 0.000000 -0.006125 0.000000 0.999981 2.809016
1692 0.999981 0.000000 0.006100 -0.250463 0.000000 1.000000 0.000000 0.000000 -0.006100 0.000000 0.999981 2.809943
1693 0.999982 0.000000 0.006075 -0.250463 0.000000 1.000000 0.000000 0.000000 -0.006075 0.000000 0.999982 2.810869
1694 0.999982 0.000000 0.006050 -0.250463 0.000000 1.000000 0.000000 0.000000 -0.006050 0.000000 0.999982 2.811796
1695 0.999982 0.000000 0.006025 -0.250463 0.000000 1.000000 0.000000 0.000000 -0.006025 0.000000 0.999982 2.812722
1696 0.999982 0.000000 0.006000 -0.250463 0.000000 1.000000 0.000000 0.000000 -0.006000 0.000000 0.999982 2.813648
1697 0.999982 0.000000 0.005976 -0.250463 0.000000 1.000000 0.000000 0.000000 -0.005976 0.000000 0.999982 2.814575
1698 0.999982 0.000000 0.005951 -0.250463 0.000000 1.000000 0.000000 0.000000 -0.005951 0.000000 0.999982 2.815501
1699 0.999982 0.000000 0.005926 -0.250463 0.000000 1.000000 0.000000 0.000000 -0.005926 0.000000 0.999982 2.816428
1700 0.999983 0.000000 0.005901 -0.250463 0.000000 1.000000 0.000000 0.000000 -0.005901 0.000000 0.999983 2.817354
1701 0.999982 0.000000 0.005916 -0.250456 0.000000 1.000000 0.000000 0.000000 -0.005916 0.000000 0.999982 2.818298
1702 0.999982 0.000000 0.005941 -0.250448 0.000000 1.000000 0.000000 0.000000 -0.005941 0.000000 0.999982 2.819247
1703 0.999982 0.000000 0.005966 -0.250439 0.000000 1.000000 0.000000 0.000000 -0.005966 0.000000 0.999982 2.820196
1704 0.999982 0.000000 0.005990 -0.250431 0.000000 1.000000 0.000000 0.000000 -0.005990 0.000000 0.999982 2.821145
1705 0.999982 0.000000 0.006015 -0.250422 0.000000 1.000000 0.000000 0.000000 -0.006015 0.000000 0.999982 2.822093
1706 0.999982 0.000000 0.006040 -0.250414 0.000000 1.000000 0.000000 0.000000 -0.006040 0.000000 0.999982 2.823042
1707 0.999982 0.000000 0.006065 -0.250406 0.000000 1.000000 0.000000 0.000000 -0.006065 0.000000 0.999982 2.823991
1708 0.999981 0.000000 0.006089 -0.250397 0.000000 1.000000 0.000000 0.000000 -0.006089 0.000000 0.999981 2.824939
1709 0.999981 0.000000 0.006114 -0.250389 0.000000 1.000000 0.000000 0.000000 -0.006114 0.000000 0.999981 2.825888
1710 0.999981 0.000000 0.006139 -0.250381 0.000000 1.000000 0.000000 0.000000 -0.006139 0.000000 0.999981 2.826837
1711 0.999981 0.000000 0.006164 -0.250372 0.000000 1.000000 0.000000 0.000000 -0.006164 0.000000 0.999981 2.827786
1712 0.999981 0.000000 0.006188 -0.250364 0.000000 1.000000 0.000000 0.000000 -0.006188 0.000000 0.999981 2.828734
1713 0.999980 0.000000 0.006253 -0.250356 0.000000 1.000000 0.000000 0.000000 -0.006253 0.000000 0.999980 2.829635
1714 0.999980 0.000000 0.006337 -0.250347 0.000000 1.000000 0.000000 0.000000 -0.006337 0.000000 0.999980 2.830513
1715 0.999979 0.000000 0.006420 -0.250339 0.000000 1.000000 0.000000 0.000000 -0.006420 0.000000 0.999979 2.831392
1716 0.999979 0.000000 0.006504 -0.250330 0.000000 1.000000 0.000000 0.000000 -0.006504 0.000000 0.999979 2.832270
1717 0.999978 0.000000 0.006588 -0.250322 0.000000 1.000000 0.000000 0.000000 -0.006588 0.000000 0.999978 2.833148
1718 0.999978 0.000000 0.006671 -0.250313 0.000000 1.000000 0.000000 0.000000 -0.006671 0.000000 0.999978 2.834026
1719 0.999977 0.000000 0.006755 -0.250305 0.000000 1.000000 0.000000 0.000000 -0.006755 0.000000 0.999977 2.834904
1720 0.999977 0.000000 0.006839 -0.250296 0.000000 1.000000 0.000000 0.000000 -0.006839 0.000000 0.999977 2.835782
1721 0.999976 0.000000 0.006922 -0.250288 0.000000 1.000000 0.000000 0.000000 -0.006922 0.000000 0.999976 2.836661
1722 0.999975 0.000000 0.007006 -0.250280 0.000000 1.000000 0.000000 0.000000 -0.007006 0.000000 0.999975 2.837539
1723 0.999975 0.000000 0.007089 -0.250271 0.000000 1.000000 0.000000 0.000000 -0.007089 0.000000 0.999975 2.838417
1724 0.999974 0.000000 0.007173 -0.250263 0.000000 1.000000 0.000000 0.000000 -0.007173 0.000000 0.999974 2.839295
1725 0.999974 0.000000 0.007238 -0.250260 0.000000 1.000000 0.000000 0.000000 -0.007238 0.000000 0.999974 2.840134
1726 0.999973 0.000000 0.007296 -0.250260 0.000000 1.000000 0.000000 0.000000 -0.007296 0.000000 0.999973 2.840959
1727 0.999973 0.000000 0.007353 -0.250260 0.000000 1.000000 0.000000 0.000000 -0.007353 0.000000 0.999973 2.841783
1728 0.999973 0.000000 0.007411 -0.250260 0.000000 1.000000 0.000000 0.000000 -0.007411 0.000000 0.999973 2.842608
1729 0.999972 0.000000 0.007469 -0.250260 0.000000 1.000000 0.000000 0.000000 -0.007469 0.000000 0.999972 2.843432
1730 0.999972 0.000000 0.007526 -0.250260 0.000000 1.000000 0.000000 0.000000 -0.007526 0.000000 0.999972 2.844256
1731 0.999971 0.000000 0.007584 -0.250260 0.000000 1.000000 0.000000 0.000000 -0.007584 0.000000 0.999971 2.845081
1732 0.999971 0.000000 0.007642 -0.250260 0.000000 1.000000 0.000000 0.000000 -0.007642 0.000000 0.999971 2.845905
1733 0.999970 0.000000 0.007700 -0.250260 0.000000 1.000000 0.000000 0.000000 -0.007700 0.000000 0.999970 2.846729
1734 0.999970 0.000000 0.007757 -0.250260 0.000000 1.000000 0.000000 0.000000 -0.007757 0.000000 0.999970 2.847554
1735 0.999969 0.000000 0.007815 -0.250259 0.000000 1.000000 0.000000 0.000000 -0.007815 0.000000 0.999969 2.848378
1736 0.999969 0.000000 0.007873 -0.250259 0.000000 1.000000 0.000000 0.000000 -0.007873 0.000000 0.999969 2.849202
1737 0.999969 0.000000 0.007926 -0.250254 0.000000 1.000000 0.000000 0.000000 -0.007926 0.000000 0.999969 2.850010
1738 0.999968 0.000000 0.007975 -0.250246 0.000000 1.000000 0.000000 0.000000 -0.007975 0.000000 0.999968 2.850807
1739 0.999968 0.000000 0.008025 -0.250238 0.000000 1.000000 0.000000 0.000000 -0.008025 0.000000 0.999968 2.851603
1740 0.999967 0.000000 0.008075 -0.250229 0.000000 1.000000 0.000000 0.000000 -0.008075 0.000000 0.999967 2.852400
1741 0.999967 0.000000 0.008125 -0.250221 0.000000 1.000000 0.000000 0.000000 -0.008125 0.000000 0.999967 2.853196
1742 0.999967 0.000000 0.008175 -0.250212 0.000000 1.000000 0.000000 0.000000 -0.008175 0.000000 0.999967 2.853993
1743 0.999966 0.000000 0.008224 -0.250204 0.000000 1.000000 0.000000 0.000000 -0.008224 0.000000 0.999966 2.854789
1744 0.999966 0.000000 0.008274 -0.250196 0.000000 1.000000 0.000000 0.000000 -0.008274 0.000000 0.999966 2.855586
1745 0.999965 0.000000 0.008324 -0.250187 0.000000 1.000000 0.000000 0.000000 -0.008324 0.000000 0.999965 2.856382
1746 0.999965 0.000000 0.008374 -0.250179 0.000000 1.000000 0.000000 0.000000 -0.008374 0.000000 0.999965 2.857179
1747 0.999965 0.000000 0.008424 -0.250171 0.000000 1.000000 0.000000 0.000000 -0.008424 0.000000 0.999965 2.857975
1748 0.999964 0.000000 0.008473 -0.250162 0.000000 1.000000 0.000000 0.000000 -0.008473 0.000000 0.999964 2.858772
1749 0.999966 0.000000 0.008194 -0.250158 0.000000 1.000000 0.000000 0.000000 -0.008194 0.000000 0.999966 2.859269
1750 0.999971 0.000000 0.007634 -0.250158 0.000000 1.000000 0.000000 0.000000 -0.007634 0.000000 0.999971 2.859512
1751 0.999975 0.000000 0.007073 -0.250158 0.000000 1.000000 0.000000 0.000000 -0.007073 0.000000 0.999975 2.859754
1752 0.999979 0.000000 0.006513 -0.250158 0.000000 1.000000 0.000000 0.000000 -0.006513 0.000000 0.999979 2.859997
1753 0.999982 0.000000 0.005953 -0.250158 0.000000 1.000000 0.000000 0.000000 -0.005953 0.000000 0.999982 2.860239
1754 0.999985 0.000000 0.005393 -0.250158 0.000000 1.000000 0.000000 0.000000 -0.005393 0.000000 0.999985 2.860482
1755 0.999988 0.000000 0.004832 -0.250158 0.000000 1.000000 0.000000 0.000000 -0.004832 0.000000 0.999988 2.860725
1756 0.999991 0.000000 0.004272 -0.250158 0.000000 1.000000 0.000000 0.000000 -0.004272 0.000000 0.999991 2.860967
1757 0.999993 0.000000 0.003712 -0.250158 0.000000 1.000000 0.000000 0.000000 -0.003712 0.000000 0.999993 2.861210
1758 0.999995 0.000000 0.003152 -0.250158 0.000000 1.000000 0.000000 0.000000 -0.003152 0.000000 0.999995 2.861452
1759 0.999997 0.000000 0.002591 -0.250158 0.000000 1.000000 0.000000 0.000000 -0.002591 0.000000 0.999997 2.861695
1760 0.999998 0.000000 0.002031 -0.250158 0.000000 1.000000 0.000000 0.000000 -0.002031 0.000000 0.999998 2.861937
1761 0.999998 0.000000 0.001796 -0.250158 0.000000 1.000000 0.000000 0.000000 -0.001796 0.000000 0.999998 2.862039
1762 0.999998 0.000000 0.001796 -0.250158 0.000000 1.000000 0.000000 0.000000 -0.001796 0.000000 0.999998 2.862039
1763 0.999998 0.000000 0.001796 -0.250158 0.000000 1.000000 0.000000 0.000000 -0.001796 0.000000 0.999998 2.862039
1764 0.999998 0.000000 0.001796 -0.250158 0.000000 1.000000 0.000000 0.000000 -0.001796 0.000000 0.999998 2.862039
1765 0.999998 0.000000 0.001796 -0.250158 0.000000 1.000000 0.000000 0.000000 -0.001796 0.000000 0.999998 2.862039
1766 0.999998 0.000000 0.001796 -0.250158 0.000000 1.000000 0.000000 0.000000 -0.001796 0.000000 0.999998 2.862039
1767 0.999998 0.000000 0.001796 -0.250158 0.000000 1.000000 0.000000 0.000000 -0.001796 0.000000 0.999998 2.862039
1768 0.999998 0.000000 0.001796 -0.250158 0.000000 1.000000 0.000000 0.000000 -0.001796 0.000000 0.999998 2.862039
1769 0.999998 0.000000 0.001796 -0.250158 0.000000 1.000000 0.000000 0.000000 -0.001796 0.000000 0.999998 2.862039
1770 0.999998 0.000000 0.001796 -0.250158 0.000000 1.000000 0.000000 0.000000 -0.001796 0.000000 0.999998 2.862039
1771 0.999998 0.000000 0.001796 -0.250158 0.000000 1.000000 0.000000 0.000000 -0.001796 0.000000 0.999998 2.862039
1772 0.999998 0.000000 0.001796 -0.250158 0.000000 1.000000 0.000000 0.000000 -0.001796 0.000000 0.999998 2.862039
1773 0.999998 0.000000 0.001796 -0.250158 0.000000 1.000000 0.000000 0.000000 -0.001796 0.000000 0.999998 2.862039
1774 0.999998 0.000000 0.001796 -0.250158 0.000000 1.000000 0.000000 0.000000 -0.001796 0.000000 0.999998 2.862039
1775 0.999998 0.000000 0.001796 -0.250158 0.000000 1.000000 0.000000 0.000000 -0.001796 0.000000 0.999998 2.862039
1776 0.999998 0.000000 0.001796 -0.250158 0.000000 1.000000 0.000000 0.000000 -0.001796 0.000000 0.999998 2.862039
1777 0.999998 0.000000 0.001796 -0.250158 0.000000 1.000000 0.000000 0.000000 -0.001796 0.000000 0.999998 2.862039
1778 0.999998 0.000000 0.001796 -0.250158 0.000000 1.000000 0.000000 0.000000 -0.001796 0.000000 0.999998 2.862039
1779 0.999998 0.000000 0.001796 -0.250158 0.000000 1.000000 0.000000 0.000000 -0.001796 0.000000 0.999998 2.862039
1780 0.999998 0.000000 0.001796 -0.250158 0.000000 1.000000 0.000000 0.000000 -0.001796 0.000000 0.999998 2.862039
1781 0.999998 0.000000 0.001796 -0.250158 0.000000 1.000000 0.000000 0.000000 -0.001796 0.000000 0.999998 2.862039
1782 0.999998 0.000000 0.001796 -0.250158 0.000000 1.000000 0.000000 0.000000 -0.001796 0.000000 0.999998 2.862039
1783 0.999998 0.000000 0.001796 -0.250158 0.000000 1.000000 0.000000 0.000000 -0.001796 0.000000 0.999998 2.862039
1784 0.999998 0.000000 0.001796 -0.250158 0.000000 1.000000 0.000000 0.000000 -0.001796 0.000000 0.999998 2.862039
1785 0.999998 0.000000 0.001796 -0.250158 0.000000 1.000000 0.000000 0.000000 -0.001796 0.000000 0.999998 2.862039
1786 0.999998 0.000000 0.001796 -0.250158 0.000000 1.000000 0.000000 0.000000 -0.001796 0.000000 0.999998 2.862039
1787 0.999998 0.000000 0.001796 -0.250158 0.000000 1.000000 0.000000 0.000000 -0.001796 0.000000 0.999998 2.862039
1788 0.999998 0.000000 0.001796 -0.250158 0.000000 1.000000 0.000000 0.000000 -0.001796 0.000000 0.999998 2.862039
1789 0.999998 0.000000 0.001796 -0.250158 0.000000 1.000000 0.000000 0.000000 -0.001796 0.000000 0.999998 2.862039
1790 0.999998 0.000000 0.001796 -0.250158 0.000000 1.000000 0.000000 0.000000 -0.001796 0.000000 0.999998 2.862039
1791 0.999998 0.000000 0.001796 -0.250158 0.000000 1.000000 0.000000 0.000000 -0.001796 0.000000 0.999998 2.862039
1792 0.999998 0.000000 0.001796 -0.250158 0.000000 1.000000 0.000000 0.000000 -0.001796 0.000000 0.999998 2.862039
1793 0.999998 0.000000 0.001796 -0.250158 0.000000 1.000000 0.000000 0.000000 -0.001796 0.000000 0.999998 2.862039
1794 0.999998 0.000000 0.001796 -0.250158 0.000000 1.000000 0.000000 0.000000 -0.001796 0.000000 0.999998 2.862039
1795 0.999998 0.000000 0.001796 -0.250158 0.000000 1.000000 0.000000 0.000000 -0.001796 0.000000 0.999998 2.862039
1796 0.999998 0.000000 0.001796 -0.250158 0.000000 1.000000 0.000000 0.000000 -0.001796 0.000000 0.999998 2.862039
1797 0.999998 0.000000 0.001789 -0.250158 0.000000 1.000000 0.000000 0.000000 -0.001789 0.000000 0.999998 2.862039
1798 0.999998 0.000000 0.001772 -0.250158 0.000000 1.000000 0.000000 0.000000 -0.001772 0.000000 0.999998 2.862039
1799 0.999998 0.000000 0.001756 -0.250158 0.000000 1.000000 0.000000 0.000000 -0.001756 0.000000 0.999998 2.862039
1800 0.999998 0.000000 0.001739 -0.250158 0.000000 1.000000 0.000000 0.000000 -0.001739 0.000000 0.999998 2.862039
1801 0.999999 0.000000 0.001723 -0.250158 0.000000 1.000000 0.000000 0.000000 -0.001723 0.000000 0.999999 2.862039
1802 0.999999 0.000000 0.001706 -0.250158 0.000000 1.000000 0.000000 0.000000 -0.001706 0.000000 0.999999 2.862039
1803 0.999999 0.000000 0.001690 -0.250158 0.000000 1.000000 0.000000 0.000000 -0.001690 0.000000 0.999999 2.862039
1804 0.999999 0.000000 0.001673 -0.250158 0.000000 1.000000 0.000000 0.000000 -0.001673 0.000000 0.999999 2.862039
1805 0.999999 0.000000 0.001657 -0.250158 0.000000 1.000000 0.000000 0.000000 -0.001657 0.000000 0.999999 2.862039
1806 0.999999 0.000000 0.001640 -0.250158 0.000000 1.000000 0.000000 0.000000 -0.001640 0.000000 0.999999 2.862039
1807 0.999999 0.000000 0.001624 -0.250158 0.000000 1.000000 0.000000 0.000000 -0.001624 0.000000 0.999999 2.862039
1808 0.999999 0.000000 0.001607 -0.250158 0.000000 1.000000 0.000000 0.000000 -0.001607 0.000000 0.999999 2.862039
1809 0.999999 0.000000 0.001585 -0.250158 0.000000 1.000000 0.000000 0.000000 -0.001585 0.000000 0.999999 2.862036
1810 0.999999 0.000000 0.001553 -0.250158 0.000000 1.000000 0.000000 0.000000 -0.001553 0.000000 0.999999 2.862028
1811 0.999999 0.000000 0.001520 -0.250158 0.000000 1.000000 0.000000 0.000000 -0.001520 0.000000 0.999999 2.862020
1812 0.999999 0.000000 0.001488 -0.250158 0.000000 1.000000 0.000000 0.000000 -0.001488 0.000000 0.999999 2.862012
1813 0.999999 0.000000 0.001455 -0.250158 0.000000 1.000000 0.000000 0.000000 -0.001455 0.000000 0.999999 2.862003
1814 0.999999 0.000000 0.001423 -0.250158 0.000000 1.000000 0.000000 0.000000 -0.001423 0.000000 0.999999 2.861995
1815 0.999999 0.000000 0.001390 -0.250158 0.000000 1.000000 0.000000 0.000000 -0.001390 0.000000 0.999999 2.861987
1816 0.999999 0.000000 0.001358 -0.250158 0.000000 1.000000 0.000000 0.000000 -0.001358 0.000000 0.999999 2.861979
1817 0.999999 0.000000 0.001326 -0.250158 0.000000 1.000000 0.000000 0.000000 -0.001326 0.000000 0.999999 2.861971
1818 0.999999 0.000000 0.001293 -0.250158 0.000000 1.000000 0.000000 0.000000 -0.001293 0.000000 0.999999 2.861963
1819 0.999999 0.000000 0.001261 -0.250158 0.000000 1.000000 0.000000 0.000000 -0.001261 0.000000 0.999999 2.861955
1820 0.999999 0.000000 0.001228 -0.250158 0.000000 1.000000 0.000000 0.000000 -0.001228 0.000000 0.999999 2.861947
1821 0.999999 0.000000 0.001195 -0.250158 0.000000 1.000000 0.000000 0.000000 -0.001195 0.000000 0.999999 2.861938
1822 0.999999 0.000000 0.001109 -0.250158 0.000000 1.000000 0.000000 0.000000 -0.001109 0.000000 0.999999 2.861921
1823 0.999999 0.000000 0.001024 -0.250158 0.000000 1.000000 0.000000 0.000000 -0.001024 0.000000 0.999999 2.861904
1824 1.000000 0.000000 0.000939 -0.250158 0.000000 1.000000 0.000000 0.000000 -0.000939 0.000000 1.000000 2.861887
1825 1.000000 0.000000 0.000854 -0.250158 0.000000 1.000000 0.000000 0.000000 -0.000854 0.000000 1.000000 2.861870
1826 1.000000 0.000000 0.000769 -0.250158 0.000000 1.000000 0.000000 0.000000 -0.000769 0.000000 1.000000 2.861853
1827 1.000000 0.000000 0.000684 -0.250158 0.000000 1.000000 0.000000 0.000000 -0.000684 0.000000 1.000000 2.861836
1828 1.000000 0.000000 0.000598 -0.250158 0.000000 1.000000 0.000000 0.000000 -0.000598 0.000000 1.000000 2.861819
1829 1.000000 0.000000 0.000513 -0.250158 0.000000 1.000000 0.000000 0.000000 -0.000513 0.000000 1.000000 2.861802
1830 1.000000 0.000000 0.000428 -0.250158 0.000000 1.000000 0.000000 0.000000 -0.000428 0.000000 1.000000 2.861785
1831 1.000000 0.000000 0.000343 -0.250158 0.000000 1.000000 0.000000 0.000000 -0.000343 0.000000 1.000000 2.861768
1832 1.000000 0.000000 0.000258 -0.250158 0.000000 1.000000 0.000000 0.000000 -0.000258 0.000000 1.000000 2.861751
1833 1.000000 0.000000 -0.000236 -0.250156 0.000000 1.000000 0.000000 0.000000 0.000236 0.000000 1.000000 2.861572
1834 0.999998 0.000000 -0.001787 -0.250148 0.000000 1.000000 0.000000 0.000000 0.001787 0.000000 0.999998 2.860975
1835 0.999994 0.000000 -0.003338 -0.250139 0.000000 1.000000 0.000000 0.000000 0.003338 0.000000 0.999994 2.860378
1836 0.999988 0.000000 -0.004888 -0.250131 0.000000 1.000000 0.000000 0.000000 0.004888 0.000000 0.999988 2.859781
1837 0.999979 0.000000 -0.006439 -0.250123 0.000000 1.000000 0.000000 0.000000 0.006439 0.000000 0.999979 2.859184
1838 0.999968 0.000000 -0.007989 -0.250115 0.000000 1.000000 0.000000 0.000000 0.007989 0.000000 0.999968 2.858587
1839 0.999954 0.000000 -0.009540 -0.250106 0.000000 1.000000 0.000000 0.000000 0.009540 0.000000 0.999954 2.857990
1840 0.999939 0.000000 -0.011090 -0.250098 0.000000 1.000000 0.000000 0.000000 0.011090 0.000000 0.999939 2.857393
1841 0.999920 0.000000 -0.012641 -0.250090 0.000000 1.000000 0.000000 0.000000 0.012641 0.000000 0.999920 2.856796
1842 0.999899 0.000000 -0.014191 -0.250082 0.000000 1.000000 0.000000 0.000000 0.014191 0.000000 0.999899 2.856199
1843 0.999876 0.000000 -0.015742 -0.250073 0.000000 1.000000 0.000000 0.000000 0.015742 0.000000 0.999876 2.855602
1844 0.999850 0.000000 -0.017292 -0.250065 0.000000 1.000000 0.000000 0.000000 0.017292 0.000000 0.999850 2.855005
1845 0.999831 0.000000 -0.018383 -0.250053 0.000000 1.000000 0.000000 0.000000 0.018383 0.000000 0.999831 2.854265
1846 0.999841 0.000000 -0.017838 -0.250029 0.000000 1.000000 0.000000 0.000000 0.017838 0.000000 0.999841 2.853018
1847 0.999850 0.000000 -0.017293 -0.250004 0.000000 1.000000 0.000000 0.000000 0.017293 0.000000 0.999850 2.851771
1848 0.999860 0.000000 -0.016748 -0.249979 0.000000 1.000000 0.000000 0.000000 0.016748 0.000000 0.999860 2.850524
1849 0.999869 0.000000 -0.016203 -0.249955 0.000000 1.000000 0.000000 0.000000 0.016203 0.000000 0.999869 2.849277
1850 0.999877 0.000000 -0.015658 -0.249930 0.000000 1.000000 0.000000 0.000000 0.015658 0.000000 0.999877 2.848030
1851 0.999886 0.000000 -0.015113 -0.249906 0.000000 1.000000 0.000000 0.000000 0.015113 0.000000 0.999886 2.846783
1852 0.999894 0.000000 -0.014568 -0.249881 0.000000 1.000000 0.000000 0.000000 0.014568 0.000000 0.999894 2.845535
1853 0.999902 0.000000 -0.014023 -0.249856 0.000000 1.000000 0.000000 0.000000 0.014023 0.000000 0.999902 2.844288
1854 0.999909 0.000000 -0.013478 -0.249832 0.000000 1.000000 0.000000 0.000000 0.013478 0.000000 0.999909 2.843041
1855 0.999916 0.000000 -0.012933 -0.249807 0.000000 1.000000 0.000000 0.000000 0.012933 0.000000 0.999916 2.841794
1856 0.999923 0.000000 -0.012388 -0.249782 0.000000 1.000000 0.000000 0.000000 0.012388 0.000000 0.999923 2.840547
1857 0.999930 0.000000 -0.011831 -0.249759 0.000000 1.000000 0.000000 0.000000 0.011831 0.000000 0.999930 2.839256
1858 0.999937 0.000000 -0.011180 -0.249751 0.000000 1.000000 0.000000 0.000000 0.011180 0.000000 0.999937 2.837612
1859 0.999945 0.000000 -0.010530 -0.249743 0.000000 1.000000 0.000000 0.000000 0.010530 0.000000 0.999945 2.835969
1860 0.999951 0.000000 -0.009879 -0.249735 0.000000 1.000000 0.000000 0.000000 0.009879 0.000000 0.999951 2.834326
1861 0.999957 0.000000 -0.009228 -0.249727 0.000000 1.000000 0.000000 0.000000 0.009228 0.000000 0.999957 2.832682
1862 0.999963 0.000000 -0.008578 -0.249719 0.000000 1.000000 0.000000 0.000000 0.008578 0.000000 0.999963 2.831039
1863 0.999969 0.000000 -0.007927 -0.249710 0.000000 1.000000 0.000000 0.000000 0.007927 0.000000 0.999969 2.829396
1864 0.999974 0.000000 -0.007277 -0.249702 0.000000 1.000000 0.000000 0.000000 0.007277 0.000000 0.999974 2.827752
1865 0.999978 0.000000 -0.006626 -0.249694 0.000000 1.000000 0.000000 0.000000 0.006626 0.000000 0.999978 2.826109
1866 0.999982 0.000000 -0.005975 -0.249686 0.000000 1.000000 0.000000 0.000000 0.005975 0.000000 0.999982 2.824466
1867 0.999986 0.000000 -0.005325 -0.249678 0.000000 1.000000 0.000000 0.000000 0.005325 0.000000 0.999986 2.822823
1868 0.999989 0.000000 -0.004674 -0.249669 0.000000 1.000000 0.000000 0.000000 0.004674 0.000000 0.999989 2.821179
1869 0.999992 0.000000 -0.004076 -0.249661 0.000000 1.000000 0.000000 0.000000 0.004076 0.000000 0.999992 2.819542
1870 0.999993 0.000000 -0.003854 -0.249653 0.000000 1.000000 0.000000 0.000000 0.003854 0.000000 0.999993 2.817944
1871 0.999993 0.000000 -0.003632 -0.249645 0.000000 1.000000 0.000000 0.000000 0.003632 0.000000 0.999993 2.816347
1872 0.999994 0.000000 -0.003409 -0.249637 0.000000 1.000000 0.000000 0.000000 0.003409 0.000000 0.999994 2.814749
1873 0.999995 0.000000 -0.003187 -0.249629 0.000000 1.000000 0.000000 0.000000 0.003187 0.000000 0.999995 2.813152
1874 0.999996 0.000000 -0.002965 -0.249621 0.000000 1.000000 0.000000 0.000000 0.002965 0.000000 0.999996 2.811554
1875 0.999996 0.000000 -0.002742 -0.249613 0.000000 1.000000 0.000000 0.000000 0.002742 0.000000 0.999996 2.809957
1876 0.999997 0.000000 -0.002520 -0.249605 0.000000 1.000000 0.000000 0.000000 0.002520 0.000000 0.999997 2.808360
1877 0.999997 0.000000 -0.002298 -0.249597 0.000000 1.000000 0.000000 0.000000 0.002298 0.000000 0.999997 2.806762
1878 0.999998 0.000000 -0.002075 -0.249589 0.000000 1.000000 0.000000 0.000000 0.002075 0.000000 0.999998 2.805165
1879 0.999998 0.000000 -0.001853 -0.249581 0.000000 1.000000 0.000000 0.000000 0.001853 0.000000 0.999998 2.803567
1880 0.999999 0.000000 -0.001631 -0.249573 0.000000 1.000000 0.000000 0.000000 0.001631 0.000000 0.999999 2.801970
1881 0.999999 0.000000 -0.001408 -0.249564 0.000000 1.000000 0.000000 0.000000 0.001408 0.000000 0.999999 2.800372
1882 0.999999 0.000000 -0.001241 -0.249564 0.000000 1.000000 0.000000 0.000000 0.001241 0.000000 0.999999 2.798923
1883 0.999999 0.000000 -0.001075 -0.249565 0.000000 1.000000 0.000000 0.000000 0.001075 0.000000 0.999999 2.797477
1884 1.000000 0.000000 -0.000908 -0.249565 0.000000 1.000000 0.000000 0.000000 0.000908 0.000000 1.000000 2.796030
1885 1.000000 0.000000 -0.000742 -0.249565 0.000000 1.000000 0.000000 0.000000 0.000742 0.000000 1.000000 2.794584
1886 1.000000 0.000000 -0.000576 -0.249565 0.000000 1.000000 0.000000 0.000000 0.000576 0.000000 1.000000 2.793138
1887 1.000000 0.000000 -0.000410 -0.249565 0.000000 1.000000 0.000000 0.000000 0.000410 0.000000 1.000000 2.791692
1888 1.000000 0.000000 -0.000244 -0.249565 0.000000 1.000000 0.000000 0.000000 0.000244 0.000000 1.000000 2.790245
1889 1.000000 0.000000 -0.000077 -0.249565 0.000000 1.000000 0.000000 0.000000 0.000077 0.000000 1.000000 2.788799
1890 1.000000 0.000000 0.000089 -0.249566 0.000000 1.000000 0.000000 0.000000 -0.000089 0.000000 1.000000 2.787353
1891 1.000000 0.000000 0.000255 -0.249566 0.000000 1.000000 0.000000 0.000000 -0.000255 0.000000 1.000000 2.785907
1892 1.000000 0.000000 0.000421 -0.249566 0.000000 1.000000 0.000000 0.000000 -0.000421 0.000000 1.000000 2.784460
1893 1.000000 0.000000 0.000588 -0.249566 0.000000 1.000000 0.000000 0.000000 -0.000588 0.000000 1.000000 2.783014
1894 1.000000 0.000000 0.000080 -0.249566 0.000000 1.000000 0.000000 0.000000 -0.000080 0.000000 1.000000 2.781835
1895 1.000000 0.000000 -0.000465 -0.249566 0.000000 1.000000 0.000000 0.000000 0.000465 0.000000 1.000000 2.780670
1896 0.999999 0.000000 -0.001011 -0.249566 0.000000 1.000000 0.000000 0.000000 0.001011 0.000000 0.999999 2.779506
1897 0.999999 0.000000 -0.001556 -0.249566 0.000000 1.000000 0.000000 0.000000 0.001556 0.000000 0.999999 2.778341
1898 0.999998 0.000000 -0.002101 -0.249567 0.000000 1.000000 0.000000 0.000000 0.002101 0.000000 0.999998 2.777176
1899 0.999996 0.000000 -0.002646 -0.249567 0.000000 1.000000 0.000000 0.000000 0.002646 0.000000 0.999996 2.776012
1900 0.999995 0.000000 -0.003191 -0.249567 0.000000 1.000000 0.000000 0.000000 0.003191 0.000000 0.999995 2.774847
1901 0.999993 0.000000 -0.003736 -0.249567 0.000000 1.000000 0.000000 0.000000 0.003736 0.000000 0.999993 2.773683
1902 0.999991 0.000000 -0.004281 -0.249567 0.000000 1.000000 0.000000 0.000000 0.004281 0.000000 0.999991 2.772518
1903 0.999988 0.000000 -0.004826 -0.249567 0.000000 1.000000 0.000000 0.000000 0.004826 0.000000 0.999988 2.771354
1904 0.999986 0.000000 -0.005372 -0.249567 0.000000 1.000000 0.000000 0.000000 0.005372 0.000000 0.999986 2.770189
1905 0.999982 0.000000 -0.005917 -0.249567 0.000000 1.000000 0.000000 0.000000 0.005917 0.000000 0.999982 2.769024
1906 0.999982 0.000000 -0.005920 -0.249567 0.000000 1.000000 0.000000 0.000000 0.005920 0.000000 0.999982 2.768176
1907 0.999983 0.000000 -0.005820 -0.249568 0.000000 1.000000 0.000000 0.000000 0.005820 0.000000 0.999983 2.767387
1908 0.999984 0.000000 -0.005721 -0.249568 0.000000 1.000000 0.000000 0.000000 0.005721 0.000000 0.999984 2.766599
1909 0.999984 0.000000 -0.005621 -0.249568 0.000000 1.000000 0.000000 0.000000 0.005621 0.000000 0.999984 2.765810
1910 0.999985 0.000000 -0.005522 -0.249568 0.000000 1.000000 0.000000 0.000000 0.005522 0.000000 0.999985 2.765022
1911 0.999985 0.000000 -0.005422 -0.249568 0.000000 1.000000 0.000000 0.000000 0.005422 0.000000 0.999985 2.764233
1912 0.999986 0.000000 -0.005322 -0.249568 0.000000 1.000000 0.000000 0.000000 0.005322 0.000000 0.999986 2.763445
1913 0.999986 0.000000 -0.005223 -0.249568 0.000000 1.000000 0.000000 0.000000 0.005223 0.000000 0.999986 2.762656
1914 0.999987 0.000000 -0.005123 -0.249568 0.000000 1.000000 0.000000 0.000000 0.005123 0.000000 0.999987 2.761868
1915 0.999987 0.000000 -0.005024 -0.249568 0.000000 1.000000 0.000000 0.000000 0.005024 0.000000 0.999987 2.761079
1916 0.999988 0.000000 -0.004924 -0.249568 0.000000 1.000000 0.000000 0.000000 0.004924 0.000000 0.999988 2.760291
1917 0.999988 0.000000 -0.004824 -0.249568 0.000000 1.000000 0.000000 0.000000 0.004824 0.000000 0.999988 2.759502
1918 0.999989 0.000000 -0.004791 -0.249562 0.000000 1.000000 0.000000 0.000000 0.004791 0.000000 0.999989 2.758754
1919 0.999989 0.000000 -0.004774 -0.249554 0.000000 1.000000 0.000000 0.000000 0.004774 0.000000 0.999989 2.758016
1920 0.999989 0.000000 -0.004757 -0.249545 0.000000 1.000000 0.000000 0.000000 0.004757 0.000000 0.999989 2.757278
1921 0.999989 0.000000 -0.004741 -0.249537 0.000000 1.000000 0.000000 0.000000 0.004741 0.000000 0.999989 2.756540
1922 0.999989 0.000000 -0.004724 -0.249529 0.000000 1.000000 0.000000 0.000000 0.004724 0.000000 0.999989 2.755803
1923 0.999989 0.000000 -0.004708 -0.249521 0.000000 1.000000 0.000000 0.000000 0.004708 0.000000 0.999989 2.755065
1924 0.999989 0.000000 -0.004691 -0.249513 0.000000 1.000000 0.000000 0.000000 0.004691 0.000000 0.999989 2.754327
1925 0.999989 0.000000 -0.004674 -0.249504 0.000000 1.000000 0.000000 0.000000 0.004674 0.000000 0.999989 2.753589
1926 0.999989 0.000000 -0.004658 -0.249496 0.000000 1.000000 0.000000 0.000000 0.004658 0.000000 0.999989 2.752851
1927 0.999989 0.000000 -0.004641 -0.249488 0.000000 1.000000 0.000000 0.000000 0.004641 0.000000 0.999989 2.752113
1928 0.999989 0.000000 -0.004625 -0.249480 0.000000 1.000000 0.000000 0.000000 0.004625 0.000000 0.999989 2.751375
1929 0.999989 0.000000 -0.004608 -0.249471 0.000000 1.000000 0.000000 0.000000 0.004608 0.000000 0.999989 2.750637
1930 0.999991 0.000000 -0.004322 -0.249469 0.000000 1.000000 0.000000 0.000000 0.004322 0.000000 0.999991 2.750224
1931 0.999992 0.000000 -0.003937 -0.249469 0.000000 1.000000 0.000000 0.000000 0.003937 0.000000 0.999992 2.749931
1932 0.999994 0.000000 -0.003552 -0.249469 0.000000 1.000000 0.000000 0.000000 0.003552 0.000000 0.999994 2.749638
1933 0.999995 0.000000 -0.003166 -0.249469 0.000000 1.000000 0.000000 0.000000 0.003166 0.000000 0.999995 2.749345
1934 0.999996 0.000000 -0.002781 -0.249469 0.000000 1.000000 0.000000 0.000000 0.002781 0.000000 0.999996 2.749052
1935 0.999997 0.000000 -0.002396 -0.249469 0.000000 1.000000 0.000000 0.000000 0.002396 0.000000 0.999997 2.748759
1936 0.999998 0.000000 -0.002010 -0.249469 0.000000 1.000000 0.000000 0.000000 0.002010 0.000000 0.999998 2.748465
1937 0.999999 0.000000 -0.001625 -0.249469 0.000000 1.000000 0.000000 0.000000 0.001625 0.000000 0.999999 2.748172
1938 0.999999 0.000000 -0.001240 -0.249470 0.000000 1.000000 0.000000 0.000000 0.001240 0.000000 0.999999 2.747879
1939 1.000000 0.000000 -0.000854 -0.249470 0.000000 1.000000 0.000000 0.000000 0.000854 0.000000 1.000000 2.747586
1940 1.000000 0.000000 -0.000469 -0.249470 0.000000 1.000000 0.000000 0.000000 0.000469 0.000000 1.000000 2.747293
1941 1.000000 0.000000 -0.000084 -0.249470 0.000000 1.000000 0.000000 0.000000 0.000084 0.000000 1.000000 2.747000
1942 1.000000 0.000000 0.000029 -0.249470 0.000000 1.000000 0.000000 0.000000 -0.000029 0.000000 1.000000 2.747056
1943 1.000000 0.000000 0.000070 -0.249470 0.000000 1.000000 0.000000 0.000000 -0.000070 0.000000 1.000000 2.747204
1944 1.000000 0.000000 0.000111 -0.249470 0.000000 1.000000 0.000000 0.000000 -0.000111 0.000000 1.000000 2.747353
1945 1.000000 0.000000 0.000153 -0.249470 0.000000 1.000000 0.000000 0.000000 -0.000153 0.000000 1.000000 2.747501
1946 1.000000 0.000000 0.000194 -0.249470 0.000000 1.000000 0.000000 0.000000 -0.000194 0.000000 1.000000 2.747649
1947 1.000000 0.000000 0.000235 -0.249470 0.000000 1.000000 0.000000 0.000000 -0.000235 0.000000 1.000000 2.747798
1948 1.000000 0.000000 0.000276 -0.249469 0.000000 1.000000 0.000000 0.000000 -0.000276 0.000000 1.000000 2.747946
1949 1.000000 0.000000 0.000317 -0.249469 0.000000 1.000000 0.000000 0.000000 -0.000317 0.000000 1.000000 2.748094
1950 1.000000 0.000000 0.000359 -0.249469 0.000000 1.000000 0.000000 0.000000 -0.000359 0.000000 1.000000 2.748242
1951 1.000000 0.000000 0.000400 -0.249469 0.000000 1.000000 0.000000 0.000000 -0.000400 0.000000 1.000000 2.748391
1952 1.000000 0.000000 0.000441 -0.249469 0.000000 1.000000 0.000000 0.000000 -0.000441 0.000000 1.000000 2.748539
1953 1.000000 0.000000 0.000482 -0.249469 0.000000 1.000000 0.000000 0.000000 -0.000482 0.000000 1.000000 2.748687
1954 1.000000 0.000000 0.000371 -0.249469 0.000000 1.000000 0.000000 0.000000 -0.000371 0.000000 1.000000 2.748755
1955 1.000000 0.000000 0.000179 -0.249469 0.000000 1.000000 0.000000 0.000000 -0.000179 0.000000 1.000000 2.748780
1956 1.000000 0.000000 -0.000013 -0.249469 0.000000 1.000000 0.000000 0.000000 0.000013 0.000000 1.000000 2.748805
1957 1.000000 0.000000 -0.000205 -0.249469 0.000000 1.000000 0.000000 0.000000 0.000205 0.000000 1.000000 2.748830
1958 1.000000 0.000000 -0.000397 -0.249469 0.000000 1.000000 0.000000 0.000000 0.000397 0.000000 1.000000 2.748855
1959 1.000000 0.000000 -0.000589 -0.249469 0.000000 1.000000 0.000000 0.000000 0.000589 0.000000 1.000000 2.748880
1960 1.000000 0.000000 -0.000781 -0.249469 0.000000 1.000000 0.000000 0.000000 0.000781 0.000000 1.000000 2.748905
1961 1.000000 0.000000 -0.000972 -0.249469 0.000000 1.000000 0.000000 0.000000 0.000972 0.000000 1.000000 2.748930
1962 0.999999 0.000000 -0.001164 -0.249469 0.000000 1.000000 0.000000 0.000000 0.001164 0.000000 0.999999 2.748955
1963 0.999999 0.000000 -0.001356 -0.249469 0.000000 1.000000 0.000000 0.000000 0.001356 0.000000 0.999999 2.748980
1964 0.999999 0.000000 -0.001548 -0.249469 0.000000 1.000000 0.000000 0.000000 0.001548 0.000000 0.999999 2.749005
1965 0.999998 0.000000 -0.001740 -0.249469 0.000000 1.000000 0.000000 0.000000 0.001740 0.000000 0.999998 2.749030
1966 0.999998 0.000000 -0.001826 -0.249469 0.000000 1.000000 0.000000 0.000000 0.001826 0.000000 0.999998 2.749011
1967 0.999998 0.000000 -0.001859 -0.249469 0.000000 1.000000 0.000000 0.000000 0.001859 0.000000 0.999998 2.748969
1968 0.999998 0.000000 -0.001892 -0.249469 0.000000 1.000000 0.000000 0.000000 0.001892 0.000000 0.999998 2.748928
1969 0.999998 0.000000 -0.001926 -0.249469 0.000000 1.000000 0.000000 0.000000 0.001926 0.000000 0.999998 2.748886
1970 0.999998 0.000000 -0.001959 -0.249469 0.000000 1.000000 0.000000 0.000000 0.001959 0.000000 0.999998 2.748845
1971 0.999998 0.000000 -0.001992 -0.249469 0.000000 1.000000 0.000000 0.000000 0.001992 0.000000 0.999998 2.748803
1972 0.999998 0.000000 -0.002025 -0.249469 0.000000 1.000000 0.000000 0.000000 0.002025 0.000000 0.999998 2.748762
1973 0.999998 0.000000 -0.002059 -0.249469 0.000000 1.000000 0.000000 0.000000 0.002059 0.000000 0.999998 2.748720
1974 0.999998 0.000000 -0.002092 -0.249469 0.000000 1.000000 0.000000 0.000000 0.002092 0.000000 0.999998 2.748679
1975 0.999998 0.000000 -0.002125 -0.249469 0.000000 1.000000 0.000000 0.000000 0.002125 0.000000 0.999998 2.748637
1976 0.999998 0.000000 -0.002158 -0.249469 0.000000 1.000000 0.000000 0.000000 0.002158 0.000000 0.999998 2.748595
1977 0.999998 0.000000 -0.002191 -0.249469 0.000000 1.000000 0.000000 0.000000 0.002191 0.000000 0.999998 2.748554
1978 0.999996 0.000000 -0.002925 -0.249469 0.000000 1.000000 0.000000 0.000000 0.002925 0.000000 0.999996 2.748586
1979 0.999992 0.000000 -0.004067 -0.249469 0.000000 1.000000 0.000000 0.000000 0.004067 0.000000 0.999992 2.748660
1980 0.999986 0.000000 -0.005209 -0.249469 0.000000 1.000000 0.000000 0.000000 0.005209 0.000000 0.999986 2.748735
1981 0.999980 0.000000 -0.006351 -0.249469 0.000000 1.000000 0.000000 0.000000 0.006351 0.000000 0.999980 2.748809
1982 0.999972 0.000000 -0.007493 -0.249469 0.000000 1.000000 0.000000 0.000000 0.007493 0.000000 0.999972 2.748884
1983 0.999963 0.000000 -0.008635 -0.249469 0.000000 1.000000 0.000000 0.000000 0.008635 0.000000 0.999963 2.748958
1984 0.999952 0.000000 -0.009777 -0.249469 0.000000 1.000000 0.000000 0.000000 0.009777 0.000000 0.999952 2.749032
1985 0.999940 0.000000 -0.010919 -0.249469 0.000000 1.000000 0.000000 0.000000 0.010919 0.000000 0.999940 2.749107
1986 0.999927 0.000000 -0.012060 -0.249469 0.000000 1.000000 0.000000 0.000000 0.012060 0.000000 0.999927 2.749181
1987 0.999913 0.000000 -0.013202 -0.249469 0.000000 1.000000 0.000000 0.000000 0.013202 0.000000 0.999913 2.749256
1988 0.999897 0.000000 -0.014344 -0.249469 0.000000 1.000000 0.000000 0.000000 0.014344 0.000000 0.999897 2.749330
1989 0.999880 0.000000 -0.015486 -0.249469 0.000000 1.000000 0.000000 0.000000 0.015486 0.000000 0.999880 2.749405
1990 0.999749 0.000000 -0.022395 -0.249478 0.000000 1.000000 0.000000 0.000000 0.022395 0.000000 0.999749 2.749502
1991 0.999419 0.000000 -0.034074 -0.249495 0.000000 1.000000 0.000000 0.000000 0.034074 0.000000 0.999419 2.749618
1992 0.998953 0.000000 -0.045749 -0.249512 0.000000 1.000000 0.000000 0.000000 0.045749 0.000000 0.998953 2.749735
1993 0.998350 0.000000 -0.057417 -0.249528 0.000000 1.000000 0.000000 0.000000 0.057417 0.000000 0.998350 2.749851
1994 0.997611 0.000000 -0.069077 -0.249545 0.000000 1.000000 0.000000 0.000000 0.069077 0.000000 0.997611 2.749967
1995 0.996736 0.000000 -0.080728 -0.249561 0.000000 1.000000 0.000000 0.000000 0.080728 0.000000 0.996736 2.750083
1996 0.995725 0.000000 -0.092367 -0.249578 0.000000 1.000000 0.000000 0.000000 0.092367 0.000000 0.995725 2.750200
1997 0.994578 0.000000 -0.103994 -0.249595 0.000000 1.000000 0.000000 0.000000 0.103994 0.000000 0.994578 2.750316
1998 0.993295 0.000000 -0.115607 -0.249611 0.000000 1.000000 0.000000 0.000000 0.115607 0.000000 0.993295 2.750432
1999 0.991877 0.000000 -0.127204 -0.249628 0.000000 1.000000 0.000000 0.000000 0.127204 0.000000 0.991877 2.750549
2000 0.990323 0.000000 -0.138784 -0.249644 0.000000 1.000000 0.000000 0.000000 0.138784 0.000000 0.990323 2.750665
2001 0.988634 0.000000 -0.150345 -0.249661 0.000000 1.000000 0.000000 0.000000 0.150345 0.000000 0.988634 2.750781
2002 0.985900 0.000000 -0.167336 -0.249682 0.000000 1.000000 0.000000 0.000000 0.167336 0.000000 0.985900 2.750893
2003 0.981861 0.000000 -0.189602 -0.249707 0.000000 1.000000 0.000000 0.000000 0.189602 0.000000 0.981861 2.751000
2004 0.977319 0.000000 -0.211773 -0.249731 0.000000 1.000000 0.000000 0.000000 0.211773 0.000000 0.977319 2.751108
2005 0.972277 0.000000 -0.233834 -0.249756 0.000000 1.000000 0.000000 0.000000 0.233834 0.000000 0.972277 2.751215
2006 0.966736 0.000000 -0.255776 -0.249781 0.000000 1.000000 0.000000 0.000000 0.255776 0.000000 0.966736 2.751323
2007 0.960701 0.000000 -0.277587 -0.249806 0.000000 1.000000 0.000000 0.000000 0.277587 0.000000 0.960701 2.751430
2008 0.954173 0.000000 -0.299256 -0.249830 0.000000 1.000000 0.000000 0.000000 0.299256 0.000000 0.954173 2.751538
2009 0.947157 0.000000 -0.320771 -0.249855 0.000000 1.000000 0.000000 0.000000 0.320771 0.000000 0.947157 2.751645
2010 0.939655 0.000000 -0.342122 -0.249880 0.000000 1.000000 0.000000 0.000000 0.342122 0.000000 0.939655 2.751752
2011 0.931673 0.000000 -0.363298 -0.249905 0.000000 1.000000 0.000000 0.000000 0.363298 0.000000 0.931673 2.751860
2012 0.923213 0.000000 -0.384288 -0.249930 0.000000 1.000000 0.000000 0.000000 0.384288 0.000000 0.923213 2.751967
2013 0.914281 0.000000 -0.405081 -0.249954 0.000000 1.000000 0.000000 0.000000 0.405081 0.000000 0.914281 2.752075
2014 0.904325 0.000000 -0.426844 -0.249969 0.000000 1.000000 0.000000 0.000000 0.426844 0.000000 0.904325 2.752139
2015 0.892997 0.000000 -0.450063 -0.249969 0.000000 1.000000 0.000000 0.000000 0.450063 0.000000 0.892997 2.752139
2016 0.881073 0.000000 -0.472980 -0.249969 0.000000 1.000000 0.000000 0.000000 0.472980 0.000000 0.881073 2.752139
2017 0.868561 0.000000 -0.495583 -0.249969 0.000000 1.000000 0.000000 0.000000 0.495583 0.000000 0.868561 2.752139
2018 0.855469 0.000000 -0.517854 -0.249969 0.000000 1.000000 0.000000 0.000000 0.517854 0.000000 0.855469 2.752139
2019 0.841806 0.000000 -0.539780 -0.249969 0.000000 1.000000 0.000000 0.000000 0.539780 0.000000 0.841806 2.752139
2020 0.827582 0.000000 -0.561345 -0.249969 0.000000 1.000000 0.000000 0.000000 0.561345 0.000000 0.827582 2.752139
2021 0.812805 0.000000 -0.582536 -0.249969 0.000000 1.000000 0.000000 0.000000 0.582536 0.000000 0.812805 2.752139
2022 0.797485 0.000000 -0.603338 -0.249969 0.000000 1.000000 0.000000 0.000000 0.603338 0.000000 0.797485 2.752139
2023 0.781634 0.000000 -0.623738 -0.249969 0.000000 1.000000 0.000000 0.000000 0.623738 0.000000 0.781634 2.752139
2024 0.765261 0.000000 -0.643721 -0.249969 0.000000 1.000000 0.000000 0.000000 0.643721 0.000000 0.765261 2.752139
2025 0.748376 0.000000 -0.663274 -0.249969 0.000000 1.000000 0.000000 0.000000 0.663274 0.000000 0.748376 2.752139
2026 0.731075 0.000000 -0.682297 -0.249972 0.000000 1.000000 0.000000 0.000000 0.682297 0.000000 0.731075 2.752142
2027 0.713424 0.000000 -0.700732 -0.249981 0.000000 1.000000 0.000000 0.000000 0.700732 0.000000 0.713424 2.752150
2028 0.695308 0.000000 -0.718712 -0.249989 0.000000 1.000000 0.000000 0.000000 0.718712 0.000000 0.695308 2.752158
2029 0.676739 0.000000 -0.736223 -0.249997 0.000000 1.000000 0.000000 0.000000 0.736223 0.000000 0.676739 2.752167
2030 0.657729 0.000000 -0.753255 -0.250005 0.000000 1.000000 0.000000 0.000000 0.753255 0.000000 0.657729 2.752175
2031 0.638290 0.000000 -0.769796 -0.250014 0.000000 1.000000 0.000000 0.000000 0.769796 0.000000 0.638290 2.752183
2032 0.618436 0.000000 -0.785835 -0.250022 0.000000 1.000000 0.000000 0.000000 0.785835 0.000000 0.618436 2.752192
2033 0.598179 0.000000 -0.801363 -0.250030 0.000000 1.000000 0.000000 0.000000 0.801363 0.000000 0.598179 2.752200
2034 0.577532 0.000000 -0.816368 -0.250039 0.000000 1.000000 0.000000 0.000000 0.816368 0.000000 0.577532 2.752208
2035 0.556509 0.000000 -0.830842 -0.250047 0.000000 1.000000 0.000000 0.000000 0.830842 0.000000 0.556509 2.752216
2036 0.535123 0.000000 -0.844774 -0.250055 0.000000 1.000000 0.000000 0.000000 0.844774 0.000000 0.535123 2.752225
2037 0.513389 0.000000 -0.858156 -0.250063 0.000000 1.000000 0.000000 0.000000 0.858156 0.000000 0.513389 2.752233
2038 0.491933 0.000000 -0.870633 -0.250061 0.000000 1.000000 0.000000 0.000000 0.870633 0.000000 0.491933 2.752236
2039 0.471590 0.000000 -0.881818 -0.250037 0.000000 1.000000 0.000000 0.000000 0.881818 0.000000 0.471590 2.752228
2040 0.450992 0.000000 -0.892528 -0.250012 0.000000 1.000000 0.000000 0.000000 0.892528 0.000000 0.450992 2.752220
2041 0.430151 0.000000 -0.902757 -0.249987 0.000000 1.000000 0.000000 0.000000 0.902757 0.000000 0.430151 2.752211
2042 0.409079 0.000000 -0.912499 -0.249962 0.000000 1.000000 0.000000 0.000000 0.912499 0.000000 0.409079 2.752203
2043 0.387785 0.000000 -0.921750 -0.249937 0.000000 1.000000 0.000000 0.000000 0.921750 0.000000 0.387785 2.752195
2044 0.366284 0.000000 -0.930503 -0.249913 0.000000 1.000000 0.000000 0.000000 0.930503 0.000000 0.366284 2.752186
2045 0.344584 0.000000 -0.938756 -0.249888 0.000000 1.000000 0.000000 0.000000 0.938756 0.000000 0.344584 2.752178
2046 0.322699 0.000000 -0.946502 -0.249863 0.000000 1.000000 0.000000 0.000000 0.946502 0.000000 0.322699 2.752170
2047 0.300640 0.000000 -0.953738 -0.249838 0.000000 1.000000 0.000000 0.000000 0.953738 0.000000 0.300640 2.752162
2048 0.278419 0.000000 -0.960460 -0.249813 0.000000 1.000000 0.000000 0.000000 0.960460 0.000000 0.278419 2.752153
2049 0.256047 0.000000 -0.966664 -0.249788 0.000000 1.000000 0.000000 0.000000 0.966664 0.000000 0.256047 2.752145
2050 0.236378 0.000000 -0.971661 -0.249764 0.000000 1.000000 0.000000 0.000000 0.971661 0.000000 0.236378 2.752139
2051 0.226534 0.000000 -0.974003 -0.249739 0.000000 1.000000 0.000000 0.000000 0.974003 0.000000 0.226534 2.752139
2052 0.216668 0.000000 -0.976245 -0.249714 0.000000 1.000000 0.000000 0.000000 0.976245 0.000000 0.216668 2.752139
2053 0.206780 0.000000 -0.978388 -0.249689 0.000000 1.000000 0.000000 0.000000 0.978388 0.000000 0.206780 2.752139
2054 0.196870 0.000000 -0.980430 -0.249664 0.000000 1.000000 0.000000 0.000000 0.980430 0.000000 0.196870 2.752139
2055 0.186940 0.000000 -0.982371 -0.249640 0.000000 1.000000 0.000000 0.000000 0.982371 0.000000 0.186940 2.752139
2056 0.176991 0.000000 -0.984212 -0.249615 0.000000 1.000000 0.000000 0.000000 0.984212 0.000000 0.176991 2.752139
2057 0.167024 0.000000 -0.985953 -0.249590 0.000000 1.000000 0.000000 0.000000 0.985953 0.000000 0.167024 2.752139
2058 0.157040 0.000000 -0.987592 -0.249565 0.000000 1.000000 0.000000 0.000000 0.987592 0.000000 0.157040 2.752139
2059 0.147040 0.000000 -0.989131 -0.249541 0.000000 1.000000 0.000000 0.000000 0.989131 0.000000 0.147040 2.752139
2060 0.137024 0.000000 -0.990568 -0.249516 0.000000 1.000000 0.000000 0.000000 0.990568 0.000000 0.137024 2.752139
2061 0.126995 0.000000 -0.991903 -0.249491 0.000000 1.000000 0.000000 0.000000 0.991903 0.000000 0.126995 2.752139
2062 0.117613 0.000000 -0.993059 -0.249471 0.000000 1.000000 0.000000 0.000000 0.993059 0.000000 0.117613 2.752139
2063 0.113268 0.000000 -0.993564 -0.249488 0.000000 1.000000 0.000000 0.000000 0.993564 0.000000 0.113268 2.752139
2064 0.108921 0.000000 -0.994050 -0.249504 0.000000 1.000000 0.000000 0.000000 0.994050 0.000000 0.108921 2.752139
2065 0.104571 0.000000 -0.994517 -0.249521 0.000000 1.000000 0.000000 0.000000 0.994517 0.000000 0.104571 2.752139
2066 0.100220 0.000000 -0.994965 -0.249538 0.000000 1.000000 0.000000 0.000000 0.994965 0.000000 0.100220 2.752139
2067 0.095866 0.000000 -0.995394 -0.249554 0.000000 1.000000 0.000000 0.000000 0.995394 0.000000 0.095866 2.752139
2068 0.091511 0.000000 -0.995804 -0.249571 0.000000 1.000000 0.000000 0.000000 0.995804 0.000000 0.091511 2.752139
2069 0.087154 0.000000 -0.996195 -0.249588 0.000000 1.000000 0.000000 0.000000 0.996195 0.000000 0.087154 2.752139
2070 0.082795 0.000000 -0.996567 -0.249604 0.000000 1.000000 0.000000 0.000000 0.996567 0.000000 0.082795 2.752139
2071 0.078435 0.000000 -0.996919 -0.249621 0.000000 1.000000 0.000000 0.000000 0.996919 0.000000 0.078435 2.752139
2072 0.074073 0.000000 -0.997253 -0.249638 0.000000 1.000000 0.000000 0.000000 0.997253 0.000000 0.074073 2.752139
2073 0.069710 0.000000 -0.997567 -0.249654 0.000000 1.000000 0.000000 0.000000 0.997567 0.000000 0.069710 2.752139
2074 0.065360 0.000000 -0.997862 -0.249672 0.000000 1.000000 0.000000 0.000000 0.997862 0.000000 0.065360 2.752139
2075 0.061118 0.000000 -0.998131 -0.249697 0.000000 1.000000 0.000000 0.000000 0.998131 0.000000 0.061118 2.752139
2076 0.056875 0.000000 -0.998381 -0.249722 0.000000 1.000000 0.000000 0.000000 0.998381 0.000000 0.056875 2.752139
2077 0.052630 0.000000 -0.998614 -0.249746 0.000000 1.000000 0.000000 0.000000 0.998614 0.000000 0.052630 2.752139
2078 0.048385 0.000000 -0.998829 -0.249771 0.000000 1.000000 0.000000 0.000000 0.998829 0.000000 0.048385 2.752139
2079 0.044139 0.000000 -0.999025 -0.249796 0.000000 1.000000 0.000000 0.000000 0.999025 0.000000 0.044139 2.752139
2080 0.039893 0.000000 -0.999204 -0.249821 0.000000 1.000000 0.000000 0.000000 0.999204 0.000000 0.039893 2.752139
2081 0.035645 0.000000 -0.999365 -0.249846 0.000000 1.000000 0.000000 0.000000 0.999365 0.000000 0.035645 2.752139
2082 0.031397 0.000000 -0.999507 -0.249870 0.000000 1.000000 0.000000 0.000000 0.999507 0.000000 0.031397 2.752139
2083 0.027148 0.000000 -0.999631 -0.249895 0.000000 1.000000 0.000000 0.000000 0.999631 0.000000 0.027148 2.752139
2084 0.022899 0.000000 -0.999738 -0.249920 0.000000 1.000000 0.000000 0.000000 0.999738 0.000000 0.022899 2.752139
2085 0.018650 0.000000 -0.999826 -0.249945 0.000000 1.000000 0.000000 0.000000 0.999826 0.000000 0.018650 2.752139
2086 0.014470 0.000000 -0.999895 -0.249954 0.000000 1.000000 0.000000 0.000000 0.999895 0.000000 0.014470 2.752139
2087 0.013453 0.000000 -0.999909 -0.249262 0.000000 1.000000 0.000000 0.000000 0.999909 0.000000 0.013453 2.752139
2088 0.012437 0.000000 -0.999923 -0.248571 0.000000 1.000000 0.000000 0.000000 0.999923 0.000000 0.012437 2.752138
2089 0.011420 0.000000 -0.999935 -0.247879 0.000000 1.000000 0.000000 0.000000 0.999935 0.000000 0.011420 2.752138
2090 0.010403 0.000000 -0.999946 -0.247187 0.000000 1.000000 0.000000 0.000000 0.999946 0.000000 0.010403 2.752138
2091 0.009386 0.000000 -0.999956 -0.246495 0.000000 1.000000 0.000000 0.000000 0.999956 0.000000 0.009386 2.752138
2092 0.008370 0.000000 -0.999965 -0.245803 0.000000 1.000000 0.000000 0.000000 0.999965 0.000000 0.008370 2.752138
2093 0.007353 0.000000 -0.999973 -0.245112 0.000000 1.000000 0.000000 0.000000 0.999973 0.000000 0.007353 2.752138
2094 0.006336 0.000000 -0.999980 -0.244420 0.000000 1.000000 0.000000 0.000000 0.999980 0.000000 0.006336 2.752138
2095 0.005319 0.000000 -0.999986 -0.243728 0.000000 1.000000 0.000000 0.000000 0.999986 0.000000 0.005319 2.752138
2096 0.004302 0.000000 -0.999991 -0.243036 0.000000 1.000000 0.000000 0.000000 0.999991 0.000000 0.004302 2.752138
2097 0.003286 0.000000 -0.999995 -0.242345 0.000000 1.000000 0.000000 0.000000 0.999995 0.000000 0.003286 2.752138
2098 0.002298 0.000000 -0.999997 -0.241630 0.000000 1.000000 0.000000 0.000000 0.999997 0.000000 0.002298 2.752138
2099 0.002524 0.000000 -0.999997 -0.239958 0.000000 1.000000 0.000000 0.000000 0.999997 0.000000 0.002524 2.752129
2100 0.002749 0.000000 -0.999996 -0.238286 0.000000 1.000000 0.000000 0.000000 0.999996 0.000000 0.002749 2.752121
2101 0.002975 0.000000 -0.999996 -0.236614 0.000000 1.000000 0.000000 0.000000 0.999996 0.000000 0.002975 2.752112
2102 0.003201 0.000000 -0.999995 -0.234942 0.000000 1.000000 0.000000 0.000000 0.999995 0.000000 0.003201 2.752104
2103 0.003426 0.000000 -0.999994 -0.233270 0.000000 1.000000 0.000000 0.000000 0.999994 0.000000 0.003426 2.752095
2104 0.003652 0.000000 -0.999993 -0.231599 0.000000 1.000000 0.000000 0.000000 0.999993 0.000000 0.003652 2.752086
2105 0.003878 0.000000 -0.999992 -0.229927 0.000000 1.000000 0.000000 0.000000 0.999992 0.000000 0.003878 2.752078
2106 0.004104 0.000000 -0.999992 -0.228255 0.000000 1.000000 0.000000 0.000000 0.999992 0.000000 0.004104 2.752069
2107 0.004329 0.000000 -0.999991 -0.226583 0.000000 1.000000 0.000000 0.000000 0.999991 0.000000 0.004329 2.752061
2108 0.004555 0.000000 -0.999990 -0.224911 0.000000 1.000000 0.000000 0.000000 0.999990 0.000000 0.004555 2.752052
2109 0.004781 0.000000 -0.999989 -0.223239 0.000000 1.000000 0.000000 0.000000 0.999989 0.000000 0.004781 2.752044
2110 0.005031 0.000000 -0.999987 -0.221539 0.000000 1.000000 0.000000 0.000000 0.999987 0.000000 0.005031 2.752035
2111 0.005653 0.000000 -0.999984 -0.219407 0.000000 1.000000 0.000000 0.000000 0.999984 0.000000 0.005653 2.752018
2112 0.006275 0.000000 -0.999980 -0.217275 0.000000 1.000000 0.000000 0.000000 0.999980 0.000000 0.006275 2.752001
2113 0.006897 0.000000 -0.999976 -0.215143 0.000000 1.000000 0.000000 0.000000 0.999976 0.000000 0.006897 2.751984
2114 0.007519 0.000000 -0.999972 -0.213012 0.000000 1.000000 0.000000 0.000000 0.999972 0.000000 0.007519 2.751968
2115 0.008141 0.000000 -0.999967 -0.210880 0.000000 1.000000 0.000000 0.000000 0.999967 0.000000 0.008141 2.751951
2116 0.008763 0.000000 -0.999962 -0.208748 0.000000 1.000000 0.000000 0.000000 0.999962 0.000000 0.008763 2.751934
2117 0.009385 0.000000 -0.999956 -0.206616 0.000000 1.000000 0.000000 0.000000 0.999956 0.000000 0.009385 2.751917
2118 0.010008 0.000000 -0.999950 -0.204484 0.000000 1.000000 0.000000 0.000000 0.999950 0.000000 0.010008 2.751900
2119 0.010630 0.000000 -0.999944 -0.202352 0.000000 1.000000 0.000000 0.000000 0.999944 0.000000 0.010630 2.751884
2120 0.011252 0.000000 -0.999937 -0.200220 0.000000 1.000000 0.000000 0.000000 0.999937 0.000000 0.011252 2.751867
2121 0.011874 0.000000 -0.999930 -0.198089 0.000000 1.000000 0.000000 0.000000 0.999930 0.000000 0.011874 2.751850
2122 0.012495 0.000000 -0.999922 -0.195957 0.000000 1.000000 0.000000 0.000000 0.999922 0.000000 0.012495 2.751833
2123 0.012907 0.000000 -0.999917 -0.193897 0.000000 1.000000 0.000000 0.000000 0.999917 0.000000 0.012907 2.751800
2124 0.013319 0.000000 -0.999911 -0.191837 0.000000 1.000000 0.000000 0.000000 0.999911 0.000000 0.013319 2.751767
2125 0.013731 0.000000 -0.999906 -0.189777 0.000000 1.000000 0.000000 0.000000 0.999906 0.000000 0.013731 2.751734
2126 0.014143 0.000000 -0.999900 -0.187717 0.000000 1.000000 0.000000 0.000000 0.999900 0.000000 0.014143 2.751700
2127 0.014555 0.000000 -0.999894 -0.185657 0.000000 1.000000 0.000000 0.000000 0.999894 0.000000 0.014555 2.751667
2128 0.014966 0.000000 -0.999888 -0.183597 0.000000 1.000000 0.000000 0.000000 0.999888 0.000000 0.014966 2.751634
2129 0.015378 0.000000 -0.999882 -0.181537 0.000000 1.000000 0.000000 0.000000 0.999882 0.000000 0.015378 2.751601
2130 0.015790 0.000000 -0.999875 -0.179477 0.000000 1.000000 0.000000 0.000000 0.999875 0.000000 0.015790 2.751568
2131 0.016202 0.000000 -0.999869 -0.177417 0.000000 1.000000 0.000000 0.000000 0.999869 0.000000 0.016202 2.751535
2132 0.016614 0.000000 -0.999862 -0.175357 0.000000 1.000000 0.000000 0.000000 0.999862 0.000000 0.016614 2.751501
2133 0.017026 0.000000 -0.999855 -0.173297 0.000000 1.000000 0.000000 0.000000 0.999855 0.000000 0.017026 2.751468
2134 0.017438 0.000000 -0.999848 -0.171237 0.000000 1.000000 0.000000 0.000000 0.999848 0.000000 0.017438 2.751435
2135 0.017246 0.000000 -0.999851 -0.169218 0.000000 1.000000 0.000000 0.000000 0.999851 0.000000 0.017246 2.751402
2136 0.016963 0.000000 -0.999856 -0.167205 0.000000 1.000000 0.000000 0.000000 0.999856 0.000000 0.016963 2.751368
2137 0.016680 0.000000 -0.999861 -0.165191 0.000000 1.000000 0.000000 0.000000 0.999861 0.000000 0.016680 2.751335
2138 0.016397 0.000000 -0.999866 -0.163178 0.000000 1.000000 0.000000 0.000000 0.999866 0.000000 0.016397 2.751301
2139 0.016115 0.000000 -0.999870 -0.161165 0.000000 1.000000 0.000000 0.000000 0.999870 0.000000 0.016115 2.751268
2140 0.015832 0.000000 -0.999875 -0.159152 0.000000 1.000000 0.000000 0.000000 0.999875 0.000000 0.015832 2.751234
2141 0.015549 0.000000 -0.999879 -0.157138 0.000000 1.000000 0.000000 0.000000 0.999879 0.000000 0.015549 2.751201
2142 0.015266 0.000000 -0.999883 -0.155125 0.000000 1.000000 0.000000 0.000000 0.999883 0.000000 0.015266 2.751167
2143 0.014983 0.000000 -0.999888 -0.153112 0.000000 1.000000 0.000000 0.000000 0.999888 0.000000 0.014983 2.751134
2144 0.014700 0.000000 -0.999892 -0.151099 0.000000 1.000000 0.000000 0.000000 0.999892 0.000000 0.014700 2.751100
2145 0.014418 0.000000 -0.999896 -0.149086 0.000000 1.000000 0.000000 0.000000 0.999896 0.000000 0.014418 2.751067
2146 0.014135 0.000000 -0.999900 -0.147072 0.000000 1.000000 0.000000 0.000000 0.999900 0.000000 0.014135 2.751033
2147 0.013395 0.000000 -0.999910 -0.145909 0.000000 1.000000 0.000000 0.000000 0.999910 0.000000 0.013395 2.751014
2148 0.012573 0.000000 -0.999921 -0.144897 0.000000 1.000000 0.000000 0.000000 0.999921 0.000000 0.012573 2.750997
2149 0.011752 0.000000 -0.999931 -0.143885 0.000000 1.000000 0.000000 0.000000 0.999931 0.000000 0.011752 2.750981
2150 0.010931 0.000000 -0.999940 -0.142873 0.000000 1.000000 0.000000 0.000000 0.999940 0.000000 0.010931 2.750964
2151 0.010109 0.000000 -0.999949 -0.141861 0.000000 1.000000 0.000000 0.000000 0.999949 0.000000 0.010109 2.750947
2152 0.009288 0.000000 -0.999957 -0.140849 0.000000 1.000000 0.000000 0.000000 0.999957 0.000000 0.009288 2.750931
2153 0.008467 0.000000 -0.999964 -0.139837 0.000000 1.000000 0.000000 0.000000 0.999964 0.000000 0.008467 2.750914
2154 0.007646 0.000000 -0.999971 -0.138824 0.000000 1.000000 0.000000 0.000000 0.999971 0.000000 0.007646 2.750897
2155 0.006824 0.000000 -0.999977 -0.137812 0.000000 1.000000 0.000000 0.000000 0.999977 0.000000 0.006824 2.750881
2156 0.006003 0.000000 -0.999982 -0.136800 0.000000 1.000000 0.000000 0.000000 0.999982 0.000000 0.006003 2.750864
2157 0.005182 0.000000 -0.999987 -0.135788 0.000000 1.000000 0.000000 0.000000 0.999987 0.000000 0.005182 2.750847
2158 0.004360 0.000000 -0.999990 -0.134776 0.000000 1.000000 0.000000 0.000000 0.999990 0.000000 0.004360 2.750831
2159 0.004166 0.000000 -0.999991 -0.134569 0.000000 1.000000 0.000000 0.000000 0.999991 0.000000 0.004166 2.750827
2160 0.004134 0.000000 -0.999991 -0.134569 0.000000 1.000000 0.000000 0.000000 0.999991 0.000000 0.004134 2.750827
2161 0.004101 0.000000 -0.999992 -0.134569 0.000000 1.000000 0.000000 0.000000 0.999992 0.000000 0.004101 2.750827
2162 0.004068 0.000000 -0.999992 -0.134569 0.000000 1.000000 0.000000 0.000000 0.999992 0.000000 0.004068 2.750827
2163 0.004035 0.000000 -0.999992 -0.134569 0.000000 1.000000 0.000000 0.000000 0.999992 0.000000 0.004035 2.750827
2164 0.004002 0.000000 -0.999992 -0.134569 0.000000 1.000000 0.000000 0.000000 0.999992 0.000000 0.004002 2.750827
2165 0.003969 0.000000 -0.999992 -0.134569 0.000000 1.000000 0.000000 0.000000 0.999992 0.000000 0.003969 2.750827
2166 0.003936 0.000000 -0.999992 -0.134569 0.000000 1.000000 0.000000 0.000000 0.999992 0.000000 0.003936 2.750827
2167 0.003904 0.000000 -0.999992 -0.134569 0.000000 1.000000 0.000000 0.000000 0.999992 0.000000 0.003904 2.750827
2168 0.003871 0.000000 -0.999993 -0.134569 0.000000 1.000000 0.000000 0.000000 0.999993 0.000000 0.003871 2.750827
2169 0.003838 0.000000 -0.999993 -0.134569 0.000000 1.000000 0.000000 0.000000 0.999993 0.000000 0.003838 2.750827
2170 0.003805 0.000000 -0.999993 -0.134569 0.000000 1.000000 0.000000 0.000000 0.999993 0.000000 0.003805 2.750827
2171 0.003793 0.000000 -0.999993 -0.134569 0.000000 1.000000 0.000000 0.000000 0.999993 0.000000 0.003793 2.750827
2172 0.003793 0.000000 -0.999993 -0.134569 0.000000 1.000000 0.000000 0.000000 0.999993 0.000000 0.003793 2.750827
2173 0.003793 0.000000 -0.999993 -0.134569 0.000000 1.000000 0.000000 0.000000 0.999993 0.000000 0.003793 2.750827
2174 0.003793 0.000000 -0.999993 -0.134569 0.000000 1.000000 0.000000 0.000000 0.999993 0.000000 0.003793 2.750827
2175 0.003793 0.000000 -0.999993 -0.134569 0.000000 1.000000 0.000000 0.000000 0.999993 0.000000 0.003793 2.750827
2176 0.003793 0.000000 -0.999993 -0.134569 0.000000 1.000000 0.000000 0.000000 0.999993 0.000000 0.003793 2.750827
2177 0.003793 0.000000 -0.999993 -0.134569 0.000000 1.000000 0.000000 0.000000 0.999993 0.000000 0.003793 2.750827
2178 0.003793 0.000000 -0.999993 -0.134569 0.000000 1.000000 0.000000 0.000000 0.999993 0.000000 0.003793 2.750827
2179 0.003793 0.000000 -0.999993 -0.134569 0.000000 1.000000 0.000000 0.000000 0.999993 0.000000 0.003793 2.750827
2180 0.003793 0.000000 -0.999993 -0.134569 0.000000 1.000000 0.000000 0.000000 0.999993 0.000000 0.003793 2.750827
2181 0.003793 0.000000 -0.999993 -0.134569 0.000000 1.000000 0.000000 0.000000 0.999993 0.000000 0.003793 2.750827
2182 0.003793 0.000000 -0.999993 -0.134569 0.000000 1.000000 0.000000 0.000000 0.999993 0.000000 0.003793 2.750827
2183 0.003793 0.000000 -0.999993 -0.134569 0.000000 1.000000 0.000000 0.000000 0.999993 0.000000 0.003793 2.750827
2184 0.003793 0.000000 -0.999993 -0.134569 0.000000 1.000000 0.000000 0.000000 0.999993 0.000000 0.003793 2.750827
2185 0.003793 0.000000 -0.999993 -0.134569 0.000000 1.000000 0.000000 0.000000 0.999993 0.000000 0.003793 2.750827
2186 0.003793 0.000000 -0.999993 -0.134569 0.000000 1.000000 0.000000 0.000000 0.999993 0.000000 0.003793 2.750827
2187 0.003793 0.000000 -0.999993 -0.134569 0.000000 1.000000 0.000000 0.000000 0.999993 0.000000 0.003793 2.750827
2188 0.003793 0.000000 -0.999993 -0.134569 0.000000 1.000000 0.000000 0.000000 0.999993 0.000000 0.003793 2.750827
2189 0.003793 0.000000 -0.999993 -0.134569 0.000000 1.000000 0.000000 0.000000 0.999993 0.000000 0.003793 2.750827
2190 0.003793 0.000000 -0.999993 -0.134569 0.000000 1.000000 0.000000 0.000000 0.999993 0.000000 0.003793 2.750827
2191 0.003793 0.000000 -0.999993 -0.134569 0.000000 1.000000 0.000000 0.000000 0.999993 0.000000 0.003793 2.750827
2192 0.003793 0.000000 -0.999993 -0.134569 0.000000 1.000000 0.000000 0.000000 0.999993 0.000000 0.003793 2.750827
2193 0.003793 0.000000 -0.999993 -0.134569 0.000000 1.000000 0.000000 0.000000 0.999993 0.000000 0.003793 2.750827
2194 0.003793 0.000000 -0.999993 -0.134569 0.000000 1.000000 0.000000 0.000000 0.999993 0.000000 0.003793 2.750827
2195 0.003782 0.000000 -0.999993 -0.134569 0.000000 1.000000 0.000000 0.000000 0.999993 0.000000 0.003782 2.750827
2196 0.003765 0.000000 -0.999993 -0.134569 0.000000 1.000000 0.000000 0.000000 0.999993 0.000000 0.003765 2.750827
2197 0.003748 0.000000 -0.999993 -0.134569 0.000000 1.000000 0.000000 0.000000 0.999993 0.000000 0.003748 2.750827
2198 0.003732 0.000000 -0.999993 -0.134569 0.000000 1.000000 0.000000 0.000000 0.999993 0.000000 0.003732 2.750827
2199 0.003715 0.000000 -0.999993 -0.134569 0.000000 1.000000 0.000000 0.000000 0.999993 0.000000 0.003715 2.750827
2200 0.003698 0.000000 -0.999993 -0.134569 0.000000 1.000000 0.000000 0.000000 0.999993 0.000000 0.003698 2.750827
2201 0.003682 0.000000 -0.999993 -0.134569 0.000000 1.000000 0.000000 0.000000 0.999993 0.000000 0.003682 2.750827
2202 0.003665 0.000000 -0.999993 -0.134569 0.000000 1.000000 0.000000 0.000000 0.999993 0.000000 0.003665 2.750827
2203 0.003649 0.000000 -0.999993 -0.134569 0.000000 1.000000 0.000000 0.000000 0.999993 0.000000 0.003649 2.750827
2204 0.003632 0.000000 -0.999993 -0.134569 0.000000 1.000000 0.000000 0.000000 0.999993 0.000000 0.003632 2.750827
2205 0.003615 0.000000 -0.999993 -0.134569 0.000000 1.000000 0.000000 0.000000 0.999993 0.000000 0.003615 2.750827
2206 0.003599 0.000000 -0.999994 -0.134569 0.000000 1.000000 0.000000 0.000000 0.999994 0.000000 0.003599 2.750827
2207 0.003593 0.000000 -0.999994 -0.134569 0.000000 1.000000 0.000000 0.000000 0.999994 0.000000 0.003593 2.750827
2208 0.003593 0.000000 -0.999994 -0.134569 0.000000 1.000000 0.000000 0.000000 0.999994 0.000000 0.003593 2.750827
2209 0.003593 0.000000 -0.999994 -0.134569 0.000000 1.000000 0.000000 0.000000 0.999994 0.000000 0.003593 2.750827
2210 0.003593 0.000000 -0.999994 -0.134569 0.000000 1.000000 0.000000 0.000000 0.999994 0.000000 0.003593 2.750827
2211 0.003593 0.000000 -0.999994 -0.134569 0.000000 1.000000 0.000000 0.000000 0.999994 0.000000 0.003593 2.750827
2212 0.003593 0.000000 -0.999994 -0.134569 0.000000 1.000000 0.000000 0.000000 0.999994 0.000000 0.003593 2.750827
2213 0.003593 0.000000 -0.999994 -0.134569 0.000000 1.000000 0.000000 0.000000 0.999994 0.000000 0.003593 2.750827
2214 0.003593 0.000000 -0.999994 -0.134569 0.000000 1.000000 0.000000 0.000000 0.999994 0.000000 0.003593 2.750827
2215 0.003593 0.000000 -0.999994 -0.134569 0.000000 1.000000 0.000000 0.000000 0.999994 0.000000 0.003593 2.750827
2216 0.003593 0.000000 -0.999994 -0.134569 0.000000 1.000000 0.000000 0.000000 0.999994 0.000000 0.003593 2.750827
2217 0.003593 0.000000 -0.999994 -0.134569 0.000000 1.000000 0.000000 0.000000 0.999994 0.000000 0.003593 2.750827
2218 0.003593 0.000000 -0.999994 -0.134569 0.000000 1.000000 0.000000 0.000000 0.999994 0.000000 0.003593 2.750827
2219 0.003570 0.000000 -0.999994 -0.134581 0.000000 1.000000 0.000000 0.000000 0.999994 0.000000 0.003570 2.750827
2220 0.003520 0.000000 -0.999994 -0.134606 0.000000 1.000000 0.000000 0.000000 0.999994 0.000000 0.003520 2.750827
2221 0.003469 0.000000 -0.999994 -0.134631 0.000000 1.000000 0.000000 0.000000 0.999994 0.000000 0.003469 2.750827
2222 0.003419 0.000000 -0.999994 -0.134656 0.000000 1.000000 0.000000 0.000000 0.999994 0.000000 0.003419 2.750827
2223 0.003369 0.000000 -0.999994 -0.134681 0.000000 1.000000 0.000000 0.000000 0.999994 0.000000 0.003369 2.750827
2224 0.003319 0.000000 -0.999994 -0.134706 0.000000 1.000000 0.000000 0.000000 0.999994 0.000000 0.003319 2.750827
2225 0.003269 0.000000 -0.999995 -0.134731 0.000000 1.000000 0.000000 0.000000 0.999995 0.000000 0.003269 2.750827
2226 0.003218 0.000000 -0.999995 -0.134756 0.000000 1.000000 0.000000 0.000000 0.999995 0.000000 0.003218 2.750827
2227 0.003168 0.000000 -0.999995 -0.134781 0.000000 1.000000 0.000000 0.000000 0.999995 0.000000 0.003168 2.750827
2228 0.003118 0.000000 -0.999995 -0.134806 0.000000 1.000000 0.000000 0.000000 0.999995 0.000000 0.003118 2.750827
2229 0.003068 0.000000 -0.999995 -0.134832 0.000000 1.000000 0.000000 0.000000 0.999995 0.000000 0.003068 2.750827
2230 0.003018 0.000000 -0.999995 -0.134857 0.000000 1.000000 0.000000 0.000000 0.999995 0.000000 0.003018 2.750827
2231 0.004022 0.000000 -0.999992 -0.135299 0.000000 1.000000 0.000000 0.000000 0.999992 0.000000 0.004022 2.750835
2232 0.006079 0.000000 -0.999982 -0.136158 0.000000 1.000000 0.000000 0.000000 0.999982 0.000000 0.006079 2.750852
2233 0.008137 0.000000 -0.999967 -0.137018 0.000000 1.000000 0.000000 0.000000 0.999967 0.000000 0.008137 2.750869
2234 0.010195 0.000000 -0.999948 -0.137877 0.000000 1.000000 0.000000 0.000000 0.999948 0.000000 0.010195 2.750885
2235 0.012252 0.000000 -0.999925 -0.138737 0.000000 1.000000 0.000000 0.000000 0.999925 0.000000 0.012252 2.750902
2236 0.014310 0.000000 -0.999898 -0.139596 0.000000 1.000000 0.000000 0.000000 0.999898 0.000000 0.014310 2.750919
2237 0.016367 0.000000 -0.999866 -0.140456 0.000000 1.000000 0.000000 0.000000 0.999866 0.000000 0.016367 2.750935
2238 0.018424 0.000000 -0.999830 -0.141315 0.000000 1.000000 0.000000 0.000000 0.999830 0.000000 0.018424 2.750952
2239 0.020482 0.000000 -0.999790 -0.142174 0.000000 1.000000 0.000000 0.000000 0.999790 0.000000 0.020482 2.750968
2240 0.022539 0.000000 -0.999746 -0.143034 0.000000 1.000000 0.000000 0.000000 0.999746 0.000000 0.022539 2.750985
2241 0.024596 0.000000 -0.999697 -0.143893 0.000000 1.000000 0.000000 0.000000 0.999697 0.000000 0.024596 2.751002
2242 0.026653 0.000000 -0.999645 -0.144753 0.000000 1.000000 0.000000 0.000000 0.999645 0.000000 0.026653 2.751018
2243 0.028376 0.000000 -0.999597 -0.145964 0.000000 1.000000 0.000000 0.000000 0.999597 0.000000 0.028376 2.751055
2244 0.029597 0.000000 -0.999562 -0.147706 0.000000 1.000000 0.000000 0.000000 0.999562 0.000000 0.029597 2.751121
2245 0.030818 0.000000 -0.999525 -0.149447 0.000000 1.000000 0.000000 0.000000 0.999525 0.000000 0.030818 2.751187
2246 0.032039 0.000000 -0.999487 -0.151189 0.000000 1.000000 0.000000 0.000000 0.999487 0.000000 0.032039 2.751253
2247 0.033260 0.000000 -0.999447 -0.152930 0.000000 1.000000 0.000000 0.000000 0.999447 0.000000 0.033260 2.751319
2248 0.034481 0.000000 -0.999405 -0.154672 0.000000 1.000000 0.000000 0.000000 0.999405 0.000000 0.034481 2.751386
2249 0.035702 0.000000 -0.999362 -0.156413 0.000000 1.000000 0.000000 0.000000 0.999362 0.000000 0.035702 2.751452
2250 0.036922 0.000000 -0.999318 -0.158155 0.000000 1.000000 0.000000 0.000000 0.999318 0.000000 0.036922 2.751518
2251 0.038143 0.000000 -0.999272 -0.159896 0.000000 1.000000 0.000000 0.000000 0.999272 0.000000 0.038143 2.751584
2252 0.039364 0.000000 -0.999225 -0.161638 0.000000 1.000000 0.000000 0.000000 0.999225 0.000000 0.039364 2.751650
2253 0.040584 0.000000 -0.999176 -0.163379 0.000000 1.000000 0.000000 0.000000 0.999176 0.000000 0.040584 2.751717
2254 0.041805 0.000000 -0.999126 -0.165121 0.000000 1.000000 0.000000 0.000000 0.999126 0.000000 0.041805 2.751783
2255 0.042066 0.000000 -0.999115 -0.167158 0.000000 1.000000 0.000000 0.000000 0.999115 0.000000 0.042066 2.751854
2256 0.039896 0.000000 -0.999204 -0.169944 0.000000 1.000000 0.000000 0.000000 0.999204 0.000000 0.039896 2.751937
2257 0.037727 0.000000 -0.999288 -0.172731 0.000000 1.000000 0.000000 0.000000 0.999288 0.000000 0.037727 2.752021
2258 0.035557 0.000000 -0.999368 -0.175518 0.000000 1.000000 0.000000 0.000000 0.999368 0.000000 0.035557 2.752104
2259 0.033388 0.000000 -0.999442 -0.178304 0.000000 1.000000 0.000000 0.000000 0.999442 0.000000 0.033388 2.752188
2260 0.031218 0.000000 -0.999513 -0.181091 0.000000 1.000000 0.000000 0.000000 0.999513 0.000000 0.031218 2.752271
2261 0.029048 0.000000 -0.999578 -0.183877 0.000000 1.000000 0.000000 0.000000 0.999578 0.000000 0.029048 2.752355
2262 0.026877 0.000000 -0.999639 -0.186664 0.000000 1.000000 0.000000 0.000000 0.999639 0.000000 0.026877 2.752438
2263 0.024707 0.000000 -0.999695 -0.189451 0.000000 1.000000 0.000000 0.000000 0.999695 0.000000 0.024707 2.752522
2264 0.022537 0.000000 -0.999746 -0.192237 0.000000 1.000000 0.000000 0.000000 0.999746 0.000000 0.022537 2.752605
2265 0.020366 0.000000 -0.999793 -0.195024 0.000000 1.000000 0.000000 0.000000 0.999793 0.000000 0.020366 2.752689
2266 0.018195 0.000000 -0.999834 -0.197811 0.000000 1.000000 0.000000 0.000000 0.999834 0.000000 0.018195 2.752772
2267 0.016230 0.000000 -0.999868 -0.200850 0.000000 1.000000 0.000000 0.000000 0.999868 0.000000 0.016230 2.752838
2268 0.014845 0.000000 -0.999890 -0.204604 0.000000 1.000000 0.000000 0.000000 0.999890 0.000000 0.014845 2.752855
2269 0.013461 0.000000 -0.999909 -0.208358 0.000000 1.000000 0.000000 0.000000 0.999909 0.000000 0.013461 2.752872
2270 0.012076 0.000000 -0.999927 -0.212113 0.000000 1.000000 0.000000 0.000000 0.999927 0.000000 0.012076 2.752889
2271 0.010691 0.000000 -0.999943 -0.215867 0.000000 1.000000 0.000000 0.000000 0.999943 0.000000 0.010691 2.752906
2272 0.009306 0.000000 -0.999957 -0.219621 0.000000 1.000000 0.000000 0.000000 0.999957 0.000000 0.009306 2.752923
2273 0.007921 0.000000 -0.999969 -0.223375 0.000000 1.000000 0.000000 0.000000 0.999969 0.000000 0.007921 2.752940
2274 0.006537 0.000000 -0.999979 -0.227129 0.000000 1.000000 0.000000 0.000000 0.999979 0.000000 0.006537 2.752958
2275 0.005152 0.000000 -0.999987 -0.230884 0.000000 1.000000 0.000000 0.000000 0.999987 0.000000 0.005152 2.752975
2276 0.003767 0.000000 -0.999993 -0.234638 0.000000 1.000000 0.000000 0.000000 0.999993 0.000000 0.003767 2.752992
2277 0.002382 0.000000 -0.999997 -0.238392 0.000000 1.000000 0.000000 0.000000 0.999997 0.000000 0.002382 2.753009
2278 0.000997 0.000000 -1.000000 -0.242146 0.000000 1.000000 0.000000 0.000000 1.000000 0.000000 0.000997 2.753026
2279 -0.000106 0.000000 -1.000000 -0.246112 0.000000 1.000000 0.000000 0.000000 1.000000 0.000000 -0.000106 2.753034
2280 -0.000466 0.000000 -1.000000 -0.250638 0.000000 1.000000 0.000000 0.000000 1.000000 0.000000 -0.000466 2.753018
2281 -0.000825 0.000000 -1.000000 -0.255163 0.000000 1.000000 0.000000 0.000000 1.000000 0.000000 -0.000825 2.753002
2282 -0.001184 0.000000 -0.999999 -0.259688 0.000000 1.000000 0.000000 0.000000 0.999999 0.000000 -0.001184 2.752986
2283 -0.001544 0.000000 -0.999999 -0.264214 0.000000 1.000000 0.000000 0.000000 0.999999 0.000000 -0.001544 2.752970
2284 -0.001903 0.000000 -0.999998 -0.268739 0.000000 1.000000 0.000000 0.000000 0.999998 0.000000 -0.001903 2.752954
2285 -0.002263 0.000000 -0.999997 -0.273264 0.000000 1.000000 0.000000 0.000000 0.999997 0.000000 -0.002263 2.752938
2286 -0.002622 0.000000 -0.999997 -0.277790 0.000000 1.000000 0.000000 0.000000 0.999997 0.000000 -0.002622 2.752923
2287 -0.002981 0.000000 -0.999996 -0.282315 0.000000 1.000000 0.000000 0.000000 0.999996 0.000000 -0.002981 2.752907
2288 -0.003341 0.000000 -0.999994 -0.286840 0.000000 1.000000 0.000000 0.000000 0.999994 0.000000 -0.003341 2.752891
2289 -0.003700 0.000000 -0.999993 -0.291366 0.000000 1.000000 0.000000 0.000000 0.999993 0.000000 -0.003700 2.752875
2290 -0.004060 0.000000 -0.999992 -0.295891 0.000000 1.000000 0.000000 0.000000 0.999992 0.000000 -0.004060 2.752859
2291 -0.004410 0.000000 -0.999990 -0.300454 0.000000 1.000000 0.000000 0.000000 0.999990 0.000000 -0.004410 2.752843
2292 -0.004477 0.000000 -0.999990 -0.306125 0.000000 1.000000 0.000000 0.000000 0.999990 0.000000 -0.004477 2.752818
2293 -0.004545 0.000000 -0.999990 -0.311796 0.000000 1.000000 0.000000 0.000000 0.999990 0.000000 -0.004545 2.752793
2294 -0.004612 0.000000 -0.999989 -0.317467 0.000000 1.000000 0.000000 0.000000 0.999989 0.000000 -0.004612 2.752769
2295 -0.004680 0.000000 -0.999989 -0.323139 0.000000 1.000000 0.000000 0.000000 0.999989 0.000000 -0.004680 2.752744
2296 -0.004747 0.000000 -0.999989 -0.328810 0.000000 1.000000 0.000000 0.000000 0.999989 0.000000 -0.004747 2.752719
2297 -0.004815 0.000000 -0.999988 -0.334481 0.000000 1.000000 0.000000 0.000000 0.999988 0.000000 -0.004815 2.752694
2298 -0.004882 0.000000 -0.999988 -0.340153 0.000000 1.000000 0.000000 0.000000 0.999988 0.000000 -0.004882 2.752670
2299 -0.004950 0.000000 -0.999988 -0.345824 0.000000 1.000000 0.000000 0.000000 0.999988 0.000000 -0.004950 2.752645
2300 -0.005017 0.000000 -0.999987 -0.351495 0.000000 1.000000 0.000000 0.000000 0.999987 0.000000 -0.005017 2.752620
2301 -0.005085 0.000000 -0.999987 -0.357166 0.000000 1.000000 0.000000 0.000000 0.999987 0.000000 -0.005085 2.752595
2302 -0.005152 0.000000 -0.999987 -0.362837 0.000000 1.000000 0.000000 0.000000 0.999987 0.000000 -0.005152 2.752571
2303 -0.005248 0.000000 -0.999986 -0.368656 0.000000 1.000000 0.000000 0.000000 0.999986 0.000000 -0.005248 2.752541
2304 -0.005472 0.000000 -0.999985 -0.375134 0.000000 1.000000 0.000000 0.000000 0.999985 0.000000 -0.005472 2.752492
2305 -0.005696 0.000000 -0.999984 -0.381612 0.000000 1.000000 0.000000 0.000000 0.999984 0.000000 -0.005696 2.752443
2306 -0.005919 0.000000 -0.999982 -0.388090 0.000000 1.000000 0.000000 0.000000 0.999982 0.000000 -0.005919 2.752394
2307 -0.006143 0.000000 -0.999981 -0.394567 0.000000 1.000000 0.000000 0.000000 0.999981 0.000000 -0.006143 2.752345
2308 -0.006367 0.000000 -0.999980 -0.401045 0.000000 1.000000 0.000000 0.000000 0.999980 0.000000 -0.006367 2.752296
2309 -0.006590 0.000000 -0.999978 -0.407523 0.000000 1.000000 0.000000 0.000000 0.999978 0.000000 -0.006590 2.752247
2310 -0.006814 0.000000 -0.999977 -0.414001 0.000000 1.000000 0.000000 0.000000 0.999977 0.000000 -0.006814 2.752198
2311 -0.007038 0.000000 -0.999975 -0.420478 0.000000 1.000000 0.000000 0.000000 0.999975 0.000000 -0.007038 2.752149
2312 -0.007261 0.000000 -0.999974 -0.426956 0.000000 1.000000 0.000000 0.000000 0.999974 0.000000 -0.007261 2.752100
2313 -0.007485 0.000000 -0.999972 -0.433434 0.000000 1.000000 0.000000 0.000000 0.999972 0.000000 -0.007485 2.752051
2314 -0.007708 0.000000 -0.999970 -0.439911 0.000000 1.000000 0.000000 0.000000 0.999970 0.000000 -0.007708 2.752002
2315 -0.007885 0.000000 -0.999969 -0.446464 0.000000 1.000000 0.000000 0.000000 0.999969 0.000000 -0.007885 2.751954
2316 -0.007686 0.000000 -0.999970 -0.453615 0.000000 1.000000 0.000000 0.000000 0.999970 0.000000 -0.007686 2.751913
2317 -0.007486 0.000000 -0.999972 -0.460766 0.000000 1.000000 0.000000 0.000000 0.999972 0.000000 -0.007486 2.751872
2318 -0.007287 0.000000 -0.999973 -0.467917 0.000000 1.000000 0.000000 0.000000 0.999973 0.000000 -0.007287 2.751831
2319 -0.007088 0.000000 -0.999975 -0.475068 0.000000 1.000000 0.000000 0.000000 0.999975 0.000000 -0.007088 2.751790
2320 -0.006888 0.000000 -0.999976 -0.482219 0.000000 1.000000 0.000000 0.000000 0.999976 0.000000 -0.006888 2.751750
2321 -0.006689 0.000000 -0.999978 -0.489370 0.000000 1.000000 0.000000 0.000000 0.999978 0.000000 -0.006689 2.751709
2322 -0.006490 0.000000 -0.999979 -0.496521 0.000000 1.000000 0.000000 0.000000 0.999979 0.000000 -0.006490 2.751668
2323 -0.006290 0.000000 -0.999980 -0.503672 0.000000 1.000000 0.000000 0.000000 0.999980 0.000000 -0.006290 2.751627
2324 -0.006091 0.000000 -0.999981 -0.510823 0.000000 1.000000 0.000000 0.000000 0.999981 0.000000 -0.006091 2.751586
2325 -0.005892 0.000000 -0.999983 -0.517974 0.000000 1.000000 0.000000 0.000000 0.999983 0.000000 -0.005892 2.751546
2326 -0.005693 0.000000 -0.999984 -0.525125 0.000000 1.000000 0.000000 0.000000 0.999984 0.000000 -0.005693 2.751505
2327 -0.005497 0.000000 -0.999985 -0.532298 0.000000 1.000000 0.000000 0.000000 0.999985 0.000000 -0.005497 2.751465
2328 -0.005352 0.000000 -0.999986 -0.539763 0.000000 1.000000 0.000000 0.000000 0.999986 0.000000 -0.005352 2.751433
2329 -0.005207 0.000000 -0.999986 -0.547228 0.000000 1.000000 0.000000 0.000000 0.999986 0.000000 -0.005207 2.751402
2330 -0.005061 0.000000 -0.999987 -0.554693 0.000000 1.000000 0.000000 0.000000 0.999987 0.000000 -0.005061 2.751370
2331 -0.004916 0.000000 -0.999988 -0.562158 0.000000 1.000000 0.000000 0.000000 0.999988 0.000000 -0.004916 2.751338
2332 -0.004771 0.000000 -0.999989 -0.569623 0.000000 1.000000 0.000000 0.000000 0.999989 0.000000 -0.004771 2.751307
2333 -0.004625 0.000000 -0.999989 -0.577087 0.000000 1.000000 0.000000 0.000000 0.999989 0.000000 -0.004625 2.751275
2334 -0.004480 0.000000 -0.999990 -0.584552 0.000000 1.000000 0.000000 0.000000 0.999990 0.000000 -0.004480 2.751244
2335 -0.004335 0.000000 -0.999991 -0.592017 0.000000 1.000000 0.000000 0.000000 0.999991 0.000000 -0.004335 2.751212
2336 -0.004190 0.000000 -0.999991 -0.599482 0.000000 1.000000 0.000000 0.000000 0.999991 0.000000 -0.004190 2.751181
2337 -0.004044 0.000000 -0.999992 -0.606947 0.000000 1.000000 0.000000 0.000000 0.999992 0.000000 -0.004044 2.751149
2338 -0.003899 0.000000 -0.999992 -0.614412 0.000000 1.000000 0.000000 0.000000 0.999992 0.000000 -0.003899 2.751118
2339 -0.003754 0.000000 -0.999993 -0.621877 0.000000 1.000000 0.000000 0.000000 0.999993 0.000000 -0.003754 2.751086
2340 -0.003788 0.000000 -0.999993 -0.629794 0.000000 1.000000 0.000000 0.000000 0.999993 0.000000 -0.003788 2.751048
2341 -0.003906 0.000000 -0.999992 -0.637926 0.000000 1.000000 0.000000 0.000000 0.999992 0.000000 -0.003906 2.751006
2342 -0.004024 0.000000 -0.999992 -0.646057 0.000000 1.000000 0.000000 0.000000 0.999992 0.000000 -0.004024 2.750965
2343 -0.004143 0.000000 -0.999991 -0.654189 0.000000 1.000000 0.000000 0.000000 0.999991 0.000000 -0.004143 2.750924
2344 -0.004261 0.000000 -0.999991 -0.662320 0.000000 1.000000 0.000000 0.000000 0.999991 0.000000 -0.004261 2.750882
2345 -0.004379 0.000000 -0.999990 -0.670451 0.000000 1.000000 0.000000 0.000000 0.999990 0.000000 -0.004379 2.750841
2346 -0.004498 0.000000 -0.999990 -0.678582 0.000000 1.000000 0.000000 0.000000 0.999990 0.000000 -0.004498 2.750799
2347 -0.004616 0.000000 -0.999989 -0.686714 0.000000 1.000000 0.000000 0.000000 0.999989 0.000000 -0.004616 2.750758
2348 -0.004734 0.000000 -0.999989 -0.694845 0.000000 1.000000 0.000000 0.000000 0.999989 0.000000 -0.004734 2.750716
2349 -0.004853 0.000000 -0.999988 -0.702977 0.000000 1.000000 0.000000 0.000000 0.999988 0.000000 -0.004853 2.750675
2350 -0.004971 0.000000 -0.999988 -0.711108 0.000000 1.000000 0.000000 0.000000 0.999988 0.000000 -0.004971 2.750633
2351 -0.005089 0.000000 -0.999987 -0.719239 0.000000 1.000000 0.000000 0.000000 0.999987 0.000000 -0.005089 2.750592
2352 -0.005065 0.000000 -0.999987 -0.727655 0.000000 1.000000 0.000000 0.000000 0.999987 0.000000 -0.005065 2.750551
2353 -0.005015 0.000000 -0.999987 -0.736122 0.000000 1.000000 0.000000 0.000000 0.999987 0.000000 -0.005015 2.750510
2354 -0.004964 0.000000 -0.999988 -0.744588 0.000000 1.000000 0.000000 0.000000 0.999988 0.000000 -0.004964 2.750469
2355 -0.004914 0.000000 -0.999988 -0.753054 0.000000 1.000000 0.000000 0.000000 0.999988 0.000000 -0.004914 2.750428
2356 -0.004864 0.000000 -0.999988 -0.761521 0.000000 1.000000 0.000000 0.000000 0.999988 0.000000 -0.004864 2.750387
2357 -0.004814 0.000000 -0.999988 -0.769987 0.000000 1.000000 0.000000 0.000000 0.999988 0.000000 -0.004814 2.750346
2358 -0.004764 0.000000 -0.999989 -0.778454 0.000000 1.000000 0.000000 0.000000 0.999989 0.000000 -0.004764 2.750305
2359 -0.004714 0.000000 -0.999989 -0.786920 0.000000 1.000000 0.000000 0.000000 0.999989 0.000000 -0.004714 2.750264
2360 -0.004664 0.000000 -0.999989 -0.795387 0.000000 1.000000 0.000000 0.000000 0.999989 0.000000 -0.004664 2.750223
2361 -0.004613 0.000000 -0.999989 -0.803853 0.000000 1.000000 0.000000 0.000000 0.999989 0.000000 -0.004613 2.750182
2362 -0.004563 0.000000 -0.999990 -0.812320 0.000000 1.000000 0.000000 0.000000 0.999990 0.000000 -0.004563 2.750142
2363 -0.004513 0.000000 -0.999990 -0.820786 0.000000 1.000000 0.000000 0.000000 0.999990 0.000000 -0.004513 2.750101
2364 -0.004551 0.000000 -0.999990 -0.829340 0.000000 1.000000 0.000000 0.000000 0.999990 0.000000 -0.004551 2.750060
2365 -0.004601 0.000000 -0.999989 -0.837906 0.000000 1.000000 0.000000 0.000000 0.999989 0.000000 -0.004601 2.750019
2366 -0.004651 0.000000 -0.999989 -0.846471 0.000000 1.000000 0.000000 0.000000 0.999989 0.000000 -0.004651 2.749979
2367 -0.004701 0.000000 -0.999989 -0.855036 0.000000 1.000000 0.000000 0.000000 0.999989 0.000000 -0.004701 2.749938
2368 -0.004750 0.000000 -0.999989 -0.863602 0.000000 1.000000 0.000000 0.000000 0.999989 0.000000 -0.004750 2.749898
2369 -0.004800 0.000000 -0.999988 -0.872167 0.000000 1.000000 0.000000 0.000000 0.999988 0.000000 -0.004800 2.749857
2370 -0.004850 0.000000 -0.999988 -0.880733 0.000000 1.000000 0.000000 0.000000 0.999988 0.000000 -0.004850 2.749816
2371 -0.004900 0.000000 -0.999988 -0.889298 0.000000 1.000000 0.000000 0.000000 0.999988 0.000000 -0.004900 2.749776
2372 -0.004949 0.000000 -0.999988 -0.897863 0.000000 1.000000 0.000000 0.000000 0.999988 0.000000 -0.004949 2.749735
2373 -0.004999 0.000000 -0.999988 -0.906429 0.000000 1.000000 0.000000 0.000000 0.999988 0.000000 -0.004999 2.749695
2374 -0.005049 0.000000 -0.999987 -0.914994 0.000000 1.000000 0.000000 0.000000 0.999987 0.000000 -0.005049 2.749654
2375 -0.005099 0.000000 -0.999987 -0.923560 0.000000 1.000000 0.000000 0.000000 0.999987 0.000000 -0.005099 2.749613
2376 -0.005183 0.000000 -0.999987 -0.932152 0.000000 1.000000 0.000000 0.000000 0.999987 0.000000 -0.005183 2.749566
2377 -0.005274 0.000000 -0.999986 -0.940751 0.000000 1.000000 0.000000 0.000000 0.999986 0.000000 -0.005274 2.749517
2378 -0.005365 0.000000 -0.999986 -0.949350 0.000000 1.000000 0.000000 0.000000 0.999986 0.000000 -0.005365 2.749468
2379 -0.005456 0.000000 -0.999985 -0.957949 0.000000 1.000000 0.000000 0.000000 0.999985 0.000000 -0.005456 2.749419
2380 -0.005548 0.000000 -0.999985 -0.966547 0.000000 1.000000 0.000000 0.000000 0.999985 0.000000 -0.005548 2.749370
2381 -0.005639 0.000000 -0.999984 -0.975146 0.000000 1.000000 0.000000 0.000000 0.999984 0.000000 -0.005639 2.749321
2382 -0.005730 0.000000 -0.999984 -0.983745 0.000000 1.000000 0.000000 0.000000 0.999984 0.000000 -0.005730 2.749272
2383 -0.005822 0.000000 -0.999983 -0.992344 0.000000 1.000000 0.000000 0.000000 0.999983 0.000000 -0.005822 2.749223
2384 -0.005913 0.000000 -0.999983 -1.000942 0.000000 1.000000 0.000000 0.000000 0.999983 0.000000 -0.005913 2.749174
2385 -0.006004 0.000000 -0.999982 -1.009541 0.000000 1.000000 0.000000 0.000000 0.999982 0.000000 -0.006004 2.749125
2386 -0.006096 0.000000 -0.999981 -1.018140 0.000000 1.000000 0.000000 0.000000 0.999981 0.000000 -0.006096 2.749076
2387 -0.006187 0.000000 -0.999981 -1.026739 0.000000 1.000000 0.000000 0.000000 0.999981 0.000000 -0.006187 2.749027
2388 -0.006111 0.000000 -0.999981 -1.035197 0.000000 1.000000 0.000000 0.000000 0.999981 0.000000 -0.006111 2.748979
2389 -0.005986 0.000000 -0.999982 -1.043613 0.000000 1.000000 0.000000 0.000000 0.999982 0.000000 -0.005986 2.748930
2390 -0.005862 0.000000 -0.999983 -1.052030 0.000000 1.000000 0.000000 0.000000 0.999983 0.000000 -0.005862 2.748881
2391 -0.005738 0.000000 -0.999984 -1.060447 0.000000 1.000000 0.000000 0.000000 0.999984 0.000000 -0.005738 2.748832
2392 -0.005613 0.000000 -0.999984 -1.068864 0.000000 1.000000 0.000000 0.000000 0.999984 0.000000 -0.005613 2.748783
2393 -0.005489 0.000000 -0.999985 -1.077280 0.000000 1.000000 0.000000 0.000000 0.999985 0.000000 -0.005489 2.748734
2394 -0.005365 0.000000 -0.999986 -1.085697 0.000000 1.000000 0.000000 0.000000 0.999986 0.000000 -0.005365 2.748685
2395 -0.005240 0.000000 -0.999986 -1.094114 0.000000 1.000000 0.000000 0.000000 0.999986 0.000000 -0.005240 2.748636
2396 -0.005116 0.000000 -0.999987 -1.102530 0.000000 1.000000 0.000000 0.000000 0.999987 0.000000 -0.005116 2.748587
2397 -0.004991 0.000000 -0.999988 -1.110947 0.000000 1.000000 0.000000 0.000000 0.999988 0.000000 -0.004991 2.748538
2398 -0.004867 0.000000 -0.999988 -1.119364 0.000000 1.000000 0.000000 0.000000 0.999988 0.000000 -0.004867 2.748489
2399 -0.004743 0.000000 -0.999989 -1.127780 0.000000 1.000000 0.000000 0.000000 0.999989 0.000000 -0.004743 2.748441
2400 -0.004490 0.000000 -0.999990 -1.136103 0.000000 1.000000 0.000000 0.000000 0.999990 0.000000 -0.004490 2.748398
2401 -0.004187 0.000000 -0.999991 -1.144389 0.000000 1.000000 0.000000 0.000000 0.999991 0.000000 -0.004187 2.748358
2402 -0.003884 0.000000 -0.999992 -1.152674 0.000000 1.000000 0.000000 0.000000 0.999992 0.000000 -0.003884 2.748318
2403 -0.003581 0.000000 -0.999994 -1.160960 0.000000 1.000000 0.000000 0.000000 0.999994 0.000000 -0.003581 2.748277
2404 -0.003277 0.000000 -0.999995 -1.169245 0.000000 1.000000 0.000000 0.000000 0.999995 0.000000 -0.003277 2.748237
2405 -0.002974 0.000000 -0.999996 -1.177530 0.000000 1.000000 0.000000 0.000000 0.999996 0.000000 -0.002974 2.748197
2406 -0.002671 0.000000 -0.999996 -1.185816 0.000000 1.000000 0.000000 0.000000 0.999996 0.000000 -0.002671 2.748157
2407 -0.002368 0.000000 -0.999997 -1.194101 0.000000 1.000000 0.000000 0.000000 0.999997 0.000000 -0.002368 2.748117
2408 -0.002064 0.000000 -0.999998 -1.202386 0.000000 1.000000 0.000000 0.000000 0.999998 0.000000 -0.002064 2.748077
2409 -0.001761 0.000000 -0.999998 -1.210672 0.000000 1.000000 0.000000 0.000000 0.999998 0.000000 -0.001761 2.748037
2410 -0.001458 0.000000 -0.999999 -1.218957 0.000000 1.000000 0.000000 0.000000 0.999999 0.000000 -0.001458 2.747996
2411 -0.001155 0.000000 -0.999999 -1.227243 0.000000 1.000000 0.000000 0.000000 0.999999 0.000000 -0.001155 2.747956
2412 -0.001093 0.000000 -0.999999 -1.235549 0.000000 1.000000 0.000000 0.000000 0.999999 0.000000 -0.001093 2.747941
2413 -0.001260 0.000000 -0.999999 -1.243874 0.000000 1.000000 0.000000 0.000000 0.999999 0.000000 -0.001260 2.747951
2414 -0.001428 0.000000 -0.999999 -1.252199 0.000000 1.000000 0.000000 0.000000 0.999999 0.000000 -0.001428 2.747960
2415 -0.001595 0.000000 -0.999999 -1.260524 0.000000 1.000000 0.000000 0.000000 0.999999 0.000000 -0.001595 2.747969
2416 -0.001762 0.000000 -0.999998 -1.268850 0.000000 1.000000 0.000000 0.000000 0.999998 0.000000 -0.001762 2.747978
2417 -0.001929 0.000000 -0.999998 -1.277175 0.000000 1.000000 0.000000 0.000000 0.999998 0.000000 -0.001929 2.747987
2418 -0.002096 0.000000 -0.999998 -1.285500 0.000000 1.000000 0.000000 0.000000 0.999998 0.000000 -0.002096 2.747997
2419 -0.002263 0.000000 -0.999997 -1.293825 0.000000 1.000000 0.000000 0.000000 0.999997 0.000000 -0.002263 2.748006
2420 -0.002431 0.000000 -0.999997 -1.302150 0.000000 1.000000 0.000000 0.000000 0.999997 0.000000 -0.002431 2.748015
2421 -0.002598 0.000000 -0.999997 -1.310476 0.000000 1.000000 0.000000 0.000000 0.999997 0.000000 -0.002598 2.748024
2422 -0.002765 0.000000 -0.999996 -1.318801 0.000000 1.000000 0.000000 0.000000 0.999996 0.000000 -0.002765 2.748033
2423 -0.002932 0.000000 -0.999996 -1.327126 0.000000 1.000000 0.000000 0.000000 0.999996 0.000000 -0.002932 2.748043
2424 -0.002998 0.000000 -0.999996 -1.335305 0.000000 1.000000 0.000000 0.000000 0.999996 0.000000 -0.002998 2.748038
2425 -0.002982 0.000000 -0.999996 -1.343364 0.000000 1.000000 0.000000 0.000000 0.999996 0.000000 -0.002982 2.748022
2426 -0.002965 0.000000 -0.999996 -1.351424 0.000000 1.000000 0.000000 0.000000 0.999996 0.000000 -0.002965 2.748006
2427 -0.002948 0.000000 -0.999996 -1.359483 0.000000 1.000000 0.000000 0.000000 0.999996 0.000000 -0.002948 2.747991
2428 -0.002932 0.000000 -0.999996 -1.367543 0.000000 1.000000 0.000000 0.000000 0.999996 0.000000 -0.002932 2.747975
2429 -0.002915 0.000000 -0.999996 -1.375602 0.000000 1.000000 0.000000 0.000000 0.999996 0.000000 -0.002915 2.747959
2430 -0.002899 0.000000 -0.999996 -1.383662 0.000000 1.000000 0.000000 0.000000 0.999996 0.000000 -0.002899 2.747943
2431 -0.002882 0.000000 -0.999996 -1.391721 0.000000 1.000000 0.000000 0.000000 0.999996 0.000000 -0.002882 2.747927
2432 -0.002865 0.000000 -0.999996 -1.399780 0.000000 1.000000 0.000000 0.000000 0.999996 0.000000 -0.002865 2.747912
2433 -0.002849 0.000000 -0.999996 -1.407840 0.000000 1.000000 0.000000 0.000000 0.999996 0.000000 -0.002849 2.747896
2434 -0.002832 0.000000 -0.999996 -1.415899 0.000000 1.000000 0.000000 0.000000 0.999996 0.000000 -0.002832 2.747880
2435 -0.002816 0.000000 -0.999996 -1.423959 0.000000 1.000000 0.000000 0.000000 0.999996 0.000000 -0.002816 2.747864
2436 -0.002870 0.000000 -0.999996 -1.434500 0.000000 1.000000 0.000000 0.000000 0.999996 0.000000 -0.002870 2.747840
2437 -0.002994 0.000000 -0.999996 -1.447501 0.000000 1.000000 0.000000 0.000000 0.999996 0.000000 -0.002994 2.747809
2438 -0.003119 0.000000 -0.999995 -1.460502 0.000000 1.000000 0.000000 0.000000 0.999995 0.000000 -0.003119 2.747777
2439 -0.003243 0.000000 -0.999995 -1.473503 0.000000 1.000000 0.000000 0.000000 0.999995 0.000000 -0.003243 2.747745
2440 -0.003368 0.000000 -0.999994 -1.486504 0.000000 1.000000 0.000000 0.000000 0.999994 0.000000 -0.003368 2.747713
2441 -0.003493 0.000000 -0.999994 -1.499505 0.000000 1.000000 0.000000 0.000000 0.999994 0.000000 -0.003493 2.747681
2442 -0.003617 0.000000 -0.999993 -1.512505 0.000000 1.000000 0.000000 0.000000 0.999993 0.000000 -0.003617 2.747649
2443 -0.003742 0.000000 -0.999993 -1.525506 0.000000 1.000000 0.000000 0.000000 0.999993 0.000000 -0.003742 2.747617
2444 -0.003866 0.000000 -0.999993 -1.538507 0.000000 1.000000 0.000000 0.000000 0.999993 0.000000 -0.003866 2.747585
2445 -0.003991 0.000000 -0.999992 -1.551508 0.000000 1.000000 0.000000 0.000000 0.999992 0.000000 -0.003991 2.747553
2446 -0.004115 0.000000 -0.999992 -1.564509 0.000000 1.000000 0.000000 0.000000 0.999992 0.000000 -0.004115 2.747521
2447 -0.004240 0.000000 -0.999991 -1.577510 0.000000 1.000000 0.000000 0.000000 0.999991 0.000000 -0.004240 2.747489
2448 -0.004285 0.000000 -0.999991 -1.583911 0.000000 1.000000 0.000000 0.000000 0.999991 0.000000 -0.004285 2.747464
2449 -0.004235 0.000000 -0.999991 -1.582470 0.000000 1.000000 0.000000 0.000000 0.999991 0.000000 -0.004235 2.747448
2450 -0.004185 0.000000 -0.999991 -1.581029 0.000000 1.000000 0.000000 0.000000 0.999991 0.000000 -0.004185 2.747431
2451 -0.004136 0.000000 -0.999991 -1.579587 0.000000 1.000000 0.000000 0.000000 0.999991 0.000000 -0.004136 2.747414
2452 -0.004086 0.000000 -0.999992 -1.578146 0.000000 1.000000 0.000000 0.000000 0.999992 0.000000 -0.004086 2.747398
2453 -0.004036 0.000000 -0.999992 -1.576705 0.000000 1.000000 0.000000 0.000000 0.999992 0.000000 -0.004036 2.747381
2454 -0.003986 0.000000 -0.999992 -1.575264 0.000000 1.000000 0.000000 0.000000 0.999992 0.000000 -0.003986 2.747364
2455 -0.003937 0.000000 -0.999992 -1.573823 0.000000 1.000000 0.000000 0.000000 0.999992 0.000000 -0.003937 2.747347
2456 -0.003887 0.000000 -0.999992 -1.572381 0.000000 1.000000 0.000000 0.000000 0.999992 0.000000 -0.003887 2.747331
2457 -0.003837 0.000000 -0.999993 -1.570940 0.000000 1.000000 0.000000 0.000000 0.999993 0.000000 -0.003837 2.747314
2458 -0.003788 0.000000 -0.999993 -1.569499 0.000000 1.000000 0.000000 0.000000 0.999993 0.000000 -0.003788 2.747297
2459 -0.003738 0.000000 -0.999993 -1.568058 0.000000 1.000000 0.000000 0.000000 0.999993 0.000000 -0.003738 2.747281
2460 -0.003635 0.000000 -0.999993 -1.568543 0.000000 1.000000 0.000000 0.000000 0.999993 0.000000 -0.003635 2.747267
2461 -0.003445 0.000000 -0.999994 -1.572124 0.000000 1.000000 0.000000 0.000000 0.999994 0.000000 -0.003445 2.747259
2462 -0.003256 0.000000 -0.999995 -1.575704 0.000000 1.000000 0.000000 0.000000 0.999995 0.000000 -0.003256 2.747252
2463 -0.003067 0.000000 -0.999995 -1.579284 0.000000 1.000000 0.000000 0.000000 0.999995 0.000000 -0.003067 2.747244
2464 -0.002877 0.000000 -0.999996 -1.582865 0.000000 1.000000 0.000000 0.000000 0.999996 0.000000 -0.002877 2.747236
2465 -0.002688 0.000000 -0.999996 -1.586445 0.000000 1.000000 0.000000 0.000000 0.999996 0.000000 -0.002688 2.747228
2466 -0.002499 0.000000 -0.999997 -1.590026 0.000000 1.000000 0.000000 0.000000 0.999997 0.000000 -0.002499 2.747220
2467 -0.002310 0.000000 -0.999997 -1.593606 0.000000 1.000000 0.000000 0.000000 0.999997 0.000000 -0.002310 2.747212
2468 -0.002120 0.000000 -0.999998 -1.597187 0.000000 1.000000 0.000000 0.000000 0.999998 0.000000 -0.002120 2.747204
2469 -0.001931 0.000000 -0.999998 -1.600767 0.000000 1.000000 0.000000 0.000000 0.999998 0.000000 -0.001931 2.747196
2470 -0.001742 0.000000 -0.999998 -1.604347 0.000000 1.000000 0.000000 0.000000 0.999998 0.000000 -0.001742 2.747189
2471 -0.001552 0.000000 -0.999999 -1.607928 0.000000 1.000000 0.000000 0.000000 0.999999 0.000000 -0.001552 2.747181
2472 -0.001317 0.000000 -0.999999 -1.611291 0.000000 1.000000 0.000000 0.000000 0.999999 0.000000 -0.001317 2.747175
2473 -0.000932 0.000000 -1.000000 -1.613943 0.000000 1.000000 0.000000 0.000000 1.000000 0.000000 -0.000932 2.747175
2474 -0.000547 0.000000 -1.000000 -1.616595 0.000000 1.000000 0.000000 0.000000 1.000000 0.000000 -0.000547 2.747175
2475 -0.000163 0.000000 -1.000000 -1.619248 0.000000 1.000000 0.000000 0.000000 1.000000 0.000000 -0.000163 2.747176
2476 0.000222 0.000000 -1.000000 -1.621900 0.000000 1.000000 0.000000 0.000000 1.000000 0.000000 0.000222 2.747176
2477 0.000607 0.000000 -1.000000 -1.624552 0.000000 1.000000 0.000000 0.000000 1.000000 0.000000 0.000607 2.747176
2478 0.000992 0.000000 -1.000000 -1.627205 0.000000 1.000000 0.000000 0.000000 1.000000 0.000000 0.000992 2.747176
2479 0.001377 0.000000 -0.999999 -1.629857 0.000000 1.000000 0.000000 0.000000 0.999999 0.000000 0.001377 2.747177
2480 0.001762 0.000000 -0.999998 -1.632509 0.000000 1.000000 0.000000 0.000000 0.999998 0.000000 0.001762 2.747177
2481 0.002147 0.000000 -0.999998 -1.635162 0.000000 1.000000 0.000000 0.000000 0.999998 0.000000 0.002147 2.747177
2482 0.002532 0.000000 -0.999997 -1.637814 0.000000 1.000000 0.000000 0.000000 0.999997 0.000000 0.002532 2.747177
2483 0.002916 0.000000 -0.999996 -1.640466 0.000000 1.000000 0.000000 0.000000 0.999996 0.000000 0.002916 2.747178
2484 0.003211 0.000000 -0.999995 -1.642948 0.000000 1.000000 0.000000 0.000000 0.999995 0.000000 0.003211 2.747180
2485 0.003278 0.000000 -0.999995 -1.644995 0.000000 1.000000 0.000000 0.000000 0.999995 0.000000 0.003278 2.747189
2486 0.003344 0.000000 -0.999994 -1.647042 0.000000 1.000000 0.000000 0.000000 0.999994 0.000000 0.003344 2.747197
2487 0.003410 0.000000 -0.999994 -1.649090 0.000000 1.000000 0.000000 0.000000 0.999994 0.000000 0.003410 2.747206
2488 0.003477 0.000000 -0.999994 -1.651137 0.000000 1.000000 0.000000 0.000000 0.999994 0.000000 0.003477 2.747214
2489 0.003543 0.000000 -0.999994 -1.653184 0.000000 1.000000 0.000000 0.000000 0.999994 0.000000 0.003543 2.747223
2490 0.003609 0.000000 -0.999993 -1.655232 0.000000 1.000000 0.000000 0.000000 0.999993 0.000000 0.003609 2.747231
2491 0.003676 0.000000 -0.999993 -1.657279 0.000000 1.000000 0.000000 0.000000 0.999993 0.000000 0.003676 2.747240
2492 0.003742 0.000000 -0.999993 -1.659326 0.000000 1.000000 0.000000 0.000000 0.999993 0.000000 0.003742 2.747248
2493 0.003808 0.000000 -0.999993 -1.661374 0.000000 1.000000 0.000000 0.000000 0.999993 0.000000 0.003808 2.747257
2494 0.003874 0.000000 -0.999992 -1.663421 0.000000 1.000000 0.000000 0.000000 0.999992 0.000000 0.003874 2.747265
2495 0.003941 0.000000 -0.999992 -1.665468 0.000000 1.000000 0.000000 0.000000 0.999992 0.000000 0.003941 2.747274
2496 0.004023 0.000000 -0.999992 -1.667403 0.000000 1.000000 0.000000 0.000000 0.999992 0.000000 0.004023 2.747282
2497 0.004165 0.000000 -0.999991 -1.668932 0.000000 1.000000 0.000000 0.000000 0.999991 0.000000 0.004165 2.747291
2498 0.004306 0.000000 -0.999991 -1.670462 0.000000 1.000000 0.000000 0.000000 0.999991 0.000000 0.004306 2.747299
2499 0.004447 0.000000 -0.999990 -1.671991 0.000000 1.000000 0.000000 0.000000 0.999990 0.000000 0.004447 2.747308
2500 0.004589 0.000000 -0.999989 -1.673521 0.000000 1.000000 0.000000 0.000000 0.999989 0.000000 0.004589 2.747316
2501 0.004730 0.000000 -0.999989 -1.675051 0.000000 1.000000 0.000000 0.000000 0.999989 0.000000 0.004730 2.747325
2502 0.004871 0.000000 -0.999988 -1.676580 0.000000 1.000000 0.000000 0.000000 0.999988 0.000000 0.004871 2.747333
2503 0.005013 0.000000 -0.999987 -1.678110 0.000000 1.000000 0.000000 0.000000 0.999987 0.000000 0.005013 2.747341
2504 0.005154 0.000000 -0.999987 -1.679639 0.000000 1.000000 0.000000 0.000000 0.999987 0.000000 0.005154 2.747350
2505 0.005295 0.000000 -0.999986 -1.681169 0.000000 1.000000 0.000000 0.000000 0.999986 0.000000 0.005295 2.747358
2506 0.005437 0.000000 -0.999985 -1.682698 0.000000 1.000000 0.000000 0.000000 0.999985 0.000000 0.005437 2.747367
2507 0.005578 0.000000 -0.999984 -1.684228 0.000000 1.000000 0.000000 0.000000 0.999984 0.000000 0.005578 2.747375
2508 0.005760 0.000000 -0.999983 -1.685713 0.000000 1.000000 0.000000 0.000000 0.999983 0.000000 0.005760 2.747384
2509 0.006116 0.000000 -0.999981 -1.687005 0.000000 1.000000 0.000000 0.000000 0.999981 0.000000 0.006116 2.747392
2510 0.006472 0.000000 -0.999979 -1.688296 0.000000 1.000000 0.000000 0.000000 0.999979 0.000000 0.006472 2.747401
2511 0.006828 0.000000 -0.999977 -1.689588 0.000000 1.000000 0.000000 0.000000 0.999977 0.000000 0.006828 2.747409
2512 0.007184 0.000000 -0.999974 -1.690880 0.000000 1.000000 0.000000 0.000000 0.999974 0.000000 0.007184 2.747417
2513 0.007540 0.000000 -0.999972 -1.692172 0.000000 1.000000 0.000000 0.000000 0.999972 0.000000 0.007540 2.747426
2514 0.007896 0.000000 -0.999969 -1.693464 0.000000 1.000000 0.000000 0.000000 0.999969 0.000000 0.007896 2.747434
2515 0.008252 0.000000 -0.999966 -1.694756 0.000000 1.000000 0.000000 0.000000 0.999966 0.000000 0.008252 2.747443
2516 0.008608 0.000000 -0.999963 -1.696047 0.000000 1.000000 0.000000 0.000000 0.999963 0.000000 0.008608 2.747451
2517 0.008964 0.000000 -0.999960 -1.697339 0.000000 1.000000 0.000000 0.000000 0.999960 0.000000 0.008964 2.747459
2518 0.009320 0.000000 -0.999957 -1.698631 0.000000 1.000000 0.000000 0.000000 0.999957 0.000000 0.009320 2.747468
2519 0.009676 0.000000 -0.999953 -1.699923 0.000000 1.000000 0.000000 0.000000 0.999953 0.000000 0.009676 2.747476
2520 0.009968 0.000000 -0.999950 -1.701193 0.000000 1.000000 0.000000 0.000000 0.999950 0.000000 0.009968 2.747485
2521 0.009752 0.000000 -0.999952 -1.702291 0.000000 1.000000 0.000000 0.000000 0.999952 0.000000 0.009752 2.747493
2522 0.009536 0.000000 -0.999955 -1.703389 0.000000 1.000000 0.000000 0.000000 0.999955 0.000000 0.009536 2.747502
2523 0.009319 0.000000 -0.999957 -1.704487 0.000000 1.000000 0.000000 0.000000 0.999957 0.000000 0.009319 2.747510
2524 0.009103 0.000000 -0.999959 -1.705585 0.000000 1.000000 0.000000 0.000000 0.999959 0.000000 0.009103 2.747518
2525 0.008887 0.000000 -0.999961 -1.706683 0.000000 1.000000 0.000000 0.000000 0.999961 0.000000 0.008887 2.747527
2526 0.008671 0.000000 -0.999962 -1.707781 0.000000 1.000000 0.000000 0.000000 0.999962 0.000000 0.008671 2.747535
2527 0.008454 0.000000 -0.999964 -1.708878 0.000000 1.000000 0.000000 0.000000 0.999964 0.000000 0.008454 2.747544
2528 0.008238 0.000000 -0.999966 -1.709976 0.000000 1.000000 0.000000 0.000000 0.999966 0.000000 0.008238 2.747552
2529 0.008022 0.000000 -0.999968 -1.711074 0.000000 1.000000 0.000000 0.000000 0.999968 0.000000 0.008022 2.747561
2530 0.007806 0.000000 -0.999970 -1.712172 0.000000 1.000000 0.000000 0.000000 0.999970 0.000000 0.007806 2.747569
2531 0.007589 0.000000 -0.999971 -1.713270 0.000000 1.000000 0.000000 0.000000 0.999971 0.000000 0.007589 2.747577
2532 0.007407 0.000000 -0.999973 -1.714361 0.000000 1.000000 0.000000 0.000000 0.999973 0.000000 0.007407 2.747586
2533 0.007571 0.000000 -0.999971 -1.715384 0.000000 1.000000 0.000000 0.000000 0.999971 0.000000 0.007571 2.747594
2534 0.007735 0.000000 -0.999970 -1.716407 0.000000 1.000000 0.000000 0.000000 0.999970 0.000000 0.007735 2.747602
2535 0.007898 0.000000 -0.999969 -1.717431 0.000000 1.000000 0.000000 0.000000 0.999969 0.000000 0.007898 2.747611
2536 0.008062 0.000000 -0.999968 -1.718454 0.000000 1.000000 0.000000 0.000000 0.999968 0.000000 0.008062 2.747619
2537 0.008226 0.000000 -0.999966 -1.719477 0.000000 1.000000 0.000000 0.000000 0.999966 0.000000 0.008226 2.747627
2538 0.008389 0.000000 -0.999965 -1.720500 0.000000 1.000000 0.000000 0.000000 0.999965 0.000000 0.008389 2.747636
2539 0.008553 0.000000 -0.999963 -1.721523 0.000000 1.000000 0.000000 0.000000 0.999963 0.000000 0.008553 2.747644
2540 0.008717 0.000000 -0.999962 -1.722546 0.000000 1.000000 0.000000 0.000000 0.999962 0.000000 0.008717 2.747652
2541 0.008880 0.000000 -0.999961 -1.723569 0.000000 1.000000 0.000000 0.000000 0.999961 0.000000 0.008880 2.747660
2542 0.009044 0.000000 -0.999959 -1.724592 0.000000 1.000000 0.000000 0.000000 0.999959 0.000000 0.009044 2.747669
2543 0.009208 0.000000 -0.999958 -1.725615 0.000000 1.000000 0.000000 0.000000 0.999958 0.000000 0.009208 2.747677
2544 0.009372 0.000000 -0.999956 -1.726638 0.000000 1.000000 0.000000 0.000000 0.999956 0.000000 0.009372 2.747685
2545 0.009581 0.000000 -0.999954 -1.727655 0.000000 1.000000 0.000000 0.000000 0.999954 0.000000 0.009581 2.747701
2546 0.009798 0.000000 -0.999952 -1.728670 0.000000 1.000000 0.000000 0.000000 0.999952 0.000000 0.009798 2.747718
2547 0.010014 0.000000 -0.999950 -1.729685 0.000000 1.000000 0.000000 0.000000 0.999950 0.000000 0.010014 2.747734
2548 0.010230 0.000000 -0.999948 -1.730700 0.000000 1.000000 0.000000 0.000000 0.999948 0.000000 0.010230 2.747751
2549 0.010447 0.000000 -0.999945 -1.731716 0.000000 1.000000 0.000000 0.000000 0.999945 0.000000 0.010447 2.747768
2550 0.010663 0.000000 -0.999943 -1.732731 0.000000 1.000000 0.000000 0.000000 0.999943 0.000000 0.010663 2.747785
2551 0.010879 0.000000 -0.999941 -1.733746 0.000000 1.000000 0.000000 0.000000 0.999941 0.000000 0.010879 2.747801
2552 0.011096 0.000000 -0.999938 -1.734762 0.000000 1.000000 0.000000 0.000000 0.999938 0.000000 0.011096 2.747818
2553 0.011312 0.000000 -0.999936 -1.735777 0.000000 1.000000 0.000000 0.000000 0.999936 0.000000 0.011312 2.747835
2554 0.011528 0.000000 -0.999934 -1.736792 0.000000 1.000000 0.000000 0.000000 0.999934 0.000000 0.011528 2.747852
2555 0.011745 0.000000 -0.999931 -1.737807 0.000000 1.000000 0.000000 0.000000 0.999931 0.000000 0.011745 2.747868
2556 0.011961 0.000000 -0.999928 -1.738823 0.000000 1.000000 0.000000 0.000000 0.999928 0.000000 0.011961 2.747885
2557 0.011727 0.000000 -0.999931 -1.739930 0.000000 1.000000 0.000000 0.000000 0.999931 0.000000 0.011727 2.747895
2558 0.011417 0.000000 -0.999935 -1.741052 0.000000 1.000000 0.000000 0.000000 0.999935 0.000000 0.011417 2.747903
2559 0.011107 0.000000 -0.999938 -1.742175 0.000000 1.000000 0.000000 0.000000 0.999938 0.000000 0.011107 2.747912
2560 0.010797 0.000000 -0.999942 -1.743298 0.000000 1.000000 0.000000 0.000000 0.999942 0.000000 0.010797 2.747920
2561 0.010487 0.000000 -0.999945 -1.744420 0.000000 1.000000 0.000000 0.000000 0.999945 0.000000 0.010487 2.747929
2562 0.010177 0.000000 -0.999948 -1.745543 0.000000 1.000000 0.000000 0.000000 0.999948 0.000000 0.010177 2.747937
2563 0.009868 0.000000 -0.999951 -1.746665 0.000000 1.000000 0.000000 0.000000 0.999951 0.000000 0.009868 2.747946
2564 0.009558 0.000000 -0.999954 -1.747788 0.000000 1.000000 0.000000 0.000000 0.999954 0.000000 0.009558 2.747954
2565 0.009248 0.000000 -0.999957 -1.748911 0.000000 1.000000 0.000000 0.000000 0.999957 0.000000 0.009248 2.747963
2566 0.008938 0.000000 -0.999960 -1.750033 0.000000 1.000000 0.000000 0.000000 0.999960 0.000000 0.008938 2.747971
2567 0.008628 0.000000 -0.999963 -1.751156 0.000000 1.000000 0.000000 0.000000 0.999963 0.000000 0.008628 2.747980
2568 0.008318 0.000000 -0.999965 -1.752279 0.000000 1.000000 0.000000 0.000000 0.999965 0.000000 0.008318 2.747988
2569 0.008300 0.000000 -0.999966 -1.753398 0.000000 1.000000 0.000000 0.000000 0.999966 0.000000 0.008300 2.747997
2570 0.008308 0.000000 -0.999965 -1.754516 0.000000 1.000000 0.000000 0.000000 0.999965 0.000000 0.008308 2.748005
2571 0.008317 0.000000 -0.999965 -1.755635 0.000000 1.000000 0.000000 0.000000 0.999965 0.000000 0.008317 2.748013
2572 0.008325 0.000000 -0.999965 -1.756754 0.000000 1.000000 0.000000 0.000000 0.999965 0.000000 0.008325 2.748022
2573 0.008333 0.000000 -0.999965 -1.757872 0.000000 1.000000 0.000000 0.000000 0.999965 0.000000 0.008333 2.748030
2574 0.008341 0.000000 -0.999965 -1.758991 0.000000 1.000000 0.000000 0.000000 0.999965 0.000000 0.008341 2.748038
2575 0.008349 0.000000 -0.999965 -1.760110 0.000000 1.000000 0.000000 0.000000 0.999965 0.000000 0.008349 2.748047
2576 0.008358 0.000000 -0.999965 -1.761228 0.000000 1.000000 0.000000 0.000000 0.999965 0.000000 0.008358 2.748055
2577 0.008366 0.000000 -0.999965 -1.762347 0.000000 1.000000 0.000000 0.000000 0.999965 0.000000 0.008366 2.748063
2578 0.008374 0.000000 -0.999965 -1.763466 0.000000 1.000000 0.000000 0.000000 0.999965 0.000000 0.008374 2.748072
2579 0.008382 0.000000 -0.999965 -1.764584 0.000000 1.000000 0.000000 0.000000 0.999965 0.000000 0.008382 2.748080
2580 0.008391 0.000000 -0.999965 -1.765703 0.000000 1.000000 0.000000 0.000000 0.999965 0.000000 0.008391 2.748088
2581 0.008596 0.000000 -0.999963 -1.766739 0.000000 1.000000 0.000000 0.000000 0.999963 0.000000 0.008596 2.748097
2582 0.008863 0.000000 -0.999961 -1.767749 0.000000 1.000000 0.000000 0.000000 0.999961 0.000000 0.008863 2.748105
2583 0.009130 0.000000 -0.999958 -1.768760 0.000000 1.000000 0.000000 0.000000 0.999958 0.000000 0.009130 2.748114
2584 0.009398 0.000000 -0.999956 -1.769770 0.000000 1.000000 0.000000 0.000000 0.999956 0.000000 0.009398 2.748122
2585 0.009665 0.000000 -0.999953 -1.770780 0.000000 1.000000 0.000000 0.000000 0.999953 0.000000 0.009665 2.748130
2586 0.009932 0.000000 -0.999951 -1.771791 0.000000 1.000000 0.000000 0.000000 0.999951 0.000000 0.009932 2.748139
2587 0.010199 0.000000 -0.999948 -1.772801 0.000000 1.000000 0.000000 0.000000 0.999948 0.000000 0.010199 2.748147
2588 0.010466 0.000000 -0.999945 -1.773811 0.000000 1.000000 0.000000 0.000000 0.999945 0.000000 0.010466 2.748156
2589 0.010733 0.000000 -0.999942 -1.774821 0.000000 1.000000 0.000000 0.000000 0.999942 0.000000 0.010733 2.748164
2590 0.011001 0.000000 -0.999939 -1.775832 0.000000 1.000000 0.000000 0.000000 0.999939 0.000000 0.011001 2.748173
2591 0.011268 0.000000 -0.999937 -1.776842 0.000000 1.000000 0.000000 0.000000 0.999937 0.000000 0.011268 2.748181
2592 0.011535 0.000000 -0.999933 -1.777852 0.000000 1.000000 0.000000 0.000000 0.999933 0.000000 0.011535 2.748190
2593 0.011586 0.000000 -0.999933 -1.778844 0.000000 1.000000 0.000000 0.000000 0.999933 0.000000 0.011586 2.748179
2594 0.011578 0.000000 -0.999933 -1.779830 0.000000 1.000000 0.000000 0.000000 0.999933 0.000000 0.011578 2.748162
2595 0.011569 0.000000 -0.999933 -1.780817 0.000000 1.000000 0.000000 0.000000 0.999933 0.000000 0.011569 2.748146
2596 0.011561 0.000000 -0.999933 -1.781803 0.000000 1.000000 0.000000 0.000000 0.999933 0.000000 0.011561 2.748129
2597 0.011553 0.000000 -0.999933 -1.782790 0.000000 1.000000 0.000000 0.000000 0.999933 0.000000 0.011553 2.748113
2598 0.011544 0.000000 -0.999933 -1.783776 0.000000 1.000000 0.000000 0.000000 0.999933 0.000000 0.011544 2.748096
2599 0.011536 0.000000 -0.999933 -1.784763 0.000000 1.000000 0.000000 0.000000 0.999933 0.000000 0.011536 2.748080
2600 0.011528 0.000000 -0.999934 -1.785749 0.000000 1.000000 0.000000 0.000000 0.999934 0.000000 0.011528 2.748063
2601 0.011520 0.000000 -0.999934 -1.786736 0.000000 1.000000 0.000000 0.000000 0.999934 0.000000 0.011520 2.748047
2602 0.011511 0.000000 -0.999934 -1.787722 0.000000 1.000000 0.000000 0.000000 0.999934 0.000000 0.011511 2.748030
2603 0.011503 0.000000 -0.999934 -1.788709 0.000000 1.000000 0.000000 0.000000 0.999934 0.000000 0.011503 2.748014
2604 0.011495 0.000000 -0.999934 -1.789695 0.000000 1.000000 0.000000 0.000000 0.999934 0.000000 0.011495 2.747997
2605 0.011486 0.000000 -0.999934 -1.790688 0.000000 1.000000 0.000000 0.000000 0.999934 0.000000 0.011486 2.748022
2606 0.011478 0.000000 -0.999934 -1.791684 0.000000 1.000000 0.000000 0.000000 0.999934 0.000000 0.011478 2.748064
2607 0.011470 0.000000 -0.999934 -1.792679 0.000000 1.000000 0.000000 0.000000 0.999934 0.000000 0.011470 2.748105
2608 0.011462 0.000000 -0.999934 -1.793675 0.000000 1.000000 0.000000 0.000000 0.999934 0.000000 0.011462 2.748146
2609 0.011454 0.000000 -0.999934 -1.794670 0.000000 1.000000 0.000000 0.000000 0.999934 0.000000 0.011454 2.748187
2610 0.011445 0.000000 -0.999935 -1.795665 0.000000 1.000000 0.000000 0.000000 0.999935 0.000000 0.011445 2.748229
2611 0.011437 0.000000 -0.999935 -1.796661 0.000000 1.000000 0.000000 0.000000 0.999935 0.000000 0.011437 2.748270
2612 0.011429 0.000000 -0.999935 -1.797656 0.000000 1.000000 0.000000 0.000000 0.999935 0.000000 0.011429 2.748311
2613 0.011421 0.000000 -0.999935 -1.798652 0.000000 1.000000 0.000000 0.000000 0.999935 0.000000 0.011421 2.748352
2614 0.011412 0.000000 -0.999935 -1.799647 0.000000 1.000000 0.000000 0.000000 0.999935 0.000000 0.011412 2.748394
2615 0.011404 0.000000 -0.999935 -1.800643 0.000000 1.000000 0.000000 0.000000 0.999935 0.000000 0.011404 2.748435
2616 0.011396 0.000000 -0.999935 -1.801638 0.000000 1.000000 0.000000 0.000000 0.999935 0.000000 0.011396 2.748476
2617 0.011577 0.000000 -0.999933 -1.802680 0.000000 1.000000 0.000000 0.000000 0.999933 0.000000 0.011577 2.748499
2618 0.011902 0.000000 -0.999929 -1.803757 0.000000 1.000000 0.000000 0.000000 0.999929 0.000000 0.011902 2.748507
2619 0.012228 0.000000 -0.999925 -1.804834 0.000000 1.000000 0.000000 0.000000 0.999925 0.000000 0.012228 2.748516
2620 0.012554 0.000000 -0.999921 -1.805911 0.000000 1.000000 0.000000 0.000000 0.999921 0.000000 0.012554 2.748524
2621 0.012879 0.000000 -0.999917 -1.806988 0.000000 1.000000 0.000000 0.000000 0.999917 0.000000 0.012879 2.748532
2622 0.013205 0.000000 -0.999913 -1.808065 0.000000 1.000000 0.000000 0.000000 0.999913 0.000000 0.013205 2.748541
2623 0.013530 0.000000 -0.999908 -1.809142 0.000000 1.000000 0.000000 0.000000 0.999908 0.000000 0.013530 2.748549
2624 0.013856 0.000000 -0.999904 -1.810219 0.000000 1.000000 0.000000 0.000000 0.999904 0.000000 0.013856 2.748558
2625 0.014182 0.000000 -0.999899 -1.811296 0.000000 1.000000 0.000000 0.000000 0.999899 0.000000 0.014182 2.748566
2626 0.014507 0.000000 -0.999895 -1.812373 0.000000 1.000000 0.000000 0.000000 0.999895 0.000000 0.014507 2.748575
2627 0.014833 0.000000 -0.999890 -1.813450 0.000000 1.000000 0.000000 0.000000 0.999890 0.000000 0.014833 2.748583
2628 0.015158 0.000000 -0.999885 -1.814527 0.000000 1.000000 0.000000 0.000000 0.999885 0.000000 0.015158 2.748592
2629 0.015120 0.000000 -0.999886 -1.815584 0.000000 1.000000 0.000000 0.000000 0.999886 0.000000 0.015120 2.748605
2630 0.014828 0.000000 -0.999890 -1.816626 0.000000 1.000000 0.000000 0.000000 0.999890 0.000000 0.014828 2.748622
2631 0.014536 0.000000 -0.999894 -1.817669 0.000000 1.000000 0.000000 0.000000 0.999894 0.000000 0.014536 2.748639
2632 0.014244 0.000000 -0.999899 -1.818711 0.000000 1.000000 0.000000 0.000000 0.999899 0.000000 0.014244 2.748655
2633 0.013953 0.000000 -0.999903 -1.819754 0.000000 1.000000 0.000000 0.000000 0.999903 0.000000 0.013953 2.748672
2634 0.013661 0.000000 -0.999907 -1.820796 0.000000 1.000000 0.000000 0.000000 0.999907 0.000000 0.013661 2.748689
2635 0.013369 0.000000 -0.999911 -1.821839 0.000000 1.000000 0.000000 0.000000 0.999911 0.000000 0.013369 2.748706
2636 0.013077 0.000000 -0.999914 -1.822881 0.000000 1.000000 0.000000 0.000000 0.999914 0.000000 0.013077 2.748723
2637 0.012785 0.000000 -0.999918 -1.823924 0.000000 1.000000 0.000000 0.000000 0.999918 0.000000 0.012785 2.748739
2638 0.012493 0.000000 -0.999922 -1.824966 0.000000 1.000000 0.000000 0.000000 0.999922 0.000000 0.012493 2.748756
2639 0.012201 0.000000 -0.999926 -1.826009 0.000000 1.000000 0.000000 0.000000 0.999926 0.000000 0.012201 2.748773
2640 0.011910 0.000000 -0.999929 -1.827051 0.000000 1.000000 0.000000 0.000000 0.999929 0.000000 0.011910 2.748790
2641 0.011822 0.000000 -0.999930 -1.828069 0.000000 1.000000 0.000000 0.000000 0.999930 0.000000 0.011822 2.748806
2642 0.011872 0.000000 -0.999930 -1.829071 0.000000 1.000000 0.000000 0.000000 0.999930 0.000000 0.011872 2.748823
2643 0.011921 0.000000 -0.999929 -1.830073 0.000000 1.000000 0.000000 0.000000 0.999929 0.000000 0.011921 2.748840
2644 0.011971 0.000000 -0.999928 -1.831074 0.000000 1.000000 0.000000 0.000000 0.999928 0.000000 0.011971 2.748856
2645 0.012021 0.000000 -0.999928 -1.832076 0.000000 1.000000 0.000000 0.000000 0.999928 0.000000 0.012021 2.748873
2646 0.012070 0.000000 -0.999927 -1.833078 0.000000 1.000000 0.000000 0.000000 0.999927 0.000000 0.012070 2.748890
2647 0.012120 0.000000 -0.999927 -1.834079 0.000000 1.000000 0.000000 0.000000 0.999927 0.000000 0.012120 2.748906
2648 0.012170 0.000000 -0.999926 -1.835081 0.000000 1.000000 0.000000 0.000000 0.999926 0.000000 0.012170 2.748923
2649 0.012219 0.000000 -0.999925 -1.836083 0.000000 1.000000 0.000000 0.000000 0.999925 0.000000 0.012219 2.748940
2650 0.012269 0.000000 -0.999925 -1.837085 0.000000 1.000000 0.000000 0.000000 0.999925 0.000000 0.012269 2.748956
2651 0.012319 0.000000 -0.999924 -1.838086 0.000000 1.000000 0.000000 0.000000 0.999924 0.000000 0.012319 2.748973
2652 0.012368 0.000000 -0.999924 -1.839088 0.000000 1.000000 0.000000 0.000000 0.999924 0.000000 0.012368 2.748990
2653 0.012414 0.000000 -0.999923 -1.840059 0.000000 1.000000 0.000000 0.000000 0.999923 0.000000 0.012414 2.749002
2654 0.012455 0.000000 -0.999922 -1.841002 0.000000 1.000000 0.000000 0.000000 0.999922 0.000000 0.012455 2.749010
2655 0.012496 0.000000 -0.999922 -1.841944 0.000000 1.000000 0.000000 0.000000 0.999922 0.000000 0.012496 2.749018
2656 0.012537 0.000000 -0.999921 -1.842887 0.000000 1.000000 0.000000 0.000000 0.999921 0.000000 0.012537 2.749027
2657 0.012578 0.000000 -0.999921 -1.843830 0.000000 1.000000 0.000000 0.000000 0.999921 0.000000 0.012578 2.749035
2658 0.012619 0.000000 -0.999920 -1.844772 0.000000 1.000000 0.000000 0.000000 0.999920 0.000000 0.012619 2.749043
2659 0.012660 0.000000 -0.999920 -1.845715 0.000000 1.000000 0.000000 0.000000 0.999920 0.000000 0.012660 2.749052
2660 0.012700 0.000000 -0.999919 -1.846658 0.000000 1.000000 0.000000 0.000000 0.999919 0.000000 0.012700 2.749060
2661 0.012741 0.000000 -0.999919 -1.847600 0.000000 1.000000 0.000000 0.000000 0.999919 0.000000 0.012741 2.749068
2662 0.012782 0.000000 -0.999918 -1.848543 0.000000 1.000000 0.000000 0.000000 0.999918 0.000000 0.012782 2.749077
2663 0.012823 0.000000 -0.999918 -1.849486 0.000000 1.000000 0.000000 0.000000 0.999918 0.000000 0.012823 2.749085
2664 0.012864 0.000000 -0.999917 -1.850428 0.000000 1.000000 0.000000 0.000000 0.999917 0.000000 0.012864 2.749093
2665 0.012718 0.000000 -0.999919 -1.851338 0.000000 1.000000 0.000000 0.000000 0.999919 0.000000 0.012718 2.749101
2666 0.012171 0.000000 -0.999926 -1.852179 0.000000 1.000000 0.000000 0.000000 0.999926 0.000000 0.012171 2.749110
2667 0.011624 0.000000 -0.999932 -1.853020 0.000000 1.000000 0.000000 0.000000 0.999932 0.000000 0.011624 2.749118
2668 0.011078 0.000000 -0.999939 -1.853861 0.000000 1.000000 0.000000 0.000000 0.999939 0.000000 0.011078 2.749127
2669 0.010531 0.000000 -0.999945 -1.854702 0.000000 1.000000 0.000000 0.000000 0.999945 0.000000 0.010531 2.749135
2670 0.009985 0.000000 -0.999950 -1.855543 0.000000 1.000000 0.000000 0.000000 0.999950 0.000000 0.009985 2.749144
2671 0.009438 0.000000 -0.999955 -1.856384 0.000000 1.000000 0.000000 0.000000 0.999955 0.000000 0.009438 2.749152
2672 0.008892 0.000000 -0.999960 -1.857224 0.000000 1.000000 0.000000 0.000000 0.999960 0.000000 0.008892 2.749161
2673 0.008345 0.000000 -0.999965 -1.858065 0.000000 1.000000 0.000000 0.000000 0.999965 0.000000 0.008345 2.749169
2674 0.007799 0.000000 -0.999970 -1.858906 0.000000 1.000000 0.000000 0.000000 0.999970 0.000000 0.007799 2.749178
2675 0.007252 0.000000 -0.999974 -1.859747 0.000000 1.000000 0.000000 0.000000 0.999974 0.000000 0.007252 2.749186
2676 0.006705 0.000000 -0.999978 -1.860588 0.000000 1.000000 0.000000 0.000000 0.999978 0.000000 0.006705 2.749195
2677 0.006312 0.000000 -0.999980 -1.861083 0.000000 1.000000 0.000000 0.000000 0.999980 0.000000 0.006312 2.749200
2678 0.006122 0.000000 -0.999981 -1.861116 0.000000 1.000000 0.000000 0.000000 0.999981 0.000000 0.006122 2.749200
2679 0.005933 0.000000 -0.999982 -1.861149 0.000000 1.000000 0.000000 0.000000 0.999982 0.000000 0.005933 2.749200
2680 0.005744 0.000000 -0.999984 -1.861182 0.000000 1.000000 0.000000 0.000000 0.999984 0.000000 0.005744 2.749200
2681 0.005555 0.000000 -0.999985 -1.861215 0.000000 1.000000 0.000000 0.000000 0.999985 0.000000 0.005555 2.749200
2682 0.005365 0.000000 -0.999986 -1.861248 0.000000 1.000000 0.000000 0.000000 0.999986 0.000000 0.005365 2.749200
2683 0.005176 0.000000 -0.999987 -1.861281 0.000000 1.000000 0.000000 0.000000 0.999987 0.000000 0.005176 2.749200
2684 0.004987 0.000000 -0.999988 -1.861314 0.000000 1.000000 0.000000 0.000000 0.999988 0.000000 0.004987 2.749200
2685 0.004798 0.000000 -0.999988 -1.861347 0.000000 1.000000 0.000000 0.000000 0.999988 0.000000 0.004798 2.749200
2686 0.004608 0.000000 -0.999989 -1.861380 0.000000 1.000000 0.000000 0.000000 0.999989 0.000000 0.004608 2.749200
2687 0.004419 0.000000 -0.999990 -1.861413 0.000000 1.000000 0.000000 0.000000 0.999990 0.000000 0.004419 2.749200
2688 0.004230 0.000000 -0.999991 -1.861445 0.000000 1.000000 0.000000 0.000000 0.999991 0.000000 0.004230 2.749200
2689 0.004097 0.000000 -0.999992 -1.861469 0.000000 1.000000 0.000000 0.000000 0.999992 0.000000 0.004097 2.749200
2690 0.004114 0.000000 -0.999992 -1.861469 0.000000 1.000000 0.000000 0.000000 0.999992 0.000000 0.004114 2.749200
2691 0.004131 0.000000 -0.999991 -1.861469 0.000000 1.000000 0.000000 0.000000 0.999991 0.000000 0.004131 2.749200
2692 0.004147 0.000000 -0.999991 -1.861469 0.000000 1.000000 0.000000 0.000000 0.999991 0.000000 0.004147 2.749200
2693 0.004164 0.000000 -0.999991 -1.861469 0.000000 1.000000 0.000000 0.000000 0.999991 0.000000 0.004164 2.749200
2694 0.004181 0.000000 -0.999991 -1.861469 0.000000 1.000000 0.000000 0.000000 0.999991 0.000000 0.004181 2.749200
2695 0.004198 0.000000 -0.999991 -1.861469 0.000000 1.000000 0.000000 0.000000 0.999991 0.000000 0.004198 2.749200
2696 0.004214 0.000000 -0.999991 -1.861469 0.000000 1.000000 0.000000 0.000000 0.999991 0.000000 0.004214 2.749200
2697 0.004231 0.000000 -0.999991 -1.861469 0.000000 1.000000 0.000000 0.000000 0.999991 0.000000 0.004231 2.749200
2698 0.004248 0.000000 -0.999991 -1.861469 0.000000 1.000000 0.000000 0.000000 0.999991 0.000000 0.004248 2.749200
2699 0.004264 0.000000 -0.999991 -1.861469 0.000000 1.000000 0.000000 0.000000 0.999991 0.000000 0.004264 2.749200
2700 0.004281 0.000000 -0.999991 -1.861469 0.000000 1.000000 0.000000 0.000000 0.999991 0.000000 0.004281 2.749200
2701 0.004293 0.000000 -0.999991 -1.861469 0.000000 1.000000 0.000000 0.000000 0.999991 0.000000 0.004293 2.749200
2702 0.004293 0.000000 -0.999991 -1.861469 0.000000 1.000000 0.000000 0.000000 0.999991 0.000000 0.004293 2.749200
2703 0.004293 0.000000 -0.999991 -1.861469 0.000000 1.000000 0.000000 0.000000 0.999991 0.000000 0.004293 2.749200
2704 0.004293 0.000000 -0.999991 -1.861469 0.000000 1.000000 0.000000 0.000000 0.999991 0.000000 0.004293 2.749200
2705 0.004293 0.000000 -0.999991 -1.861469 0.000000 1.000000 0.000000 0.000000 0.999991 0.000000 0.004293 2.749200
2706 0.004293 0.000000 -0.999991 -1.861469 0.000000 1.000000 0.000000 0.000000 0.999991 0.000000 0.004293 2.749200
2707 0.004293 0.000000 -0.999991 -1.861469 0.000000 1.000000 0.000000 0.000000 0.999991 0.000000 0.004293 2.749200
2708 0.004293 0.000000 -0.999991 -1.861469 0.000000 1.000000 0.000000 0.000000 0.999991 0.000000 0.004293 2.749200
2709 0.004293 0.000000 -0.999991 -1.861469 0.000000 1.000000 0.000000 0.000000 0.999991 0.000000 0.004293 2.749200
2710 0.004293 0.000000 -0.999991 -1.861469 0.000000 1.000000 0.000000 0.000000 0.999991 0.000000 0.004293 2.749200
2711 0.004293 0.000000 -0.999991 -1.861469 0.000000 1.000000 0.000000 0.000000 0.999991 0.000000 0.004293 2.749200
2712 0.004293 0.000000 -0.999991 -1.861469 0.000000 1.000000 0.000000 0.000000 0.999991 0.000000 0.004293 2.749200
2713 0.004282 0.000000 -0.999991 -1.861464 0.000000 1.000000 0.000000 0.000000 0.999991 0.000000 0.004282 2.749200
2714 0.004249 0.000000 -0.999991 -1.861447 0.000000 1.000000 0.000000 0.000000 0.999991 0.000000 0.004249 2.749200
2715 0.004215 0.000000 -0.999991 -1.861431 0.000000 1.000000 0.000000 0.000000 0.999991 0.000000 0.004215 2.749200
2716 0.004182 0.000000 -0.999991 -1.861414 0.000000 1.000000 0.000000 0.000000 0.999991 0.000000 0.004182 2.749200
2717 0.004149 0.000000 -0.999991 -1.861397 0.000000 1.000000 0.000000 0.000000 0.999991 0.000000 0.004149 2.749200
2718 0.004115 0.000000 -0.999992 -1.861381 0.000000 1.000000 0.000000 0.000000 0.999992 0.000000 0.004115 2.749200
2719 0.004082 0.000000 -0.999992 -1.861364 0.000000 1.000000 0.000000 0.000000 0.999992 0.000000 0.004082 2.749200
2720 0.004049 0.000000 -0.999992 -1.861348 0.000000 1.000000 0.000000 0.000000 0.999992 0.000000 0.004049 2.749200
2721 0.004016 0.000000 -0.999992 -1.861331 0.000000 1.000000 0.000000 0.000000 0.999992 0.000000 0.004016 2.749200
2722 0.003982 0.000000 -0.999992 -1.861314 0.000000 1.000000 0.000000 0.000000 0.999992 0.000000 0.003982 2.749200
2723 0.003949 0.000000 -0.999992 -1.861298 0.000000 1.000000 0.000000 0.000000 0.999992 0.000000 0.003949 2.749200
2724 0.003916 0.000000 -0.999992 -1.861281 0.000000 1.000000 0.000000 0.000000 0.999992 0.000000 0.003916 2.749200
2725 0.003893 0.000000 -0.999992 -1.861264 0.000000 1.000000 0.000000 0.000000 0.999992 0.000000 0.003893 2.749200
2726 0.003893 0.000000 -0.999992 -1.861248 0.000000 1.000000 0.000000 0.000000 0.999992 0.000000 0.003893 2.749200
2727 0.003893 0.000000 -0.999992 -1.861232 0.000000 1.000000 0.000000 0.000000 0.999992 0.000000 0.003893 2.749200
2728 0.003893 0.000000 -0.999992 -1.861216 0.000000 1.000000 0.000000 0.000000 0.999992 0.000000 0.003893 2.749200
2729 0.003893 0.000000 -0.999992 -1.861200 0.000000 1.000000 0.000000 0.000000 0.999992 0.000000 0.003893 2.749200
2730 0.003893 0.000000 -0.999992 -1.861184 0.000000 1.000000 0.000000 0.000000 0.999992 0.000000 0.003893 2.749200
2731 0.003893 0.000000 -0.999992 -1.861167 0.000000 1.000000 0.000000 0.000000 0.999992 0.000000 0.003893 2.749200
2732 0.003893 0.000000 -0.999992 -1.861151 0.000000 1.000000 0.000000 0.000000 0.999992 0.000000 0.003893 2.749200
2733 0.003893 0.000000 -0.999992 -1.861135 0.000000 1.000000 0.000000 0.000000 0.999992 0.000000 0.003893 2.749200
2734 0.003893 0.000000 -0.999992 -1.861119 0.000000 1.000000 0.000000 0.000000 0.999992 0.000000 0.003893 2.749200
2735 0.003893 0.000000 -0.999992 -1.861103 0.000000 1.000000 0.000000 0.000000 0.999992 0.000000 0.003893 2.749200
2736 0.003893 0.000000 -0.999992 -1.861087 0.000000 1.000000 0.000000 0.000000 0.999992 0.000000 0.003893 2.749200
2737 0.003893 0.000000 -0.999992 -1.861070 0.000000 1.000000 0.000000 0.000000 0.999992 0.000000 0.003893 2.749200
2738 0.003893 0.000000 -0.999992 -1.861069 0.000000 1.000000 0.000000 0.000000 0.999992 0.000000 0.003893 2.749200
2739 0.003893 0.000000 -0.999992 -1.861069 0.000000 1.000000 0.000000 0.000000 0.999992 0.000000 0.003893 2.749200
2740 0.003893 0.000000 -0.999992 -1.861069 0.000000 1.000000 0.000000 0.000000 0.999992 0.000000 0.003893 2.749200
2741 0.003893 0.000000 -0.999992 -1.861069 0.000000 1.000000 0.000000 0.000000 0.999992 0.000000 0.003893 2.749200
2742 0.003893 0.000000 -0.999992 -1.861069 0.000000 1.000000 0.000000 0.000000 0.999992 0.000000 0.003893 2.749200
2743 0.003893 0.000000 -0.999992 -1.861069 0.000000 1.000000 0.000000 0.000000 0.999992 0.000000 0.003893 2.749200
2744 0.003893 0.000000 -0.999992 -1.861069 0.000000 1.000000 0.000000 0.000000 0.999992 0.000000 0.003893 2.749200
2745 0.003893 0.000000 -0.999992 -1.861069 0.000000 1.000000 0.000000 0.000000 0.999992 0.000000 0.003893 2.749200
2746 0.003893 0.000000 -0.999992 -1.861069 0.000000 1.000000 0.000000 0.000000 0.999992 0.000000 0.003893 2.749200
2747 0.003893 0.000000 -0.999992 -1.861069 0.000000 1.000000 0.000000 0.000000 0.999992 0.000000 0.003893 2.749200
2748 0.003893 0.000000 -0.999992 -1.861069 0.000000 1.000000 0.000000 0.000000 0.999992 0.000000 0.003893 2.749200
2749 0.003859 0.000000 -0.999993 -1.861053 0.000000 1.000000 0.000000 0.000000 0.999993 0.000000 0.003859 2.749200
2750 0.003551 0.000000 -0.999994 -1.860903 0.000000 1.000000 0.000000 0.000000 0.999994 0.000000 0.003551 2.749200
2751 0.003242 0.000000 -0.999995 -1.860753 0.000000 1.000000 0.000000 0.000000 0.999995 0.000000 0.003242 2.749200
2752 0.002933 0.000000 -0.999996 -1.860603 0.000000 1.000000 0.000000 0.000000 0.999996 0.000000 0.002933 2.749200
2753 0.002625 0.000000 -0.999997 -1.860453 0.000000 1.000000 0.000000 0.000000 0.999997 0.000000 0.002625 2.749200
2754 0.002316 0.000000 -0.999997 -1.860302 0.000000 1.000000 0.000000 0.000000 0.999997 0.000000 0.002316 2.749200
2755 0.002007 0.000000 -0.999998 -1.860152 0.000000 1.000000 0.000000 0.000000 0.999998 0.000000 0.002007 2.749200
2756 0.001699 0.000000 -0.999999 -1.860002 0.000000 1.000000 0.000000 0.000000 0.999999 0.000000 0.001699 2.749200
2757 0.001390 0.000000 -0.999999 -1.859852 0.000000 1.000000 0.000000 0.000000 0.999999 0.000000 0.001390 2.749200
2758 0.001081 0.000000 -0.999999 -1.859702 0.000000 1.000000 0.000000 0.000000 0.999999 0.000000 0.001081 2.749200
2759 0.000773 0.000000 -1.000000 -1.859552 0.000000 1.000000 0.000000 0.000000 1.000000 0.000000 0.000773 2.749200
2760 0.000464 0.000000 -1.000000 -1.859401 0.000000 1.000000 0.000000 0.000000 1.000000 0.000000 0.000464 2.749200
2761 0.000018 0.000000 -1.000000 -1.859119 0.000000 1.000000 0.000000 0.000000 1.000000 0.000000 0.000018 2.749202
2762 -0.001428 0.000000 -0.999999 -1.857870 0.000000 1.000000 0.000000 0.000000 0.999999 0.000000 -0.001428 2.749218
2763 -0.002873 0.000000 -0.999996 -1.856622 0.000000 1.000000 0.000000 0.000000 0.999996 0.000000 -0.002873 2.749234
2764 -0.004319 0.000000 -0.999991 -1.855373 0.000000 1.000000 0.000000 0.000000 0.999991 0.000000 -0.004319 2.749250
2765 -0.005765 0.000000 -0.999983 -1.854125 0.000000 1.000000 0.000000 0.000000 0.999983 0.000000 -0.005765 2.749267
2766 -0.007210 0.000000 -0.999974 -1.852876 0.000000 1.000000 0.000000 0.000000 0.999974 0.000000 -0.007210 2.749283
2767 -0.008656 0.000000 -0.999963 -1.851627 0.000000 1.000000 0.000000 0.000000 0.999963 0.000000 -0.008656 2.749299
2768 -0.010101 0.000000 -0.999949 -1.850379 0.000000 1.000000 0.000000 0.000000 0.999949 0.000000 -0.010101 2.749316
2769 -0.011547 0.000000 -0.999933 -1.849130 0.000000 1.000000 0.000000 0.000000 0.999933 0.000000 -0.011547 2.749332
2770 -0.012993 0.000000 -0.999916 -1.847882 0.000000 1.000000 0.000000 0.000000 0.999916 0.000000 -0.012993 2.749348
2771 -0.014438 0.000000 -0.999896 -1.846633 0.000000 1.000000 0.000000 0.000000 0.999896 0.000000 -0.014438 2.749365
2772 -0.015884 0.000000 -0.999874 -1.845385 0.000000 1.000000 0.000000 0.000000 0.999874 0.000000 -0.015884 2.749381
2773 -0.017329 0.000000 -0.999850 -1.844136 0.000000 1.000000 0.000000 0.000000 0.999850 0.000000 -0.017329 2.749397
2774 -0.015512 0.000000 -0.999880 -1.841707 0.000000 1.000000 0.000000 0.000000 0.999880 0.000000 -0.015512 2.749414
2775 -0.013511 0.000000 -0.999909 -1.839211 0.000000 1.000000 0.000000 0.000000 0.999909 0.000000 -0.013511 2.749430
2776 -0.011509 0.000000 -0.999934 -1.836716 0.000000 1.000000 0.000000 0.000000 0.999934 0.000000 -0.011509 2.749447
2777 -0.009508 0.000000 -0.999955 -1.834220 0.000000 1.000000 0.000000 0.000000 0.999955 0.000000 -0.009508 2.749463
2778 -0.007506 0.000000 -0.999972 -1.831724 0.000000 1.000000 0.000000 0.000000 0.999972 0.000000 -0.007506 2.749480
2779 -0.005505 0.000000 -0.999985 -1.829228 0.000000 1.000000 0.000000 0.000000 0.999985 0.000000 -0.005505 2.749496
2780 -0.003503 0.000000 -0.999994 -1.826732 0.000000 1.000000 0.000000 0.000000 0.999994 0.000000 -0.003503 2.749513
2781 -0.001501 0.000000 -0.999999 -1.824237 0.000000 1.000000 0.000000 0.000000 0.999999 0.000000 -0.001501 2.749529
2782 0.000501 0.000000 -1.000000 -1.821741 0.000000 1.000000 0.000000 0.000000 1.000000 0.000000 0.000501 2.749546
2783 0.002502 0.000000 -0.999997 -1.819245 0.000000 1.000000 0.000000 0.000000 0.999997 0.000000 0.002502 2.749562
2784 0.004504 0.000000 -0.999990 -1.816749 0.000000 1.000000 0.000000 0.000000 0.999990 0.000000 0.004504 2.749579
2785 0.006497 0.000000 -0.999979 -1.814249 0.000000 1.000000 0.000000 0.000000 0.999979 0.000000 0.006497 2.749595
2786 0.007105 0.000000 -0.999975 -1.811091 0.000000 1.000000 0.000000 0.000000 0.999975 0.000000 0.007105 2.749553
2787 0.007714 0.000000 -0.999970 -1.807933 0.000000 1.000000 0.000000 0.000000 0.999970 0.000000 0.007714 2.749512
2788 0.008322 0.000000 -0.999965 -1.804774 0.000000 1.000000 0.000000 0.000000 0.999965 0.000000 0.008322 2.749470
2789 0.008931 0.000000 -0.999960 -1.801616 0.000000 1.000000 0.000000 0.000000 0.999960 0.000000 0.008931 2.749429
2790 0.009539 0.000000 -0.999954 -1.798458 0.000000 1.000000 0.000000 0.000000 0.999954 0.000000 0.009539 2.749388
2791 0.010148 0.000000 -0.999949 -1.795300 0.000000 1.000000 0.000000 0.000000 0.999949 0.000000 0.010148 2.749346
2792 0.010757 0.000000 -0.999942 -1.792142 0.000000 1.000000 0.000000 0.000000 0.999942 0.000000 0.010757 2.749305
2793 0.011365 0.000000 -0.999935 -1.788983 0.000000 1.000000 0.000000 0.000000 0.999935 0.000000 0.011365 2.749263
2794 0.011974 0.000000 -0.999928 -1.785825 0.000000 1.000000 0.000000 0.000000 0.999928 0.000000 0.011974 2.749222
2795 0.012582 0.000000 -0.999921 -1.782667 0.000000 1.000000 0.000000 0.000000 0.999921 0.000000 0.012582 2.749180
2796 0.013191 0.000000 -0.999913 -1.779509 0.000000 1.000000 0.000000 0.000000 0.999913 0.000000 0.013191 2.749139
2797 0.013800 0.000000 -0.999905 -1.776350 0.000000 1.000000 0.000000 0.000000 0.999905 0.000000 0.013800 2.749098
2798 0.013864 0.000000 -0.999904 -1.772534 0.000000 1.000000 0.000000 0.000000 0.999904 0.000000 0.013864 2.749048
2799 0.013830 0.000000 -0.999904 -1.768600 0.000000 1.000000 0.000000 0.000000 0.999904 0.000000 0.013830 2.748998
2800 0.013797 0.000000 -0.999905 -1.764666 0.000000 1.000000 0.000000 0.000000 0.999905 0.000000 0.013797 2.748947
2801 0.013764 0.000000 -0.999905 -1.760732 0.000000 1.000000 0.000000 0.000000 0.999905 0.000000 0.013764 2.748897
2802 0.013730 0.000000 -0.999906 -1.756797 0.000000 1.000000 0.000000 0.000000 0.999906 0.000000 0.013730 2.748846
2803 0.013697 0.000000 -0.999906 -1.752863 0.000000 1.000000 0.000000 0.000000 0.999906 0.000000 0.013697 2.748796
2804 0.013663 0.000000 -0.999907 -1.748929 0.000000 1.000000 0.000000 0.000000 0.999907 0.000000 0.013663 2.748745
2805 0.013630 0.000000 -0.999907 -1.744995 0.000000 1.000000 0.000000 0.000000 0.999907 0.000000 0.013630 2.748695
2806 0.013597 0.000000 -0.999908 -1.741060 0.000000 1.000000 0.000000 0.000000 0.999908 0.000000 0.013597 2.748644
2807 0.013563 0.000000 -0.999908 -1.737126 0.000000 1.000000 0.000000 0.000000 0.999908 0.000000 0.013563 2.748594
2808 0.013530 0.000000 -0.999908 -1.733192 0.000000 1.000000 0.000000 0.000000 0.999908 0.000000 0.013530 2.748543
2809 0.013496 0.000000 -0.999909 -1.729258 0.000000 1.000000 0.000000 0.000000 0.999909 0.000000 0.013496 2.748493
2810 0.013056 0.000000 -0.999915 -1.724715 0.000000 1.000000 0.000000 0.000000 0.999915 0.000000 0.013056 2.748443
2811 0.012559 0.000000 -0.999921 -1.720086 0.000000 1.000000 0.000000 0.000000 0.999921 0.000000 0.012559 2.748392
2812 0.012061 0.000000 -0.999927 -1.715458 0.000000 1.000000 0.000000 0.000000 0.999927 0.000000 0.012061 2.748342
2813 0.011563 0.000000 -0.999933 -1.710829 0.000000 1.000000 0.000000 0.000000 0.999933 0.000000 0.011563 2.748292
2814 0.011066 0.000000 -0.999939 -1.706200 0.000000 1.000000 0.000000 0.000000 0.999939 0.000000 0.011066 2.748242
2815 0.010568 0.000000 -0.999944 -1.701572 0.000000 1.000000 0.000000 0.000000 0.999944 0.000000 0.010568 2.748191
2816 0.010070 0.000000 -0.999949 -1.696943 0.000000 1.000000 0.000000 0.000000 0.999949 0.000000 0.010070 2.748141
2817 0.009573 0.000000 -0.999954 -1.692314 0.000000 1.000000 0.000000 0.000000 0.999954 0.000000 0.009573 2.748091
2818 0.009075 0.000000 -0.999959 -1.687685 0.000000 1.000000 0.000000 0.000000 0.999959 0.000000 0.009075 2.748041
2819 0.008577 0.000000 -0.999963 -1.683057 0.000000 1.000000 0.000000 0.000000 0.999963 0.000000 0.008577 2.747990
2820 0.008079 0.000000 -0.999967 -1.678428 0.000000 1.000000 0.000000 0.000000 0.999967 0.000000 0.008079 2.747940
2821 0.007582 0.000000 -0.999971 -1.673799 0.000000 1.000000 0.000000 0.000000 0.999971 0.000000 0.007582 2.747890
2822 0.006651 0.000000 -0.999978 -1.668857 0.000000 1.000000 0.000000 0.000000 0.999978 0.000000 0.006651 2.747881
2823 0.005626 0.000000 -0.999984 -1.663846 0.000000 1.000000 0.000000 0.000000 0.999984 0.000000 0.005626 2.747880
2824 0.004600 0.000000 -0.999989 -1.658835 0.000000 1.000000 0.000000 0.000000 0.999989 0.000000 0.004600 2.747880
2825 0.003575 0.000000 -0.999994 -1.653824 0.000000 1.000000 0.000000 0.000000 0.999994 0.000000 0.003575 2.747879
2826 0.002550 0.000000 -0.999997 -1.648814 0.000000 1.000000 0.000000 0.000000 0.999997 0.000000 0.002550 2.747879
2827 0.001525 0.000000 -0.999999 -1.643803 0.000000 1.000000 0.000000 0.000000 0.999999 0.000000 0.001525 2.747878
2828 0.000499 0.000000 -1.000000 -1.638792 0.000000 1.000000 0.000000 0.000000 1.000000 0.000000 0.000499 2.747878
2829 -0.000526 0.000000 -1.000000 -1.633781 0.000000 1.000000 0.000000 0.000000 1.000000 0.000000 -0.000526 2.747877
2830 -0.001551 0.000000 -0.999999 -1.628771 0.000000 1.000000 0.000000 0.000000 0.999999 0.000000 -0.001551 2.747877
2831 -0.002577 0.000000 -0.999997 -1.623760 0.000000 1.000000 0.000000 0.000000 0.999997 0.000000 -0.002577 2.747876
2832 -0.003602 0.000000 -0.999994 -1.618749 0.000000 1.000000 0.000000 0.000000 0.999994 0.000000 -0.003602 2.747876
2833 -0.004627 0.000000 -0.999989 -1.613738 0.000000 1.000000 0.000000 0.000000 0.999989 0.000000 -0.004627 2.747875
2834 -0.005241 0.000000 -0.999986 -1.608784 0.000000 1.000000 0.000000 0.000000 0.999986 0.000000 -0.005241 2.747904
2835 -0.005701 0.000000 -0.999984 -1.603851 0.000000 1.000000 0.000000 0.000000 0.999984 0.000000 -0.005701 2.747945
2836 -0.006161 0.000000 -0.999981 -1.598918 0.000000 1.000000 0.000000 0.000000 0.999981 0.000000 -0.006161 2.747985
2837 -0.006620 0.000000 -0.999978 -1.593986 0.000000 1.000000 0.000000 0.000000 0.999978 0.000000 -0.006620 2.748026
2838 -0.007080 0.000000 -0.999975 -1.589053 0.000000 1.000000 0.000000 0.000000 0.999975 0.000000 -0.007080 2.748067
2839 -0.007539 0.000000 -0.999972 -1.584120 0.000000 1.000000 0.000000 0.000000 0.999972 0.000000 -0.007539 2.748107
2840 -0.007999 0.000000 -0.999968 -1.579188 0.000000 1.000000 0.000000 0.000000 0.999968 0.000000 -0.007999 2.748148
2841 -0.008459 0.000000 -0.999964 -1.574255 0.000000 1.000000 0.000000 0.000000 0.999964 0.000000 -0.008459 2.748188
2842 -0.008918 0.000000 -0.999960 -1.569322 0.000000 1.000000 0.000000 0.000000 0.999960 0.000000 -0.008918 2.748229
2843 -0.009378 0.000000 -0.999956 -1.564390 0.000000 1.000000 0.000000 0.000000 0.999956 0.000000 -0.009378 2.748269
2844 -0.009837 0.000000 -0.999952 -1.559457 0.000000 1.000000 0.000000 0.000000 0.999952 0.000000 -0.009837 2.748310
2845 -0.010297 0.000000 -0.999947 -1.554524 0.000000 1.000000 0.000000 0.000000 0.999947 0.000000 -0.010297 2.748350
2846 -0.010449 0.000000 -0.999945 -1.549798 0.000000 1.000000 0.000000 0.000000 0.999945 0.000000 -0.010449 2.748396
2847 -0.010341 0.000000 -0.999947 -1.545247 0.000000 1.000000 0.000000 0.000000 0.999947 0.000000 -0.010341 2.748445
2848 -0.010233 0.000000 -0.999948 -1.540696 0.000000 1.000000 0.000000 0.000000 0.999948 0.000000 -0.010233 2.748494
2849 -0.010125 0.000000 -0.999949 -1.536145 0.000000 1.000000 0.000000 0.000000 0.999949 0.000000 -0.010125 2.748543
2850 -0.010018 0.000000 -0.999950 -1.531593 0.000000 1.000000 0.000000 0.000000 0.999950 0.000000 -0.010018 2.748593
2851 -0.009910 0.000000 -0.999951 -1.527042 0.000000 1.000000 0.000000 0.000000 0.999951 0.000000 -0.009910 2.748642
2852 -0.009802 0.000000 -0.999952 -1.522491 0.000000 1.000000 0.000000 0.000000 0.999952 0.000000 -0.009802 2.748691
2853 -0.009694 0.000000 -0.999953 -1.517940 0.000000 1.000000 0.000000 0.000000 0.999953 0.000000 -0.009694 2.748741
2854 -0.009587 0.000000 -0.999954 -1.513388 0.000000 1.000000 0.000000 0.000000 0.999954 0.000000 -0.009587 2.748790
2855 -0.009479 0.000000 -0.999955 -1.508837 0.000000 1.000000 0.000000 0.000000 0.999955 0.000000 -0.009479 2.748839
2856 -0.009371 0.000000 -0.999956 -1.504286 0.000000 1.000000 0.000000 0.000000 0.999956 0.000000 -0.009371 2.748888
2857 -0.009263 0.000000 -0.999957 -1.499735 0.000000 1.000000 0.000000 0.000000 0.999957 0.000000 -0.009263 2.748938
2858 -0.008926 0.000000 -0.999960 -1.495596 0.000000 1.000000 0.000000 0.000000 0.999960 0.000000 -0.008926 2.748975
2859 -0.008342 0.000000 -0.999965 -1.491905 0.000000 1.000000 0.000000 0.000000 0.999965 0.000000 -0.008342 2.749000
2860 -0.007757 0.000000 -0.999970 -1.488213 0.000000 1.000000 0.000000 0.000000 0.999970 0.000000 -0.007757 2.749025
2861 -0.007173 0.000000 -0.999974 -1.484521 0.000000 1.000000 0.000000 0.000000 0.999974 0.000000 -0.007173 2.749049
2862 -0.006588 0.000000 -0.999978 -1.480830 0.000000 1.000000 0.000000 0.000000 0.999978 0.000000 -0.006588 2.749074
2863 -0.006003 0.000000 -0.999982 -1.477138 0.000000 1.000000 0.000000 0.000000 0.999982 0.000000 -0.006003 2.749099
2864 -0.005419 0.000000 -0.999985 -1.473447 0.000000 1.000000 0.000000 0.000000 0.999985 0.000000 -0.005419 2.749123
2865 -0.004834 0.000000 -0.999988 -1.469755 0.000000 1.000000 0.000000 0.000000 0.999988 0.000000 -0.004834 2.749148
2866 -0.004249 0.000000 -0.999991 -1.466063 0.000000 1.000000 0.000000 0.000000 0.999991 0.000000 -0.004249 2.749173
2867 -0.003665 0.000000 -0.999993 -1.462372 0.000000 1.000000 0.000000 0.000000 0.999993 0.000000 -0.003665 2.749197
2868 -0.003080 0.000000 -0.999995 -1.458680 0.000000 1.000000 0.000000 0.000000 0.999995 0.000000 -0.003080 2.749222
2869 -0.002495 0.000000 -0.999997 -1.454989 0.000000 1.000000 0.000000 0.000000 0.999997 0.000000 -0.002495 2.749247
2870 -0.002241 0.000000 -0.999997 -1.452040 0.000000 1.000000 0.000000 0.000000 0.999997 0.000000 -0.002241 2.749263
2871 -0.002307 0.000000 -0.999997 -1.449813 0.000000 1.000000 0.000000 0.000000 0.999997 0.000000 -0.002307 2.749271
2872 -0.002373 0.000000 -0.999997 -1.447587 0.000000 1.000000 0.000000 0.000000 0.999997 0.000000 -0.002373 2.749279
2873 -0.002439 0.000000 -0.999997 -1.445360 0.000000 1.000000 0.000000 0.000000 0.999997 0.000000 -0.002439 2.749287
2874 -0.002505 0.000000 -0.999997 -1.443134 0.000000 1.000000 0.000000 0.000000 0.999997 0.000000 -0.002505 2.749295
2875 -0.002571 0.000000 -0.999997 -1.440907 0.000000 1.000000 0.000000 0.000000 0.999997 0.000000 -0.002571 2.749303
2876 -0.002637 0.000000 -0.999997 -1.438681 0.000000 1.000000 0.000000 0.000000 0.999997 0.000000 -0.002637 2.749311
2877 -0.002703 0.000000 -0.999996 -1.436454 0.000000 1.000000 0.000000 0.000000 0.999996 0.000000 -0.002703 2.749319
2878 -0.002769 0.000000 -0.999996 -1.434228 0.000000 1.000000 0.000000 0.000000 0.999996 0.000000 -0.002769 2.749327
2879 -0.002835 0.000000 -0.999996 -1.432001 0.000000 1.000000 0.000000 0.000000 0.999996 0.000000 -0.002835 2.749335
2880 -0.002901 0.000000 -0.999996 -1.429775 0.000000 1.000000 0.000000 0.000000 0.999996 0.000000 -0.002901 2.749343
2881 -0.002966 0.000000 -0.999996 -1.427548 0.000000 1.000000 0.000000 0.000000 0.999996 0.000000 -0.002966 2.749351
2882 -0.003154 0.000000 -0.999995 -1.425669 0.000000 1.000000 0.000000 0.000000 0.999995 0.000000 -0.003154 2.749356
2883 -0.003539 0.000000 -0.999994 -1.424356 0.000000 1.000000 0.000000 0.000000 0.999994 0.000000 -0.003539 2.749356
2884 -0.003923 0.000000 -0.999992 -1.423043 0.000000 1.000000 0.000000 0.000000 0.999992 0.000000 -0.003923 2.749356
2885 -0.004308 0.000000 -0.999991 -1.421729 0.000000 1.000000 0.000000 0.000000 0.999991 0.000000 -0.004308 2.749356
2886 -0.004693 0.000000 -0.999989 -1.420416 0.000000 1.000000 0.000000 0.000000 0.999989 0.000000 -0.004693 2.749356
2887 -0.005078 0.000000 -0.999987 -1.419103 0.000000 1.000000 0.000000 0.000000 0.999987 0.000000 -0.005078 2.749356
2888 -0.005463 0.000000 -0.999985 -1.417789 0.000000 1.000000 0.000000 0.000000 0.999985 0.000000 -0.005463 2.749355
2889 -0.005847 0.000000 -0.999983 -1.416476 0.000000 1.000000 0.000000 0.000000 0.999983 0.000000 -0.005847 2.749355
2890 -0.006232 0.000000 -0.999981 -1.415163 0.000000 1.000000 0.000000 0.000000 0.999981 0.000000 -0.006232 2.749355
2891 -0.006617 0.000000 -0.999978 -1.413849 0.000000 1.000000 0.000000 0.000000 0.999978 0.000000 -0.006617 2.749355
2892 -0.007002 0.000000 -0.999975 -1.412536 0.000000 1.000000 0.000000 0.000000 0.999975 0.000000 -0.007002 2.749355
2893 -0.007387 0.000000 -0.999973 -1.411223 0.000000 1.000000 0.000000 0.000000 0.999973 0.000000 -0.007387 2.749355
2894 -0.007542 0.000000 -0.999972 -1.410050 0.000000 1.000000 0.000000 0.000000 0.999972 0.000000 -0.007542 2.749358
2895 -0.007389 0.000000 -0.999973 -1.409067 0.000000 1.000000 0.000000 0.000000 0.999973 0.000000 -0.007389 2.749366
2896 -0.007236 0.000000 -0.999974 -1.408083 0.000000 1.000000 0.000000 0.000000 0.999974 0.000000 -0.007236 2.749374
2897 -0.007083 0.000000 -0.999975 -1.407100 0.000000 1.000000 0.000000 0.000000 0.999975 0.000000 -0.007083 2.749382
2898 -0.006929 0.000000 -0.999976 -1.406116 0.000000 1.000000 0.000000 0.000000 0.999976 0.000000 -0.006929 2.749390
2899 -0.006776 0.000000 -0.999977 -1.405133 0.000000 1.000000 0.000000 0.000000 0.999977 0.000000 -0.006776 2.749398
2900 -0.006623 0.000000 -0.999978 -1.404150 0.000000 1.000000 0.000000 0.000000 0.999978 0.000000 -0.006623 2.749406
2901 -0.006470 0.000000 -0.999979 -1.403166 0.000000 1.000000 0.000000 0.000000 0.999979 0.000000 -0.006470 2.749414
2902 -0.006317 0.000000 -0.999980 -1.402183 0.000000 1.000000 0.000000 0.000000 0.999980 0.000000 -0.006317 2.749422
2903 -0.006164 0.000000 -0.999981 -1.401199 0.000000 1.000000 0.000000 0.000000 0.999981 0.000000 -0.006164 2.749430
2904 -0.006010 0.000000 -0.999982 -1.400216 0.000000 1.000000 0.000000 0.000000 0.999982 0.000000 -0.006010 2.749438
2905 -0.005857 0.000000 -0.999983 -1.399233 0.000000 1.000000 0.000000 0.000000 0.999983 0.000000 -0.005857 2.749446
2906 -0.005702 0.000000 -0.999984 -1.398249 0.000000 1.000000 0.000000 0.000000 0.999984 0.000000 -0.005702 2.749454
2907 -0.005462 0.000000 -0.999985 -1.397256 0.000000 1.000000 0.000000 0.000000 0.999985 0.000000 -0.005462 2.749462
2908 -0.005222 0.000000 -0.999986 -1.396262 0.000000 1.000000 0.000000 0.000000 0.999986 0.000000 -0.005222 2.749470
2909 -0.004982 0.000000 -0.999988 -1.395269 0.000000 1.000000 0.000000 0.000000 0.999988 0.000000 -0.004982 2.749478
2910 -0.004742 0.000000 -0.999989 -1.394276 0.000000 1.000000 0.000000 0.000000 0.999989 0.000000 -0.004742 2.749486
2911 -0.004502 0.000000 -0.999990 -1.393283 0.000000 1.000000 0.000000 0.000000 0.999990 0.000000 -0.004502 2.749495
2912 -0.004262 0.000000 -0.999991 -1.392289 0.000000 1.000000 0.000000 0.000000 0.999991 0.000000 -0.004262 2.749503
2913 -0.004022 0.000000 -0.999992 -1.391296 0.000000 1.000000 0.000000 0.000000 0.999992 0.000000 -0.004022 2.749511
2914 -0.003782 0.000000 -0.999993 -1.390303 0.000000 1.000000 0.000000 0.000000 0.999993 0.000000 -0.003782 2.749519
2915 -0.003542 0.000000 -0.999994 -1.389310 0.000000 1.000000 0.000000 0.000000 0.999994 0.000000 -0.003542 2.749527
2916 -0.003302 0.000000 -0.999995 -1.388316 0.000000 1.000000 0.000000 0.000000 0.999995 0.000000 -0.003302 2.749535
2917 -0.003062 0.000000 -0.999995 -1.387323 0.000000 1.000000 0.000000 0.000000 0.999995 0.000000 -0.003062 2.749544
2918 -0.002822 0.000000 -0.999996 -1.386330 0.000000 1.000000 0.000000 0.000000 0.999996 0.000000 -0.002822 2.749552
2919 -0.002823 0.000000 -0.999996 -1.385263 0.000000 1.000000 0.000000 0.000000 0.999996 0.000000 -0.002823 2.749552
2920 -0.002841 0.000000 -0.999996 -1.384192 0.000000 1.000000 0.000000 0.000000 0.999996 0.000000 -0.002841 2.749552
2921 -0.002858 0.000000 -0.999996 -1.383121 0.000000 1.000000 0.000000 0.000000 0.999996 0.000000 -0.002858 2.749552
2922 -0.002875 0.000000 -0.999996 -1.382050 0.000000 1.000000 0.000000 0.000000 0.999996 0.000000 -0.002875 2.749552
2923 -0.002892 0.000000 -0.999996 -1.380979 0.000000 1.000000 0.000000 0.000000 0.999996 0.000000 -0.002892 2.749552
2924 -0.002909 0.000000 -0.999996 -1.379907 0.000000 1.000000 0.000000 0.000000 0.999996 0.000000 -0.002909 2.749552
2925 -0.002926 0.000000 -0.999996 -1.378836 0.000000 1.000000 0.000000 0.000000 0.999996 0.000000 -0.002926 2.749552
2926 -0.002943 0.000000 -0.999996 -1.377765 0.000000 1.000000 0.000000 0.000000 0.999996 0.000000 -0.002943 2.749551
2927 -0.002961 0.000000 -0.999996 -1.376694 0.000000 1.000000 0.000000 0.000000 0.999996 0.000000 -0.002961 2.749551
2928 -0.002978 0.000000 -0.999996 -1.375623 0.000000 1.000000 0.000000 0.000000 0.999996 0.000000 -0.002978 2.749551
2929 -0.002995 0.000000 -0.999996 -1.374551 0.000000 1.000000 0.000000 0.000000 0.999996 0.000000 -0.002995 2.749551
2930 -0.002985 0.000000 -0.999996 -1.373483 0.000000 1.000000 0.000000 0.000000 0.999996 0.000000 -0.002985 2.749551
2931 -0.002902 0.000000 -0.999996 -1.372422 0.000000 1.000000 0.000000 0.000000 0.999996 0.000000 -0.002902 2.749551
2932 -0.002819 0.000000 -0.999996 -1.371361 0.000000 1.000000 0.000000 0.000000 0.999996 0.000000 -0.002819 2.749551
2933 -0.002736 0.000000 -0.999996 -1.370300 0.000000 1.000000 0.000000 0.000000 0.999996 0.000000 -0.002736 2.749551
2934 -0.002653 0.000000 -0.999996 -1.369239 0.000000 1.000000 0.000000 0.000000 0.999996 0.000000 -0.002653 2.749551
2935 -0.002570 0.000000 -0.999997 -1.368178 0.000000 1.000000 0.000000 0.000000 0.999997 0.000000 -0.002570 2.749550
2936 -0.002488 0.000000 -0.999997 -1.367116 0.000000 1.000000 0.000000 0.000000 0.999997 0.000000 -0.002488 2.749550
2937 -0.002405 0.000000 -0.999997 -1.366055 0.000000 1.000000 0.000000 0.000000 0.999997 0.000000 -0.002405 2.749550
2938 -0.002322 0.000000 -0.999997 -1.364994 0.000000 1.000000 0.000000 0.000000 0.999997 0.000000 -0.002322 2.749550
2939 -0.002239 0.000000 -0.999997 -1.363933 0.000000 1.000000 0.000000 0.000000 0.999997 0.000000 -0.002239 2.749550
2940 -0.002156 0.000000 -0.999998 -1.362872 0.000000 1.000000 0.000000 0.000000 0.999998 0.000000 -0.002156 2.749550
2941 -0.002073 0.000000 -0.999998 -1.361811 0.000000 1.000000 0.000000 0.000000 0.999998 0.000000 -0.002073 2.749550
2942 -0.002031 0.000000 -0.999998 -1.360758 0.000000 1.000000 0.000000 0.000000 0.999998 0.000000 -0.002031 2.749551
2943 -0.002148 0.000000 -0.999998 -1.359737 0.000000 1.000000 0.000000 0.000000 0.999998 0.000000 -0.002148 2.749560
2944 -0.002264 0.000000 -0.999997 -1.358715 0.000000 1.000000 0.000000 0.000000 0.999997 0.000000 -0.002264 2.749568
2945 -0.002380 0.000000 -0.999997 -1.357694 0.000000 1.000000 0.000000 0.000000 0.999997 0.000000 -0.002380 2.749576
2946 -0.002496 0.000000 -0.999997 -1.356673 0.000000 1.000000 0.000000 0.000000 0.999997 0.000000 -0.002496 2.749584
2947 -0.002613 0.000000 -0.999997 -1.355651 0.000000 1.000000 0.000000 0.000000 0.999997 0.000000 -0.002613 2.749592
2948 -0.002729 0.000000 -0.999996 -1.354630 0.000000 1.000000 0.000000 0.000000 0.999996 0.000000 -0.002729 2.749601
2949 -0.002845 0.000000 -0.999996 -1.353608 0.000000 1.000000 0.000000 0.000000 0.999996 0.000000 -0.002845 2.749609
2950 -0.002961 0.000000 -0.999996 -1.352587 0.000000 1.000000 0.000000 0.000000 0.999996 0.000000 -0.002961 2.749617
2951 -0.003078 0.000000 -0.999995 -1.351566 0.000000 1.000000 0.000000 0.000000 0.999995 0.000000 -0.003078 2.749625
2952 -0.003194 0.000000 -0.999995 -1.350544 0.000000 1.000000 0.000000 0.000000 0.999995 0.000000 -0.003194 2.749633
2953 -0.003310 0.000000 -0.999995 -1.349523 0.000000 1.000000 0.000000 0.000000 0.999995 0.000000 -0.003310 2.749642
2954 -0.003448 0.000000 -0.999994 -1.348497 0.000000 1.000000 0.000000 0.000000 0.999994 0.000000 -0.003448 2.749648
2955 -0.003697 0.000000 -0.999993 -1.347452 0.000000 1.000000 0.000000 0.000000 0.999993 0.000000 -0.003697 2.749648
2956 -0.003946 0.000000 -0.999992 -1.346406 0.000000 1.000000 0.000000 0.000000 0.999992 0.000000 -0.003946 2.749648
2957 -0.004195 0.000000 -0.999991 -1.345360 0.000000 1.000000 0.000000 0.000000 0.999991 0.000000 -0.004195 2.749648
2958 -0.004444 0.000000 -0.999990 -1.344315 0.000000 1.000000 0.000000 0.000000 0.999990 0.000000 -0.004444 2.749648
2959 -0.004693 0.000000 -0.999989 -1.343269 0.000000 1.000000 0.000000 0.000000 0.999989 0.000000 -0.004693 2.749648
2960 -0.004942 0.000000 -0.999988 -1.342223 0.000000 1.000000 0.000000 0.000000 0.999988 0.000000 -0.004942 2.749648
2961 -0.005191 0.000000 -0.999987 -1.341178 0.000000 1.000000 0.000000 0.000000 0.999987 0.000000 -0.005191 2.749648
2962 -0.005440 0.000000 -0.999985 -1.340132 0.000000 1.000000 0.000000 0.000000 0.999985 0.000000 -0.005440 2.749648
2963 -0.005689 0.000000 -0.999984 -1.339086 0.000000 1.000000 0.000000 0.000000 0.999984 0.000000 -0.005689 2.749648
2964 -0.005938 0.000000 -0.999982 -1.338040 0.000000 1.000000 0.000000 0.000000 0.999982 0.000000 -0.005938 2.749647
2965 -0.006187 0.000000 -0.999981 -1.336995 0.000000 1.000000 0.000000 0.000000 0.999981 0.000000 -0.006187 2.749647
2966 -0.006428 0.000000 -0.999979 -1.335953 0.000000 1.000000 0.000000 0.000000 0.999979 0.000000 -0.006428 2.749648
2967 -0.006609 0.000000 -0.999978 -1.334943 0.000000 1.000000 0.000000 0.000000 0.999978 0.000000 -0.006609 2.749656
2968 -0.006789 0.000000 -0.999977 -1.333934 0.000000 1.000000 0.000000 0.000000 0.999977 0.000000 -0.006789 2.749664
2969 -0.006970 0.000000 -0.999976 -1.332924 0.000000 1.000000 0.000000 0.000000 0.999976 0.000000 -0.006970 2.749673
2970 -0.007151 0.000000 -0.999974 -1.331914 0.000000 1.000000 0.000000 0.000000 0.999974 0.000000 -0.007151 2.749681
2971 -0.007331 0.000000 -0.999973 -1.330904 0.000000 1.000000 0.000000 0.000000 0.999973 0.000000 -0.007331 2.749689
2972 -0.007512 0.000000 -0.999972 -1.329894 0.000000 1.000000 0.000000 0.000000 0.999972 0.000000 -0.007512 2.749697
2973 -0.007692 0.000000 -0.999970 -1.328884 0.000000 1.000000 0.000000 0.000000 0.999970 0.000000 -0.007692 2.749705
2974 -0.007873 0.000000 -0.999969 -1.327875 0.000000 1.000000 0.000000 0.000000 0.999969 0.000000 -0.007873 2.749713
2975 -0.008054 0.000000 -0.999968 -1.326865 0.000000 1.000000 0.000000 0.000000 0.999968 0.000000 -0.008054 2.749721
2976 -0.008234 0.000000 -0.999966 -1.325855 0.000000 1.000000 0.000000 0.000000 0.999966 0.000000 -0.008234 2.749729
2977 -0.008415 0.000000 -0.999965 -1.324845 0.000000 1.000000 0.000000 0.000000 0.999965 0.000000 -0.008415 2.749737
2978 -0.008595 0.000000 -0.999963 -1.323835 0.000000 1.000000 0.000000 0.000000 0.999963 0.000000 -0.008595 2.749745
2979 -0.008733 0.000000 -0.999962 -1.322853 0.000000 1.000000 0.000000 0.000000 0.999962 0.000000 -0.008733 2.749754
2980 -0.008867 0.000000 -0.999961 -1.321872 0.000000 1.000000 0.000000 0.000000 0.999961 0.000000 -0.008867 2.749762
2981 -0.009001 0.000000 -0.999959 -1.320892 0.000000 1.000000 0.000000 0.000000 0.999959 0.000000 -0.009001 2.749770
2982 -0.009135 0.000000 -0.999958 -1.319912 0.000000 1.000000 0.000000 0.000000 0.999958 0.000000 -0.009135 2.749779
2983 -0.009269 0.000000 -0.999957 -1.318931 0.000000 1.000000 0.000000 0.000000 0.999957 0.000000 -0.009269 2.749787
2984 -0.009403 0.000000 -0.999956 -1.317951 0.000000 1.000000 0.000000 0.000000 0.999956 0.000000 -0.009403 2.749795
2985 -0.009537 0.000000 -0.999955 -1.316970 0.000000 1.000000 0.000000 0.000000 0.999955 0.000000 -0.009537 2.749803
2986 -0.009671 0.000000 -0.999953 -1.315990 0.000000 1.000000 0.000000 0.000000 0.999953 0.000000 -0.009671 2.749812
2987 -0.009805 0.000000 -0.999952 -1.315009 0.000000 1.000000 0.000000 0.000000 0.999952 0.000000 -0.009805 2.749820
2988 -0.009939 0.000000 -0.999951 -1.314029 0.000000 1.000000 0.000000 0.000000 0.999951 0.000000 -0.009939 2.749828
2989 -0.010073 0.000000 -0.999949 -1.313048 0.000000 1.000000 0.000000 0.000000 0.999949 0.000000 -0.010073 2.749837
2990 -0.010207 0.000000 -0.999948 -1.312068 0.000000 1.000000 0.000000 0.000000 0.999948 0.000000 -0.010207 2.749845
2991 -0.010398 0.000000 -0.999946 -1.311058 0.000000 1.000000 0.000000 0.000000 0.999946 0.000000 -0.010398 2.749861
2992 -0.010588 0.000000 -0.999944 -1.310048 0.000000 1.000000 0.000000 0.000000 0.999944 0.000000 -0.010588 2.749878
2993 -0.010779 0.000000 -0.999942 -1.309038 0.000000 1.000000 0.000000 0.000000 0.999942 0.000000 -0.010779 2.749894
2994 -0.010969 0.000000 -0.999940 -1.308028 0.000000 1.000000 0.000000 0.000000 0.999940 0.000000 -0.010969 2.749911
2995 -0.011159 0.000000 -0.999938 -1.307018 0.000000 1.000000 0.000000 0.000000 0.999938 0.000000 -0.011159 2.749927
2996 -0.011350 0.000000 -0.999936 -1.306008 0.000000 1.000000 0.000000 0.000000 0.999936 0.000000 -0.011350 2.749944
2997 -0.011540 0.000000 -0.999933 -1.304998 0.000000 1.000000 0.000000 0.000000 0.999933 0.000000 -0.011540 2.749960
2998 -0.011730 0.000000 -0.999931 -1.303989 0.000000 1.000000 0.000000 0.000000 0.999931 0.000000 -0.011730 2.749977
2999 -0.011921 0.000000 -0.999929 -1.302979 0.000000 1.000000 0.000000 0.000000 0.999929 0.000000 -0.011921 2.749993
3000 -0.012111 0.000000 -0.999927 -1.301969 0.000000 1.000000 0.000000 0.000000 0.999927 0.000000 -0.012111 2.750009
3001 -0.012302 0.000000 -0.999924 -1.300959 0.000000 1.000000 0.000000 0.000000 0.999924 0.000000 -0.012302 2.750026
3002 -0.012492 0.000000 -0.999922 -1.299949 0.000000 1.000000 0.000000 0.000000 0.999922 0.000000 -0.012492 2.750042
3003 -0.012376 0.000000 -0.999923 -1.299515 0.000000 1.000000 0.000000 0.000000 0.999923 0.000000 -0.012376 2.750051
3004 -0.012234 0.000000 -0.999925 -1.299131 0.000000 1.000000 0.000000 0.000000 0.999925 0.000000 -0.012234 2.750060
3005 -0.012092 0.000000 -0.999927 -1.298747 0.000000 1.000000 0.000000 0.000000 0.999927 0.000000 -0.012092 2.750068
3006 -0.011950 0.000000 -0.999929 -1.298363 0.000000 1.000000 0.000000 0.000000 0.999929 0.000000 -0.011950 2.750076
3007 -0.011808 0.000000 -0.999930 -1.297979 0.000000 1.000000 0.000000 0.000000 0.999930 0.000000 -0.011808 2.750085
3008 -0.011667 0.000000 -0.999932 -1.297595 0.000000 1.000000 0.000000 0.000000 0.999932 0.000000 -0.011667 2.750093
3009 -0.011525 0.000000 -0.999934 -1.297211 0.000000 1.000000 0.000000 0.000000 0.999934 0.000000 -0.011525 2.750101
3010 -0.011383 0.000000 -0.999935 -1.296827 0.000000 1.000000 0.000000 0.000000 0.999935 0.000000 -0.011383 2.750109
3011 -0.011241 0.000000 -0.999937 -1.296442 0.000000 1.000000 0.000000 0.000000 0.999937 0.000000 -0.011241 2.750118
3012 -0.011099 0.000000 -0.999938 -1.296058 0.000000 1.000000 0.000000 0.000000 0.999938 0.000000 -0.011099 2.750126
3013 -0.010957 0.000000 -0.999940 -1.295674 0.000000 1.000000 0.000000 0.000000 0.999940 0.000000 -0.010957 2.750134
3014 -0.010815 0.000000 -0.999942 -1.295290 0.000000 1.000000 0.000000 0.000000 0.999942 0.000000 -0.010815 2.750143
3015 -0.010501 0.000000 -0.999945 -1.295434 0.000000 1.000000 0.000000 0.000000 0.999945 0.000000 -0.010501 2.750135
3016 -0.010178 0.000000 -0.999948 -1.295608 0.000000 1.000000 0.000000 0.000000 0.999948 0.000000 -0.010178 2.750127
3017 -0.009855 0.000000 -0.999951 -1.295782 0.000000 1.000000 0.000000 0.000000 0.999951 0.000000 -0.009855 2.750119
3018 -0.009532 0.000000 -0.999955 -1.295956 0.000000 1.000000 0.000000 0.000000 0.999955 0.000000 -0.009532 2.750111
3019 -0.009208 0.000000 -0.999958 -1.296130 0.000000 1.000000 0.000000 0.000000 0.999958 0.000000 -0.009208 2.750102
3020 -0.008885 0.000000 -0.999961 -1.296304 0.000000 1.000000 0.000000 0.000000 0.999961 0.000000 -0.008885 2.750094
3021 -0.008562 0.000000 -0.999963 -1.296478 0.000000 1.000000 0.000000 0.000000 0.999963 0.000000 -0.008562 2.750086
3022 -0.008239 0.000000 -0.999966 -1.296652 0.000000 1.000000 0.000000 0.000000 0.999966 0.000000 -0.008239 2.750077
3023 -0.007915 0.000000 -0.999969 -1.296827 0.000000 1.000000 0.000000 0.000000 0.999969 0.000000 -0.007915 2.750069
3024 -0.007592 0.000000 -0.999971 -1.297001 0.000000 1.000000 0.000000 0.000000 0.999971 0.000000 -0.007592 2.750061
3025 -0.007269 0.000000 -0.999974 -1.297175 0.000000 1.000000 0.000000 0.000000 0.999974 0.000000 -0.007269 2.750053
3026 -0.006945 0.000000 -0.999976 -1.297349 0.000000 1.000000 0.000000 0.000000 0.999976 0.000000 -0.006945 2.750044
3027 -0.006893 0.000000 -0.999976 -1.297398 0.000000 1.000000 0.000000 0.000000 0.999976 0.000000 -0.006893 2.750043
3028 -0.006876 0.000000 -0.999976 -1.297431 0.000000 1.000000 0.000000 0.000000 0.999976 0.000000 -0.006876 2.750043
3029 -0.006860 0.000000 -0.999976 -1.297464 0.000000 1.000000 0.000000 0.000000 0.999976 0.000000 -0.006860 2.750043
3030 -0.006843 0.000000 -0.999977 -1.297497 0.000000 1.000000 0.000000 0.000000 0.999977 0.000000 -0.006843 2.750043
3031 -0.006827 0.000000 -0.999977 -1.297530 0.000000 1.000000 0.000000 0.000000 0.999977 0.000000 -0.006827 2.750043
3032 -0.006810 0.000000 -0.999977 -1.297563 0.000000 1.000000 0.000000 0.000000 0.999977 0.000000 -0.006810 2.750043
3033 -0.006794 0.000000 -0.999977 -1.297596 0.000000 1.000000 0.000000 0.000000 0.999977 0.000000 -0.006794 2.750043
3034 -0.006778 0.000000 -0.999977 -1.297629 0.000000 1.000000 0.000000 0.000000 0.999977 0.000000 -0.006778 2.750043
3035 -0.006761 0.000000 -0.999977 -1.297662 0.000000 1.000000 0.000000 0.000000 0.999977 0.000000 -0.006761 2.750043
3036 -0.006745 0.000000 -0.999977 -1.297695 0.000000 1.000000 0.000000 0.000000 0.999977 0.000000 -0.006745 2.750043
3037 -0.006728 0.000000 -0.999977 -1.297727 0.000000 1.000000 0.000000 0.000000 0.999977 0.000000 -0.006728 2.750043
3038 -0.006712 0.000000 -0.999977 -1.297760 0.000000 1.000000 0.000000 0.000000 0.999977 0.000000 -0.006712 2.750043
3039 -0.006695 0.000000 -0.999978 -1.297757 0.000000 1.000000 0.000000 0.000000 0.999978 0.000000 -0.006695 2.750043
3040 -0.006678 0.000000 -0.999978 -1.297740 0.000000 1.000000 0.000000 0.000000 0.999978 0.000000 -0.006678 2.750043
3041 -0.006662 0.000000 -0.999978 -1.297724 0.000000 1.000000 0.000000 0.000000 0.999978 0.000000 -0.006662 2.750043
3042 -0.006645 0.000000 -0.999978 -1.297707 0.000000 1.000000 0.000000 0.000000 0.999978 0.000000 -0.006645 2.750043
3043 -0.006628 0.000000 -0.999978 -1.297690 0.000000 1.000000 0.000000 0.000000 0.999978 0.000000 -0.006628 2.750043
3044 -0.006611 0.000000 -0.999978 -1.297673 0.000000 1.000000 0.000000 0.000000 0.999978 0.000000 -0.006611 2.750043
3045 -0.006595 0.000000 -0.999978 -1.297657 0.000000 1.000000 0.000000 0.000000 0.999978 0.000000 -0.006595 2.750043
3046 -0.006578 0.000000 -0.999978 -1.297640 0.000000 1.000000 0.000000 0.000000 0.999978 0.000000 -0.006578 2.750043
3047 -0.006561 0.000000 -0.999978 -1.297623 0.000000 1.000000 0.000000 0.000000 0.999978 0.000000 -0.006561 2.750043
3048 -0.006544 0.000000 -0.999979 -1.297606 0.000000 1.000000 0.000000 0.000000 0.999979 0.000000 -0.006544 2.750043
3049 -0.006528 0.000000 -0.999979 -1.297590 0.000000 1.000000 0.000000 0.000000 0.999979 0.000000 -0.006528 2.750043
3050 -0.006511 0.000000 -0.999979 -1.297573 0.000000 1.000000 0.000000 0.000000 0.999979 0.000000 -0.006511 2.750043
3051 -0.009697 0.000000 -0.999953 -1.297537 0.000000 1.000000 0.000000 0.000000 0.999953 0.000000 -0.009697 2.750050
3052 -0.013792 0.000000 -0.999905 -1.297496 0.000000 1.000000 0.000000 0.000000 0.999905 0.000000 -0.013792 2.750058
3053 -0.017887 0.000000 -0.999840 -1.297454 0.000000 1.000000 0.000000 0.000000 0.999840 0.000000 -0.017887 2.750066
3054 -0.021981 0.000000 -0.999758 -1.297413 0.000000 1.000000 0.000000 0.000000 0.999758 0.000000 -0.021981 2.750075
3055 -0.026075 0.000000 -0.999660 -1.297372 0.000000 1.000000 0.000000 0.000000 0.999660 0.000000 -0.026075 2.750083
3056 -0.030169 0.000000 -0.999545 -1.297330 0.000000 1.000000 0.000000 0.000000 0.999545 0.000000 -0.030169 2.750091
3057 -0.034262 0.000000 -0.999413 -1.297289 0.000000 1.000000 0.000000 0.000000 0.999413 0.000000 -0.034262 2.750099
3058 -0.038355 0.000000 -0.999264 -1.297247 0.000000 1.000000 0.000000 0.000000 0.999264 0.000000 -0.038355 2.750108
3059 -0.042447 0.000000 -0.999099 -1.297206 0.000000 1.000000 0.000000 0.000000 0.999099 0.000000 -0.042447 2.750116
3060 -0.046538 0.000000 -0.998917 -1.297165 0.000000 1.000000 0.000000 0.000000 0.998917 0.000000 -0.046538 2.750124
3061 -0.050629 0.000000 -0.998718 -1.297123 0.000000 1.000000 0.000000 0.000000 0.998718 0.000000 -0.050629 2.750133
3062 -0.054718 0.000000 -0.998502 -1.297082 0.000000 1.000000 0.000000 0.000000 0.998502 0.000000 -0.054718 2.750141
3063 -0.066280 0.000000 -0.997801 -1.297006 0.000000 1.000000 0.000000 0.000000 0.997801 0.000000 -0.066280 2.750149
3064 -0.081155 0.000000 -0.996701 -1.296915 0.000000 1.000000 0.000000 0.000000 0.996701 0.000000 -0.081155 2.750157
3065 -0.096013 0.000000 -0.995380 -1.296824 0.000000 1.000000 0.000000 0.000000 0.995380 0.000000 -0.096013 2.750166
3066 -0.110848 0.000000 -0.993837 -1.296733 0.000000 1.000000 0.000000 0.000000 0.993837 0.000000 -0.110848 2.750174
3067 -0.125660 0.000000 -0.992073 -1.296642 0.000000 1.000000 0.000000 0.000000 0.992073 0.000000 -0.125660 2.750182
3068 -0.140443 0.000000 -0.990089 -1.296551 0.000000 1.000000 0.000000 0.000000 0.990089 0.000000 -0.140443 2.750190
3069 -0.155195 0.000000 -0.987884 -1.296460 0.000000 1.000000 0.000000 0.000000 0.987884 0.000000 -0.155195 2.750199
3070 -0.169913 0.000000 -0.985459 -1.296369 0.000000 1.000000 0.000000 0.000000 0.985459 0.000000 -0.169913 2.750207
3071 -0.184593 0.000000 -0.982815 -1.296278 0.000000 1.000000 0.000000 0.000000 0.982815 0.000000 -0.184593 2.750215
3072 -0.199231 0.000000 -0.979953 -1.296187 0.000000 1.000000 0.000000 0.000000 0.979953 0.000000 -0.199231 2.750223
3073 -0.213826 0.000000 -0.976872 -1.296096 0.000000 1.000000 0.000000 0.000000 0.976872 0.000000 -0.213826 2.750232
3074 -0.228372 0.000000 -0.973574 -1.296005 0.000000 1.000000 0.000000 0.000000 0.973574 0.000000 -0.228372 2.750240
3075 -0.247755 0.000000 -0.968823 -1.295913 0.000000 1.000000 0.000000 0.000000 0.968823 0.000000 -0.247755 2.750269
3076 -0.270130 0.000000 -0.962824 -1.295822 0.000000 1.000000 0.000000 0.000000 0.962824 0.000000 -0.270130 2.750310
3077 -0.292359 0.000000 -0.956309 -1.295730 0.000000 1.000000 0.000000 0.000000 0.956309 0.000000 -0.292359 2.750352
3078 -0.314432 0.000000 -0.949280 -1.295638 0.000000 1.000000 0.000000 0.000000 0.949280 0.000000 -0.314432 2.750394
3079 -0.336336 0.000000 -0.941742 -1.295547 0.000000 1.000000 0.000000 0.000000 0.941742 0.000000 -0.336336 2.750435
3080 -0.358060 0.000000 -0.933699 -1.295455 0.000000 1.000000 0.000000 0.000000 0.933699 0.000000 -0.358060 2.750477
3081 -0.379591 0.000000 -0.925154 -1.295363 0.000000 1.000000 0.000000 0.000000 0.925154 0.000000 -0.379591 2.750519
3082 -0.400919 0.000000 -0.916114 -1.295272 0.000000 1.000000 0.000000 0.000000 0.916114 0.000000 -0.400919 2.750560
3083 -0.422031 0.000000 -0.906581 -1.295180 0.000000 1.000000 0.000000 0.000000 0.906581 0.000000 -0.422031 2.750602
3084 -0.442917 0.000000 -0.896562 -1.295089 0.000000 1.000000 0.000000 0.000000 0.896562 0.000000 -0.442917 2.750643
3085 -0.463565 0.000000 -0.886063 -1.294997 0.000000 1.000000 0.000000 0.000000 0.886063 0.000000 -0.463565 2.750685
3086 -0.483965 0.000000 -0.875087 -1.294905 0.000000 1.000000 0.000000 0.000000 0.875087 0.000000 -0.483965 2.750727
3087 -0.504658 0.000000 -0.863320 -1.294869 0.000000 1.000000 0.000000 0.000000 0.863320 0.000000 -0.504658 2.750738
3088 -0.525419 0.000000 -0.850844 -1.294869 0.000000 1.000000 0.000000 0.000000 0.850844 0.000000 -0.525419 2.750730
3089 -0.545871 0.000000 -0.837869 -1.294869 0.000000 1.000000 0.000000 0.000000 0.837869 0.000000 -0.545871 2.750722
3090 -0.566004 0.000000 -0.824403 -1.294869 0.000000 1.000000 0.000000 0.000000 0.824403 0.000000 -0.566004 2.750713
3091 -0.585804 0.000000 -0.810453 -1.294869 0.000000 1.000000 0.000000 0.000000 0.810453 0.000000 -0.585804 2.750705
3092 -0.605260 0.000000 -0.796028 -1.294869 0.000000 1.000000 0.000000 0.000000 0.796028 0.000000 -0.605260 2.750697
3093 -0.624362 0.000000 -0.781135 -1.294869 0.000000 1.000000 0.000000 0.000000 0.781135 0.000000 -0.624362 2.750689
3094 -0.643097 0.000000 -0.765785 -1.294869 0.000000 1.000000 0.000000 0.000000 0.765785 0.000000 -0.643097 2.750681
3095 -0.661455 0.000000 -0.749985 -1.294869 0.000000 1.000000 0.000000 0.000000 0.749985 0.000000 -0.661455 2.750672
3096 -0.679425 0.000000 -0.733745 -1.294869 0.000000 1.000000 0.000000 0.000000 0.733745 0.000000 -0.679425 2.750664
3097 -0.696996 0.000000 -0.717075 -1.294869 0.000000 1.000000 0.000000 0.000000 0.717075 0.000000 -0.696996 2.750656
3098 -0.714159 0.000000 -0.699984 -1.294869 0.000000 1.000000 0.000000 0.000000 0.699984 0.000000 -0.714159 2.750648
3099 -0.731115 0.000000 -0.682254 -1.294888 0.000000 1.000000 0.000000 0.000000 0.682254 0.000000 -0.731115 2.750614
3100 -0.747895 0.000000 -0.663817 -1.294929 0.000000 1.000000 0.000000 0.000000 0.663817 0.000000 -0.747895 2.750547
3101 -0.764210 0.000000 -0.644967 -1.294971 0.000000 1.000000 0.000000 0.000000 0.644967 0.000000 -0.764210 2.750481
3102 -0.780051 0.000000 -0.625716 -1.295013 0.000000 1.000000 0.000000 0.000000 0.625716 0.000000 -0.780051 2.750414
3103 -0.795406 0.000000 -0.606076 -1.295054 0.000000 1.000000 0.000000 0.000000 0.606076 0.000000 -0.795406 2.750347
3104 -0.810267 0.000000 -0.586060 -1.295096 0.000000 1.000000 0.000000 0.000000 0.586060 0.000000 -0.810267 2.750281
3105 -0.824625 0.000000 -0.565679 -1.295138 0.000000 1.000000 0.000000 0.000000 0.565679 0.000000 -0.824625 2.750214
3106 -0.838471 0.000000 -0.544947 -1.295179 0.000000 1.000000 0.000000 0.000000 0.544947 0.000000 -0.838471 2.750147
3107 -0.851794 0.000000 -0.523876 -1.295221 0.000000 1.000000 0.000000 0.000000 0.523876 0.000000 -0.851794 2.750081
3108 -0.864589 0.000000 -0.502480 -1.295263 0.000000 1.000000 0.000000 0.000000 0.502480 0.000000 -0.864589 2.750014
3109 -0.876846 0.000000 -0.480771 -1.295304 0.000000 1.000000 0.000000 0.000000 0.480771 0.000000 -0.876846 2.749947
3110 -0.888559 0.000000 -0.458763 -1.295346 0.000000 1.000000 0.000000 0.000000 0.458763 0.000000 -0.888559 2.749881
3111 -0.899169 0.000000 -0.437602 -1.295380 0.000000 1.000000 0.000000 0.000000 0.437602 0.000000 -0.899169 2.749811
3112 -0.908602 0.000000 -0.417663 -1.295405 0.000000 1.000000 0.000000 0.000000 0.417663 0.000000 -0.908602 2.749736
3113 -0.917593 0.000000 -0.397521 -1.295430 0.000000 1.000000 0.000000 0.000000 0.397521 0.000000 -0.917593 2.749661
3114 -0.926138 0.000000 -0.377185 -1.295455 0.000000 1.000000 0.000000 0.000000 0.377185 0.000000 -0.926138 2.749587
3115 -0.934232 0.000000 -0.356667 -1.295480 0.000000 1.000000 0.000000 0.000000 0.356667 0.000000 -0.934232 2.749512
3116 -0.941871 0.000000 -0.335974 -1.295505 0.000000 1.000000 0.000000 0.000000 0.335974 0.000000 -0.941871 2.749437
3117 -0.949052 0.000000 -0.315118 -1.295529 0.000000 1.000000 0.000000 0.000000 0.315118 0.000000 -0.949052 2.749363
3118 -0.955772 0.000000 -0.294109 -1.295554 0.000000 1.000000 0.000000 0.000000 0.294109 0.000000 -0.955772 2.749288
3119 -0.962026 0.000000 -0.272957 -1.295579 0.000000 1.000000 0.000000 0.000000 0.272957 0.000000 -0.962026 2.749214
3120 -0.967813 0.000000 -0.251671 -1.295604 0.000000 1.000000 0.000000 0.000000 0.251671 0.000000 -0.967813 2.749139
3121 -0.973128 0.000000 -0.230263 -1.295629 0.000000 1.000000 0.000000 0.000000 0.230263 0.000000 -0.973128 2.749064
3122 -0.977970 0.000000 -0.208744 -1.295654 0.000000 1.000000 0.000000 0.000000 0.208744 0.000000 -0.977970 2.748990
3123 -0.981357 0.000000 -0.192192 -1.295669 0.000000 1.000000 0.000000 0.000000 0.192192 0.000000 -0.981357 2.748952
3124 -0.982912 0.000000 -0.184074 -1.295669 0.000000 1.000000 0.000000 0.000000 0.184074 0.000000 -0.982912 2.748977
3125 -0.984400 0.000000 -0.175943 -1.295669 0.000000 1.000000 0.000000 0.000000 0.175943 0.000000 -0.984400 2.749002
3126 -0.985821 0.000000 -0.167800 -1.295669 0.000000 1.000000 0.000000 0.000000 0.167800 0.000000 -0.985821 2.749027
3127 -0.987174 0.000000 -0.159646 -1.295669 0.000000 1.000000 0.000000 0.000000 0.159646 0.000000 -0.987174 2.749051
3128 -0.988460 0.000000 -0.151481 -1.295669 0.000000 1.000000 0.000000 0.000000 0.151481 0.000000 -0.988460 2.749076
3129 -0.989679 0.000000 -0.143305 -1.295669 0.000000 1.000000 0.000000 0.000000 0.143305 0.000000 -0.989679 2.749101
3130 -0.990829 0.000000 -0.135120 -1.295669 0.000000 1.000000 0.000000 0.000000 0.135120 0.000000 -0.990829 2.749125
3131 -0.991912 0.000000 -0.126926 -1.295669 0.000000 1.000000 0.000000 0.000000 0.126926 0.000000 -0.991912 2.749150
3132 -0.992927 0.000000 -0.118723 -1.295669 0.000000 1.000000 0.000000 0.000000 0.118723 0.000000 -0.992927 2.749175
3133 -0.993875 0.000000 -0.110512 -1.295669 0.000000 1.000000 0.000000 0.000000 0.110512 0.000000 -0.993875 2.749199
3134 -0.994754 0.000000 -0.102293 -1.295669 0.000000 1.000000 0.000000 0.000000 0.102293 0.000000 -0.994754 2.749224
3135 -0.995479 0.000000 -0.094985 -1.295669 0.000000 1.000000 0.000000 0.000000 0.094985 0.000000 -0.995479 2.749236
3136 -0.995870 0.000000 -0.090785 -1.295669 0.000000 1.000000 0.000000 0.000000 0.090785 0.000000 -0.995870 2.749202
3137 -0.996245 0.000000 -0.086584 -1.295669 0.000000 1.000000 0.000000 0.000000 0.086584 0.000000 -0.996245 2.749169
3138 -0.996601 0.000000 -0.082381 -1.295669 0.000000 1.000000 0.000000 0.000000 0.082381 0.000000 -0.996601 2.749136
3139 -0.996939 0.000000 -0.078177 -1.295669 0.000000 1.000000 0.000000 0.000000 0.078177 0.000000 -0.996939 2.749102
3140 -0.997260 0.000000 -0.073972 -1.295669 0.000000 1.000000 0.000000 0.000000 0.073972 0.000000 -0.997260 2.749069
3141 -0.997563 0.000000 -0.069765 -1.295669 0.000000 1.000000 0.000000 0.000000 0.069765 0.000000 -0.997563 2.749036
3142 -0.997849 0.000000 -0.065557 -1.295669 0.000000 1.000000 0.000000 0.000000 0.065557 0.000000 -0.997849 2.749002
3143 -0.998116 0.000000 -0.061348 -1.295669 0.000000 1.000000 0.000000 0.000000 0.061348 0.000000 -0.998116 2.748969
3144 -0.998366 0.000000 -0.057137 -1.295669 0.000000 1.000000 0.000000 0.000000 0.057137 0.000000 -0.998366 2.748936
3145 -0.998598 0.000000 -0.052926 -1.295669 0.000000 1.000000 0.000000 0.000000 0.052926 0.000000 -0.998598 2.748902
3146 -0.998813 0.000000 -0.048713 -1.295669 0.000000 1.000000 0.000000 0.000000 0.048713 0.000000 -0.998813 2.748869
3147 -0.999012 0.000000 -0.044439 -1.295669 0.000000 1.000000 0.000000 0.000000 0.044439 0.000000 -0.999012 2.748820
3148 -0.999201 0.000000 -0.039961 -1.295669 0.000000 1.000000 0.000000 0.000000 0.039961 0.000000 -0.999201 2.748720
3149 -0.999370 0.000000 -0.035482 -1.295669 0.000000 1.000000 0.000000 0.000000 0.035482 0.000000 -0.999370 2.748621
3150 -0.999519 0.000000 -0.031002 -1.295669 0.000000 1.000000 0.000000 0.000000 0.031002 0.000000 -0.999519 2.748521
3151 -0.999648 0.000000 -0.026522 -1.295669 0.000000 1.000000 0.000000 0.000000 0.026522 0.000000 -0.999648 2.748421
3152 -0.999757 0.000000 -0.022041 -1.295669 0.000000 1.000000 0.000000 0.000000 0.022041 0.000000 -0.999757 2.748321
3153 -0.999846 0.000000 -0.017560 -1.295669 0.000000 1.000000 0.000000 0.000000 0.017560 0.000000 -0.999846 2.748221
3154 -0.999914 0.000000 -0.013078 -1.295669 0.000000 1.000000 0.000000 0.000000 0.013078 0.000000 -0.999914 2.748122
3155 -0.999963 0.000000 -0.008596 -1.295669 0.000000 1.000000 0.000000 0.000000 0.008596 0.000000 -0.999963 2.748022
3156 -0.999992 0.000000 -0.004114 -1.295670 0.000000 1.000000 0.000000 0.000000 0.004114 0.000000 -0.999992 2.747922
3157 -1.000000 0.000000 0.000368 -1.295670 0.000000 1.000000 0.000000 0.000000 -0.000368 0.000000 -1.000000 2.747822
3158 -0.999988 0.000000 0.004850 -1.295670 0.000000 1.000000 0.000000 0.000000 -0.004850 0.000000 -0.999988 2.747722
3159 -0.999961 0.000000 0.008782 -1.295673 0.000000 1.000000 0.000000 0.000000 -0.008782 0.000000 -0.999961 2.747698
3160 -0.999944 0.000000 0.010590 -1.295689 0.000000 1.000000 0.000000 0.000000 -0.010590 0.000000 -0.999944 2.747963
3161 -0.999923 0.000000 0.012397 -1.295706 0.000000 1.000000 0.000000 0.000000 -0.012397 0.000000 -0.999923 2.748228
3162 -0.999899 0.000000 0.014204 -1.295723 0.000000 1.000000 0.000000 0.000000 -0.014204 0.000000 -0.999899 2.748494
3163 -0.999872 0.000000 0.016011 -1.295739 0.000000 1.000000 0.000000 0.000000 -0.016011 0.000000 -0.999872 2.748759
3164 -0.999841 0.000000 0.017818 -1.295756 0.000000 1.000000 0.000000 0.000000 -0.017818 0.000000 -0.999841 2.749024
3165 -0.999807 0.000000 0.019625 -1.295772 0.000000 1.000000 0.000000 0.000000 -0.019625 0.000000 -0.999807 2.749289
3166 -0.999770 0.000000 0.021432 -1.295789 0.000000 1.000000 0.000000 0.000000 -0.021432 0.000000 -0.999770 2.749555
3167 -0.999730 0.000000 0.023239 -1.295805 0.000000 1.000000 0.000000 0.000000 -0.023239 0.000000 -0.999730 2.749820
3168 -0.999686 0.000000 0.025046 -1.295822 0.000000 1.000000 0.000000 0.000000 -0.025046 0.000000 -0.999686 2.750085
3169 -0.999639 0.000000 0.026852 -1.295838 0.000000 1.000000 0.000000 0.000000 -0.026852 0.000000 -0.999639 2.750351
3170 -0.999589 0.000000 0.028659 -1.295855 0.000000 1.000000 0.000000 0.000000 -0.028659 0.000000 -0.999589 2.750616
3171 -0.999551 0.000000 0.029954 -1.295872 0.000000 1.000000 0.000000 0.000000 -0.029954 0.000000 -0.999551 2.751013
3172 -0.999602 0.000000 0.028196 -1.295888 0.000000 1.000000 0.000000 0.000000 -0.028196 0.000000 -0.999602 2.752197
3173 -0.999650 0.000000 0.026437 -1.295905 0.000000 1.000000 0.000000 0.000000 -0.026437 0.000000 -0.999650 2.753381
3174 -0.999695 0.000000 0.024679 -1.295921 0.000000 1.000000 0.000000 0.000000 -0.024679 0.000000 -0.999695 2.754565
3175 -0.999737 0.000000 0.022920 -1.295938 0.000000 1.000000 0.000000 0.000000 -0.022920 0.000000 -0.999737 2.755748
3176 -0.999776 0.000000 0.021162 -1.295954 0.000000 1.000000 0.000000 0.000000 -0.021162 0.000000 -0.999776 2.756932
3177 -0.999812 0.000000 0.019403 -1.295971 0.000000 1.000000 0.000000 0.000000 -0.019403 0.000000 -0.999812 2.758116
3178 -0.999844 0.000000 0.017644 -1.295987 0.000000 1.000000 0.000000 0.000000 -0.017644 0.000000 -0.999844 2.759300
3179 -0.999874 0.000000 0.015885 -1.296004 0.000000 1.000000 0.000000 0.000000 -0.015885 0.000000 -0.999874 2.760484
3180 -0.999900 0.000000 0.014126 -1.296021 0.000000 1.000000 0.000000 0.000000 -0.014126 0.000000 -0.999900 2.761668
3181 -0.999924 0.000000 0.012367 -1.296037 0.000000 1.000000 0.000000 0.000000 -0.012367 0.000000 -0.999924 2.762852
3182 -0.999944 0.000000 0.010608 -1.296054 0.000000 1.000000 0.000000 0.000000 -0.010608 0.000000 -0.999944 2.764036
3183 -0.999957 0.000000 0.009220 -1.296070 0.000000 1.000000 0.000000 0.000000 -0.009220 0.000000 -0.999957 2.765304
3184 -0.999950 0.000000 0.009952 -1.296087 0.000000 1.000000 0.000000 0.000000 -0.009952 0.000000 -0.999950 2.767059
3185 -0.999943 0.000000 0.010683 -1.296103 0.000000 1.000000 0.000000 0.000000 -0.010683 0.000000 -0.999943 2.768814
3186 -0.999935 0.000000 0.011415 -1.296120 0.000000 1.000000 0.000000 0.000000 -0.011415 0.000000 -0.999935 2.770569
3187 -0.999926 0.000000 0.012147 -1.296136 0.000000 1.000000 0.000000 0.000000 -0.012147 0.000000 -0.999926 2.772324
3188 -0.999917 0.000000 0.012879 -1.296153 0.000000 1.000000 0.000000 0.000000 -0.012879 0.000000 -0.999917 2.774079
3189 -0.999907 0.000000 0.013611 -1.296169 0.000000 1.000000 0.000000 0.000000 -0.013611 0.000000 -0.999907 2.775833
3190 -0.999897 0.000000 0.014343 -1.296185 0.000000 1.000000 0.000000 0.000000 -0.014343 0.000000 -0.999897 2.777588
3191 -0.999886 0.000000 0.015074 -1.296202 0.000000 1.000000 0.000000 0.000000 -0.015074 0.000000 -0.999886 2.779343
3192 -0.999875 0.000000 0.015806 -1.296218 0.000000 1.000000 0.000000 0.000000 -0.015806 0.000000 -0.999875 2.781098
3193 -0.999863 0.000000 0.016538 -1.296235 0.000000 1.000000 0.000000 0.000000 -0.016538 0.000000 -0.999863 2.782853
3194 -0.999851 0.000000 0.017270 -1.296251 0.000000 1.000000 0.000000 0.000000 -0.017270 0.000000 -0.999851 2.784607
3195 -0.999838 0.000000 0.018005 -1.296272 0.000000 1.000000 0.000000 0.000000 -0.018005 0.000000 -0.999838 2.786404
3196 -0.999824 0.000000 0.018768 -1.296321 0.000000 1.000000 0.000000 0.000000 -0.018768 0.000000 -0.999824 2.788497
3197 -0.999809 0.000000 0.019531 -1.296370 0.000000 1.000000 0.000000 0.000000 -0.019531 0.000000 -0.999809 2.790589
3198 -0.999794 0.000000 0.020294 -1.296419 0.000000 1.000000 0.000000 0.000000 -0.020294 0.000000 -0.999794 2.792682
3199 -0.999778 0.000000 0.021057 -1.296468 0.000000 1.000000 0.000000 0.000000 -0.021057 0.000000 -0.999778 2.794774
3200 -0.999762 0.000000 0.021820 -1.296517 0.000000 1.000000 0.000000 0.000000 -0.021820 0.000000 -0.999762 2.796867
3201 -0.999745 0.000000 0.022583 -1.296566 0.000000 1.000000 0.000000 0.000000 -0.022583 0.000000 -0.999745 2.798959
3202 -0.999727 0.000000 0.023346 -1.296615 0.000000 1.000000 0.000000 0.000000 -0.023346 0.000000 -0.999727 2.801052
3203 -0.999709 0.000000 0.024109 -1.296664 0.000000 1.000000 0.000000 0.000000 -0.024109 0.000000 -0.999709 2.803144
3204 -0.999691 0.000000 0.024872 -1.296713 0.000000 1.000000 0.000000 0.000000 -0.024872 0.000000 -0.999691 2.805237
3205 -0.999671 0.000000 0.025635 -1.296762 0.000000 1.000000 0.000000 0.000000 -0.025635 0.000000 -0.999671 2.807329
3206 -0.999652 0.000000 0.026398 -1.296811 0.000000 1.000000 0.000000 0.000000 -0.026398 0.000000 -0.999652 2.809422
3207 -0.999631 0.000000 0.027161 -1.296860 0.000000 1.000000 0.000000 0.000000 -0.027161 0.000000 -0.999631 2.811514
3208 -0.999632 0.000000 0.027145 -1.296918 0.000000 1.000000 0.000000 0.000000 -0.027145 0.000000 -0.999632 2.813560
3209 -0.999633 0.000000 0.027078 -1.296976 0.000000 1.000000 0.000000 0.000000 -0.027078 0.000000 -0.999633 2.815602
3210 -0.999635 0.000000 0.027012 -1.297034 0.000000 1.000000 0.000000 0.000000 -0.027012 0.000000 -0.999635 2.817644
3211 -0.999637 0.000000 0.026945 -1.297092 0.000000 1.000000 0.000000 0.000000 -0.026945 0.000000 -0.999637 2.819686
3212 -0.999639 0.000000 0.026878 -1.297150 0.000000 1.000000 0.000000 0.000000 -0.026878 0.000000 -0.999639 2.821728
3213 -0.999640 0.000000 0.026812 -1.297208 0.000000 1.000000 0.000000 0.000000 -0.026812 0.000000 -0.999640 2.823771
3214 -0.999642 0.000000 0.026745 -1.297267 0.000000 1.000000 0.000000 0.000000 -0.026745 0.000000 -0.999642 2.825813
3215 -0.999644 0.000000 0.026678 -1.297325 0.000000 1.000000 0.000000 0.000000 -0.026678 0.000000 -0.999644 2.827855
3216 -0.999646 0.000000 0.026612 -1.297383 0.000000 1.000000 0.000000 0.000000 -0.026612 0.000000 -0.999646 2.829897
3217 -0.999648 0.000000 0.026545 -1.297441 0.000000 1.000000 0.000000 0.000000 -0.026545 0.000000 -0.999648 2.831939
3218 -0.999649 0.000000 0.026479 -1.297499 0.000000 1.000000 0.000000 0.000000 -0.026479 0.000000 -0.999649 2.833982
3219 -0.999651 0.000000 0.026412 -1.297557 0.000000 1.000000 0.000000 0.000000 -0.026412 0.000000 -0.999651 2.836024
3220 -0.999645 0.000000 0.026658 -1.297615 0.000000 1.000000 0.000000 0.000000 -0.026658 0.000000 -0.999645 2.837982
3221 -0.999637 0.000000 0.026924 -1.297673 0.000000 1.000000 0.000000 0.000000 -0.026924 0.000000 -0.999637 2.839936
3222 -0.999630 0.000000 0.027190 -1.297731 0.000000 1.000000 0.000000 0.000000 -0.027190 0.000000 -0.999630 2.841889
3223 -0.999623 0.000000 0.027456 -1.297789 0.000000 1.000000 0.000000 0.000000 -0.027456 0.000000 -0.999623 2.843842
3224 -0.999616 0.000000 0.027722 -1.297847 0.000000 1.000000 0.000000 0.000000 -0.027722 0.000000 -0.999616 2.845796
3225 -0.999608 0.000000 0.027988 -1.297905 0.000000 1.000000 0.000000 0.000000 -0.027988 0.000000 -0.999608 2.847749
3226 -0.999601 0.000000 0.028254 -1.297963 0.000000 1.000000 0.000000 0.000000 -0.028254 0.000000 -0.999601 2.849702
3227 -0.999593 0.000000 0.028519 -1.298021 0.000000 1.000000 0.000000 0.000000 -0.028519 0.000000 -0.999593 2.851656
3228 -0.999586 0.000000 0.028785 -1.298079 0.000000 1.000000 0.000000 0.000000 -0.028785 0.000000 -0.999586 2.853609
3229 -0.999578 0.000000 0.029051 -1.298137 0.000000 1.000000 0.000000 0.000000 -0.029051 0.000000 -0.999578 2.855562
3230 -0.999570 0.000000 0.029317 -1.298195 0.000000 1.000000 0.000000 0.000000 -0.029317 0.000000 -0.999570 2.857516
3231 -0.999562 0.000000 0.029583 -1.298253 0.000000 1.000000 0.000000 0.000000 -0.029583 0.000000 -0.999562 2.859469
3232 -0.999630 0.000000 0.027195 -1.298273 0.000000 1.000000 0.000000 0.000000 -0.027195 0.000000 -0.999630 2.860265
3233 -0.999699 0.000000 0.024546 -1.298290 0.000000 1.000000 0.000000 0.000000 -0.024546 0.000000 -0.999699 2.860948
3234 -0.999760 0.000000 0.021898 -1.298306 0.000000 1.000000 0.000000 0.000000 -0.021898 0.000000 -0.999760 2.861631
3235 -0.999815 0.000000 0.019249 -1.298322 0.000000 1.000000 0.000000 0.000000 -0.019249 0.000000 -0.999815 2.862314
3236 -0.999862 0.000000 0.016600 -1.298339 0.000000 1.000000 0.000000 0.000000 -0.016600 0.000000 -0.999862 2.862997
3237 -0.999903 0.000000 0.013951 -1.298355 0.000000 1.000000 0.000000 0.000000 -0.013951 0.000000 -0.999903 2.863680
3238 -0.999936 0.000000 0.011301 -1.298372 0.000000 1.000000 0.000000 0.000000 -0.011301 0.000000 -0.999936 2.864363
3239 -0.999963 0.000000 0.008652 -1.298388 0.000000 1.000000 0.000000 0.000000 -0.008652 0.000000 -0.999963 2.865046
3240 -0.999982 0.000000 0.006003 -1.298404 0.000000 1.000000 0.000000 0.000000 -0.006003 0.000000 -0.999982 2.865729
3241 -0.999994 0.000000 0.003353 -1.298421 0.000000 1.000000 0.000000 0.000000 -0.003353 0.000000 -0.999994 2.866412
3242 -1.000000 0.000000 0.000704 -1.298437 0.000000 1.000000 0.000000 0.000000 -0.000704 0.000000 -1.000000 2.867095
3243 -0.999998 0.000000 -0.001945 -1.298454 0.000000 1.000000 0.000000 0.000000 0.001945 0.000000 -0.999998 2.867778
3244 -0.999997 0.000000 -0.002519 -1.298458 0.000000 1.000000 0.000000 0.000000 0.002519 0.000000 -0.999997 2.867963
3245 -0.999997 0.000000 -0.002427 -1.298457 0.000000 1.000000 0.000000 0.000000 0.002427 0.000000 -0.999997 2.867988
3246 -0.999997 0.000000 -0.002335 -1.298457 0.000000 1.000000 0.000000 0.000000 0.002335 0.000000 -0.999997 2.868013
3247 -0.999997 0.000000 -0.002243 -1.298457 0.000000 1.000000 0.000000 0.000000 0.002243 0.000000 -0.999997 2.868038
3248 -0.999998 0.000000 -0.002151 -1.298457 0.000000 1.000000 0.000000 0.000000 0.002151 0.000000 -0.999998 2.868063
3249 -0.999998 0.000000 -0.002059 -1.298457 0.000000 1.000000 0.000000 0.000000 0.002059 0.000000 -0.999998 2.868088
3250 -0.999998 0.000000 -0.001967 -1.298457 0.000000 1.000000 0.000000 0.000000 0.001967 0.000000 -0.999998 2.868113
3251 -0.999998 0.000000 -0.001875 -1.298457 0.000000 1.000000 0.000000 0.000000 0.001875 0.000000 -0.999998 2.868138
3252 -0.999998 0.000000 -0.001783 -1.298457 0.000000 1.000000 0.000000 0.000000 0.001783 0.000000 -0.999998 2.868163
3253 -0.999999 0.000000 -0.001691 -1.298457 0.000000 1.000000 0.000000 0.000000 0.001691 0.000000 -0.999999 2.868189
3254 -0.999999 0.000000 -0.001598 -1.298457 0.000000 1.000000 0.000000 0.000000 0.001598 0.000000 -0.999999 2.868214
3255 -0.999999 0.000000 -0.001506 -1.298457 0.000000 1.000000 0.000000 0.000000 0.001506 0.000000 -0.999999 2.868239
3256 -0.999999 0.000000 -0.001516 -1.298457 0.000000 1.000000 0.000000 0.000000 0.001516 0.000000 -0.999999 2.868243
3257 -0.999999 0.000000 -0.001549 -1.298457 0.000000 1.000000 0.000000 0.000000 0.001549 0.000000 -0.999999 2.868243
3258 -0.999999 0.000000 -0.001582 -1.298457 0.000000 1.000000 0.000000 0.000000 0.001582 0.000000 -0.999999 2.868243
3259 -0.999999 0.000000 -0.001615 -1.298457 0.000000 1.000000 0.000000 0.000000 0.001615 0.000000 -0.999999 2.868243
3260 -0.999999 0.000000 -0.001649 -1.298457 0.000000 1.000000 0.000000 0.000000 0.001649 0.000000 -0.999999 2.868243
3261 -0.999999 0.000000 -0.001682 -1.298457 0.000000 1.000000 0.000000 0.000000 0.001682 0.000000 -0.999999 2.868243
3262 -0.999999 0.000000 -0.001715 -1.298457 0.000000 1.000000 0.000000 0.000000 0.001715 0.000000 -0.999999 2.868243
3263 -0.999998 0.000000 -0.001748 -1.298457 0.000000 1.000000 0.000000 0.000000 0.001748 0.000000 -0.999998 2.868243
3264 -0.999998 0.000000 -0.001781 -1.298457 0.000000 1.000000 0.000000 0.000000 0.001781 0.000000 -0.999998 2.868243
3265 -0.999998 0.000000 -0.001814 -1.298457 0.000000 1.000000 0.000000 0.000000 0.001814 0.000000 -0.999998 2.868243
3266 -0.999998 0.000000 -0.001847 -1.298457 0.000000 1.000000 0.000000 0.000000 0.001847 0.000000 -0.999998 2.868243
3267 -0.999998 0.000000 -0.001881 -1.298457 0.000000 1.000000 0.000000 0.000000 0.001881 0.000000 -0.999998 2.868243
3268 -0.999998 0.000000 -0.001877 -1.298457 0.000000 1.000000 0.000000 0.000000 0.001877 0.000000 -0.999998 2.868250
3269 -0.999998 0.000000 -0.001860 -1.298457 0.000000 1.000000 0.000000 0.000000 0.001860 0.000000 -0.999998 2.868258
3270 -0.999998 0.000000 -0.001843 -1.298457 0.000000 1.000000 0.000000 0.000000 0.001843 0.000000 -0.999998 2.868266
3271 -0.999998 0.000000 -0.001827 -1.298457 0.000000 1.000000 0.000000 0.000000 0.001827 0.000000 -0.999998 2.868275
3272 -0.999998 0.000000 -0.001810 -1.298457 0.000000 1.000000 0.000000 0.000000 0.001810 0.000000 -0.999998 2.868283
3273 -0.999998 0.000000 -0.001793 -1.298457 0.000000 1.000000 0.000000 0.000000 0.001793 0.000000 -0.999998 2.868291
3274 -0.999998 0.000000 -0.001777 -1.298457 0.000000 1.000000 0.000000 0.000000 0.001777 0.000000 -0.999998 2.868300
3275 -0.999998 0.000000 -0.001760 -1.298457 0.000000 1.000000 0.000000 0.000000 0.001760 0.000000 -0.999998 2.868308
3276 -0.999998 0.000000 -0.001744 -1.298457 0.000000 1.000000 0.000000 0.000000 0.001744 0.000000 -0.999998 2.868316
3277 -0.999999 0.000000 -0.001727 -1.298457 0.000000 1.000000 0.000000 0.000000 0.001727 0.000000 -0.999999 2.868325
3278 -0.999999 0.000000 -0.001710 -1.298457 0.000000 1.000000 0.000000 0.000000 0.001710 0.000000 -0.999999 2.868333
3279 -0.999999 0.000000 -0.001694 -1.298457 0.000000 1.000000 0.000000 0.000000 0.001694 0.000000 -0.999999 2.868341
3280 -0.999999 0.000000 -0.001689 -1.298457 0.000000 1.000000 0.000000 0.000000 0.001689 0.000000 -0.999999 2.868343
3281 -0.999999 0.000000 -0.001689 -1.298457 0.000000 1.000000 0.000000 0.000000 0.001689 0.000000 -0.999999 2.868343
3282 -0.999999 0.000000 -0.001689 -1.298457 0.000000 1.000000 0.000000 0.000000 0.001689 0.000000 -0.999999 2.868343
3283 -0.999999 0.000000 -0.001689 -1.298457 0.000000 1.000000 0.000000 0.000000 0.001689 0.000000 -0.999999 2.868343
3284 -0.999999 0.000000 -0.001689 -1.298457 0.000000 1.000000 0.000000 0.000000 0.001689 0.000000 -0.999999 2.868343
3285 -0.999999 0.000000 -0.001689 -1.298457 0.000000 1.000000 0.000000 0.000000 0.001689 0.000000 -0.999999 2.868343
3286 -0.999999 0.000000 -0.001689 -1.298457 0.000000 1.000000 0.000000 0.000000 0.001689 0.000000 -0.999999 2.868343
3287 -0.999999 0.000000 -0.001689 -1.298457 0.000000 1.000000 0.000000 0.000000 0.001689 0.000000 -0.999999 2.868343
3288 -0.999999 0.000000 -0.001689 -1.298457 0.000000 1.000000 0.000000 0.000000 0.001689 0.000000 -0.999999 2.868343
3289 -0.999999 0.000000 -0.001689 -1.298457 0.000000 1.000000 0.000000 0.000000 0.001689 0.000000 -0.999999 2.868343
3290 -0.999999 0.000000 -0.001689 -1.298457 0.000000 1.000000 0.000000 0.000000 0.001689 0.000000 -0.999999 2.868343
3291 -0.999999 0.000000 -0.001689 -1.298457 0.000000 1.000000 0.000000 0.000000 0.001689 0.000000 -0.999999 2.868343
3292 -0.999999 0.000000 -0.001701 -1.298457 0.000000 1.000000 0.000000 0.000000 0.001701 0.000000 -0.999999 2.868338
3293 -0.999999 0.000000 -0.001717 -1.298457 0.000000 1.000000 0.000000 0.000000 0.001717 0.000000 -0.999999 2.868329
3294 -0.999998 0.000000 -0.001734 -1.298457 0.000000 1.000000 0.000000 0.000000 0.001734 0.000000 -0.999998 2.868321
3295 -0.999998 0.000000 -0.001750 -1.298457 0.000000 1.000000 0.000000 0.000000 0.001750 0.000000 -0.999998 2.868313
3296 -0.999998 0.000000 -0.001767 -1.298457 0.000000 1.000000 0.000000 0.000000 0.001767 0.000000 -0.999998 2.868304
3297 -0.999998 0.000000 -0.001784 -1.298457 0.000000 1.000000 0.000000 0.000000 0.001784 0.000000 -0.999998 2.868296
3298 -0.999998 0.000000 -0.001800 -1.298457 0.000000 1.000000 0.000000 0.000000 0.001800 0.000000 -0.999998 2.868288
3299 -0.999998 0.000000 -0.001817 -1.298457 0.000000 1.000000 0.000000 0.000000 0.001817 0.000000 -0.999998 2.868279
3300 -0.999998 0.000000 -0.001834 -1.298457 0.000000 1.000000 0.000000 0.000000 0.001834 0.000000 -0.999998 2.868271
3301 -0.999998 0.000000 -0.001850 -1.298457 0.000000 1.000000 0.000000 0.000000 0.001850 0.000000 -0.999998 2.868263
3302 -0.999998 0.000000 -0.001867 -1.298457 0.000000 1.000000 0.000000 0.000000 0.001867 0.000000 -0.999998 2.868255
3303 -0.999998 0.000000 -0.001884 -1.298457 0.000000 1.000000 0.000000 0.000000 0.001884 0.000000 -0.999998 2.868246
3304 -0.999998 0.000000 -0.001900 -1.298457 0.000000 1.000000 0.000000 0.000000 0.001900 0.000000 -0.999998 2.868238
3305 -0.999998 0.000000 -0.001916 -1.298457 0.000000 1.000000 0.000000 0.000000 0.001916 0.000000 -0.999998 2.868230
3306 -0.999998 0.000000 -0.001932 -1.298457 0.000000 1.000000 0.000000 0.000000 0.001932 0.000000 -0.999998 2.868222
3307 -0.999998 0.000000 -0.001949 -1.298457 0.000000 1.000000 0.000000 0.000000 0.001949 0.000000 -0.999998 2.868214
3308 -0.999998 0.000000 -0.001965 -1.298457 0.000000 1.000000 0.000000 0.000000 0.001965 0.000000 -0.999998 2.868205
3309 -0.999998 0.000000 -0.001981 -1.298457 0.000000 1.000000 0.000000 0.000000 0.001981 0.000000 -0.999998 2.868197
3310 -0.999998 0.000000 -0.001998 -1.298457 0.000000 1.000000 0.000000 0.000000 0.001998 0.000000 -0.999998 2.868189
3311 -0.999998 0.000000 -0.002014 -1.298457 0.000000 1.000000 0.000000 0.000000 0.002014 0.000000 -0.999998 2.868181
3312 -0.999998 0.000000 -0.002030 -1.298457 0.000000 1.000000 0.000000 0.000000 0.002030 0.000000 -0.999998 2.868173
3313 -0.999998 0.000000 -0.002046 -1.298457 0.000000 1.000000 0.000000 0.000000 0.002046 0.000000 -0.999998 2.868165
3314 -0.999998 0.000000 -0.002063 -1.298457 0.000000 1.000000 0.000000 0.000000 0.002063 0.000000 -0.999998 2.868157
3315 -0.999998 0.000000 -0.002079 -1.298457 0.000000 1.000000 0.000000 0.000000 0.002079 0.000000 -0.999998 2.868149
3316 -0.999998 0.000000 -0.002022 -1.298458 0.000000 1.000000 0.000000 0.000000 0.002022 0.000000 -0.999998 2.867932
3317 -0.999998 0.000000 -0.001844 -1.298458 0.000000 1.000000 0.000000 0.000000 0.001844 0.000000 -0.999998 2.867373
3318 -0.999999 0.000000 -0.001666 -1.298458 0.000000 1.000000 0.000000 0.000000 0.001666 0.000000 -0.999999 2.866815
3319 -0.999999 0.000000 -0.001489 -1.298458 0.000000 1.000000 0.000000 0.000000 0.001489 0.000000 -0.999999 2.866256
3320 -0.999999 0.000000 -0.001311 -1.298458 0.000000 1.000000 0.000000 0.000000 0.001311 0.000000 -0.999999 2.865698
3321 -0.999999 0.000000 -0.001133 -1.298458 0.000000 1.000000 0.000000 0.000000 0.001133 0.000000 -0.999999 2.865139
3322 -1.000000 0.000000 -0.000955 -1.298458 0.000000 1.000000 0.000000 0.000000 0.000955 0.000000 -1.000000 2.864581
3323 -1.000000 0.000000 -0.000778 -1.298458 0.000000 1.000000 0.000000 0.000000 0.000778 0.000000 -1.000000 2.864022
3324 -1.000000 0.000000 -0.000600 -1.298458 0.000000 1.000000 0.000000 0.000000 0.000600 0.000000 -1.000000 2.863463
3325 -1.000000 0.000000 -0.000422 -1.298458 0.000000 1.000000 0.000000 0.000000 0.000422 0.000000 -1.000000 2.862905
3326 -1.000000 0.000000 -0.000244 -1.298458 0.000000 1.000000 0.000000 0.000000 0.000244 0.000000 -1.000000 2.862346
3327 -1.000000 0.000000 -0.000067 -1.298458 0.000000 1.000000 0.000000 0.000000 0.000067 0.000000 -1.000000 2.861788
3328 -1.000000 0.000000 -0.000086 -1.298458 0.000000 1.000000 0.000000 0.000000 0.000086 0.000000 -1.000000 2.860501
3329 -1.000000 0.000000 -0.000258 -1.298458 0.000000 1.000000 0.000000 0.000000 0.000258 0.000000 -1.000000 2.858648
3330 -1.000000 0.000000 -0.000430 -1.298459 0.000000 1.000000 0.000000 0.000000 0.000430 0.000000 -1.000000 2.856796
3331 -1.000000 0.000000 -0.000602 -1.298459 0.000000 1.000000 0.000000 0.000000 0.000602 0.000000 -1.000000 2.854943
3332 -1.000000 0.000000 -0.000774 -1.298459 0.000000 1.000000 0.000000 0.000000 0.000774 0.000000 -1.000000 2.853090
3333 -1.000000 0.000000 -0.000947 -1.298459 0.000000 1.000000 0.000000 0.000000 0.000947 0.000000 -1.000000 2.851238
3334 -0.999999 0.000000 -0.001119 -1.298459 0.000000 1.000000 0.000000 0.000000 0.001119 0.000000 -0.999999 2.849385
3335 -0.999999 0.000000 -0.001291 -1.298460 0.000000 1.000000 0.000000 0.000000 0.001291 0.000000 -0.999999 2.847532
3336 -0.999999 0.000000 -0.001463 -1.298460 0.000000 1.000000 0.000000 0.000000 0.001463 0.000000 -0.999999 2.845680
3337 -0.999999 0.000000 -0.001635 -1.298460 0.000000 1.000000 0.000000 0.000000 0.001635 0.000000 -0.999999 2.843827
3338 -0.999998 0.000000 -0.001807 -1.298460 0.000000 1.000000 0.000000 0.000000 0.001807 0.000000 -0.999998 2.841974
3339 -0.999998 0.000000 -0.001980 -1.298460 0.000000 1.000000 0.000000 0.000000 0.001980 0.000000 -0.999998 2.840121
3340 -0.999998 0.000000 -0.002080 -1.298461 0.000000 1.000000 0.000000 0.000000 0.002080 0.000000 -0.999998 2.837744
3341 -0.999998 0.000000 -0.002055 -1.298461 0.000000 1.000000 0.000000 0.000000 0.002055 0.000000 -0.999998 2.834449
3342 -0.999998 0.000000 -0.002029 -1.298461 0.000000 1.000000 0.000000 0.000000 0.002029 0.000000 -0.999998 2.831154
3343 -0.999998 0.000000 -0.002004 -1.298462 0.000000 1.000000 0.000000 0.000000 0.002004 0.000000 -0.999998 2.827860
3344 -0.999998 0.000000 -0.001979 -1.298462 0.000000 1.000000 0.000000 0.000000 0.001979 0.000000 -0.999998 2.824565
3345 -0.999998 0.000000 -0.001954 -1.298462 0.000000 1.000000 0.000000 0.000000 0.001954 0.000000 -0.999998 2.821271
3346 -0.999998 0.000000 -0.001929 -1.298462 0.000000 1.000000 0.000000 0.000000 0.001929 0.000000 -0.999998 2.817976
3347 -0.999998 0.000000 -0.001903 -1.298463 0.000000 1.000000 0.000000 0.000000 0.001903 0.000000 -0.999998 2.814681
3348 -0.999998 0.000000 -0.001878 -1.298463 0.000000 1.000000 0.000000 0.000000 0.001878 0.000000 -0.999998 2.811387
3349 -0.999998 0.000000 -0.001853 -1.298463 0.000000 1.000000 0.000000 0.000000 0.001853 0.000000 -0.999998 2.808092
3350 -0.999998 0.000000 -0.001828 -1.298464 0.000000 1.000000 0.000000 0.000000 0.001828 0.000000 -0.999998 2.804797
3351 -0.999998 0.000000 -0.001802 -1.298464 0.000000 1.000000 0.000000 0.000000 0.001802 0.000000 -0.999998 2.801503
3352 -0.999999 0.000000 -0.001647 -1.298468 0.000000 1.000000 0.000000 0.000000 0.001647 0.000000 -0.999999 2.797952
3353 -0.999999 0.000000 -0.001341 -1.298477 0.000000 1.000000 0.000000 0.000000 0.001341 0.000000 -0.999999 2.794107
3354 -0.999999 0.000000 -0.001036 -1.298486 0.000000 1.000000 0.000000 0.000000 0.001036 0.000000 -0.999999 2.790263
3355 -1.000000 0.000000 -0.000731 -1.298494 0.000000 1.000000 0.000000 0.000000 0.000731 0.000000 -1.000000 2.786418
3356 -1.000000 0.000000 -0.000426 -1.298503 0.000000 1.000000 0.000000 0.000000 0.000426 0.000000 -1.000000 2.782573
3357 -1.000000 0.000000 -0.000120 -1.298512 0.000000 1.000000 0.000000 0.000000 0.000120 0.000000 -1.000000 2.778729
3358 -1.000000 0.000000 0.000185 -1.298520 0.000000 1.000000 0.000000 0.000000 -0.000185 0.000000 -1.000000 2.774884
3359 -1.000000 0.000000 0.000490 -1.298529 0.000000 1.000000 0.000000 0.000000 -0.000490 0.000000 -1.000000 2.771039
3360 -1.000000 0.000000 0.000795 -1.298537 0.000000 1.000000 0.000000 0.000000 -0.000795 0.000000 -1.000000 2.767195
3361 -0.999999 0.000000 0.001101 -1.298546 0.000000 1.000000 0.000000 0.000000 -0.001101 0.000000 -0.999999 2.763350
3362 -0.999999 0.000000 0.001406 -1.298555 0.000000 1.000000 0.000000 0.000000 -0.001406 0.000000 -0.999999 2.759505
3363 -0.999999 0.000000 0.001711 -1.298563 0.000000 1.000000 0.000000 0.000000 -0.001711 0.000000 -0.999999 2.755660
3364 -0.999998 0.000000 0.001825 -1.298566 0.000000 1.000000 0.000000 0.000000 -0.001825 0.000000 -0.999998 2.751571
3365 -0.999999 0.000000 0.001575 -1.298558 0.000000 1.000000 0.000000 0.000000 -0.001575 0.000000 -0.999999 2.747018
3366 -0.999999 0.000000 0.001325 -1.298551 0.000000 1.000000 0.000000 0.000000 -0.001325 0.000000 -0.999999 2.742464
3367 -0.999999 0.000000 0.001076 -1.298543 0.000000 1.000000 0.000000 0.000000 -0.001076 0.000000 -0.999999 2.737911
3368 -1.000000 0.000000 0.000826 -1.298535 0.000000 1.000000 0.000000 0.000000 -0.000826 0.000000 -1.000000 2.733358
3369 -1.000000 0.000000 0.000576 -1.298527 0.000000 1.000000 0.000000 0.000000 -0.000576 0.000000 -1.000000 2.728804
3370 -1.000000 0.000000 0.000326 -1.298519 0.000000 1.000000 0.000000 0.000000 -0.000326 0.000000 -1.000000 2.724251
3371 -1.000000 0.000000 0.000077 -1.298511 0.000000 1.000000 0.000000 0.000000 -0.000077 0.000000 -1.000000 2.719698
3372 -1.000000 0.000000 -0.000173 -1.298503 0.000000 1.000000 0.000000 0.000000 0.000173 0.000000 -1.000000 2.715145
3373 -1.000000 0.000000 -0.000423 -1.298495 0.000000 1.000000 0.000000 0.000000 0.000423 0.000000 -1.000000 2.710591
3374 -1.000000 0.000000 -0.000672 -1.298488 0.000000 1.000000 0.000000 0.000000 0.000672 0.000000 -1.000000 2.706038
3375 -1.000000 0.000000 -0.000922 -1.298480 0.000000 1.000000 0.000000 0.000000 0.000922 0.000000 -1.000000 2.701485
3376 -0.999999 0.000000 -0.001111 -1.298477 0.000000 1.000000 0.000000 0.000000 0.001111 0.000000 -0.999999 2.696677
3377 -0.999999 0.000000 -0.001177 -1.298486 0.000000 1.000000 0.000000 0.000000 0.001177 0.000000 -0.999999 2.691359
3378 -0.999999 0.000000 -0.001244 -1.298495 0.000000 1.000000 0.000000 0.000000 0.001244 0.000000 -0.999999 2.686041
3379 -0.999999 0.000000 -0.001310 -1.298504 0.000000 1.000000 0.000000 0.000000 0.001310 0.000000 -0.999999 2.680723
3380 -0.999999 0.000000 -0.001377 -1.298513 0.000000 1.000000 0.000000 0.000000 0.001377 0.000000 -0.999999 2.675404
3381 -0.999999 0.000000 -0.001443 -1.298522 0.000000 1.000000 0.000000 0.000000 0.001443 0.000000 -0.999999 2.670086
3382 -0.999999 0.000000 -0.001509 -1.298530 0.000000 1.000000 0.000000 0.000000 0.001509 0.000000 -0.999999 2.664768
3383 -0.999999 0.000000 -0.001576 -1.298539 0.000000 1.000000 0.000000 0.000000 0.001576 0.000000 -0.999999 2.659450
3384 -0.999999 0.000000 -0.001642 -1.298548 0.000000 1.000000 0.000000 0.000000 0.001642 0.000000 -0.999999 2.654131
3385 -0.999999 0.000000 -0.001708 -1.298557 0.000000 1.000000 0.000000 0.000000 0.001708 0.000000 -0.999999 2.648813
3386 -0.999998 0.000000 -0.001775 -1.298566 0.000000 1.000000 0.000000 0.000000 0.001775 0.000000 -0.999998 2.643495
3387 -0.999998 0.000000 -0.001841 -1.298574 0.000000 1.000000 0.000000 0.000000 0.001841 0.000000 -0.999998 2.638177
3388 -0.999998 0.000000 -0.001903 -1.298586 0.000000 1.000000 0.000000 0.000000 0.001903 0.000000 -0.999998 2.632633
3389 -0.999998 0.000000 -0.001952 -1.298603 0.000000 1.000000 0.000000 0.000000 0.001952 0.000000 -0.999998 2.626507
3390 -0.999998 0.000000 -0.002002 -1.298620 0.000000 1.000000 0.000000 0.000000 0.002002 0.000000 -0.999998 2.620380
3391 -0.999998 0.000000 -0.002051 -1.298637 0.000000 1.000000 0.000000 0.000000 0.002051 0.000000 -0.999998 2.614254
3392 -0.999998 0.000000 -0.002100 -1.298654 0.000000 1.000000 0.000000 0.000000 0.002100 0.000000 -0.999998 2.608128
3393 -0.999998 0.000000 -0.002150 -1.298671 0.000000 1.000000 0.000000 0.000000 0.002150 0.000000 -0.999998 2.602002
3394 -0.999998 0.000000 -0.002199 -1.298688 0.000000 1.000000 0.000000 0.000000 0.002199 0.000000 -0.999998 2.595875
3395 -0.999997 0.000000 -0.002249 -1.298705 0.000000 1.000000 0.000000 0.000000 0.002249 0.000000 -0.999997 2.589749
3396 -0.999997 0.000000 -0.002298 -1.298722 0.000000 1.000000 0.000000 0.000000 0.002298 0.000000 -0.999997 2.583623
3397 -0.999997 0.000000 -0.002347 -1.298739 0.000000 1.000000 0.000000 0.000000 0.002347 0.000000 -0.999997 2.577496
3398 -0.999997 0.000000 -0.002397 -1.298756 0.000000 1.000000 0.000000 0.000000 0.002397 0.000000 -0.999997 2.571370
3399 -0.999997 0.000000 -0.002446 -1.298774 0.000000 1.000000 0.000000 0.000000 0.002446 0.000000 -0.999997 2.565244
3400 -0.999997 0.000000 -0.002493 -1.298794 0.000000 1.000000 0.000000 0.000000 0.002493 0.000000 -0.999997 2.559007
3401 -0.999997 0.000000 -0.002527 -1.298837 0.000000 1.000000 0.000000 0.000000 0.002527 0.000000 -0.999997 2.552058
3402 -0.999997 0.000000 -0.002561 -1.298879 0.000000 1.000000 0.000000 0.000000 0.002561 0.000000 -0.999997 2.545109
3403 -0.999997 0.000000 -0.002594 -1.298922 0.000000 1.000000 0.000000 0.000000 0.002594 0.000000 -0.999997 2.538160
3404 -0.999997 0.000000 -0.002628 -1.298964 0.000000 1.000000 0.000000 0.000000 0.002628 0.000000 -0.999997 2.531211
3405 -0.999996 0.000000 -0.002661 -1.299007 0.000000 1.000000 0.000000 0.000000 0.002661 0.000000 -0.999996 2.524263
3406 -0.999996 0.000000 -0.002695 -1.299050 0.000000 1.000000 0.000000 0.000000 0.002695 0.000000 -0.999996 2.517314
3407 -0.999996 0.000000 -0.002728 -1.299092 0.000000 1.000000 0.000000 0.000000 0.002728 0.000000 -0.999996 2.510365
3408 -0.999996 0.000000 -0.002762 -1.299135 0.000000 1.000000 0.000000 0.000000 0.002762 0.000000 -0.999996 2.503416
3409 -0.999996 0.000000 -0.002795 -1.299177 0.000000 1.000000 0.000000 0.000000 0.002795 0.000000 -0.999996 2.496467
3410 -0.999996 0.000000 -0.002829 -1.299220 0.000000 1.000000 0.000000 0.000000 0.002829 0.000000 -0.999996 2.489518
3411 -0.999996 0.000000 -0.002862 -1.299263 0.000000 1.000000 0.000000 0.000000 0.002862 0.000000 -0.999996 2.482570
3412 -0.999996 0.000000 -0.002919 -1.299295 0.000000 1.000000 0.000000 0.000000 0.002919 0.000000 -0.999996 2.475539
3413 -0.999995 0.000000 -0.003067 -1.299288 0.000000 1.000000 0.000000 0.000000 0.003067 0.000000 -0.999995 2.468194
3414 -0.999995 0.000000 -0.003214 -1.299280 0.000000 1.000000 0.000000 0.000000 0.003214 0.000000 -0.999995 2.460849
3415 -0.999994 0.000000 -0.003361 -1.299273 0.000000 1.000000 0.000000 0.000000 0.003361 0.000000 -0.999994 2.453503
3416 -0.999994 0.000000 -0.003509 -1.299265 0.000000 1.000000 0.000000 0.000000 0.003509 0.000000 -0.999994 2.446158
3417 -0.999993 0.000000 -0.003656 -1.299258 0.000000 1.000000 0.000000 0.000000 0.003656 0.000000 -0.999993 2.438812
3418 -0.999993 0.000000 -0.003804 -1.299250 0.000000 1.000000 0.000000 0.000000 0.003804 0.000000 -0.999993 2.431467
3419 -0.999992 0.000000 -0.003951 -1.299243 0.000000 1.000000 0.000000 0.000000 0.003951 0.000000 -0.999992 2.424121
3420 -0.999992 0.000000 -0.004098 -1.299235 0.000000 1.000000 0.000000 0.000000 0.004098 0.000000 -0.999992 2.416776
3421 -0.999991 0.000000 -0.004246 -1.299228 0.000000 1.000000 0.000000 0.000000 0.004246 0.000000 -0.999991 2.409430
3422 -0.999990 0.000000 -0.004393 -1.299221 0.000000 1.000000 0.000000 0.000000 0.004393 0.000000 -0.999990 2.402085
3423 -0.999990 0.000000 -0.004541 -1.299213 0.000000 1.000000 0.000000 0.000000 0.004541 0.000000 -0.999990 2.394739
3424 -0.999989 0.000000 -0.004688 -1.299206 0.000000 1.000000 0.000000 0.000000 0.004688 0.000000 -0.999989 2.387394
3425 -0.999990 0.000000 -0.004556 -1.299240 0.000000 1.000000 0.000000 0.000000 0.004556 0.000000 -0.999990 2.379495
3426 -0.999990 0.000000 -0.004421 -1.299274 0.000000 1.000000 0.000000 0.000000 0.004421 0.000000 -0.999990 2.371593
3427 -0.999991 0.000000 -0.004287 -1.299308 0.000000 1.000000 0.000000 0.000000 0.004287 0.000000 -0.999991 2.363691
3428 -0.999991 0.000000 -0.004153 -1.299343 0.000000 1.000000 0.000000 0.000000 0.004153 0.000000 -0.999991 2.355789
3429 -0.999992 0.000000 -0.004019 -1.299377 0.000000 1.000000 0.000000 0.000000 0.004019 0.000000 -0.999992 2.347886
3430 -0.999992 0.000000 -0.003885 -1.299411 0.000000 1.000000 0.000000 0.000000 0.003885 0.000000 -0.999992 2.339984
3431 -0.999993 0.000000 -0.003750 -1.299446 0.000000 1.000000 0.000000 0.000000 0.003750 0.000000 -0.999993 2.332082
3432 -0.999993 0.000000 -0.003616 -1.299480 0.000000 1.000000 0.000000 0.000000 0.003616 0.000000 -0.999993 2.324180
3433 -0.999994 0.000000 -0.003482 -1.299514 0.000000 1.000000 0.000000 0.000000 0.003482 0.000000 -0.999994 2.316277
3434 -0.999994 0.000000 -0.003348 -1.299549 0.000000 1.000000 0.000000 0.000000 0.003348 0.000000 -0.999994 2.308375
3435 -0.999995 0.000000 -0.003213 -1.299583 0.000000 1.000000 0.000000 0.000000 0.003213 0.000000 -0.999995 2.300473
3436 -0.999995 0.000000 -0.003066 -1.299616 0.000000 1.000000 0.000000 0.000000 0.003066 0.000000 -0.999995 2.292552
3437 -0.999996 0.000000 -0.002742 -1.299625 0.000000 1.000000 0.000000 0.000000 0.002742 0.000000 -0.999996 2.284392
3438 -0.999997 0.000000 -0.002419 -1.299634 0.000000 1.000000 0.000000 0.000000 0.002419 0.000000 -0.999997 2.276232
3439 -0.999998 0.000000 -0.002095 -1.299643 0.000000 1.000000 0.000000 0.000000 0.002095 0.000000 -0.999998 2.268072
3440 -0.999998 0.000000 -0.001772 -1.299652 0.000000 1.000000 0.000000 0.000000 0.001772 0.000000 -0.999998 2.259912
3441 -0.999999 0.000000 -0.001448 -1.299661 0.000000 1.000000 0.000000 0.000000 0.001448 0.000000 -0.999999 2.251752
3442 -0.999999 0.000000 -0.001125 -1.299670 0.000000 1.000000 0.000000 0.000000 0.001125 0.000000 -0.999999 2.243592
3443 -1.000000 0.000000 -0.000802 -1.299679 0.000000 1.000000 0.000000 0.000000 0.000802 0.000000 -1.000000 2.235433
3444 -1.000000 0.000000 -0.000478 -1.299689 0.000000 1.000000 0.000000 0.000000 0.000478 0.000000 -1.000000 2.227273
3445 -1.000000 0.000000 -0.000155 -1.299698 0.000000 1.000000 0.000000 0.000000 0.000155 0.000000 -1.000000 2.219113
3446 -1.000000 0.000000 0.000169 -1.299707 0.000000 1.000000 0.000000 0.000000 -0.000169 0.000000 -1.000000 2.210953
3447 -1.000000 0.000000 0.000492 -1.299716 0.000000 1.000000 0.000000 0.000000 -0.000492 0.000000 -1.000000 2.202793
3448 -1.000000 0.000000 0.000808 -1.299725 0.000000 1.000000 0.000000 0.000000 -0.000808 0.000000 -1.000000 2.194632
3449 -1.000000 0.000000 0.000618 -1.299734 0.000000 1.000000 0.000000 0.000000 -0.000618 0.000000 -1.000000 2.186338
3450 -1.000000 0.000000 0.000428 -1.299743 0.000000 1.000000 0.000000 0.000000 -0.000428 0.000000 -1.000000 2.178045
3451 -1.000000 0.000000 0.000237 -1.299752 0.000000 1.000000 0.000000 0.000000 -0.000237 0.000000 -1.000000 2.169751
3452 -1.000000 0.000000 0.000047 -1.299761 0.000000 1.000000 0.000000 0.000000 -0.000047 0.000000 -1.000000 2.161458
3453 -1.000000 0.000000 -0.000143 -1.299770 0.000000 1.000000 0.000000 0.000000 0.000143 0.000000 -1.000000 2.153164
3454 -1.000000 0.000000 -0.000334 -1.299780 0.000000 1.000000 0.000000 0.000000 0.000334 0.000000 -1.000000 2.144871
3455 -1.000000 0.000000 -0.000524 -1.299789 0.000000 1.000000 0.000000 0.000000 0.000524 0.000000 -1.000000 2.136577
3456 -1.000000 0.000000 -0.000715 -1.299798 0.000000 1.000000 0.000000 0.000000 0.000715 0.000000 -1.000000 2.128284
3457 -1.000000 0.000000 -0.000905 -1.299807 0.000000 1.000000 0.000000 0.000000 0.000905 0.000000 -1.000000 2.119990
3458 -0.999999 0.000000 -0.001095 -1.299816 0.000000 1.000000 0.000000 0.000000 0.001095 0.000000 -0.999999 2.111697
3459 -0.999999 0.000000 -0.001286 -1.299825 0.000000 1.000000 0.000000 0.000000 0.001286 0.000000 -0.999999 2.103403
3460 -0.999999 0.000000 -0.001476 -1.299834 0.000000 1.000000 0.000000 0.000000 0.001476 0.000000 -0.999999 2.095110
3461 -0.999999 0.000000 -0.001373 -1.299843 0.000000 1.000000 0.000000 0.000000 0.001373 0.000000 -0.999999 2.086753
3462 -0.999999 0.000000 -0.001248 -1.299852 0.000000 1.000000 0.000000 0.000000 0.001248 0.000000 -0.999999 2.078391
3463 -0.999999 0.000000 -0.001124 -1.299862 0.000000 1.000000 0.000000 0.000000 0.001124 0.000000 -0.999999 2.070030
3464 -1.000000 0.000000 -0.000999 -1.299871 0.000000 1.000000 0.000000 0.000000 0.000999 0.000000 -1.000000 2.061669
3465 -1.000000 0.000000 -0.000875 -1.299880 0.000000 1.000000 0.000000 0.000000 0.000875 0.000000 -1.000000 2.053307
3466 -1.000000 0.000000 -0.000750 -1.299889 0.000000 1.000000 0.000000 0.000000 0.000750 0.000000 -1.000000 2.044946
3467 -1.000000 0.000000 -0.000626 -1.299898 0.000000 1.000000 0.000000 0.000000 0.000626 0.000000 -1.000000 2.036585
3468 -1.000000 0.000000 -0.000501 -1.299907 0.000000 1.000000 0.000000 0.000000 0.000501 0.000000 -1.000000 2.028223
3469 -1.000000 0.000000 -0.000377 -1.299916 0.000000 1.000000 0.000000 0.000000 0.000377 0.000000 -1.000000 2.019862
3470 -1.000000 0.000000 -0.000252 -1.299926 0.000000 1.000000 0.000000 0.000000 0.000252 0.000000 -1.000000 2.011500
3471 -1.000000 0.000000 -0.000127 -1.299935 0.000000 1.000000 0.000000 0.000000 0.000127 0.000000 -1.000000 2.003139
3472 -1.000000 0.000000 -0.000003 -1.299944 0.000000 1.000000 0.000000 0.000000 0.000003 0.000000 -1.000000 1.994778
3473 -1.000000 0.000000 0.000070 -1.299938 0.000000 1.000000 0.000000 0.000000 -0.000070 0.000000 -1.000000 1.986307
3474 -1.000000 0.000000 0.000137 -1.299931 0.000000 1.000000 0.000000 0.000000 -0.000137 0.000000 -1.000000 1.977822
3475 -1.000000 0.000000 0.000203 -1.299923 0.000000 1.000000 0.000000 0.000000 -0.000203 0.000000 -1.000000 1.969338
3476 -1.000000 0.000000 0.000270 -1.299916 0.000000 1.000000 0.000000 0.000000 -0.000270 0.000000 -1.000000 1.960853
3477 -1.000000 0.000000 0.000336 -1.299908 0.000000 1.000000 0.000000 0.000000 -0.000336 0.000000 -1.000000 1.952369
3478 -1.000000 0.000000 0.000402 -1.299901 0.000000 1.000000 0.000000 0.000000 -0.000402 0.000000 -1.000000 1.943884
3479 -1.000000 0.000000 0.000469 -1.299894 0.000000 1.000000 0.000000 0.000000 -0.000469 0.000000 -1.000000 1.935400
3480 -1.000000 0.000000 0.000535 -1.299886 0.000000 1.000000 0.000000 0.000000 -0.000535 0.000000 -1.000000 1.926915
3481 -1.000000 0.000000 0.000602 -1.299879 0.000000 1.000000 0.000000 0.000000 -0.000602 0.000000 -1.000000 1.918431
3482 -1.000000 0.000000 0.000668 -1.299871 0.000000 1.000000 0.000000 0.000000 -0.000668 0.000000 -1.000000 1.909946
3483 -1.000000 0.000000 0.000735 -1.299864 0.000000 1.000000 0.000000 0.000000 -0.000735 0.000000 -1.000000 1.901462
3484 -1.000000 0.000000 0.000801 -1.299856 0.000000 1.000000 0.000000 0.000000 -0.000801 0.000000 -1.000000 1.892977
3485 -1.000000 0.000000 0.000783 -1.299856 0.000000 1.000000 0.000000 0.000000 -0.000783 0.000000 -1.000000 1.884607
3486 -1.000000 0.000000 0.000750 -1.299857 0.000000 1.000000 0.000000 0.000000 -0.000750 0.000000 -1.000000 1.876256
3487 -1.000000 0.000000 0.000718 -1.299858 0.000000 1.000000 0.000000 0.000000 -0.000718 0.000000 -1.000000 1.867905
3488 -1.000000 0.000000 0.000685 -1.299858 0.000000 1.000000 0.000000 0.000000 -0.000685 0.000000 -1.000000 1.859554
3489 -1.000000 0.000000 0.000652 -1.299859 0.000000 1.000000 0.000000 0.000000 -0.000652 0.000000 -1.000000 1.851203
3490 -1.000000 0.000000 0.000619 -1.299860 0.000000 1.000000 0.000000 0.000000 -0.000619 0.000000 -1.000000 1.842852
3491 -1.000000 0.000000 0.000587 -1.299861 0.000000 1.000000 0.000000 0.000000 -0.000587 0.000000 -1.000000 1.834501
3492 -1.000000 0.000000 0.000554 -1.299862 0.000000 1.000000 0.000000 0.000000 -0.000554 0.000000 -1.000000 1.826151
3493 -1.000000 0.000000 0.000521 -1.299863 0.000000 1.000000 0.000000 0.000000 -0.000521 0.000000 -1.000000 1.817800
3494 -1.000000 0.000000 0.000488 -1.299863 0.000000 1.000000 0.000000 0.000000 -0.000488 0.000000 -1.000000 1.809449
3495 -1.000000 0.000000 0.000456 -1.299864 0.000000 1.000000 0.000000 0.000000 -0.000456 0.000000 -1.000000 1.801098
3496 -1.000000 0.000000 0.000423 -1.299865 0.000000 1.000000 0.000000 0.000000 -0.000423 0.000000 -1.000000 1.792747
3497 -1.000000 0.000000 0.000566 -1.299855 0.000000 1.000000 0.000000 0.000000 -0.000566 0.000000 -1.000000 1.784272
3498 -1.000000 0.000000 0.000808 -1.299839 0.000000 1.000000 0.000000 0.000000 -0.000808 0.000000 -1.000000 1.775728
3499 -0.999999 0.000000 0.001050 -1.299824 0.000000 1.000000 0.000000 0.000000 -0.001050 0.000000 -0.999999 1.767183
3500 -0.999999 0.000000 0.001292 -1.299808 0.000000 1.000000 0.000000 0.000000 -0.001292 0.000000 -0.999999 1.758639
3501 -0.999999 0.000000 0.001534 -1.299792 0.000000 1.000000 0.000000 0.000000 -0.001534 0.000000 -0.999999 1.750094
3502 -0.999998 0.000000 0.001776 -1.299776 0.000000 1.000000 0.000000 0.000000 -0.001776 0.000000 -0.999998 1.741550
3503 -0.999998 0.000000 0.002018 -1.299760 0.000000 1.000000 0.000000 0.000000 -0.002018 0.000000 -0.999998 1.733006
3504 -0.999997 0.000000 0.002260 -1.299744 0.000000 1.000000 0.000000 0.000000 -0.002260 0.000000 -0.999997 1.724461
3505 -0.999997 0.000000 0.002502 -1.299729 0.000000 1.000000 0.000000 0.000000 -0.002502 0.000000 -0.999997 1.715917
3506 -0.999996 0.000000 0.002744 -1.299713 0.000000 1.000000 0.000000 0.000000 -0.002744 0.000000 -0.999996 1.707372
3507 -0.999996 0.000000 0.002986 -1.299697 0.000000 1.000000 0.000000 0.000000 -0.002986 0.000000 -0.999996 1.698828
3508 -0.999995 0.000000 0.003228 -1.299681 0.000000 1.000000 0.000000 0.000000 -0.003228 0.000000 -0.999995 1.690283
3509 -0.999995 0.000000 0.003223 -1.299660 0.000000 1.000000 0.000000 0.000000 -0.003223 0.000000 -0.999995 1.681788
3510 -0.999995 0.000000 0.003090 -1.299636 0.000000 1.000000 0.000000 0.000000 -0.003090 0.000000 -0.999995 1.673319
3511 -0.999996 0.000000 0.002956 -1.299611 0.000000 1.000000 0.000000 0.000000 -0.002956 0.000000 -0.999996 1.664850
3512 -0.999996 0.000000 0.002823 -1.299587 0.000000 1.000000 0.000000 0.000000 -0.002823 0.000000 -0.999996 1.656382
3513 -0.999996 0.000000 0.002689 -1.299563 0.000000 1.000000 0.000000 0.000000 -0.002689 0.000000 -0.999996 1.647913
3514 -0.999997 0.000000 0.002556 -1.299539 0.000000 1.000000 0.000000 0.000000 -0.002556 0.000000 -0.999997 1.639444
3515 -0.999997 0.000000 0.002422 -1.299515 0.000000 1.000000 0.000000 0.000000 -0.002422 0.000000 -0.999997 1.630975
3516 -0.999997 0.000000 0.002289 -1.299490 0.000000 1.000000 0.000000 0.000000 -0.002289 0.000000 -0.999997 1.622506
3517 -0.999998 0.000000 0.002155 -1.299466 0.000000 1.000000 0.000000 0.000000 -0.002155 0.000000 -0.999998 1.614037
3518 -0.999998 0.000000 0.002022 -1.299442 0.000000 1.000000 0.000000 0.000000 -0.002022 0.000000 -0.999998 1.605568
3519 -0.999998 0.000000 0.001888 -1.299418 0.000000 1.000000 0.000000 0.000000 -0.001888 0.000000 -0.999998 1.597099
3520 -0.999998 0.000000 0.001755 -1.299394 0.000000 1.000000 0.000000 0.000000 -0.001755 0.000000 -0.999998 1.588630
3521 -0.999998 0.000000 0.001744 -1.299375 0.000000 1.000000 0.000000 0.000000 -0.001744 0.000000 -0.999998 1.580279
3522 -0.999998 0.000000 0.001793 -1.299360 0.000000 1.000000 0.000000 0.000000 -0.001793 0.000000 -0.999998 1.571985
3523 -0.999998 0.000000 0.001842 -1.299344 0.000000 1.000000 0.000000 0.000000 -0.001842 0.000000 -0.999998 1.563691
3524 -0.999998 0.000000 0.001891 -1.299329 0.000000 1.000000 0.000000 0.000000 -0.001891 0.000000 -0.999998 1.555398
3525 -0.999998 0.000000 0.001940 -1.299313 0.000000 1.000000 0.000000 0.000000 -0.001940 0.000000 -0.999998 1.547104
3526 -0.999998 0.000000 0.001989 -1.299298 0.000000 1.000000 0.000000 0.000000 -0.001989 0.000000 -0.999998 1.538810
3527 -0.999998 0.000000 0.002038 -1.299282 0.000000 1.000000 0.000000 0.000000 -0.002038 0.000000 -0.999998 1.530517
3528 -0.999998 0.000000 0.002087 -1.299267 0.000000 1.000000 0.000000 0.000000 -0.002087 0.000000 -0.999998 1.522223
3529 -0.999998 0.000000 0.002136 -1.299251 0.000000 1.000000 0.000000 0.000000 -0.002136 0.000000 -0.999998 1.513929
3530 -0.999998 0.000000 0.002185 -1.299236 0.000000 1.000000 0.000000 0.000000 -0.002185 0.000000 -0.999998 1.505636
3531 -0.999998 0.000000 0.002234 -1.299220 0.000000 1.000000 0.000000 0.000000 -0.002234 0.000000 -0.999998 1.497342
3532 -0.999997 0.000000 0.002283 -1.299205 0.000000 1.000000 0.000000 0.000000 -0.002283 0.000000 -0.999997 1.489048
3533 -0.999997 0.000000 0.002242 -1.299189 0.000000 1.000000 0.000000 0.000000 -0.002242 0.000000 -0.999997 1.480692
3534 -0.999998 0.000000 0.002082 -1.299173 0.000000 1.000000 0.000000 0.000000 -0.002082 0.000000 -0.999998 1.472252
3535 -0.999998 0.000000 0.001922 -1.299157 0.000000 1.000000 0.000000 0.000000 -0.001922 0.000000 -0.999998 1.463813
3536 -0.999998 0.000000 0.001762 -1.299141 0.000000 1.000000 0.000000 0.000000 -0.001762 0.000000 -0.999998 1.455374
3537 -0.999999 0.000000 0.001602 -1.299125 0.000000 1.000000 0.000000 0.000000 -0.001602 0.000000 -0.999999 1.446935
3538 -0.999999 0.000000 0.001442 -1.299109 0.000000 1.000000 0.000000 0.000000 -0.001442 0.000000 -0.999999 1.438496
3539 -0.999999 0.000000 0.001282 -1.299093 0.000000 1.000000 0.000000 0.000000 -0.001282 0.000000 -0.999999 1.430057
3540 -0.999999 0.000000 0.001122 -1.299077 0.000000 1.000000 0.000000 0.000000 -0.001122 0.000000 -0.999999 1.421617
3541 -1.000000 0.000000 0.000962 -1.299061 0.000000 1.000000 0.000000 0.000000 -0.000962 0.000000 -1.000000 1.413178
3542 -1.000000 0.000000 0.000802 -1.299045 0.000000 1.000000 0.000000 0.000000 -0.000802 0.000000 -1.000000 1.404739
3543 -1.000000 0.000000 0.000642 -1.299029 0.000000 1.000000 0.000000 0.000000 -0.000642 0.000000 -1.000000 1.396300
3544 -1.000000 0.000000 0.000482 -1.299013 0.000000 1.000000 0.000000 0.000000 -0.000482 0.000000 -1.000000 1.387861
3545 -1.000000 0.000000 0.000447 -1.299006 0.000000 1.000000 0.000000 0.000000 -0.000447 0.000000 -1.000000 1.379644
3546 -1.000000 0.000000 0.000511 -1.299007 0.000000 1.000000 0.000000 0.000000 -0.000511 0.000000 -1.000000 1.371603
3547 -1.000000 0.000000 0.000574 -1.299008 0.000000 1.000000 0.000000 0.000000 -0.000574 0.000000 -1.000000 1.363561
3548 -1.000000 0.000000 0.000638 -1.299009 0.000000 1.000000 0.000000 0.000000 -0.000638 0.000000 -1.000000 1.355520
3549 -1.000000 0.000000 0.000702 -1.299010 0.000000 1.000000 0.000000 0.000000 -0.000702 0.000000 -1.000000 1.347478
3550 -1.000000 0.000000 0.000766 -1.299010 0.000000 1.000000 0.000000 0.000000 -0.000766 0.000000 -1.000000 1.339437
3551 -1.000000 0.000000 0.000830 -1.299011 0.000000 1.000000 0.000000 0.000000 -0.000830 0.000000 -1.000000 1.331395
3552 -1.000000 0.000000 0.000893 -1.299012 0.000000 1.000000 0.000000 0.000000 -0.000893 0.000000 -1.000000 1.323354
3553 -1.000000 0.000000 0.000957 -1.299013 0.000000 1.000000 0.000000 0.000000 -0.000957 0.000000 -1.000000 1.315313
3554 -0.999999 0.000000 0.001021 -1.299014 0.000000 1.000000 0.000000 0.000000 -0.001021 0.000000 -0.999999 1.307271
3555 -0.999999 0.000000 0.001085 -1.299014 0.000000 1.000000 0.000000 0.000000 -0.001085 0.000000 -0.999999 1.299230
3556 -0.999999 0.000000 0.001149 -1.299015 0.000000 1.000000 0.000000 0.000000 -0.001149 0.000000 -0.999999 1.291188
3557 -0.999999 0.000000 0.001208 -1.299016 0.000000 1.000000 0.000000 0.000000 -0.001208 0.000000 -0.999999 1.283132
3558 -0.999999 0.000000 0.001105 -1.299008 0.000000 1.000000 0.000000 0.000000 -0.001105 0.000000 -0.999999 1.274467
3559 -0.999999 0.000000 0.001002 -1.299000 0.000000 1.000000 0.000000 0.000000 -0.001002 0.000000 -0.999999 1.265803
3560 -1.000000 0.000000 0.000899 -1.298993 0.000000 1.000000 0.000000 0.000000 -0.000899 0.000000 -1.000000 1.257138
3561 -1.000000 0.000000 0.000795 -1.298985 0.000000 1.000000 0.000000 0.000000 -0.000795 0.000000 -1.000000 1.248474
3562 -1.000000 0.000000 0.000692 -1.298977 0.000000 1.000000 0.000000 0.000000 -0.000692 0.000000 -1.000000 1.239810
3563 -1.000000 0.000000 0.000589 -1.298969 0.000000 1.000000 0.000000 0.000000 -0.000589 0.000000 -1.000000 1.231146
3564 -1.000000 0.000000 0.000486 -1.298962 0.000000 1.000000 0.000000 0.000000 -0.000486 0.000000 -1.000000 1.222481
3565 -1.000000 0.000000 0.000383 -1.298954 0.000000 1.000000 0.000000 0.000000 -0.000383 0.000000 -1.000000 1.213817
3566 -1.000000 0.000000 0.000279 -1.298946 0.000000 1.000000 0.000000 0.000000 -0.000279 0.000000 -1.000000 1.205153
3567 -1.000000 0.000000 0.000176 -1.298938 0.000000 1.000000 0.000000 0.000000 -0.000176 0.000000 -1.000000 1.196488
3568 -1.000000 0.000000 0.000073 -1.298931 0.000000 1.000000 0.000000 0.000000 -0.000073 0.000000 -1.000000 1.187824
3569 -1.000000 0.000000 0.000024 -1.298926 0.000000 1.000000 0.000000 0.000000 -0.000024 0.000000 -1.000000 1.179271
3570 -1.000000 0.000000 0.000058 -1.298927 0.000000 1.000000 0.000000 0.000000 -0.000058 0.000000 -1.000000 1.170885
3571 -1.000000 0.000000 0.000091 -1.298928 0.000000 1.000000 0.000000 0.000000 -0.000091 0.000000 -1.000000 1.162498
3572 -1.000000 0.000000 0.000124 -1.298929 0.000000 1.000000 0.000000 0.000000 -0.000124 0.000000 -1.000000 1.154112
3573 -1.000000 0.000000 0.000158 -1.298930 0.000000 1.000000 0.000000 0.000000 -0.000158 0.000000 -1.000000 1.145725
3574 -1.000000 0.000000 0.000191 -1.298931 0.000000 1.000000 0.000000 0.000000 -0.000191 0.000000 -1.000000 1.137339
3575 -1.000000 0.000000 0.000224 -1.298931 0.000000 1.000000 0.000000 0.000000 -0.000224 0.000000 -1.000000 1.128952
3576 -1.000000 0.000000 0.000258 -1.298932 0.000000 1.000000 0.000000 0.000000 -0.000258 0.000000 -1.000000 1.120566
3577 -1.000000 0.000000 0.000291 -1.298933 0.000000 1.000000 0.000000 0.000000 -0.000291 0.000000 -1.000000 1.112179
3578 -1.000000 0.000000 0.000324 -1.298934 0.000000 1.000000 0.000000 0.000000 -0.000324 0.000000 -1.000000 1.103793
3579 -1.000000 0.000000 0.000358 -1.298935 0.000000 1.000000 0.000000 0.000000 -0.000358 0.000000 -1.000000 1.095406
3580 -1.000000 0.000000 0.000391 -1.298936 0.000000 1.000000 0.000000 0.000000 -0.000391 0.000000 -1.000000 1.087020
3581 -1.000000 0.000000 0.000404 -1.298933 0.000000 1.000000 0.000000 0.000000 -0.000404 0.000000 -1.000000 1.078620
3582 -1.000000 0.000000 0.000388 -1.298926 0.000000 1.000000 0.000000 0.000000 -0.000388 0.000000 -1.000000 1.070202
3583 -1.000000 0.000000 0.000371 -1.298918 0.000000 1.000000 0.000000 0.000000 -0.000371 0.000000 -1.000000 1.061783
3584 -1.000000 0.000000 0.000355 -1.298911 0.000000 1.000000 0.000000 0.000000 -0.000355 0.000000 -1.000000 1.053364
3585 -1.000000 0.000000 0.000338 -1.298903 0.000000 1.000000 0.000000 0.000000 -0.000338 0.000000 -1.000000 1.044946
3586 -1.000000 0.000000 0.000321 -1.298896 0.000000 1.000000 0.000000 0.000000 -0.000321 0.000000 -1.000000 1.036527
3587 -1.000000 0.000000 0.000305 -1.298888 0.000000 1.000000 0.000000 0.000000 -0.000305 0.000000 -1.000000 1.028108
3588 -1.000000 0.000000 0.000288 -1.298881 0.000000 1.000000 0.000000 0.000000 -0.000288 0.000000 -1.000000 1.019689
3589 -1.000000 0.000000 0.000271 -1.298873 0.000000 1.000000 0.000000 0.000000 -0.000271 0.000000 -1.000000 1.011271
3590 -1.000000 0.000000 0.000255 -1.298866 0.000000 1.000000 0.000000 0.000000 -0.000255 0.000000 -1.000000 1.002852
3591 -1.000000 0.000000 0.000238 -1.298858 0.000000 1.000000 0.000000 0.000000 -0.000238 0.000000 -1.000000 0.994434
3592 -1.000000 0.000000 0.000222 -1.298851 0.000000 1.000000 0.000000 0.000000 -0.000222 0.000000 -1.000000 0.986015
3593 -1.000000 0.000000 0.000190 -1.298847 0.000000 1.000000 0.000000 0.000000 -0.000190 0.000000 -1.000000 0.977615
3594 -1.000000 0.000000 0.000133 -1.298847 0.000000 1.000000 0.000000 0.000000 -0.000133 0.000000 -1.000000 0.969248
3595 -1.000000 0.000000 0.000075 -1.298848 0.000000 1.000000 0.000000 0.000000 -0.000075 0.000000 -1.000000 0.960882
3596 -1.000000 0.000000 0.000017 -1.298849 0.000000 1.000000 0.000000 0.000000 -0.000017 0.000000 -1.000000 0.952515
3597 -1.000000 0.000000 -0.000040 -1.298850 0.000000 1.000000 0.000000 0.000000 0.000040 0.000000 -1.000000 0.944148
3598 -1.000000 0.000000 -0.000098 -1.298851 0.000000 1.000000 0.000000 0.000000 0.000098 0.000000 -1.000000 0.935782
3599 -1.000000 0.000000 -0.000155 -1.298852 0.000000 1.000000 0.000000 0.000000 0.000155 0.000000 -1.000000 0.927415
3600 -1.000000 0.000000 -0.000213 -1.298852 0.000000 1.000000 0.000000 0.000000 0.000213 0.000000 -1.000000 0.919048
3601 -1.000000 0.000000 -0.000271 -1.298853 0.000000 1.000000 0.000000 0.000000 0.000271 0.000000 -1.000000 0.910682
3602 -1.000000 0.000000 -0.000328 -1.298854 0.000000 1.000000 0.000000 0.000000 0.000328 0.000000 -1.000000 0.902315
3603 -1.000000 0.000000 -0.000386 -1.298855 0.000000 1.000000 0.000000 0.000000 0.000386 0.000000 -1.000000 0.893949
3604 -1.000000 0.000000 -0.000443 -1.298856 0.000000 1.000000 0.000000 0.000000 0.000443 0.000000 -1.000000 0.885582
3605 -1.000000 0.000000 -0.000473 -1.298855 0.000000 1.000000 0.000000 0.000000 0.000473 0.000000 -1.000000 0.875887
3606 -1.000000 0.000000 -0.000398 -1.298848 0.000000 1.000000 0.000000 0.000000 0.000398 0.000000 -1.000000 0.861091
3607 -1.000000 0.000000 -0.000323 -1.298841 0.000000 1.000000 0.000000 0.000000 0.000323 0.000000 -1.000000 0.846294
3608 -1.000000 0.000000 -0.000248 -1.298834 0.000000 1.000000 0.000000 0.000000 0.000248 0.000000 -1.000000 0.831498
3609 -1.000000 0.000000 -0.000173 -1.298828 0.000000 1.000000 0.000000 0.000000 0.000173 0.000000 -1.000000 0.816701
3610 -1.000000 0.000000 -0.000098 -1.298821 0.000000 1.000000 0.000000 0.000000 0.000098 0.000000 -1.000000 0.801905
3611 -1.000000 0.000000 -0.000023 -1.298814 0.000000 1.000000 0.000000 0.000000 0.000023 0.000000 -1.000000 0.787108
3612 -1.000000 0.000000 0.000052 -1.298807 0.000000 1.000000 0.000000 0.000000 -0.000052 0.000000 -1.000000 0.772312
3613 -1.000000 0.000000 0.000127 -1.298800 0.000000 1.000000 0.000000 0.000000 -0.000127 0.000000 -1.000000 0.757515
3614 -1.000000 0.000000 0.000202 -1.298793 0.000000 1.000000 0.000000 0.000000 -0.000202 0.000000 -1.000000 0.742718
3615 -1.000000 0.000000 0.000277 -1.298786 0.000000 1.000000 0.000000 0.000000 -0.000277 0.000000 -1.000000 0.727922
3616 -1.000000 0.000000 0.000352 -1.298780 0.000000 1.000000 0.000000 0.000000 -0.000352 0.000000 -1.000000 0.713125
3617 -1.000000 0.000000 0.000369 -1.298776 0.000000 1.000000 0.000000 0.000000 -0.000369 0.000000 -1.000000 0.701040
3618 -1.000000 0.000000 0.000171 -1.298784 0.000000 1.000000 0.000000 0.000000 -0.000171 0.000000 -1.000000 0.699123
3619 -1.000000 0.000000 -0.000027 -1.298793 0.000000 1.000000 0.000000 0.000000 0.000027 0.000000 -1.000000 0.697207
3620 -1.000000 0.000000 -0.000226 -1.298801 0.000000 1.000000 0.000000 0.000000 0.000226 0.000000 -1.000000 0.695290
3621 -1.000000 0.000000 -0.000424 -1.298810 0.000000 1.000000 0.000000 0.000000 0.000424 0.000000 -1.000000 0.693374
3622 -1.000000 0.000000 -0.000622 -1.298818 0.000000 1.000000 0.000000 0.000000 0.000622 0.000000 -1.000000 0.691457
3623 -1.000000 0.000000 -0.000820 -1.298827 0.000000 1.000000 0.000000 0.000000 0.000820 0.000000 -1.000000 0.689541
3624 -0.999999 0.000000 -0.001019 -1.298835 0.000000 1.000000 0.000000 0.000000 0.001019 0.000000 -0.999999 0.687624
3625 -0.999999 0.000000 -0.001217 -1.298844 0.000000 1.000000 0.000000 0.000000 0.001217 0.000000 -0.999999 0.685708
3626 -0.999999 0.000000 -0.001415 -1.298852 0.000000 1.000000 0.000000 0.000000 0.001415 0.000000 -0.999999 0.683791
3627 -0.999999 0.000000 -0.001613 -1.298860 0.000000 1.000000 0.000000 0.000000 0.001613 0.000000 -0.999999 0.681875
3628 -0.999998 0.000000 -0.001812 -1.298869 0.000000 1.000000 0.000000 0.000000 0.001812 0.000000 -0.999998 0.679958
3629 -0.999998 0.000000 -0.001917 -1.298875 0.000000 1.000000 0.000000 0.000000 0.001917 0.000000 -0.999998 0.677408
3630 -0.999999 0.000000 -0.001235 -1.298859 0.000000 1.000000 0.000000 0.000000 0.001235 0.000000 -0.999999 0.669485
3631 -1.000000 0.000000 -0.000553 -1.298844 0.000000 1.000000 0.000000 0.000000 0.000553 0.000000 -1.000000 0.661562
3632 -1.000000 0.000000 0.000129 -1.298828 0.000000 1.000000 0.000000 0.000000 -0.000129 0.000000 -1.000000 0.653639
3633 -1.000000 0.000000 0.000812 -1.298812 0.000000 1.000000 0.000000 0.000000 -0.000812 0.000000 -1.000000 0.645716
3634 -0.999999 0.000000 0.001494 -1.298797 0.000000 1.000000 0.000000 0.000000 -0.001494 0.000000 -0.999999 0.637793
3635 -0.999998 0.000000 0.002176 -1.298781 0.000000 1.000000 0.000000 0.000000 -0.002176 0.000000 -0.999998 0.629870
3636 -0.999996 0.000000 0.002858 -1.298765 0.000000 1.000000 0.000000 0.000000 -0.002858 0.000000 -0.999996 0.621947
3637 -0.999994 0.000000 0.003540 -1.298750 0.000000 1.000000 0.000000 0.000000 -0.003540 0.000000 -0.999994 0.614024
3638 -0.999991 0.000000 0.004222 -1.298734 0.000000 1.000000 0.000000 0.000000 -0.004222 0.000000 -0.999991 0.606101
3639 -0.999988 0.000000 0.004905 -1.298718 0.000000 1.000000 0.000000 0.000000 -0.004905 0.000000 -0.999988 0.598178
3640 -0.999984 0.000000 0.005587 -1.298703 0.000000 1.000000 0.000000 0.000000 -0.005587 0.000000 -0.999984 0.590255
3641 -0.999980 0.000000 0.006269 -1.298687 0.000000 1.000000 0.000000 0.000000 -0.006269 0.000000 -0.999980 0.582332
3642 -0.999985 0.000000 0.005501 -1.298679 0.000000 1.000000 0.000000 0.000000 -0.005501 0.000000 -0.999985 0.575573
3643 -0.999989 0.000000 0.004637 -1.298671 0.000000 1.000000 0.000000 0.000000 -0.004637 0.000000 -0.999989 0.568890
3644 -0.999993 0.000000 0.003773 -1.298663 0.000000 1.000000 0.000000 0.000000 -0.003773 0.000000 -0.999993 0.562207
3645 -0.999996 0.000000 0.002910 -1.298656 0.000000 1.000000 0.000000 0.000000 -0.002910 0.000000 -0.999996 0.555524
3646 -0.999998 0.000000 0.002046 -1.298648 0.000000 1.000000 0.000000 0.000000 -0.002046 0.000000 -0.999998 0.548841
3647 -0.999999 0.000000 0.001182 -1.298640 0.000000 1.000000 0.000000 0.000000 -0.001182 0.000000 -0.999999 0.542158
3648 -1.000000 0.000000 0.000319 -1.298633 0.000000 1.000000 0.000000 0.000000 -0.000319 0.000000 -1.000000 0.535475
3649 -1.000000 0.000000 -0.000545 -1.298625 0.000000 1.000000 0.000000 0.000000 0.000545 0.000000 -1.000000 0.528792
3650 -0.999999 0.000000 -0.001409 -1.298617 0.000000 1.000000 0.000000 0.000000 0.001409 0.000000 -0.999999 0.522109
3651 -0.999997 0.000000 -0.002272 -1.298609 0.000000 1.000000 0.000000 0.000000 0.002272 0.000000 -0.999997 0.515426
3652 -0.999995 0.000000 -0.003136 -1.298602 0.000000 1.000000 0.000000 0.000000 0.003136 0.000000 -0.999995 0.508743
3653 -0.999992 0.000000 -0.003985 -1.298594 0.000000 1.000000 0.000000 0.000000 0.003985 0.000000 -0.999992 0.502081
3654 -0.999993 0.000000 -0.003653 -1.298611 0.000000 1.000000 0.000000 0.000000 0.003653 0.000000 -0.999993 0.497052
3655 -0.999994 0.000000 -0.003321 -1.298628 0.000000 1.000000 0.000000 0.000000 0.003321 0.000000 -0.999994 0.492023
3656 -0.999996 0.000000 -0.002989 -1.298646 0.000000 1.000000 0.000000 0.000000 0.002989 0.000000 -0.999996 0.486994
3657 -0.999996 0.000000 -0.002657 -1.298663 0.000000 1.000000 0.000000 0.000000 0.002657 0.000000 -0.999996 0.481966
3658 -0.999997 0.000000 -0.002325 -1.298680 0.000000 1.000000 0.000000 0.000000 0.002325 0.000000 -0.999997 0.476937
3659 -0.999998 0.000000 -0.001993 -1.298697 0.000000 1.000000 0.000000 0.000000 0.001993 0.000000 -0.999998 0.471908
3660 -0.999999 0.000000 -0.001661 -1.298714 0.000000 1.000000 0.000000 0.000000 0.001661 0.000000 -0.999999 0.466879
3661 -0.999999 0.000000 -0.001329 -1.298731 0.000000 1.000000 0.000000 0.000000 0.001329 0.000000 -0.999999 0.461850
3662 -1.000000 0.000000 -0.000997 -1.298748 0.000000 1.000000 0.000000 0.000000 0.000997 0.000000 -1.000000 0.456821
3663 -1.000000 0.000000 -0.000665 -1.298765 0.000000 1.000000 0.000000 0.000000 0.000665 0.000000 -1.000000 0.451792
3664 -1.000000 0.000000 -0.000334 -1.298782 0.000000 1.000000 0.000000 0.000000 0.000334 0.000000 -1.000000 0.446764
3665 -1.000000 0.000000 -0.000002 -1.298799 0.000000 1.000000 0.000000 0.000000 0.000002 0.000000 -1.000000 0.441735
3666 -1.000000 0.000000 -0.000077 -1.298800 0.000000 1.000000 0.000000 0.000000 0.000077 0.000000 -1.000000 0.438042
3667 -1.000000 0.000000 -0.000168 -1.298801 0.000000 1.000000 0.000000 0.000000 0.000168 0.000000 -1.000000 0.434402
3668 -1.000000 0.000000 -0.000260 -1.298801 0.000000 1.000000 0.000000 0.000000 0.000260 0.000000 -1.000000 0.430762
3669 -1.000000 0.000000 -0.000351 -1.298802 0.000000 1.000000 0.000000 0.000000 0.000351 0.000000 -1.000000 0.427122
3670 -1.000000 0.000000 -0.000443 -1.298802 0.000000 1.000000 0.000000 0.000000 0.000443 0.000000 -1.000000 0.423482
3671 -1.000000 0.000000 -0.000534 -1.298802 0.000000 1.000000 0.000000 0.000000 0.000534 0.000000 -1.000000 0.419842
3672 -1.000000 0.000000 -0.000625 -1.298803 0.000000 1.000000 0.000000 0.000000 0.000625 0.000000 -1.000000 0.416202
3673 -1.000000 0.000000 -0.000717 -1.298803 0.000000 1.000000 0.000000 0.000000 0.000717 0.000000 -1.000000 0.412562
3674 -1.000000 0.000000 -0.000808 -1.298803 0.000000 1.000000 0.000000 0.000000 0.000808 0.000000 -1.000000 0.408922
3675 -1.000000 0.000000 -0.000900 -1.298804 0.000000 1.000000 0.000000 0.000000 0.000900 0.000000 -1.000000 0.405282
3676 -1.000000 0.000000 -0.000991 -1.298804 0.000000 1.000000 0.000000 0.000000 0.000991 0.000000 -1.000000 0.401642
3677 -0.999999 0.000000 -0.001082 -1.298804 0.000000 1.000000 0.000000 0.000000 0.001082 0.000000 -0.999999 0.398003
3678 -1.000000 0.000000 -0.000859 -1.298797 0.000000 1.000000 0.000000 0.000000 0.000859 0.000000 -1.000000 0.395222
3679 -1.000000 0.000000 -0.000611 -1.298789 0.000000 1.000000 0.000000 0.000000 0.000611 0.000000 -1.000000 0.392507
3680 -1.000000 0.000000 -0.000364 -1.298781 0.000000 1.000000 0.000000 0.000000 0.000364 0.000000 -1.000000 0.389792
3681 -1.000000 0.000000 -0.000116 -1.298773 0.000000 1.000000 0.000000 0.000000 0.000116 0.000000 -1.000000 0.387077
3682 -1.000000 0.000000 0.000131 -1.298765 0.000000 1.000000 0.000000 0.000000 -0.000131 0.000000 -1.000000 0.384362
3683 -1.000000 0.000000 0.000379 -1.298757 0.000000 1.000000 0.000000 0.000000 -0.000379 0.000000 -1.000000 0.381648
3684 -1.000000 0.000000 0.000626 -1.298749 0.000000 1.000000 0.000000 0.000000 -0.000626 0.000000 -1.000000 0.378933
3685 -1.000000 0.000000 0.000874 -1.298741 0.000000 1.000000 0.000000 0.000000 -0.000874 0.000000 -1.000000 0.376218
3686 -0.999999 0.000000 0.001121 -1.298733 0.000000 1.000000 0.000000 0.000000 -0.001121 0.000000 -0.999999 0.373503
3687 -0.999999 0.000000 0.001369 -1.298725 0.000000 1.000000 0.000000 0.000000 -0.001369 0.000000 -0.999999 0.370788
3688 -0.999999 0.000000 0.001617 -1.298717 0.000000 1.000000 0.000000 0.000000 -0.001617 0.000000 -0.999999 0.368073
3689 -0.999998 0.000000 0.001864 -1.298709 0.000000 1.000000 0.000000 0.000000 -0.001864 0.000000 -0.999998 0.365358
3690 -0.999999 0.000000 0.001539 -1.298715 0.000000 1.000000 0.000000 0.000000 -0.001539 0.000000 -0.999999 0.363114
3691 -0.999999 0.000000 0.001081 -1.298723 0.000000 1.000000 0.000000 0.000000 -0.001081 0.000000 -0.999999 0.360980
3692 -1.000000 0.000000 0.000622 -1.298732 0.000000 1.000000 0.000000 0.000000 -0.000622 0.000000 -1.000000 0.358846
3693 -1.000000 0.000000 0.000164 -1.298740 0.000000 1.000000 0.000000 0.000000 -0.000164 0.000000 -1.000000 0.356712
3694 -1.000000 0.000000 -0.000295 -1.298749 0.000000 1.000000 0.000000 0.000000 0.000295 0.000000 -1.000000 0.354578
3695 -1.000000 0.000000 -0.000753 -1.298757 0.000000 1.000000 0.000000 0.000000 0.000753 0.000000 -1.000000 0.352443
3696 -0.999999 0.000000 -0.001212 -1.298766 0.000000 1.000000 0.000000 0.000000 0.001212 0.000000 -0.999999 0.350309
3697 -0.999999 0.000000 -0.001670 -1.298775 0.000000 1.000000 0.000000 0.000000 0.001670 0.000000 -0.999999 0.348175
3698 -0.999998 0.000000 -0.002129 -1.298783 0.000000 1.000000 0.000000 0.000000 0.002129 0.000000 -0.999998 0.346041
3699 -0.999997 0.000000 -0.002587 -1.298792 0.000000 1.000000 0.000000 0.000000 0.002587 0.000000 -0.999997 0.343907
3700 -0.999995 0.000000 -0.003046 -1.298800 0.000000 1.000000 0.000000 0.000000 0.003046 0.000000 -0.999995 0.341773
3701 -0.999994 0.000000 -0.003504 -1.298809 0.000000 1.000000 0.000000 0.000000 0.003504 0.000000 -0.999994 0.339639
3702 -0.999994 0.000000 -0.003589 -1.298811 0.000000 1.000000 0.000000 0.000000 0.003589 0.000000 -0.999994 0.337871
3703 -0.999994 0.000000 -0.003589 -1.298811 0.000000 1.000000 0.000000 0.000000 0.003589 0.000000 -0.999994 0.336186
3704 -0.999994 0.000000 -0.003589 -1.298811 0.000000 1.000000 0.000000 0.000000 0.003589 0.000000 -0.999994 0.334501
3705 -0.999994 0.000000 -0.003589 -1.298811 0.000000 1.000000 0.000000 0.000000 0.003589 0.000000 -0.999994 0.332816
3706 -0.999994 0.000000 -0.003589 -1.298811 0.000000 1.000000 0.000000 0.000000 0.003589 0.000000 -0.999994 0.331131
3707 -0.999994 0.000000 -0.003589 -1.298811 0.000000 1.000000 0.000000 0.000000 0.003589 0.000000 -0.999994 0.329446
3708 -0.999994 0.000000 -0.003589 -1.298812 0.000000 1.000000 0.000000 0.000000 0.003589 0.000000 -0.999994 0.327762
3709 -0.999994 0.000000 -0.003589 -1.298812 0.000000 1.000000 0.000000 0.000000 0.003589 0.000000 -0.999994 0.326077
3710 -0.999994 0.000000 -0.003589 -1.298812 0.000000 1.000000 0.000000 0.000000 0.003589 0.000000 -0.999994 0.324392
3711 -0.999994 0.000000 -0.003589 -1.298812 0.000000 1.000000 0.000000 0.000000 0.003589 0.000000 -0.999994 0.322707
3712 -0.999994 0.000000 -0.003589 -1.298812 0.000000 1.000000 0.000000 0.000000 0.003589 0.000000 -0.999994 0.321022
3713 -0.999994 0.000000 -0.003589 -1.298812 0.000000 1.000000 0.000000 0.000000 0.003589 0.000000 -0.999994 0.319337
3714 -0.999993 0.000000 -0.003788 -1.298820 0.000000 1.000000 0.000000 0.000000 0.003788 0.000000 -0.999993 0.317759
3715 -0.999991 0.000000 -0.004211 -1.298838 0.000000 1.000000 0.000000 0.000000 0.004211 0.000000 -0.999991 0.316303
3716 -0.999989 0.000000 -0.004635 -1.298855 0.000000 1.000000 0.000000 0.000000 0.004635 0.000000 -0.999989 0.314846
3717 -0.999987 0.000000 -0.005058 -1.298872 0.000000 1.000000 0.000000 0.000000 0.005058 0.000000 -0.999987 0.313389
3718 -0.999985 0.000000 -0.005482 -1.298889 0.000000 1.000000 0.000000 0.000000 0.005482 0.000000 -0.999985 0.311933
3719 -0.999983 0.000000 -0.005905 -1.298906 0.000000 1.000000 0.000000 0.000000 0.005905 0.000000 -0.999983 0.310476
3720 -0.999980 0.000000 -0.006329 -1.298923 0.000000 1.000000 0.000000 0.000000 0.006329 0.000000 -0.999980 0.309019
3721 -0.999977 0.000000 -0.006752 -1.298940 0.000000 1.000000 0.000000 0.000000 0.006752 0.000000 -0.999977 0.307562
3722 -0.999974 0.000000 -0.007175 -1.298957 0.000000 1.000000 0.000000 0.000000 0.007175 0.000000 -0.999974 0.306106
3723 -0.999971 0.000000 -0.007599 -1.298974 0.000000 1.000000 0.000000 0.000000 0.007599 0.000000 -0.999971 0.304649
3724 -0.999968 0.000000 -0.008022 -1.298991 0.000000 1.000000 0.000000 0.000000 0.008022 0.000000 -0.999968 0.303192
3725 -0.999964 0.000000 -0.008446 -1.299008 0.000000 1.000000 0.000000 0.000000 0.008446 0.000000 -0.999964 0.301736
3726 -0.999963 0.000000 -0.008594 -1.299020 0.000000 1.000000 0.000000 0.000000 0.008594 0.000000 -0.999963 0.300515
3727 -0.999963 0.000000 -0.008603 -1.299028 0.000000 1.000000 0.000000 0.000000 0.008603 0.000000 -0.999963 0.299415
3728 -0.999963 0.000000 -0.008611 -1.299037 0.000000 1.000000 0.000000 0.000000 0.008611 0.000000 -0.999963 0.298315
3729 -0.999963 0.000000 -0.008619 -1.299045 0.000000 1.000000 0.000000 0.000000 0.008619 0.000000 -0.999963 0.297214
3730 -0.999963 0.000000 -0.008628 -1.299054 0.000000 1.000000 0.000000 0.000000 0.008628 0.000000 -0.999963 0.296114
3731 -0.999963 0.000000 -0.008636 -1.299062 0.000000 1.000000 0.000000 0.000000 0.008636 0.000000 -0.999963 0.295014
3732 -0.999963 0.000000 -0.008644 -1.299070 0.000000 1.000000 0.000000 0.000000 0.008644 0.000000 -0.999963 0.293914
3733 -0.999963 0.000000 -0.008653 -1.299079 0.000000 1.000000 0.000000 0.000000 0.008653 0.000000 -0.999963 0.292814
3734 -0.999962 0.000000 -0.008661 -1.299087 0.000000 1.000000 0.000000 0.000000 0.008661 0.000000 -0.999962 0.291714
3735 -0.999962 0.000000 -0.008669 -1.299096 0.000000 1.000000 0.000000 0.000000 0.008669 0.000000 -0.999962 0.290613
3736 -0.999962 0.000000 -0.008678 -1.299104 0.000000 1.000000 0.000000 0.000000 0.008678 0.000000 -0.999962 0.289513
3737 -0.999962 0.000000 -0.008686 -1.299113 0.000000 1.000000 0.000000 0.000000 0.008686 0.000000 -0.999962 0.288413
3738 -0.999964 0.000000 -0.008471 -1.299116 0.000000 1.000000 0.000000 0.000000 0.008471 0.000000 -0.999964 0.287368
3739 -0.999967 0.000000 -0.008143 -1.299116 0.000000 1.000000 0.000000 0.000000 0.008143 0.000000 -0.999967 0.286352
3740 -0.999969 0.000000 -0.007815 -1.299116 0.000000 1.000000 0.000000 0.000000 0.007815 0.000000 -0.999969 0.285335
3741 -0.999972 0.000000 -0.007487 -1.299116 0.000000 1.000000 0.000000 0.000000 0.007487 0.000000 -0.999972 0.284318
3742 -0.999974 0.000000 -0.007159 -1.299116 0.000000 1.000000 0.000000 0.000000 0.007159 0.000000 -0.999974 0.283302
3743 -0.999977 0.000000 -0.006831 -1.299116 0.000000 1.000000 0.000000 0.000000 0.006831 0.000000 -0.999977 0.282285
3744 -0.999979 0.000000 -0.006503 -1.299116 0.000000 1.000000 0.000000 0.000000 0.006503 0.000000 -0.999979 0.281268
3745 -0.999981 0.000000 -0.006175 -1.299116 0.000000 1.000000 0.000000 0.000000 0.006175 0.000000 -0.999981 0.280252
3746 -0.999983 0.000000 -0.005848 -1.299116 0.000000 1.000000 0.000000 0.000000 0.005848 0.000000 -0.999983 0.279235
3747 -0.999985 0.000000 -0.005520 -1.299116 0.000000 1.000000 0.000000 0.000000 0.005520 0.000000 -0.999985 0.278218
3748 -0.999987 0.000000 -0.005192 -1.299117 0.000000 1.000000 0.000000 0.000000 0.005192 0.000000 -0.999987 0.277202
3749 -0.999988 0.000000 -0.004864 -1.299117 0.000000 1.000000 0.000000 0.000000 0.004864 0.000000 -0.999988 0.276185
3750 -0.999989 0.000000 -0.004775 -1.299132 0.000000 1.000000 0.000000 0.000000 0.004775 0.000000 -0.999989 0.275157
3751 -0.999988 0.000000 -0.004960 -1.299166 0.000000 1.000000 0.000000 0.000000 0.004960 0.000000 -0.999988 0.274116
3752 -0.999987 0.000000 -0.005145 -1.299200 0.000000 1.000000 0.000000 0.000000 0.005145 0.000000 -0.999987 0.273075
3753 -0.999986 0.000000 -0.005329 -1.299234 0.000000 1.000000 0.000000 0.000000 0.005329 0.000000 -0.999986 0.272033
3754 -0.999985 0.000000 -0.005514 -1.299267 0.000000 1.000000 0.000000 0.000000 0.005514 0.000000 -0.999985 0.270992
3755 -0.999984 0.000000 -0.005699 -1.299301 0.000000 1.000000 0.000000 0.000000 0.005699 0.000000 -0.999984 0.269951
3756 -0.999983 0.000000 -0.005884 -1.299335 0.000000 1.000000 0.000000 0.000000 0.005884 0.000000 -0.999983 0.268910
3757 -0.999982 0.000000 -0.006068 -1.299368 0.000000 1.000000 0.000000 0.000000 0.006068 0.000000 -0.999982 0.267869
3758 -0.999980 0.000000 -0.006253 -1.299402 0.000000 1.000000 0.000000 0.000000 0.006253 0.000000 -0.999980 0.266827
3759 -0.999979 0.000000 -0.006438 -1.299436 0.000000 1.000000 0.000000 0.000000 0.006438 0.000000 -0.999979 0.265786
3760 -0.999978 0.000000 -0.006623 -1.299469 0.000000 1.000000 0.000000 0.000000 0.006623 0.000000 -0.999978 0.264745
3761 -0.999977 0.000000 -0.006807 -1.299503 0.000000 1.000000 0.000000 0.000000 0.006807 0.000000 -0.999977 0.263704
3762 -0.999976 0.000000 -0.006921 -1.299509 0.000000 1.000000 0.000000 0.000000 0.006921 0.000000 -0.999976 0.262674
3763 -0.999976 0.000000 -0.006979 -1.299492 0.000000 1.000000 0.000000 0.000000 0.006979 0.000000 -0.999976 0.261652
3764 -0.999975 0.000000 -0.007036 -1.299476 0.000000 1.000000 0.000000 0.000000 0.007036 0.000000 -0.999975 0.260631
3765 -0.999975 0.000000 -0.007094 -1.299460 0.000000 1.000000 0.000000 0.000000 0.007094 0.000000 -0.999975 0.259610
3766 -0.999974 0.000000 -0.007152 -1.299443 0.000000 1.000000 0.000000 0.000000 0.007152 0.000000 -0.999974 0.258589
3767 -0.999974 0.000000 -0.007209 -1.299427 0.000000 1.000000 0.000000 0.000000 0.007209 0.000000 -0.999974 0.257567
3768 -0.999974 0.000000 -0.007267 -1.299411 0.000000 1.000000 0.000000 0.000000 0.007267 0.000000 -0.999974 0.256546
3769 -0.999973 0.000000 -0.007325 -1.299394 0.000000 1.000000 0.000000 0.000000 0.007325 0.000000 -0.999973 0.255525
3770 -0.999973 0.000000 -0.007382 -1.299378 0.000000 1.000000 0.000000 0.000000 0.007382 0.000000 -0.999973 0.254504
3771 -0.999972 0.000000 -0.007440 -1.299362 0.000000 1.000000 0.000000 0.000000 0.007440 0.000000 -0.999972 0.253482
3772 -0.999972 0.000000 -0.007498 -1.299345 0.000000 1.000000 0.000000 0.000000 0.007498 0.000000 -0.999972 0.252461
3773 -0.999971 0.000000 -0.007555 -1.299329 0.000000 1.000000 0.000000 0.000000 0.007555 0.000000 -0.999971 0.251440
3774 -0.999972 0.000000 -0.007457 -1.299323 0.000000 1.000000 0.000000 0.000000 0.007457 0.000000 -0.999972 0.250402
3775 -0.999975 0.000000 -0.007139 -1.299331 0.000000 1.000000 0.000000 0.000000 0.007139 0.000000 -0.999975 0.249340
3776 -0.999977 0.000000 -0.006822 -1.299340 0.000000 1.000000 0.000000 0.000000 0.006822 0.000000 -0.999977 0.248279
3777 -0.999979 0.000000 -0.006504 -1.299348 0.000000 1.000000 0.000000 0.000000 0.006504 0.000000 -0.999979 0.247218
3778 -0.999981 0.000000 -0.006186 -1.299357 0.000000 1.000000 0.000000 0.000000 0.006186 0.000000 -0.999981 0.246156
3779 -0.999983 0.000000 -0.005869 -1.299365 0.000000 1.000000 0.000000 0.000000 0.005869 0.000000 -0.999983 0.245095
3780 -0.999985 0.000000 -0.005551 -1.299374 0.000000 1.000000 0.000000 0.000000 0.005551 0.000000 -0.999985 0.244034
3781 -0.999986 0.000000 -0.005234 -1.299382 0.000000 1.000000 0.000000 0.000000 0.005234 0.000000 -0.999986 0.242972
3782 -0.999988 0.000000 -0.004916 -1.299390 0.000000 1.000000 0.000000 0.000000 0.004916 0.000000 -0.999988 0.241911
3783 -0.999989 0.000000 -0.004599 -1.299399 0.000000 1.000000 0.000000 0.000000 0.004599 0.000000 -0.999989 0.240850
3784 -0.999991 0.000000 -0.004281 -1.299407 0.000000 1.000000 0.000000 0.000000 0.004281 0.000000 -0.999991 0.239788
3785 -0.999992 0.000000 -0.003964 -1.299416 0.000000 1.000000 0.000000 0.000000 0.003964 0.000000 -0.999992 0.238727
3786 -0.999992 0.000000 -0.003878 -1.299421 0.000000 1.000000 0.000000 0.000000 0.003878 0.000000 -0.999992 0.237657
3787 -0.999992 0.000000 -0.004076 -1.299421 0.000000 1.000000 0.000000 0.000000 0.004076 0.000000 -0.999992 0.236575
3788 -0.999991 0.000000 -0.004274 -1.299421 0.000000 1.000000 0.000000 0.000000 0.004274 0.000000 -0.999991 0.235494
3789 -0.999990 0.000000 -0.004473 -1.299421 0.000000 1.000000 0.000000 0.000000 0.004473 0.000000 -0.999990 0.234413
3790 -0.999989 0.000000 -0.004671 -1.299421 0.000000 1.000000 0.000000 0.000000 0.004671 0.000000 -0.999989 0.233331
3791 -0.999988 0.000000 -0.004869 -1.299421 0.000000 1.000000 0.000000 0.000000 0.004869 0.000000 -0.999988 0.232250
3792 -0.999987 0.000000 -0.005067 -1.299421 0.000000 1.000000 0.000000 0.000000 0.005067 0.000000 -0.999987 0.231169
3793 -0.999986 0.000000 -0.005265 -1.299421 0.000000 1.000000 0.000000 0.000000 0.005265 0.000000 -0.999986 0.230087
3794 -0.999985 0.000000 -0.005463 -1.299421 0.000000 1.000000 0.000000 0.000000 0.005463 0.000000 -0.999985 0.229006
3795 -0.999984 0.000000 -0.005661 -1.299422 0.000000 1.000000 0.000000 0.000000 0.005661 0.000000 -0.999984 0.227924
3796 -0.999983 0.000000 -0.005859 -1.299422 0.000000 1.000000 0.000000 0.000000 0.005859 0.000000 -0.999983 0.226843
3797 -0.999982 0.000000 -0.006057 -1.299422 0.000000 1.000000 0.000000 0.000000 0.006057 0.000000 -0.999982 0.225762
3798 -0.999981 0.000000 -0.006166 -1.299425 0.000000 1.000000 0.000000 0.000000 0.006166 0.000000 -0.999981 0.224659
3799 -0.999981 0.000000 -0.006100 -1.299433 0.000000 1.000000 0.000000 0.000000 0.006100 0.000000 -0.999981 0.223515
3800 -0.999982 0.000000 -0.006033 -1.299442 0.000000 1.000000 0.000000 0.000000 0.006033 0.000000 -0.999982 0.222370
3801 -0.999982 0.000000 -0.005966 -1.299450 0.000000 1.000000 0.000000 0.000000 0.005966 0.000000 -0.999982 0.221226
3802 -0.999983 0.000000 -0.005899 -1.299459 0.000000 1.000000 0.000000 0.000000 0.005899 0.000000 -0.999983 0.220082
3803 -0.999983 0.000000 -0.005832 -1.299467 0.000000 1.000000 0.000000 0.000000 0.005832 0.000000 -0.999983 0.218937
3804 -0.999983 0.000000 -0.005766 -1.299475 0.000000 1.000000 0.000000 0.000000 0.005766 0.000000 -0.999983 0.217793
3805 -0.999984 0.000000 -0.005699 -1.299484 0.000000 1.000000 0.000000 0.000000 0.005699 0.000000 -0.999984 0.216649
3806 -0.999984 0.000000 -0.005632 -1.299492 0.000000 1.000000 0.000000 0.000000 0.005632 0.000000 -0.999984 0.215504
3807 -0.999985 0.000000 -0.005565 -1.299501 0.000000 1.000000 0.000000 0.000000 0.005565 0.000000 -0.999985 0.214360
3808 -0.999985 0.000000 -0.005498 -1.299509 0.000000 1.000000 0.000000 0.000000 0.005498 0.000000 -0.999985 0.213216
3809 -0.999985 0.000000 -0.005431 -1.299518 0.000000 1.000000 0.000000 0.000000 0.005431 0.000000 -0.999985 0.212071
3810 -0.999985 0.000000 -0.005386 -1.299526 0.000000 1.000000 0.000000 0.000000 0.005386 0.000000 -0.999985 0.210982
3811 -0.999986 0.000000 -0.005378 -1.299535 0.000000 1.000000 0.000000 0.000000 0.005378 0.000000 -0.999986 0.209990
3812 -0.999986 0.000000 -0.005369 -1.299543 0.000000 1.000000 0.000000 0.000000 0.005369 0.000000 -0.999986 0.208998
3813 -0.999986 0.000000 -0.005361 -1.299551 0.000000 1.000000 0.000000 0.000000 0.005361 0.000000 -0.999986 0.208005
3814 -0.999986 0.000000 -0.005353 -1.299560 0.000000 1.000000 0.000000 0.000000 0.005353 0.000000 -0.999986 0.207013
3815 -0.999986 0.000000 -0.005345 -1.299568 0.000000 1.000000 0.000000 0.000000 0.005345 0.000000 -0.999986 0.206021
3816 -0.999986 0.000000 -0.005336 -1.299576 0.000000 1.000000 0.000000 0.000000 0.005336 0.000000 -0.999986 0.205028
3817 -0.999986 0.000000 -0.005328 -1.299585 0.000000 1.000000 0.000000 0.000000 0.005328 0.000000 -0.999986 0.204036
3818 -0.999986 0.000000 -0.005320 -1.299593 0.000000 1.000000 0.000000 0.000000 0.005320 0.000000 -0.999986 0.203044
3819 -0.999986 0.000000 -0.005312 -1.299602 0.000000 1.000000 0.000000 0.000000 0.005312 0.000000 -0.999986 0.202051
3820 -0.999986 0.000000 -0.005303 -1.299610 0.000000 1.000000 0.000000 0.000000 0.005303 0.000000 -0.999986 0.201059
3821 -0.999986 0.000000 -0.005295 -1.299618 0.000000 1.000000 0.000000 0.000000 0.005295 0.000000 -0.999986 0.200067
3822 -0.999986 0.000000 -0.005282 -1.299624 0.000000 1.000000 0.000000 0.000000 0.005282 0.000000 -0.999986 0.199097
3823 -0.999986 0.000000 -0.005257 -1.299624 0.000000 1.000000 0.000000 0.000000 0.005257 0.000000 -0.999986 0.198189
3824 -0.999986 0.000000 -0.005232 -1.299625 0.000000 1.000000 0.000000 0.000000 0.005232 0.000000 -0.999986 0.197281
3825 -0.999986 0.000000 -0.005207 -1.299625 0.000000 1.000000 0.000000 0.000000 0.005207 0.000000 -0.999986 0.196373
3826 -0.999987 0.000000 -0.005182 -1.299625 0.000000 1.000000 0.000000 0.000000 0.005182 0.000000 -0.999987 0.195465
3827 -0.999987 0.000000 -0.005157 -1.299625 0.000000 1.000000 0.000000 0.000000 0.005157 0.000000 -0.999987 0.194557
3828 -0.999987 0.000000 -0.005132 -1.299625 0.000000 1.000000 0.000000 0.000000 0.005132 0.000000 -0.999987 0.193649
3829 -0.999987 0.000000 -0.005107 -1.299625 0.000000 1.000000 0.000000 0.000000 0.005107 0.000000 -0.999987 0.192741
3830 -0.999987 0.000000 -0.005082 -1.299625 0.000000 1.000000 0.000000 0.000000 0.005082 0.000000 -0.999987 0.191833
3831 -0.999987 0.000000 -0.005057 -1.299625 0.000000 1.000000 0.000000 0.000000 0.005057 0.000000 -0.999987 0.190925
3832 -0.999987 0.000000 -0.005032 -1.299625 0.000000 1.000000 0.000000 0.000000 0.005032 0.000000 -0.999987 0.190017
3833 -0.999987 0.000000 -0.005007 -1.299625 0.000000 1.000000 0.000000 0.000000 0.005007 0.000000 -0.999987 0.189109
3834 -0.999988 0.000000 -0.004940 -1.299628 0.000000 1.000000 0.000000 0.000000 0.004940 0.000000 -0.999988 0.188182
3835 -0.999989 0.000000 -0.004758 -1.299636 0.000000 1.000000 0.000000 0.000000 0.004758 0.000000 -0.999989 0.187203
3836 -0.999990 0.000000 -0.004575 -1.299644 0.000000 1.000000 0.000000 0.000000 0.004575 0.000000 -0.999990 0.186224
3837 -0.999990 0.000000 -0.004393 -1.299653 0.000000 1.000000 0.000000 0.000000 0.004393 0.000000 -0.999990 0.185245
3838 -0.999991 0.000000 -0.004210 -1.299661 0.000000 1.000000 0.000000 0.000000 0.004210 0.000000 -0.999991 0.184266
3839 -0.999992 0.000000 -0.004028 -1.299670 0.000000 1.000000 0.000000 0.000000 0.004028 0.000000 -0.999992 0.183287
3840 -0.999993 0.000000 -0.003845 -1.299678 0.000000 1.000000 0.000000 0.000000 0.003845 0.000000 -0.999993 0.182308
3841 -0.999993 0.000000 -0.003663 -1.299686 0.000000 1.000000 0.000000 0.000000 0.003663 0.000000 -0.999993 0.181329
3842 -0.999994 0.000000 -0.003480 -1.299695 0.000000 1.000000 0.000000 0.000000 0.003480 0.000000 -0.999994 0.180350
3843 -0.999995 0.000000 -0.003297 -1.299703 0.000000 1.000000 0.000000 0.000000 0.003297 0.000000 -0.999995 0.179371
3844 -0.999995 0.000000 -0.003115 -1.299712 0.000000 1.000000 0.000000 0.000000 0.003115 0.000000 -0.999995 0.178392
3845 -0.999996 0.000000 -0.002932 -1.299720 0.000000 1.000000 0.000000 0.000000 0.002932 0.000000 -0.999996 0.177413
3846 -0.999996 0.000000 -0.002780 -1.299727 0.000000 1.000000 0.000000 0.000000 0.002780 0.000000 -0.999996 0.176457
3847 -0.999996 0.000000 -0.002739 -1.299727 0.000000 1.000000 0.000000 0.000000 0.002739 0.000000 -0.999996 0.175586
3848 -0.999996 0.000000 -0.002697 -1.299727 0.000000 1.000000 0.000000 0.000000 0.002697 0.000000 -0.999996 0.174715
3849 -0.999996 0.000000 -0.002656 -1.299727 0.000000 1.000000 0.000000 0.000000 0.002656 0.000000 -0.999996 0.173843
3850 -0.999997 0.000000 -0.002614 -1.299727 0.000000 1.000000 0.000000 0.000000 0.002614 0.000000 -0.999997 0.172972
3851 -0.999997 0.000000 -0.002573 -1.299727 0.000000 1.000000 0.000000 0.000000 0.002573 0.000000 -0.999997 0.172101
3852 -0.999997 0.000000 -0.002531 -1.299727 0.000000 1.000000 0.000000 0.000000 0.002531 0.000000 -0.999997 0.171230
3853 -0.999997 0.000000 -0.002490 -1.299727 0.000000 1.000000 0.000000 0.000000 0.002490 0.000000 -0.999997 0.170358
3854 -0.999997 0.000000 -0.002448 -1.299727 0.000000 1.000000 0.000000 0.000000 0.002448 0.000000 -0.999997 0.169487
3855 -0.999997 0.000000 -0.002407 -1.299727 0.000000 1.000000 0.000000 0.000000 0.002407 0.000000 -0.999997 0.168616
3856 -0.999997 0.000000 -0.002365 -1.299728 0.000000 1.000000 0.000000 0.000000 0.002365 0.000000 -0.999997 0.167745
3857 -0.999997 0.000000 -0.002324 -1.299728 0.000000 1.000000 0.000000 0.000000 0.002324 0.000000 -0.999997 0.166873
3858 -0.999997 0.000000 -0.002310 -1.299728 0.000000 1.000000 0.000000 0.000000 0.002310 0.000000 -0.999997 0.166010
3859 -0.999997 0.000000 -0.002442 -1.299728 0.000000 1.000000 0.000000 0.000000 0.002442 0.000000 -0.999997 0.165190
3860 -0.999997 0.000000 -0.002573 -1.299728 0.000000 1.000000 0.000000 0.000000 0.002573 0.000000 -0.999997 0.164369
3861 -0.999996 0.000000 -0.002704 -1.299728 0.000000 1.000000 0.000000 0.000000 0.002704 0.000000 -0.999996 0.163548
3862 -0.999996 0.000000 -0.002836 -1.299728 0.000000 1.000000 0.000000 0.000000 0.002836 0.000000 -0.999996 0.162727
3863 -0.999996 0.000000 -0.002967 -1.299728 0.000000 1.000000 0.000000 0.000000 0.002967 0.000000 -0.999996 0.161906
3864 -0.999995 0.000000 -0.003098 -1.299728 0.000000 1.000000 0.000000 0.000000 0.003098 0.000000 -0.999995 0.161085
3865 -0.999995 0.000000 -0.003230 -1.299728 0.000000 1.000000 0.000000 0.000000 0.003230 0.000000 -0.999995 0.160264
3866 -0.999994 0.000000 -0.003361 -1.299728 0.000000 1.000000 0.000000 0.000000 0.003361 0.000000 -0.999994 0.159443
3867 -0.999994 0.000000 -0.003492 -1.299728 0.000000 1.000000 0.000000 0.000000 0.003492 0.000000 -0.999994 0.158623
3868 -0.999993 0.000000 -0.003624 -1.299729 0.000000 1.000000 0.000000 0.000000 0.003624 0.000000 -0.999993 0.157802
3869 -0.999993 0.000000 -0.003755 -1.299729 0.000000 1.000000 0.000000 0.000000 0.003755 0.000000 -0.999993 0.156981
3870 -0.999992 0.000000 -0.003886 -1.299729 0.000000 1.000000 0.000000 0.000000 0.003886 0.000000 -0.999992 0.156160
3871 -0.999993 0.000000 -0.003677 -1.299737 0.000000 1.000000 0.000000 0.000000 0.003677 0.000000 -0.999993 0.155318
3872 -0.999994 0.000000 -0.003460 -1.299745 0.000000 1.000000 0.000000 0.000000 0.003460 0.000000 -0.999994 0.154477
3873 -0.999995 0.000000 -0.003243 -1.299754 0.000000 1.000000 0.000000 0.000000 0.003243 0.000000 -0.999995 0.153635
3874 -0.999995 0.000000 -0.003026 -1.299762 0.000000 1.000000 0.000000 0.000000 0.003026 0.000000 -0.999995 0.152793
3875 -0.999996 0.000000 -0.002810 -1.299771 0.000000 1.000000 0.000000 0.000000 0.002810 0.000000 -0.999996 0.151951
3876 -0.999997 0.000000 -0.002593 -1.299779 0.000000 1.000000 0.000000 0.000000 0.002593 0.000000 -0.999997 0.151110
3877 -0.999997 0.000000 -0.002376 -1.299787 0.000000 1.000000 0.000000 0.000000 0.002376 0.000000 -0.999997 0.150268
3878 -0.999998 0.000000 -0.002160 -1.299796 0.000000 1.000000 0.000000 0.000000 0.002160 0.000000 -0.999998 0.149426
3879 -0.999998 0.000000 -0.001943 -1.299804 0.000000 1.000000 0.000000 0.000000 0.001943 0.000000 -0.999998 0.148584
3880 -0.999999 0.000000 -0.001726 -1.299813 0.000000 1.000000 0.000000 0.000000 0.001726 0.000000 -0.999999 0.147742
3881 -0.999999 0.000000 -0.001510 -1.299821 0.000000 1.000000 0.000000 0.000000 0.001510 0.000000 -0.999999 0.146901
3882 -0.999999 0.000000 -0.001293 -1.299830 0.000000 1.000000 0.000000 0.000000 0.001293 0.000000 -0.999999 0.146059
3883 -0.999999 0.000000 -0.001013 -1.299830 0.000000 1.000000 0.000000 0.000000 0.001013 0.000000 -0.999999 0.145508
3884 -1.000000 0.000000 -0.000733 -1.299830 0.000000 1.000000 0.000000 0.000000 0.000733 0.000000 -1.000000 0.144963
3885 -1.000000 0.000000 -0.000452 -1.299830 0.000000 1.000000 0.000000 0.000000 0.000452 0.000000 -1.000000 0.144418
3886 -1.000000 0.000000 -0.000172 -1.299830 0.000000 1.000000 0.000000 0.000000 0.000172 0.000000 -1.000000 0.143873
3887 -1.000000 0.000000 0.000109 -1.299830 0.000000 1.000000 0.000000 0.000000 -0.000109 0.000000 -1.000000 0.143327
3888 -1.000000 0.000000 0.000390 -1.299830 0.000000 1.000000 0.000000 0.000000 -0.000390 0.000000 -1.000000 0.142782
3889 -1.000000 0.000000 0.000670 -1.299830 0.000000 1.000000 0.000000 0.000000 -0.000670 0.000000 -1.000000 0.142237
3890 -1.000000 0.000000 0.000951 -1.299830 0.000000 1.000000 0.000000 0.000000 -0.000951 0.000000 -1.000000 0.141692
3891 -0.999999 0.000000 0.001231 -1.299830 0.000000 1.000000 0.000000 0.000000 -0.001231 0.000000 -0.999999 0.141147
3892 -0.999999 0.000000 0.001512 -1.299830 0.000000 1.000000 0.000000 0.000000 -0.001512 0.000000 -0.999999 0.140602
3893 -0.999998 0.000000 0.001793 -1.299830 0.000000 1.000000 0.000000 0.000000 -0.001793 0.000000 -0.999998 0.140056
3894 -0.999998 0.000000 0.002073 -1.299830 0.000000 1.000000 0.000000 0.000000 -0.002073 0.000000 -0.999998 0.139511
3895 -0.999998 0.000000 0.002202 -1.299830 0.000000 1.000000 0.000000 0.000000 -0.002202 0.000000 -0.999998 0.139239
3896 -0.999998 0.000000 0.002185 -1.299830 0.000000 1.000000 0.000000 0.000000 -0.002185 0.000000 -0.999998 0.139231
3897 -0.999998 0.000000 0.002168 -1.299830 0.000000 1.000000 0.000000 0.000000 -0.002168 0.000000 -0.999998 0.139222
3898 -0.999998 0.000000 0.002151 -1.299830 0.000000 1.000000 0.000000 0.000000 -0.002151 0.000000 -0.999998 0.139214
3899 -0.999998 0.000000 0.002134 -1.299830 0.000000 1.000000 0.000000 0.000000 -0.002134 0.000000 -0.999998 0.139205
3900 -0.999998 0.000000 0.002117 -1.299830 0.000000 1.000000 0.000000 0.000000 -0.002117 0.000000 -0.999998 0.139196
3901 -0.999998 0.000000 0.002100 -1.299830 0.000000 1.000000 0.000000 0.000000 -0.002100 0.000000 -0.999998 0.139188
3902 -0.999998 0.000000 0.002083 -1.299830 0.000000 1.000000 0.000000 0.000000 -0.002083 0.000000 -0.999998 0.139179
3903 -0.999998 0.000000 0.002065 -1.299830 0.000000 1.000000 0.000000 0.000000 -0.002065 0.000000 -0.999998 0.139171
3904 -0.999998 0.000000 0.002048 -1.299830 0.000000 1.000000 0.000000 0.000000 -0.002048 0.000000 -0.999998 0.139162
3905 -0.999998 0.000000 0.002031 -1.299830 0.000000 1.000000 0.000000 0.000000 -0.002031 0.000000 -0.999998 0.139154
3906 -0.999998 0.000000 0.002014 -1.299830 0.000000 1.000000 0.000000 0.000000 -0.002014 0.000000 -0.999998 0.139145
3907 -0.999998 0.000000 0.002011 -1.299830 0.000000 1.000000 0.000000 0.000000 -0.002011 0.000000 -0.999998 0.139144
3908 -0.999998 0.000000 0.002011 -1.299830 0.000000 1.000000 0.000000 0.000000 -0.002011 0.000000 -0.999998 0.139144
3909 -0.999998 0.000000 0.002011 -1.299830 0.000000 1.000000 0.000000 0.000000 -0.002011 0.000000 -0.999998 0.139144
3910 -0.999998 0.000000 0.002011 -1.299830 0.000000 1.000000 0.000000 0.000000 -0.002011 0.000000 -0.999998 0.139144
3911 -0.999998 0.000000 0.002011 -1.299830 0.000000 1.000000 0.000000 0.000000 -0.002011 0.000000 -0.999998 0.139144
3912 -0.999998 0.000000 0.002011 -1.299830 0.000000 1.000000 0.000000 0.000000 -0.002011 0.000000 -0.999998 0.139144
3913 -0.999998 0.000000 0.002011 -1.299830 0.000000 1.000000 0.000000 0.000000 -0.002011 0.000000 -0.999998 0.139144
3914 -0.999998 0.000000 0.002011 -1.299830 0.000000 1.000000 0.000000 0.000000 -0.002011 0.000000 -0.999998 0.139144
3915 -0.999998 0.000000 0.002011 -1.299830 0.000000 1.000000 0.000000 0.000000 -0.002011 0.000000 -0.999998 0.139144
3916 -0.999998 0.000000 0.002011 -1.299830 0.000000 1.000000 0.000000 0.000000 -0.002011 0.000000 -0.999998 0.139144
3917 -0.999998 0.000000 0.002011 -1.299830 0.000000 1.000000 0.000000 0.000000 -0.002011 0.000000 -0.999998 0.139144
3918 -0.999998 0.000000 0.002011 -1.299830 0.000000 1.000000 0.000000 0.000000 -0.002011 0.000000 -0.999998 0.139144
3919 -0.999998 0.000000 0.002011 -1.299830 0.000000 1.000000 0.000000 0.000000 -0.002011 0.000000 -0.999998 0.139144
3920 -0.999998 0.000000 0.002011 -1.299830 0.000000 1.000000 0.000000 0.000000 -0.002011 0.000000 -0.999998 0.139144
3921 -0.999998 0.000000 0.002011 -1.299830 0.000000 1.000000 0.000000 0.000000 -0.002011 0.000000 -0.999998 0.139144
3922 -0.999998 0.000000 0.002011 -1.299830 0.000000 1.000000 0.000000 0.000000 -0.002011 0.000000 -0.999998 0.139144
3923 -0.999998 0.000000 0.002011 -1.299830 0.000000 1.000000 0.000000 0.000000 -0.002011 0.000000 -0.999998 0.139144
3924 -0.999998 0.000000 0.002011 -1.299830 0.000000 1.000000 0.000000 0.000000 -0.002011 0.000000 -0.999998 0.139144
3925 -0.999998 0.000000 0.002011 -1.299830 0.000000 1.000000 0.000000 0.000000 -0.002011 0.000000 -0.999998 0.139144
3926 -0.999998 0.000000 0.002011 -1.299830 0.000000 1.000000 0.000000 0.000000 -0.002011 0.000000 -0.999998 0.139144
3927 -0.999998 0.000000 0.002011 -1.299830 0.000000 1.000000 0.000000 0.000000 -0.002011 0.000000 -0.999998 0.139144
3928 -0.999998 0.000000 0.002011 -1.299830 0.000000 1.000000 0.000000 0.000000 -0.002011 0.000000 -0.999998 0.139144
3929 -0.999998 0.000000 0.002011 -1.299830 0.000000 1.000000 0.000000 0.000000 -0.002011 0.000000 -0.999998 0.139144
3930 -0.999998 0.000000 0.002011 -1.299830 0.000000 1.000000 0.000000 0.000000 -0.002011 0.000000 -0.999998 0.139144
3931 -0.999998 0.000000 0.001997 -1.299830 0.000000 1.000000 0.000000 0.000000 -0.001997 0.000000 -0.999998 0.139150
3932 -0.999998 0.000000 0.001981 -1.299830 0.000000 1.000000 0.000000 0.000000 -0.001981 0.000000 -0.999998 0.139159
3933 -0.999998 0.000000 0.001964 -1.299830 0.000000 1.000000 0.000000 0.000000 -0.001964 0.000000 -0.999998 0.139167
3934 -0.999998 0.000000 0.001947 -1.299830 0.000000 1.000000 0.000000 0.000000 -0.001947 0.000000 -0.999998 0.139175
3935 -0.999998 0.000000 0.001931 -1.299830 0.000000 1.000000 0.000000 0.000000 -0.001931 0.000000 -0.999998 0.139184
3936 -0.999998 0.000000 0.001914 -1.299830 0.000000 1.000000 0.000000 0.000000 -0.001914 0.000000 -0.999998 0.139192
3937 -0.999998 0.000000 0.001897 -1.299830 0.000000 1.000000 0.000000 0.000000 -0.001897 0.000000 -0.999998 0.139201
3938 -0.999998 0.000000 0.001880 -1.299830 0.000000 1.000000 0.000000 0.000000 -0.001880 0.000000 -0.999998 0.139209
3939 -0.999998 0.000000 0.001864 -1.299830 0.000000 1.000000 0.000000 0.000000 -0.001864 0.000000 -0.999998 0.139217
3940 -0.999998 0.000000 0.001847 -1.299830 0.000000 1.000000 0.000000 0.000000 -0.001847 0.000000 -0.999998 0.139226
3941 -0.999998 0.000000 0.001830 -1.299830 0.000000 1.000000 0.000000 0.000000 -0.001830 0.000000 -0.999998 0.139234
3942 -0.999998 0.000000 0.001813 -1.299830 0.000000 1.000000 0.000000 0.000000 -0.001813 0.000000 -0.999998 0.139242
3943 -0.999998 0.000000 0.001811 -1.299830 0.000000 1.000000 0.000000 0.000000 -0.001811 0.000000 -0.999998 0.139244
3944 -0.999998 0.000000 0.001811 -1.299830 0.000000 1.000000 0.000000 0.000000 -0.001811 0.000000 -0.999998 0.139244
3945 -0.999998 0.000000 0.001811 -1.299830 0.000000 1.000000 0.000000 0.000000 -0.001811 0.000000 -0.999998 0.139244
3946 -0.999998 0.000000 0.001811 -1.299830 0.000000 1.000000 0.000000 0.000000 -0.001811 0.000000 -0.999998 0.139244
3947 -0.999998 0.000000 0.001811 -1.299830 0.000000 1.000000 0.000000 0.000000 -0.001811 0.000000 -0.999998 0.139244
3948 -0.999998 0.000000 0.001811 -1.299830 0.000000 1.000000 0.000000 0.000000 -0.001811 0.000000 -0.999998 0.139244
3949 -0.999998 0.000000 0.001811 -1.299830 0.000000 1.000000 0.000000 0.000000 -0.001811 0.000000 -0.999998 0.139244
3950 -0.999998 0.000000 0.001811 -1.299830 0.000000 1.000000 0.000000 0.000000 -0.001811 0.000000 -0.999998 0.139244
3951 -0.999998 0.000000 0.001811 -1.299830 0.000000 1.000000 0.000000 0.000000 -0.001811 0.000000 -0.999998 0.139244
3952 -0.999998 0.000000 0.001811 -1.299830 0.000000 1.000000 0.000000 0.000000 -0.001811 0.000000 -0.999998 0.139244
3953 -0.999998 0.000000 0.001811 -1.299830 0.000000 1.000000 0.000000 0.000000 -0.001811 0.000000 -0.999998 0.139244
3954 -0.999998 0.000000 0.001811 -1.299830 0.000000 1.000000 0.000000 0.000000 -0.001811 0.000000 -0.999998 0.139244
3955 -0.999998 0.000000 0.001824 -1.299830 0.000000 1.000000 0.000000 0.000000 -0.001824 0.000000 -0.999998 0.139244
3956 -0.999998 0.000000 0.001841 -1.299830 0.000000 1.000000 0.000000 0.000000 -0.001841 0.000000 -0.999998 0.139244
3957 -0.999998 0.000000 0.001857 -1.299830 0.000000 1.000000 0.000000 0.000000 -0.001857 0.000000 -0.999998 0.139244
3958 -0.999998 0.000000 0.001874 -1.299830 0.000000 1.000000 0.000000 0.000000 -0.001874 0.000000 -0.999998 0.139244
3959 -0.999998 0.000000 0.001890 -1.299830 0.000000 1.000000 0.000000 0.000000 -0.001890 0.000000 -0.999998 0.139244
3960 -0.999998 0.000000 0.001907 -1.299830 0.000000 1.000000 0.000000 0.000000 -0.001907 0.000000 -0.999998 0.139244
3961 -0.999998 0.000000 0.001923 -1.299830 0.000000 1.000000 0.000000 0.000000 -0.001923 0.000000 -0.999998 0.139244
3962 -0.999998 0.000000 0.001940 -1.299830 0.000000 1.000000 0.000000 0.000000 -0.001940 0.000000 -0.999998 0.139244
3963 -0.999998 0.000000 0.001956 -1.299830 0.000000 1.000000 0.000000 0.000000 -0.001956 0.000000 -0.999998 0.139244
3964 -0.999998 0.000000 0.001973 -1.299830 0.000000 1.000000 0.000000 0.000000 -0.001973 0.000000 -0.999998 0.139244
3965 -0.999998 0.000000 0.001990 -1.299830 0.000000 1.000000 0.000000 0.000000 -0.001990 0.000000 -0.999998 0.139244
3966 -0.999998 0.000000 0.002006 -1.299830 0.000000 1.000000 0.000000 0.000000 -0.002006 0.000000 -0.999998 0.139244
3967 -0.999999 0.000000 0.001385 -1.299825 0.000000 1.000000 0.000000 0.000000 -0.001385 0.000000 -0.999999 0.139551
3968 -1.000000 0.000000 0.000497 -1.299817 0.000000 1.000000 0.000000 0.000000 -0.000497 0.000000 -1.000000 0.139987
3969 -1.000000 0.000000 -0.000391 -1.299808 0.000000 1.000000 0.000000 0.000000 0.000391 0.000000 -1.000000 0.140423
3970 -0.999999 0.000000 -0.001279 -1.299800 0.000000 1.000000 0.000000 0.000000 0.001279 0.000000 -0.999999 0.140859
3971 -0.999998 0.000000 -0.002167 -1.299792 0.000000 1.000000 0.000000 0.000000 0.002167 0.000000 -0.999998 0.141295
3972 -0.999995 0.000000 -0.003055 -1.299784 0.000000 1.000000 0.000000 0.000000 0.003055 0.000000 -0.999995 0.141731
3973 -0.999992 0.000000 -0.003943 -1.299776 0.000000 1.000000 0.000000 0.000000 0.003943 0.000000 -0.999992 0.142167
3974 -0.999988 0.000000 -0.004831 -1.299768 0.000000 1.000000 0.000000 0.000000 0.004831 0.000000 -0.999988 0.142602
3975 -0.999984 0.000000 -0.005719 -1.299760 0.000000 1.000000 0.000000 0.000000 0.005719 0.000000 -0.999984 0.143038
3976 -0.999978 0.000000 -0.006607 -1.299752 0.000000 1.000000 0.000000 0.000000 0.006607 0.000000 -0.999978 0.143474
3977 -0.999972 0.000000 -0.007495 -1.299743 0.000000 1.000000 0.000000 0.000000 0.007495 0.000000 -0.999972 0.143910
3978 -0.999965 0.000000 -0.008383 -1.299735 0.000000 1.000000 0.000000 0.000000 0.008383 0.000000 -0.999965 0.144346
3979 -0.999959 0.000000 -0.009016 -1.299727 0.000000 1.000000 0.000000 0.000000 0.009016 0.000000 -0.999959 0.145036
3980 -0.999959 0.000000 -0.009101 -1.299719 0.000000 1.000000 0.000000 0.000000 0.009101 0.000000 -0.999959 0.146274
3981 -0.999958 0.000000 -0.009185 -1.299710 0.000000 1.000000 0.000000 0.000000 0.009185 0.000000 -0.999958 0.147511
3982 -0.999957 0.000000 -0.009270 -1.299701 0.000000 1.000000 0.000000 0.000000 0.009270 0.000000 -0.999957 0.148749
3983 -0.999956 0.000000 -0.009355 -1.299693 0.000000 1.000000 0.000000 0.000000 0.009355 0.000000 -0.999956 0.149986
3984 -0.999955 0.000000 -0.009440 -1.299684 0.000000 1.000000 0.000000 0.000000 0.009440 0.000000 -0.999955 0.151223
3985 -0.999955 0.000000 -0.009524 -1.299676 0.000000 1.000000 0.000000 0.000000 0.009524 0.000000 -0.999955 0.152461
3986 -0.999954 0.000000 -0.009609 -1.299667 0.000000 1.000000 0.000000 0.000000 0.009609 0.000000 -0.999954 0.153698
3987 -0.999953 0.000000 -0.009694 -1.299658 0.000000 1.000000 0.000000 0.000000 0.009694 0.000000 -0.999953 0.154936
3988 -0.999952 0.000000 -0.009779 -1.299650 0.000000 1.000000 0.000000 0.000000 0.009779 0.000000 -0.999952 0.156173
3989 -0.999951 0.000000 -0.009863 -1.299641 0.000000 1.000000 0.000000 0.000000 0.009863 0.000000 -0.999951 0.157411
3990 -0.999951 0.000000 -0.009948 -1.299633 0.000000 1.000000 0.000000 0.000000 0.009948 0.000000 -0.999951 0.158648
3991 -0.999953 0.000000 -0.009741 -1.299624 0.000000 1.000000 0.000000 0.000000 0.009741 0.000000 -0.999953 0.160042
3992 -0.999957 0.000000 -0.009265 -1.299615 0.000000 1.000000 0.000000 0.000000 0.009265 0.000000 -0.999957 0.161581
3993 -0.999961 0.000000 -0.008788 -1.299607 0.000000 1.000000 0.000000 0.000000 0.008788 0.000000 -0.999961 0.163121
3994 -0.999965 0.000000 -0.008311 -1.299598 0.000000 1.000000 0.000000 0.000000 0.008311 0.000000 -0.999965 0.164660
3995 -0.999969 0.000000 -0.007834 -1.299590 0.000000 1.000000 0.000000 0.000000 0.007834 0.000000 -0.999969 0.166199
3996 -0.999973 0.000000 -0.007357 -1.299581 0.000000 1.000000 0.000000 0.000000 0.007357 0.000000 -0.999973 0.167739
3997 -0.999976 0.000000 -0.006880 -1.299573 0.000000 1.000000 0.000000 0.000000 0.006880 0.000000 -0.999976 0.169278
3998 -0.999979 0.000000 -0.006404 -1.299564 0.000000 1.000000 0.000000 0.000000 0.006404 0.000000 -0.999979 0.170817
3999 -0.999982 0.000000 -0.005927 -1.299556 0.000000 1.000000 0.000000 0.000000 0.005927 0.000000 -0.999982 0.172357
4000 -0.999985 0.000000 -0.005450 -1.299547 0.000000 1.000000 0.000000 0.000000 0.005450 0.000000 -0.999985 0.173896
4001 -0.999988 0.000000 -0.004973 -1.299539 0.000000 1.000000 0.000000 0.000000 0.004973 0.000000 -0.999988 0.175435
4002 -0.999990 0.000000 -0.004496 -1.299530 0.000000 1.000000 0.000000 0.000000 0.004496 0.000000 -0.999990 0.176974
4003 -0.999991 0.000000 -0.004201 -1.299522 0.000000 1.000000 0.000000 0.000000 0.004201 0.000000 -0.999991 0.178480
4004 -0.999992 0.000000 -0.004046 -1.299514 0.000000 1.000000 0.000000 0.000000 0.004046 0.000000 -0.999992 0.179959
4005 -0.999992 0.000000 -0.003891 -1.299505 0.000000 1.000000 0.000000 0.000000 0.003891 0.000000 -0.999992 0.181439
4006 -0.999993 0.000000 -0.003735 -1.299497 0.000000 1.000000 0.000000 0.000000 0.003735 0.000000 -0.999993 0.182918
4007 -0.999994 0.000000 -0.003580 -1.299489 0.000000 1.000000 0.000000 0.000000 0.003580 0.000000 -0.999994 0.184398
4008 -0.999994 0.000000 -0.003425 -1.299480 0.000000 1.000000 0.000000 0.000000 0.003425 0.000000 -0.999994 0.185877
4009 -0.999995 0.000000 -0.003269 -1.299472 0.000000 1.000000 0.000000 0.000000 0.003269 0.000000 -0.999995 0.187357
4010 -0.999995 0.000000 -0.003114 -1.299464 0.000000 1.000000 0.000000 0.000000 0.003114 0.000000 -0.999995 0.188836
4011 -0.999996 0.000000 -0.002959 -1.299455 0.000000 1.000000 0.000000 0.000000 0.002959 0.000000 -0.999996 0.190316
4012 -0.999996 0.000000 -0.002803 -1.299447 0.000000 1.000000 0.000000 0.000000 0.002803 0.000000 -0.999996 0.191795
4013 -0.999996 0.000000 -0.002648 -1.299439 0.000000 1.000000 0.000000 0.000000 0.002648 0.000000 -0.999996 0.193275
4014 -0.999997 0.000000 -0.002493 -1.299430 0.000000 1.000000 0.000000 0.000000 0.002493 0.000000 -0.999997 0.194754
4015 -0.999997 0.000000 -0.002514 -1.299422 0.000000 1.000000 0.000000 0.000000 0.002514 0.000000 -0.999997 0.196257
4016 -0.999996 0.000000 -0.002891 -1.299413 0.000000 1.000000 0.000000 0.000000 0.002891 0.000000 -0.999996 0.197808
4017 -0.999995 0.000000 -0.003268 -1.299405 0.000000 1.000000 0.000000 0.000000 0.003268 0.000000 -0.999995 0.199359
4018 -0.999993 0.000000 -0.003646 -1.299396 0.000000 1.000000 0.000000 0.000000 0.003646 0.000000 -0.999993 0.200910
4019 -0.999992 0.000000 -0.004023 -1.299388 0.000000 1.000000 0.000000 0.000000 0.004023 0.000000 -0.999992 0.202461
4020 -0.999990 0.000000 -0.004400 -1.299379 0.000000 1.000000 0.000000 0.000000 0.004400 0.000000 -0.999990 0.204011
4021 -0.999989 0.000000 -0.004777 -1.299371 0.000000 1.000000 0.000000 0.000000 0.004777 0.000000 -0.999989 0.205562
4022 -0.999987 0.000000 -0.005155 -1.299362 0.000000 1.000000 0.000000 0.000000 0.005155 0.000000 -0.999987 0.207113
4023 -0.999985 0.000000 -0.005532 -1.299354 0.000000 1.000000 0.000000 0.000000 0.005532 0.000000 -0.999985 0.208664
4024 -0.999983 0.000000 -0.005909 -1.299345 0.000000 1.000000 0.000000 0.000000 0.005909 0.000000 -0.999983 0.210215
4025 -0.999980 0.000000 -0.006286 -1.299337 0.000000 1.000000 0.000000 0.000000 0.006286 0.000000 -0.999980 0.211766
4026 -0.999978 0.000000 -0.006663 -1.299328 0.000000 1.000000 0.000000 0.000000 0.006663 0.000000 -0.999978 0.213317
4027 -0.999977 0.000000 -0.006816 -1.299329 0.000000 1.000000 0.000000 0.000000 0.006816 0.000000 -0.999977 0.214697
4028 -0.999978 0.000000 -0.006633 -1.299346 0.000000 1.000000 0.000000 0.000000 0.006633 0.000000 -0.999978 0.215824
4029 -0.999979 0.000000 -0.006451 -1.299362 0.000000 1.000000 0.000000 0.000000 0.006451 0.000000 -0.999979 0.216950
4030 -0.999980 0.000000 -0.006269 -1.299379 0.000000 1.000000 0.000000 0.000000 0.006269 0.000000 -0.999980 0.218077
4031 -0.999981 0.000000 -0.006087 -1.299395 0.000000 1.000000 0.000000 0.000000 0.006087 0.000000 -0.999981 0.219204
4032 -0.999983 0.000000 -0.005904 -1.299412 0.000000 1.000000 0.000000 0.000000 0.005904 0.000000 -0.999983 0.220331
4033 -0.999984 0.000000 -0.005722 -1.299428 0.000000 1.000000 0.000000 0.000000 0.005722 0.000000 -0.999984 0.221457
4034 -0.999985 0.000000 -0.005540 -1.299445 0.000000 1.000000 0.000000 0.000000 0.005540 0.000000 -0.999985 0.222584
4035 -0.999986 0.000000 -0.005357 -1.299461 0.000000 1.000000 0.000000 0.000000 0.005357 0.000000 -0.999986 0.223711
4036 -0.999987 0.000000 -0.005175 -1.299478 0.000000 1.000000 0.000000 0.000000 0.005175 0.000000 -0.999987 0.224838
4037 -0.999988 0.000000 -0.004993 -1.299494 0.000000 1.000000 0.000000 0.000000 0.004993 0.000000 -0.999988 0.225964
4038 -0.999988 0.000000 -0.004811 -1.299511 0.000000 1.000000 0.000000 0.000000 0.004811 0.000000 -0.999988 0.227091
4039 -0.999990 0.000000 -0.004531 -1.299521 0.000000 1.000000 0.000000 0.000000 0.004531 0.000000 -0.999990 0.228175
4040 -0.999992 0.000000 -0.004058 -1.299521 0.000000 1.000000 0.000000 0.000000 0.004058 0.000000 -0.999992 0.229173
4041 -0.999994 0.000000 -0.003584 -1.299521 0.000000 1.000000 0.000000 0.000000 0.003584 0.000000 -0.999994 0.230171
4042 -0.999995 0.000000 -0.003110 -1.299521 0.000000 1.000000 0.000000 0.000000 0.003110 0.000000 -0.999995 0.231168
4043 -0.999997 0.000000 -0.002636 -1.299521 0.000000 1.000000 0.000000 0.000000 0.002636 0.000000 -0.999997 0.232166
4044 -0.999998 0.000000 -0.002162 -1.299521 0.000000 1.000000 0.000000 0.000000 0.002162 0.000000 -0.999998 0.233164
4045 -0.999999 0.000000 -0.001688 -1.299521 0.000000 1.000000 0.000000 0.000000 0.001688 0.000000 -0.999999 0.234161
4046 -0.999999 0.000000 -0.001214 -1.299521 0.000000 1.000000 0.000000 0.000000 0.001214 0.000000 -0.999999 0.235159
4047 -1.000000 0.000000 -0.000740 -1.299521 0.000000 1.000000 0.000000 0.000000 0.000740 0.000000 -1.000000 0.236157
4048 -1.000000 0.000000 -0.000266 -1.299521 0.000000 1.000000 0.000000 0.000000 0.000266 0.000000 -1.000000 0.237155
4049 -1.000000 0.000000 0.000208 -1.299520 0.000000 1.000000 0.000000 0.000000 -0.000208 0.000000 -1.000000 0.238152
4050 -1.000000 0.000000 0.000682 -1.299520 0.000000 1.000000 0.000000 0.000000 -0.000682 0.000000 -1.000000 0.239150
4051 -0.999999 0.000000 0.001046 -1.299520 0.000000 1.000000 0.000000 0.000000 -0.001046 0.000000 -0.999999 0.240038
4052 -0.999999 0.000000 0.001162 -1.299520 0.000000 1.000000 0.000000 0.000000 -0.001162 0.000000 -0.999999 0.240677
4053 -0.999999 0.000000 0.001279 -1.299520 0.000000 1.000000 0.000000 0.000000 -0.001279 0.000000 -0.999999 0.241315
4054 -0.999999 0.000000 0.001395 -1.299520 0.000000 1.000000 0.000000 0.000000 -0.001395 0.000000 -0.999999 0.241954
4055 -0.999999 0.000000 0.001511 -1.299520 0.000000 1.000000 0.000000 0.000000 -0.001511 0.000000 -0.999999 0.242592
4056 -0.999999 0.000000 0.001627 -1.299520 0.000000 1.000000 0.000000 0.000000 -0.001627 0.000000 -0.999999 0.243230
4057 -0.999998 0.000000 0.001743 -1.299520 0.000000 1.000000 0.000000 0.000000 -0.001743 0.000000 -0.999998 0.243869
4058 -0.999998 0.000000 0.001859 -1.299520 0.000000 1.000000 0.000000 0.000000 -0.001859 0.000000 -0.999998 0.244507
4059 -0.999998 0.000000 0.001975 -1.299520 0.000000 1.000000 0.000000 0.000000 -0.001975 0.000000 -0.999998 0.245146
4060 -0.999998 0.000000 0.002091 -1.299520 0.000000 1.000000 0.000000 0.000000 -0.002091 0.000000 -0.999998 0.245784
4061 -0.999998 0.000000 0.002207 -1.299520 0.000000 1.000000 0.000000 0.000000 -0.002207 0.000000 -0.999998 0.246423
4062 -0.999997 0.000000 0.002323 -1.299520 0.000000 1.000000 0.000000 0.000000 -0.002323 0.000000 -0.999997 0.247061
4063 -0.999997 0.000000 0.002517 -1.299515 0.000000 1.000000 0.000000 0.000000 -0.002517 0.000000 -0.999997 0.247643
4064 -0.999996 0.000000 0.002950 -1.299499 0.000000 1.000000 0.000000 0.000000 -0.002950 0.000000 -0.999996 0.248052
4065 -0.999994 0.000000 0.003384 -1.299482 0.000000 1.000000 0.000000 0.000000 -0.003384 0.000000 -0.999994 0.248460
4066 -0.999993 0.000000 0.003817 -1.299465 0.000000 1.000000 0.000000 0.000000 -0.003817 0.000000 -0.999993 0.248868
4067 -0.999991 0.000000 0.004250 -1.299449 0.000000 1.000000 0.000000 0.000000 -0.004250 0.000000 -0.999991 0.249277
4068 -0.999989 0.000000 0.004684 -1.299432 0.000000 1.000000 0.000000 0.000000 -0.004684 0.000000 -0.999989 0.249685
4069 -0.999987 0.000000 0.005117 -1.299415 0.000000 1.000000 0.000000 0.000000 -0.005117 0.000000 -0.999987 0.250094
4070 -0.999985 0.000000 0.005551 -1.299398 0.000000 1.000000 0.000000 0.000000 -0.005551 0.000000 -0.999985 0.250502
4071 -0.999982 0.000000 0.005984 -1.299382 0.000000 1.000000 0.000000 0.000000 -0.005984 0.000000 -0.999982 0.250910
4072 -0.999979 0.000000 0.006417 -1.299365 0.000000 1.000000 0.000000 0.000000 -0.006417 0.000000 -0.999979 0.251319
4073 -0.999977 0.000000 0.006851 -1.299348 0.000000 1.000000 0.000000 0.000000 -0.006851 0.000000 -0.999977 0.251727
4074 -0.999973 0.000000 0.007284 -1.299332 0.000000 1.000000 0.000000 0.000000 -0.007284 0.000000 -0.999973 0.252135
4075 -0.999971 0.000000 0.007593 -1.299319 0.000000 1.000000 0.000000 0.000000 -0.007593 0.000000 -0.999971 0.252452
4076 -0.999972 0.000000 0.007518 -1.299319 0.000000 1.000000 0.000000 0.000000 -0.007518 0.000000 -0.999972 0.252485
4077 -0.999972 0.000000 0.007443 -1.299319 0.000000 1.000000 0.000000 0.000000 -0.007443 0.000000 -0.999972 0.252518
4078 -0.999973 0.000000 0.007369 -1.299319 0.000000 1.000000 0.000000 0.000000 -0.007369 0.000000 -0.999973 0.252551
4079 -0.999973 0.000000 0.007294 -1.299319 0.000000 1.000000 0.000000 0.000000 -0.007294 0.000000 -0.999973 0.252584
4080 -0.999974 0.000000 0.007219 -1.299319 0.000000 1.000000 0.000000 0.000000 -0.007219 0.000000 -0.999974 0.252618
4081 -0.999974 0.000000 0.007145 -1.299319 0.000000 1.000000 0.000000 0.000000 -0.007145 0.000000 -0.999974 0.252651
4082 -0.999975 0.000000 0.007070 -1.299319 0.000000 1.000000 0.000000 0.000000 -0.007070 0.000000 -0.999975 0.252684
4083 -0.999976 0.000000 0.006996 -1.299319 0.000000 1.000000 0.000000 0.000000 -0.006996 0.000000 -0.999976 0.252717
4084 -0.999976 0.000000 0.006921 -1.299319 0.000000 1.000000 0.000000 0.000000 -0.006921 0.000000 -0.999976 0.252750
4085 -0.999977 0.000000 0.006846 -1.299319 0.000000 1.000000 0.000000 0.000000 -0.006846 0.000000 -0.999977 0.252783
4086 -0.999977 0.000000 0.006772 -1.299319 0.000000 1.000000 0.000000 0.000000 -0.006772 0.000000 -0.999977 0.252817
4087 -0.999978 0.000000 0.006695 -1.299319 0.000000 1.000000 0.000000 0.000000 -0.006695 0.000000 -0.999978 0.252819
4088 -0.999978 0.000000 0.006612 -1.299319 0.000000 1.000000 0.000000 0.000000 -0.006612 0.000000 -0.999978 0.252686
4089 -0.999979 0.000000 0.006529 -1.299319 0.000000 1.000000 0.000000 0.000000 -0.006529 0.000000 -0.999979 0.252553
4090 -0.999979 0.000000 0.006446 -1.299319 0.000000 1.000000 0.000000 0.000000 -0.006446 0.000000 -0.999979 0.252420
4091 -0.999980 0.000000 0.006363 -1.299319 0.000000 1.000000 0.000000 0.000000 -0.006363 0.000000 -0.999980 0.252287
4092 -0.999980 0.000000 0.006280 -1.299319 0.000000 1.000000 0.000000 0.000000 -0.006280 0.000000 -0.999980 0.252154
4093 -0.999981 0.000000 0.006197 -1.299319 0.000000 1.000000 0.000000 0.000000 -0.006197 0.000000 -0.999981 0.252021
4094 -0.999981 0.000000 0.006114 -1.299319 0.000000 1.000000 0.000000 0.000000 -0.006114 0.000000 -0.999981 0.251888
4095 -0.999982 0.000000 0.006030 -1.299319 0.000000 1.000000 0.000000 0.000000 -0.006030 0.000000 -0.999982 0.251755
4096 -0.999982 0.000000 0.005947 -1.299319 0.000000 1.000000 0.000000 0.000000 -0.005947 0.000000 -0.999982 0.251622
4097 -0.999983 0.000000 0.005864 -1.299319 0.000000 1.000000 0.000000 0.000000 -0.005864 0.000000 -0.999983 0.251489
4098 -0.999983 0.000000 0.005781 -1.299319 0.000000 1.000000 0.000000 0.000000 -0.005781 0.000000 -0.999983 0.251356
4099 -0.999984 0.000000 0.005646 -1.299319 0.000000 1.000000 0.000000 0.000000 -0.005646 0.000000 -0.999984 0.251233
4100 -0.999986 0.000000 0.005231 -1.299319 0.000000 1.000000 0.000000 0.000000 -0.005231 0.000000 -0.999986 0.251167
4101 -0.999988 0.000000 0.004817 -1.299319 0.000000 1.000000 0.000000 0.000000 -0.004817 0.000000 -0.999988 0.251101
4102 -0.999990 0.000000 0.004403 -1.299319 0.000000 1.000000 0.000000 0.000000 -0.004403 0.000000 -0.999990 0.251034
4103 -0.999992 0.000000 0.003988 -1.299319 0.000000 1.000000 0.000000 0.000000 -0.003988 0.000000 -0.999992 0.250968
4104 -0.999994 0.000000 0.003574 -1.299319 0.000000 1.000000 0.000000 0.000000 -0.003574 0.000000 -0.999994 0.250902
4105 -0.999995 0.000000 0.003160 -1.299319 0.000000 1.000000 0.000000 0.000000 -0.003160 0.000000 -0.999995 0.250835
4106 -0.999996 0.000000 0.002745 -1.299319 0.000000 1.000000 0.000000 0.000000 -0.002745 0.000000 -0.999996 0.250769
4107 -0.999997 0.000000 0.002331 -1.299319 0.000000 1.000000 0.000000 0.000000 -0.002331 0.000000 -0.999997 0.250703
4108 -0.999998 0.000000 0.001916 -1.299319 0.000000 1.000000 0.000000 0.000000 -0.001916 0.000000 -0.999998 0.250636
4109 -0.999999 0.000000 0.001502 -1.299319 0.000000 1.000000 0.000000 0.000000 -0.001502 0.000000 -0.999999 0.250570
4110 -0.999999 0.000000 0.001088 -1.299319 0.000000 1.000000 0.000000 0.000000 -0.001088 0.000000 -0.999999 0.250504
4111 -1.000000 0.000000 -0.000249 -1.299320 0.000000 1.000000 0.000000 0.000000 0.000249 0.000000 -1.000000 0.250425
4112 -0.999942 0.000000 -0.010799 -1.299328 0.000000 1.000000 0.000000 0.000000 0.010799 0.000000 -0.999942 0.250222
4113 -0.999772 0.000000 -0.021347 -1.299336 0.000000 1.000000 0.000000 0.000000 0.021347 0.000000 -0.999772 0.250019
4114 -0.999491 0.000000 -0.031893 -1.299344 0.000000 1.000000 0.000000 0.000000 0.031893 0.000000 -0.999491 0.249816
4115 -0.999099 0.000000 -0.042436 -1.299353 0.000000 1.000000 0.000000 0.000000 0.042436 0.000000 -0.999099 0.249614
4116 -0.998596 0.000000 -0.052973 -1.299361 0.000000 1.000000 0.000000 0.000000 0.052973 0.000000 -0.998596 0.249411
4117 -0.997981 0.000000 -0.063505 -1.299369 0.000000 1.000000 0.000000 0.000000 0.063505 0.000000 -0.997981 0.249208
4118 -0.997256 0.000000 -0.074030 -1.299377 0.000000 1.000000 0.000000 0.000000 0.074030 0.000000 -0.997256 0.249005
4119 -0.996420 0.000000 -0.084547 -1.299385 0.000000 1.000000 0.000000 0.000000 0.084547 0.000000 -0.996420 0.248802
4120 -0.995472 0.000000 -0.095054 -1.299393 0.000000 1.000000 0.000000 0.000000 0.095054 0.000000 -0.995472 0.248599
4121 -0.994414 0.000000 -0.105550 -1.299401 0.000000 1.000000 0.000000 0.000000 0.105550 0.000000 -0.994414 0.248396
4122 -0.993245 0.000000 -0.116035 -1.299409 0.000000 1.000000 0.000000 0.000000 0.116035 0.000000 -0.993245 0.248193
4123 -0.991966 0.000000 -0.126507 -1.299418 0.000000 1.000000 0.000000 0.000000 0.126507 0.000000 -0.991966 0.247991
4124 -0.989233 0.000000 -0.146349 -1.299452 0.000000 1.000000 0.000000 0.000000 0.146349 0.000000 -0.989233 0.247820
4125 -0.985625 0.000000 -0.168946 -1.299494 0.000000 1.000000 0.000000 0.000000 0.168946 0.000000 -0.985625 0.247660
4126 -0.981501 0.000000 -0.191456 -1.299536 0.000000 1.000000 0.000000 0.000000 0.191456 0.000000 -0.981501 0.247500
4127 -0.976863 0.000000 -0.213864 -1.299579 0.000000 1.000000 0.000000 0.000000 0.213864 0.000000 -0.976863 0.247340
4128 -0.971714 0.000000 -0.236161 -1.299621 0.000000 1.000000 0.000000 0.000000 0.236161 0.000000 -0.971714 0.247179
4129 -0.966056 0.000000 -0.258334 -1.299663 0.000000 1.000000 0.000000 0.000000 0.258334 0.000000 -0.966056 0.247019
4130 -0.959891 0.000000 -0.280372 -1.299705 0.000000 1.000000 0.000000 0.000000 0.280372 0.000000 -0.959891 0.246859
4131 -0.953225 0.000000 -0.302263 -1.299747 0.000000 1.000000 0.000000 0.000000 0.302263 0.000000 -0.953225 0.246699
4132 -0.946058 0.000000 -0.323996 -1.299789 0.000000 1.000000 0.000000 0.000000 0.323996 0.000000 -0.946058 0.246538
4133 -0.938397 0.000000 -0.345559 -1.299832 0.000000 1.000000 0.000000 0.000000 0.345559 0.000000 -0.938397 0.246378
4134 -0.930244 0.000000 -0.366941 -1.299874 0.000000 1.000000 0.000000 0.000000 0.366941 0.000000 -0.930244 0.246218
4135 -0.921604 0.000000 -0.388131 -1.299916 0.000000 1.000000 0.000000 0.000000 0.388131 0.000000 -0.921604 0.246058
4136 -0.911592 0.000000 -0.411095 -1.299875 0.000000 1.000000 0.000000 0.000000 0.411095 0.000000 -0.911592 0.246119
4137 -0.900919 0.000000 -0.433987 -1.299825 0.000000 1.000000 0.000000 0.000000 0.433987 0.000000 -0.900919 0.246201
4138 -0.889671 0.000000 -0.456603 -1.299776 0.000000 1.000000 0.000000 0.000000 0.456603 0.000000 -0.889671 0.246283
4139 -0.877855 0.000000 -0.478926 -1.299727 0.000000 1.000000 0.000000 0.000000 0.478926 0.000000 -0.877855 0.246365
4140 -0.865479 0.000000 -0.500945 -1.299678 0.000000 1.000000 0.000000 0.000000 0.500945 0.000000 -0.865479 0.246447
4141 -0.852551 0.000000 -0.522644 -1.299628 0.000000 1.000000 0.000000 0.000000 0.522644 0.000000 -0.852551 0.246529
4142 -0.839079 0.000000 -0.544009 -1.299579 0.000000 1.000000 0.000000 0.000000 0.544009 0.000000 -0.839079 0.246611
4143 -0.825072 0.000000 -0.565027 -1.299530 0.000000 1.000000 0.000000 0.000000 0.565027 0.000000 -0.825072 0.246694
4144 -0.810539 0.000000 -0.585685 -1.299480 0.000000 1.000000 0.000000 0.000000 0.585685 0.000000 -0.810539 0.246776
4145 -0.795488 0.000000 -0.605969 -1.299431 0.000000 1.000000 0.000000 0.000000 0.605969 0.000000 -0.795488 0.246858
4146 -0.779930 0.000000 -0.625867 -1.299382 0.000000 1.000000 0.000000 0.000000 0.625867 0.000000 -0.779930 0.246940
4147 -0.763874 0.000000 -0.645365 -1.299332 0.000000 1.000000 0.000000 0.000000 0.645365 0.000000 -0.763874 0.247022
4148 -0.747179 0.000000 -0.664623 -1.299307 0.000000 1.000000 0.000000 0.000000 0.664623 0.000000 -0.747179 0.247062
4149 -0.729942 0.000000 -0.683509 -1.299290 0.000000 1.000000 0.000000 0.000000 0.683509 0.000000 -0.729942 0.247087
4150 -0.712229 0.000000 -0.701948 -1.299274 0.000000 1.000000 0.000000 0.000000 0.701948 0.000000 -0.712229 0.247112
4151 -0.694049 0.000000 -0.719928 -1.299257 0.000000 1.000000 0.000000 0.000000 0.719928 0.000000 -0.694049 0.247137
4152 -0.675416 0.000000 -0.737437 -1.299240 0.000000 1.000000 0.000000 0.000000 0.737437 0.000000 -0.675416 0.247163
4153 -0.656341 0.000000 -0.754464 -1.299224 0.000000 1.000000 0.000000 0.000000 0.754464 0.000000 -0.656341 0.247188
4154 -0.636838 0.000000 -0.770998 -1.299207 0.000000 1.000000 0.000000 0.000000 0.770998 0.000000 -0.636838 0.247213
4155 -0.616917 0.000000 -0.787028 -1.299190 0.000000 1.000000 0.000000 0.000000 0.787028 0.000000 -0.616917 0.247238
4156 -0.596594 0.000000 -0.802543 -1.299173 0.000000 1.000000 0.000000 0.000000 0.802543 0.000000 -0.596594 0.247263
4157 -0.575881 0.000000 -0.817534 -1.299157 0.000000 1.000000 0.000000 0.000000 0.817534 0.000000 -0.575881 0.247288
4158 -0.554790 0.000000 -0.831990 -1.299140 0.000000 1.000000 0.000000 0.000000 0.831990 0.000000 -0.554790 0.247313
4159 -0.533338 0.000000 -0.845902 -1.299123 0.000000 1.000000 0.000000 0.000000 0.845902 0.000000 -0.533338 0.247338
4160 -0.512927 0.000000 -0.858432 -1.299055 0.000000 1.000000 0.000000 0.000000 0.858432 0.000000 -0.512927 0.247370
4161 -0.492594 0.000000 -0.870259 -1.298972 0.000000 1.000000 0.000000 0.000000 0.870259 0.000000 -0.492594 0.247402
4162 -0.471987 0.000000 -0.881605 -1.298890 0.000000 1.000000 0.000000 0.000000 0.881605 0.000000 -0.471987 0.247435
4163 -0.451121 0.000000 -0.892463 -1.298808 0.000000 1.000000 0.000000 0.000000 0.892463 0.000000 -0.451121 0.247468
4164 -0.430003 0.000000 -0.902827 -1.298726 0.000000 1.000000 0.000000 0.000000 0.902827 0.000000 -0.430003 0.247501
4165 -0.408649 0.000000 -0.912692 -1.298644 0.000000 1.000000 0.000000 0.000000 0.912692 0.000000 -0.408649 0.247534
4166 -0.387068 0.000000 -0.922051 -1.298562 0.000000 1.000000 0.000000 0.000000 0.922051 0.000000 -0.387068 0.247567
4167 -0.365273 0.000000 -0.930900 -1.298480 0.000000 1.000000 0.000000 0.000000 0.930900 0.000000 -0.365273 0.247599
4168 -0.343275 0.000000 -0.939235 -1.298398 0.000000 1.000000 0.000000 0.000000 0.939235 0.000000 -0.343275 0.247632
4169 -0.321089 0.000000 -0.947049 -1.298316 0.000000 1.000000 0.000000 0.000000 0.947049 0.000000 -0.321089 0.247665
4170 -0.298723 0.000000 -0.954340 -1.298233 0.000000 1.000000 0.000000 0.000000 0.954340 0.000000 -0.298723 0.247698
4171 -0.276193 0.000000 -0.961102 -1.298151 0.000000 1.000000 0.000000 0.000000 0.961102 0.000000 -0.276193 0.247731
4172 -0.260221 0.000000 -0.965549 -1.298130 0.000000 1.000000 0.000000 0.000000 0.965549 0.000000 -0.260221 0.247738
4173 -0.248442 0.000000 -0.968647 -1.298147 0.000000 1.000000 0.000000 0.000000 0.968647 0.000000 -0.248442 0.247730
4174 -0.236626 0.000000 -0.971601 -1.298163 0.000000 1.000000 0.000000 0.000000 0.971601 0.000000 -0.236626 0.247722
4175 -0.224774 0.000000 -0.974411 -1.298180 0.000000 1.000000 0.000000 0.000000 0.974411 0.000000 -0.224774 0.247713
4176 -0.212890 0.000000 -0.977076 -1.298197 0.000000 1.000000 0.000000 0.000000 0.977076 0.000000 -0.212890 0.247705
4177 -0.200973 0.000000 -0.979597 -1.298214 0.000000 1.000000 0.000000 0.000000 0.979597 0.000000 -0.200973 0.247696
4178 -0.189027 0.000000 -0.981972 -1.298230 0.000000 1.000000 0.000000 0.000000 0.981972 0.000000 -0.189027 0.247688
4179 -0.177053 0.000000 -0.984201 -1.298247 0.000000 1.000000 0.000000 0.000000 0.984201 0.000000 -0.177053 0.247680
4180 -0.165053 0.000000 -0.986285 -1.298264 0.000000 1.000000 0.000000 0.000000 0.986285 0.000000 -0.165053 0.247671
4181 -0.153028 0.000000 -0.988222 -1.298281 0.000000 1.000000 0.000000 0.000000 0.988222 0.000000 -0.153028 0.247663
4182 -0.140980 0.000000 -0.990012 -1.298298 0.000000 1.000000 0.000000 0.000000 0.990012 0.000000 -0.140980 0.247654
4183 -0.128911 0.000000 -0.991656 -1.298314 0.000000 1.000000 0.000000 0.000000 0.991656 0.000000 -0.128911 0.247646
4184 -0.122752 0.000000 -0.992437 -1.298274 0.000000 1.000000 0.000000 0.000000 0.992437 0.000000 -0.122752 0.247649
4185 -0.119241 0.000000 -0.992865 -1.298208 0.000000 1.000000 0.000000 0.000000 0.992865 0.000000 -0.119241 0.247657
4186 -0.115727 0.000000 -0.993281 -1.298143 0.000000 1.000000 0.000000 0.000000 0.993281 0.000000 -0.115727 0.247666
4187 -0.112212 0.000000 -0.993684 -1.298077 0.000000 1.000000 0.000000 0.000000 0.993684 0.000000 -0.112212 0.247674
4188 -0.108696 0.000000 -0.994075 -1.298011 0.000000 1.000000 0.000000 0.000000 0.994075 0.000000 -0.108696 0.247682
4189 -0.105179 0.000000 -0.994453 -1.297946 0.000000 1.000000 0.000000 0.000000 0.994453 0.000000 -0.105179 0.247690
4190 -0.101660 0.000000 -0.994819 -1.297880 0.000000 1.000000 0.000000 0.000000 0.994819 0.000000 -0.101660 0.247698
4191 -0.098140 0.000000 -0.995173 -1.297814 0.000000 1.000000 0.000000 0.000000 0.995173 0.000000 -0.098140 0.247707
4192 -0.094618 0.000000 -0.995514 -1.297749 0.000000 1.000000 0.000000 0.000000 0.995514 0.000000 -0.094618 0.247715
4193 -0.091096 0.000000 -0.995842 -1.297683 0.000000 1.000000 0.000000 0.000000 0.995842 0.000000 -0.091096 0.247723
4194 -0.087572 0.000000 -0.996158 -1.297617 0.000000 1.000000 0.000000 0.000000 0.996158 0.000000 -0.087572 0.247731
4195 -0.084047 0.000000 -0.996462 -1.297552 0.000000 1.000000 0.000000 0.000000 0.996462 0.000000 -0.084047 0.247739
4196 -0.079736 0.000000 -0.996816 -1.297511 0.000000 1.000000 0.000000 0.000000 0.996816 0.000000 -0.079736 0.247743
4197 -0.074664 0.000000 -0.997209 -1.297494 0.000000 1.000000 0.000000 0.000000 0.997209 0.000000 -0.074664 0.247743
4198 -0.069590 0.000000 -0.997576 -1.297477 0.000000 1.000000 0.000000 0.000000 0.997576 0.000000 -0.069590 0.247743
4199 -0.064515 0.000000 -0.997917 -1.297461 0.000000 1.000000 0.000000 0.000000 0.997917 0.000000 -0.064515 0.247743
4200 -0.059437 0.000000 -0.998232 -1.297444 0.000000 1.000000 0.000000 0.000000 0.998232 0.000000 -0.059437 0.247743
4201 -0.054358 0.000000 -0.998521 -1.297427 0.000000 1.000000 0.000000 0.000000 0.998521 0.000000 -0.054358 0.247743
4202 -0.049278 0.000000 -0.998785 -1.297410 0.000000 1.000000 0.000000 0.000000 0.998785 0.000000 -0.049278 0.247743
4203 -0.044196 0.000000 -0.999023 -1.297394 0.000000 1.000000 0.000000 0.000000 0.999023 0.000000 -0.044196 0.247743
4204 -0.039114 0.000000 -0.999235 -1.297377 0.000000 1.000000 0.000000 0.000000 0.999235 0.000000 -0.039114 0.247743
4205 -0.034030 0.000000 -0.999421 -1.297360 0.000000 1.000000 0.000000 0.000000 0.999421 0.000000 -0.034030 0.247743
4206 -0.028945 0.000000 -0.999581 -1.297343 0.000000 1.000000 0.000000 0.000000 0.999581 0.000000 -0.028945 0.247743
4207 -0.023860 0.000000 -0.999715 -1.297327 0.000000 1.000000 0.000000 0.000000 0.999715 0.000000 -0.023860 0.247743
4208 -0.019620 0.000000 -0.999808 -1.297486 0.000000 1.000000 0.000000 0.000000 0.999808 0.000000 -0.019620 0.247748
4209 -0.016002 0.000000 -0.999872 -1.297774 0.000000 1.000000 0.000000 0.000000 0.999872 0.000000 -0.016002 0.247756
4210 -0.012384 0.000000 -0.999923 -1.298063 0.000000 1.000000 0.000000 0.000000 0.999923 0.000000 -0.012384 0.247765
4211 -0.008765 0.000000 -0.999962 -1.298351 0.000000 1.000000 0.000000 0.000000 0.999962 0.000000 -0.008765 0.247773
4212 -0.005147 0.000000 -0.999987 -1.298640 0.000000 1.000000 0.000000 0.000000 0.999987 0.000000 -0.005147 0.247781
4213 -0.001528 0.000000 -0.999999 -1.298928 0.000000 1.000000 0.000000 0.000000 0.999999 0.000000 -0.001528 0.247789
4214 0.002090 0.000000 -0.999998 -1.299217 0.000000 1.000000 0.000000 0.000000 0.999998 0.000000 0.002090 0.247798
4215 0.005709 0.000000 -0.999984 -1.299505 0.000000 1.000000 0.000000 0.000000 0.999984 0.000000 0.005709 0.247806
4216 0.009328 0.000000 -0.999956 -1.299794 0.000000 1.000000 0.000000 0.000000 0.999956 0.000000 0.009328 0.247814
4217 0.012946 0.000000 -0.999916 -1.300082 0.000000 1.000000 0.000000 0.000000 0.999916 0.000000 0.012946 0.247823
4218 0.016564 0.000000 -0.999863 -1.300371 0.000000 1.000000 0.000000 0.000000 0.999863 0.000000 0.016564 0.247831
4219 0.020182 0.000000 -0.999796 -1.300659 0.000000 1.000000 0.000000 0.000000 0.999796 0.000000 0.020182 0.247839
4220 0.022854 0.000000 -0.999739 -1.301285 0.000000 1.000000 0.000000 0.000000 0.999739 0.000000 0.022854 0.247862
4221 0.024345 0.000000 -0.999704 -1.302333 0.000000 1.000000 0.000000 0.000000 0.999704 0.000000 0.024345 0.247904
4222 0.025837 0.000000 -0.999666 -1.303381 0.000000 1.000000 0.000000 0.000000 0.999666 0.000000 0.025837 0.247946
4223 0.027328 0.000000 -0.999627 -1.304428 0.000000 1.000000 0.000000 0.000000 0.999627 0.000000 0.027328 0.247988
4224 0.028819 0.000000 -0.999585 -1.305476 0.000000 1.000000 0.000000 0.000000 0.999585 0.000000 0.028819 0.248030
4225 0.030310 0.000000 -0.999541 -1.306523 0.000000 1.000000 0.000000 0.000000 0.999541 0.000000 0.030310 0.248072
4226 0.031801 0.000000 -0.999494 -1.307571 0.000000 1.000000 0.000000 0.000000 0.999494 0.000000 0.031801 0.248114
4227 0.033292 0.000000 -0.999446 -1.308618 0.000000 1.000000 0.000000 0.000000 0.999446 0.000000 0.033292 0.248156
4228 0.034783 0.000000 -0.999395 -1.309666 0.000000 1.000000 0.000000 0.000000 0.999395 0.000000 0.034783 0.248198
4229 0.036273 0.000000 -0.999342 -1.310713 0.000000 1.000000 0.000000 0.000000 0.999342 0.000000 0.036273 0.248240
4230 0.037764 0.000000 -0.999287 -1.311761 0.000000 1.000000 0.000000 0.000000 0.999287 0.000000 0.037764 0.248282
4231 0.039255 0.000000 -0.999229 -1.312808 0.000000 1.000000 0.000000 0.000000 0.999229 0.000000 0.039255 0.248324
4232 0.039525 0.000000 -0.999219 -1.314352 0.000000 1.000000 0.000000 0.000000 0.999219 0.000000 0.039525 0.248379
4233 0.038632 0.000000 -0.999253 -1.316368 0.000000 1.000000 0.000000 0.000000 0.999253 0.000000 0.038632 0.248444
4234 0.037740 0.000000 -0.999288 -1.318384 0.000000 1.000000 0.000000 0.000000 0.999288 0.000000 0.037740 0.248510
4235 0.036847 0.000000 -0.999321 -1.320400 0.000000 1.000000 0.000000 0.000000 0.999321 0.000000 0.036847 0.248576
4236 0.035954 0.000000 -0.999353 -1.322416 0.000000 1.000000 0.000000 0.000000 0.999353 0.000000 0.035954 0.248642
4237 0.035061 0.000000 -0.999385 -1.324432 0.000000 1.000000 0.000000 0.000000 0.999385 0.000000 0.035061 0.248707
4238 0.034169 0.000000 -0.999416 -1.326448 0.000000 1.000000 0.000000 0.000000 0.999416 0.000000 0.034169 0.248773
4239 0.033276 0.000000 -0.999446 -1.328464 0.000000 1.000000 0.000000 0.000000 0.999446 0.000000 0.033276 0.248839
4240 0.032383 0.000000 -0.999476 -1.330481 0.000000 1.000000 0.000000 0.000000 0.999476 0.000000 0.032383 0.248905
4241 0.031490 0.000000 -0.999504 -1.332497 0.000000 1.000000 0.000000 0.000000 0.999504 0.000000 0.031490 0.248971
4242 0.030597 0.000000 -0.999532 -1.334513 0.000000 1.000000 0.000000 0.000000 0.999532 0.000000 0.030597 0.249036
4243 0.029704 0.000000 -0.999559 -1.336529 0.000000 1.000000 0.000000 0.000000 0.999559 0.000000 0.029704 0.249102
4244 0.028631 0.000000 -0.999590 -1.338856 0.000000 1.000000 0.000000 0.000000 0.999590 0.000000 0.028631 0.249165
4245 0.027154 0.000000 -0.999631 -1.341875 0.000000 1.000000 0.000000 0.000000 0.999631 0.000000 0.027154 0.249223
4246 0.025678 0.000000 -0.999670 -1.344894 0.000000 1.000000 0.000000 0.000000 0.999670 0.000000 0.025678 0.249280
4247 0.024202 0.000000 -0.999707 -1.347912 0.000000 1.000000 0.000000 0.000000 0.999707 0.000000 0.024202 0.249337
4248 0.022726 0.000000 -0.999742 -1.350931 0.000000 1.000000 0.000000 0.000000 0.999742 0.000000 0.022726 0.249395
4249 0.021249 0.000000 -0.999774 -1.353950 0.000000 1.000000 0.000000 0.000000 0.999774 0.000000 0.021249 0.249452
4250 0.019773 0.000000 -0.999804 -1.356968 0.000000 1.000000 0.000000 0.000000 0.999804 0.000000 0.019773 0.249510
4251 0.018296 0.000000 -0.999833 -1.359987 0.000000 1.000000 0.000000 0.000000 0.999833 0.000000 0.018296 0.249567
4252 0.016820 0.000000 -0.999859 -1.363006 0.000000 1.000000 0.000000 0.000000 0.999859 0.000000 0.016820 0.249625
4253 0.015343 0.000000 -0.999882 -1.366024 0.000000 1.000000 0.000000 0.000000 0.999882 0.000000 0.015343 0.249682
4254 0.013867 0.000000 -0.999904 -1.369043 0.000000 1.000000 0.000000 0.000000 0.999904 0.000000 0.013867 0.249739
4255 0.012390 0.000000 -0.999923 -1.372062 0.000000 1.000000 0.000000 0.000000 0.999923 0.000000 0.012390 0.249797
4256 0.010954 0.000000 -0.999940 -1.375143 0.000000 1.000000 0.000000 0.000000 0.999940 0.000000 0.010954 0.249852
4257 0.010238 0.000000 -0.999948 -1.379322 0.000000 1.000000 0.000000 0.000000 0.999948 0.000000 0.010238 0.249870
4258 0.009521 0.000000 -0.999955 -1.383501 0.000000 1.000000 0.000000 0.000000 0.999955 0.000000 0.009521 0.249887
4259 0.008805 0.000000 -0.999961 -1.387681 0.000000 1.000000 0.000000 0.000000 0.999961 0.000000 0.008805 0.249904
4260 0.008088 0.000000 -0.999967 -1.391860 0.000000 1.000000 0.000000 0.000000 0.999967 0.000000 0.008088 0.249922
4261 0.007372 0.000000 -0.999973 -1.396040 0.000000 1.000000 0.000000 0.000000 0.999973 0.000000 0.007372 0.249939
4262 0.006656 0.000000 -0.999978 -1.400219 0.000000 1.000000 0.000000 0.000000 0.999978 0.000000 0.006656 0.249957
4263 0.005939 0.000000 -0.999982 -1.404398 0.000000 1.000000 0.000000 0.000000 0.999982 0.000000 0.005939 0.249974
4264 0.005223 0.000000 -0.999986 -1.408578 0.000000 1.000000 0.000000 0.000000 0.999986 0.000000 0.005223 0.249992
4265 0.004506 0.000000 -0.999990 -1.412757 0.000000 1.000000 0.000000 0.000000 0.999990 0.000000 0.004506 0.250009
4266 0.003790 0.000000 -0.999993 -1.416936 0.000000 1.000000 0.000000 0.000000 0.999993 0.000000 0.003790 0.250027
4267 0.003073 0.000000 -0.999995 -1.421116 0.000000 1.000000 0.000000 0.000000 0.999995 0.000000 0.003073 0.250044
4268 0.002456 0.000000 -0.999997 -1.425564 0.000000 1.000000 0.000000 0.000000 0.999997 0.000000 0.002456 0.250056
4269 0.002041 0.000000 -0.999998 -1.430561 0.000000 1.000000 0.000000 0.000000 0.999998 0.000000 0.002041 0.250057
4270 0.001626 0.000000 -0.999999 -1.435558 0.000000 1.000000 0.000000 0.000000 0.999999 0.000000 0.001626 0.250057
4271 0.001211 0.000000 -0.999999 -1.440554 0.000000 1.000000 0.000000 0.000000 0.999999 0.000000 0.001211 0.250058
4272 0.000796 0.000000 -1.000000 -1.445551 0.000000 1.000000 0.000000 0.000000 1.000000 0.000000 0.000796 0.250058
4273 0.000381 0.000000 -1.000000 -1.450548 0.000000 1.000000 0.000000 0.000000 1.000000 0.000000 0.000381 0.250059
4274 -0.000034 0.000000 -1.000000 -1.455544 0.000000 1.000000 0.000000 0.000000 1.000000 0.000000 -0.000034 0.250059
4275 -0.000449 0.000000 -1.000000 -1.460541 0.000000 1.000000 0.000000 0.000000 1.000000 0.000000 -0.000449 0.250060
4276 -0.000864 0.000000 -1.000000 -1.465538 0.000000 1.000000 0.000000 0.000000 1.000000 0.000000 -0.000864 0.250060
4277 -0.001279 0.000000 -0.999999 -1.470535 0.000000 1.000000 0.000000 0.000000 0.999999 0.000000 -0.001279 0.250061
4278 -0.001694 0.000000 -0.999999 -1.475531 0.000000 1.000000 0.000000 0.000000 0.999999 0.000000 -0.001694 0.250061
4279 -0.002109 0.000000 -0.999998 -1.480528 0.000000 1.000000 0.000000 0.000000 0.999998 0.000000 -0.002109 0.250062
4280 -0.002472 0.000000 -0.999997 -1.485595 0.000000 1.000000 0.000000 0.000000 0.999997 0.000000 -0.002472 0.250058
4281 -0.002702 0.000000 -0.999996 -1.490841 0.000000 1.000000 0.000000 0.000000 0.999996 0.000000 -0.002702 0.250042
4282 -0.002933 0.000000 -0.999996 -1.496088 0.000000 1.000000 0.000000 0.000000 0.999996 0.000000 -0.002933 0.250026
4283 -0.003163 0.000000 -0.999995 -1.501334 0.000000 1.000000 0.000000 0.000000 0.999995 0.000000 -0.003163 0.250010
4284 -0.003393 0.000000 -0.999994 -1.506580 0.000000 1.000000 0.000000 0.000000 0.999994 0.000000 -0.003393 0.249994
4285 -0.003623 0.000000 -0.999993 -1.511826 0.000000 1.000000 0.000000 0.000000 0.999993 0.000000 -0.003623 0.249978
4286 -0.003854 0.000000 -0.999993 -1.517073 0.000000 1.000000 0.000000 0.000000 0.999993 0.000000 -0.003854 0.249962
4287 -0.004084 0.000000 -0.999992 -1.522319 0.000000 1.000000 0.000000 0.000000 0.999992 0.000000 -0.004084 0.249946
4288 -0.004314 0.000000 -0.999991 -1.527565 0.000000 1.000000 0.000000 0.000000 0.999991 0.000000 -0.004314 0.249930
4289 -0.004544 0.000000 -0.999990 -1.532812 0.000000 1.000000 0.000000 0.000000 0.999990 0.000000 -0.004544 0.249914
4290 -0.004775 0.000000 -0.999989 -1.538058 0.000000 1.000000 0.000000 0.000000 0.999989 0.000000 -0.004775 0.249898
4291 -0.005005 0.000000 -0.999987 -1.543304 0.000000 1.000000 0.000000 0.000000 0.999987 0.000000 -0.005005 0.249882
4292 -0.005214 0.000000 -0.999986 -1.548555 0.000000 1.000000 0.000000 0.000000 0.999986 0.000000 -0.005214 0.249864
4293 -0.005273 0.000000 -0.999986 -1.553835 0.000000 1.000000 0.000000 0.000000 0.999986 0.000000 -0.005273 0.249832
4294 -0.005331 0.000000 -0.999986 -1.559115 0.000000 1.000000 0.000000 0.000000 0.999986 0.000000 -0.005331 0.249799
4295 -0.005389 0.000000 -0.999985 -1.564396 0.000000 1.000000 0.000000 0.000000 0.999985 0.000000 -0.005389 0.249766
4296 -0.005448 0.000000 -0.999985 -1.569676 0.000000 1.000000 0.000000 0.000000 0.999985 0.000000 -0.005448 0.249733
4297 -0.005506 0.000000 -0.999985 -1.574957 0.000000 1.000000 0.000000 0.000000 0.999985 0.000000 -0.005506 0.249701
4298 -0.005564 0.000000 -0.999985 -1.580237 0.000000 1.000000 0.000000 0.000000 0.999985 0.000000 -0.005564 0.249668
4299 -0.005622 0.000000 -0.999984 -1.585518 0.000000 1.000000 0.000000 0.000000 0.999984 0.000000 -0.005622 0.249635
4300 -0.005681 0.000000 -0.999984 -1.590798 0.000000 1.000000 0.000000 0.000000 0.999984 0.000000 -0.005681 0.249602
4301 -0.005739 0.000000 -0.999984 -1.596079 0.000000 1.000000 0.000000 0.000000 0.999984 0.000000 -0.005739 0.249569
4302 -0.005797 0.000000 -0.999983 -1.601359 0.000000 1.000000 0.000000 0.000000 0.999983 0.000000 -0.005797 0.249537
4303 -0.005856 0.000000 -0.999983 -1.606640 0.000000 1.000000 0.000000 0.000000 0.999983 0.000000 -0.005856 0.249504
4304 -0.005933 0.000000 -0.999982 -1.611895 0.000000 1.000000 0.000000 0.000000 0.999982 0.000000 -0.005933 0.249471
4305 -0.006163 0.000000 -0.999981 -1.616960 0.000000 1.000000 0.000000 0.000000 0.999981 0.000000 -0.006163 0.249439
4306 -0.006392 0.000000 -0.999980 -1.622025 0.000000 1.000000 0.000000 0.000000 0.999980 0.000000 -0.006392 0.249407
4307 -0.006622 0.000000 -0.999978 -1.627090 0.000000 1.000000 0.000000 0.000000 0.999978 0.000000 -0.006622 0.249374
4308 -0.006851 0.000000 -0.999977 -1.632155 0.000000 1.000000 0.000000 0.000000 0.999977 0.000000 -0.006851 0.249342
4309 -0.007081 0.000000 -0.999975 -1.637220 0.000000 1.000000 0.000000 0.000000 0.999975 0.000000 -0.007081 0.249310
4310 -0.007310 0.000000 -0.999973 -1.642284 0.000000 1.000000 0.000000 0.000000 0.999973 0.000000 -0.007310 0.249277
4311 -0.007540 0.000000 -0.999972 -1.647349 0.000000 1.000000 0.000000 0.000000 0.999972 0.000000 -0.007540 0.249245
4312 -0.007769 0.000000 -0.999970 -1.652414 0.000000 1.000000 0.000000 0.000000 0.999970 0.000000 -0.007769 0.249213
4313 -0.007999 0.000000 -0.999968 -1.657479 0.000000 1.000000 0.000000 0.000000 0.999968 0.000000 -0.007999 0.249181
4314 -0.008228 0.000000 -0.999966 -1.662544 0.000000 1.000000 0.000000 0.000000 0.999966 0.000000 -0.008228 0.249148
4315 -0.008458 0.000000 -0.999964 -1.667608 0.000000 1.000000 0.000000 0.000000 0.999964 0.000000 -0.008458 0.249116
4316 -0.008687 0.000000 -0.999962 -1.672673 0.000000 1.000000 0.000000 0.000000 0.999962 0.000000 -0.008687 0.249084
4317 -0.008485 0.000000 -0.999964 -1.676906 0.000000 1.000000 0.000000 0.000000 0.999964 0.000000 -0.008485 0.249051
4318 -0.008242 0.000000 -0.999966 -1.681059 0.000000 1.000000 0.000000 0.000000 0.999966 0.000000 -0.008242 0.249018
4319 -0.007999 0.000000 -0.999968 -1.685211 0.000000 1.000000 0.000000 0.000000 0.999968 0.000000 -0.007999 0.248984
4320 -0.007756 0.000000 -0.999970 -1.689364 0.000000 1.000000 0.000000 0.000000 0.999970 0.000000 -0.007756 0.248951
4321 -0.007512 0.000000 -0.999972 -1.693516 0.000000 1.000000 0.000000 0.000000 0.999972 0.000000 -0.007512 0.248918
4322 -0.007269 0.000000 -0.999974 -1.697669 0.000000 1.000000 0.000000 0.000000 0.999974 0.000000 -0.007269 0.248885
4323 -0.007026 0.000000 -0.999975 -1.701822 0.000000 1.000000 0.000000 0.000000 0.999975 0.000000 -0.007026 0.248852
4324 -0.006782 0.000000 -0.999977 -1.705974 0.000000 1.000000 0.000000 0.000000 0.999977 0.000000 -0.006782 0.248819
4325 -0.006539 0.000000 -0.999979 -1.710127 0.000000 1.000000 0.000000 0.000000 0.999979 0.000000 -0.006539 0.248786
4326 -0.006296 0.000000 -0.999980 -1.714279 0.000000 1.000000 0.000000 0.000000 0.999980 0.000000 -0.006296 0.248752
4327 -0.006053 0.000000 -0.999982 -1.718432 0.000000 1.000000 0.000000 0.000000 0.999982 0.000000 -0.006053 0.248719
4328 -0.005809 0.000000 -0.999983 -1.722584 0.000000 1.000000 0.000000 0.000000 0.999983 0.000000 -0.005809 0.248686
4329 -0.005767 0.000000 -0.999983 -1.725400 0.000000 1.000000 0.000000 0.000000 0.999983 0.000000 -0.005767 0.248670
4330 -0.005726 0.000000 -0.999984 -1.728204 0.000000 1.000000 0.000000 0.000000 0.999984 0.000000 -0.005726 0.248654
4331 -0.005686 0.000000 -0.999984 -1.731009 0.000000 1.000000 0.000000 0.000000 0.999984 0.000000 -0.005686 0.248638
4332 -0.005645 0.000000 -0.999984 -1.733813 0.000000 1.000000 0.000000 0.000000 0.999984 0.000000 -0.005645 0.248622
4333 -0.005604 0.000000 -0.999984 -1.736617 0.000000 1.000000 0.000000 0.000000 0.999984 0.000000 -0.005604 0.248606
4334 -0.005564 0.000000 -0.999985 -1.739421 0.000000 1.000000 0.000000 0.000000 0.999985 0.000000 -0.005564 0.248590
4335 -0.005523 0.000000 -0.999985 -1.742226 0.000000 1.000000 0.000000 0.000000 0.999985 0.000000 -0.005523 0.248574
4336 -0.005483 0.000000 -0.999985 -1.745030 0.000000 1.000000 0.000000 0.000000 0.999985 0.000000 -0.005483 0.248558
4337 -0.005442 0.000000 -0.999985 -1.747834 0.000000 1.000000 0.000000 0.000000 0.999985 0.000000 -0.005442 0.248542
4338 -0.005401 0.000000 -0.999985 -1.750639 0.000000 1.000000 0.000000 0.000000 0.999985 0.000000 -0.005401 0.248526
4339 -0.005361 0.000000 -0.999986 -1.753443 0.000000 1.000000 0.000000 0.000000 0.999986 0.000000 -0.005361 0.248510
4340 -0.005320 0.000000 -0.999986 -1.756247 0.000000 1.000000 0.000000 0.000000 0.999986 0.000000 -0.005320 0.248494
4341 -0.004979 0.000000 -0.999988 -1.758375 0.000000 1.000000 0.000000 0.000000 0.999988 0.000000 -0.004979 0.248484
4342 -0.004502 0.000000 -0.999990 -1.760198 0.000000 1.000000 0.000000 0.000000 0.999990 0.000000 -0.004502 0.248476
4343 -0.004026 0.000000 -0.999992 -1.762020 0.000000 1.000000 0.000000 0.000000 0.999992 0.000000 -0.004026 0.248467
4344 -0.003549 0.000000 -0.999994 -1.763843 0.000000 1.000000 0.000000 0.000000 0.999994 0.000000 -0.003549 0.248459
4345 -0.003073 0.000000 -0.999995 -1.765665 0.000000 1.000000 0.000000 0.000000 0.999995 0.000000 -0.003073 0.248451
4346 -0.002596 0.000000 -0.999997 -1.767488 0.000000 1.000000 0.000000 0.000000 0.999997 0.000000 -0.002596 0.248443
4347 -0.002120 0.000000 -0.999998 -1.769310 0.000000 1.000000 0.000000 0.000000 0.999998 0.000000 -0.002120 0.248435
4348 -0.001643 0.000000 -0.999999 -1.771133 0.000000 1.000000 0.000000 0.000000 0.999999 0.000000 -0.001643 0.248426
4349 -0.001167 0.000000 -0.999999 -1.772956 0.000000 1.000000 0.000000 0.000000 0.999999 0.000000 -0.001167 0.248418
4350 -0.000690 0.000000 -1.000000 -1.774778 0.000000 1.000000 0.000000 0.000000 1.000000 0.000000 -0.000690 0.248410
4351 -0.000214 0.000000 -1.000000 -1.776601 0.000000 1.000000 0.000000 0.000000 1.000000 0.000000 -0.000214 0.248402
4352 0.000263 0.000000 -1.000000 -1.778423 0.000000 1.000000 0.000000 0.000000 1.000000 0.000000 0.000263 0.248394
4353 0.000684 0.000000 -1.000000 -1.779946 0.000000 1.000000 0.000000 0.000000 1.000000 0.000000 0.000684 0.248398
4354 0.001085 0.000000 -0.999999 -1.781356 0.000000 1.000000 0.000000 0.000000 0.999999 0.000000 0.001085 0.248406
4355 0.001485 0.000000 -0.999999 -1.782766 0.000000 1.000000 0.000000 0.000000 0.999999 0.000000 0.001485 0.248415
4356 0.001886 0.000000 -0.999998 -1.784176 0.000000 1.000000 0.000000 0.000000 0.999998 0.000000 0.001886 0.248423
4357 0.002286 0.000000 -0.999997 -1.785587 0.000000 1.000000 0.000000 0.000000 0.999997 0.000000 0.002286 0.248432
4358 0.002687 0.000000 -0.999996 -1.786997 0.000000 1.000000 0.000000 0.000000 0.999996 0.000000 0.002687 0.248440
4359 0.003087 0.000000 -0.999995 -1.788407 0.000000 1.000000 0.000000 0.000000 0.999995 0.000000 0.003087 0.248449
4360 0.003488 0.000000 -0.999994 -1.789817 0.000000 1.000000 0.000000 0.000000 0.999994 0.000000 0.003488 0.248457
4361 0.003888 0.000000 -0.999992 -1.791228 0.000000 1.000000 0.000000 0.000000 0.999992 0.000000 0.003888 0.248466
4362 0.004289 0.000000 -0.999991 -1.792638 0.000000 1.000000 0.000000 0.000000 0.999991 0.000000 0.004289 0.248474
4363 0.004690 0.000000 -0.999989 -1.794048 0.000000 1.000000 0.000000 0.000000 0.999989 0.000000 0.004690 0.248483
4364 0.005090 0.000000 -0.999987 -1.795458 0.000000 1.000000 0.000000 0.000000 0.999987 0.000000 0.005090 0.248491
4365 0.005088 0.000000 -0.999987 -1.796601 0.000000 1.000000 0.000000 0.000000 0.999987 0.000000 0.005088 0.248493
4366 0.004947 0.000000 -0.999988 -1.797651 0.000000 1.000000 0.000000 0.000000 0.999988 0.000000 0.004947 0.248493
4367 0.004807 0.000000 -0.999988 -1.798701 0.000000 1.000000 0.000000 0.000000 0.999988 0.000000 0.004807 0.248493
4368 0.004666 0.000000 -0.999989 -1.799751 0.000000 1.000000 0.000000 0.000000 0.999989 0.000000 0.004666 0.248494
4369 0.004526 0.000000 -0.999990 -1.800801 0.000000 1.000000 0.000000 0.000000 0.999990 0.000000 0.004526 0.248494
4370 0.004385 0.000000 -0.999990 -1.801851 0.000000 1.000000 0.000000 0.000000 0.999990 0.000000 0.004385 0.248494
4371 0.004245 0.000000 -0.999991 -1.802902 0.000000 1.000000 0.000000 0.000000 0.999991 0.000000 0.004245 0.248494
4372 0.004104 0.000000 -0.999992 -1.803952 0.000000 1.000000 0.000000 0.000000 0.999992 0.000000 0.004104 0.248494
4373 0.003963 0.000000 -0.999992 -1.805002 0.000000 1.000000 0.000000 0.000000 0.999992 0.000000 0.003963 0.248494
4374 0.003823 0.000000 -0.999993 -1.806052 0.000000 1.000000 0.000000 0.000000 0.999993 0.000000 0.003823 0.248494
4375 0.003682 0.000000 -0.999993 -1.807102 0.000000 1.000000 0.000000 0.000000 0.999993 0.000000 0.003682 0.248494
4376 0.003542 0.000000 -0.999994 -1.808153 0.000000 1.000000 0.000000 0.000000 0.999994 0.000000 0.003542 0.248494
4377 0.003698 0.000000 -0.999993 -1.809186 0.000000 1.000000 0.000000 0.000000 0.999993 0.000000 0.003698 0.248500
4378 0.004015 0.000000 -0.999992 -1.810210 0.000000 1.000000 0.000000 0.000000 0.999992 0.000000 0.004015 0.248508
4379 0.004331 0.000000 -0.999991 -1.811234 0.000000 1.000000 0.000000 0.000000 0.999991 0.000000 0.004331 0.248517
4380 0.004648 0.000000 -0.999989 -1.812258 0.000000 1.000000 0.000000 0.000000 0.999989 0.000000 0.004648 0.248525
4381 0.004964 0.000000 -0.999988 -1.813282 0.000000 1.000000 0.000000 0.000000 0.999988 0.000000 0.004964 0.248534
4382 0.005281 0.000000 -0.999986 -1.814307 0.000000 1.000000 0.000000 0.000000 0.999986 0.000000 0.005281 0.248542
4383 0.005597 0.000000 -0.999984 -1.815331 0.000000 1.000000 0.000000 0.000000 0.999984 0.000000 0.005597 0.248551
4384 0.005913 0.000000 -0.999983 -1.816355 0.000000 1.000000 0.000000 0.000000 0.999983 0.000000 0.005913 0.248559
4385 0.006230 0.000000 -0.999981 -1.817379 0.000000 1.000000 0.000000 0.000000 0.999981 0.000000 0.006230 0.248567
4386 0.006546 0.000000 -0.999979 -1.818403 0.000000 1.000000 0.000000 0.000000 0.999979 0.000000 0.006546 0.248576
4387 0.006863 0.000000 -0.999976 -1.819427 0.000000 1.000000 0.000000 0.000000 0.999976 0.000000 0.006863 0.248584
4388 0.007179 0.000000 -0.999974 -1.820452 0.000000 1.000000 0.000000 0.000000 0.999974 0.000000 0.007179 0.248593
4389 0.007330 0.000000 -0.999973 -1.821481 0.000000 1.000000 0.000000 0.000000 0.999973 0.000000 0.007330 0.248601
4390 0.007387 0.000000 -0.999973 -1.822513 0.000000 1.000000 0.000000 0.000000 0.999973 0.000000 0.007387 0.248609
4391 0.007445 0.000000 -0.999972 -1.823545 0.000000 1.000000 0.000000 0.000000 0.999972 0.000000 0.007445 0.248618
4392 0.007503 0.000000 -0.999972 -1.824577 0.000000 1.000000 0.000000 0.000000 0.999972 0.000000 0.007503 0.248626
4393 0.007561 0.000000 -0.999971 -1.825609 0.000000 1.000000 0.000000 0.000000 0.999971 0.000000 0.007561 0.248635
4394 0.007619 0.000000 -0.999971 -1.826641 0.000000 1.000000 0.000000 0.000000 0.999971 0.000000 0.007619 0.248643
4395 0.007676 0.000000 -0.999971 -1.827673 0.000000 1.000000 0.000000 0.000000 0.999971 0.000000 0.007676 0.248651
4396 0.007734 0.000000 -0.999970 -1.828705 0.000000 1.000000 0.000000 0.000000 0.999970 0.000000 0.007734 0.248660
4397 0.007792 0.000000 -0.999970 -1.829737 0.000000 1.000000 0.000000 0.000000 0.999970 0.000000 0.007792 0.248668
4398 0.007850 0.000000 -0.999969 -1.830769 0.000000 1.000000 0.000000 0.000000 0.999969 0.000000 0.007850 0.248676
4399 0.007908 0.000000 -0.999969 -1.831801 0.000000 1.000000 0.000000 0.000000 0.999969 0.000000 0.007908 0.248685
4400 0.007965 0.000000 -0.999968 -1.832833 0.000000 1.000000 0.000000 0.000000 0.999968 0.000000 0.007965 0.248693
4401 0.008054 0.000000 -0.999968 -1.833853 0.000000 1.000000 0.000000 0.000000 0.999968 0.000000 0.008054 0.248701
4402 0.008171 0.000000 -0.999967 -1.834863 0.000000 1.000000 0.000000 0.000000 0.999967 0.000000 0.008171 0.248710
4403 0.008288 0.000000 -0.999966 -1.835874 0.000000 1.000000 0.000000 0.000000 0.999966 0.000000 0.008288 0.248718
4404 0.008405 0.000000 -0.999965 -1.836884 0.000000 1.000000 0.000000 0.000000 0.999965 0.000000 0.008405 0.248727
4405 0.008522 0.000000 -0.999964 -1.837894 0.000000 1.000000 0.000000 0.000000 0.999964 0.000000 0.008522 0.248735
4406 0.008639 0.000000 -0.999963 -1.838904 0.000000 1.000000 0.000000 0.000000 0.999963 0.000000 0.008639 0.248744
4407 0.008756 0.000000 -0.999962 -1.839914 0.000000 1.000000 0.000000 0.000000 0.999962 0.000000 0.008756 0.248752
4408 0.008872 0.000000 -0.999961 -1.840924 0.000000 1.000000 0.000000 0.000000 0.999961 0.000000 0.008872 0.248761
4409 0.008989 0.000000 -0.999960 -1.841935 0.000000 1.000000 0.000000 0.000000 0.999960 0.000000 0.008989 0.248769
4410 0.009106 0.000000 -0.999959 -1.842945 0.000000 1.000000 0.000000 0.000000 0.999959 0.000000 0.009106 0.248777
4411 0.009223 0.000000 -0.999957 -1.843955 0.000000 1.000000 0.000000 0.000000 0.999957 0.000000 0.009223 0.248786
4412 0.009340 0.000000 -0.999956 -1.844965 0.000000 1.000000 0.000000 0.000000 0.999956 0.000000 0.009340 0.248794
4413 0.009160 0.000000 -0.999958 -1.845971 0.000000 1.000000 0.000000 0.000000 0.999958 0.000000 0.009160 0.248803
4414 0.008737 0.000000 -0.999962 -1.846974 0.000000 1.000000 0.000000 0.000000 0.999962 0.000000 0.008737 0.248811
4415 0.008315 0.000000 -0.999965 -1.847977 0.000000 1.000000 0.000000 0.000000 0.999965 0.000000 0.008315 0.248820
4416 0.007892 0.000000 -0.999969 -1.848980 0.000000 1.000000 0.000000 0.000000 0.999969 0.000000 0.007892 0.248828
4417 0.007469 0.000000 -0.999972 -1.849983 0.000000 1.000000 0.000000 0.000000 0.999972 0.000000 0.007469 0.248836
4418 0.007046 0.000000 -0.999975 -1.850986 0.000000 1.000000 0.000000 0.000000 0.999975 0.000000 0.007046 0.248845
4419 0.006624 0.000000 -0.999978 -1.851989 0.000000 1.000000 0.000000 0.000000 0.999978 0.000000 0.006624 0.248853
4420 0.006201 0.000000 -0.999981 -1.852992 0.000000 1.000000 0.000000 0.000000 0.999981 0.000000 0.006201 0.248862
4421 0.005778 0.000000 -0.999983 -1.853995 0.000000 1.000000 0.000000 0.000000 0.999983 0.000000 0.005778 0.248870
4422 0.005356 0.000000 -0.999986 -1.854998 0.000000 1.000000 0.000000 0.000000 0.999986 0.000000 0.005356 0.248878
4423 0.004933 0.000000 -0.999988 -1.856001 0.000000 1.000000 0.000000 0.000000 0.999988 0.000000 0.004933 0.248887
4424 0.004510 0.000000 -0.999990 -1.857004 0.000000 1.000000 0.000000 0.000000 0.999990 0.000000 0.004510 0.248895
4425 0.004357 0.000000 -0.999991 -1.858008 0.000000 1.000000 0.000000 0.000000 0.999991 0.000000 0.004357 0.248903
4426 0.004490 0.000000 -0.999990 -1.859013 0.000000 1.000000 0.000000 0.000000 0.999990 0.000000 0.004490 0.248912
4427 0.004623 0.000000 -0.999989 -1.860019 0.000000 1.000000 0.000000 0.000000 0.999989 0.000000 0.004623 0.248920
4428 0.004756 0.000000 -0.999989 -1.861024 0.000000 1.000000 0.000000 0.000000 0.999989 0.000000 0.004756 0.248929
4429 0.004889 0.000000 -0.999988 -1.862030 0.000000 1.000000 0.000000 0.000000 0.999988 0.000000 0.004889 0.248937
4430 0.005022 0.000000 -0.999987 -1.863035 0.000000 1.000000 0.000000 0.000000 0.999987 0.000000 0.005022 0.248946
4431 0.005155 0.000000 -0.999987 -1.864041 0.000000 1.000000 0.000000 0.000000 0.999987 0.000000 0.005155 0.248954
4432 0.005288 0.000000 -0.999986 -1.865046 0.000000 1.000000 0.000000 0.000000 0.999986 0.000000 0.005288 0.248962
4433 0.005421 0.000000 -0.999985 -1.866052 0.000000 1.000000 0.000000 0.000000 0.999985 0.000000 0.005421 0.248971
4434 0.005554 0.000000 -0.999985 -1.867057 0.000000 1.000000 0.000000 0.000000 0.999985 0.000000 0.005554 0.248979
4435 0.005687 0.000000 -0.999984 -1.868063 0.000000 1.000000 0.000000 0.000000 0.999984 0.000000 0.005687 0.248988
4436 0.005820 0.000000 -0.999983 -1.869068 0.000000 1.000000 0.000000 0.000000 0.999983 0.000000 0.005820 0.248996
4437 0.005844 0.000000 -0.999983 -1.869627 0.000000 1.000000 0.000000 0.000000 0.999983 0.000000 0.005844 0.249001
4438 0.005736 0.000000 -0.999984 -1.869643 0.000000 1.000000 0.000000 0.000000 0.999984 0.000000 0.005736 0.249001
4439 0.005628 0.000000 -0.999984 -1.869660 0.000000 1.000000 0.000000 0.000000 0.999984 0.000000 0.005628 0.249001
4440 0.005521 0.000000 -0.999985 -1.869677 0.000000 1.000000 0.000000 0.000000 0.999985 0.000000 0.005521 0.249001
4441 0.005413 0.000000 -0.999985 -1.869693 0.000000 1.000000 0.000000 0.000000 0.999985 0.000000 0.005413 0.249001
4442 0.005305 0.000000 -0.999986 -1.869710 0.000000 1.000000 0.000000 0.000000 0.999986 0.000000 0.005305 0.249001
4443 0.005198 0.000000 -0.999986 -1.869726 0.000000 1.000000 0.000000 0.000000 0.999986 0.000000 0.005198 0.249001
4444 0.005090 0.000000 -0.999987 -1.869743 0.000000 1.000000 0.000000 0.000000 0.999987 0.000000 0.005090 0.249001
4445 0.004982 0.000000 -0.999988 -1.869759 0.000000 1.000000 0.000000 0.000000 0.999988 0.000000 0.004982 0.249001
4446 0.004874 0.000000 -0.999988 -1.869776 0.000000 1.000000 0.000000 0.000000 0.999988 0.000000 0.004874 0.249001
4447 0.004767 0.000000 -0.999989 -1.869793 0.000000 1.000000 0.000000 0.000000 0.999989 0.000000 0.004767 0.249001
4448 0.004659 0.000000 -0.999989 -1.869809 0.000000 1.000000 0.000000 0.000000 0.999989 0.000000 0.004659 0.249001
4449 0.004593 0.000000 -0.999989 -1.869819 0.000000 1.000000 0.000000 0.000000 0.999989 0.000000 0.004593 0.249001
4450 0.004593 0.000000 -0.999989 -1.869819 0.000000 1.000000 0.000000 0.000000 0.999989 0.000000 0.004593 0.249001
4451 0.004593 0.000000 -0.999989 -1.869819 0.000000 1.000000 0.000000 0.000000 0.999989 0.000000 0.004593 0.249001
4452 0.004593 0.000000 -0.999989 -1.869819 0.000000 1.000000 0.000000 0.000000 0.999989 0.000000 0.004593 0.249001
4453 0.004593 0.000000 -0.999989 -1.869819 0.000000 1.000000 0.000000 0.000000 0.999989 0.000000 0.004593 0.249001
4454 0.004593 0.000000 -0.999989 -1.869819 0.000000 1.000000 0.000000 0.000000 0.999989 0.000000 0.004593 0.249001
4455 0.004593 0.000000 -0.999989 -1.869819 0.000000 1.000000 0.000000 0.000000 0.999989 0.000000 0.004593 0.249001
4456 0.004593 0.000000 -0.999989 -1.869819 0.000000 1.000000 0.000000 0.000000 0.999989 0.000000 0.004593 0.249001
4457 0.004593 0.000000 -0.999989 -1.869819 0.000000 1.000000 0.000000 0.000000 0.999989 0.000000 0.004593 0.249001
4458 0.004593 0.000000 -0.999989 -1.869819 0.000000 1.000000 0.000000 0.000000 0.999989 0.000000 0.004593 0.249001
4459 0.004593 0.000000 -0.999989 -1.869819 0.000000 1.000000 0.000000 0.000000 0.999989 0.000000 0.004593 0.249001
4460 0.004593 0.000000 -0.999989 -1.869819 0.000000 1.000000 0.000000 0.000000 0.999989 0.000000 0.004593 0.249001
4461 0.004587 0.000000 -0.999989 -1.869819 0.000000 1.000000 0.000000 0.000000 0.999989 0.000000 0.004587 0.249001
4462 0.004570 0.000000 -0.999990 -1.869819 0.000000 1.000000 0.000000 0.000000 0.999990 0.000000 0.004570 0.249001
4463 0.004554 0.000000 -0.999990 -1.869819 0.000000 1.000000 0.000000 0.000000 0.999990 0.000000 0.004554 0.249001
4464 0.004537 0.000000 -0.999990 -1.869819 0.000000 1.000000 0.000000 0.000000 0.999990 0.000000 0.004537 0.249001
4465 0.004520 0.000000 -0.999990 -1.869819 0.000000 1.000000 0.000000 0.000000 0.999990 0.000000 0.004520 0.249001
4466 0.004504 0.000000 -0.999990 -1.869819 0.000000 1.000000 0.000000 0.000000 0.999990 0.000000 0.004504 0.249001
4467 0.004487 0.000000 -0.999990 -1.869819 0.000000 1.000000 0.000000 0.000000 0.999990 0.000000 0.004487 0.249001
4468 0.004470 0.000000 -0.999990 -1.869819 0.000000 1.000000 0.000000 0.000000 0.999990 0.000000 0.004470 0.249001
4469 0.004454 0.000000 -0.999990 -1.869819 0.000000 1.000000 0.000000 0.000000 0.999990 0.000000 0.004454 0.249001
4470 0.004437 0.000000 -0.999990 -1.869819 0.000000 1.000000 0.000000 0.000000 0.999990 0.000000 0.004437 0.249001
4471 0.004420 0.000000 -0.999990 -1.869819 0.000000 1.000000 0.000000 0.000000 0.999990 0.000000 0.004420 0.249001
4472 0.004404 0.000000 -0.999990 -1.869819 0.000000 1.000000 0.000000 0.000000 0.999990 0.000000 0.004404 0.249001
4473 0.004398 0.000000 -0.999990 -1.869819 0.000000 1.000000 0.000000 0.000000 0.999990 0.000000 0.004398 0.249001
4474 0.004415 0.000000 -0.999990 -1.869819 0.000000 1.000000 0.000000 0.000000 0.999990 0.000000 0.004415 0.249001
4475 0.004431 0.000000 -0.999990 -1.869819 0.000000 1.000000 0.000000 0.000000 0.999990 0.000000 0.004431 0.249001
4476 0.004448 0.000000 -0.999990 -1.869819 0.000000 1.000000 0.000000 0.000000 0.999990 0.000000 0.004448 0.249001
4477 0.004465 0.000000 -0.999990 -1.869819 0.000000 1.000000 0.000000 0.000000 0.999990 0.000000 0.004465 0.249001
4478 0.004481 0.000000 -0.999990 -1.869819 0.000000 1.000000 0.000000 0.000000 0.999990 0.000000 0.004481 0.249001
4479 0.004498 0.000000 -0.999990 -1.869819 0.000000 1.000000 0.000000 0.000000 0.999990 0.000000 0.004498 0.249001
4480 0.004515 0.000000 -0.999990 -1.869819 0.000000 1.000000 0.000000 0.000000 0.999990 0.000000 0.004515 0.249001
4481 0.004531 0.000000 -0.999990 -1.869819 0.000000 1.000000 0.000000 0.000000 0.999990 0.000000 0.004531 0.249001
4482 0.004548 0.000000 -0.999990 -1.869819 0.000000 1.000000 0.000000 0.000000 0.999990 0.000000 0.004548 0.249001
4483 0.004565 0.000000 -0.999990 -1.869819 0.000000 1.000000 0.000000 0.000000 0.999990 0.000000 0.004565 0.249001
4484 0.004581 0.000000 -0.999990 -1.869819 0.000000 1.000000 0.000000 0.000000 0.999990 0.000000 0.004581 0.249001
4485 0.004593 0.000000 -0.999989 -1.869819 0.000000 1.000000 0.000000 0.000000 0.999989 0.000000 0.004593 0.249001
4486 0.004593 0.000000 -0.999989 -1.869819 0.000000 1.000000 0.000000 0.000000 0.999989 0.000000 0.004593 0.249001
4487 0.004593 0.000000 -0.999989 -1.869819 0.000000 1.000000 0.000000 0.000000 0.999989 0.000000 0.004593 0.249001
4488 0.004593 0.000000 -0.999989 -1.869819 0.000000 1.000000 0.000000 0.000000 0.999989 0.000000 0.004593 0.249001
4489 0.004593 0.000000 -0.999989 -1.869819 0.000000 1.000000 0.000000 0.000000 0.999989 0.000000 0.004593 0.249001
4490 0.004593 0.000000 -0.999989 -1.869819 0.000000 1.000000 0.000000 0.000000 0.999989 0.000000 0.004593 0.249001
4491 0.004593 0.000000 -0.999989 -1.869819 0.000000 1.000000 0.000000 0.000000 0.999989 0.000000 0.004593 0.249001
4492 0.004593 0.000000 -0.999989 -1.869819 0.000000 1.000000 0.000000 0.000000 0.999989 0.000000 0.004593 0.249001
4493 0.004593 0.000000 -0.999989 -1.869819 0.000000 1.000000 0.000000 0.000000 0.999989 0.000000 0.004593 0.249001
4494 0.004593 0.000000 -0.999989 -1.869819 0.000000 1.000000 0.000000 0.000000 0.999989 0.000000 0.004593 0.249001
4495 0.004593 0.000000 -0.999989 -1.869819 0.000000 1.000000 0.000000 0.000000 0.999989 0.000000 0.004593 0.249001
4496 0.004593 0.000000 -0.999989 -1.869819 0.000000 1.000000 0.000000 0.000000 0.999989 0.000000 0.004593 0.249001
4497 0.004593 0.000000 -0.999989 -1.869819 0.000000 1.000000 0.000000 0.000000 0.999989 0.000000 0.004593 0.249001
4498 0.004593 0.000000 -0.999989 -1.869819 0.000000 1.000000 0.000000 0.000000 0.999989 0.000000 0.004593 0.249001
4499 0.004593 0.000000 -0.999989 -1.869819 0.000000 1.000000 0.000000 0.000000 0.999989 0.000000 0.004593 0.249001
4500 0.004593 0.000000 -0.999989 -1.869819 0.000000 1.000000 0.000000 0.000000 0.999989 0.000000 0.004593 0.249001
4501 0.004593 0.000000 -0.999989 -1.869819 0.000000 1.000000 0.000000 0.000000 0.999989 0.000000 0.004593 0.249001
4502 0.004593 0.000000 -0.999989 -1.869819 0.000000 1.000000 0.000000 0.000000 0.999989 0.000000 0.004593 0.249001
4503 0.004593 0.000000 -0.999989 -1.869819 0.000000 1.000000 0.000000 0.000000 0.999989 0.000000 0.004593 0.249001
4504 0.004593 0.000000 -0.999989 -1.869819 0.000000 1.000000 0.000000 0.000000 0.999989 0.000000 0.004593 0.249001
4505 0.004593 0.000000 -0.999989 -1.869819 0.000000 1.000000 0.000000 0.000000 0.999989 0.000000 0.004593 0.249001
4506 0.004593 0.000000 -0.999989 -1.869819 0.000000 1.000000 0.000000 0.000000 0.999989 0.000000 0.004593 0.249001
4507 0.004593 0.000000 -0.999989 -1.869819 0.000000 1.000000 0.000000 0.000000 0.999989 0.000000 0.004593 0.249001
4508 0.004593 0.000000 -0.999989 -1.869819 0.000000 1.000000 0.000000 0.000000 0.999989 0.000000 0.004593 0.249001
4509 0.004593 0.000000 -0.999989 -1.869819 0.000000 1.000000 0.000000 0.000000 0.999989 0.000000 0.004593 0.249001
