0 1.0 9.312280222113778e-18 0.0 -3.9970722914677805e-17 -5.8563857973162325e-18 0.9999999999999999 0.0 -3.747255273251044e-18 0.0 0.0 1.0 -1.2490850910836814e-18
1 0.999974888446074 -0.006890771027523347 -0.0016552193081984588 0.04110591770697586 0.006890251547856212 0.9999762109444811 -0.0003193404983322101 0.00047296716974016916 0.001657380433937635 0.00030792760255779483 0.9999985791351057 -0.00236502278648205
2 0.9999104463733159 -0.01324124217906168 -0.0019413237454854034 0.0807691591734439 0.013239525976335553 0.9999119537670077 -0.0008942394378954584 0.0011671917791183152 0.0019529936601975178 0.0008684571497854909 0.9999977157970238 -0.0030316810874259706
3 0.9997681599192942 -0.021527331518147425 -0.0004476702350287936 0.13284957027210012 0.021526178058127454 0.9997653100690725 -0.002438942536000786 0.0019949167315521377 0.0005000690963986108 0.0024287404629840864 0.9999969255712026 -0.004626942366657611
4 0.9995276811479066 -0.03063064672101877 0.0024855785699871374 0.18480042299153376 0.030637936631182677 0.9995261954969183 -0.002949805790900495 0.0026451273582382986 -0.002394046432295683 0.003024565541536281 0.9999925602451772 -0.005651579589793465
5 0.9992790418786944 -0.03773911599271966 0.0041419302080000185 0.22678614509652092 0.03775362848871224 0.9992810063408554 -0.003483375097267179 0.005423571079700905 -0.004007492689614225 0.003637236624864343 0.999985355149147 -0.008441801386457962
6 0.9989506666321005 -0.045601081291805484 0.004255234375842959 0.26851358180758406 0.04561858294483314 0.9989504726247117 -0.004110733754095148 0.00732425776573998 -0.00406331448729237 0.004300537986605531 0.9999824972710581 -0.009599382109916814
7 0.9983765282396303 -0.05688510344826264 0.002897044274757931 0.32397235676927405 0.0568985505727723 0.9983684624304843 -0.004792511549242288 0.010172574157458042 -0.0026196951229065096 0.004949568663261186 0.9999843193609695 -0.011654396539773758
8 0.9976406769996352 -0.0685653796318962 0.0034450416204971266 0.38054542485016457 0.0685841734787577 0.9976292178171355 -0.005670529518930882 0.013268077467950678 -0.0030480721688902384 0.005893426240849277 0.9999779881492261 -0.012707976862589771
9 0.9967234267983488 -0.08076968899805738 0.004320626070493579 0.4372291122199439 0.0807955305933932 0.9967115124073884 -0.006184114317689302 0.01788334651715423 -0.003806928755026111 0.006512938891278501 0.9999715440552495 -0.014078760768319671
10 0.9958805523577047 -0.09058389067972339 0.004060071963564954 0.48178988225949665 0.09060967259921979 0.9958639888349137 -0.006693502316437967 0.02232857836876513 -0.0034369559781773093 0.007033810575604863 0.999969355952036 -0.015193331701884808
11 0.9948552049129551 -0.10125128380664573 0.0033613663620091056 0.5238860855440516 0.10127617006451425 0.9948235737791398 -0.008318318865167672 0.026250331416523182 -0.002501726032219994 0.008615949131397075 0.9999597525839735 -0.016074873134132552
12 0.993241026550125 -0.11603984830657649 0.0026489210200410602 0.5813130288317874 0.11605937418164733 0.9932006995715276 -0.009088016034125729 0.03244988819170753 -0.0015763382082744715 0.009334022491408338 0.999955194587458 -0.017587309428952307
13 0.9913314639790103 -0.13133662295530663 0.003552463396689259 0.6398615390949418 0.13136197687203147 0.9913003422969082 -0.008225715337466523 0.04036942061852086 -0.0024412205081885967 0.008621069042441712 0.9999598579999818 -0.019145285647878558
14 0.9895543064244168 -0.14408528449144067 0.004658908541900978 0.6840799603891494 0.14411902224953937 0.9895282506404026 -0.007971738247599208 0.0460123593840534 -0.003461511446618711 0.008559905256798762 0.9999573720718502 -0.02054845416283581
15 0.9864234791239669 -0.16415541683415422 0.004660360085633089 0.7412636147227899 0.1641909411615712 0.9863903234900206 -0.008687034266989364 0.05489599609681386 -0.0031709103618470375 0.009334283473613241 0.9999514070594191 -0.021934214258009004
16 0.9836613731535376 -0.1799827362405027 0.004064187643200552 0.7829476306877888 0.18001202358238985 0.9836265451571936 -0.008630818448333154 0.06303108057691158 -0.0024442445297880497 0.009221405369323296 0.9999544946410183 -0.02215791338957918
17 0.9795911428491794 -0.20095769872100636 0.0041468272641541175 0.840901573871125 0.2009884878948526 0.9795495729692655 -0.00928772460448495 0.07389242274049518 -0.002195583113091585 0.009931637301884483 0.9999482696595009 -0.023425319576034415
18 0.9763913836978118 -0.21596602427089168 0.004306065587183477 0.8818525477379633 0.2159989557073594 0.9763439462205402 -0.009846309559663077 0.08158133959592397 -0.00207773273881124 0.010543957486852348 0.9999422523263265 -0.024699358140806777
19 0.9715446564490112 -0.23679287760450496 0.005487589673012367 0.9386843067488527 0.23684123811167748 0.971484090904331 -0.011175376928423162 0.09497322178029162 -0.0026848564037842233 0.012157065271012686 0.999922495651677 -0.02594208681801745
20 0.9673448407800143 -0.2533699650878422 0.006900710620406345 0.9797235426863717 0.25343715731144706 0.967279788775612 -0.011807519633627953 0.10449068338541806 -0.0036832470742791884 0.01317083968431266 0.9999064769634949 -0.026737459959915246
21 0.9605311086474275 -0.2780420272749161 0.008521759783191356 1.0329231626081883 0.2781328129379937 0.9604610417814726 -0.012519009039707787 0.11802976921816472 -0.004704007626210682 0.014395078652174199 0.999885320435559 -0.027481897895850184
22 0.9542852757837094 -0.29880398916563394 0.007469168682145944 1.073991780115931 0.2988794277887345 0.9542036225139352 -0.012904821820350975 0.13029324553903043 -0.003271095574187222 0.014547262311720906 0.9998888323677405 -0.028370999862960766
23 0.9451484038153036 -0.3266088136482851 0.0046019139094787736 1.1270694518465036 0.3266411913993896 0.945061546705418 -0.012814250618290467 0.14681828250901222 -0.00016384468422641686 0.013614543160622657 0.9999073043891276 -0.028490302402784225
24 0.9379119618948669 -0.3468637893053645 0.0025813567273270384 1.1662735425563153 0.34686674585854055 0.9378219390142816 -0.013170851125479461 0.16013293386121036 0.002147638358655768 0.013248485627642926 0.9999099285829817 -0.029028072803691154
25 0.9270450542917262 -0.37493646019847515 0.0031809002018526595 1.2188842489207483 0.3749379565657795 0.9269141717408138 -0.015863383991024764 0.18001627250743654 0.0029993395638501204 0.0158987118963445 0.9998691088954053 -0.029673541401233784
26 0.917796046411136 -0.397029163544441 0.0042732290885882825 1.2557642179873199 0.3970395157083584 0.9176277791687946 -0.017857263596677022 0.1953211848973467 0.0031686207111299176 0.01808596673653636 0.9998314146151336 -0.029680943339032838
27 0.903727424165843 -0.4280682224419915 0.0058600124880047975 1.3043474028635351 0.42809857620561637 0.903529764616129 -0.01911997655374982 0.2165932941391025 0.002889958672647638 0.019787910164037456 0.9998000233797424 -0.02895740608152957
28 0.8875561281679432 -0.4606334314042966 0.007807766914845485 1.3500203370156556 0.46069511852624806 0.8873452946018845 -0.019450858931845637 0.2359228500855485 0.0020315306604063903 0.02086072914804985 0.9997803273033014 -0.029098303398256226
29 0.8740418714615126 -0.48576275051286444 0.009238893146354886 1.3882833354666113 0.4858489863832609 0.8738318916658019 -0.019198633740185447 0.2564709125198328 0.0012527416568690961 0.021269116634037605 0.9997730018938472 -0.030274281498481458
30 0.8592886428085393 -0.511387720241975 0.01027754470981908 1.421738766892815 0.5114905102275651 0.8590869676415771 -0.0186290089460269 0.2759051928551904 0.0006973416960101711 0.02126456240190607 0.9997736404310555 -0.03060179977307563
31 0.8371962018152062 -0.5468325726037743 0.00875541011542681 1.4674290345002885 0.5468888354714717 0.8369539235951854 -0.020511738437729934 0.3037233779184008 0.003888611848767929 0.02196058555566638 0.9997512747581412 -0.031862696016412825
32 0.8135122670488328 -0.5815190113181032 0.005781940614296592 1.5074181832751803 0.5814791465314791 0.8132233715848454 -0.02344674935849382 0.32688935804474617 0.008932721265520369 0.022436296120305916 0.9997083670292386 -0.03231923480093226
33 0.794772573188639 -0.6068717873409658 0.006571958332689544 1.5373332898534333 0.6068184621278436 0.7944242058023958 -0.025720327681337828 0.34518044649106855 0.010388018451968687 0.024429796664173813 0.9996475749527464 -0.03383526074838048
34 0.7686696753967702 -0.6395816539386684 0.009068520855752273 1.576931172700483 0.639570485965907 0.768283996427042 -0.0262544151682002 0.3734166405997139 0.00982464283158181 0.025980931076303344 0.9996141593709494 -0.034956806477726574
35 0.7477936649443946 -0.6638217922518013 0.012052501801582965 1.6040317651775386 0.6638740993859951 0.7473680694937597 -0.026686117459002734 0.39251087608031593 0.00870717131567774 0.02795705335759085 0.9995712022346749 -0.034335990281179465
36 0.7179549475780468 -0.6959289745396312 0.01495177730303636 1.637391935112509 0.6960471822563474 0.717508544096465 -0.026453907474271926 0.41894965795444694 0.007682012736711928 0.029399856216348372 0.9995382109433685 -0.03302924922048563
37 0.6950004001552074 -0.7188687981380137 0.014216006719985762 1.664598419546165 0.7189358183607769 0.6945107242055104 -0.02803824246713309 0.44327089811849746 0.010282648542007925 0.02970698615930006 0.999505758919623 -0.03300385936696063
38 0.6622692646875253 -0.7491480250581816 0.013291260380412544 1.6985723092412452 0.7491416658476833 0.6617321979483021 -0.029954343411060867 0.47596023586742825 0.013644982264047898 0.029794877929009214 0.9994628956134691 -0.032529378498079055
39 0.6369319582754273 -0.7708134711267389 0.012816912943503445 1.7209360508238178 0.7707702165450548 0.6363924358646337 -0.030297538851068017 0.49696693846174167 0.015197164641171683 0.029176365517105667 0.9994587464638471 -0.03171156003965533
40 0.6030851192320265 -0.7975785916744446 0.012519147838003356 1.751525311415575 0.7974766345764237 0.6025078855244436 -0.031863226213618534 0.5260115635859767 0.017870541798104152 0.029199965466563386 0.9994138310797905 -0.02921029095696471
41 0.5790862236648219 -0.8151744406853896 0.012238333797979855 1.7722591595779305 0.8150045557322873 0.5784547141203988 -0.03402525307550153 0.5528879814434322 0.020657194766682315 0.02967785311302887 0.9993460388374535 -0.029419133731967032
42 0.5466857369913461 -0.8372399406885108 0.012805728597884486 1.7971718883334338 0.8370507450297748 0.5460339001033436 -0.03454026898899958 0.5883685408991283 0.02192613083000147 0.02960171707235829 0.999321261224038 -0.030672410703334096
43 0.5138801726600617 -0.857758222364464 0.013341668288116905 1.8223702020095898 0.8575818349577656 0.5132528106111881 -0.03354025566859696 0.6206452858481044 0.02192178133253525 0.02867724474683877 0.9993483132206323 -0.028906712310023445
44 0.49018616409205445 -0.8715017352764524 0.01422146065652848 1.840307416800537 0.871347876627853 0.4895631507809534 -0.03287551206071196 0.6431328919024153 0.021688762722010112 0.028506960695750143 0.9993582694735016 -0.02820110315087842
45 0.4592494586646883 -0.8881954264033501 0.014100327399144033 1.861922582101191 0.8880252489748489 0.458645775207133 -0.032483997088103456 0.6735288294841999 0.022385082054645487 0.027439704827281097 0.9993727886538738 -0.02534634498209696
46 0.43570715077989475 -0.8999937444766526 0.013059045236862594 1.8775041864586608 0.8997206348254643 0.43506849114902785 -0.03490253971665995 0.6976650245271918 0.025730488305625257 0.026956778605747567 0.9993053957922159 -0.02538161729264614
47 0.40481851228039234 -0.9143278441098971 0.011250137806074194 1.8972101581198058 0.9138693062072887 0.40413630027881586 -0.03894537159210225 0.7278420614827753 0.031062248576118185 0.026046963020046325 0.9991780083806368 -0.024285089305814994
48 0.3752811573710335 -0.9268204127816303 0.012960531332285904 1.9160299443706417 0.9263664518518703 0.37454477529119135 -0.039514657847662525 0.7566227723834521 0.03176869220221838 0.02683530795552415 0.9991349340517273 -0.022067654045770584
49 0.3547883769030429 -0.9348306741526605 0.014724750515303532 1.9296004828475937 0.9344582309230397 0.3540500631984607 -0.03789943809846141 0.7800343753370217 0.03021625841752974 0.02720594444586795 0.9991730652472668 -0.021184587772464233
50 0.32968261310710084 -0.943954309758217 0.01611321517736914 1.9444407050600436 0.9436719782081745 0.3289790523521406 -0.035439817399085784 0.8116054099458586 0.028152658111899594 0.02688948125036985 0.999241904465166 -0.018603129937135924
51 0.30634557508669596 -0.9517615574884133 0.017387533231405513 1.9605713347682796 0.9515229092228847 0.305638797796498 -0.03448301762341771 0.8421510882259033 0.027505305807216593 0.027108356068752122 0.9992540193488776 -0.016160405975878724
52 0.29130579503709975 -0.9564611496500477 0.01797228388841885 1.9700228207335544 0.9562063337435588 0.29056633449899977 -0.03522289827883242 0.8674980831934883 0.02846719312983216 0.027445846072809973 0.9992178663576532 -0.016999137327502023
53 0.27229528523724805 -0.962076505458139 0.016250393286895648 1.9843363168958945 0.9617447335004828 0.2715965076128663 -0.035810677678159084 0.8975855904316254 0.030039061575094457 0.025379808854320538 0.9992264608597899 -0.015353279896699457
54 0.2592715658050646 -0.9656842077216234 0.015240279605221407 1.9941122608643447 0.9652577404283864 0.25856165615082166 -0.03772750336730863 0.921734063921782 0.03249230226498922 0.024492466727276955 0.9991718417612656 -0.013336158842370433
55 0.24208814290753133 -0.9701428461619164 0.014703370470153895 2.0080168158843796 0.9695442165626301 0.24130354955821146 -0.04191192074342166 0.9561179578534625 0.037112574594343986 0.0244019468615908 0.9990131139265583 -0.01352945127429764
56 0.229962294342011 -0.9730897529344468 0.014617657656539709 2.015898617555844 0.9725001314434856 0.2292017572450302 -0.041352736510837367 0.9808049711150908 0.03688953133380169 0.023725244158948756 0.9990376745990833 -0.01144763151495385
57 0.21423482076960335 -0.9766603720467577 0.015425927646761978 2.0265213166735427 0.9762857854144613 0.21359582162351365 -0.03525464767335916 1.0121353906829234 0.031136903624114344 0.02261288701453939 0.9992593009697288 -0.008809720306507592
58 0.19932638424556479 -0.9797983374109543 0.016254554761303785 2.0362587173301185 0.9796080380041111 0.1988055894007829 -0.029059069158555245 1.044435663699701 0.025240531308824636 0.02171533168383604 0.9994455262538329 -0.00749373467371427
59 0.18892245002309613 -0.9818527735728821 0.016535988157598307 2.0442657927466996 0.9817353146121669 0.1884612820286824 -0.026040683905874943 1.0695030356956128 0.02245172419092548 0.02115363334050571 0.9995241087031637 -0.006325690060394807
60 0.18062386679490722 -0.9834055975999627 0.016983796795647016 2.051162458735088 0.9832600044657459 0.18012236314980778 -0.02748996018141676 1.0946590769285693 0.02397461910596211 0.02166483101951093 0.9994777900166347 -0.007054118996108478
61 0.17090971691576468 -0.9851525707896549 0.01625671951906127 2.0598052119628036 0.984863974256037 0.1703298730522536 -0.032104307465580136 1.1270133485997949 0.028858636062014383 0.021497595495028762 0.9993523065035294 -0.008586791968758804
62 0.16136521225478986 -0.9867662129927064 0.0159282506917907 2.0685468274234484 0.9864153082307615 0.16076277631956484 -0.03376639508418426 1.1585961097212107 0.030758868001463515 0.021160591825791046 0.999302817665174 -0.006087184522022693
63 0.1515983268576751 -0.9883166189102919 0.015754620918452852 2.0767921943051637 0.9879908497001041 0.1510282475035135 -0.03262743268518891 1.1881695892065582 0.029866841168373987 0.020511685512692505 0.9993434057200086 -0.0049091527359700765
64 0.14388799252169393 -0.9894691649500574 0.01571678151744567 2.0854846840451526 0.9891640679597173 0.14333924555472558 -0.03175385552901676 1.2102041629567373 0.029166629309101223 0.02011547406794189 0.9993721406151169 -0.005701194195922519
65 0.13724708897781177 -0.9904146565749048 0.015557782895976181 2.0923374697882338 0.9901353557191094 0.1367273915675272 -0.030620217992319117 1.2341656952278188 0.028199537613501587 0.01960684668630111 0.9994100047733936 -0.004172525624325912
66 0.12841860299771568 -0.9915909219389465 0.01600331003917581 2.101888773000377 0.9913219931681735 0.12789318008956263 -0.030398031944473984 1.266689259410895 0.02809569830887418 0.01976810600232337 0.9994097526655709 -0.0031406495490638726
67 0.12054784716625058 -0.9925597155584076 0.01712972836609746 2.109426030634226 0.9923060602607245 0.11999046318388763 -0.030511825807854245 1.2994760793678166 0.028229405104982442 0.02067606818291409 0.9993876129371451 -0.0013515423843130565
68 0.11515418715930938 -0.9931903977930024 0.017673338984439 2.1143381820619496 0.992950620867712 0.11458697825572765 -0.03031318081782446 1.3251609766283377 0.028081625605484994 0.02103944261515602 0.9993841924702366 -0.0017382162696305274
69 0.10732069261396085 -0.9940379105983673 0.019258796179794473 2.122661869324757 0.9939069602584996 0.10677679181685208 -0.027343574711427933 1.355981065615432 0.025124157404786993 0.02207598294649459 0.9994405573585188 -0.0003059375848879858
70 0.10088814467278566 -0.9946700349123017 0.021286237627330645 2.129868149043191 0.9946364281242075 0.10034818209102002 -0.025072259535131817 1.3813265437348998 0.022802590018908594 0.023701561109233663 0.999458992600345 -0.0009157866342982995
71 0.0948054317103505 -0.9952596237886837 0.021684357816806728 2.1347045715331516 0.9952884815984059 0.09431864605652127 -0.022468453490429564 1.4148525841329533 0.020316705298722353 0.02371232299975523 0.9995123597156649 0.0005008613997408319
72 0.08885370125772735 -0.9958178671432779 0.021255475794681747 2.1393244030077834 0.9958173845485137 0.08835732038837453 -0.02325339898967601 1.4395882022410882 0.02127807330122951 0.023232722880376398 0.9995036188948869 0.0006520124114932847
73 0.08166179011403704 -0.9964385866068576 0.021011786132218855 2.1443020089971396 0.9964191839801272 0.08116039160397961 -0.023702333859778005 1.4729525812203645 0.021912595260062142 0.022872121804191677 0.9994982262184906 -0.00034423614922047115
74 0.07582141492571172 -0.9968938683495351 0.021300898688204804 2.147360098186517 0.9968722164339372 0.07530759978769935 -0.02396976252568201 1.5093118349020902 0.022291189735574573 0.023051695398538765 0.9994857288624865 0.00014713775050133673
75 0.07257320631098292 -0.9971376817309472 0.021203145950234474 2.14873053543566 0.9970974734442052 0.07204687581856369 -0.024614551307226406 1.5361898168164785 0.02301647620378277 0.02292796016622389 0.9994721359129624 -0.0008153981579325732
76 0.06789252503642126 -0.9974493149721299 0.022033363469239862 2.151996006969475 0.9974058882894926 0.06732701077510979 -0.025466990897938746 1.5722609139782475 0.02391859212728914 0.023705224779929927 0.999432820788455 -0.001959938870655157
77 0.06350735609487795 -0.9977312087927768 0.022343919122934226 2.155243462980176 0.9976771271202766 0.06291928084013963 -0.026105825397189253 1.5977631165036357 0.02464073340811534 0.023949928988494826 0.999409443200515 -0.0022567078900773254
78 0.058095803090616564 -0.9980516061079242 0.022756739849372536 2.1582992600396507 0.997961525780261 0.05745725461610983 -0.027775113917293905 1.631740952534244 0.02641345725989092 0.024323968371332612 0.9993551289904501 -0.0022185596944834136
79 0.05416577209143005 -0.9982825489653601 0.022316396748929532 2.1609539434666347 0.9981540116140314 0.053516895661502285 -0.028714299159892202 1.6604842663631056 0.027470679481971495 0.023830533123893993 0.9993385149489951 -0.0032446731395915844
80 0.05076814949307498 -0.998452517980193 0.022697231900688043 2.1631853778061805 0.9983398716812316 0.0501171362890319 -0.02838614556877709 1.6940554375266963 0.02720469825493906 0.02410066366467726 0.9993393129484544 -0.002814835788421334
81 0.04813736147092611 -0.9985257841293776 0.0250809261874238 2.1652504843436495 0.998480439402708 0.047430454952151826 -0.028056444405692965 1.7279743808810644 0.02682548341126007 0.02639337740691459 0.9992916406484633 -0.003791148680063534
82 0.04558161969335627 -0.9986128931587975 0.026355370650540805 2.1673320658668844 0.9986107924119283 0.04485164593496336 -0.02765529125972132 1.7555252911253139 0.02643484866436488 0.027579330538760095 0.9992700232185692 -0.004364405353997449
83 0.04424055538082146 -0.9986469910489437 0.02733057863790721 2.1686334899332866 0.9986932722080339 0.04350890719121429 -0.02680901043400902 1.781461502410736 0.02558361399433679 0.028480910522623394 0.9992668894903921 -0.004639613265491406
84 0.04235576817156313 -0.9987113592356284 0.027957285916652183 2.1709088984587828 0.9988068616591416 0.041645864269272255 -0.025504413155362237 1.8156871013684532 0.0243072417953279 0.029004188017918806 0.9992837009946306 -0.004828737102062301
85 0.04040728072021519 -0.9987468909868742 0.029527942856958693 2.1733282991006093 0.9989106515139342 0.03968829833887584 -0.024542804763795875 1.850685013188112 0.02334013614950719 0.030487484638592494 0.9992626037857278 -0.00598467802930479
86 0.03764844284573146 -0.998863576947278 0.029225834451899257 2.1750762707274314 0.999082370499606 0.037026815423195636 -0.021527468411158483 1.8855998206735294 0.020420864522190545 0.03000949162850903 0.999340992207195 -0.005165129715117459
87 0.03595972039791449 -0.9989344264522608 0.028929399511327142 2.1760227374612557 0.9991518518332682 0.03535627967141469 -0.021107118816978014 1.9115995794223155 0.020061791690041044 0.029663869185606453 0.9993585839826349 -0.005882681775301973
88 0.03323785865592958 -0.9990193724172279 0.029249586088718915 2.177118362910934 0.9992429784925719 0.03262484015141187 -0.021191737471659533 1.9367350950158482 0.020216693199830646 0.029931811497555215 0.9993474730925389 -0.005776479760905118
89 0.030257151201725143 -0.9991056135581172 0.029537734464997325 2.177836546613475 0.9993260660589667 0.02962296384891784 -0.021677031812298284 1.971624693765491 0.020782648929716242 0.03017371321298821 0.9993285888713399 -0.005793762854439712
90 0.027784764014433794 -0.9991620026064557 0.030054940304228454 2.179562489541188 0.9994099398368892 0.027159150560568147 -0.021027427209866334 2.0059412751245027 0.020193539632703518 0.030621448184085166 0.9993270475019687 -0.0056855979675289135
91 0.027010873798518197 -0.999169332040051 0.030513252979466828 2.180488033499883 0.9994233735520791 0.026364297531994003 -0.021397294521632262 2.0317148290291787 0.020575059995091082 0.03107361785294375 0.9993053072915947 -0.00582196229811566
92 0.02581816343061707 -0.9992027985101872 0.030449792862985277 2.1811073720211422 0.9994199021629694 0.02512307432571563 -0.022993266344169653 2.0653763432623595 0.02220994366886671 0.03102577291257247 0.999271794767911 -0.006237629557598226
93 0.024159095180095333 -0.9992366911580597 0.03069809705477344 2.1817047491419923 0.9994425391535972 0.023433518376029604 -0.02377984749491458 2.0904714469878276 0.023042331706182227 0.03125548366703605 0.9992457884282511 -0.006186502978727053
94 0.02206962901560988 -0.9992992378876178 0.030231847971857625 2.1826829018475875 0.9994687317672004 0.021327783576453433 -0.02464507793512584 2.122514863895646 0.023983029288318164 0.030759694479799392 0.999239038219793 -0.006417046488448449
95 0.020732350939737652 -0.9993226570327289 0.03040389390960468 2.1832003220429987 0.9994852501989675 0.019971857350587197 -0.025106962146270853 2.1461853929276336 0.024482733890366547 0.030908769862184493 0.9992223194498515 -0.006706258540400974
96 0.01968424659220807 -0.9993200453894028 0.0311765507902565 2.184327608112773 0.9994996960232195 0.018896517946438627 -0.025362950487634223 2.1769769624832165 0.024756576582262137 0.0316602036093035 0.999192045317054 -0.006639340510125956
97 0.020834282827614143 -0.999277132532619 0.0317985071406811 2.184809212183278 0.9994956857351515 0.0200553866706523 -0.02462022872063156 2.2061454990617535 0.02396470020293201 0.03229541550838391 0.9991910224189394 -0.006412704815017677
98 0.022192782368249758 -0.9992057844279251 0.03309502647264736 2.1853429980529855 0.9994924015731181 0.021418012748082003 -0.023584060868162476 2.2282394205817226 0.022856500341671644 0.033601623419614465 0.9991739144397277 -0.006515033991475777
99 0.021973001035518563 -0.9991840721629724 0.03388771402026709 2.1861784049315958 0.9994970703508983 0.021179424760991168 -0.023601659386510876 2.2567054215899507 0.022864679846857597 0.03438927017040598 0.9991469283910642 -0.006679893512024194
100 0.02207854129908545 -0.9991832359928138 0.03384374276062663 2.1866042145691607 0.999484173020769 0.021270186167470687 -0.024061734348873865 2.2773250633401636 0.023322218881408823 0.034357533241617444 0.9991374450077083 -0.007128282628528879
101 0.021214730937536768 -0.9991997726692392 0.03390795612731511 2.1869455463387744 0.999488790836198 0.020385066739542657 -0.02462937364861784 2.3013462897057306 0.02391844860311227 0.03441312760410664 0.9991214362957688 -0.006680465160089364
102 0.021685974641778197 -0.9992190537519525 0.03303030611847398 2.187515232506399 0.9994721185081988 0.020868379383157543 -0.02489970012665455 2.3255524902491667 0.024190965840386162 0.03355284429772733 0.9991441356537806 -0.007244514983613508
103 0.023039654054988954 -0.999194083202054 0.03286880642120422 2.1872021323321293 0.9994585282584593 0.022248311299844743 -0.024241760164235845 2.3406331831756493 0.023490947886070895 0.0334095306600093 0.9991656412377219 -0.00660583492831891
104 0.025517347149595478 -0.9991514486170352 0.032330291065454965 2.1879217166288845 0.9994083923684596 0.0247512141653318 -0.023879754204463956 2.36262878981814 0.02305927704842436 0.03292051219615714 0.9991919283197338 -0.007084607263924506
105 0.026581256497204987 -0.9991147575858215 0.03260579667058125 2.1883256412200747 0.999399359926942 0.02583506685512172 -0.023096941320511506 2.377828777797122 0.022234121992042805 0.03320015804380658 0.9992013777641918 -0.006853654117351354
106 0.027159503197332478 -0.9991001268208412 0.032577568533453956 2.1886113946781083 0.9994004962999684 0.02643882063787853 -0.022352555950888645 2.396351699765514 0.021471128994963846 0.033165122474882264 0.999219227832848 -0.006875213767400237
107 0.027918291906539862 -0.9990669144383146 0.03295253331439853 2.188623969036455 0.9993217744967736 0.02710320445394888 -0.024928042912291514 2.4081894158068904 0.024011663668113577 0.03362613244464819 0.9991459969522889 -0.0065211306205584145
108 0.03148685662462066 -0.9989725704919502 0.03259419063668003 2.189157131643271 0.9991933032211006 0.030647063306243158 -0.02595188448583675 2.4245545111610265 0.02492630453049601 0.03338504027486595 0.9991316822264482 -0.007092366440413139
109 0.03240543499631122 -0.9989059325039963 0.03371684727231109 2.1893394881588786 0.9992469089669092 0.031659247356908414 -0.022434504155878394 2.4387699988176363 0.02134250928681998 0.034418455282874114 0.9991795970863107 -0.006912444636160643
110 0.03188292626674671 -0.9989326030055901 0.0334235495481872 2.1899585713796554 0.9991805149424866 0.03102089637155999 -0.02600004898462922 2.449258875279744 0.024935468144795712 0.034225117093967194 0.9991030296160522 -0.006658932813668053
111 0.032200301365043815 -0.9989561212255669 0.032400747795684186 2.189551925508229 0.999109708333473 0.031287351396824835 -0.028300041618931925 2.4593587118981026 0.02725676622410946 0.03328317154875555 0.9990742210603388 -0.006949935646660547
112 0.02966585458850328 -0.9989946548868334 0.03360976910301963 2.190801216098614 0.9992682489738273 0.028828260625610058 -0.02513758105850039 2.4724804286304733 0.024143397932314212 0.0343309029446696 0.9991188545115597 -0.007025821830809336
113 0.02747352548897811 -0.9990302128554077 0.03440696439014602 2.192101366035128 0.9993304837099483 0.02661726429099138 -0.025101903697277765 2.485563634649479 0.024161740929413145 0.03507356615841662 0.9990926159432093 -0.007545637628504083
114 0.028832274929049828 -0.9990064100761625 0.0339837100379306 2.1915701709743494 0.9992292219363916 0.027899310567323695 -0.027615041145740163 2.495269500231467 0.026639481038814507 0.03475372059863131 0.9990407984435032 -0.007997777920963083
115 0.028077650951145325 -0.9989843016456192 0.03524217050467626 2.191683113621708 0.9992941363313 0.027171199281797665 -0.0259413766430104 2.504328969234004 0.02495745599143021 0.035945667255960774 0.9990420583724553 -0.007775615007535792
116 0.026530281353593622 -0.9990427611655504 0.03478082135085238 2.191827200699501 0.9992969962400925 0.02558295637296649 -0.027404847161906394 2.5112632054381376 0.026488817942532456 0.035483428608345864 0.9990191533792835 -0.008229476158145812
117 0.025503914158839274 -0.9990542096834663 0.03521699130256353 2.191765229532517 0.9993250087598806 0.024547421361485636 -0.027330403786665992 2.519272716356534 0.026440068631580858 0.035890252413805064 0.999005912170897 -0.007843336123914038
118 0.027023891313609962 -0.9990571236251613 0.03397900870571576 2.1914846783085484 0.9992108294736319 0.026006947768341213 -0.030022606973247837 2.5244543765678826 0.02911060906250933 0.03476352114161602 0.9989715061190345 -0.007604506847252479
119 0.030370749639298457 -0.998973890856602 0.033597365263098894 2.191037665449052 0.9990502809088418 0.029288088739117594 -0.03226056528598903 2.5313809219554972 0.031243459810389694 0.034545234755445645 0.9989146474924941 -0.007571940624639771
120 0.03246365479642712 -0.9988790286836164 0.03444992267900095 2.1916850231490144 0.9990638918868948 0.03144508696292095 -0.029707683063625492 2.5396725181876763 0.0285911007892403 0.03538209379510874 0.9989647923700485 -0.00840007794716299
121 0.03404441974993923 -0.9988160221480662 0.034749552282426974 2.191912685652825 0.9989786931586497 0.03297527270312275 -0.030890160317942846 2.544813577401657 0.029707711090651377 0.035765699911467635 0.9989185485372046 -0.007951176458393047
122 0.033256131211003896 -0.9988807769108831 0.033633662531389476 2.192589475686318 0.9989585477572276 0.032169224233554956 -0.03235677478314432 2.550995296672583 0.031238591502264042 0.03467469582570179 0.9989103142281731 -0.008009798094761917
123 0.03229574732387015 -0.9989094011549637 0.03371932664321778 2.192461256438126 0.9989455936325276 0.0311587634923897 -0.03371694558832872 2.5561887144642492 0.032629521403925686 0.034772686725685946 0.998862440274549 -0.007613631565934708
124 0.031828723386672524 -0.9988949852687549 0.03457948484673636 2.1933602678960753 0.9990231587094185 0.03073363458768729 -0.031751725408500145 2.562207090867077 0.03065388603302128 0.03555632306327185 0.9988974357568212 -0.007180234258574063
125 0.029542123571940034 -0.9988983031076415 0.03646152742582225 2.194041326648028 0.9991450632214895 0.0284546896790904 -0.02999121995639697 2.5691424429176286 0.028920677274750325 0.03731635945198495 0.9988849201701321 -0.00752633582770867
126 0.02807411102676222 -0.9989816077773901 0.035321262895458144 2.193372303392854 0.9991223476019537 0.02694412334587097 -0.0320709952902605 2.574264080496477 0.031086633973950506 0.0361906277874644 0.9988612814842303 -0.008191153156025472
127 0.026130070596714235 -0.9990527064450431 0.034798119984507755 2.1936403325310603 0.9991672560504843 0.025010183000506427 -0.032237946319233796 2.5792746995585483 0.03133710017218987 0.03561152187395442 0.9988742691965902 -0.007788887382595154
128 0.02581968427823161 -0.9990555752659395 0.03494712340779148 2.193531836155723 0.9991503301860808 0.024667179619494647 -0.033017388403806684 2.58292542065667 0.03212415899619791 0.03576992843696816 0.9988436066921604 -0.007926949557037221
129 0.026519178696276815 -0.9990359802308879 0.03498347274720169 2.1940505093668117 0.999098104375225 0.025327413041525852 -0.034080786095905126 2.5877427209566033 0.0331618906818161 0.03585571576333141 0.9988066162444934 -0.008000864632939446
130 0.029753720619523624 -0.9989687600044287 0.034294790341609586 2.193421516861464 0.999031740561641 0.02860814850055258 -0.03342387153487111 2.5905771331907266 0.0324082930468339 0.03525606862282571 0.9988526979326843 -0.008016125152077766
131 0.03464429125958077 -0.9988105794514693 0.03431034040152793 2.1934466701940516 0.9988662509587174 0.033483828288048564 -0.03383852741858862 2.5949493152697394 0.03264943763288171 0.03544375288643731 0.9988382024153399 -0.007370473173013783
132 0.03700602389300624 -0.9987081650491106 0.03482176416269764 2.1944996734687328 0.998828533237695 0.035878356758400134 -0.03247005860374599 2.599915394616619 0.031178764969860304 0.03598255938894751 0.9988659269573353 -0.007754008749563846
133 0.03647352311436736 -0.9987402211552506 0.03446233824543436 2.194852424968159 0.9988178641615031 0.03532411189068954 -0.033392833826651876 2.6030108437478057 0.03213341475027669 0.03563955337717645 0.9988479693585426 -0.007412982338547491
134 0.035325437907762984 -0.99877909681231 0.034531568277687844 2.1947715891768715 0.9988276421358149 0.03414063519688761 -0.034318483833773616 2.6058952403944042 0.03309765461299439 0.03570340039236184 0.9988142031730491 -0.007496281932011016
135 0.035218834633811195 -0.998788248333175 0.03437540805804568 2.1947137290305503 0.9988411730651359 0.034050061386984826 -0.03401329607001796 2.610665777102244 0.032801595647498724 0.03553348155958429 0.9988300290896164 -0.007548661705713879
136 0.03489118333162376 -0.9987796157860421 0.03495546332897331 2.1940900185927443 0.9988834514113951 0.033737414481253405 -0.03307018838991625 2.61523968515954 0.03185052309897968 0.036070291861949454 0.9988415681295354 -0.007700830027741261
137 0.03512981739219554 -0.998763641227408 0.03517221759933453 2.1939434484836924 0.9988942699184696 0.033990645934334644 -0.032478816347168024 2.6183770235497272 0.031243134483165864 0.03627430150882639 0.998853363410952 -0.007258666988201658
138 0.03567755808334071 -0.9987624494369897 0.03465085055371806 2.193872761890041 0.9988191149581975 0.034492547821636584 -0.034214612932098966 2.623042602070814 0.03297707450002453 0.03583062572379414 0.9988136356792646 -0.007357619931079073
139 0.03452873608132474 -0.9987929642370454 0.03493395161454722 2.195284521674091 0.9989010731391641 0.033381815721466965 -0.03289833520465066 2.6271449686107085 0.0316924670036924 0.03603149969087573 0.9988479957260462 -0.007232854114356942
140 0.033812311022911504 -0.99879138234472 0.03567214846505485 2.1954804886302615 0.9989527167987969 0.032673828104474265 -0.03202952633784971 2.630484479568902 0.0308252692404799 0.03671778193067479 0.9988501425475136 -0.00723499583505687
141 0.032547681599852114 -0.9988168280057024 0.03613298376248031 2.1956751319404924 0.9989952872304799 0.03139662489800684 -0.03197918128760202 2.634267513613477 0.030806890679357535 0.03713752870246683 0.9988351913350068 -0.007111852094501441
142 0.0331415814508554 -0.998822268062144 0.0354360325272994 2.19576702791806 0.9989360112339829 0.03196600770703837 -0.033241838263123984 2.6371195565508225 0.032069939800145275 0.03650001607784158 0.9988189364385547 -0.007066984663171275
143 0.035263394793771115 -0.9987508206829829 0.03540185266737562 2.196009330470115 0.9987806638169291 0.033995552225704745 -0.03579787722912653 2.6412874951074103 0.03454965373114862 0.03662104058449996 0.9987318062497162 -0.007104786686546895
144 0.036358085423527 -0.9986931220656478 0.0359184849637585 2.19623287643245 0.9987603601102275 0.03509080459964393 -0.03530408622509618 2.644940072121114 0.03399753955699681 0.03715754796068376 0.9987309367065141 -0.007002562513683753
145 0.03629849459346452 -0.9986954392775881 0.03591432659983882 2.196196785404164 0.9988352479841974 0.035113486966559936 -0.03309366127831618 2.6477662688013037 0.03178941134906376 0.037073745401329315 0.9988067734694084 -0.006957012124818963
146 0.03577441431734967 -0.9986771013837208 0.036935598711826854 2.1963936013379426 0.9988967178455888 0.03460828408849377 -0.03174293225816861 2.6516147851779626 0.03042266188527645 0.038030433135019436 0.9988133698547327 -0.006861672164646172
147 0.03573635589389152 -0.9986903228573067 0.036613548009077214 2.196513524420473 0.9988265467487227 0.03449493743225103 -0.03399454075629328 2.655010774540077 0.03268703683666484 0.0377854247301114 0.998751129812082 -0.007035731554979103
148 0.03619547378423023 -0.9987045444044592 0.03576479642985689 2.19737064926308 0.9986943072371668 0.03485774879659502 -0.03734458515861276 2.658752300524765 0.036049526618027024 0.037069803546840856 0.9986622358420973 -0.008951394391417667
149 0.03584624652385016 -0.9987158415469836 0.035801039832055376 2.1973975328827846 0.9987364845446166 0.03453843119785083 -0.03650385199091332 2.6618029960346745 0.03522046351077836 0.03706433074292827 0.9986920217654603 -0.009675272894923424
150 0.03560390829653609 -0.9987037440884123 0.036375723475837396 2.1976341386981364 0.9988474680751029 0.03438948982901714 -0.03348280913595863 2.66526437270529 0.032188464275415454 0.0375259181600531 0.9987771063826514 -0.010433127483715936
151 0.03542085806377079 -0.9986849399141815 0.03706418221158034 2.1973886062282 0.9988971370135455 0.03423590001626141 -0.03213118134810292 2.6679605543173217 0.03082000127899849 0.038161419512024355 0.9987961922147964 -0.01017148774751805
152 0.035645791279468785 -0.9987001834402918 0.03643241908307165 2.19698596467275 0.9987869857897836 0.034362342041629905 -0.03526735693916511 2.671184062093398 0.03396961259960495 0.03764535888548969 0.9987136187987932 -0.011034555117231793
153 0.036248798281690996 -0.998686162017606 0.0362211874171371 2.197606641399428 0.9987067851094725 0.034909012968867316 -0.036961036081892384 2.674294921700272 0.03564802936835318 0.03751413878037417 0.9986600559719215 -0.010566775062622016
154 0.03820770612157417 -0.9985997769878802 0.03658765628927639 2.198176484684226 0.9986003097761647 0.036816423975408095 -0.037973309563055724 2.677755033685445 0.036573111795670674 0.03798731795760246 0.9986087177510643 -0.010642075487752957
155 0.03971060937681164 -0.9985370497361781 0.036699152668264554 2.198761390425655 0.9986524887613945 0.03843354562326075 -0.03487218462528848 2.6813882014440966 0.033410689795554165 0.03803449584956986 0.9987177293582483 -0.00986890346746521
156 0.038674790386304406 -0.9985663052049284 0.03700803556986807 2.1983165173355537 0.9987144472246626 0.03741299211389913 -0.03420118310284313 2.6835205607672155 0.03276756770222786 0.03828318337410635 0.9987295351489027 -0.011431378936997099
157 0.03383585821112823 -0.9987354342621528 0.037184231165184954 2.198764512259021 0.9988033361013132 0.032476714448077086 -0.03656718215683152 2.6869331984001836 0.03531331889421892 0.038377016129338026 0.9986391611298004 -0.01139083057870866
158 0.032190895796500474 -0.99879623484126 0.037011180656510656 2.1983742509215247 0.9987783381169701 0.030757151296609938 -0.03867594798636106 2.689614452119394 0.037491032745042 0.038210978920471324 0.9985661438049013 -0.011195997401697315
159 0.03247723387440907 -0.9987794967634256 0.03721217709051356 2.1982603699635015 0.9988095745358437 0.031077388814432522 -0.0375982674996486 2.6924610033350764 0.036395921396639955 0.03838896649493679 0.9985998318436327 -0.011608016328500287
160 0.0363073081020293 -0.9986472237038013 0.03722233156723119 2.1993965787627077 0.9987599085478073 0.03499137646648488 -0.03541537307741496 2.695805313197568 0.034065003384830116 0.038462009333667876 0.9986792525047753 -0.01139115615030796
161 0.04065259423227706 -0.9984923715586874 0.036882929951636695 2.200045540468488 0.998471377869382 0.039212907740450775 -0.03895196326357814 2.698795914353333 0.03744695124793099 0.03841004824587812 0.9985601604494908 -0.012233235405785999
162 0.04499054268769664 -0.9983161865819024 0.03661478767640425 2.199948396568562 0.998247272428888 0.04351638884620358 -0.040108689696604485 2.700031404212553 0.03844781080881733 0.038355123645168396 0.9985242362276262 -0.012177600467603366
163 0.045630201244081535 -0.9982849934457892 0.03667364987135834 2.1997740362688587 0.9983352275100923 0.04427446016240511 -0.036966818751509756 2.7024343135906106 0.035279714364851424 0.03829939996773865 0.9986433285803702 -0.012562490131421055
164 0.042817748018944 -0.9984075116336435 0.036729840295094046 2.199933252693738 0.998418644309106 0.04141997671209359 -0.03800784424137635 2.7053124996044446 0.03642596806260813 0.038299167651400644 0.9986021843602814 -0.01215879619214571
165 0.043399911321012494 -0.9983841231258167 0.036682289829634666 2.1997346098400135 0.9983305963734366 0.04193843250561397 -0.03971382911606234 2.707544396999094 0.03811125872245963 0.038344628944288306 0.9985375413020121 -0.012124523452108278
166 0.04363721309631798 -0.9983648277445429 0.03692511821058022 2.2002564312960926 0.9983596268225076 0.042206116717701796 -0.03868719739418319 2.7107882972201627 0.03706547131325967 0.0385527487143967 0.9985688941702032 -0.012433375954300961
167 0.042627035498950944 -0.9984252226395444 0.03646931094693441 2.1995952468252606 0.9984050332644566 0.04121690198804444 -0.03858181620240913 2.714273868263395 0.037017906417206564 0.0380557720580308 0.9985897219671787 -0.013224341600615738
168 0.041600482450068026 -0.998457698286323 0.036764447400978964 2.200527397496899 0.9984103934932079 0.04014170705595827 -0.03956424545107857 2.716683867441694 0.038027437770816186 0.038351898095109506 0.9985404578126864 -0.01313717885839229
169 0.040780805325372864 -0.9984815883467055 0.03703300757853887 2.2006667174412096 0.9984725487379249 0.039341675301803894 -0.03879177749014329 2.7195453491617694 0.03727593504344271 0.03855840139013378 0.9985608415867402 -0.013047169801014731
170 0.04118940262318385 -0.9984835558989901 0.036524261936220145 2.200462403414404 0.9984756982273054 0.03978991307766402 -0.038249743355540766 2.7220308543906944 0.0367384425516535 0.038044072018637645 0.9986004883954664 -0.012726792608504005
171 0.043117723038837714 -0.9984088286810513 0.03634106177132676 2.200608372441938 0.9983395957488942 0.04166702792258683 -0.03977323653187347 2.7247971558591795 0.03819572646405116 0.037995652315408614 0.9985476537884997 -0.012729524117583721
172 0.04559331099737807 -0.9982835660925797 0.036758286982523675 2.200607915561075 0.9982606199252051 0.044153782557599934 -0.039066330657793136 2.72662565182062 0.03737625847321601 0.038475513714657864 0.9985602886893569 -0.01294812300893554
173 0.04717589420315973 -0.9982287584637359 0.03624611403697749 2.19994002945523 0.9981342492487487 0.04570122829852701 -0.040489729666656774 2.7296454305809315 0.03876152064397959 0.03808862702562918 0.9985223087193624 -0.012912084847237276
174 0.045114128025225624 -0.9983277503738108 0.03614440876974808 2.200911350687455 0.9982368268736846 0.043653888861034246 -0.04021909323328887 2.731908841505341 0.03857399286622718 0.03789512924115307 0.9985369328450032 -0.012574284870582566
175 0.045505453452997086 -0.9983113350240459 0.03610723014237433 2.201202604992665 0.9982710366308616 0.044098022042965916 -0.038862602535299565 2.7344772721012776 0.03720471918932196 0.037813262415204926 0.9985919917842073 -0.013134604081316451
176 0.04644900742930065 -0.9982699105240809 0.03605101178588473 2.201082505046554 0.998165661635928 0.04498076117298816 -0.040522130436791745 2.736663421443098 0.03883042157468983 0.03786709476973594 0.9985280574394562 -0.013109337602623639
177 0.04484428941283683 -0.9983343986693266 0.03629625518103327 2.201599015906537 0.9982775863472759 0.043406813217003355 -0.03946782440169991 2.7389486812195476 0.03782658197147043 0.038003644556521485 0.9985614015660339 -0.01266477217287259
178 0.04474281297840873 -0.9983531882012345 0.03590253883452441 2.201376349645779 0.9981778788776511 0.043220761990290596 -0.04210567480666576 2.741341150798005 0.0404845995988122 0.03772104639361015 0.9984678862412334 -0.01276059026022847
179 0.04467847538751962 -0.998345269439087 0.03620161357334753 2.2016141754294933 0.9982529212424349 0.043213162364845764 -0.04029550630885911 2.7434792739926723 0.03866444189866486 0.037938708290462274 0.9985317798383728 -0.012632417562911481
180 0.04563541689901544 -0.9983209916050126 0.03567360993037804 2.201745565548541 0.99815829824776 0.044141023027987523 -0.04161227854243415 2.7461626384991904 0.039967741539954776 0.03750690345989257 0.9984967760735334 -0.013000612996954751
181 0.04639893205446312 -0.9982834361788976 0.035739616028933135 2.201926070972383 0.9980317177702306 0.04481681646855804 -0.04386505769037108 2.747502586464539 0.042188024708389046 0.03770456220908299 0.9983979850543168 -0.012888566877096153
182 0.04707123592724273 -0.9982407731010093 0.0360507651436228 2.202340575437398 0.9981302212360305 0.04559591179680081 -0.040707177281787306 2.7504077359592602 0.03899179661329043 0.037899495334485805 0.9985205396239594 -0.013073898740792716
183 0.04901826223372651 -0.9981530268624454 0.03588516312925467 2.202437398601906 0.9979541879469481 0.047468799853991356 -0.04282699848793588 2.7537685305024446 0.0410444725458958 0.03791105387292825 0.9984378314490658 -0.013159792861821796
184 0.04915988568599953 -0.9981499225909751 0.03577761409789604 2.2027623087067183 0.9979839620150578 0.047649007416094964 -0.041923545319093966 2.7560945098169634 0.040141215716884254 0.03776644176413646 0.9984800341906486 -0.012888253658706007
185 0.04915368057186122 -0.9981555205765219 0.03562965660025408 2.2029195108305126 0.99800178480359 0.04766552761095222 -0.04147812682406223 2.7584567736146255 0.03970331489278409 0.03759726347610945 0.9985039271661789 -0.013202418536220591
186 0.05055443663744067 -0.998079817528605 0.035790037419716564 2.203070625782149 0.9978702608803793 0.048999823173503966 -0.04305763322812735 2.7620583103936798 0.04122124921171835 0.03789056836738286 0.9984313263532274 -0.01304796760963108
187 0.05142608720422294 -0.9980381287175167 0.03571065918780601 2.2033472893345962 0.9978766744330403 0.049920928695711075 -0.041833521251128505 2.765497565946094 0.03996873999664104 0.03778616814396012 0.9984862068754639 -0.013257441263633148
188 0.051729346400240156 -0.9980251867529469 0.03563427180125036 2.203388606963418 0.997828210869227 0.05019625454879383 -0.0426520529570481 2.7684128848206684 0.04077911614060389 0.037763244498879835 0.9984543059409263 -0.013166103120581129
189 0.04977077661418667 -0.9981192074649129 0.035789907591991264 2.203529551052513 0.9980477636306803 0.048349611847137375 -0.03953449816386341 2.771363833728837 0.03772971383560998 0.037687699909800594 0.9985770405785745 -0.013115424628301831
190 0.04821674933107896 -0.9982358008127533 0.034647237411256755 2.2027640185023154 0.9981472311844845 0.046865659691994285 -0.03880354133579881 2.7720193967147795 0.037111318522275005 0.03645402471705066 0.9986460104164233 -0.013433151961256237
191 0.04937623542579441 -0.9981598189450637 0.0351989093485068 2.2030424636375114 0.9978665680451806 0.04779333842658216 -0.044475939336587174 2.7706800185073037 0.042711822169043547 0.037319869322319225 0.9983901680209895 -0.01309615656489675
192 0.04919410434867694 -0.998172103925247 0.03510542754898049 2.2033187728496566 0.9977480712664207 0.047508012174701665 -0.04734738706946331 2.7709180402438314 0.04559305188853831 0.03735558492824765 0.9982614055922581 -0.012944770582545074
193 0.048876182693412096 -0.9982136598107143 0.03435997864466072 2.203668377102021 0.9978348653893471 0.047284082361155985 -0.04571429719052226 2.771145268306749 0.04400795584432149 0.03651992500643636 0.998363458315978 -0.012335660625809323
194 0.0492578513560849 -0.9981794947891719 0.0348046011618448 2.2034804102387953 0.9979485224635329 0.04775985298223676 -0.04263499684115545 2.771623811854073 0.040895116972782315 0.03683330864189528 0.9984842997176244 -0.012744195939836936
195 0.04926924015989697 -0.9981633539534892 0.0352485573976874 2.2035089007492537 0.9979862828675846 0.047787576256449804 -0.0417100319332401 2.7714855613816627 0.03994898224384152 0.037232598355105125 0.9985077928781001 -0.013097265034313217
196 0.04926335540729226 -0.9981523686803352 0.035566426755802245 2.2038691149815883 0.9979982513816535 0.0477794307243861 -0.041432067743309486 2.7712844731475896 0.03965617293455659 0.037536314389112056 0.9985080936335937 -0.012721297956770575
197 0.049055237354995576 -0.9981666202302644 0.035453941202528094 2.2039177284802873 0.9980077463725044 0.04757559348831163 -0.04143791842377121 2.771338114232395 0.039675204688983556 0.03741605488435084 0.9985118511922693 -0.01249311839455083
198 0.04896514912191567 -0.9981694070977125 0.03549998456887933 2.2042747554834663 0.9979982199694253 0.0474706187041651 -0.041786281215659866 2.7714754451648784 0.040024581314789 0.03747499290001891 0.9984956974363185 -0.01267677610302535
199 0.0492061821694853 -0.99815481165701 0.03557700944340308 2.203796451811004 0.9979807337674594 0.04770276922723732 -0.04193925173442303 2.7714936494480793 0.040164744045929915 0.03756884045082963 0.998486542504806 -0.012933714993379166
200 0.04920622267579371 -0.9981563654871567 0.035533332060597556 2.2037231262402535 0.9979863782483993 0.04770992897430756 -0.04179654898319627 2.7714091088222 0.040024198674687546 0.03751843166697549 0.9984940815079709 -0.01281222587770545
201 0.04924356933866013 -0.9981473827444687 0.035733362539692407 2.203862242330981 0.9979836785442336 0.04773803115683882 -0.04182891032665049 2.771204506877392 0.04004557699166132 0.03772111744039925 0.9984855878098375 -0.01270868079431145
202 0.04919172744852549 -0.9981463013114222 0.035834831210232246 2.204275639159874 0.9979808482247964 0.04767693996129491 -0.04196589056473055 2.771713749238866 0.04017960335313332 0.037826849898642025 0.9984762034725776 -0.012722225272586372
203 0.04930709613031497 -0.9981471892501266 0.03565107099226258 2.20376486223621 0.997976477507281 0.047801089550382835 -0.04192858428183688 2.7714633881390673 0.04014673851395248 0.037646306984391704 0.9984843488799497 -0.01287649079468207
204 0.04926428511852141 -0.9981446790943639 0.035780299135638134 2.203886557590745 0.9979855406295579 0.04775946972103694 -0.04175995384739962 2.7714469312267678 0.03997362761919994 0.03776549545033849 0.9984867933271269 -0.012682660648756082
205 0.04936528146809683 -0.9981435634044631 0.03567205936165682 2.2035345131188238 0.99796156428758 0.047847045980725776 -0.0422300413783842 2.7712198912652584 0.040444841320313 0.03768404204187391 0.998470894811714 -0.012933316770351411
206 0.04904019639545924 -0.9981560474757022 0.03577099417171102 2.2039705458301855 0.9979831452481055 0.047523493040167036 -0.0420851447529873 2.7715553106748834 0.04030757915295159 0.03776271303652243 0.9984734731416398 -0.012997805672745921
207 0.04927832438866376 -0.9981474187325531 0.035684411472185894 2.2036973555711463 0.9979825373566968 0.047775322650729354 -0.04181355851627022 2.7713375222242154 0.040031261229476194 0.03767292160637253 0.9984879814508139 -0.012671440391322376
208 0.04917526832506872 -0.9981536917225631 0.03565109654958645 2.2037904636450896 0.9979784296161447 0.04766520821059925 -0.042036673838303354 2.771220613323807 0.040259744240657466 0.037646190063998476 0.9984798031844669 -0.012695080860535106
209 0.049061941402358485 -0.9981596452484818 0.0356405457772482 2.2038843710245204 0.9979869328080783 0.047555243473623374 -0.0419592750433708 2.7714870334259385 0.04018716026010388 0.0376274024577258 0.9984834353830317 -0.012618213799758415
210 0.049145808913745925 -0.9981473708886376 0.03586802830752116 2.203866354793917 0.9979860144089252 0.047632437712975303 -0.04189350691094544 2.771441753669254 0.040107412156521166 0.037854680901648424 0.9984780511481101 -0.012748265958359945
211 0.049327805180224366 -0.9981501739689856 0.035538680914482916 2.20331226081444 0.9979594982206909 0.04781163792027305 -0.04231887510661225 2.7711068304270965 0.04054143000616555 0.037553661399611575 0.9984718899239616 -0.01301469772446509
212 0.04893311816482353 -0.998166359312726 0.035629609634806686 2.2041677166356655 0.9979953238472161 0.047429020278142206 -0.04190252516103313 2.7714942240463007 0.04013581350812322 0.03760860502088431 0.9984862088700435 -0.012670444789928476
213 0.04758689528447785 -0.9982401743479087 0.03538420147880834 2.203024938497638 0.9980911533883241 0.04612405362474917 -0.04106849406919478 2.770964235483539 0.03936415787437518 0.03727098059256688 0.9985295874837511 -0.013146053478896158
214 0.04007461659088027 -0.9985684632468482 0.03542667518036453 2.202968958430004 0.9984475760593464 0.03864673967391723 -0.04011068902056142 2.7689833956061776 0.03868414360249874 0.036979098445572255 0.9985670149327999 -0.012365844831171018
215 0.03319569075648512 -0.9988006687274351 0.03598986337044748 2.201801860385752 0.9986545290354432 0.03171239891257728 -0.04102993286257954 2.7665328673835066 0.03983939947795173 0.03730345701751393 0.9985095264169684 -0.012533656871416448
216 0.024102324034570296 -0.9990615010288414 0.03598881962512286 2.200802930021761 0.9989279223404295 0.022644649900755348 -0.040376054760360006 2.761583668034871 0.039523207655149384 0.036923393571837396 0.9985362182037244 -0.012302770439156079
217 0.019044273610466934 -0.9991679875017982 0.03606450323959155 2.2005848545534126 0.9990309084124984 0.017585300642570488 -0.04034849734317629 2.7577483085523236 0.03968072175831975 0.036797961256939966 0.998534601488078 -0.012136629352501774
218 0.01779969771474317 -0.9991931719075783 0.03600244401440387 2.2004770565049214 0.9990799620052131 0.01636941805032658 -0.03963926930779327 2.7518269408987868 0.03901794817573874 0.03667488740945059 0.9985652469187934 -0.011885658078788736
219 0.020332613029805203 -0.9991442255599287 0.0360194583214983 2.2012634018738897 0.9990390648608362 0.01890498134371796 -0.0395417319076747 2.747264162270679 0.03882694591645774 0.036788832691787794 0.9985685004344613 -0.011907361347430197
220 0.026507807995349353 -0.998998831048251 0.03603708755788507 2.2008944070497805 0.9989094136440261 0.02508489696088207 -0.03937932551456861 2.7409884050383044 0.03843591352861751 0.03704164560255575 0.9985742821860764 -0.012390178087358528
221 0.029242732945921043 -0.9989313676688579 0.03579085436042561 2.200986604662468 0.9988499731674726 0.027841836725484622 -0.03903284808784738 2.7339667486783914 0.03799465320252461 0.03689112107054367 0.9985967411898087 -0.012163046332830288
222 0.030594392812679873 -0.9988765311845718 0.03618920523851748 2.201308294950704 0.9988670570258145 0.029233673317513753 -0.037549896579048246 2.7289710941169387 0.036449767037511245 0.03729702121842427 0.9986392475225513 -0.011224093228401509
223 0.03278021008679142 -0.9988193789660859 0.03585116495498491 2.200607195653255 0.9987761642275772 0.031407420014863546 -0.03820664519637172 2.723241629018102 0.03703554503289148 0.03705971087295523 0.9986265299071234 -0.011407792128279038
224 0.03445492883316697 -0.998767005130831 0.0357397165800925 2.2009971657950307 0.9987209413862845 0.03308517406528251 -0.03823417965354151 2.716612900762825 0.03700458236253468 0.03701135932702032 0.9986294709082884 -0.012057324284933618
225 0.03635717742990831 -0.9986737376483581 0.03645437396244669 2.2013798622605103 0.9986913564840201 0.03499649501076216 -0.03729369677791736 2.709183048825562 0.035968460235844706 0.03776256173376206 0.9986392035163391 -0.011648612413602825
226 0.03777611719250213 -0.9986245002783425 0.0363603137186301 2.2010664138276974 0.9986372110230465 0.03641539458958512 -0.03738502102641907 2.7039573061182023 0.03600952276928934 0.03772302321983139 0.9986392180312905 -0.012033647864185652
227 0.03857116704644317 -0.9985928533269938 0.03639475727667393 2.2009039855746653 0.9986245430700363 0.037226751602052105 -0.0369214157847709 2.6964701124613644 0.03551460334924324 0.037768799951555805 0.998655211121435 -0.01179378007653483
228 0.03940325950619367 -0.9985713633542752 0.03609176400725364 2.2008246565307643 0.9985620478216605 0.03803756063821696 -0.037775397143476275 2.6912642539106675 0.03634858716536997 0.037528339553684266 0.9986342693607136 -0.01173311919265261
229 0.04057647460098389 -0.9985383494380815 0.03570314286504731 2.2004339991710484 0.9984245585732203 0.03913409034660784 -0.0402109911466173 2.6848389175309073 0.03875500671056546 0.0372785149160068 0.9985531341801713 -0.011814841480404396
230 0.04015674149008174 -0.9985527684770066 0.03577435785896661 2.2001631553802934 0.998454770488491 0.03872493365715293 -0.0398553735683328 2.6800191699876716 0.03841233398124272 0.037319540198688765 0.9985648424199511 -0.01128615280561521
231 0.03933163662775217 -0.9985731310615121 0.03612096735276505 2.200163992099913 0.9984898186717704 0.037889397515459444 -0.03978034142501274 2.674718861533433 0.038354978400949306 0.03763104407651188 0.998555356579487 -0.011424306024632734
232 0.039352918938270004 -0.9985887657005013 0.0356626525688656 2.1997231631703498 0.9984508630663876 0.03789240669774523 -0.04074358301366249 2.6698413053588683 0.039334740536762884 0.03721078515660053 0.9985329917711125 -0.011373862809825058
233 0.03823594676254925 -0.9986197359059029 0.036008824391280406 2.199401627186797 0.998570886554656 0.03683792801579423 -0.03871887890714474 2.6654869791955482 0.037338946147727106 0.03743781668908962 0.998601128069601 -0.01140910651925715
234 0.038277838975969355 -0.998611736442891 0.03618572758632332 2.1994369786532775 0.9986269382481433 0.036932190132096275 -0.037151736660987096 2.6628767484909672 0.035763742088196764 0.03755813054150064 0.9986542652901509 -0.011492796593698028
235 0.0389494534106616 -0.998570870160038 0.03659449886586305 2.199402115282565 0.9986811698525115 0.037675588088873294 -0.03487794493844699 2.659578326619331 0.033449380561406575 0.037904713828500386 0.9987213683559262 -0.011405576248812584
236 0.04011920326951077 -0.9985313904998546 0.03640757770543778 2.1993944148827693 0.998665672884196 0.03888557128099472 -0.03398214454603109 2.657370039115982 0.03251650858836479 0.03772233465245474 0.9987590811296301 -0.011558307680414383
237 0.042134035988566326 -0.9984531051547917 0.03627836569595544 2.1994627126103463 0.9985277780612497 0.040840108065402 -0.03569820742321393 2.654233670208993 0.034161373675754884 0.037729065446833084 0.9987039191719544 -0.0112002982758271
238 0.0427128407525924 -0.9984488634569014 0.035713866990248505 2.1991587745998644 0.9984235966691958 0.0413543424915872 -0.03794917615287395 2.6525958655950514 0.036413388312212074 0.03727848464904833 0.9986412667890997 -0.011334877196518298
239 0.04127113375687373 -0.9984996482179734 0.03598813731763369 2.1989989171372133 0.9985988724690633 0.040027697785657484 -0.03461322454698497 2.6497271214195024 0.03312077025066741 0.03736624036845341 0.9987526113408743 -0.011175025450463992
240 0.040738491769369216 -0.9984882070017537 0.03690089113318282 2.1990608685842123 0.9986894999846564 0.03954609963835577 -0.03248674535922695 2.647453118851948 0.03097834580823135 0.03817599352315766 0.9987907366464152 -0.011261504962554887
241 0.04181014347532466 -0.9984596457603636 0.036472560776295446 2.199058604048505 0.9986078460786303 0.04058560510281314 -0.033692408761752266 2.6445990546534905 0.03216024956800143 0.03783046980234698 0.9987665262227899 -0.011305418507806735
242 0.04137180826052663 -0.9984954689937242 0.035988496486293764 2.1988178229683037 0.9986278983377274 0.040166241769896985 -0.033600501224232436 2.64216123925387 0.03210442557776267 0.03732923010441714 0.9987871817548806 -0.011354096807670444
243 0.04201865918997815 -0.9984722919936073 0.03588195089609035 2.1986794662109546 0.9985893850058112 0.040802585434793356 -0.03397630314675565 2.638811947005092 0.03246032091039297 0.03725897398113752 0.998778301939716 -0.011247700906350534
244 0.043825280517606875 -0.9983991687150169 0.03575534500905477 2.198520391091842 0.9984319682844347 0.04252291950572016 -0.03640612619572419 2.635493138572229 0.03482742447211221 0.0372947881877211 0.9986972260298002 -0.011178605738574906
245 0.04646908520316316 -0.9983415911579434 0.03398075166840679 2.198745244256808 0.997976551353873 0.04492043611629638 -0.044999526298933876 2.634849286765006 0.043398468502399895 0.03600308018442698 0.9984089097910305 -0.01117537992280484
246 0.04821395694143137 -0.9983043559919456 0.03261636343040045 2.1985438641350217 0.9979345342212799 0.04675688388716111 -0.04405064377577111 2.6343404179055847 0.04245091004816829 0.0346728512899368 0.9984967268949432 -0.010843245439886073
247 0.04743884150907164 -0.9982579062086457 0.035081462456574855 2.1982108980228885 0.9983388615145818 0.04623453370865273 -0.034378561364289975 2.634497026040922 0.03269669562775718 0.03665406641353307 0.9987929742996886 -0.011400025128627506
248 0.04825173246196071 -0.9981470193826785 0.037071525625363616 2.1990740295581666 0.9983982452968239 0.04709968040146478 -0.03134587522352933 2.6351730935836937 0.02954173491605388 0.03852463892011879 0.9988208738777563 -0.0114528378147063
249 0.04852457959375685 -0.9981721178175244 0.0360248301292659 2.1987924017840297 0.9983249413599332 0.04733117097903531 -0.03327268717682628 2.6354283638878098 0.031506771231014266 0.03757902958309285 0.9987968461618755 -0.011388252414592194
250 0.04853013015490973 -0.9982155252332559 0.0347935576074258 2.198409618739858 0.9982760384937341 0.04732287098418471 -0.03472026569843379 2.63546663466489 0.03301177722367474 0.036418553866783346 0.9987912251809524 -0.011250857059852218
251 0.04795081197112914 -0.9982138899435268 0.035633545361612756 2.1987974861394917 0.9983167469292114 0.04672949616480207 -0.03435152091228966 2.635454076354702 0.032625027694455036 0.03722074840795701 0.9987743606319677 -0.01152014344567189
252 0.046245564592957256 -0.9982836229674055 0.03593265742766999 2.198801440511886 0.9984177382583344 0.04503997765052627 -0.033666308745645274 2.6352648204899847 0.0319901185800588 0.03743272001478936 0.9987869761792096 -0.011345426602803386
253 0.03295485643437247 -0.9988120923424366 0.035894033315742174 2.198398232640385 0.9988792721204867 0.031693805179561545 -0.03515255952690234 2.6358081558119664 0.033973183033699526 0.037012253425448664 0.9987371605836389 -0.011230470034307823
254 0.011398175612707005 -0.9992723599795739 0.036398244094585426 2.196457323517822 0.9994048986927258 0.010199426928643448 -0.03295178535572588 2.635284421210171 0.032556567087559385 0.0367521736881003 0.9987939465518779 -0.010760240080936704
255 -0.0291220661715287 -0.9988715635613282 0.03751672652501425 2.1949505000663825 0.9989884153850975 -0.030371024347952833 -0.03316243062998719 2.6349970815092325 0.03426443035019448 0.03651301668274135 0.9987455874372332 -0.01082837752709877
256 -0.06939096269588073 -0.9968731678282348 0.03779922697974517 2.194879018555107 0.9968346778499066 -0.07076240796450921 -0.03623957303001939 2.635096827295924 0.038801022287513975 0.03516488138969999 0.9986280147220986 -0.01063424089502488
257 -0.13741883824396392 -0.9897225095494653 0.03956535084491672 2.1950495105035035 0.9895523653845769 -0.13893480958275037 -0.038512788091520526 2.6365971633113974 0.04361397776636061 0.03385960391926327 0.9984745105241782 -0.01046828159331192
258 -0.19795623204612028 -0.9793569087105712 0.04090691329335431 2.1933907851210117 0.9791840287950235 -0.19948629707569865 -0.03746805348466095 2.6402667084616938 0.044854965694721784 0.03263836147399312 0.9984601992139587 -0.011723831016113363
259 -0.2919758843048835 -0.9554695385270521 0.04275563039865011 2.192721203278525 0.9553378551462318 -0.29348374858471366 -0.034595835599158915 2.6423007720446363 0.04560334975840624 0.03074492254909205 0.9984863966166365 -0.012028577201549219
260 -0.39059689182928853 -0.9194200242728388 0.04583543453276874 2.193062702403497 0.919198723847477 -0.3922433424467513 -0.03491226692743684 2.6440832903560696 0.05007768135013163 0.02849524998096521 0.9983387433929518 -0.011808936098073517
261 -0.45878296453542816 -0.8872641356618743 0.04775505229747102 2.1911410488881597 0.8869899497774586 -0.4604981222372514 -0.03450084650594278 2.6453168641273246 0.052602475665506375 0.026529850800084593 0.9982630648137014 -0.011874516586258349
262 -0.5441729765927331 -0.8374871569742133 0.049910253949697246 2.1868618217584856 0.837121619340246 -0.5459604533085544 -0.033979079677803566 2.6459586899362995 0.0557060677076177 0.023290455677894138 0.9981755300018834 -0.012017730518506894
263 -0.625505950073861 -0.7783609190566806 0.05381994153364466 2.1832906713318447 0.7778968051937075 -0.6274769853319232 -0.03389975437712677 2.645519630299816 0.060157018637650925 0.020661862505821995 0.9979750600823324 -0.01260944870949026
264 -0.6822254723945105 -0.7290605131034559 0.05512869533605913 2.180546896547783 0.7285482328111169 -0.6842155619744397 -0.03265788141364489 2.6442890030728434 0.061529483041536714 0.017883874988611707 0.9979450334224738 -0.013165402778066462
265 -0.7523405109120711 -0.6564144554361356 0.0557119227320595 2.177888674536619 0.6558216724212549 -0.7542833462289857 -0.030896077145769613 2.641327869852381 0.06230320715783225 0.013292715874753959 0.9979687440407002 -0.012723171864191744
266 -0.7979616465198653 -0.5999498845840945 0.05759641196522355 2.175814322803664 0.5992948323085733 -0.7999672977775261 -0.029967089520375592 2.6361315118655226 0.06405399794136568 0.010604643954946225 0.997890087572529 -0.014443311338046608
267 -0.8539211933112887 -0.5166882684149599 0.06206310414043508 2.171463475376999 0.5159424620691556 -0.8561409408832238 -0.02874134962072531 2.638829528326394 0.06798508254127736 0.007478143187342704 0.9976583112102136 -0.015501308265605166
268 -0.9022958525094203 -0.42647439201564913 0.06310140647793698 2.17062874580164 0.4257590628913571 -0.9044896106987897 -0.025055229048915058 2.6398616760230773 0.06775998015591356 0.004258766434210344 0.9976925618635293 -0.015327923062646864
269 -0.9311988582142312 -0.3590114443050049 0.06308303510982956 2.1715214791022763 0.3582364499083749 -0.9333329407795437 -0.023585326215364917 2.6400199455560855 0.0673448767011781 0.0006360137036644895 0.9977295540721716 -0.014664277922525386
270 -0.9583278449339003 -0.27829166168473146 0.06450963230231838 2.1682506527903085 0.27745747804141835 -0.9604921634932397 -0.021729053048021352 2.6395129801951467 0.06800801057591287 -0.0029248766932397866 0.9976804877287095 -0.014212852979465559
271 -0.9716107733021051 -0.2275540391024867 0.06474306520454888 2.1681979438068324 0.22671338367613297 -0.9737531471616214 -0.020145720483831828 2.6382954833401118 0.06762800356726323 -0.004895679676777922 0.997698594493939 -0.01467512020251454
272 -0.9824499580975357 -0.1748997701763744 0.06482399422127781 2.167252390050195 0.17415516006974274 -0.984571321102835 -0.017008641389826024 2.6390603005367623 0.06679865310106595 -0.005420705931402009 0.9977517506337761 -0.014604719416532385
273 -0.9869200091485287 -0.14743521244000235 0.06520547273366947 2.167116271361083 0.14667533727280133 -0.9890500933080479 -0.01631742510991685 2.6388506535514593 0.06689724192932821 -0.0065399586344219475 0.9977384366472358 -0.014897364628056478
274 -0.9897090277900612 -0.1266701322649656 0.0665636379901576 2.166426799975136 0.1259187031301249 -0.9919212945885038 -0.015382637695021645 2.6385312951076383 0.06797441071946474 -0.006842728427462523 0.9976635988924352 -0.015120748319195144
275 -0.9914104799012308 -0.11190363955525509 0.06769664538097538 2.166784268579392 0.11117752198850336 -0.9936960563982908 -0.014412012427256603 2.6385074758849436 0.06888264619045428 -0.006761874876244453 0.9976018534979928 -0.01510211316967615
276 -0.9925892426623123 -0.10123818476281814 0.06721179432003485 2.166089451300847 0.10049792677946073 -0.9948342984083111 -0.014313819330548535 2.638409969303648 0.06831370333426415 -0.007453097104807224 0.9976360505115293 -0.015283804227973617
277 -0.9941593461389989 -0.08325366966788718 0.06867329153405712 2.164392019772483 0.08252337838536702 -0.9964989236009281 -0.013408477929691454 2.638671494492964 0.06954916608575108 -0.007663011630343889 0.9975490924006358 -0.015372620649186094
278 -0.9951493921441609 -0.06837227128707159 0.07073132144721567 2.1635906826952302 0.06756082725928632 -0.9976196531766148 -0.013804427372152508 2.638146720735005 0.07150679642401658 -0.008958800918479688 0.9973998786604498 -0.015132955168603867
279 -0.9962672121346623 -0.04882385789564528 0.07118899440836257 2.162611127643281 0.04804576581932335 -0.9987656269791817 -0.012602648536041977 2.6380549498172607 0.07171643055545143 -0.009135275769147192 0.9973832264109578 -0.01498941957021712
280 -0.9968348487058661 -0.036930036591694956 0.07040210793953164 2.1620212892944024 0.03615678236823025 -0.9992713318451107 -0.012226710168749141 2.6378769843409566 0.07080234101965865 -0.00964249708609725 0.9974437581922956 -0.01534488163365548
281 -0.9974740966079043 -0.029890780702810163 0.06443576511075878 2.162705310588371 0.029249379455625075 -0.9995129878209609 -0.010874786373981947 2.63769763354006 0.0647294399627905 -0.008962611570375428 0.9978626013614535 -0.015462558696268084
282 -0.9972969457677198 -0.03290891909876891 0.06569478674051381 2.165623322631068 0.03222509225273987 -0.9994151399297575 -0.011442093711844323 2.6376571274668357 0.06603291141909796 -0.00929414454853602 0.997774159560647 -0.015125127275629374
283 -0.9970143119903085 -0.041153417997675606 0.06533649725895015 2.169719046557569 0.04049875061536114 -0.9991155366706289 -0.011313513246266345 2.6376729339449345 0.06574429926305848 -0.008633688117463116 0.9977991514050921 -0.015515825991981971
284 -0.996673286982632 -0.04900682568091864 0.06512058085940911 2.1737445982780557 0.048377772140222285 -0.9987662833388811 -0.011202786565222566 2.6382287655868173 0.06558925352273795 -0.008015129487463725 0.997814515590001 -0.01613083663373641
285 -0.9962573664764287 -0.05634445580231165 0.06554816580991156 2.1793958538935847 0.055758202175682836 -0.9983865296545117 -0.01074059092199637 2.6383876569930416 0.0660475785384981 -0.007045544945753742 0.9977916003181628 -0.01685127655489189
286 -0.9963439600385997 -0.05503402969207223 0.0653449988123907 2.186096378616236 0.05445152780934542 -0.9984594752762684 -0.010663364822498366 2.638572395912926 0.06583118116221238 -0.00706624411491995 0.9978057545342195 -0.017528477537651247
287 -0.9966096112991066 -0.04857437209395627 0.06640642318933113 2.1895023076370457 0.04797702055943069 -0.9987925992727864 -0.010561682400663238 2.638679694354715 0.06683927111712316 -0.0073398918625880265 0.9977367577799363 -0.01897505695820498
288 -0.996842407368432 -0.04403056782378398 0.06607967894458855 2.197762055180562 0.04343262784345973 -0.99900161039954 -0.010458931960617654 2.6386133726963465 0.06647421839362769 -0.007555892811157085 0.9977595335415288 -0.019457335495767062
289 -0.9966926467504093 -0.044856024919489854 0.067762120251751 2.203363189412797 0.04426332665838502 -0.9989675835362267 -0.010223744732537444 2.6385970635690277 0.06815075807211315 -0.007190554334144838 0.9976491217369713 -0.020243664158167574
290 -0.9964641724416358 -0.04745411651900353 0.06933440607767302 2.21239009700234 0.046924927612230626 -0.9988556615194352 -0.00924221932953863 2.638554148663993 0.0696936454027955 -0.005956028449452593 0.9975506611278433 -0.02076475131553734
291 -0.9966270192918043 -0.04594969173784592 0.06799419273476297 2.220743533454595 0.045421263555292614 -0.9989246482912043 -0.009298163912547995 2.638798686872024 0.06834832282994181 -0.006178419237214389 0.997642387783616 -0.020959981857049993
292 -0.9967460572860174 -0.04236400259428079 0.0685754224756793 2.2274492066428344 0.041824689842779705 -0.9990818491712316 -0.009281916605440109 2.638885827170414 0.06890567903446457 -0.006383568005831135 0.9976027553370128 -0.02119528801031412
293 -0.9967791097255834 -0.04008697437656046 0.06945819533720989 2.2369240863763546 0.039574601144661846 -0.9991784144052038 -0.008737684541139573 2.6384805398981985 0.0697513968215913 -0.005960761041435282 0.9975465963902784 -0.02160831898556863
294 -0.9967590321855341 -0.039853038462343005 0.06987966143534984 2.243367555709685 0.03933294644188147 -0.9991873789544407 -0.008803468767254217 2.638227167634947 0.07017372073135748 -0.00602636402797967 0.9975165822464003 -0.022033626157592797
295 -0.9952424591627795 -0.05685504815435175 0.07911985198788704 2.2514644016645757 0.056163423991015766 -0.9983616366673583 -0.010941308649860742 2.638246580710751 0.07961229355366466 -0.006445613134715373 0.9968050645878643 -0.021912189523891748
296 -0.9943862521376624 -0.06743460195758355 0.0815386780493892 2.254006443114724 0.06658070242502777 -0.9976943930459337 -0.01314945430889997 2.6386225145419786 0.08223741012420337 -0.0076467341291560215 0.9965834314465338 -0.021599193207317454
297 -0.9950044119558198 -0.06469967131647265 0.0760274471500335 2.252802207118516 0.063913409849864 -0.9978742219640062 -0.012732367455859086 2.6381182470029136 0.07668960966297249 -0.007809588404104081 0.9970244300417018 -0.02191568504154101
298 -0.9957448303222323 -0.06392914313997593 0.06637241553966183 2.250825308948059 0.06344308840297455 -0.9979411179801204 -0.00940742137046897 2.6381840315427647 0.06683717095458214 -0.005156520170517376 0.9977505714748441 -0.022029060953555887
299 -0.9957355677597608 -0.06235665473297727 0.06798769527978199 2.2502972753455444 0.06178015522707265 -0.9980340078234565 -0.010551381296025217 2.638573407620697 0.06851198084304003 -0.006306095278073411 0.9976303632331818 -0.021988247569272923
300 -0.9956404921408448 -0.06176666415458364 0.06989198529286067 2.2511796243512903 0.061175374137691384 -0.9980710515941709 -0.010571166794010088 2.6384174637945423 0.0704101129683439 -0.006249413360690148 0.9974985517910753 -0.02205268960713444
301 -0.9954270385411095 -0.06410247024899281 0.07082290764985458 2.251461481261506 0.0634966954039682 -0.9979238882181576 -0.0107741819437524 2.6381952439894714 0.07136652305420743 -0.006227891430857658 0.9974307157671201 -0.02215340545385658
302 -0.9954948316346404 -0.06422489046333447 0.06975101170374735 2.2513300040593456 0.06362013556085638 -0.9979150997315723 -0.010859653732158279 2.6381499991289283 0.07030304787202568 -0.0063731603437339746 0.9975053204303267 -0.022235646035900364
303 -0.9954854513686535 -0.06432637393784373 0.06979135855041985 2.251404862858746 0.06376116747726708 -0.997912047051183 -0.010298537314893375 2.6385675850380923 0.07030810504039067 -0.005802065567309141 0.9975084492880832 -0.022052312286189545
304 -0.9955019061142797 -0.06447804852045404 0.06941567677283597 2.2512585907030083 0.0639108843376972 -0.997901802479849 -0.010362985619802964 2.6384323383327413 0.06993821406232338 -0.005879954649174202 0.9975339955853711 -0.022146812378687666
305 -0.9955108791976014 -0.06432578286254807 0.06942825835755122 2.251573198335606 0.06375866490431398 -0.9979116119657441 -0.010356029800361459 2.6384382122009407 0.06994942493896307 -0.005882887272769029 0.9975331922239283 -0.02207213623782588
306 -0.9955312083698603 -0.06438133857672292 0.06908441505997658 2.2511651620611586 0.06383205305338045 -0.9979092248888051 -0.01013152919740281 2.6384220148848834 0.06959225649568758 -0.005676453457752584 0.9975593695180548 -0.02216914769593004
307 -0.9955009362579342 -0.064585478685471 0.06932966070110042 2.2514317896564546 0.06401276596499092 -0.9978943316098958 -0.010453168638467052 2.6382033905134 0.06985879832582487 -0.0059681558216832 0.9975390365361823 -0.022091941586654156
308 -0.9955018370789995 -0.06461413217571332 0.06929001584048126 2.2512526899264276 0.06403092483946302 -0.9978915382125921 -0.010607479760555871 2.638122340592374 0.06982931358967358 -0.006123061793146678 0.9975401621382486 -0.022190588147527432
309 -0.9955072802039356 -0.0646302379044401 0.06919672975186014 2.2513508729738847 0.06405403276220996 -0.9978910225953861 -0.01051607865436632 2.6380979564951614 0.06973045207788242 -0.006036503265569751 0.9975476052208015 -0.022055364113098396
310 -0.9955066366869038 -0.06457487805067894 0.06925764532907668 2.251378283163509 0.06398768704224961 -0.9978936888101293 -0.010665914826444644 2.638131857191884 0.06980051732508587 -0.006186352461810234 0.9975417870070618 -0.022115135307683713
311 -0.9955211644881625 -0.06448191812454053 0.06913532592290735 2.2511740918306966 0.06390939371632866 -0.997900847665459 -0.010463633350036403 2.638252797298305 0.0696649154916394 -0.00599837169448836 0.9975524142057011 -0.022108690988765563
312 -0.9955153960439925 -0.06460070993696525 0.0691074852352733 2.251510857612868 0.06401962139598691 -0.9978924196554113 -0.010592774433691537 2.6381838136303686 0.0696461364064951 -0.006121034996271063 0.997552980354934 -0.02196389532589279
313 -0.9954957109282184 -0.06467705194341546 0.06931932252996756 2.2513741046925237 0.0640867402263199 -0.9978868761792281 -0.01070850486624039 2.6380533043535546 0.06986543674369088 -0.006217821249064283 0.9975370466545662 -0.022116146111632855
314 -0.9955045384084971 -0.064553150056758 0.06930804300308573 2.2513675077099875 0.06396779827542723 -0.9978952999581426 -0.010634430188096827 2.63822116471757 0.06984865632981313 -0.006153140602004297 0.9975386228465775 -0.022047288160485654
315 -0.9955037571519163 -0.06457596710931143 0.06929800839575768 2.2514505036892514 0.06398962396000063 -0.9978937318211356 -0.010650258958508041 2.6382371047662128 0.06983979897871001 -0.0061680193104693 0.9975391511198196 -0.02208167732287884
316 -0.9955047774530935 -0.06457201926815916 0.06928702905246058 2.251271617818997 0.06398636582325873 -0.9978940369279503 -0.010641242980208541 2.6382098885725065 0.06982823967490674 -0.0061599830377039606 0.9975400100017289 -0.022145417299417935
317 -0.9955045802739626 -0.06450727303463986 0.06935014332978409 2.2514888334026653 0.06391705017849042 -0.997897865163216 -0.010698663377018563 2.638210582300579 0.06989450157748767 -0.006217911804856173 0.997535010023567 -0.02206110578080491
318 -0.9955046325073339 -0.06465982885111712 0.0692071758510608 2.2513352729312928 0.06407947827228465 -0.9978887611874336 -0.010575479114349277 2.638158371413634 0.06974487164555726 -0.006093178728890334 0.9975462525884938 -0.022120410395318767
319 -0.9955066863084591 -0.06451119746617114 0.06931625290343808 2.2513728119212826 0.06393720872804867 -0.9978989992034422 -0.010469991767663167 2.6383199914492965 0.06984605110762207 -0.005991059080118303 0.997539791866593 -0.02198987896945627
320 -0.9955109882925561 -0.06452565917889663 0.06924096688668566 2.2514721708405143 0.06393871738224297 -0.9978968679227007 -0.010662148403540675 2.6384011207998888 0.06978332614282791 -0.0061871072824705355 0.9975429850867478 -0.02195757907857801
321 -0.9954951496254467 -0.06472301620668319 0.06928447333902715 2.2513074302224556 0.06413326392337713 -0.9978839226850076 -0.010705199884722232 2.6380733294882655 0.0698307348631709 -0.006213535147372128 0.997539503202944 -0.022177046085463403
322 -0.9954971969051892 -0.0645357140606334 0.06942962310430506 2.2512926744362183 0.06394631818355903 -0.9978961816981429 -0.010680774400047846 2.6382735346914785 0.06997284719505692 -0.006192912206282378 0.9975296729891571 -0.022104901150816664
323 -0.9954748692096632 -0.06463634189098941 0.06965578280693277 2.251401165556384 0.06403055829567394 -0.9978884409473482 -0.010897110963647115 2.6381586596732305 0.07021304989785536 -0.006387701450761594 0.9975115662960669 -0.022024064268129757
324 -0.9953638446804376 -0.06133800220775488 0.07408418311240487 2.249622543260038 0.06066434044141035 -0.9980941268847031 -0.01131157269571293 2.6379876156812863 0.07463681733081667 -0.0067648623824038134 0.9971878369373399 -0.022071173349110094
325 -0.9952028784273761 -0.06015235686544278 0.07715519899734126 2.247435810996662 0.059375383693570545 -0.9981596096201709 -0.012327105627821338 2.6379964460911745 0.07775470776845626 -0.007686851459625856 0.9969428858940358 -0.021688902093071734
326 -0.9952214091331951 -0.06497201337548263 0.0728902207520084 2.2430734966982784 0.06433822715822345 -0.9978673893960203 -0.011012070887585781 2.6383109264367506 0.07345025071163695 -0.006269821127178736 0.9972791735590697 -0.02184189087786697
327 -0.9950822107869202 -0.0700610720984403 0.07002028242782168 2.23884439275161 0.06951860468883642 -0.9975289428848227 -0.010157347545365071 2.6389815340478946 0.07055889296900256 -0.0052396835169782425 0.997493853786017 -0.021825241159341202
328 -0.9945888773590268 -0.07428206928431151 0.0726301536317562 2.232924796259696 0.07368802068796201 -0.9972225534730325 -0.01082840940117036 2.6394200160175245 0.07323278392199205 -0.005417843287403332 0.9973001585952525 -0.021007569206731535
329 -0.9943193190243402 -0.07532292900771734 0.07520337877682352 2.2250837731639472 0.07459474936696982 -0.9971362200368656 -0.012449178952558513 2.6394836679785065 0.07592572146964961 -0.0067686819473846815 0.9970905022939816 -0.02042927733924262
330 -0.9945140256083121 -0.07379962622603654 0.07413142409145937 2.218428742511181 0.07308190580185477 -0.9972494512978763 -0.012351798629347327 2.639885113441102 0.07483908012131615 -0.00686637122631791 0.9971719836780801 -0.02008880714748521
331 -0.9947881447650162 -0.07027692285125771 0.07387625565597532 2.2114835712461542 0.06957021194284292 -0.9975036778480572 -0.012099516083186601 2.640363565250361 0.07454215348111919 -0.006896868394206434 0.9971940135006873 -0.0195897734716511
332 -0.9950760797657948 -0.060593219500862674 0.07843505102078124 2.2006262312089424 0.05979548349697253 -0.9981326084676689 -0.012481829464396046 2.6405026438489214 0.0790448963034492 -0.007730308133375166 0.9968410839777005 -0.018710067962490494
333 -0.9955117911311867 -0.04634139809062424 0.08251514128126118 2.1872204961343225 0.045416338719697476 -0.9988828546333204 -0.01305369283099684 2.6407423034837203 0.08302788625051297 -0.009247569525811204 0.996504316379553 -0.018089423442463375
334 -0.9963124311163074 -0.030340119015608857 0.08025594546115039 2.1735987957268423 0.029414982387465198 -0.9994867948372546 -0.012684863292999338 2.640286294183453 0.08059961795869804 -0.010277359764824483 0.9966935724996315 -0.01689033249551082
335 -0.9967191942522992 -0.0180280412950028 0.07890397668462978 2.16107509980678 0.017117948194786316 -0.9997790987400684 -0.012195473372800834 2.6397953506317795 0.07910640719450736 -0.010804788209147032 0.996807620804313 -0.016622628112852703
336 -0.9968907887472962 -0.006282389357855528 0.07854480819920973 2.147217698157327 0.005350906452590549 -0.9999129087843777 -0.012064105651000242 2.639288273488867 0.07861375904518175 -0.011606309876945742 0.9968375847948157 -0.01612515748604884
337 -0.9968014751647705 0.009662383631609739 0.07933131444810032 2.1305648820880982 -0.010603425084425624 -0.9998782309183052 -0.011449485243378969 2.638086827274708 0.07921102502788818 -0.012254047430403906 0.996782549925394 -0.014773043914068506
338 -0.9964608422751103 0.027070275909953104 0.07958008528174483 2.1118362745054817 -0.02801206440545047 -0.999549867513847 -0.0107418154927433 2.6371359462860604 0.0792534797922037 -0.012933000988266032 0.99677059719245 -0.013767280269556127
339 -0.9962055570652881 0.039822988300947056 0.0773861594550191 2.095885810856519 -0.04070445457571412 -0.9991227160644227 -0.00984609675403398 2.6363850771220427 0.07692616882447358 -0.012958697714675681 0.9969525749522159 -0.013729943023150885
340 -0.9955548082731385 0.056239248204799704 0.07554978944651262 2.075706915598745 -0.05711797079146552 -0.9983220514427515 -0.00951940205742997 2.6344072028116967 0.07488765677130235 -0.013792337157524873 0.9970965902562305 -0.012310618665639943
341 -0.9948121704234424 0.06858870941425782 0.07512878621158547 2.0598074293107103 -0.0694811038820434 -0.9975396696120074 -0.009326508033150896 2.633017112362275 0.0743042514264726 -0.014498154698804309 0.9971302230551605 -0.011483119415457203
342 -0.9932917275459878 0.0868438676298255 0.07635238466345734 2.0379878407516214 -0.08780795938570324 -0.9960934887829103 -0.009355419446418092 2.630259635644588 0.07524165240889233 -0.01599700783527889 0.9970370050724778 -0.010675605164638271
343 -0.991857634758029 0.10165007576221297 0.07671827988833078 2.0198356947752973 -0.1026583013894813 -0.9946731630446614 -0.009304400777031471 2.6280247228565576 0.07536382107639716 -0.017104409247135327 0.9970093949699395 -0.010294462130791495
344 -0.9895584310662554 0.12215916496098553 0.07649346325989799 1.9961462399636172 -0.12321215557787758 -0.9923378616283153 -0.009183305305190067 2.624908773051733 0.07478553485196635 -0.018512341685907097 0.9970277914793481 -0.009301583425031954
345 -0.9874860542671329 0.13788137155504526 0.07655076751009328 1.9782748247236996 -0.13899370252871826 -0.9902489125058964 -0.009372402979121962 2.6221646535026126 0.07451203450161993 -0.019895191844738917 0.997021633695204 -0.008722877906820203
346 -0.9841370063264449 0.1597953535917204 0.07707008335467942 1.9534318134233244 -0.16096260045770044 -0.9869181972203832 -0.009138558359755007 2.6182410141740577 0.07460156855957094 -0.021398994500741658 0.9969837957577007 -0.007771888247197557
347 -0.9812445198260005 0.17651536461727438 0.07746946730973302 1.9346423446826437 -0.17768394253916017 -0.9840517103950227 -0.008405226450390803 2.615343152794478 0.07475031019824892 -0.022012662771100918 0.9969592939553676 -0.006541312649317871
348 -0.9768516298574377 0.19970966405641907 0.07666122440932384 1.9096889194719884 -0.20077024307714061 -0.9796180499626892 -0.006307589262782404 2.6111245734894752 0.07383903263191359 -0.021552871511915178 0.9970372465415015 -0.004962248200582136
349 -0.9718339561797953 0.22358935881041966 0.07447523241225801 1.8837536563247208 -0.224628483324021 -0.9744273750153951 -0.0057736729184873145 2.606318314260677 0.07127977339790834 -0.02234030989638624 0.9972061494283659 -0.0037188254750558404
350 -0.9677508618835028 0.2411812222535454 0.07273161180825671 1.8639761333416753 -0.24214783479320193 -0.970228239481431 -0.004646441256423385 2.6017226075493936 0.06944562929747235 -0.022108399852061558 0.9973407257442738 -0.002467211520110139
351 -0.9630154837452597 0.25961014339953986 0.0721370328643923 1.8447780030197827 -0.2605513757567716 -0.9654525263502849 -0.0037947271140577965 2.596948180258274 0.06865973097216292 -0.022449784123514446 0.9973875117206312 -0.0013999661673021072
352 -0.9559044202889648 0.2846976750359998 0.07206922435767986 1.8208483144511602 -0.28566489775659004 -0.9583239889488936 -0.0032708400133035992 2.5900502328951043 0.06813446602053756 -0.023714258034809706 0.9973942693367349 0.0010079919775544612
353 -0.9477912372993053 0.3104252873537594 0.07299254393590851 1.7965768138211478 -0.311479001330027 -0.9502475255242178 -0.0032360414154078802 2.5839985312833083 0.06835643517003961 -0.02580273638742316 0.9973272364502428 0.0027544589862178626
354 -0.9409831570779934 0.3299439401940908 0.07541680465970822 1.7756391232510667 -0.33110077671503524 -0.9435905436598816 -0.0030268092248166073 2.5759411783631387 0.07016390634813287 -0.02781873910183482 0.9971475036327745 0.0031826896184991805
355 -0.9303675886802977 0.3585391257530361 0.07658880621587641 1.7541296722272492 -0.35970413074564045 -0.9330651728892715 -0.0015236352245268873 2.5728456508864017 0.07091606487220792 -0.028966850795027255 0.997061599550271 0.006268779430359053
356 -0.9216954408070681 0.3805619742014778 0.07516713502018256 1.7422509587309127 -0.3816979550890667 -0.9242867603161489 -0.0008098052102182432 2.5748747133679064 0.06916780664148832 -0.029437535498417627 0.9971706203194404 0.0086251563831534
357 -0.9098818616731196 0.4086443184503383 0.07158783971722926 1.7158286032700492 -0.4096868405319507 -0.9122262193769233 0.00013181739670099172 2.56472755628297 0.06535817080881494 -0.02920865761695518 0.9974342904824715 0.008718233728326317
358 -0.9005987267968278 0.429080777284172 0.06936584070421566 1.6966322101321636 -0.4301377875591839 -0.9027631869522851 -0.0003346584223409702 2.5553930332916477 0.06247733192407295 -0.03013826220232077 0.9975912329945349 0.009959946851474808
359 -0.886772970503188 0.4571539303353129 0.06814677368274225 1.6717100657905053 -0.45817332371268826 -0.8888625534681863 0.0007526485480093071 2.544745960898885 0.060917191508992594 -0.0305556054105606 0.9976750226183567 0.011156772007610572
360 -0.8714757929825194 0.4856963183396527 0.06803696492510686 1.6483870590440268 -0.486602526861396 -0.8736157724142405 0.0036692015966334228 2.5362225885998777 0.06122028337244732 -0.02990933868192461 0.9976760538193363 0.012286829138443818
361 -0.8595625251159856 0.5064764830628696 0.06807229627875377 1.633226805931491 -0.5074259873851807 -0.8616868939219322 0.0038163029900937758 2.5306765489854772 0.06058987325926469 -0.03126130111953115 0.9976730919050223 0.01455266107795635
362 -0.8471763177530559 0.5267938926939948 0.06914102442879601 1.6176842037097914 -0.527823368286698 -0.8493451588540915 0.003910629114284947 2.5236303248318634 0.06078468991056381 -0.03318125602882828 0.9975992310144353 0.016045416862186152
363 -0.8294003364846569 0.5543355560063131 0.06933378099322673 1.6007634150889847 -0.5554118389429156 -0.8315636724708511 0.004421288175128616 2.5196109023335795 0.06010633078783793 -0.0348417849019442 0.997583720308857 0.019582368039726815
364 -0.811603231392574 0.5799841992184904 0.070132185549135 1.580236983948266 -0.5811627541191908 -0.8137758402742749 0.004328395782868866 2.5061729177286516 0.05958227938724708 -0.0372452741028075 0.9975283161601415 0.02160004278862629
365 -0.7927896679748969 0.6057101346301024 0.06782164225337022 1.5557255020605445 -0.6067838513177054 -0.7948456412125843 0.005810716419189202 2.487310815604066 0.0574273465497259 -0.03654640134907852 0.9976805402617474 0.02099183715824795
366 -0.7778030402532977 0.6250969101787851 0.0653932982615996 1.539438690714677 -0.6261487030256729 -0.7796844459758336 0.005474157727400188 2.4764235893474567 0.05440801660702956 -0.03668811237081702 0.9978445520921582 0.0218394842828704
367 -0.7587569676098715 0.6480838168833308 0.06538524602580222 1.5159750833567263 -0.6491086890893261 -0.760663435127199 0.007003442601998346 2.455717532662928 0.05427498366199683 -0.03712822046293772 0.9978355182063138 0.021538551286481567
368 -0.7441255069766934 0.6647498497575934 0.06621832913578009 1.4996408420598817 -0.6657665147957703 -0.7461115722588121 0.008512902971783856 2.4414954205746175 0.055065212635533434 -0.03775127796500269 0.9977688426535809 0.022641525444542274
369 -0.724219753545484 0.6862135222025567 0.06794667409115289 1.480283244799596 -0.6872904486668933 -0.7263178026743097 0.009710236323717113 2.4235436558215424 0.05601417449382715 -0.03966675516482128 0.9976416996052219 0.02336038572848502
370 -0.708450580338799 0.7024361249393246 0.06841977490031828 1.4650081428096766 -0.7035464452152643 -0.7105745076637056 0.01030866055248447 2.408040902147932 0.05585852343614434 -0.040833312863481616 0.9976033610210098 0.023970404598260334
371 -0.6861826169144338 0.7243376267003256 0.06699566247222838 1.4463171871862697 -0.7253572718927643 -0.6882664750456188 0.012086663760996966 2.3892286336819146 0.05486569379595181 -0.040302132390591466 0.9976800558139647 0.024283881188536582
372 -0.6688669722056021 0.7404491798328305 0.06596958070366991 1.4327048144821473 -0.7414536822850027 -0.6708876855209809 0.012496017002992238 2.3744868026747117 0.0535108448539067 -0.04055521547407145 0.997743385837087 0.024919781178385465
373 -0.6445637308526968 0.7618016106954553 0.06477578876234415 1.414343176652125 -0.7627880308938119 -0.6465151945359323 0.013134807155443427 2.3548477595081807 0.05188464891987312 -0.040943976056628736 0.9978133963982062 0.025392049044169
374 -0.6259916051812744 0.7771034552653715 0.06515159289190917 1.4021176272689986 -0.7780969925982483 -0.6279833750649345 0.014210937700890342 2.339451974338972 0.05195748598520614 -0.04179833079034259 0.9977741824647066 0.025775156389852096
375 -0.6006791636533002 0.796692202412052 0.06682871364732453 1.3856705998375631 -0.7977355878876367 -0.6027981832707368 0.01588338952672602 2.3186441678884324 0.05293839976118125 -0.04377082203306522 0.9976380310367889 0.02674617317764184
376 -0.5760879024595368 0.8145239919717444 0.0683622347613541 1.370857250501245 -0.8155743107403721 -0.5783639354820678 0.01826750647938105 2.2980953578919845 0.054417573434977065 -0.04523079300579798 0.9974933097849488 0.02678354504388701
377 -0.5578885586819382 0.8271752214661235 0.06739071956980744 1.360346603457945 -0.8281453721869728 -0.5601612631260725 0.019864587040020153 2.2827659635060766 0.054181164781255786 -0.044727086707869144 0.997528891360402 0.027702567213101895
378 -0.5340791178866456 0.8428619100652001 0.0659036903286501 1.3439583754304787 -0.8437427876365288 -0.5363174264105011 0.02148782068962124 2.2594820273716683 0.053456563177404624 -0.04412956707477967 0.9975945955964478 0.027801286241647055
379 -0.5172311428036851 0.8534126213939164 0.06448908867806483 1.3346981815120451 -0.8542796337625362 -0.519373279433407 0.021394016651763326 2.244131347983431 0.051751833307334974 -0.04402606337573916 0.9976890565165372 0.027845252120331686
380 -0.4946031819125626 0.8668841632013942 0.0622859537366682 1.3225116685209708 -0.8677636181758279 -0.49656280346751536 0.02029002668199681 2.222626017238823 0.048517990604735835 -0.04401397281835677 0.9978520806137539 0.028425465412109243
381 -0.4764252691857173 0.8771172284672318 0.060698685382714404 1.3138394204215977 -0.8779599589826269 -0.4782975176445465 0.020440035187836804 2.2067048065407517 0.04696033755598145 -0.043552866062751466 0.9979468295233648 0.029224511663990486
382 -0.4513279871687816 0.8903099452714323 0.060425568663990514 1.3012370195683325 -0.8911697332225627 -0.45318592348150705 0.020952931664703668 2.1841592173558393 0.04603862058010785 -0.044392793433329865 0.9979527670724161 0.02877512848134104
383 -0.4333080793781775 0.899236579304656 0.060147176032428 1.2931223987903098 -0.9001205997818504 -0.43513616645800296 0.020962406540087613 2.167867533605938 0.04502237435235809 -0.045056532049624495 0.997969385666498 0.029375394012399702
384 -0.4095040217285994 0.9103744264208434 0.059370530622673015 1.2820887801702132 -0.9112505735588906 -0.4112950195140262 0.021419596407912002 2.1447986470936895 0.04391865634420962 -0.04533001920968608 0.9980061828384564 0.03004622937508127
385 -0.3917060014530126 0.9181928471731623 0.059061864389006076 1.27460255806683 -0.9190323931566553 -0.3935261776813455 0.02272900805942439 2.1279951495228118 0.044112002362378534 -0.04537667771063471 0.9979955352446654 0.030036820493009608
386 -0.3694756470905718 0.927320539133553 0.059702293987426505 1.2656719204060294 -0.9281554848600481 -0.37138555416903185 0.02449828725965519 2.1060415990674373 0.04489033448697512 -0.04636149108607819 0.9979155625673075 0.030578395256713603
387 -0.3533435511258162 0.933533657079699 0.06052475506917748 1.2589940607296743 -0.9343772888619968 -0.3553422580878218 0.025902927932203935 2.0889858426985075 0.045688258177882884 -0.047400324011284044 0.9978305429022337 0.03082621952667138
388 -0.3333437323110816 0.9407766279288327 0.06181660351911597 1.2508093983259059 -0.9417102877586139 -0.3353993364445227 0.02624917222072717 2.0657529183624592 0.04542785552886978 -0.04946333445023244 0.9977422956295232 0.031063399027966884
389 -0.3184772880880054 0.9458999765416184 0.062011703338475305 1.2449676140459758 -0.9469786522352436 -0.32040685909057853 0.02389302947370445 2.0484287037659406 0.042469391111502316 -0.05111437202012752 0.9977893925035768 0.031127038381227736
390 -0.29730482643124556 0.9528213583118661 0.06116616161001906 1.2378371040641045 -0.9541249580028157 -0.29886711297341223 0.018000369408084138 2.0255757286043052 0.035431690560828406 -0.05300856467549833 0.9979652736324527 0.03155365852695541
391 -0.2756156999964247 0.9593519489368435 0.06066155279186513 1.230806536624353 -0.9608265579620326 -0.27685212712310725 0.012853996284758721 2.001386886590834 0.029125786312285226 -0.054742467786720976 0.9980756237841909 0.03136876811820949
392 -0.25247669073837403 0.9657635219541266 0.059635059289254944 1.2244319144547646 -0.9671948871272031 -0.25368023445004306 0.013430895875418986 1.9776914003004025 0.028099305125832894 -0.054287736293502496 0.9981298867082513 0.030955836012871205
393 -0.22285802333472715 0.972990148531259 0.06020359038726526 1.2170065151648672 -0.9743541444787992 -0.2242905857371009 0.018103432968604376 1.9477317980297706 0.031117560483817613 -0.05462512251989234 0.9980219403498094 0.030685480564261066
394 -0.20143862561981066 0.9776847704872692 0.059623566366026615 1.2121721649391015 -0.9789457055483981 -0.2030007165228067 0.021354500194042652 1.9240616972414086 0.03298159631437007 -0.054066613073210305 0.9979924927854286 0.030437190808464437
395 -0.18194909483247185 0.9814931105886753 0.05971432621977607 1.2075417375136532 -0.9828047633610643 -0.18346287825415414 0.020884669433100966 1.9005745050375062 0.03145352132691967 -0.054887577550850004 0.9979970089272024 0.030380767962642715
396 -0.1671715591443888 0.984082339480177 0.060296093871291104 1.2045238825624518 -0.9855034584962037 -0.16858097391553034 0.019062752314764127 1.8838211841367356 0.02892409212327158 -0.05623525901846586 0.9979984932544449 0.02988829147750585
397 -0.145548983049199 0.9875283851653902 0.0600265110245267 1.2007659259782175 -0.9890360014557152 -0.1467656106442622 0.016359809174167676 1.8596374683352852 0.02496560348036429 -0.05698722685721692 0.9980627107645327 0.029889493155864998
398 -0.11539222222166116 0.9914902196750826 0.06026424594556803 1.1975904299909805 -0.9930082149850062 -0.11666348928917694 0.018008754514465635 1.8307533456666334 0.024886141181054 -0.0577648210910804 0.9980199924960031 0.02982079866164823
399 -0.0977755283319677 0.9934157546627551 0.05970832811216183 1.195490450196616 -0.9948787617864006 -0.09911133223758029 0.01982909901071972 1.8118519017265966 0.025616311302480783 -0.05746374690885748 0.9980188988126023 0.029523754299760535
400 -0.07486967860705997 0.9954754788145029 0.058507284195224746 1.1938487909494349 -0.9968603035147442 -0.0762319431870752 0.02140621668986832 1.7899268403721307 0.025769487773653846 -0.05672091251804898 0.9980574490394829 0.029543214257183377
401 -0.058067095568330306 0.9966237875119897 0.05804514258814214 1.1922912520630435 -0.9979902959736358 -0.05942766444885435 0.021993677259667388 1.7721873733174356 0.02536890918747037 -0.05665138007222942 0.9980716605447736 0.029435299339401328
402 -0.0366887678149272 0.9976768063866438 0.05740143129378031 1.1914057794618778 -0.9990441586055299 -0.037983732489061554 0.021633428350273327 1.7490449574320903 0.023763490318279883 -0.056552860800334094 0.9981167619389928 0.029137381051177812
403 -0.02041815143171236 0.9981611585590123 0.05707364222228103 1.1902695225523527 -0.9995454666829798 -0.021646268412058908 0.020983305212100865 1.7319751563653218 0.02218015161974407 -0.05661926004725606 0.9981494378430388 0.028898830995745688
404 0.0010319415149928045 0.9983641202073782 0.05716658621763524 1.1897769141194696 -0.9997945328508645 -0.00012724959820425906 0.020270073720163966 1.7096319502052824 0.020244188740194825 -0.057175757893653714 0.9981588578638972 0.028636075795609346
405 0.017563426443499376 0.99823810382702 0.056676398249378465 1.1896406336333656 -0.9996566180548895 0.016429363363864316 0.02041376982095378 1.691832547123943 0.019446645736523733 -0.05701547234267317 0.9981838828009197 0.02835644025933004
406 0.03999437004373674 0.9976537622335709 0.05556456664542472 1.189834115910899 -0.9990327097642231 0.03890855030415387 0.02048827794470392 1.6696963314552324 0.018278270836289988 -0.056330235352956705 0.9982448644502975 0.02815032916679691
407 0.05616993097929216 0.9968903227012206 0.05526864714918289 1.1902923223202533 -0.9982670415110769 0.05510234559488144 0.02065539500689105 1.652987207017611 0.017545731297226128 -0.056333080989809145 0.9982578481039013 0.02814975183506664
408 0.07754259342623093 0.9955153534785449 0.05418788787604237 1.1913072917574627 -0.9968496639495165 0.07650836635634188 0.02090974320615861 1.6301149061070994 0.01667014362095653 -0.0556385735361777 0.9983118027182041 0.027828766063242267
409 0.09216232802323383 0.9943158846903679 0.053310662586283954 1.192590598464132 -0.9956187651004086 0.09116949162922092 0.020770131815747037 1.613540333617664 0.015791765984363732 -0.054991319752750165 0.9983619458292409 0.027800093632878026
410 0.11218383934767778 0.9922610214970169 0.05322453763951686 1.194330690404651 -0.993581262511607 0.11122772704035355 0.020607462803441563 1.591487945489534 0.01452793774708331 -0.055194727601068055 0.9983699119414116 0.02739727128928987
411 0.12713626965250002 0.9904670915030773 0.05302178408599093 1.1957949136196675 -0.9918073862658362 0.12627469746621106 0.019308270943754608 1.5747479128011683 0.01242889721852557 -0.05504217863052868 0.9984066711943724 0.027188527200042306
412 0.14776472754161768 0.9876155470481095 0.0527362922794259 1.1985793349442064 -0.9889835221454945 0.1470750588879281 0.016748730600501402 1.5522347153245672 0.008785113441290402 -0.05463019569801941 0.9984680082505591 0.026798085087669656
413 0.17085546959688788 0.9839344417281279 0.05178245736198289 1.2018818814757086 -0.9852684908438955 0.17022112225906783 0.016455105159624814 1.5313573842980384 0.007376276702920712 -0.053831068336708 0.9985228122705629 0.027137479000828996
414 0.18885771321806985 0.9806347047404875 0.05184920458651564 1.2049938285244624 -0.9819567864499344 0.18806485419523788 0.019811112042503503 1.5153080811568 0.009676450906710007 -0.05465515963249858 0.9984584016497479 0.026905494030986646
415 0.20729403932184792 0.9769575268001297 0.05082491603687901 1.2076323615339433 -0.9782079398606897 0.20637433437599192 0.02277850969659227 1.5000309794146889 0.011764678279457264 -0.054439185694868025 0.998447779007752 0.02676168634916763
416 0.23069078371525614 0.9717884490338164 0.049081285985515644 1.2118891123627047 -0.9729456700465727 0.22972520939426444 0.024557102950634666 1.478546357120873 0.01258910028804585 -0.053418522005645695 0.9984928522836507 0.026495942317667553
417 0.2525843179646586 0.9663763221693599 0.04814526215839331 1.217064316914945 -0.9675085919472819 0.2516716765990023 0.024258847969838997 1.4575906437054948 0.011326377432785412 -0.05270835936870229 0.9985457135394278 0.02596214686449001
418 0.2684776779627452 0.9621184969871841 0.047410275163386174 1.2210038567910368 -0.9632426262774503 0.2676737186323086 0.02268090112175497 1.4422085110587308 0.009131229841817662 -0.051756913628491684 0.9986179662586083 0.025831049404936596
419 0.2845785745504624 0.9575152188866646 0.04668662021262654 1.2252622941329032 -0.9586281258383339 0.28388478088897867 0.021013032389358262 1.426232182418288 0.006866677357867567 -0.05073496604113682 0.9986885460261385 0.025048779216572073
420 0.30661533193361856 0.950711391334958 0.046204854809983716 1.2309129349588943 -0.9518270948367877 0.30607351816718303 0.018552169954776078 1.4057536363191243 0.0034956768414118257 -0.04966741247035317 0.998759695013319 0.02489153708360012
421 0.33005155110797585 0.9428680038685696 0.045452182469575594 1.2374509076149143 -0.9439628178673223 0.32964753090728444 0.016331070078424714 1.3847775208982458 0.00041484371915414056 -0.048295265252496646 0.9988330167050594 0.024242808411208065
422 0.3540696650311837 0.9341795920304001 0.044081312808929726 1.2442473152332623 -0.9352190000764642 0.35366064309578665 0.01701679817343001 1.364722684675598 0.0003069201377663925 -0.04725081331700963 0.9988830093868831 0.023589959610095725
423 0.38293197254271916 0.9227790540407307 0.04291761674881136 1.2537192440633134 -0.9237763121700466 0.3824854288772768 0.018499236975528806 1.3400948462343234 0.0006553453478434414 -0.04673022703293531 0.9989073312395105 0.02315763618252851
424 0.4110517779375558 0.910686815635878 0.04106043936137562 1.2642823857722214 -0.9116118380862137 0.41066125724936264 0.017921731366365753 1.3154401860102745 -0.0005408471830834665 -0.04479794214101228 0.9989959218460586 0.022579573020906223
425 0.4339488864430958 0.9000028495767602 0.041027243484471836 1.2726994459799 -0.9009362107607898 0.43357487783692505 0.018076765446208346 1.2966041590647632 -0.0015192416692563398 -0.04480732151953844 0.9989944923995532 0.022061985159368403
426 0.4574259936011869 0.8883036212342459 0.04096506902426305 1.28167194647782 -0.889245698543793 0.45703692073629465 0.01895628403321095 1.277600147782161 -0.0018836132532078853 -0.04509910847962592 0.9989807417643248 0.0208716156998953
427 0.48033592542641634 0.8761580070369471 0.04030565034835313 1.291555365337678 -0.8770782015801809 0.4800005299362469 0.01825704176372448 1.2589781410674055 -0.003350680201320913 -0.04412072037141081 0.9990205878640811 0.020035464079050117
428 0.5029741888371405 0.8633313399721455 0.040938524457164505 1.3024360224762919 -0.8642846512128168 0.5026950532838936 0.01759900797523263 1.2404946269800288 -0.005385818595932344 -0.044234385092382165 0.9990066627080778 0.019209514403384247
429 0.5206664200274572 0.8527771537542717 0.04095857773816823 1.309741629570854 -0.8537331342442724 0.5204324205321437 0.017024428112085644 1.2270564575423513 -0.006798128404785225 -0.043831742984767774 0.9990157975519843 0.01913258457775886
430 0.5437902082889757 0.8382528473952962 0.04030351351343133 1.3204270946474137 -0.8391881829084176 0.5435673337598128 0.017255356690145638 1.209211890600371 -0.007443321503880076 -0.043205526278631126 0.9990384774692436 0.018341787465120805
431 0.5664067512606181 0.8232201383186466 0.03862636395312288 1.3310571047145914 -0.8240844409463615 0.566225620479264 0.01653423425655609 1.1922778138722419 -0.008259922285480698 -0.04119648745386644 0.9991169216391832 0.017836307293248158
432 0.5829560968990148 0.8116054287611861 0.03819446417190574 1.3404130238369034 -0.8124596909608927 0.5827691401376477 0.017011168838887755 1.1792096602262971 -0.008452198064980635 -0.04094822714684926 0.9991255191626804 0.01712526513523328
433 0.5997070481717062 0.7993346391212932 0.03762434152137457 1.349052139776631 -0.8001621310674716 0.599564395328048 0.016220353254886258 1.1667435684406833 -0.00959272535864581 -0.039833033462654564 0.999160301986436 0.016726378708310032
434 0.6224347393353402 0.7818148333412526 0.03661368100223843 1.3615005732945373 -0.7826018077757299 0.6223229506739749 0.015765643981406535 1.150142422984654 -0.010459719675008423 -0.03846701744333447 0.9992051255047144 0.015402733709801376
435 0.644811642053012 0.7635046324635286 0.03575783101440981 1.3730874512877098 -0.7642752762168981 0.6446656923532614 0.017013149771367655 1.1354204022158705 -0.010062228224986104 -0.03829910321547401 0.9992156575321308 0.014603565411511844
436 0.6618390882585602 0.7488282005486037 0.03500496129710633 1.3834983947820412 -0.7495744581519742 0.661698899312214 0.01710842876008822 1.1233550293847567 -0.01035147043868874 -0.037561851788787355 0.9992406888988914 0.013809121526685763
437 0.6833690955841903 0.7291827493844337 0.03604437820515227 1.3964695922279065 -0.7299684228214777 0.6832737789098843 0.016823933455860925 1.1097690409481062 -0.012360456452989527 -0.03780821409960202 0.9992085658478446 0.012350479698546076
438 0.699133343544118 0.7140490591381464 0.036694810107280346 1.4056269512829977 -0.7148474996030084 0.6991008490477054 0.015844720648159203 1.1009891691788054 -0.014339465030652919 -0.03730876577806168 0.9992008985883458 0.011654249774225222
439 0.7203154181923396 0.6927651996018138 0.034958211250600675 1.4188083120848243 -0.6935198213008266 0.720232278309352 0.01719659103453249 1.0887385375369285 -0.01326483231485397 -0.03663118208213592 0.9992408121786305 0.010679788491029652
440 0.7415303764382946 0.6700093698063384 0.03493057674037725 1.4320664896992747 -0.67075246265196 0.7415015356855583 0.016328086858129767 1.0741452648032217 -0.014961105109824537 -0.03553754276520514 0.9992563476849923 0.009970334923153724
441 0.7553615824552024 0.6543662483754806 0.03512396243071004 1.4412525997363563 -0.6550778715288905 0.755431696777087 0.013997633265549522 1.0649042502939678 -0.01737417577145583 -0.033582204962641735 0.9992849311016705 0.009744772184452681
442 0.766876826969701 0.6408917772736614 0.03402443357669563 1.4510503757993924 -0.6415790599500995 0.7669144796418463 0.014781432529486644 1.0572061763311758 -0.016620532208343426 -0.03316490218590464 0.9993116866989784 0.00888228916861902
443 0.7805483202675376 0.6242032483868111 0.03338599152860624 1.4626679093813408 -0.6248571737314464 0.7806116789661149 0.014103868175083334 1.0467721553216773 -0.017257814572008794 -0.03187022692268944 0.9993430124205052 0.008303007379295086
444 0.7928380752628714 0.6085111387853528 0.03349597568722502 1.474161461684607 -0.6091634306928633 0.7929229185278497 0.013898200557616272 1.038159444975871 -0.01810251695281595 -0.031423546043779 0.9993422134757903 0.007891548399597163
445 0.8034289151416321 0.5944690007037101 0.03329542785778651 1.4822218414348698 -0.595125232485661 0.8035014183835375 0.014540574749944017 1.0317861524461238 -0.018109002568892103 -0.03149726744145915 0.9993397751369693 0.0072912867570512465
446 0.8187714482649433 0.5730828668321081 0.03448685618672925 1.4928731616619322 -0.5737529171765956 0.8189174832353424 0.013481308594434433 1.0242992458447282 -0.020515982496073195 -0.030825044903100056 0.9993142203880367 0.007032834776037162
447 0.8298692904526367 0.5569016673065147 0.034314628290539086 1.5006713587419096 -0.557556966665627 0.8300341739479871 0.013171901964761007 1.0186808849036502 -0.021146859981976143 -0.030063316998689093 0.9993242753405507 0.006711273783762424
448 0.8410664305697401 0.5399721221976269 0.0322081762580262 1.5097379112325326 -0.5405832419019257 0.8411704327821304 0.014214836898008048 1.0127215669945762 -0.019416949915584472 -0.029366822468096066 0.9993800937551055 0.005887876988295904
449 0.8480815020358297 0.5289315187184183 0.0314517791386132 1.5159474333689489 -0.5295287958295005 0.8481643888253795 0.014711353252175065 1.00876785398001 -0.01889498061293402 -0.029131049296423593 0.9993969990324634 0.005820323778634821
450 0.8572409009675713 0.5140287371856938 0.030207533088073626 1.5238095185077096 -0.5145823867585281 0.8573208254302529 0.014351638245720274 1.0041209300186325 -0.01852039271823824 -0.027847075774523868 0.9994406112547732 0.005601684143846003
451 0.866156223413086 0.4988695708575049 0.030042435236626353 1.5309986135968316 -0.4993919348886621 0.8662780987563004 0.013036524914539913 0.999813457204034 -0.01952157808900653 -0.026294617048016545 0.9994636066927495 0.005539866102107884
452 0.872373391563279 0.48798880261074545 0.028837375365872515 1.536454629725348 -0.4884848879853531 0.8724698371229729 0.013375257714149349 0.99687066026707 -0.018632764191910157 -0.025754841010498148 0.9994946264307891 0.005527225589813081
453 0.8767516787992355 0.48002949074164825 0.029634131326661647 1.542435247652091 -0.48052774693989625 0.8768905513291434 0.012491813704748458 0.993807571067175 -0.019989450786595662 -0.02519224099573514 0.9994827526531732 0.0050787344493715475
454 0.8819205653917154 0.47040305660224635 0.03061177353055612 1.5488089646879004 -0.47090774259366563 0.8821047450227362 0.011709687191512434 0.9904602164604972 -0.02149451803889663 -0.02474233511803589 0.9994627569592762 0.005133835670533977
455 0.8868740804786386 0.46106500672140716 0.029553763758493837 1.5547016690642719 -0.4615451220058691 0.8870374692101854 0.011858691733237923 0.9877018601445173 -0.020747668027754122 -0.024157561825318495 0.9994928446358661 0.005246313799467221
456 0.8905880940418137 0.4539057418328345 0.028677940695638435 1.5594351127530186 -0.4543638727247281 0.8907371161202381 0.011868493070787973 0.9852115111965876 -0.020157329039702587 -0.02360015881873415 0.999518241249826 0.005358569857270325
457 0.8944123751848296 0.44619926492592693 0.030540450172339938 1.565198361211134 -0.4466838698369365 0.8946227718428191 0.011118296986797303 0.9823542093156915 -0.022361206245009705 -0.02358626888465712 0.9994716926338171 0.00526426318120206
458 0.8968945013456715 0.4412604038350147 0.029487445842434318 1.5691220459058701 -0.44172844250072135 0.8970745677957072 0.011541356023035264 0.9805306705000089 -0.02135969431631823 -0.02337682228017598 0.9994985180778322 0.0052576259660613595
459 0.9008890408820768 0.4330797789166531 0.028997260420660403 1.5743152903144213 -0.4335230673669625 0.9010754811868334 0.010987595893761873 0.9781240571855104 -0.021370214787242263 -0.022469586008553682 0.9995191001807217 0.00521444418146272
460 0.9033889539262967 0.4277618322404049 0.03013656917325896 1.5777452629521718 -0.42824182059104576 0.9035906795558467 0.011525056035034767 0.9766512389674199 -0.022301143933019085 -0.02331734756409586 0.9994793446002598 0.005058973536256105
461 0.9063741958000368 0.42163511920402635 0.026639133642559515 1.5818949719845028 -0.42205018006977135 0.9064889472790423 0.012305850789665073 0.9751442577323093 -0.018959501347924748 -0.022396756763681747 0.9995693685761038 0.005123784532367335
462 0.9120914690884238 0.4090913561827523 0.02708162316128744 1.5853174074219574 -0.4094962051550171 0.912240862684797 0.011378330714706847 0.9726516210272889 -0.020050186532602758 -0.021467900290543507 0.9995684665283449 0.004930002115077007
463 0.9153428296173096 0.40172892273814387 0.027593058959270313 1.5883626558651713 -0.4021544253369824 0.9154944071310628 0.011908345520589433 0.9716758573845738 -0.020477364335950293 -0.021996889453754366 0.9995483051883258 0.00498123453235513
464 0.9180193304353248 0.3955985052035174 0.027245763485806384 1.5925739731274535 -0.3960154250259837 0.9181666294220558 0.011908977978514843 0.9702629607027459 -0.020304976939656313 -0.021722414596840153 0.9995578245489041 0.004627271905933318
465 0.9209824188442504 0.38856659711432134 0.02841449957597447 1.5965383223927259 -0.38899542784624047 0.9211699493533333 0.011334969010732238 0.9691025669427783 -0.021770192798917707 -0.021492417596914344 0.9995319578144877 0.004758451996493403
466 0.9238662232159106 0.38153805895594595 0.02999851943302306 1.600672616865823 -0.3820143085213929 0.9240790047858549 0.011960810917169936 0.96770181119555 -0.023157497402314986 -0.022510052866552208 0.9994783778720554 0.0045420477934089475
467 0.9254543712956381 0.3776539273932019 0.030194664653047903 1.6031333800610095 -0.3781255360296387 0.9256814731614686 0.011614183041877607 0.9668613179631163 -0.023564499819661706 -0.02216577022192187 0.9994765594950049 0.004869571949577743
468 0.9267807480984026 0.3743843830479068 0.03022877245431012 1.606012457388385 -0.3748585281673935 0.9270078982023756 0.0117235033622415 0.9657694423490465 -0.02363321424538045 -0.0221966303662725 0.9994742521870168 0.004616577807392587
469 0.9285753815304114 0.36996364990934427 0.02957462696616534 1.6087678278222561 -0.3704267569990912 0.9287852540172727 0.011915100446659053 0.9649383429776708 -0.0230603233698884 -0.022019302099406536 0.9994915566539514 0.004820675923654891
470 0.9310933543157913 0.36347166639434275 0.030879010317561566 1.6106911679558056 -0.3639654209035246 0.9313345170499554 0.012049470416235511 0.9648266988021316 -0.024379047070215504 -0.02245807381509826 0.9994504975159632 0.004944601324596484
471 0.9325793947152483 0.35982951257008733 0.028607594016712975 1.6131267377269651 -0.3602859070316204 0.9327560768478838 0.012655682402611073 0.9642817929432338 -0.02213001913374619 -0.022109341592461928 0.9995105998782117 0.00467233739110187
472 0.9340990270507582 0.3560157844518067 0.026678997048016677 1.6143744721779463 -0.35644128924871665 0.9342240555417991 0.013229564051793066 0.9636829910654844 -0.020214227195985174 -0.021867219012118362 0.9995565065324741 0.004451475823288892
473 0.9359437143248098 0.351362082141614 0.023538284761899682 1.6167929858849646 -0.35174341506627915 0.9359829465597657 0.014577163832984165 0.9627443529155649 -0.01690957049294044 -0.021922841528849282 0.9996166542461901 0.00451409663041438
474 0.9369214174233387 0.3487375060233774 0.023672969105587614 1.6192796755573244 -0.3491277789944402 0.9369561007588233 0.014935166029072888 0.9619137213810813 -0.01697208027440937 -0.022257968051685548 0.9996081889166637 0.00435971972814249
475 0.9373258219222991 0.3474669297297299 0.02621137731371194 1.6205145979432403 -0.3479017492654448 0.9374224085196382 0.014268877403703192 0.9613705439865856 -0.019613169430221174 -0.022493571258158405 0.9995545822205864 0.00472157941550609
476 0.9377491766210037 0.34612741744549397 0.028675645386222557 1.622973042779813 -0.34659078516951924 0.9379261024092462 0.013017451922512137 0.9606480602639224 -0.02238993929619448 -0.022145819271833737 0.9995040036477975 0.004748904032273503
477 0.9387222877388113 0.34339238427877994 0.02970078991484024 1.6246648563311112 -0.3438664611752387 0.9389350400253955 0.01252387680873646 0.9602541624501972 -0.023586508450281072 -0.0219695478102821 0.9994803727881435 0.004467125957146775
478 0.9407790475165309 0.3377940139423634 0.028809510560928436 1.627229926995308 -0.33826509291447415 0.9409569045901722 0.01329776744620348 0.9595247698610948 -0.02261660163899121 -0.022255512758586123 0.9994964639674235 0.0047967832358036255
479 0.9429800266568342 0.33154303090471143 0.02945993864908257 1.629832869622754 -0.33202145411523654 0.9431816276056137 0.013044974264140599 0.9585431672578361 -0.023461102579355103 -0.022082481847460627 0.999480835564805 0.004675238607432055
480 0.9443229651190125 0.32770710976843814 0.029363033837788405 1.6315836440456364 -0.32816782805805145 0.9445377911245367 0.012419249760873073 0.9580103838681684 -0.023664618678401292 -0.021363785798471632 0.9994916580341281 0.004567827169785106
481 0.9455571827232852 0.32415790968187447 0.029039004638112115 1.6336150371873452 -0.3246123106593351 0.9457648492977775 0.012477884438662453 0.9574528549657624 -0.02341926490912691 -0.021224971649869362 0.9995003945018273 0.004447663593084069
482 0.9464773248194205 0.32140606781952635 0.02964478319581217 1.6349618634183494 -0.32187027987206224 0.9467028953604602 0.012375413149509254 0.9568375949866128 -0.02408726920588035 -0.02125482259470002 0.99948388480228 0.004491612284446756
483 0.9482585513204635 0.3162254562806621 0.028410924775690787 1.636384508851384 -0.31666510853722946 0.9484552371279135 0.012484878789400484 0.9553717966553423 -0.022998453904169706 -0.020835641652075833 0.9995183575877111 0.004138962894825758
484 0.9493577770014097 0.3129060937333474 0.028453255531939683 1.6372452745454222 -0.31335109115396803 0.9495523127933024 0.012708223339613547 0.9557105849323356 -0.023041374073995004 -0.020980509326017277 0.9995143387211142 0.004570748960015411
485 0.9506482578841382 0.30905696065679356 0.02741687165495236 1.6397418879525971 -0.3094793831599162 0.9508214043070654 0.012695216005739338 0.9551382035698007 -0.022145003535310865 -0.020553641506333497 0.9995434691093072 0.004348852840184253
486 0.9518771866341688 0.30518180548886176 0.028176003340939736 1.6413577266671597 -0.30560955775908305 0.9520777465539462 0.012278547242914734 0.9545958108121076 -0.023078556551918573 -0.020298524925127258 0.9995275634586854 0.004463942269184537
487 0.9529099878328302 0.30188797923626737 0.028743748563095087 1.6432769807421719 -0.30232293799855403 0.9531284360812464 0.012125406917287994 0.9540045004473064 -0.023735969523861228 -0.020244315872127484 0.9995132672585048 0.004355661626455584
488 0.9533887133252774 0.30040349462470334 0.028420093598659817 1.64435316356344 -0.30083366786083443 0.9535984039700441 0.012214263239051093 0.9538493370803721 -0.023432148535326713 -0.020194661711088788 0.9995214405171181 0.0040849288301883875
489 0.9538441535893458 0.2988950447712456 0.02903588941269033 1.6445449151565223 -0.29933628182979366 0.9540700702088285 0.012169285568014904 0.953399603962534 -0.024064933895965774 -0.020299097067505222 0.9995042899437008 0.004608608763545909
490 0.9539484140051373 0.29867029595889427 0.027901213732998968 1.6457718996238448 -0.2990881441163844 0.9541481563056118 0.012148163076308309 0.9531212936109307 -0.022993596180793288 -0.019933643133763203 0.999536864956644 0.004773033128018804
491 0.9542417778661715 0.29776085095921206 0.02758813171176448 1.6469887784703103 -0.29816867161022603 0.9544378971685475 0.01198931683879289 0.9527387755086065 -0.022761209233913487 -0.019666623600024503 0.9995474732452541 0.00478829376067157
492 0.9551353318246413 0.29498340836763104 0.026481818043533067 1.6478612322032942 -0.2953777081179174 0.9553002918844851 0.012383936053107171 0.9520917714834171 -0.02164503284164295 -0.019650473592012246 0.9995725843791257 0.004519359736822572
493 0.9563090420551101 0.2911886709132456 0.026118461184179247 1.649322100293167 -0.2915782444039438 0.9564649694162788 0.012525560641303873 0.9517314975765209 -0.02133409182247779 -0.019593881956276683 0.9995803801175137 0.004738471591977695
494 0.9572338767121854 0.2880717576591173 0.02679491952818758 1.6510086876588024 -0.2884589347273498 0.9574190493343292 0.011840901481473383 0.9512354269155101 -0.0222429370799189 -0.019063745971684476 0.9995708205727583 0.004424649464680371
495 0.9581191581990189 0.28489899688598047 0.028986898146885463 1.652764615263489 -0.2853183041487781 0.9583644340766021 0.011448878313147542 0.9507315086030858 -0.024518238291154213 -0.019239882273210326 0.9995142234711203 0.004321091171504975
496 0.9586163486833813 0.28323486394838265 0.028856678277930065 1.6538493550458908 -0.28364668504773455 0.9588627194161217 0.011262476360885981 0.9503780579645421 -0.024479667047109126 -0.018981495101024162 0.9995201092256002 0.00439305270337916
497 0.959152050760995 0.28152379012076967 0.027779472954584664 1.6548816231316348 -0.2819135344224962 0.9593744007237491 0.011203496982835508 0.9498444563498724 -0.023496864285340098 -0.01857726651139597 0.9995512905990618 0.004436826594118657
498 0.9594809174713553 0.28032362412015344 0.028548813767800267 1.6560537047547368 -0.2807268402590181 0.9597226097138569 0.011178262876949148 0.9495649537447862 -0.024265410892944695 -0.01873974820228877 0.9995298953368343 0.004527094601240994
499 0.9601235713722509 0.27800370025029925 0.029608619392080385 1.6572858253488423 -0.2784250661610756 0.9603934691207062 0.011129555375663854 0.9490087694030103 -0.025341867118109287 -0.01892953026703164 0.9994996061302942 0.004407738868067407
500 0.9607453162460637 0.275890285436835 0.029205953380592564 1.6584882656452056 -0.276299514759972 0.9610089522262236 0.010971412068113664 0.9487117769571992 -0.025040276650786862 -0.01861032350380051 0.9995132017163519 0.004429230724442844
501 0.9619756638463597 0.27165428393558605 0.028403735441546365 1.6600155205215625 -0.27203771988386255 0.9622285633569151 0.01056744154676098 0.9481779146580681 -0.024460194781486155 -0.017892509022470207 0.9995406730061142 0.004225753391040577
502 0.9629666095792985 0.2681982055237512 0.027659200792288494 1.6614164671197544 -0.268566661091691 0.9632035382453189 0.010530548883665228 0.9477186495002465 -0.02381716575484419 -0.01756890616053136 0.9995619421293168 0.004091682329947678
503 0.9637500892949824 0.26532488096821066 0.028079760016524707 1.6625042269149872 -0.26569991688782796 0.9639983129770395 0.010526478204807812 0.9474799697638171 -0.024275904708562803 -0.017605684211586044 0.9995502590335369 0.004066624107241366
504 0.9644738513449517 0.2626096289087589 0.028746701985928963 1.6639091491246716 -0.2629996248119556 0.9647367926528907 0.010682614350146462 0.9472682753027912 -0.02492764368264371 -0.01786347404128964 0.9995296438203832 0.004200173454897812
505 0.965002460453831 0.2605592454432109 0.029650142200373413 1.664603848684041 -0.26096029369018436 0.96529237634967 0.01050491679693195 0.9467416629254002 -0.025883903030619257 -0.017874780372461457 0.9995051354500962 0.004266167839814397
506 0.9647588487878314 0.26154143959826237 0.028921256159290764 1.6654500133447958 -0.26193446349544885 0.9650264497243235 0.01069056428152115 0.9462814304156534 -0.025113751581393114 -0.017889290204000565 0.9995245233496597 0.004443767497819215
507 0.964597637872605 0.2621683040689747 0.028621274462169267 1.6669290483409405 -0.2625500130245983 0.9648618608652699 0.01044414226531657 0.9460667295497527 -0.024877453072905877 -0.017588910940568837 0.9995357635128083 0.004181531042205261
508 0.9650147047209677 0.26069233621668686 0.02803792985391441 1.6678726203449308 -0.2610727818685482 0.9652583822841672 0.010828573147749784 0.9456887545699713 -0.024240920781102276 -0.017769672663056776 0.9995482061883869 0.004329219180215855
509 0.9657039833710307 0.2582193048096042 0.027177327377610687 1.669191521627086 -0.25858451169922536 0.9659276851691482 0.010851605084666692 0.9453547566603281 -0.023449239002005295 -0.017507074184485577 0.9995717260626461 0.004169255852807941
510 0.9666111934721984 0.2546488967466331 0.02857866405397529 1.6707365119780955 -0.25502818905560765 0.966877041309738 0.01045991276998349 0.9449655324833668 -0.024968448898193506 -0.017399033704761948 0.9995368178242858 0.004050010852221146
511 0.9671396895991606 0.25243315134615374 0.03030387603861706 1.6714721468425673 -0.25283108719576647 0.9674582760483178 0.010046166078104473 0.944581745405981 -0.026781750308354457 -0.01737780786670209 0.9994902448969485 0.004202986829091275
512 0.9676669016067039 0.2505199099069391 0.02933500084863358 1.6725714939431962 -0.2509087614846202 0.9679552529180769 0.010364446802448354 0.9441825793545787 -0.02579846788745225 -0.017389740854775786 0.9995159008083769 0.0043775315857747625
513 0.9685407725603921 0.2471856365194982 0.028775562320662102 1.6737948356551 -0.2475617501668556 0.9688175603585619 0.01028176026479647 0.9436372408036471 -0.02533676663048957 -0.01708203259991592 0.9995330171735705 0.004333689379604234
514 0.9692751775571539 0.24422802540020688 0.029296787887581593 1.6747280282446444 -0.24461161727624078 0.9695668624209348 0.010259434092456977 0.9432938735584112 -0.02589955338161324 -0.01711054946710573 0.9995181050047034 0.004398764998050108
515 0.9700053520893346 0.2412510887952952 0.02979142616604764 1.6756654674035183 -0.241637731045539 0.9703140835141774 0.010088918113644181 0.9429397256344291 -0.0264730778979889 -0.016985037189339566 0.9995052199255902 0.004336446061175891
516 0.9706334316781035 0.2387035962393858 0.029855224865448116 1.6773209311809825 -0.23909258201697703 0.9709435462318026 0.010166968822143733 0.942713032982816 -0.02656084588410859 -0.017006562637213937 0.9995025254064354 0.004341356731813862
517 0.9713045775842987 0.23595024820517033 0.02991484474406974 1.6785026947727413 -0.2363373429515787 0.9716186633261287 0.010091253780077707 0.9421472301851821 -0.026684787630033766 -0.016871675910962815 0.9995015100844271 0.00436366136056325
518 0.9719637452009442 0.23326357950275015 0.02957330709820059 1.6795782111502076 -0.23364306073279215 0.9722704670504916 0.010052814140790975 0.9418225782230976 -0.02640829769399255 -0.016680568868085263 0.999512061175927 0.004416664566903644
519 0.9726954917253702 0.23026876383793382 0.028978902292273588 1.6810064448249664 -0.23063975396314354 0.9729863611313463 0.010141249633568461 0.9416576827786667 -0.025860863674617658 -0.016548034693439077 0.9995285780201275 0.004142866691566695
520 0.9734009558533457 0.22737255126359715 0.028147860950754916 1.6823627602439712 -0.2277336796623047 0.9736687082375585 0.010325586917608227 0.941457533602381 -0.025058936371487733 -0.016461152123858687 0.9995504390370664 0.003980456742332795
521 0.9738150068457093 0.22527067282582047 0.03061790991079076 1.6836051006124146 -0.22565199172377967 0.9741608356738681 0.009583572911793611 0.9409318032828082 -0.02766787078780092 -0.016241619473841448 0.9994852168607384 0.003810942767746137
522 0.9743033792076172 0.22356733638730122 0.027396557533397196 1.684530103359278 -0.22391412780461814 0.9745546323008969 0.01028260809011156 0.9404423543983792 -0.024400586752003038 -0.01615285609345843 0.9995717566068986 0.003050620776081364
523 0.9747429213102965 0.2219069092888347 0.025170636969582317 1.6854663207584317 -0.22222660190019622 0.9749366318858395 0.010672451186873148 0.9402038780308004 -0.02217148537271541 -0.015996481368798176 0.9996261990469744 0.0029186764994529922
524 0.975080348082137 0.22031160942617098 0.026098075316774404 1.6863264676997216 -0.22064093832889814 0.9752990302207486 0.010458392943155693 0.9402651334730165 -0.023149322166614385 -0.0159560772577769 0.9996046781015575 0.0028443318924008644
525 0.9755064036239122 0.21826661523798477 0.027330224315778275 1.6876579353400964 -0.2186048414142004 0.9757618987594268 0.01003196089323035 0.9399958912517458 -0.024478149424048815 -0.01576076144406803 0.9995761194631732 0.0031932186649142446
526 0.9758013423075086 0.216779310341899 0.028608931455517586 1.6888689998682667 -0.21713559120629367 0.9760906374981733 0.009960041101221624 0.9395241706972214 -0.02576577930191528 -0.01593103872047862 0.9995410579972379 0.0033245104034938804
527 0.9759440712436022 0.21600133351809125 0.029607325476409034 1.6894892058684003 -0.21636514851476957 0.9762647954078175 0.00965255176460069 0.9396313437316319 -0.026819625495700487 -0.01582634404043414 0.9995149996488181 0.0036481839416277768
528 0.9765133089372744 0.21355864041975278 0.028538825656928148 1.6912392572281958 -0.2139104138734045 0.9768034650220069 0.009865371588009616 0.9390264020142611 -0.0257699884461596 -0.015738418660561224 0.9995440009693215 0.0035253559922095758
529 0.9768401454857402 0.21200844967197605 0.02890929666830501 1.6921361392633665 -0.21237811144385213 0.9771328100467996 0.01034453040973444 0.9391100411319981 -0.026055094436227753 -0.016244654419487588 0.9995285104774919 0.003686312934755659
530 0.9773959294178911 0.20948430535550328 0.028522323989963655 1.6932007114388812 -0.20984262076403806 0.9776822203371702 0.010175978873202858 0.9390475273659287 -0.0257540611823567 -0.015931159544062247 0.9995413580679222 0.0036368415374449215
531 0.9782133312542846 0.20568473478880694 0.02815081582055736 1.6944264950400934 -0.20603881162449428 0.9784897794746065 0.01028394710366164 0.9386908623479487 -0.025430034631511663 -0.015860054792003146 0.9995507851035954 0.0036653029562593474
532 0.9789799824101109 0.201962978646631 0.028445549679866372 1.6960393536571465 -0.20232276718550551 0.9792640350894173 0.010365686539023037 0.9384258735589666 -0.025762218831037204 -0.015902981950172645 0.9995415965559872 0.003585751038736352
533 0.97963176646459 0.19867839281563873 0.029128995204235435 1.6972643759641608 -0.19903926890990314 0.9799401538882008 0.010033156481919794 0.938147563426391 -0.026551300639164818 -0.01562661271622382 0.9995253060375755 0.0037702595847251908
534 0.980359754859373 0.19501795155451498 0.02937259985600571 1.6983144339163532 -0.19537499471327352 0.980679722596846 0.009792503608675111 0.938002202917765 -0.026895399085490403 -0.015338847978210151 0.9995205636960062 0.0039061885853801863
535 0.9807441991322648 0.19324335815640886 0.028245714656441 1.6989737098053737 -0.1935949087536985 0.981027839137868 0.010265970051452921 0.9375052292726392 -0.025726001887210595 -0.0155365171280333 0.9995482927117351 0.0037391018145192636
536 0.9804456937763814 0.19502322803537084 0.026309353500144142 1.6998497686958682 -0.19536339096435248 0.9806689946875056 0.011021267144448975 0.9372700520008658 -0.023651364153051097 -0.01594563842556605 0.9995930920078225 0.003679753526136821
537 0.9804687941263874 0.19497337111345286 0.02581333572000816 1.7007250127190003 -0.19530775462210204 0.9806790431259319 0.01111284652787222 0.9369566362807441 -0.023147888224076128 -0.015937343872358813 0.9996050101618927 0.0027482831249262232
538 0.9809172314420672 0.19248775211458885 0.027383395438742512 1.7021352586845266 -0.19282910404094297 0.9811772392632058 0.010400085878155316 0.9369082558286693 -0.024866075185545813 -0.0154819390535798 0.9995709018716425 0.002244254021586959
539 0.9818114266970408 0.1878086596627171 0.027824984499304442 1.7034334090113463 -0.18813726293273444 0.9820950342598437 0.009680597971206439 0.9367541534672347 -0.025508678975490383 -0.014739438130277747 0.9995659339238793 0.0020786072196219358
540 0.9823842721533956 0.1850481514562336 0.026044643737901864 1.705075257129515 -0.18537441531141455 0.9826096513983326 0.010705098119534486 0.9370628499906835 -0.023610759686050486 -0.015344530628312604 0.9996034600818475 0.00157516457308768
541 0.982593599985868 0.18405686535436427 0.025157257062297243 1.7055571867027453 -0.18438062162889848 0.9827910959539871 0.011200360720916907 0.9364495360267187 -0.02266282495523886 -0.015643913457537212 0.9996207602571161 0.0018446919222082742
542 0.9824051658318179 0.185118488872432 0.024723171819496532 1.7064322702097847 -0.18543886903247542 0.9825903173336945 0.011344343637747431 0.9361026241144432 -0.02219270149240158 -0.01572937881347197 0.9996299668595094 0.0017351869606290903
543 0.9823282682498111 0.18544034811305216 0.025358444119974635 1.7078732898021605 -0.18576623351901275 0.982530781859798 0.011143122607866103 0.9360018579010662 -0.022849067393221876 -0.015656946986207874 0.999616316459127 0.0015697978834041354
544 0.9831887585330981 0.18053665230183727 0.027319997619810667 1.709128326616678 -0.18086575399211458 0.9834561720293445 0.010076543500924264 0.9354811871176919 -0.025048834848665182 -0.01484839626346527 0.9995759505923147 0.00144760177114018
545 0.9843634827544135 0.17434137355598053 0.02517179545720505 1.7103805059333872 -0.17465290175528123 0.9845714662340375 0.010742056837390518 0.9347111229511462 -0.0229106466181754 -0.014970415598993675 0.9996254243108988 0.0014076482508492496
546 0.9847686172000341 0.17205209297820606 0.025076839510595587 1.7113597642159388 -0.17237030129771233 0.984969476805473 0.01111795807346137 0.9343832758936854 -0.022787053536917776 -0.015271118579369183 0.9996237007636973 0.0014956583000581979
547 0.9851752220949367 0.1694185648828662 0.026965378606605847 1.7126236787144031 -0.16973542895535298 0.985439795586321 0.009914304356239507 0.9339836523833766 -0.024893089966877713 -0.014344307100809509 0.9995872022623726 0.0013336577628973714
548 0.9856082993419147 0.16682408987826355 0.02731306104458437 1.7137530463414814 -0.16712317776468624 0.9858945385716709 0.009044460553843038 0.9335742068878913 -0.025418963815424796 -0.013478940940783272 0.9995860115222693 0.001232599078430894
549 0.9858672919970024 0.16544397502976 0.026343380493599564 1.714645793834844 -0.16575585961740116 0.9861149263962484 0.01011666645848571 0.9334356590913172 -0.024303859204331056 -0.014340260243884245 0.9996017603849618 0.001270843733002011
550 0.9860296181110797 0.16457819240324809 0.02568288910610649 1.715711755769911 -0.16489065917361256 0.9862554346450094 0.010549319880359544 0.9335759583543949 -0.023593700962292914 -0.014636810366377463 0.9996144762149284 0.0012536745224722722
551 0.9863899701353871 0.16219257894020148 0.0269887782591833 1.7169208848287314 -0.16249958612356152 0.9866620515214699 0.009585436651452874 0.9331447031946544 -0.02507411663527228 -0.01384064386854784 0.9995897784859261 0.0010701631521245734
552 0.9870879502240314 0.15807393524079058 0.02588454209265567 1.7183069180441157 -0.15836608255448462 0.9873333866000772 0.009641970806888594 0.9327658408136479 -0.024032528336418238 -0.013616706728489974 0.999618438646017 0.0010634248753906906
553 0.987284460277844 0.1571239243613157 0.024113624491677442 1.7192658583569247 -0.15741001673597296 0.9874780184031365 0.01045226291764358 0.9327921408159289 -0.022169373561749278 -0.014115082786913043 0.9996545820006353 0.0011607062824574692
554 0.9872488111156321 0.15731769378106195 0.024309014238896542 1.7203525014019057 -0.15761388339852136 0.9874419885132838 0.01077882557631183 0.9325370949449654 -0.0223080413772296 -0.014472820870476537 0.9996463818504138 0.000994226519626286
555 0.9873290740880548 0.15622573461087388 0.02783557626289486 1.7217575789887567 -0.15654289634736115 0.9876245901289369 0.009591171717012924 0.9320824501063394 -0.025992711750910252 -0.013827104419723677 0.9995665010989633 0.0010271991513954382
556 0.9880755808053627 0.1513308604732305 0.028383398057316548 1.723385119979435 -0.15163296674277132 0.9883977001890661 0.008799412354233687 0.9319196710664301 -0.026722462721454236 -0.012998343326075574 0.9995583790142443 0.0010934954347589436
557 0.9887463426084452 0.14724823034210177 0.026431584112632533 1.7245278214122968 -0.1475507664506423 0.9890051826619672 0.009875220814377061 0.9318578504471328 -0.0246868648843797 -0.013664088956425423 0.9996018464242861 0.0008610540309050733
558 0.9893825633522045 0.14310549329201927 0.02535667807861924 1.7260860893519159 -0.14341348182359787 0.9896042992748189 0.010765876054218772 0.9317365741222516 -0.02355242163849322 -0.014288059537248784 0.9996204953837505 0.0006804738091851324
559 0.9896372647485343 0.14110070301258706 0.026620965977061005 1.727056232440069 -0.1413967677599663 0.9899066673605256 0.009578307881390625 0.9314912758889934 -0.02500076573704954 -0.013243168955998995 0.9995997099782736 0.0004963419000930109
560 0.9898770519557157 0.13929021324456425 0.027233407881872035 1.7284714198674382 -0.13957742162239828 0.9901708319604058 0.008936828745216622 0.9311786375135128 -0.025720913358662827 -0.012647530545461316 0.999589152895761 0.00017290025754782343
561 0.9901656401729284 0.13736834294861722 0.026494214020171054 1.7294167421365485 -0.13765482961969414 0.9904365803210228 0.009302055842681005 0.9310274311396918 -0.024963030736413344 -0.012857632595026574 0.9996056864494361 5.148650431956438e-05
562 0.9904250301853885 0.1357712231156623 0.024988688555617533 1.7306443440652395 -0.1360560825555698 0.9906499755156263 0.010068188050014344 0.9307705364888602 -0.023388073500149143 -0.0133716485264632 0.9996370326440307 1.2668071150812656e-06
563 0.9902383010301149 0.13648035533727626 0.028305825905614996 1.731168699691814 -0.13676592294419068 0.9905677640244829 0.008401618667502036 0.9307643849563829 -0.026892182775127883 -0.012190876999242074 0.9995640014650831 -0.00012171258233222078
564 0.9903575606899415 0.13604005115669549 0.026172628162070197 1.7309126361006257 -0.13631670442862737 0.9906236484138949 0.009085334099694276 0.9303850670121226 -0.02469125508307601 -0.012565495733829191 0.999616151450448 0.0002266151042266286
565 0.9905098126512476 0.13529124684494442 0.024219611251547885 1.7311500361327763 -0.13556442728187598 0.9907179700098648 0.010009493228744282 0.9307107703953442 -0.022640607275537798 -0.013197818990276985 0.999656551259929 4.165642688857997e-05
566 0.9905465406025147 0.1348263166168376 0.025286661460965948 1.7313561919631104 -0.1351113908242011 0.9907807734839056 0.009918213685351118 0.9310111382069528 -0.02371630178303897 -0.013240968253192145 0.9996310388285855 -0.00022138269406512802
567 0.9904866599931766 0.13512324897566538 0.02603620483910532 1.7313697907110015 -0.13539997408536664 0.9907486039788432 0.00916791859117528 0.9309644324257197 -0.02455653465139494 -0.012606002525120494 0.999618960057711 4.192103773819149e-05
568 0.9904739105964243 0.13515883870938392 0.02633478204791561 1.7314792189781933 -0.1354400574668975 0.9907428598893576 0.009196543443901634 0.9309434949385901 -0.024848003149313968 -0.012675720742555786 0.999610875712824 -0.00010994816735837438
569 0.9907738325427429 0.13314302060227345 0.02530116230514498 1.7313600533652465 -0.1334197476926341 0.991013356010412 0.009575966439303606 0.9309031403885087 -0.023798816670348187 -0.01286329166038772 0.9996340090524646 -4.640126702207059e-05
570 0.9922078235690804 0.12233844064118951 0.023599592996218426 1.7318002553455798 -0.12258855768651376 0.9924125440094054 0.009454523592485567 0.931041941747174 -0.02226388045011491 -0.012273892343781647 0.9996767833625452 -6.0938825797298034e-05
571 0.9950488876845707 0.09624654134884521 0.024785366581565833 1.7328522249535416 -0.09647917299982203 0.9952998537542068 0.008364824782814872 0.9314781519793598 -0.023863786279696313 -0.010714681265637774 0.9996577991044884 -0.0003611455581958184
572 0.9980823784291913 0.05610962036239843 0.02613955568812497 1.7336957367697063 -0.056290993012456395 0.998394813304412 0.006254668014293378 0.9320741046444626 -0.025746649773728186 -0.007714095474649532 0.9996387361228207 -0.0009298793373651167
573 0.999467940491497 0.021645192733261664 0.02439921231980792 1.7341257078523744 -0.02177191937503623 0.9997507577942303 0.004940224203845458 0.9326121779780269 -0.024286198901623816 -0.005468813393239638 0.9996900882895335 -0.0008737311650385649
574 0.9997122809162063 -0.006769848927531327 0.023011399995295934 1.7340856063172276 0.006675365104403811 0.9999689818315387 0.004180296007231702 0.9327856630977805 -0.023038986196061602 -0.004025483759223551 0.9997264628869542 -0.0005565605677318365
575 0.9994039190965192 -0.02533029062098885 0.023455977307948406 1.7347058822080648 0.025244036216523807 0.9996734507624877 0.003966166212953054 0.932944885919483 -0.023548781920097638 -0.0033716785161151193 0.999717003283783 -0.00047356300369447884
576 0.9993858036326287 -0.023958890870160298 0.025573170422931113 1.7359389792433062 0.023850720271370713 0.99970528326022 0.004526561876044128 0.9327900005107408 -0.02567408498360104 -0.003913843142568881 0.9996627047122019 -0.0005278364456471871
577 0.9996253475872454 -0.013297288516311102 0.02392376598462576 1.736327502892403 0.013184678354860167 0.9999012740474635 0.004858643273031328 0.9326574711504336 -0.023986010869613102 -0.004541395810045623 0.9997019790950676 -0.0006598663050190582
578 0.9997448568774607 0.009133312073321324 0.020659229369109248 1.7384725691127416 -0.009252713060579627 0.9999409961177981 0.005691360456569999 0.9325577824370782 -0.020606029424032595 -0.005881062266088392 0.9997703759655939 -0.0009601409299957157
579 0.9994004774139218 0.026301414757393834 0.022514913437739502 1.73962320132704 -0.02645734308076049 0.9996277849251166 0.006655869750598476 0.932348917088139 -0.022331474257543206 -0.007247564194877388 0.9997243510449685 -0.000788443468005048
580 0.998822394184228 0.04185250905725737 0.02453960802650394 1.7413075440508774 -0.04202216726470281 0.999095929768024 0.0064389889763862 0.9315680039204042 -0.024247934652551702 -0.0074626138987802125 0.9996781217272059 -0.0009846641897847883
581 0.9985836148705813 0.047185056860248764 0.024583216240511956 1.7427356025143665 -0.047350961979896015 0.9988590066849288 0.006210568756036715 0.9311832033820951 -0.0242621209151576 -0.007365811135408873 0.9996784954750961 -0.000931021514974616
582 0.9983345678464643 0.05175170386325926 0.025492190765528812 1.7447761623651359 -0.05192480034715018 0.9986319048910021 0.006175244229199009 0.930677548998831 -0.025137735613625485 -0.007488636694615677 0.9996559480991591 -0.0009399318119433891
583 0.9981971385528806 0.05484075830891274 0.024391880045037045 1.7463650353414772 -0.05500631479665977 0.9984669523763419 0.006168496093254066 0.9301448171733894 -0.024016201128550005 -0.007499082580736684 0.9996834428175083 -0.0008942548284664445
584 0.9978193395928459 0.061161266249166374 0.024816628401711636 1.7486581001823245 -0.0613355730750545 0.9980971683937866 0.006323758309654437 0.9299855329057185 -0.0243826374719419 -0.007832110464460055 0.9996720187322888 -0.0009224721891015348
585 0.9975740446750582 0.06485685192509212 0.02529059406233811 1.7499672270229445 -0.06503222282892414 0.9978640668507177 0.006173660278943709 0.9298175145064058 -0.024836170873683668 -0.007803386802421596 0.9996610784522824 -0.0010190421193838031
586 0.9973873638302184 0.06820682311447922 0.023796549180727565 1.752438583319438 -0.0683785491567246 0.9976384162680016 0.0064779936292158925 0.9298555025001118 -0.023298508272371732 -0.00808824249610693 0.9996958336646316 -0.0010649161177262157
587 0.9970098894189039 0.07368852093935682 0.023265474030529143 1.754871645806299 -0.07387255744285078 0.9972420488284577 0.00715131484999813 0.9298113890609431 -0.022674339175038614 -0.008848611693708798 0.9997037443238143 -0.0013087665489594608
588 0.9966894995848078 0.07775461520039202 0.02375418345620615 1.7565115355933039 -0.07793544749478483 0.9969353340173551 0.006782758384791727 0.9294672937481356 -0.023153994050672026 -0.008611596976577311 0.9996948199112607 -0.001424845317615686
589 0.9964133087072783 0.08105747559819886 0.024294112060273428 1.7577031463064687 -0.08123662537894993 0.9966737869230783 0.006478669304918468 0.9288671713598029 -0.02368816008786015 -0.008429003998278235 0.999683861510237 -0.0014289262103539349
590 0.99679416137629 0.07556443728072888 0.026294783979721254 1.7595219740315229 -0.0757612350201377 0.9971043500666271 0.006568892255607046 0.9290582596710611 -0.02572226884420534 -0.00853995875573011 0.9996326495224923 -0.0015278566574088582
591 0.9976079995241007 0.06575836702426875 0.021310008234031314 1.7597028493595757 -0.06589061549998639 0.9978113413674272 0.0055636162749323585 0.9291116237970394 -0.020897513579633126 -0.0069544376599761995 0.9997574354426848 -0.0015996510180548628
592 0.9979715632257573 0.060508592244016494 0.019785582057225304 1.759869968405 -0.06063986711566371 0.9981410515905498 0.006103084832309669 0.9291866856585737 -0.01937951260967262 -0.007290500176731657 0.9997856185700619 -0.0018206723187680234
593 0.9980039020445973 0.05945767666103057 0.021283707131841842 1.7604992124265522 -0.059608284501651794 0.9982006003978756 0.00651258656440189 0.9296053954679193 -0.020858185972070942 -0.007768272073305561 0.9997522643277302 -0.0018851120618484157
594 0.9979623886226194 0.05940541455358766 0.02328234558161929 1.7605708063384717 -0.05954806157693076 0.9982103890247788 0.0054815695504353825 0.9293953562815295 -0.02291504432906477 -0.006856818789574214 0.9997139014638322 -0.0018092075864122323
595 0.9979771436653392 0.05922783095960079 0.02310161816040538 1.7603639675717238 -0.059366557495072116 0.998221830239617 0.005365583260673107 0.929353058856317 -0.02274274770378765 -0.006726192998325149 0.9997187233190357 -0.001751839887033992
596 0.997972473928725 0.059286114063013776 0.02315378930836695 1.7604454646956589 -0.05942621244253562 0.99821804241399 0.0054097203134078255 0.9294924296873098 -0.022791808942858458 -0.006774693966899425 0.999717278518281 -0.0017335977711932908
597 0.997972471313548 0.05923083574850583 0.02329494785425972 1.760491205340326 -0.059371157527772514 0.9982214880844762 0.0053783249937210675 0.9293449535974162 -0.022934954828602094 -0.006750468304352598 0.9997141686624214 -0.0017768852006286302
598 0.9979478706596331 0.059580442731546064 0.023456732267672982 1.7605397116965744 -0.059722472325476415 0.9982004080152744 0.005401086619917338 0.929506524025117 -0.023092720587919675 -0.006790896934322939 0.9997102630143437 -0.0016660876490704113
599 0.9979647379500015 0.059550442228868426 0.02280628504460092 1.760483387674855 -0.059683477004185116 0.9982038232739725 0.0051970926944392825 0.9294740623836637 -0.02245583175843362 -0.006547673637095338 0.9997263943654523 -0.0017379338160341908
600 0.9979570313639349 0.05965141282547988 0.022879521391638687 1.7604645317178034 -0.059789429648655634 0.9981964280055281 0.005395851955632091 0.9294255160604493 -0.022516386335338125 -0.006752781933454546 0.99972366796235 -0.0016977203879881306
601 0.9979600191993278 0.059559402045883836 0.02298864301785981 1.7604634163067447 -0.05969284273867287 0.9982034447012653 0.005162122792754886 0.9294565136492664 -0.022639889703397593 -0.006523849613457635 0.9997223988589354 -0.0017696872637542095
602 0.9979738323657106 0.059409077936386376 0.022776992164314058 1.760392627579678 -0.059542207083726935 0.9982121855203717 0.0052113581699385824 0.9293034109013315 -0.022426669145296674 -0.0065569914688973305 0.9997269879192607 -0.001694575106769444
603 0.997961762193456 0.05936969501443237 0.023400010967146292 1.7604265462357893 -0.059512854224894905 0.9982125568967529 0.005469134723080828 0.9294361273403832 -0.02303348391882569 -0.0068505887674963385 0.9997112223305467 -0.0017232020501560003
604 0.9979528751453646 0.059386734833043985 0.023733409262137455 1.7605513334415153 -0.05953676029013194 0.998210039854863 0.005664848296090809 0.9294464653665034 -0.023354510561744608 -0.007066261941712533 0.9997022730692846 -0.001643745405036572
605 0.9979645760483741 0.05927190522949568 0.023527562617887705 1.76043768398906 -0.05941879549568885 0.9982174709741007 0.005593512584070515 0.9292992237736455 -0.02315408590708577 -0.006980106845887213 0.9997075404415101 -0.0015349975966850932
606 0.997963879018742 0.05932325817981228 0.023427488394580247 1.7606252418488004 -0.05947159242283186 0.9982138050081194 0.00568587593239451 0.9295264198926853 -0.02304833764637517 -0.007067568841946297 0.9997093695680449 -0.001760844094891114
607 0.997956815337292 0.05940789531865929 0.02351375546626206 1.76052452945124 -0.05955747603745731 0.9982085328187882 0.0057124473853103 0.9294910401211187 -0.02313226686863482 -0.007101195727993745 0.9997071927566722 -0.0019113996052690272
608 0.997971070523812 0.059175777765598056 0.023494035889961372 1.7603790865880211 -0.05932178208329253 0.9982233926257944 0.005566379882814195 0.9291895020911733 -0.023122901353886404 -0.006948794167880187 0.999708480354624 -0.0017481329120590794
609 0.9979704189251489 0.059259008852034736 0.023311216604647723 1.7604472989424786 -0.05940613818134055 0.9982177935365776 0.005669868929345571 0.9294046675768413 -0.022933680391215284 -0.007043190825012499 0.9997121784626509 -0.0018353883395202737
610 0.9979612793148176 0.05934137671398182 0.02349225398570162 1.7604646093173923 -0.05949042584614827 0.998212620572808 0.005696785219015354 0.9294101402395794 -0.023112209336307057 -0.007082735257869862 0.9997077876271272 -0.0018611309733290566
611 0.9979612212832768 0.05932095025800128 0.023546245456080285 1.7604843363811178 -0.05946967868401705 0.9982140283224052 0.0056666548971665235 0.9294280533952574 -0.023168041175727374 -0.0070553894928841974 0.9997066886580256 -0.00157247339505496
612 0.9979690627475589 0.05924660591987613 0.023400630020722468 1.7605193607926048 -0.059395870708440754 0.9982180303572693 0.005735365004279971 0.9294031911306208 -0.023019129898732366 -0.007113617633144232 0.9997097159190287 -0.0017437240124938745
613 0.9979778051329374 0.05901752549299275 0.023605765097314137 1.760504348406263 -0.059168031056419296 0.9982316012642071 0.005728379985803256 0.9293925140787819 -0.023225945880289797 -0.007113502727448402 0.9997049332261935 -0.001668439568777883
614 0.9979407046100299 0.059284875955220126 0.024487824855121708 1.760282239841552 -0.05944014577484533 0.9982158160549328 0.005661594115021986 0.9294922594631311 -0.02410848716643109 -0.00710549509911092 0.9996840964962014 -0.0016802024087707126
615 0.9979177904417081 0.059536579226417315 0.02480885433300615 1.7597709680435443 -0.05969529831653272 0.9982003353340322 0.005706303307925329 0.9295857174816519 -0.024424472936519646 -0.007175393548920224 0.9996759269135441 -0.0017028301587485458
616 0.9980176646242076 0.05787644792326264 0.024719584826864788 1.7585801730737478 -0.05802674968408814 0.9983003899621253 0.005406266932333645 0.9294572384157118 -0.024364675646523122 -0.006829947059141054 0.999679805939971 -0.0014828562575264499
617 0.9982618084480325 0.05342725363966526 0.024877507143925583 1.7573254987895852 -0.05357363700457708 0.9985500748282484 0.005254852891987826 0.929680593923973 -0.024560684262136537 -0.006578497487518419 0.9996766958170403 -0.0015079341713378476
618 0.9984362941290986 0.05000548757952285 0.024988352846397055 1.7558586202822049 -0.05015630052560776 0.9987265375054108 0.0054450710265353825 0.9298298278515124 -0.02468424768510516 -0.006689879871417392 0.9996729132190864 -0.001462862036204901
619 0.9984820507181866 0.048769879183439835 0.025594790048148165 1.7535856224882407 -0.04892954063790946 0.9987862582911773 0.0056489203062187986 0.9301225228045351 -0.025288227423806414 -0.0068926868514709895 0.9996564391945233 -0.0013530087443962787
620 0.9983409783649052 0.051252644158950644 0.026238471445416855 1.7514612863020107 -0.05141913323136309 0.9986608381785407 0.005709905832918352 0.930180302330058 -0.025910686115382463 -0.00704959243448185 0.9996394047818281 -0.0010123012402324467
621 0.9979415695657045 0.05805258822026015 0.027249233635121863 1.7484788988401727 -0.058221361150576204 0.9982888701808549 0.005441027234148492 0.9298441807510163 -0.026886740945870895 -0.007016314730536002 0.9996138626937968 -0.0008657228537046487
622 0.9976211568750837 0.06342421610385073 0.027007335427687143 1.74548985986819 -0.06360487971899892 0.9979578201791818 0.005882892024726897 0.930158302968237 -0.02657906377728215 -0.0075866958681113025 0.9996179247172668 -0.000791485908248209
623 0.9975357281640889 0.06482910154659738 0.02682645388369982 1.743426353062696 -0.06501690196343048 0.9978649785861567 0.006187646585339579 0.9307136399176387 -0.026368039262092167 -0.00791657146347826 0.9996209553633265 -0.0009406522739725625
624 0.9975468850781037 0.06460421384975673 0.026953805352040085 1.7408667276168859 -0.06479436708236969 0.9978791198954065 0.006241159381879082 0.9307207755247534 -0.026493434367587755 -0.007972303857430193 0.9996171968840486 -0.000665651246225368
625 0.9975624389852559 0.06449225132136653 0.026644508712986514 1.7374905748763858 -0.06468171038532718 0.997885994769766 0.006310133378251053 0.9309201925172016 -0.026181227374734214 -0.008018164437756003 0.9996250558946415 -0.0005627184702388026
626 0.9974968865918938 0.06565778754722308 0.02624911759072153 1.7345465015451262 -0.06585301267088105 0.9978072246799139 0.006642521958718554 0.931603374974658 -0.02575542587777696 -0.008354478445302441 0.9996333631530898 -0.00044316846927361093
627 0.9973892440694637 0.06704488625618571 0.026826834335875318 1.732313838826121 -0.06725712351438959 0.997710499949911 0.007087850606001255 0.9319000424182654 -0.026290210160070084 -0.008873641667587667 0.9996149675422926 -0.00029326964302486467
628 0.9973439306154993 0.06814723558930076 0.02571066597576148 1.729076674075388 -0.06837279027308163 0.9976277900978818 0.007997122876439836 0.9319986828818909 -0.025104693062928563 -0.009733791934511939 0.9996374381153033 -0.00014754013374933806
629 0.9972174641796879 0.07001651786348978 0.02559328742627663 1.7270127598843015 -0.07024421594593458 0.9974968753501575 0.008107637862244787 0.9326691015562705 -0.024961555667059106 -0.009882858478404161 0.9996395599654891 -7.019799885559557e-05
630 0.9970247897606843 0.07285627240320272 0.0251700650152937 1.7239047784554609 -0.07308371906476742 0.9972917966801808 0.008236642603239712 0.9329574882860148 -0.024501808285435255 -0.010051658819921525 0.9996492512612667 0.00019403601912046337
631 0.9969954884053773 0.0737249401556072 0.02376192961109937 1.721859419133344 -0.07394399179443165 0.9972263880150397 0.008474498426325004 0.9331194565122957 -0.02307124134913498 -0.010206088625217508 0.9996817261404255 0.00047238049480563353
632 0.9970909992386645 0.0725141662182558 0.02347839293149842 1.7191395254219226 -0.07273330497995935 0.9973141990270157 0.008617120424342904 0.9333586590682953 -0.022790471338426065 -0.010299714327734282 0.9996872062303596 0.0005058264293401093
633 0.997223753613103 0.07075252696152687 0.023213469304631047 1.7173470540808793 -0.07096791829529762 0.9974416198063846 0.008588925984165923 0.9335144362378577 -0.022546392207641583 -0.010212492601148294 0.9996936356675107 0.0003806484020909631
634 0.9974378295022044 0.06787649784028747 0.022595515436583665 1.7155091899143413 -0.06808701756565769 0.997641619656028 0.008680827643108159 0.9339183498054937 -0.021953002438483697 -0.010197047138201024 0.9997070000323707 0.0006114093843850582
635 0.9976296726988951 0.06456072105483716 0.023810700276254246 1.7141055909956127 -0.06477315081686782 0.9978658270871897 0.008260149144181082 0.9340207626220192 -0.02322660294029345 -0.0097828639662778 0.9996823597966856 0.0007492434529422366
636 0.9977400787033444 0.06264045171665228 0.024308623110478853 1.7125085231523978 -0.062845457243618 0.9979930827476945 0.007762428219949129 0.9343364229954058 -0.023773595705065986 -0.009272572277358351 0.9996743647564861 0.0006594603025165128
637 0.9976177198438616 0.06473528522212674 0.023837531352413604 1.7108571910907702 -0.06494452378356737 0.9978559206009868 0.008109904488087146 0.9348370735346667 -0.023261424813198567 -0.009638701544151388 0.9996829505144544 0.0007404159866607415
638 0.9974857117840326 0.06688477680169828 0.023423949680344277 1.7098660071916532 -0.0670992997469761 0.9977101427915724 0.00849440664294587 0.9350620783281108 -0.022802165689139474 -0.010044779876737985 0.9996895336238907 0.0005716875798240322
639 0.9973888523801012 0.06823038474102924 0.02366625751719372 1.7085959337203724 -0.06844275861484522 0.997620668555998 0.008281935871176295 0.9353910416446466 -0.023044867976197723 -0.009880094463569385 0.9996856094764099 0.000673085770654097
640 0.9974060895566523 0.06774819513538798 0.024316138058073783 1.7075241663799237 -0.06796568046775624 0.9976537060834881 0.008230979001601451 0.935022038326431 -0.023701451280607723 -0.009862291448336884 0.9996704339002258 0.0008748294867588274
641 0.9972807169064817 0.06954835890743298 0.024376165822143515 1.7062939303364657 -0.0697626703172908 0.9975311074608059 0.008053538233027034 0.9350682763218306 -0.023755873321176613 -0.009732184801566592 0.9996704172185505 0.0008754558968667921
642 0.9971819683426602 0.07095879017327371 0.02435101862760197 1.7050735212924735 -0.07117853446490333 0.9974292406749685 0.008278047947627924 0.9352208300188818 -0.02370101775265945 -0.00998798996422738 0.9996691961915648 0.0009216812369249722
643 0.9970805654771256 0.07221812033014219 0.024796956331829358 1.7041014402168875 -0.0724330516875538 0.9973421430065276 0.007880533375889145 0.9351603656073043 -0.024161932261657318 -0.009653645893686297 0.9996614467666316 0.000915133821406845
644 0.996970231163339 0.07392994439194267 0.02418101520511646 1.7030693825924548 -0.0741413504813614 0.997215934288586 0.0079649575427636 0.935676881893751 -0.023524844801580576 -0.009733638685176352 0.9996758664462186 0.0009997319773335765
645 0.9968639307514102 0.07504609749441651 0.025107505211130116 1.7016375257574952 -0.07526295449337433 0.9971331732276675 0.007805288511331146 0.9359926113995538 -0.024449769900437394 -0.0096704756077584 0.9996542855680816 0.000937858844592544
646 0.9968305174913096 0.07594626590473481 0.023687213685354244 1.7004201466680082 -0.0761543857472757 0.9970638629420264 0.00801016514799998 0.9361607210208089 -0.02300932264782279 -0.009788662277349203 0.9996873276989017 0.0010934879178515144
647 0.9969543898214741 0.0753788198418538 0.019999453381319712 1.7001195227215318 -0.07555997884556379 0.997105355874176 0.008461612283614552 0.9363409133065679 -0.019303735733223762 -0.009946999784735061 0.999764183686454 0.0010406754134003795
648 0.9969727843686327 0.07549807285406965 0.018582470884541374 1.7000085174778166 -0.07568412212686465 0.9970863952717087 0.00952019014901654 0.9366745509576706 -0.017809572900392336 -0.010897768475670628 0.9997820051169289 0.0010318765073321018
649 0.9968643834378077 0.07544153098218796 0.023874179283174767 1.6998505971996798 -0.07566515716495732 0.9970961518427994 0.008605113087334249 0.9362601289407545 -0.023155669386537025 -0.010384574279181966 0.9996779359337971 0.0009288957144772375
650 0.9968265020232002 0.07512451099253895 0.02632931277803209 1.7000428597955406 -0.07532075912938506 0.9971379005813278 0.006541442256608124 0.9363208162304362 -0.025762533017466855 -0.008503826827620646 0.9996319206701683 0.0011061256927451589
651 0.9968747001520721 0.07470572914007378 0.025688250830547276 1.7001294625748773 -0.07490902085521457 0.997165497486388 0.007043381089831733 0.9364545961172442 -0.025089256499243158 -0.008945650128275789 0.9996451893307016 0.0009837374665880656
652 0.9969071972185479 0.07495711470313311 0.023610825675024923 1.7000585659878107 -0.07517127720276971 0.997135958403993 0.00831622158643603 0.9364871872592324 -0.022919843313742156 -0.01006535707428851 0.9996866355866694 0.0010539908348104932
653 0.9968755072898778 0.0752189510774122 0.024110834997022625 1.6998635888386702 -0.07543302688903389 0.9971180156592586 0.008094522919434015 0.9365699384982987 -0.02343248642557704 -0.009887984905541058 0.9996765208480467 0.0009619093891413296
654 0.9968198951128392 0.0757251847560767 0.024815178829515016 1.6996121477455377 -0.07593134010053808 0.997085051421508 0.007472069382774676 0.9361965214115173 -0.02417702002470983 -0.00933255720081575 0.9996641311354575 0.0011383024487869459
655 0.9968234661556377 0.07571281483720899 0.02470924910765145 1.6997427490921175 -0.07592302606636732 0.9970840909739221 0.007681773181907642 0.9364232297145925 -0.024055590515018845 -0.009533372732553665 0.9996651656279908 0.0010867321357676846
656 0.9968267365888266 0.07576152236962244 0.024426398609025957 1.6997088278553836 -0.07597178230495416 0.9970794855694445 0.0077966498768115376 0.9363174479538042 -0.023764374895257255 -0.009627626090521401 0.9996712276052337 0.0010365054390315117
657 0.997164063940337 0.07187369036902813 0.022315963301274357 1.700193238101677 -0.07207302397328169 0.9973651601990924 0.008259324225057867 0.9363055593548057 -0.021663536201668075 -0.009844280266482958 0.9997168505864414 0.0011261401051764527
658 0.9978439516834916 0.061561660112184086 0.02275104594571795 1.7008298145565084 -0.06176327650751941 0.9980565855988729 0.00826738267014333 0.9366067163921462 -0.02219787743399445 -0.009654736934696196 0.9997069772150458 0.0011703388347702236
659 0.9990179318538976 0.036159064486505195 0.025606520435722587 1.7008329084686793 -0.03634876082999681 0.9993147771353884 0.006981674869039448 0.936735459844165 -0.02533652343132909 -0.007905583674517679 0.9996477191129598 0.0011390728742038097
660 0.9997182178479561 -0.0001668235909986627 0.02373725075494612 1.7024180527926744 2.2458448281863664e-05 0.9999815046179695 0.006081933643778478 0.9380526681976143 -0.023737826335558397 -0.006079686761483552 0.9996997314244077 0.0007207249414980632
661 0.9983844108889648 -0.05158731214966641 0.023818423921942652 1.7039222370112974 0.051480618606007306 0.998661116480108 0.005071522279689077 0.9385127682864373 -0.02404816003033549 -0.00383714158506348 0.9997034371971745 0.0006111195674298376
662 0.9946282352436295 -0.100205115739437 0.025953967634675553 1.703579998336227 0.10014984073426378 0.9949664739679923 0.0034241905493364103 0.9392186517478043 -0.026166449073920822 -0.0008065108770526387 0.9996572745115123 0.0008405697080527989
663 0.987432976161083 -0.1556385924614255 0.027436219245996183 1.7045267584246508 0.15565021232375562 0.9878107292538366 0.0017246955034022392 0.9397033511104816 -0.0273702209220861 0.002567432138273237 0.9996220682339688 0.0010683553499310616
664 0.9709773953781045 -0.23764099312378895 0.027012146376974966 1.7053292657535921 0.23773098279292326 0.9713310272646533 -0.00012366669399847471 0.9404151360250418 -0.02620834761309271 0.006541701670226259 0.9996350977508538 0.00153781841912479
665 0.9449429631262465 -0.32597870803720724 0.028647484097508395 1.7063214452730688 0.32615592535659943 0.9453146030438313 -0.0016166711045148387 0.9416201141136014 -0.026553884699404288 0.010871208669658197 0.9995882692535243 0.0016867757492098887
666 0.9188944395181664 -0.3935479501658586 0.027441208843768956 1.706422968167531 0.3937796905265923 0.9191985673655558 -0.0033983939705954386 0.9420462295443024 -0.023886488874853187 0.013928556050187724 0.9996176423895058 0.0017979623205337768
667 0.8872466174838477 -0.4604863761557696 0.02730818812132486 1.706089953679237 0.46076432659335376 0.8875107240013907 -0.004577130186866106 0.942678024440761 -0.022128603717750963 0.016643682187541566 0.9996165828664995 0.0016272695631670854
668 0.7786535578209071 -0.6269473074325463 0.025213301940264887 1.7057493864881186 0.627290093779463 0.7787399760102297 -0.008437298630806436 0.9427911631854788 -0.014344864489154768 0.022385787136831054 0.9996464882133136 0.0014377703234195838
669 0.7290542327589317 -0.6839852922778085 0.025378054369553087 1.7037539586490165 0.6843587834236033 0.7290742019043783 -0.010191352578134189 0.9422155249626323 -0.011531749462880228 0.024797743149622263 0.9996259753976726 0.0018376420496654196
670 0.6744850557326484 -0.737807108885513 0.026656700299859865 1.70334410320071 0.7382305983909945 0.6744445920873949 -0.011835362418449763 0.9426168733562367 -0.009246252831871613 0.0276615668950637 0.9995745817727995 0.0016930850712775223
671 0.6099584284441631 -0.7914805165906995 0.03884980600343058 1.4061059872931798 0.7924268010464423 0.6090195841240659 -0.033983983538303134 0.8521923129854628 0.003237368151574043 0.051514444683520684 0.9986670022765605 0.015587957315071645
672 0.45097213236474154 -0.8916575411956993 -0.039635401589997774 1.275784609801145 0.8924207715171975 0.4497482508109142 0.036217087902222764 0.08533284425500835 -0.014467287012872183 -0.05170435302527959 0.9985576385397532 0.21817673590090433
673 0.29669247983405195 -0.9547358319367469 -0.021285291309558693 1.5986875555932465 0.9549548730751996 0.2964755082193927 0.012785281177494244 -0.2819434463776328 -0.0058959985015978236 -0.024119789438721687 0.9996916889517337 0.19643186838664445
674 0.22835623158035404 -0.9733286961611611 -0.02201546566075102 1.5869841117786436 0.9735344362561666 0.2280746631948903 0.014582504308259987 -0.2908302645979349 -0.009172399988546744 -0.024762819680904585 0.9996512741150388 0.20357016141628062
675 0.17606194097460046 -0.9841736707218159 -0.020109171962902492 1.585217976159711 0.9843316459571133 0.17581615333908 0.013412344749484852 -0.28307565120476474 -0.009664559303547166 -0.022155497786612438 0.9997078224224306 0.20055214567769328
676 0.148366994409718 -0.9887530206079256 -0.018833459799565806 1.585622659730206 0.9888777487044413 0.14813173439874117 0.013333693435422449 -0.28151605359765086 -0.010393896595206807 -0.020602269346124528 0.9997337212539337 0.2006041246330795
677 0.12597205183059149 -0.9918790944845192 -0.017518678108641682 1.5863272502928591 0.991971993730238 0.12574745407505045 0.013384373298904302 -0.2801659986707106 -0.011072750896548394 -0.019064095017390034 0.9997569476971825 0.20036218446228066
678 0.11508769758446177 -0.9932040034911999 -0.017338665277129545 1.586141659457931 0.9932979116632289 0.1148758352449694 0.012759355815380485 -0.2796592516193746 -0.010680849621532547 -0.018690904893623177 0.9997682579112118 0.20031444841573978
679 0.1035365696421227 -0.9944726329429585 -0.017445947200187523 1.5857664235792173 0.9945706945092402 0.1033305435812371 0.012326085588029466 -0.279236063275433 -0.010455255580701626 -0.01862742844221016 0.9997718272390541 0.20026247472086411
680 0.09112553894534192 -0.9956937184866609 -0.01703394018478515 1.5862593136599303 0.9957883883580364 0.0909343856910062 0.011680030367069685 -0.2782209195757828 -0.01008076198146669 -0.018026548906272137 0.999786688135404 0.1994334801633606
681 0.07079410068554581 -0.9973704948006785 -0.015501335719201531 1.58612632092624 0.9974065832969066 0.070577450475378 0.014104292941712851 -0.2772398824093346 -0.012973160875947434 -0.016459635030634395 0.9997803646359098 0.1993517076366887
682 0.05726331393133668 -0.9982447827205855 -0.01510849590610997 1.5829022027713282 0.9982619138709383 0.057040017874873575 0.014818490968698559 -0.2698578048442839 -0.013930692419860906 -0.015930791938347368 0.9997760477615563 0.21327462296621758
683 0.036270026749205785 -0.999224521247311 -0.015324532545900963 1.5832596282070628 0.9992300683989295 0.036032165751975105 0.015522674984436068 -0.266997331789429 -0.01495846138295642 -0.01587574154135284 0.9997620743275341 0.21245470685082893
684 0.022204924393190075 -0.999653147521584 -0.014160719740383599 1.582458043615411 0.9996398219348327 0.021986636744057122 0.015388768823444646 -0.2692414475017753 -0.01507208458917916 -0.0144973258071771 0.9997813059918145 0.213627842999901
685 0.0053169564792097685 -0.9998927123376318 -0.01364894820805448 1.5822490269754483 0.9998635378481586 0.005102323874611617 0.01571215998423281 -0.2669918493036519 -0.015640832908256772 -0.013730626514429217 0.9997833936617013 0.2128089612189997
686 -0.002203439054981145 -0.9999132111658577 -0.012989033566458738 1.5833450148414705 0.9998593055599577 -0.0024189404308953043 0.016598729194382777 -0.26754997147928333 -0.016628708307417285 -0.01295063179341762 0.9997778589247407 0.21243457704649837
687 -0.0009592363437569822 -0.9999213986927638 -0.012501052059456102 1.58452172147698 0.9998408766056689 -0.0011816900750391602 0.017799580812690837 -0.2717294533892589 -0.017812954111301633 -0.012481988844598889 0.9997634213260024 0.21350136430156696
688 0.004887458912919014 -0.9999089600102797 -0.012577139433274143 1.5853007311808995 0.9998371488534713 0.004667838767435374 0.017432356522193902 -0.2747600573549627 -0.017372061421469485 -0.012660291157069086 0.9997689375605928 0.2138122746053166
689 0.014025011273829206 -0.9998128537909241 -0.013325031096705953 1.5858909084444808 0.9997691235089493 0.013804949279818153 0.016465814690858158 -0.2821946121439064 -0.016278781797680806 -0.013552887897067578 0.9997756350773664 0.21325775009147013
690 0.01929034963111533 -0.9997263026592161 -0.013236396096127045 1.5854103949726541 0.9996745360260196 0.01906491344667846 0.01695143346869183 -0.2872344672574678 -0.01669444315988183 -0.013559087204046263 0.9997686966103968 0.2132383107086724
691 0.02221111582335673 -0.9996722045567203 -0.012733804208309102 1.5855550388403283 0.9995914059922234 0.021976506640291157 0.018277150272156317 -0.2936025580125215 -0.017991314572256556 -0.01313455715413198 0.9997518672197508 0.2134649553927228
692 0.021437242446127096 -0.9996931632372555 -0.01241064112424944 1.5858081138332243 0.999605947810272 0.02120706459600262 0.01839047341721583 -0.2988126327645911 -0.018121637275431864 -0.01279999172090075 0.9997538529435583 0.21338032421059192
693 0.017859628512366842 -0.9997693919799371 -0.011924618609740052 1.5844372844718897 0.9996546001726984 0.017625059155867713 0.019494554198637604 -0.30544978640894216 -0.01927988648937955 -0.012268665344576445 0.999738848814268 0.2127071366956731
694 0.013237287974400849 -0.9998418027592533 -0.011880389814723155 1.5842739221451734 0.9997377549068155 0.013011996855237282 0.018844345325293096 -0.3138508197676543 -0.018686776606234277 -0.012126722266223843 0.999751842702524 0.2127208134737708
695 0.009419607056569655 -0.9998855410457833 -0.011839586579391784 1.5844510535442422 0.9997811753949808 0.009196142587319383 0.01878915342596465 -0.31979171805722295 -0.018678124311812493 -0.012013982228161118 0.999753365537589 0.21221377874159214
696 0.006739028581695972 -0.9999055383259402 -0.011979145186996453 1.5850205549965013 0.9998111286232536 0.006519048805703608 0.01830871604449107 -0.3287873095785939 -0.01822889393980973 -0.012100265629493455 0.9997606168465637 0.2125036812417842
697 0.004471270405508079 -0.9999210840627558 -0.011740246475040128 1.5849797625112019 0.9998186635267416 0.004252871087403956 0.01856214296182851 -0.335728863181997 -0.018510748357219154 -0.011821113900966188 0.9997587776373209 0.21263612426034725
698 0.0005509070003975752 -0.9999336261516707 -0.011508248883722856 1.5854391077093717 0.9997946580618664 0.0003176370439958193 0.020261806855872415 -0.3449438178629371 -0.02025680655492129 -0.011517048128618177 0.9997284728317831 0.2133978988855337
699 -0.00014643160519210724 -0.9999366111420342 -0.011258430379432565 1.5835824009301178 0.9997907791194506 -0.00037667450111860225 0.020451310546431446 -0.3510218249024351 -0.020454254923902043 -0.011253080162345488 0.9997274586821716 0.21468335483113501
700 0.0003426496169486965 -0.9999369739891005 -0.011221882213118605 1.583735589130292 0.9997893941629856 0.00011228845565077386 0.020522054219363404 -0.36071178924127 -0.020519500708467656 -0.011226550692762113 0.9997264199025925 0.21492419286159772
701 0.001108341835655348 -0.9999382576411209 -0.011056784503133493 1.5841119760209246 0.9997871770377559 0.0008802655836171689 0.0206113018023339 -0.36989706944697887 -0.020600296305277495 -0.011077275732631918 0.9997264234552459 0.21525593749473595
702 -0.007688995165912154 -0.9999179684372996 -0.010243815164775532 1.583910857173555 0.999869167202837 -0.007833603723667868 0.014152142221218097 -0.3746300316389545 -0.014231227286651073 -0.010133659184569379 0.9998473789140652 0.2153597240152331
703 -0.02480757430835572 -0.9996096965572385 -0.01284674299215141 1.5821178925701052 0.9996728702420961 -0.024885051015656537 0.005906499644648548 -0.3752795044410232 -0.006223886171690747 -0.012696014511335351 0.9999000322315537 0.21512548666541967
704 -0.02276471243931031 -0.9996602603272428 -0.012693769758721055 1.5827447461813784 0.9996800795242718 -0.022901489615687595 0.010735938444375771 -0.37602595415412243 -0.011022997256045823 -0.012445308209973905 0.9998617943671956 0.21513961284102548
705 -0.021013638497758013 -0.9997284164885881 -0.010075726329812736 1.5843827494628158 0.9995408130988056 -0.021227621094508948 0.021622928851136508 -0.3747159539638881 -0.021830940120703805 -0.009616723277908686 0.9997154238521894 0.21477178671284092
706 -0.0242012062174404 -0.9996467183344192 -0.010988181892747771 1.5840708448520855 0.9994440064898018 -0.024445528756792508 0.022673641417222185 -0.3738313502626245 -0.022934243151435593 -0.010433343062339551 0.9996825325298205 0.2146230498643337
707 -0.023625602875384146 -0.9996597992683053 -0.011050638644745314 1.5843779092345704 0.9995133214710307 -0.023844485878699213 0.02011369420091056 -0.37504035114654505 -0.020370348303586024 -0.010570062384231072 0.9997366266634974 0.21440292017904383
708 -0.021180291301320223 -0.9997104629271318 -0.0114186503065453 1.5842341621423661 0.9995948549002018 -0.021392287846076545 0.018774878890266085 -0.3746763000969779 -0.019013713919849153 -0.011016366691625852 0.9997585300199848 0.21439895387158964
709 -0.02115417326480743 -0.999712365729808 -0.011299856637448666 1.5849197750961272 0.9995692579790574 -0.021378408422116555 0.020106271564933095 -0.37598413835126354 -0.020342061261492298 -0.010869657761574756 0.9997339901619253 0.21465551149174555
710 -0.021350141129627038 -0.9997072514013561 -0.011383451559873706 1.584672524761396 0.9995517287671092 -0.021583081686814234 0.020748785559185814 -0.3754054982834712 -0.020988401345173983 -0.010935359185983576 0.9997199132398598 0.21478621439797965
711 -0.021196091037139177 -0.9997143942391798 -0.011038825859768233 1.5846007123940706 0.9995505599996486 -0.021424152645567067 0.020968635772027178 -0.3748109781401158 -0.021199144499290716 -0.01058941145657418 0.9997191908917838 0.21452342573727384
712 -0.021467210378142417 -0.9997070675595643 -0.01117756461410637 1.5845641054802053 0.9995509212177311 -0.021694974810243423 0.020670848061501983 -0.3757371840653528 -0.02090728988239542 -0.010728799562792223 0.9997238509164622 0.21483338579286237
713 -0.02155101670187057 -0.9997073825654111 -0.010986488217133666 1.5842189491701324 0.9995500714647463 -0.021774326162239746 0.02062845980882145 -0.37504005211616964 -0.020861646939244152 -0.010536980800613546 0.9997268445550072 0.21470502428757363
714 -0.021659203107890622 -0.9997035147432138 -0.011124816013856103 1.5844421961206703 0.9995466877593461 -0.021885871598212866 0.02067432255455456 -0.37562196964651495 -0.02091166921691163 -0.010671983646880252 0.9997243674414908 0.21463079812277766
715 -0.021498757523951837 -0.9997060984870193 -0.01120357405285121 1.584225067120582 0.9995470095929397 -0.021728708087429664 0.020823997182022186 -0.375887801632046 -0.021061316166727614 -0.01075080887506393 0.9997203814423116 0.21523170802112587
716 -0.02152586279914248 -0.999704083232685 -0.011330630943897354 1.5843934372169264 0.9995464954904654 -0.02175841654162813 0.020817652634890455 -0.3756019943947489 -0.02105802892892832 -0.010877374517072536 0.9997190816135506 0.2149986905180593
717 -0.02164739448261537 -0.9996987390759424 -0.011568120027066075 1.5843664943300062 0.9995455453009969 -0.021883973839698607 0.0207314871131064 -0.37507318805823797 -0.020978397960857008 -0.011114080160940891 0.9997181523020425 0.2147232493073861
718 -0.021595831798431876 -0.9997022910702639 -0.0113555835462291 1.5844726811434322 0.9995448328297029 -0.021828965197653715 0.020823626986643633 -0.3751131764769081 -0.02106530824415069 -0.010900711311720308 0.9997186740690729 0.21463520979104359
719 -0.021627474647071494 -0.9996996313470605 -0.011528201290698724 1.5842598664803533 0.9995462053261638 -0.0218631108432956 0.020721674657624804 -0.37502416229482816 -0.02096749285799358 -0.011074812360971508 0.9997188168559019 0.2145638555274373
720 -0.021623812212032634 -0.9997004112442442 -0.011467279660669748 1.584208715060307 0.9995439733038886 -0.021859397370898277 0.020832958913740457 -0.37484387730949764 -0.021077385415572143 -0.01101156228342294 0.9997172046737497 0.2144518285593034
721 -0.021855909949207875 -0.9996958345254896 -0.011426181898583661 1.5840062515485442 0.999544403122369 -0.022087705825771506 0.020569867209332855 -0.3751255710515708 -0.02081598870980305 -0.010971402999735116 0.9997231231350302 0.21481974472130647
722 -0.02175816907916411 -0.9996989312188046 -0.011341472485357471 1.5843246469711738 0.999546448264596 -0.02198829402478845 0.02057699412605224 -0.3753495374472302 -0.0208201786672856 -0.010888610823476998 0.9997239410538055 0.21467200334420156
723 -0.02159174810558672 -0.9997022005592415 -0.011371306462418379 1.5841580470152012 0.9995482871177803 -0.0218234588213572 0.020662970828530827 -0.3752152175458297 -0.0209049786448137 -0.010920020235174674 0.9997218288235445 0.21469803756673397
724 -0.021674407936781548 -0.9997001659627353 -0.011392901945804584 1.5843474828837232 0.9995485777825165 -0.021905451370898648 0.020561902941668327 -0.375664367240001 -0.020805304442718036 -0.010942091864195803 0.9997236667863112 0.21511261663469916
725 -0.021516409848187444 -0.9997028509752266 -0.01145660768032637 1.5840705048059802 0.9995551560141781 -0.021747125555113055 0.02040962063641014 -0.37568373606779587 -0.020652704223378213 -0.011012369514393239 0.9997260592414824 0.215121769694184
726 -0.021572222635055167 -0.9997010436856199 -0.011509233845028222 1.584221320635165 0.9995480955767869 -0.021807113447944573 0.0206894763637358 -0.3753305925618347 -0.02093427428095047 -0.011057714780350192 0.9997197022691829 0.21500649022681798
727 -0.021644345536378392 -0.9996997624706285 -0.011485086972715573 1.5841694272967874 0.9995502909414443 -0.021876729284604605 0.02050913439234335 -0.375738641798509 -0.02075423291800169 -0.011036015233349749 0.9997236959204584 0.21503333806523117
728 -0.021670382589613856 -0.9997002520060227 -0.011393009155276187 1.5842946404769764 0.9995488548388825 -0.02190132948628899 0.020552823551268137 -0.37542052764623884 -0.020796184930337656 -0.010942481704204868 0.9997238522652614 0.2149481265160219
729 -0.021429308558603574 -0.9997045629565873 -0.011470463773929568 1.584119432300114 0.9995575150780803 -0.021660069907405367 0.020386648112558876 -0.37536575225578817 -0.02062907618830484 -0.011028516493284755 0.9997263690829907 0.21495194352636132
730 -0.02075168283140637 -0.9997165392754149 -0.011670850811176893 1.5844040264746955 0.99963062888877 -0.02095197401366222 0.017309551482876585 -0.3740337014155593 -0.017549172267389834 -0.011307337613777096 0.999782061586387 0.21484645443141592
731 -0.018857268430047973 -0.9997449005997612 -0.012431297279528148 1.5839905967943724 0.9997500030088069 -0.019003851539088467 0.011780709249349375 -0.37110652459666243 -0.012013946525083665 -0.012206037495701968 0.999853328112587 0.2143519698784512
732 -0.010829520021868481 -0.9998672540465267 -0.012173568972153185 1.5839224384798816 0.9998346668002503 -0.01100540060309296 0.01447481335643578 -0.3673737589614142 -0.01460686688627497 -0.012014800996457606 0.9998211260006612 0.21452460696145936
733 -0.0006579752213998915 -0.9999371733396636 -0.011190015299761626 1.5843474496576204 0.9998205622541643 -0.0008696625373469834 0.018923186288505544 -0.36220390051192586 -0.018931728944745728 -0.011175556400876457 0.999758319085053 0.2144516598502395
734 0.004914067568461036 -0.9999231821784951 -0.011379001800694226 1.583990382038323 0.9998414604237476 0.00471827912913282 0.017169503759823134 -0.3561650742615863 -0.017114495529039177 -0.0114615698799174 0.9997878407235088 0.21435222650993996
735 0.010762279585048044 -0.9998698152633883 -0.01202189101815329 1.5843181533903625 0.9998447280541515 0.010592690131842889 0.0140824251333868 -0.34655623037889827 -0.013953247649398714 -0.012171583351949518 0.9998285650248615 0.21416176727045733
736 0.014827921443947564 -0.9998172345799631 -0.012067733083322346 1.5842004719133083 0.9997719087431416 0.014639557276192972 0.01555036498011399 -0.3379147022904718 -0.015370856640457614 -0.012295560128560788 0.999806259215825 0.21357870531449433
737 0.017966302455395884 -0.9997716146947795 -0.011572831402491475 1.5844178953102999 0.9996950436116169 0.017766389263132922 0.017151536115346772 -0.3265246828843789 -0.016942011528044698 -0.011877451878624056 0.9997859242776332 0.2133252354122782
738 0.017032966870166158 -0.9997854895229434 -0.011783589341800436 1.5845747876333904 0.9997578558934075 0.016865910820145415 0.014134023855030552 -0.3168221440333014 -0.013932250991030168 -0.012021480374319668 0.9998306738605118 0.21301014112823546
739 0.010096306888346151 -0.9998680633805365 -0.012724795445991434 1.5839424609457948 0.9999001858803498 0.009969218352604826 0.010011641238377885 -0.3018255441755683 -0.00988346407129777 -0.012824605934119522 0.9998689147185783 0.2124583049260562
740 0.001029327636162566 -0.9999171668540529 -0.012829649800126009 1.5835880533790803 0.9999355248071218 0.0008840902793548766 0.011320981109048379 -0.2853852804864497 -0.011308700787443924 -0.012840475604402282 0.9998536070216572 0.21157848272369645
741 -0.0035059678619796383 -0.9999209374703623 -0.01207588491847331 1.5836967686865955 0.9999037684145761 -0.0036674863251508066 0.013379217234647127 -0.2735264652369981 -0.013422447582332662 -0.01202781573033733 0.9998375715835527 0.21171520289206325
742 -0.006904070576710503 -0.9998883211229693 -0.013254398947818592 1.58342197761564 0.9998911005066646 -0.007075762723980255 0.01295070304036944 -0.25541785743197926 -0.013043041702605602 -0.013163542982489047 0.9998282853569679 0.21124482298697242
743 -0.009498134303701652 -0.9998558604193395 -0.014072804590516571 1.582924895131445 0.9999038570204886 -0.009638893426046936 0.009968372375945915 -0.23990386143315148 -0.010102581802378259 -0.01397677064903365 0.999851282803898 0.20961996047330952
744 -0.011399964774801775 -0.9998296941726879 -0.014512871996815632 1.5820321939582593 0.9998986605919332 -0.011522116566027184 0.008361182659225759 -0.22059000220008032 -0.008526977703861842 -0.014416084082539169 0.9998597237467424 0.20858547920919185
745 -0.014132815498278536 -0.9997977993054906 -0.014304685617743621 1.5816099993623494 0.9998651611087681 -0.014250514763051472 0.008159805693172787 -0.19876109433493783 -0.00836200490749167 -0.01418743576086729 0.9998643875749718 0.20744016516521074
746 -0.016041315086235866 -0.9997690956120138 -0.014297960281073474 1.5814095382912474 0.9998421392930147 -0.01614847407420286 0.007411024119059562 -0.18203949945332337 -0.0076402031214434125 -0.01417682062156979 0.9998703141174351 0.20701982755938358
747 -0.01772901361838491 -0.999744636873771 -0.014012248831816926 1.5810199037071422 0.9998211926304456 -0.01781908486011447 0.006329532449446154 -0.16419946057171447 -0.006577601570944948 -0.013897526971527373 0.9998817899641419 0.20622891639750485
748 -0.019466760361320872 -0.9997321306240237 -0.01251847591463072 1.58056527220058 0.9997790421829763 -0.019563952427139222 0.007688860585546201 -0.1390989205418071 -0.007931711842197492 -0.01236603265283938 0.999892078768191 0.20537578656195754
749 -0.020315086282966965 -0.9997226325840939 -0.011914494001964277 1.5798259407785733 0.9997507007323992 -0.02042320067999162 0.009023816163531692 -0.11294386427043601 -0.009264645351662881 -0.011728204123745485 0.9998883015489052 0.20428487449208427
750 -0.02075445523872584 -0.9997175513878672 -0.01157886150827745 1.579478336329699 0.9997463301556553 -0.02085360467612898 0.008508966582571425 -0.0922584897914674 -0.008748024237273819 -0.01139932533316326 0.999896758398161 0.20332488375682536
751 -0.020570436352737444 -0.9997176282719417 -0.011896254488651368 1.5787907472039922 0.9997581686324551 -0.020660898804377943 0.007532032458270144 -0.0629412553524698 -0.007775692935232869 -0.011738440406601882 0.99990086889517 0.2021468745518914
752 -0.020068607498169834 -0.9997167665999204 -0.012792090178927932 1.5780908139823853 0.999768111660089 -0.020166281031097924 0.007552748922250601 -0.041004499114988074 -0.00780857861599071 -0.012637550687753537 0.9998896531180381 0.20139183983820624
753 -0.019085639297166383 -0.999722731140016 -0.01379127315080338 1.576815982646336 0.9997993948753685 -0.019167286845424764 0.005812496999929386 -0.01094202120763246 -0.006075226662776797 -0.013677571329167247 0.9998880015600148 0.20011020248685382
754 -0.018299117881369557 -0.9997137073579212 -0.015415758321337184 1.5758087409772317 0.9998250710617808 -0.01835647002094722 0.0035870997609014485 0.01114772296632107 -0.0038690517047005437 -0.01534742089746587 0.9998747357101072 0.1994366544604326
755 -0.01909273025072558 -0.9996869140516502 -0.016172245544296145 1.5743939772330189 0.9998130766044011 -0.019139426101368515 0.002737556989054595 0.04360175827045558 -0.0030462273963833093 -0.016116955135114634 0.9998654730792862 0.1977476475964891
756 -0.021335113740077707 -0.9996316448513857 -0.016774609791155325 1.5730562631802112 0.9997657047405127 -0.021393283057591 0.003295916232397046 0.06850093687183373 -0.0036535661399572724 -0.016700360832295365 0.999853864023309 0.19675256051654058
757 -0.024921914760428446 -0.99954448038621 -0.017021453930900144 1.5725895474928477 0.9996807941306605 -0.024988740604555755 0.003724605706236044 0.10185852281508755 -0.004148253771684866 -0.016923196276366397 0.999848187185569 0.19559214299552036
758 -0.027729974943263975 -0.9994787646494401 -0.01653019978105522 1.5717779914083339 0.9996101349582542 -0.027779963088513923 0.0028020953051209932 0.12767478872296836 -0.0032598430934812827 -0.016446053201503143 0.999859440500511 0.1943131579725485
759 -0.03075880262388908 -0.9993959929870777 -0.016172361042057604 1.5699333582450696 0.999525329673799 -0.030782820889844353 0.0012382556987438806 0.1619531748641888 -0.0017353386761108222 -0.016126597238980432 0.9998684520788997 0.19332220018951296
760 -0.03235933977540489 -0.9993445129393972 -0.0162301443966537 1.568172601680965 0.9994759894645077 -0.03236785201706319 0.0002619921196867904 0.19655483643019683 -0.000787155299306726 -0.016213161737591825 0.9998682482076268 0.19228003435107785
761 -0.03302741591371373 -0.9993191780587509 -0.016442936556405247 1.56671053106942 0.9994544403568556 -0.03302118442429229 -0.0006504075311036597 0.2234183451868088 0.00010699947945999513 -0.016455447233791425 0.9998645942361989 0.1912602790250036
762 -0.03276917116345849 -0.9993097204432397 -0.017500401388646312 1.5655054274971414 0.9994624569139307 -0.03274680023204969 -0.001563423314778517 0.2504560964311153 0.0009892619680522989 -0.01754222625530772 0.9998456339157312 0.1902581526880562
763 -0.03217904838612288 -0.9993047710634434 -0.018827728868824504 1.5636333511122689 0.9994821056784361 -0.03217011334634017 -0.0007773261814551582 0.28751429163671977 0.00017109559099539543 -0.018842991711477103 0.9998224404313184 0.18910306324905107
764 -0.03156198256115607 -0.9993077830519719 -0.019692536343603833 1.561809074356907 0.9995011046462706 -0.03157901648620602 0.0005545513312118031 0.3239722407847379 -0.0011760383909343842 -0.019665209089853773 0.9998059294109826 0.18799134837762047
765 -0.031043700722207784 -0.9993118027955918 -0.020302941636335586 1.560479305364816 0.9995158160474088 -0.031079962837772833 0.0014728818326215291 0.3522121012041711 -0.002102882870601966 -0.02024738757508269 0.9997927891223698 0.18672815998305897
766 -0.031003283890178777 -0.9993126010498865 -0.020325397190719165 1.5591132760413964 0.9995144227267811 -0.031060135741196426 0.0024873136160011647 0.3899043315947972 -0.0031169134345635976 -0.020238412749546453 0.9997903237680874 0.18558961009058564
767 -0.03091512472892611 -0.9993132767412037 -0.020426208420597922 1.5575248065194163 0.9995172390877775 -0.03097168412353671 0.002458362937328409 0.417938007213062 -0.003089308796589296 -0.020340346847608375 0.9997883408313406 0.1849082478903304
768 -0.031315534315359 -0.99930184669268 -0.0203753897382108 1.5557556312556429 0.9995081223497093 -0.0313434175756388 0.0010504909151953885 0.455740464645205 -0.0016883918594046785 -0.020332470854298013 0.9997918483174586 0.18424582086786995
769 -0.03149169779302043 -0.9992990983518174 -0.02023820651896477 1.554591275318983 0.9995040107800807 -0.03148673065264087 -0.0005641161291237056 0.484827679376656 -7.35142177504906e-05 -0.02024593356096634 0.9997950273781184 0.18336592638688595
770 -0.030736117716274915 -0.9992997037338462 -0.021339943431463695 1.5525434201794763 0.9995259714826904 -0.030691313709703457 -0.002423962511693343 0.5232262147559956 0.0017673141216412776 -0.021404330887028054 0.9997693390077756 0.18233492823795458
771 -0.030585359302091907 -0.9992925877166836 -0.021882868426145948 1.5507165201247577 0.9995290431423169 -0.030523272545703816 -0.003165714281591147 0.562265488731741 0.002495538060430795 -0.021969387048244287 0.9997555292790214 0.18136492742672114
772 -0.03127321999726831 -0.9992675584588865 -0.022052943629211653 1.5500471261159543 0.9995066232161257 -0.03120113200810999 -0.0036054829790906394 0.59288570597187 0.0029147653696181275 -0.022154818280976055 0.9997503029109889 0.179830571407567
773 -0.03196672883115807 -0.9992399908366673 -0.022306253841259793 1.5482575145708233 0.999485264094602 -0.03189817483616454 -0.0034224696284758122 0.6211918712545759 0.0027083397362768265 -0.02240417716939527 0.9997453264421151 0.17922301943493935
774 -0.0336329869310729 -0.9991938761025622 -0.021918488755365832 1.5466067006255384 0.999431497121494 -0.03357332132249599 -0.0030845837510511762 0.6606404029099316 0.002346220729687548 -0.02200977179567074 0.9997550025855003 0.17744599877378112
775 -0.03539151088147414 -0.9991338624790226 -0.021885287403975096 1.5450417437619564 0.9993734826004909 -0.03537670025749919 -0.0010636512429925103 0.6998074755880038 0.0002885007222952667 -0.021909220115187564 0.9997599226019271 0.17591972519761592
776 -0.036620606547459876 -0.9990879126535034 -0.021960736925235987 1.5434751190407645 0.9993259891948688 -0.036667701724183904 0.0017455568357920654 0.7290317768328743 -0.002549214485718312 -0.02188201180147574 0.9997573100836348 0.17469669084196265
777 -0.03768523559929872 -0.999022778098383 -0.02309354579372153 1.541522536127908 0.9992703588871378 -0.03781807451345 0.005342573311566829 0.7681082476613231 -0.006210705866631003 -0.022875359658639724 0.9997190330561522 0.17306204396427466
778 -0.03942423260130794 -0.998935596039989 -0.02394587328650488 1.5395689658244143 0.9991867037252056 -0.03961452004958469 0.0075246860421634785 0.7993022755662061 -0.00846528101332423 -0.023629743223960817 0.9996849374947595 0.1710582472866492
779 -0.04272851119156246 -0.9987860668641941 -0.024508508079346857 1.5370602028375853 0.9990314026552594 -0.04297142607506671 0.00947169723234731 0.8388125871595775 -0.01051336476852002 -0.02408005768228737 0.9996547503936788 0.1693421405490638
780 -0.04771811733902921 -0.9985686271201182 -0.024159433133881858 1.534630865278631 0.9987950325059931 -0.04797865369787299 0.010321425788553652 0.8793532966754679 -0.011465789055175896 -0.02363780279581508 0.9996548354114314 0.16777517181293958
781 -0.05165063812238393 -0.998365750795901 -0.02445484041087371 1.5324451390515972 0.9986140641127114 -0.051880344890255906 0.008853291425934101 0.9089867249232764 -0.010107548495290317 -0.023963669417662075 0.9996617327934619 0.16619399084293843
782 -0.05550375442006864 -0.9981666231915151 -0.024139709858043753 1.5307997306287597 0.9984130432185305 -0.055715650125344685 0.00819520971968773 0.9395778616165366 -0.009525144440092972 -0.023646536274291637 0.9996750036617241 0.1650152963677084
783 -0.05969056286874534 -0.9979434909061341 -0.02336291211883155 1.5280205896532022 0.9981725787384109 -0.05989218149360918 0.00802680816922446 0.980058230747016 -0.009409556737903429 -0.022841093538662056 0.9996948257783236 0.16340561629910388
784 -0.06382485313418874 -0.9976794181568956 -0.02371005498954986 1.5250480896885714 0.9979126370610834 -0.06403791565695688 0.008337514701251797 1.0191088383132296 -0.009836509317461974 -0.02312842284830425 0.9996841096774836 0.1616840758887857
785 -0.06755441921841336 -0.9974096376648555 -0.024706580837644338 1.5231178541493477 0.9976537747253583 -0.06780517173259848 0.00945539323562514 1.0482016804311323 -0.011106134297202561 -0.024009860033691082 0.9996500289617511 0.16057172145745843
786 -0.07404532363441789 -0.9969332217533662 -0.025326693685183522 1.5198801182647543 0.9971705143901151 -0.07434551104408374 0.011122509543133272 1.0877789923162684 -0.01297132525745737 -0.02443146235119764 0.9996173509742247 0.15870336288740905
787 -0.08232669195450444 -0.9963034973150761 -0.024528698089910088 1.5164214575001043 0.9965373981018235 -0.08258364273335032 0.009651742672502947 1.1269925914017853 -0.011641734218926399 -0.023649168926948 0.9996525330508029 0.15714675037265163
788 -0.08869465235563981 -0.9957408526146354 -0.025167699082650714 1.5136187702279633 0.9960048910792361 -0.08892456288183606 0.008165724787226207 1.1562367162438438 -0.0103689724007162 -0.02434289526183315 0.9996498926435213 0.15599009946506484
789 -0.09415781595919451 -0.9952674811729924 -0.02401971300599022 1.510794019945146 0.9954999278824713 -0.09438396439641047 0.008459364682033598 1.1854096782841967 -0.010686406316184238 -0.023115107262056588 0.9996756936815846 0.15482369447459743
790 -0.10186036620715169 -0.9945322724279685 -0.023022269546691825 1.50684996325679 0.9947125072060501 -0.10212891199169645 0.010803394906728245 1.224737142502577 -0.013095564226238582 -0.021800101699958108 0.9996765785808504 0.15329148432066447
791 -0.1088902205272117 -0.9937949749463177 -0.022681879197503998 1.5023881838427504 0.9939301112921938 -0.10920824013671745 0.013285110189227855 1.2646885018111558 -0.015679723857435005 -0.02109758413680214 0.999654459402533 0.15164804087688954
792 -0.11540792110677568 -0.9930780324222047 -0.02184109121415327 1.498995251866678 0.9931893592828778 -0.11571916713977454 0.013563589575902656 1.2946991861074288 -0.015997135732877282 -0.020126993712911604 0.9996694432521627 0.14995479960299396
793 -0.12190213045830517 -0.9923059377610199 -0.02165170834288421 1.4953071639809337 0.992414526522249 -0.12220723314403219 0.013371601011813186 1.323401037736067 -0.015914714450082267 -0.01985744323201466 0.9996761494670683 0.1490922512415022
794 -0.1328647409298623 -0.9908961294911188 -0.021721445109261345 1.4899735963496767 0.9910221341457272 -0.13314733841917686 0.01212088709762113 1.3625409784917153 -0.014902692713458406 -0.019915994364722637 0.9996905835905895 0.14710459393532005
795 -0.14503876641740238 -0.9891809874870511 -0.022016589879308993 1.484445332283942 0.9893366290524547 -0.1452887895234877 0.01020794066135278 1.4006993839449926 -0.013296264515933538 -0.020301271692908896 0.9997054904915502 0.14570289807179387
796 -0.1542772602561261 -0.987783727195898 -0.021950746124615107 1.479824337727799 0.9879581688921065 -0.15449171078127702 0.008424239964758539 1.4295704164488192 -0.011712535472968535 -0.020386750285516866 0.9997235602539781 0.14438969712227537
797 -0.16698409757101224 -0.985733240871365 -0.02112555325309474 1.473196405772662 0.9858976671037729 -0.16717540982560494 0.007627079942252521 1.4682036677801618 -0.011049939251711546 -0.019554032607032826 0.9997477375074126 0.14260017432052377
798 -0.1763675922679332 -0.9841176271053481 -0.020173458268593323 1.468265186590585 0.9842508062238909 -0.17656793560528253 0.00860898151496328 1.4976060611811737 -0.012034236340797826 -0.018337397223759183 0.9997594295729826 0.14106396457329728
799 -0.18909389261580625 -0.9817644610284798 -0.019545916117784064 1.4609545682293155 0.9818586324650819 -0.18932170646007174 0.010531729064808579 1.5354827754185834 -0.014040143502794485 -0.01719984082457169 0.9997534895398172 0.13990462465993056
800 -0.1999566634441377 -0.9796258540177024 -0.018722149582010694 1.455389207419967 0.9796940878411801 -0.2001847444945004 0.01120545939043479 1.5631404071033415 -0.014725046454328046 -0.01610137298486251 0.9997619310595316 0.13889471113462248
801 -0.215438124595346 -0.9763585569603412 -0.017617682022554922 1.4469839696295053 0.9764177289912647 -0.2156389353645819 0.010405194140481903 1.6012595670584813 -0.013958258529895164 -0.014960541558868938 0.9997906526950543 0.13687234831508127
802 -0.22829670323093554 -0.9734393062027924 -0.017220117095991635 1.4410098205839759 0.9734896102788477 -0.2284930924645362 0.01043481550262049 1.6294298245287155 -0.014092337370025588 -0.01438137110288042 0.9997972705473306 0.1358595715777425
803 -0.24649202094253322 -0.9690150845143904 -0.01585716222489813 1.4318959403619973 0.9690463168070049 -0.24666725145989649 0.01022266793915073 1.6670525166458194 -0.013817362057303375 -0.012846518568511111 0.9998220078929416 0.13426483636618367
804 -0.260364004892283 -0.9653925510906795 -0.015093285115857872 1.4242027005075715 0.965410690704112 -0.2605300741028037 0.01030915907426902 1.6958026000077229 -0.013884640067233 -0.011887084864704456 0.9998329430384051 0.13330407053331553
805 -0.2804259762280883 -0.9597713002022953 -0.01415355655147955 1.4140912144793891 0.9597522528333092 -0.2805958727344012 0.011898293346801151 1.7333921407922859 -0.015391070027926518 -0.010247317258288879 0.9998290391127447 0.13193270217948436
806 -0.29561448654027755 -0.9552023571221762 -0.014160942596767562 1.4055826960291633 0.9551504921093212 -0.2958020699802562 0.01373582246155719 1.760589648107761 -0.017309326124121636 -0.009465323186039367 0.9998053785050833 0.13120997607071597
807 -0.31648166854093657 -0.9484971684127488 -0.01387353563901197 1.3934290254543606 0.9483661984967315 -0.316694021913636 0.017505714291345852 1.7963198681738077 -0.020997786235474387 -0.007616954585586995 0.9997505063644856 0.130210244101546
808 -0.33460779039114164 -0.9422567795967329 -0.013776353407043602 1.3843991560950228 0.9420805293216186 -0.3348281072093688 0.019349803504040433 1.8267540968886897 -0.02284519387005897 -0.006503839314660014 0.9997178587937856 0.1269991033551257
809 -0.35826917274812514 -0.9335138911433625 -0.013964773550209489 1.370389938010612 0.9332931515752689 -0.3584990691788306 0.021031182072403103 1.8605497395850463 -0.02463925893043207 -0.0054984033148000105 0.9996812864509491 0.12629642155038928
810 -0.3838841812873659 -0.9233044475537621 -0.011909344403737457 1.3555910400556002 0.923168294407033 -0.38404070662921286 0.016523796592303727 1.8957769032031058 -0.01983016792302736 -0.00465110503388398 0.9997925443119425 0.12466570862561503
811 -0.4042237191760921 -0.9145838702857344 -0.011812242352511963 1.3446042078319231 0.9144669318159263 -0.4043700606553027 0.015332470771780262 1.921098662302584 -0.018799347615229535 -0.004604156662757579 0.999812675590209 0.12376928771572376
812 -0.4259775120557075 -0.9046523408902569 -0.012136776525064404 1.3336113012100057 0.9045142751045897 -0.4261313185415861 0.016310287810631964 1.947492181867083 -0.019927000631225458 -0.004030071798337412 0.999793315225043 0.12200266088733405
813 -0.45489783326015776 -0.8904688516755105 -0.011540601795938507 1.317406836685105 0.8903053378057374 -0.45503769208659045 0.017236712408938176 1.9812606663477446 -0.020600164311396177 -0.0024337162534269624 0.999784831979672 0.12088692671191376
814 -0.48430649485745736 -0.8748330642497884 -0.010692461561580635 1.2986855441852456 0.8747019870190257 -0.48442055842789783 0.015269462195844515 2.0142678176014224 -0.018537878602607617 -0.0019576176595135285 0.9998262422993403 0.1194548502928728
815 -0.5150732053225721 -0.8571044473711562 -0.008459282174302953 1.279015637446856 0.8569797299021397 -0.5151425882791776 0.014623825679437784 2.0489381749587516 -0.016891882540481153 0.0002829074135017401 0.9998572819497562 0.11780960540546642
816 -0.5384120877415123 -0.8426583896390887 -0.006265951214442256 1.265036190056581 0.8425389351837799 -0.5384428586347412 0.014402454103318052 2.07188055791052 -0.01551020546440192 0.0024751475181971276 0.9998766459774329 0.11684951974326445
817 -0.562417902062397 -0.8268375511910304 -0.005076158014438371 1.2483151128569898 0.826722976902092 -0.5624276979969532 0.014289996043813225 2.099024511344931 -0.014670477201662934 0.003840373129941542 0.9998850077052807 0.11492276686009012
818 -0.5928851323644201 -0.8052751252890461 -0.004380914414449951 1.2265422336498448 0.8051232666673223 -0.5928654950798439 0.016941966036215915 2.129605385460435 -0.016240236814638424 0.006517463651228434 0.9998468769652187 0.11406376942906793
819 -0.6241050566901306 -0.7813313634225306 -0.0037654674841682066 1.2030204894186205 0.7811499803672596 -0.6240520823737699 0.019071094813241984 2.1619957843521065 -0.01725069233590658 0.008960971858294127 0.9998110394456836 0.1131306271403707
820 -0.6464609106729867 -0.7629405603532756 -0.003161066200724049 1.1850838795026941 0.7627863761310487 -0.6464042134711593 0.01784761035398557 2.185399388674748 -0.01565999235490224 0.00912656421100285 0.9998357217392153 0.11103867056748888
821 -0.6686199001566575 -0.7436028273152937 -0.0015047663951433113 1.1660481382758776 0.7434790808430891 -0.6685430372093492 0.017001874785493407 2.208495082286265 -0.013648643255394057 0.010249029484467029 0.9998543253554208 0.10851343038548132
822 -0.698361449196099 -0.7157452649124054 -4.5083742130391444e-05 1.1420936759240334 0.7156388096056882 -0.6982586630179081 0.017202723807817392 2.236374044319846 -0.012344248221350298 0.011981455452432132 0.9998520211822232 0.10674029066770203
823 -0.7271606927385743 -0.6864654395604676 0.0015897248693960715 1.114631210566164 0.6863646419091924 -0.7270099756297691 0.018975607272729574 2.2640696385233428 -0.011870352748368316 0.014889446670325546 0.9998186831140481 0.10559406891321431
824 -0.7473460904319682 -0.6644301685587433 0.002524326456737509 1.0929752956438505 0.6643470272696305 -0.7471799788495209 0.01910776183900775 2.283119008354497 -0.010809647230019235 0.015957139884871546 0.9998142433543529 0.10353763200621527
825 -0.7732609017306088 -0.6340748073586094 0.004088584946110409 1.064842575292458 0.6340128247892677 -0.7730538882561945 0.020381949222669782 2.308149052836095 -0.009762984036179864 0.01835277972590113 0.9997839064621084 0.10175807369788599
826 -0.7915655133253706 -0.6110729291994295 0.0037300553766548197 1.0431445115943854 0.6110048557790428 -0.7913494125130565 0.020956467471796164 2.3261197469628203 -0.009854152832166625 0.01886749887882789 0.9997734309120804 0.10053685099224481
827 -0.8141532624572912 -0.580642412346309 0.0029756030425140837 1.0143434825134379 0.5805596841920575 -0.8139254857841469 0.021811847263704956 2.3481926709367404 -0.010242964459760084 0.019485701772554265 0.999757665189779 0.09768244580523565
828 -0.8300991970100294 -0.5576109833903471 0.00230528217294313 0.9923816052744779 0.5575149339442527 -0.829863415687331 0.022445706299842078 2.364073845141366 -0.010602903023852176 0.019917392013644848 0.999745405562981 0.09648939121886677
829 -0.850440642681111 -0.5260681493309136 0.001736529828837475 0.9654825807466665 0.5259599232338976 -0.8501885855941386 0.02335654248744626 2.384291703006789 -0.010810755242113865 0.020776698098818516 0.9997256905709624 0.0957220385971754
830 -0.8645159877178955 -0.502600433294505 0.0022161749264495594 0.9433325167949043 0.5024996617004489 -0.8642354390461113 0.024314520086925688 2.3990223509554482 -0.010305191420160321 0.022133918498752465 0.9997019019102461 0.09542450646825411
831 -0.8814514177481809 -0.4722594584614067 0.0037950023752722955 0.9154790439458513 0.4722032340303117 -0.8811497747071475 0.02447815974020753 2.4169896960983746 -0.008216076974699112 0.02336832100161847 0.9996931617516472 0.09483127496986715
832 -0.8929241243640039 -0.4501706555782825 0.005734891923274953 0.8955007953115856 0.45016209810859514 -0.8925819903015507 0.025524028212771603 2.430734364475903 -0.0063713072657272185 0.025372651522315944 0.9996577589346214 0.09502946873580494
833 -0.9064564498044322 -0.4222196482879866 0.008202024535561226 0.8680849331587871 0.42228534926177735 -0.9060976008174213 0.025733666496731013 2.4469196481520266 -0.003433424862572907 0.026790042768437095 0.9996351860564701 0.09479482387969898
834 -0.9151851428570702 -0.40294816399803707 0.0083024950176478 0.8445852175432077 0.40302593752346183 -0.914845580641913 0.025053088883240537 2.4588716640237696 -0.0024995952922839734 0.026274335566598073 0.9996516449817555 0.09422813103804627
835 -0.925897533193407 -0.3777119550917821 0.006887452890198258 0.8178894502394087 0.37776110342021463 -0.9255552738502202 0.025376835706797003 2.472375566361866 -0.0032104158824838827 0.026098161384379516 0.9996542298225889 0.09397069150412642
836 -0.9329550967198873 -0.3599039785707911 0.0079946052579823 0.7986250911308944 0.3599900893723825 -0.9326325428227409 0.024569811150129475 2.4801854208683594 -0.0013867437541895903 0.025800509198256542 0.9996661496055954 0.09347505601654833
837 -0.9420216116122591 -0.3353529241868532 0.01156284975901619 0.7741138620219434 0.3355400880404505 -0.9417210094421421 0.02396642844162684 2.4933559911426038 0.002851766687148198 0.026456693170977007 0.999645892711233 0.09296049871276103
838 -0.948110613036577 -0.3177468104634796 0.011100895747176317 0.7533982012722709 0.3179292448526741 -0.9477944139453803 0.024632177340078804 2.501519501835506 0.002694571195188438 0.026883328160288888 0.9996349463448271 0.09324969966549672
839 -0.9553413399983793 -0.2953508736808736 0.009528142810937588 0.7270023238690292 0.29550110920279443 -0.9549885874620687 0.025997928327693445 2.5116137901954776 0.0014207567988089318 0.02765247245431733 0.9996165876061198 0.09440251644668021
840 -0.9598738463155989 -0.28023745243131304 0.01044841684478202 0.7037343727437105 0.2804208061576684 -0.9595038649741137 0.026767603052767562 2.520311618651232 0.0025240114586228754 0.028623475573127697 0.9995870777544472 0.09381567860971783
841 -0.9646303490233434 -0.2632905552416115 0.012898576027458156 0.6732268632492203 0.2635573098031246 -0.9642392204962018 0.027933315330501078 2.5265855361438185 0.005082734791787636 0.030344837714555293 0.9995265662457598 0.0954090698415967
842 -0.9680169319710654 -0.25049513455465533 0.013978804702782507 0.6514614819484866 0.25079683147363696 -0.9676499631007157 0.027468131225561097 2.5339457554272227 0.0066459566277319105 0.030095456042646726 0.9995249345496314 0.0955911880881641
843 -0.9717943494372612 -0.23549724604206415 0.012521561692066502 0.6212208384425759 0.23575842657372922 -0.9714365785576535 0.026998854401463844 2.5402220852311306 0.005805747191089939 0.029189397830962346 0.9995570380697202 0.09779549871958769
844 -0.9746714157775754 -0.2233579683287518 0.01126273722803845 0.6009180132158066 0.22358635486414247 -0.9743143514374476 0.02684560484976617 2.546740948730434 0.004977266760243669 0.02868383804896903 0.9995761422979349 0.0983580206835808
845 -0.9776315358284415 -0.2099578887020097 0.012420351230430806 0.573386784052551 0.21021397622536356 -0.9773285172497409 0.025279508884603376 2.55220839073794 0.00683113113955141 0.027324976513872716 0.9996032619531615 0.09912320734798313
846 -0.9799440103410324 -0.19888299342910193 0.012461601902413778 0.5507118743946534 0.19914978809957543 -0.9796201245286471 0.02614906342852843 2.556603167609395 0.007007031997940441 0.028106343460771538 0.9995803794391942 0.10040529595780522
847 -0.9818021564216263 -0.18960731009295276 0.010658030083817147 0.528914076841496 0.18982717705563742 -0.9814678512163272 0.026201142713191176 2.5596655522788927 0.005492585693678718 0.027747522180482098 0.9995998732068464 0.10114210607846168
848 -0.9840733343583264 -0.17747423357837094 0.010127636486653848 0.5015912433371263 0.17767770311029682 -0.983768076886541 0.02511980725109795 2.564465536538558 0.00550512693047592 0.026519187667972302 0.999633145840626 0.10212998436152707
849 -0.9857652070058628 -0.1679415991341383 0.007910495324900815 0.47084066078145254 0.16809572052188923 -0.9854046704012696 0.02686008737190969 2.5686436253196137 0.003284113013324499 0.027807459999104365 0.9996079030157698 0.10372919346467077
850 -0.9868170825434133 -0.16176484391423995 0.004917405108802165 0.45138647157377637 0.1618386425513915 -0.9864585432885171 0.026604438525959943 2.571269595110473 0.0005471534356591302 0.02704954057679365 0.9996339444910376 0.10523902959931149
851 -0.9878794271272566 -0.15511056575767673 0.005911839685638546 0.4301856820179655 0.15521216967014803 -0.9875463701310063 0.025716711044689457 2.5725371718412675 0.001849282223172901 0.026322599237634883 0.9996517898373632 0.10355010683927232
852 -0.9897013907025423 -0.14296216284712662 0.007278546288949726 0.4090732122416319 0.14310595871369033 -0.9893578721982869 0.026299910647831236 2.578500362329173 0.003441194960183695 0.027070661487019875 0.999627599390747 0.09902503101857084
853 -0.9911185857342116 -0.13272100945440962 0.008311597953386407 0.38464612694607986 0.13289659235433304 -0.9907795437905975 0.02635130634580735 2.581789046469494 0.004737589250306743 0.027221852522927033 0.9996181901075663 0.0982655540501538
854 -0.9919808356780916 -0.1260323332266925 0.009480117563454425 0.3674987232486562 0.12624003962772198 -0.9916583999187069 0.026020573890355548 2.5833513750346704 0.0061216045751571 0.027008681048782412 0.999616455000124 0.09769767586856773
855 -0.9927918862841562 -0.11951663233657032 0.008946793980355684 0.3515791532985481 0.11971375983948837 -0.9924597283249526 0.026311658222999308 2.5849219033727833 0.005734651941660757 0.027193055143687323 0.9996137511655377 0.09753041883124229
856 -0.993805669713067 -0.11072068616240119 0.009550942434395818 0.3307813790403261 0.1109359628735681 -0.9934840127259025 0.026129075726319177 2.5871878954212946 0.006595679422220261 0.02702676659526591 0.9996129505464694 0.09743835461149204
857 -0.994459812974284 -0.10479179654213057 0.008267995888693591 0.3108999655440324 0.10497506326220596 -0.9941285826574258 0.026241136322063076 2.5893555164362545 0.00546959521667219 0.02696368890962149 0.9996214498541209 0.09938902488173444
858 -0.9947575908754575 -0.10203339890043582 0.006820623378873446 0.2982839989164714 0.10217858643979733 -0.994420532221631 0.026217199865654774 2.5902587495894496 0.0041075379191566315 0.026776680232990013 0.9996330014203667 0.09970934652280312
859 -0.9950951237548635 -0.09868848951984106 0.006802699160830187 0.2858940427131952 0.09883385719044253 -0.9947614951069654 0.026104339203621707 2.5921220870416115 0.00419086538308632 0.026648637646785656 0.9996360771593826 0.1000962792278992
860 -0.995401639347286 -0.09560693659223048 0.0059067807987968676 0.2700660562264097 0.09573373641344521 -0.9950304506283361 0.027376158131006308 2.5938925815455387 0.0032600761463755326 0.027815750878499062 0.9996077510242146 0.09872074271293207
861 -0.9958923697140422 -0.09038104920409173 0.005445538526682423 0.25499608664841183 0.0904979069049005 -0.9955115954999679 0.027691010628144413 2.5956173109005882 0.002918354153690841 0.028070076032398642 0.9996016976985286 0.09806521999262047
862 -0.9962724181460607 -0.08616049783286836 0.004199697047360722 0.24526285056269742 0.08624463861220366 -0.9958803167832069 0.028004588090419197 2.596515370625733 0.0017695063747941932 0.028262400049994384 0.9995989723845203 0.09755614111660038
863 -0.9966080538387239 -0.08214505455124703 0.004957523248811015 0.23665657711642044 0.08225300534279965 -0.9962093946853607 0.028306978871851542 2.5972645401992143 0.002613452911054914 0.028618734309115657 0.9995869836642214 0.09718577839824795
864 -0.9970102794923377 -0.07707888811480358 0.005417341902349156 0.22531690878013827 0.07719905088247232 -0.99663932153611 0.027392869684015175 2.5984161608131107 0.003287724021052494 0.027729186311918848 0.999610065524525 0.0966164685602635
865 -0.9973533096095812 -0.07251972713583038 0.005221588437824682 0.21503031281512272 0.07263741864658632 -0.9969713090924343 0.02778514457524962 2.5989441778120503 0.0031908027575922797 0.028090888605142375 0.9996002804900376 0.0969829686974267
866 -0.9975245599227028 -0.07009000080850443 0.0056695799483147255 0.20773673189342673 0.07022047480732334 -0.9971499595243627 0.027587010313651825 2.5997565052347413 0.003719847841162031 0.02791684091846528 0.9996033276883447 0.09656939601012672
867 -0.9976423303507767 -0.06829438079731007 0.006757088320100081 0.19902500678026705 0.06845058994946868 -0.9973025657487112 0.02649734112734997 2.599562920440353 0.004929242013237927 0.026897395830950317 0.9996260464150166 0.09621312586734752
868 -0.9976910272016031 -0.06758814834385331 0.0066675666042746405 0.18994270889852033 0.06774223041545573 -0.9973507139806508 0.0265055379085218 2.6001099237753618 0.004858442085561373 0.026896013175142973 0.9996264302308712 0.09623524291166377
869 -0.9977979060245886 -0.06607827536820957 0.005744584943289274 0.1837243085778914 0.06620992692656126 -0.9974411349088065 0.02697087257548504 2.6014226953252875 0.0039476965805369845 0.027291828728924956 0.9996197135799967 0.09677546015977308
870 -0.9981269963463621 -0.06095395632465763 0.0052071463725459595 0.1764696636247218 0.06107599699614744 -0.9977436511010221 0.02788062547767367 2.6015429560955385 0.003495962806414215 0.028146436620344908 0.9995976972515977 0.09607069975941405
871 -0.998269339424237 -0.0583142357110633 0.007601044621198844 0.17033466356929045 0.05850056741220603 -0.9979175597744063 0.027170342385909027 2.6019949148068453 0.006000798150828657 0.027567985167991516 0.999601919074218 0.09598634075176042
872 -0.9982648957109276 -0.058222300836376605 0.00879554871593721 0.16433197717332332 0.05843117880440009 -0.9979599092012513 0.025725803571957452 2.6018338004589823 0.007279789524020723 0.026195100899241857 0.9996303423533766 0.09604703234511286
873 -0.9982974084488583 -0.05789315526043249 0.007118065566511415 0.15742223181322973 0.05806611689485148 -0.9979439714371375 0.02713219379875001 2.6024704954648383 0.005532662312579435 0.02749931718141506 0.9996065111844816 0.09603359878356323
874 -0.9983742702652785 -0.05624799369229756 0.009218442219892825 0.1512968128282653 0.056479269650596645 -0.9980355161863625 0.027114581496737657 2.6027601108086724 0.007675191930670913 0.027591151398349868 0.9995898257754002 0.09544398881582321
875 -0.9983779232286534 -0.0560381064379305 0.010062456807947892 0.1460417881543102 0.05628585524408317 -0.9980680612522753 0.026306797729613023 2.6032012709566876 0.008568833627240664 0.02683050007101083 0.9996032709812854 0.09556581561892585
876 -0.9983335583355081 -0.056933686287839784 0.009416032440585516 0.14190499404948215 0.05716484523732502 -0.9980146685580061 0.026436751157906304 2.6035658611105723 0.007892196798292174 0.02693096189067722 0.9996061406988925 0.09565176481531461
877 -0.998370054946485 -0.056703307471780894 0.006478295109504761 0.13432540853289962 0.05686325545315969 -0.997989911065304 0.027976911725383462 2.6035196353276553 0.004878889733182111 0.028299687846202234 0.9995875770051265 0.09485075449595953
878 -0.9985528464969861 -0.05346408252625842 0.005814175024938952 0.12952673605951562 0.053608693431467375 -0.9981555204557641 0.02848973449648729 2.604163920267652 0.004280273382928874 0.028760195803850246 0.9995771758086816 0.09492231080297468
879 -0.998768649080494 -0.049142067893554825 0.006800204203498016 0.12490594852222738 0.049314043071120396 -0.9983911423077471 0.027986641769637544 2.603760226274708 0.0054139421934888375 0.028287525955384047 0.9995851665100101 0.09484934891837311
880 -0.9990435177593645 -0.04296089784764262 0.008149286988459173 0.11978493917887657 0.043167577575320235 -0.998698735424832 0.027155038335476334 2.603501590569418 0.006972077781702879 0.02748085000151304 0.9995980157123144 0.0948625599217062
881 -0.9991008598483249 -0.041607854700305806 0.008139918743702365 0.11631058994961885 0.04181601343475747 -0.9987512903800819 0.027336440593789018 2.6036238430548395 0.006992343701489259 0.027652240253363387 0.9995931476048765 0.09490339556788241
882 -0.9989569905185254 -0.04502681959974714 0.00758397059311049 0.11191048306733896 0.0452224518708479 -0.9985851246313713 0.027976395604127798 2.603963199995205 0.006313552102541054 0.02829018170325542 0.9995798140622394 0.09486497113681618
883 -0.9987868439424517 -0.04860427268215956 0.00790348300957344 0.10907241427622884 0.048805978156500444 -0.9984234022519987 0.027725193061540445 2.6044589689406785 0.0065434595527238005 0.02807729529417894 0.9995843379259537 0.09466602881898242
884 -0.9986619958361532 -0.05101580604150284 0.008462009522957236 0.10523833312244636 0.051232961974385156 -0.99829931893184 0.0278146261387381 2.604906277073716 0.00702863277235862 0.028210943865224745 0.9995772811381496 0.09445168468990225
885 -0.9986384036649656 -0.051484989840865254 0.008404436098986345 0.1004678530028471 0.05169727760650864 -0.9982875663573528 0.027373825883671692 2.604441969596899 0.006980702913260503 0.027771040248900328 0.9995899354791182 0.09445952829929896
886 -0.9987565742481088 -0.04911005020852098 0.00857370189451084 0.09704148397586322 0.049330695705783835 -0.9983964880449778 0.027765718423632985 2.6046603317035735 0.007196378035396394 0.028154140492219946 0.9995776890852017 0.09432632787022426
887 -0.9988777746746645 -0.0467300463679459 0.0077132371833755695 0.09367205953657527 0.046927847544219824 -0.9985101708120372 0.02784269939586192 2.6048209977899552 0.006400655144012144 0.0281734192313211 0.9995825579030773 0.09443858700995758
888 -0.9989862644119782 -0.04434881138493302 0.007721816124611718 0.09084612438694613 0.044549953555598494 -0.9986094498169994 0.02818631537474341 2.6051428236353997 0.006461048968485353 0.02850174845290137 0.9995728613674153 0.0944223508572107
889 -0.9990744097962593 -0.04230306022373502 0.007795818492154031 0.08723127532176503 0.0425067777468381 -0.9986998064637959 0.02814019214047627 2.6051924314216905 0.006595266176661962 0.028445520977718384 0.9995735864865634 0.09436702588327682
890 -0.9990694760703668 -0.04232132971820937 0.008311861109000751 0.08486183332024712 0.0425376903330518 -0.9987065062950542 0.02785424893012395 2.6053138760737213 0.007122280916469173 0.028181897259058595 0.9995774376120266 0.09458874561852326
891 -0.9990262378937662 -0.04326594198915355 0.008639112390043072 0.0822457606595858 0.04349138211531223 -0.9986646963299591 0.027880530568087043 2.6051139079051286 0.007421299133894388 0.028229108500630016 0.9995739301090494 0.09425560479044912
892 -0.9989910897397848 -0.04424649754405056 0.007684404645619961 0.07906009449049402 0.04444842708714351 -0.9986059578416792 0.028468900440832837 2.6057241589654416 0.006414043128010973 0.0287817375736691 0.9995651412653188 0.09428129693453788
893 -0.9989846339223823 -0.04429785838517392 0.008209806837185241 0.07615077083937596 0.04451397709180353 -0.9986068073186023 0.028336376278676502 2.6057751422478477 0.006943128211438497 0.0286730556364271 0.9995647296958353 0.09398239387839981
894 -0.998956840861058 -0.04491004971183175 0.008265441957473824 0.0729206057098233 0.04512688268487334 -0.9985819328561962 0.028243367923728273 2.6058535111020205 0.006985309949525282 0.028586899225104226 0.9995669035325598 0.09389130377926949
895 -0.9989654768867133 -0.04480409530547231 0.0077826108551571765 0.07019457561450769 0.045008549744719725 -0.9985812522308466 0.028455458909241584 2.606328920153869 0.006496648200214028 0.02877630510648751 0.9995647641980663 0.09403028032230479
896 -0.999025062500803 -0.0435221985944837 0.007398832683512931 0.06790005944260126 0.04371770113622004 -0.998631180178249 0.028714605730614597 2.6064968437828684 0.0061389822416063 0.029010070739744875 0.9995602676639366 0.09388735469852166
897 -0.999069448909649 -0.04246327158573433 0.007556905483421655 0.06397665151734196 0.04266477901752635 -0.9986721519945572 0.028872988424504933 2.606571003155399 0.006320829512913321 0.02916853433615828 0.9995545226346672 0.09370271938253431
898 -0.9990910673645765 -0.04180736209428923 0.008317667170347025 0.0614748499626686 0.04202763061656377 -0.9987140702862017 0.02835284954241178 2.606803533272265 0.007121613387769881 0.028676650555507097 0.9995633708459005 0.09378009210821264
899 -0.9990923119101817 -0.041969149158632285 0.007289910904089841 0.0590630477201393 0.04216143990840802 -0.9987012341693544 0.028605206733302028 2.6070262580109516 0.0060799068288566824 0.028886595267576087 0.9995642047152649 0.09390444495274225
900 -0.9991037553181856 -0.04179533149405146 0.006695996859608479 0.056983384302602795 0.04197449641269877 -0.9986881728128867 0.02932703757441847 2.607176914697935 0.0054614796111989595 0.02958181446787595 0.9995474418425861 0.09356544274763551
901 -0.9991888923662949 -0.03954686606358577 0.007589647947837531 0.053864336595952376 0.03974988935492247 -0.9987950955452134 0.02878026077384366 2.6069496771984726 0.006442334028928921 0.02905860455045707 0.9995569487699857 0.09355460298664196
902 -0.999250491915404 -0.03776440491215985 0.008503183387409973 0.051999696914568815 0.03798984831323656 -0.9988821445557744 0.028128859075127813 2.606959394863991 0.007431408433507048 0.02843081091497538 0.9995681383273557 0.09371197739551365
903 -0.9992521739609684 -0.03751483508338315 0.009366428482355613 0.04961365922223137 0.037763923361429676 -0.9988941079263037 0.028007985312960518 2.6070564244194245 0.008305355273289631 0.028340753299976755 0.9995638162603961 0.09380739865989977
904 -0.9991936287109955 -0.03912607253816607 0.009013478332387304 0.04795514986452049 0.03937287960084638 -0.998801921127266 0.029060259857420372 2.6074838519888806 0.007865665639727008 0.029391713095071784 0.999537022078766 0.09368353531419918
905 -0.9991591731050328 -0.04041681186588268 0.006886807503539986 0.04534304228672564 0.0406008411432477 -0.998751901704329 0.029089698186791364 2.6076308816934786 0.005702499232840885 0.029344848963559544 0.999553080802654 0.09360790664179676
906 -0.999169784652115 -0.0402808189591981 0.006098939474555822 0.04307883569770327 0.04044335612351547 -0.9987489973813374 0.02940705994145786 2.6077748173855992 0.0049067692280345115 0.029629307329751574 0.9995489121417827 0.09364494298352401
907 -0.9992064834883945 -0.03900242563805601 0.008075527813908395 0.041091487197052266 0.03922162037672559 -0.9988083304722729 0.02904450850900316 2.608060555214968 0.006933098170761352 0.029338196497764733 0.9995454979024869 0.09359546340851388
908 -0.9991964956248631 -0.038716726790713106 0.010362345172422426 0.03892917988173712 0.038997452789318265 -0.9988350858216434 0.028419535665700282 2.607846624664536 0.009249962531870194 0.02880080551051276 0.9995423711856151 0.09358617919434599
909 -0.9991542443861756 -0.03985122318314508 0.010132913462624411 0.03715464722391009 0.040127395876275264 -0.9987824805155116 0.02869405365623412 2.6078753484068504 0.008977083306965518 0.02907639292878466 0.9995368804352368 0.0936013444772461
910 -0.9991938095838307 -0.039431574437527955 0.007542004195940966 0.03419376730181218 0.039635764229281736 -0.9987882613772706 0.029172163590854255 2.608066995556167 0.00638256091850257 0.029447578371221424 0.9995459484412059 0.0932090807901803
911 -0.9992405117978578 -0.03837157698896507 0.00678392673568556 0.032100441132674976 0.03855481215011061 -0.9988257895319513 0.029335449980568744 2.6081422775425493 0.005650313500765076 0.029574723073205224 0.9995466020720507 0.09319908577780307
912 -0.9993136440849645 -0.03612602645352233 0.008194568825846415 0.030048916358067338 0.03635182746147252 -0.9989088251430943 0.029320704120155007 2.6082358886797654 0.007126386585497904 0.02959846723309229 0.999536465244054 0.0929709602534269
913 -0.9993475330809201 -0.03510695755936808 0.008485850313479055 0.028806778592507354 0.03533697909283964 -0.998963965598816 0.028675657685040424 2.6083301892088784 0.007470343583722781 0.028956812081837247 0.9995527484839054 0.09318345414190748
914 -0.9993672640682327 -0.03472566001279588 0.007694156547707845 0.025890720846204054 0.034933985251372146 -0.9989735343895203 0.028835642237341693 2.608407368377269 0.006684922052121277 0.029086184441103707 0.9995545536350047 0.09302730185226848
915 -0.9993993867200106 -0.034106432427453155 0.006133277349845375 0.022801809282255475 0.0342742188007738 -0.9989702755188039 0.029726529487633796 2.6080878147597004 0.005113095894689496 0.029918888629103534 0.9995392520325148 0.09286313502685556
916 -0.999460543723432 -0.03217303214148817 0.00659678280299927 0.02109199277819667 0.03235566893780718 -0.9990334438659881 0.0297538018341371 2.6083679160869333 0.005633136619851941 0.02995119427914698 0.9995354889820459 0.09269031373475184
917 -0.9994737931650778 -0.03141615922414277 0.008072280647741332 0.019358188042440962 0.03163847909168925 -0.9990764562312764 0.029073032925611354 2.608360817214489 0.007151462511628549 0.029313129179582592 0.9995446948699296 0.09277519172777385
918 -0.9994507919625462 -0.03176421157517962 0.009441891126652117 0.017342944720050102 0.03202822421220512 -0.9990583860059593 0.02926660562238885 2.608647194647313 0.008503369856643118 0.02955293917294606 0.9995270464014735 0.09290453244340131
919 -0.999425313465175 -0.032516229821837495 0.009577974876453507 0.015274337228532732 0.032783552214436594 -0.9990353049083645 0.029218115107856223 2.608811138194929 0.008618672105012541 0.02951532388987856 0.9995271702898842 0.09286393638840443
920 -0.9994002027816459 -0.033675906729877816 0.008072669098976887 0.01374678567360724 0.0338972008077281 -0.9990029389019244 0.029053534068032627 2.609055997189281 0.007086216052293864 0.029309748723810387 0.9995452586918402 0.09283941162363592
921 -0.999423566970652 -0.033528135278864266 0.0053289706493509035 0.010655107982554687 0.03367328186568639 -0.9989826715381231 0.029995533903259493 2.6091684389145398 0.004317855017116895 0.030157687416744707 0.9995358272812315 0.09260412686285355
922 -0.9994362422436663 -0.03255671039002072 0.008201115646410618 0.00815415969764131 0.0327862533577275 -0.9990236361334549 0.02961141733967407 2.6092558002701147 0.007229058034426807 0.029863607528391338 0.9995278413663699 0.09245683339151273
923 -0.999423181254116 -0.03261580090314869 0.009461199899481432 0.0061505512653812575 0.03287680994128832 -0.9990419046087021 0.028885778578474033 2.609054059040528 0.008510002364584093 0.029180170790087223 0.9995379419975092 0.09265296233195568
924 -0.9994283590972872 -0.032442472236594286 0.009510048735838678 0.004122705027839779 0.03270911808622325 -0.9990332901385622 0.029370032141385765 2.609169276124855 0.008548018826064308 0.02966430833551815 0.9995233665027768 0.09258788932105744
925 -0.9995212161010857 -0.030000499060880165 0.007570245656544882 0.00047930044681969837 0.030214979487402215 -0.999092604786936 0.030017029741874566 2.6093621827741615 0.0066628505797682435 0.030231392888035974 0.9995207197990061 0.09227292212889841
926 -0.9995540550193462 -0.02936998989691745 0.00539395846702913 -0.002613981770205877 0.029522869452463005 -0.999087247823141 0.03087185474186363 2.608903123010654 0.0044823290582292835 0.031017332724383742 0.9995087962584305 0.09212395473056519
927 -0.9995724327871578 -0.028647204459312722 0.005855705607270577 -0.0057059198988764475 0.028815851425513087 -0.9991009835644564 0.031094554921896132 2.609042299055461 0.004959669160420773 0.031249997052406428 0.9994992943302892 0.09187834366339334
928 -0.9995805685636847 -0.028136310926971022 0.006858203576834225 -0.006612745561845356 0.028334739232415748 -0.9991240614864758 0.030793705691836523 2.609768334692803 0.0059857749348945204 0.03097511525383946 0.9995022324809717 0.09194105088697335
929 -0.9996082574259483 -0.02721547894541153 0.006530650195435594 -0.008275465777877692 0.027401874799874628 -0.9991624980349537 0.030388151921556607 2.6096617371946946 0.005698152654228401 0.030555199647093138 0.9995168386935601 0.09212403187747545
930 -0.9996228753065393 -0.026577773851181805 0.0069086251700456085 -0.010692025789161664 0.026778648617041306 -0.9991661000478939 0.030822207782072904 2.609891934875383 0.006083678400178935 0.03099558761095764 0.9995010067059191 0.09209886688104517
931 -0.9995973162035855 -0.027324542365983598 0.007653418979606432 -0.012133164092261046 0.027545936795984046 -0.9991553142284969 0.030493924225880535 2.609958909442022 0.006813721721348331 0.030692465411628556 0.9995056506909293 0.09220765458090414
932 -0.9995743367434409 -0.028225143925124343 0.007381502112177127 -0.014491309377772163 0.028435704136698433 -0.9991401119894366 0.03017361999221284 2.6099570895158575 0.006523500079606143 0.03037067440026252 0.9995174165986137 0.09203452652515427
933 -0.9995995440934135 -0.02752188265133753 0.006580077687550345 -0.017397992991752622 0.02771226440684197 -0.9991399801678178 0.030843644911348726 2.6100942215582807 0.005725543514523718 0.031013642243104333 0.9995025623516055 0.09190804093869913
934 -0.9996240573971286 -0.0267461828200173 0.006032045894570489 -0.019147927211782094 0.02692123331331819 -0.9991538437430968 0.031094110857080595 2.6101079280987167 0.005195293068426852 0.031244811369922673 0.999498259474364 0.09203207901279715
935 -0.9996651488281659 -0.025007211042979306 0.0066505348239271995 -0.021610593472549577 0.02520009791340188 -0.9992108698689222 0.03070167096818863 2.610266525349687 0.005877523520843364 0.030858984606418772 0.9995064671064178 0.09193166163832267
936 -0.9996762319903643 -0.02465254747071435 0.006299452104437251 -0.023412179121424983 0.024835189760236288 -0.9992176377915548 0.030778656151607464 2.6102054523307245 0.005535751369775126 0.03092513909592702 0.999506373780886 0.09203309373272414
937 -0.9997111243594753 -0.023234153593448617 0.0061515801222441265 -0.025556122327910952 0.023412831567072117 -0.9992522213085503 0.03077072516237659 2.610095426909405 0.005432048347983116 0.030905862157406358 0.9995075390093744 0.09188634831406597
938 -0.9997173489599905 -0.022236389754048243 0.00841220297693069 -0.028431063292516587 0.022484153162699097 -0.9992786649838711 0.030604126579245793 2.6100201579091515 0.007725609673616676 0.030784617551207913 0.9994961842243367 0.09168293107126912
939 -0.9996783801461375 -0.02340548075849968 0.009763182790619405 -0.030950362159553553 0.02369131433190556 -0.9992610174303945 0.030267815706881408 2.6094000288785613 0.009047535190392263 0.03048938360856543 0.9994941418510214 0.09167113855643262
940 -0.9996430246563649 -0.0250783410480816 0.009214123195757134 -0.03162563163206781 0.02534744678712529 -0.9992178044410559 0.030352697209395717 2.6101670397337857 0.008445720657416084 0.030575416541294087 0.9994967802379189 0.09178927459054612
941 -0.9996620586158013 -0.025168256943789654 0.006505951584774098 -0.033806669323731796 0.025357667708261387 -0.9992011873145945 0.030886501216359767 2.6106003737862173 0.005723395149689883 0.031041039146331845 0.999501724178966 0.09185968436714101
942 -0.9996938832089698 -0.023555262553308733 0.007568981409628325 -0.037291561645653434 0.02377702849095227 -0.999246312545965 0.030683216565707137 2.6104041519717147 0.006840525541861245 0.030853791804350918 0.999500500621117 0.0914643904836308
943 -0.9996800803135778 -0.023998695801274873 0.00798746661849928 -0.03945338991926662 0.02423295257050437 -0.9992363190361715 0.03065196125766441 2.6101727496450446 0.0072457596480877615 0.030835714990895827 0.999498202924011 0.09131181075562053
944 -0.9996971830060616 -0.023144993678827004 0.008357724455124635 -0.04128204190276312 0.0233894948386235 -0.9992626204954147 0.030449085538228886 2.610456551381579 0.007646817748177728 0.030635347990929894 0.999501376503419 0.09136602217111406
945 -0.9997203336497064 -0.0222760097251915 0.007939387745914787 -0.04462782871307883 0.022511367690713997 -0.9992688609744792 0.03090277999032944 2.6102024544888853 0.007245192322212072 0.031072863999112646 0.999490862545118 0.09089905640552683
946 -0.9997451996585669 -0.021434736467874277 0.007077275761504003 -0.045420967156281515 0.021646983609084472 -0.9992719702154107 0.03141556368356163 2.610820162806156 0.006398738965868598 0.03156076065840513 0.9994813527660014 0.09129959040507829
947 -0.999710564258926 -0.0221519283081606 0.009385082886897681 -0.04860742704015732 0.022432689501179482 -0.9992692067477799 0.030948778430061313 2.610257672515743 0.008692649210314887 0.031150353397403498 0.9994769098548167 0.09092791586271927
948 -0.9997322581648344 -0.021527130947903785 0.008484964209365767 -0.05081989591664886 0.02177979620942293 -0.9992850135510986 0.03090472729621657 2.610143190403352 0.00781360746332401 0.03108125359822994 0.9994863196735451 0.0907062975532281
949 -0.9998772445276197 -0.014237800689792439 0.006540711581703296 -0.051991501290025145 0.014438842042907098 -0.9993901629278016 0.031793428281785246 2.610207928278249 0.00608405431909423 0.03188396576591167 0.9994730596727209 0.09078025085214536
950 -0.9999615509413013 -0.00420823369596583 0.007693335352926569 -0.054042072180388485 0.004453093128485402 -0.9994749860925997 0.032092399964907314 2.610163949177434 0.007554243926550877 0.032125425181172645 0.9994552968777919 0.09057837370653317
951 -0.9999532473245875 0.0027778546919703566 0.009262110324699391 -0.055905857350273674 -0.0024827416247884173 -0.9994936135414979 0.031723059174947305 2.609417675138985 0.009345542167153446 0.0316985806100609 0.9994537812374635 0.09057430989523882
952 -0.9999246800121847 0.008149453579129304 0.009177184183388037 -0.056622336277789245 -0.00785440030420307 -0.9994652856385529 0.03174037174464431 2.6092503114204053 0.009430943697667756 0.03166589978145801 0.9994540149962448 0.09048488669717757
953 -0.9998571064740301 0.014654101712241163 0.008427570035301436 -0.057585579630061015 -0.01437241327680591 -0.9993662336695772 0.032566312921909764 2.6093642017229315 0.008899458987367067 0.03244053488591714 0.9994340455114928 0.0902995733685767
954 -0.999875044708934 0.014250096920005782 0.0068432233282163385 -0.057723971548539275 -0.014019068398365047 -0.9993669547698163 0.032697942364939385 2.6094353808467483 0.007304840106384487 0.032597920967966286 0.9994418516649276 0.09039291996707798
955 -0.9998575712444867 0.015003758599419223 0.007728159780523312 -0.057749291900355756 -0.014742714718379282 -0.9993533744568226 0.032794592916182204 2.609468786206253 0.008215204710760964 0.03267598796783728 0.9994322339319193 0.09040785355039278
956 -0.9998759755221587 0.013581465441311242 0.007973541815791628 -0.05759643869947614 -0.01331430110465063 -0.999378028137034 0.03265403899780094 2.60905995290429 0.008412072200053102 0.03254382696042002 0.9994349085199857 0.09052629514380117
957 -0.9998705815217237 0.014150378724947277 0.007654213771227303 -0.05771214066133796 -0.013891067010526134 -0.9993610582485214 0.032931952761324906 2.6096136002524437 0.008115322778771387 0.03282136556058914 0.9994282863215214 0.0902552759893887
958 -0.9998757916278392 0.014093336888250622 0.007055435539811843 -0.05811098915196254 -0.01385278629678107 -0.9993575307026101 0.033054895839648414 2.6093760100416903 0.007516756421697513 0.032953052703220645 0.9994286341161877 0.09029098651686415
959 -0.9998737200423531 0.014284735139317105 0.006963498464866734 -0.05763875276641062 -0.01404760754542136 -0.9993569999965787 0.032988653811878585 2.609481292528529 0.0074302551178961895 0.032886667511431704 0.9994314675904453 0.0904480604947988
960 -0.9998730929397456 0.014196082999253562 0.0072297470206101645 -0.05754563344119837 -0.013947795497884911 -0.9993478462697034 0.03330677343662911 2.6094320025712383 0.007697857834205808 0.03320170753912694 0.9994190260353389 0.0905052610871056
961 -0.9998700190029697 0.014176644495200886 0.007679052636625444 -0.05766587409281905 -0.013916989052357512 -0.9993626577422966 0.0328724158664202 2.6093721920870863 0.008140179005651005 0.032761273784129644 0.9994300557947556 0.09032322826950588
962 -0.9998713937819855 0.014410973502331488 0.007037026265789004 -0.05743414992319864 -0.014170666192840175 -0.9993521985815883 0.033081345331577736 2.6096460269941386 0.007509202061462012 0.032977371514077154 0.9994278887707543 0.09045014683623688
963 -0.9998720520606726 0.014107849356007353 0.007539767505753792 -0.057689661038793145 -0.013851257053993796 -0.9993572430464212 0.03306423214307113 2.609453988516621 0.008001386473761554 0.03295556638383068 0.9994247887961337 0.09037997564558546
964 -0.9998670199869524 0.014333639331298302 0.007777475519340078 -0.057378007243869475 -0.014068519556927242 -0.9993518890957253 0.033134249922996246 2.6096166501696607 0.008247369240255624 0.03302042616283093 0.9994206483543809 0.09034542264106883
965 -0.9998684002924819 0.014564123043447041 0.007146216896931819 -0.05757214237251741 -0.014319963325465552 -0.9993493233657619 0.03310390518482827 2.609531787297582 0.007623696369324836 0.032997215155935664 0.999426366995618 0.09033773949772145
966 -0.9998691507719636 0.014489446350162579 0.007192863042823879 -0.05764294340512352 -0.014245761207148306 -0.9993588803387168 0.03284640884683444 2.609390855115487 0.00766417783542043 0.03273964310968197 0.9994345281950046 0.09042775876238972
967 -0.9998660738259525 0.014564663352794795 0.007463577818074767 -0.057349549481499465 -0.014310358971629755 -0.999350825602199 0.033062682791111755 2.6095403203021825 0.007940279499849113 0.03295144835374275 0.999425411930929 0.09049775090237873
968 -0.9998694870291872 0.014259511328177746 0.00759442196149134 -0.05769758308701026 -0.01400165335768185 -0.9993576615151366 0.03298815051293825 2.609270409321624 0.008059938677711074 0.03287751066699532 0.9994268891129148 0.09026921620557202
969 -0.9998711067626082 0.014290719218485421 0.007317458923436968 -0.057642857703624595 -0.014042695905346422 -0.9993602335598172 0.03289264766811719 2.6094314800077627 0.007782837051614828 0.032785651177583794 0.9994321030090327 0.0903567651290165
970 -0.9998677290329087 0.014473392494760406 0.007419255177214828 -0.05734549245740569 -0.01422124950928272 -0.9993548330328651 0.03297989927315323 2.6097238225522283 0.007891799545753166 0.03287002590964111 0.9994284771294537 0.0904108221938076
971 -0.9998674196740129 0.01443009806919216 0.0075442258997408165 -0.05746395876333637 -0.014172847557345032 -0.9993513084920047 0.033107289333612865 2.609496537341034 0.008017073456691419 0.03299597679498515 0.9994233297503448 0.09033297160373277
972 -0.9998686136794125 0.014472122919883543 0.007301577688715977 -0.05752367651300471 -0.014224255565142955 -0.9993565139705545 0.032927625740304445 2.609521710435011 0.0077734118729016095 0.03281943999342865 0.9994310673717214 0.0904056371506861
973 -0.9998681037977942 0.01447573638179193 0.007363970651178798 -0.05771915270037191 -0.014225588953142073 -0.99935552619373 0.032957015709916576 2.609494809870312 0.007836301836381423 0.03284791198472578 0.9994296408715098 0.09038043275630155
974 -0.999867624636517 0.014490643577062309 0.007399625163014437 -0.057448778457816416 -0.014239382845478238 -0.9993556042340788 0.03294869135017682 2.609517308218511 0.007872304618539392 0.032838963658378705 0.9994296519946534 0.09031452099541945
975 -0.9998661025008968 0.014460866750570251 0.007659007861916951 -0.05774456225254081 -0.014203365747922763 -0.9993652493789069 0.03267051783164537 2.6094807879120436 0.008126590307303541 0.032557359641401426 0.9994368298511284 0.09018416909852014
976 -0.999868955705773 0.014388536689265341 0.007418991011180683 -0.0575985703302661 -0.014137447395476717 -0.9993602015915649 0.03285300680219294 2.609556447632242 0.0078869510465355 0.032743816007600894 0.9994326583205386 0.09028596204452816
977 -0.9998781544293601 0.014196746583035422 0.00649066110012415 -0.05733529138205626 -0.013974066181988397 -0.9993525585817264 0.033154021313848134 2.6094669161591213 0.00695713801600013 0.033059280714787205 0.999429178175939 0.09053060724003514
978 -0.9999038597321159 0.012679121671763957 0.005613480700813828 -0.05649441909804976 -0.01248749820553599 -0.9993790640270421 0.032947667190022 2.609624494450721 0.00602774256967792 0.032874401262160395 0.9994413139656732 0.09056517447629546
979 -0.9999296115408489 0.010511697473828904 0.00550237937942658 -0.054270520485437526 -0.010323932561275362 -0.9993984824340062 0.033107245802961316 2.6094565513653554 0.0058470829540281065 0.03304810924053528 0.9994366583716452 0.09056266972639523
980 -0.9999469430934286 0.009143955207571539 0.004743319704658695 -0.05170466660664799 -0.008982117880540742 -0.9994121390358117 0.03308621927315743 2.6096404027892137 0.0050430701991653094 0.033041858763237356 0.9994412454032697 0.09069456768260394
981 -0.9999692061532276 0.006708705995207033 0.004071855652190084 -0.04766024779014539 -0.006571431152899715 -0.9994390639366024 0.0328386018038429 2.6096833085981177 0.004289876126699954 0.03281083265804985 0.9994523731638992 0.09108419119782549
982 -0.9999885270097648 -0.00026510384696731967 0.0047828410887152135 -0.041189176826875104 0.0004178726642589521 -0.9994887942814745 0.03196835133476299 2.6099361339310954 0.004771921140255023 0.03196998318093476 0.9994774379366758 0.09139063551592662
983 -0.9999587737803819 -0.006841236275625269 0.00597061348057655 -0.03536762682388496 0.007021631641542781 -0.9995029055834854 0.030734970601289737 2.6099077848084598 0.005757380326196536 0.03077562696271543 0.9995097365000065 0.09167713151694722
984 -0.9999113791152426 -0.011620515694899003 0.0064959626990091085 -0.02931274637001554 0.011810570173626295 -0.9994792885818023 0.030027689355703328 2.610202032471847 0.00614364294194466 0.030101749297366403 0.9995279587587244 0.09161369593728372
985 -0.9998705972513486 -0.014820538179198867 0.0062562289125309535 -0.022309597212817948 0.01500276976394762 -0.9994324160208381 0.030162272900110542 2.609885514960963 0.005805656860626204 0.030252230579696813 0.9995254358412539 0.09154341463232983
986 -0.999859405705831 -0.01566062620949687 0.00599279634397758 -0.01577247970850005 0.015835948720550365 -0.9994117084144383 0.03042137095845824 2.6097512158998137 0.005512853113418119 0.030511995501937096 0.9995191977052398 0.09163694467626322
987 -0.9998875689775173 -0.01407396944516134 0.00517424282787823 -0.007297958370166582 0.014227296339598294 -0.999421291675787 0.030897666299897306 2.609707125788507 0.004736395639216368 0.03096780792871157 0.9995091602528929 0.09178769106924778
988 -0.9999244587999082 -0.011477945194401075 0.004396983990639667 1.1987211160721374e-05 0.011608697275094792 -0.999453051172483 0.030965087586817625 2.6093784688521104 0.0040391634877979705 0.031013791701820358 0.9995107952812999 0.09201896331500342
989 -0.99994711540131 -0.008860434931976628 0.005221024083216195 0.006936723163487631 0.009016586188668482 -0.99948843524613 0.030684996053503645 2.6092660456061734 0.004946470781618374 0.030730449102898454 0.999515468576929 0.09199007064320103
990 -0.999974410137183 -0.0051507227320770855 0.004964788699524318 0.017730083706428496 0.005300939973905474 -0.9995135462592084 0.030733871846755956 2.6089905466489514 0.004804071907155703 0.030759403417162275 0.9995152725172666 0.09242950466704437
991 -0.9999841366142392 -0.002169374861825092 0.005198108505809341 0.026426754567843266 0.0023298912798672064 -0.9995143290676611 0.03107535350261369 2.6089580071660863 0.005128169845128294 0.031086971569472776 0.9995035277948309 0.0924923595523197
992 -0.9999818745993444 -0.0005287972707854998 0.005997569954288117 0.0353356338772727 0.0007119755419460718 -0.999532032459102 0.030581189933055 2.6088285359287107 0.005978592037182419 0.030584905758876752 0.999514292033037 0.09278557044170073
993 -0.9999656907191385 0.00033284885077918317 0.008276871104522307 0.048674208908875596 -9.080559383652123e-05 -0.9995728097419727 0.029226525252935908 2.608509816978412 0.00828306332087773 0.029224770925265573 0.9995385453428404 0.09311907109860562
994 -0.9999575563698081 0.0034437676934756293 0.008545520592543543 0.05861045595242513 -0.003196493563098414 -0.9995805738057827 0.02878296194085892 2.608584981779018 0.008641058212584426 0.028754424585523058 0.9995491559604793 0.09322627554361329
995 -0.999950429493555 0.006954101238504654 0.007125940798871074 0.07329576775631232 -0.0067397239851280395 -0.9995367627894205 0.029678880587950734 2.608600975034089 0.007329029738830288 0.029629382515778305 0.999534083969181 0.09350922499247193
996 -0.9999531550597279 0.006134919059776338 0.007486685157133967 0.08465959340360947 -0.00591417736790179 -0.9995572953398913 0.029158803787461995 2.6088085588986805 0.007662257668110926 0.02911316026028972 0.9995467541380704 0.09372830085171709
997 -0.9999600679031801 0.004025196692669124 0.007978746179111085 0.09605256144252997 -0.0037955240118655942 -0.9995838839898907 0.02859463000894804 2.608855348818459 0.008090525105479418 0.02856320464259661 0.9995592462405289 0.09404603510950424
998 -0.9999754846616161 0.003193460305980358 0.006231523649567055 0.11306809606325977 -0.003012259956659201 -0.999578524028369 0.028873873833307844 2.608827939464149 0.006321104782376067 0.02885439501130126 0.9995636385557832 0.09437156210516019
999 -0.9999763014773088 0.004763093056942771 0.004970857848368157 0.125615454258717 -0.00461543512929294 -0.9995598611274794 0.029304978760371175 2.609371025409407 0.005108252321197878 0.029281341602883298 0.9995581567832527 0.094730926326164
1000 -0.9999679495578184 0.0063797106644055135 0.004837266573752967 0.14438254926849403 -0.006235619243084367 -0.9995529833372572 0.029239537502280276 2.60889018458292 0.00502164402463342 0.0292084370086015 0.9995607286696122 0.09531967222102934
1001 -0.9999508020707474 0.008543895245265859 0.005039374230770168 0.15813339468587678 -0.0083949557845262 -0.9995479040705543 0.028870611100443682 2.609155083518576 0.005283763427143808 0.028826885401703972 0.99957045400641 0.09540762868277179
1002 -0.9999258547915203 0.01094436519496824 0.005339081419522225 0.1719581535648711 -0.01078922727374187 -0.9995421421725885 0.028268332006679178 2.6091221643797566 0.005646015828225719 0.028208631481682414 0.9995861121560387 0.09565727520368375
1003 -0.999883010114139 0.014109618629496907 0.005906331134751419 0.19227886909232186 -0.013939830146256507 -0.9995145419462877 0.027863265654877532 2.608884351740623 0.006296603911045539 0.0277776726812158 0.9995942945413561 0.0958773587286378
1004 -0.999853604319133 0.01584832523136113 0.006449846302929175 0.20733009058689786 -0.015664430034367797 -0.999495544096754 0.02762757610040712 2.6091414432479536 0.00688444345107243 0.02752249837620838 0.999597477249053 0.09620997658999245
1005 -0.9998381451271795 0.016300063882199067 0.007615212823798877 0.2232206009620118 -0.016087715166567415 -0.9995016355893231 0.027160005065277472 2.6093269785671955 0.008054127490292641 0.027033097710078283 0.9996020921646858 0.09635615696733262
1006 -0.9998234056861548 0.01613060416761743 0.0096416311700644 0.2456145109913934 -0.01586770929261655 -0.9995162639353273 0.02674797055677362 2.609660753895417 0.01006842809157114 0.026590256415381833 0.9995957107853539 0.09648175365487598
1007 -0.9998235929446525 0.016217471349688747 0.009475052182292163 0.2623233049425093 -0.015956277975318286 -0.999507521426363 0.027020581142283194 2.6094540439591465 0.009908591422246812 0.0268646279542441 0.9995899717292712 0.09729392990083426
1008 -0.9998167878331371 0.016604774772075517 0.00952219624631322 0.2857346449637067 -0.01634373817102305 -0.9995054402674277 0.026865537358365395 2.6099993072481493 0.00996358314926574 0.026704986982283702 0.9995937028022114 0.09727243754115458
1009 -0.9997931612077463 0.01798697522394621 0.009492287568796326 0.304147095075392 -0.017726083250826967 -0.9994812774897648 0.02688795118466919 2.610944330457814 0.009970996618398292 0.02671412863280886 0.9995933846109938 0.09797468290071289
1010 -0.9997617882572936 0.019300551943445474 0.010190948651606557 0.32938417203612885 -0.019024340446295186 -0.9994667520695836 0.02653838686583676 2.6109488734879958 0.010697719863758882 0.026338189033173743 0.9995958476246214 0.09883318796331454
1011 -0.9997215666266323 0.021612516678448886 0.009470393051286368 0.3455117833474822 -0.021351823065979818 -0.9994123828252697 0.026813964783723738 2.611890606007943 0.010044345347421282 0.026604288723213968 0.999595579696058 0.09873349129371195
1012 -0.9996935217088978 0.022836213978295394 0.00955876478764826 0.3703190247740684 -0.02257426750628227 -0.9993894011293651 0.026668846160229173 2.612654213365837 0.010161943695191904 0.026444890623101857 0.999598620777747 0.09950893636262402
1013 -0.9996746977189176 0.02324362231215314 0.01049917915159937 0.3899269335773628 -0.022967428106857504 -0.9994057670191262 0.025702336359149067 2.61251844932811 0.011090355592419342 0.02545283618800689 0.9996145042678957 0.10012191863084373
1014 -0.9996302492776107 0.02437207217082069 0.01205681661575404 0.4073500710930786 -0.024062048265341387 -0.9993922262928592 0.025222923279956816 2.612958932844932 0.012664223706271028 0.024923485382049696 0.9996091422726106 0.10036651868199756
1015 -0.9995448567651796 0.02537944534497816 0.01630837413804872 0.43029908711026654 -0.024963880705150963 -0.9993707080130442 0.025199060011498325 2.6131799520660692 0.01693764957548574 0.024780470523209752 0.9995494206434309 0.10066570049980314
1016 -0.9994602203467235 0.024274058172868623 0.022136802946243726 0.4519176805068782 -0.023727823323173365 -0.9994154249996825 0.02461297773482433 2.61368518064475 0.022721319177702422 0.02407443400099475 0.999451931451927 0.10130137173176995
1017 -0.9995047185142563 0.022606389429729035 0.0218922092153604 0.4661432909581801 -0.022072954019188927 -0.999460782930841 0.024309012397036485 2.613944926704245 0.02242994356327841 0.023813746864598972 0.9994647583043086 0.1015580450103325
1018 -0.9996584938484824 0.016905790193593142 0.01992711554677281 0.4846834889570839 -0.016410687977509365 -0.9995588999080223 0.024752675304746424 2.6151160804295883 0.02033678922982995 0.024417204437485903 0.9994949800431336 0.10127453802960432
1019 -0.9997080690907867 0.013270898013393746 0.02019058838768368 0.49695407767805344 -0.012778530794738991 -0.9996224887057027 0.024322607276276248 2.615501268298318 0.020505749053926 0.024057500699701282 0.9995002505834897 0.1019251402838432
1020 -0.9997154453441731 0.01205907764897001 0.020581714845994255 0.5135026998090158 -0.011560057737473355 -0.9996404205255001 0.024194931608264462 2.6160718177110316 0.02086608264248855 0.023950121015407777 0.9994953718243282 0.1017786683546015
1021 -0.9996990421145335 0.012226935150590755 0.021267986545192966 0.523534145503805 -0.011708373546013976 -0.9996352157526273 0.024338229508344883 2.6152421599515483 0.021557810272804272 0.024081891195040783 0.9994775251763448 0.10182912463946248
1022 -0.9996686279079228 0.012252125497843729 0.022638900089956747 0.5356122423788379 -0.011682110630152582 -0.9996156417910422 0.0251415388904301 2.6163031097327125 0.022938235932678384 0.024868737549656537 0.999427527751054 0.10256793822599115
1023 -0.999708148605437 0.010123032377377553 0.021934945340662433 0.5449460634497715 -0.009575450927714677 -0.9996434209336297 0.024926727096425814 2.6165400279811113 0.022179457864161718 0.0247094152030803 0.999448606207698 0.1024798030490669
1024 -0.9998036807464029 0.010495739594054114 0.01680593393183206 0.5544946808366523 -0.010066615304380874 -0.9996262180377581 0.025418250672542317 2.6159899974126914 0.017066435516912906 0.025244081708004594 0.9995356287385263 0.10228725299138418
1025 -0.9997617014043716 0.012058170835672073 0.018197277865774117 0.5602113567484072 -0.011580054763963524 -0.9995908369150669 0.02615456148959909 2.616200419521504 0.01850520838156323 0.025937603419301864 0.999492270101694 0.10263863921018102
1026 -0.9997263996447039 0.015476594995610245 0.017538553534297834 0.5674944315388891 -0.015021475741775973 -0.999554494392333 0.025790851203394687 2.615828172749688 0.017929894569865247 0.0255203398604087 0.999513497225325 0.10321096183651282
1027 -0.9997308773545549 0.018281458712702425 0.01428149612166334 0.5728336613251152 -0.01789558093554525 -0.999483418895529 0.02669538417285778 2.6167310839708855 0.0147621491341805 0.026432624170851814 0.9995415925974535 0.10362835031832734
1028 -0.9997501581217321 0.018275877822700327 0.012869095738008957 0.5784787664663912 -0.01792255666186811 -0.9994732676692798 0.02705492885812022 2.6175381945097405 0.013356769743506159 0.026817522305937057 0.9995511078477869 0.1039468543072788
1029 -0.9997552464055025 0.016714648743052417 0.014493715957169782 0.5830496362583129 -0.01632012263169724 -0.9995042431590153 0.026924366338753492 2.6178945539838643 0.014936561924621488 0.026681237280807214 0.9995323960210999 0.10268669709672486
1030 -0.999780513420493 0.016227577191577462 0.013251065001646559 0.5884625122240671 -0.015869800704657606 -0.9995182417162785 0.026672718314714405 2.6177455037460384 0.013677514787004982 0.026456572249901403 0.9995563892920206 0.10336687275715356
1031 -0.9997845241550921 0.01747167229176771 0.011209189411791783 0.593078028935635 -0.017172342769438565 -0.9995074734780591 0.026266349288228234 2.617797670158014 0.011662585636352293 0.026068201481507985 0.9995921333064429 0.10326509549233914
1032 -0.9997274191486222 0.019646269085133325 0.012613941186088995 0.5968452640949999 -0.01930584263984755 -0.9994606406236789 0.02656524579053406 2.61786855486892 0.013129045705513237 0.02631448184893457 0.9995674945716218 0.10317613425152602
1033 -0.9996582466388058 0.02155101643684161 0.014796743444894058 0.6037963331766536 -0.021157520114625794 -0.9994313835070071 0.026253933086623174 2.6181742932224132 0.01535412871618151 0.025931898319355974 0.9995457905380529 0.1032601246850632
1034 -0.999671671113731 0.021895937769757456 0.013308564235445233 0.6059614690183956 -0.02154402934437965 -0.9994288767719927 0.02603411365238502 2.6179860132790145 0.013871004737577018 0.025738845801851498 0.9995724621279712 0.10341914505141525
1035 -0.9997272982331233 0.020563492957804824 0.011066703435751942 0.6096511077835722 -0.020268848333166153 -0.9994536078639801 0.026108609960570534 2.6174491976952354 0.011597540894112567 0.02587718076260986 0.9995978534194725 0.10329832620602494
1036 -0.999717823271942 0.019645703172421196 0.01335365787491993 0.6123204214898459 -0.01928893705145806 -0.9994669264868722 0.026340079091897728 2.6174687380632125 0.01386400876913494 0.026075068667350886 0.9995638449125661 0.10335838121336084
1037 -0.9997228248387828 0.01981674761961256 0.012711019227833548 0.6158869518507815 -0.019479019232838228 -0.9994678427271392 0.02616484594002219 2.618008678644221 0.013222757115428843 0.0259099955066353 0.9995768258760397 0.10298433444395892
1038 -0.9997399744185201 0.02003835633960163 0.0108833737909792 0.6188168735973747 -0.019746808404373095 -0.9994599394245538 0.026265815103858364 2.618294172826379 0.011403819872777398 0.026044073422731344 0.9995957478559053 0.10319554661145855
1039 -0.9997599860225447 0.01829719080453236 0.012049197361339872 0.623131719561463 -0.01797679635703548 -0.999495527225998 0.026182548529818776 2.618452872846888 0.012522185955630889 0.025959658385082875 0.9995845592026423 0.10337626541903659
1040 -0.9997862265921098 0.017053247418949532 0.011691358712393803 0.6245817011821 -0.01674266454944946 -0.9995173609863077 0.026167313002301948 2.6186652546686577 0.012131953669598993 0.025965974629050856 0.9995892075555225 0.10311958762881793
1041 -0.9997997412514792 0.015779582941313475 0.012307808686668678 0.6276096156696684 -0.015450794755032192 -0.9995329346443768 0.026366370656790143 2.6194181757025015 0.012718110467976995 0.026170925134393723 0.9995765765287514 0.10267562316159934
1042 -0.9998102901460976 0.015419730065868009 0.01190023708579139 0.6295964913957006 -0.015101511652090912 -0.9995378492801533 0.02638242221874572 2.6193009395492535 0.012301547211453854 0.0261977056429612 0.999581088334373 0.10277015994873558
1043 -0.9997988081888398 0.016217707049422676 0.011803775774619876 0.6328619052490358 -0.015900983988669466 -0.9995236921904108 0.02644895947268443 2.6195566695946666 0.012227095020803843 0.026255946508349573 0.9995804737094389 0.10303056626553597
1044 -0.9998022423998454 0.016004744599473944 0.011803569061051997 0.6353602823672106 -0.01569109132121378 -0.9995334853129869 0.026203079798666463 2.6194036407428984 0.012217436122554527 0.02601268705933804 0.9995869518793559 0.10290839392378913
1045 -0.9997956933181534 0.015882980790635663 0.012502101594580813 0.6386650366809842 -0.015550695023368965 -0.9995346752251429 0.026241358706137655 2.6193238472682188 0.012913075054096581 0.026041581051652607 0.9995774550025726 0.10294245934915167
1046 -0.999777703171262 0.017117670732057222 0.012309735605567373 0.6407414644774426 -0.01679032681802462 -0.9995151476216382 0.026221262341922725 2.6199751414167483 0.012752614136631197 0.02600874895428623 0.9995803698609989 0.1028651174850831
1047 -0.9997766974502396 0.017300449056775455 0.012134648600637222 0.6428901596556833 -0.0169737512940903 -0.9995039590604969 0.026527864387579474 2.6192790364458545 0.012587573285010742 0.026315970139670082 0.9995744207985194 0.1024218905350864
1048 -0.9997898635869626 0.016544534874008282 0.01210400904545264 0.6438711995217552 -0.016224895220936314 -0.9995290752384912 0.02604573914969907 2.6189052888394424 0.012529223608407403 0.025843879712170423 0.9995874711292024 0.10263026336602023
1049 -0.9998082219137265 0.01545384109252025 0.012029056046318744 0.6484463992912569 -0.015133831309201195 -0.9995407334522594 0.026254320013038485 2.6182440521641324 0.01242926159271517 0.026067239303945243 0.9995829192675059 0.10290521169886757
1050 -0.9998280522738755 0.014136976883927097 0.01200049046209455 0.6521051380966005 -0.01382166558845874 -0.9995673426616648 0.025963224824586163 2.6180415778154376 0.01236233987104319 0.02579289373964238 0.9995908658972967 0.10271877044263748
1051 -0.9998407914043731 0.013033308143161596 0.012187071917533921 0.6546253769282488 -0.012716315656254586 -0.999587893090089 0.025735953512671904 2.618313397614109 0.012517474154404882 0.025576881473536064 0.9995944857670986 0.10271297181974633
1052 -0.9998466494692235 0.012431047680701463 0.012334771944400837 0.6586771461540105 -0.012109948499128541 -0.9995944461889064 0.025773868435560517 2.6182246276778858 0.012650165718455477 0.02562054254607541 0.9995916971982274 0.10339839860874697
1053 -0.9998492639303608 0.011574390201821645 0.012941518808729336 0.6582351564352276 -0.011245105104253793 -0.9996183308713007 0.025233711507053915 2.6169639432676206 0.013228644253582897 0.02508437913659487 0.9995978075685894 0.10236524253454406
1054 -0.9998597211584304 0.011570603150711123 0.012110291005331533 0.6640094537814919 -0.011258426507138172 -0.9996105026192497 0.02553607029534477 2.6176282062438894 0.012401041814102015 0.025396145303706454 0.9996005452013766 0.10279757172556617
1055 -0.9998797296554557 0.010300023495669726 0.011594642686269108 0.6676996861995282 -0.010003837136808167 -0.9996293515941963 0.025319610456091428 2.617271514453427 0.011851137733476149 0.025200574340085106 0.999612165586386 0.1042225519563894
1056 -0.9998961213688337 0.0081143361692202 0.011912347354698087 0.6715174505357798 -0.007814232390125806 -0.9996562431894548 0.02502665028657465 2.6181753332288777 0.01211132705797629 0.024930964700990904 0.9996158075759787 0.10427004724540188
1057 -0.9999142242262513 0.005848972038530391 0.011718946869773747 0.6746520165449834 -0.0055571246149624855 -0.9996773948107556 0.02478355644198119 2.618460440107066 0.011860124605575902 0.024716306963985513 0.9996241501761779 0.10439645554637804
1058 -0.9999116373033856 0.005558435951811815 0.012075652120916363 0.680299852698589 -0.005253956423889365 -0.9996711040365536 0.025101388308792456 2.619406498093433 0.012211204947496623 0.02503572533230298 0.9996119741840807 0.10393565143690463
1059 -0.9999088288969794 0.005490698674652014 0.012336373935351039 0.6843164095591393 -0.005182168706850889 -0.9996764142620893 0.02490405378172527 2.61975364863674 0.012469122716632702 0.02483785407971785 0.999613726388362 0.1043457544517255
1060 -0.9999035207553905 0.005627059173267696 0.012699818295710047 0.6866763264344419 -0.005313704379888669 -0.9996838851397752 0.024574261671570216 2.6197775246943125 0.012834084518744272 0.024504407685148274 0.999617336924433 0.10433256660854581
1061 -0.9999146941746385 0.006108929847519325 0.011544927415006876 0.6905506836243588 -0.005821113022251977 -0.9996754491217464 0.024801432732996204 2.6199290170469034 0.01169269071091635 0.024732112698979673 0.9996257317543801 0.1042797273976751
1062 -0.9999167078567616 0.006303031862812179 0.011262732226371726 0.6947594657448792 -0.00601731781887514 -0.9996637044537006 0.025224390665283262 2.619859717776688 0.011417934758211788 0.025154518232198303 0.9996183676679051 0.10490646372170516
1063 -0.9999058089892215 0.006273093884310533 0.012207433918339968 0.699164041231421 -0.005968718362251364 -0.999674308809223 0.024812309584622053 2.620381225809779 0.012359108012160579 0.02473710975247962 0.9996175908067054 0.10423854291180161
1064 -0.9999048869054495 0.005628933972120479 0.012590958839313248 0.7011584232885151 -0.005316844949064097 -0.9996811555242106 0.024684376594110165 2.6200303761854045 0.012725891008045238 0.024615084610278004 0.9996160009262922 0.10453619639350811
1065 -0.9999205387864848 0.006599257880106139 0.010740852339327842 0.705173754863289 -0.006327939229779343 -0.9996648834134232 0.025101355631778677 2.6204685103908827 0.010902903221122338 0.02503139358563264 0.9996272085313977 0.10454976870197824
1066 -0.9999222972167954 0.007091617792887738 0.010252242968712844 0.7072455958902825 -0.006829365128547444 -0.9996542277068353 0.02539261308215054 2.6206746478432006 0.010428772733723939 0.025320623694795236 0.9996249830389913 0.10450196151489348
1067 -0.999914520589621 0.007800663571143133 0.010492910066808999 0.7106590382436394 -0.007532185583651101 -0.9996493150616297 0.025387262106810807 2.6207707372801234 0.010687267852628038 0.025306057472026505 0.9996226216732085 0.10464943620286903
1068 -0.9998941211987558 0.008882594615234765 0.01152587980530812 0.7151649870017075 -0.008593458407245026 -0.999653075697448 0.024897403875736357 2.620497284559021 0.011743034743953346 0.024795720598448444 0.9996235658362559 0.10406434417877546
1069 -0.9998860276558542 0.010897652593832073 0.010448582009500195 0.7181114153542961 -0.01063230167875251 -0.9996278085100927 0.025123666391640573 2.6206203035106017 0.010718482124633609 0.025009710511638243 0.9996297457170541 0.10413657615210865
1070 -0.9998804615566763 0.011489387606440554 0.010346814408199827 0.7209471448931183 -0.011221421198540296 -0.9996094272928471 0.025594385563704605 2.62102304723896 0.01063683704128167 0.02547522008725738 0.9996188627974132 0.10458163951747362
1071 -0.9998562584348597 0.01191974755477651 0.012057449401850192 0.7249586258321775 -0.011616106863593652 -0.9996212868746127 0.024946921405700425 2.621233087011885 0.012350244093676778 0.024803274875251774 0.9996160608086334 0.1040878390772291
1072 -0.99985930259226 0.012752587647010047 0.010897088078967236 0.7290234151932148 -0.012475920009961587 -0.9996073274467823 0.025090682224059684 2.6205048242904314 0.011212780216003472 0.024951200829365798 0.999625785550473 0.10467814245542292
1073 -0.9998631199606351 0.012646730240005784 0.010667781206519842 0.7326628100459143 -0.01237363897802258 -0.999603614329601 0.025288481093004682 2.620656933517944 0.01098336924913991 0.02515302033112602 0.9996232746236854 0.1048373397586796
1074 -0.999872940822465 0.012376705060594826 0.01004586393518748 0.7360213285735423 -0.01211834350926477 -0.9996043211513984 0.025383988762734278 2.6206925660633122 0.010356059141140647 0.02525902426321642 0.9996272974126191 0.10458470409491868
1075 -0.9998779521217498 0.011804545218166606 0.010233942138168126 0.7386517778868299 -0.011537584862167381 -0.999601478752426 0.02576369172259142 2.621054058735319 0.01053399235958273 0.025642472342942136 0.9996156754559617 0.1048745285957261
1076 -0.9998767616607085 0.012140312302564366 0.009953607731304315 0.7420601924750785 -0.011884265750540966 -0.999606935148006 0.025391719743965296 2.6206635310637787 0.010257958726322828 0.025270299190032257 0.9996280239480072 0.10478514798610253
1077 -0.999846570756575 0.012590507468538018 0.01217842633072597 0.7457635657044456 -0.012275407666004757 -0.9995966086308958 0.025611215892502818 2.6206712527658627 0.01249597186461019 0.025457791234711202 0.9995977948918429 0.1050568729156737
1078 -0.9997211168135216 0.012353795301726377 0.020126408989063902 0.746914411957311 -0.011847378539736421 -0.9996150003896827 0.025089651581149355 2.6209298008220325 0.020428612749221284 0.024844209312426355 0.9994825846635603 0.10496377013343183
1079 -0.9997698341702838 0.01063026758938702 0.018635345289708113 0.7464564643457178 -0.01017564489787369 -0.9996523612111278 0.02432309551009087 2.6208175115188816 0.018887427935044335 0.024127870507988196 0.9995304452252195 0.10511940228682172
1080 -0.9998510031870305 0.010219692328583446 0.013911481402853778 0.7457831380632783 -0.00986797177111779 -0.9996357171026975 0.025120832506703168 2.620963768374759 0.014163140867338879 0.02497981147607055 0.9995876222021933 0.10486320901624428
1081 -0.9999057671185566 0.009011236221972682 0.010356375101566773 0.743291854774192 -0.008738572319220372 -0.9996217037524373 0.02607847273666436 2.621238673924189 0.010587456601723612 0.025985515353241156 0.9996062518583563 0.10467333699922184
1082 -0.99992662606717 0.010212178137112764 0.0065156656561719895 0.7408809828349202 -0.010035725259607714 -0.9995967811763304 0.02656236586390615 2.6206819634606733 0.006784298029268582 0.02649502744680941 0.999625923443815 0.10481920669522807
1083 -0.9998923454703411 0.012248772234083294 0.008078678647398897 0.7406441056813292 -0.012031398136413685 -0.9995783114617004 0.026428104613011087 2.6208593907828854 0.008398983795391446 0.026328061708672374 0.99961807218504 0.10479231151425483
1084 -0.9998249942427044 0.015195451555627907 0.010912338868643866 0.7412607443387811 -0.014920753686910286 -0.9995803799442655 0.02482811187688671 2.620546676592997 0.01128503420481216 0.0246609464936157 0.9996321752128996 0.10501744265105391
1085 -0.9998038899685487 0.016400169037612423 0.011100272930693577 0.7408021749942061 -0.016120408848385597 -0.9995614602572284 0.024839878948311644 2.6204806929058764 0.011502783233674017 0.024656066660479575 0.999629813658917 0.10473412872151301
1086 -0.9998209799256271 0.015775749158144788 0.010446714298386884 0.7401840263689659 -0.015502818171095846 -0.999549203951087 0.025710921969309318 2.6207254594440372 0.010847614016812996 0.02554436568521279 0.9996148331497734 0.10460138906878338
1087 -0.9998337328792045 0.015523472994986225 0.009567046658024126 0.7393555037764332 -0.015274118815226776 -0.9995553706064413 0.025607857885344774 2.620426465639473 0.009960315759070193 0.025457471932220248 0.9996262847847559 0.10436548957507079
1088 -0.9998223663880438 0.01566311987663147 0.010483431918650823 0.7407524004451138 -0.015393535468604726 -0.9995608714404214 0.025320018782997576 2.6203980565679807 0.010875418833504936 0.025154144014155413 0.9996244266242437 0.10475950800500353
1089 -0.9998202748800622 0.015588219187901585 0.010790058461952204 0.7406458113790358 -0.015313086916687124 -0.9995669495973795 0.025128124489154077 2.6206559792662336 0.011177088535271825 0.024958379229892184 0.9996260060637826 0.1045504160186219
1090 -0.9998197011283307 0.015695905805641105 0.010686616738378715 0.7404019377289128 -0.015420748259711136 -0.9995594148944685 0.02536092697998604 2.6207892081484307 0.011079971095397125 0.025191558805894677 0.9996212380732236 0.10465256919476505
1091 -0.9997644880139759 0.019167137946173078 0.01017788433940667 0.7398736085717206 -0.018901958927626854 -0.9994950614483473 0.025540910091314536 2.620554755139007 0.010662291280532395 0.02534251294893846 0.9996219648357951 0.10458399642890402
1092 -0.9994770161051038 0.030603595230136484 0.01044577601746177 0.7392769853194148 -0.030324018517547124 -0.9992032472924348 0.025948497058416613 2.6202040015836046 0.011231570618003164 0.025618168507123375 0.9996087040756217 0.10466791048644815
1093 -0.9981972997566264 0.059189376730171606 0.009938231297239501 0.7382059905299034 -0.05890166028915052 -0.9978958061596347 0.027102665237751532 2.6195666525737673 0.011521509195270785 0.02646842893275766 0.9995832517081226 0.10448732122841531
1094 -0.9959156558445823 0.0896812188631193 0.01045396701733065 0.7381354890418952 -0.08935846728068089 -0.9956038363709792 0.02807250129000951 2.6195205234464654 0.012925585800779843 0.027023693063346354 0.9995512239227833 0.10410762752784225
1095 -0.989486092513256 0.1442388398559946 0.010603291899836645 0.733280022254416 -0.14387912474447473 -0.9891645469767959 0.02919411697360811 2.6163144491358103 0.014699325991936928 0.02736158036984606 0.9995175204741614 0.10365850251435622
1096 -0.9808090632506706 0.1947140476058854 0.010001055407324315 0.7301427100449328 -0.19432334580113209 -0.9804421139418826 0.031172078608523425 2.615735336232569 0.015875097503732477 0.028630418670058493 0.9994639965539411 0.10383370390249165
1097 -0.9627306698445708 0.27025394052126855 0.010604950364952084 0.7288620102312464 -0.2697722957135844 -0.9623356946127459 0.03365886715663466 2.614587227167187 0.01930196375795196 0.02954350191740763 0.9993771138511351 0.1039369211692618
1098 -0.943114742507996 0.3322699652836353 0.011456554231501347 0.7258211851653031 -0.3317036231178238 -0.9427237030539525 0.035280676145073527 2.61206054251806 0.02252307426679911 0.029473545250822106 0.9993117738010222 0.10341900108383226
1099 -0.9179571984598163 0.39653062125834315 0.010864998805819669 0.7224709599233152 -0.39587898385670955 -0.9175002975368902 0.03838012714452227 2.6094479045409575 0.02518753529768448 0.03093008930284984 0.9992041421258555 0.1025287017803762
1100 -0.8765667744986466 0.4811648373590884 0.010539882993993475 0.7169663942843718 -0.48041636393066056 -0.8760950566895429 0.040713252282254614 2.606811064012505 0.028823724801221785 0.030624351968142803 0.9991152796127699 0.1021386964635252
1101 -0.8271212820364824 0.5619331874686726 0.01007361021920602 0.7109025874587526 -0.5610555710339397 -0.8266156618340563 0.04385423378595375 2.606608687987761 0.032970153354216956 0.03062091493662698 0.9989871513476994 0.10106689833589586
1102 -0.7863087748836912 0.617771115026385 0.008795452198399136 0.7102641239388658 -0.6168153603549673 -0.7857501969806788 0.04621081229881506 2.605366213568863 0.035458733337794195 0.03091079718825044 0.9988929876854165 0.10049696481526887
1103 -0.7273396065303038 0.6862455941426772 0.00663937436981564 0.7061676765103081 -0.6851846176193076 -0.7266929439644209 0.04939033275884056 2.5983217936184384 0.038718684756395526 0.03137434800564783 0.9987574849476571 0.10004152433652563
1104 -0.6791688594147399 0.7339702028193156 0.004171543273668499 0.7048681615622636 -0.7328935820781697 -0.6784601259519316 0.05058512469837539 2.5948413296755937 0.0399582000097794 0.03129854415108533 0.9987110409857002 0.10064768741854982
1105 -0.6098607679853942 0.7925068761829525 0.001641607226922272 0.7042970090667682 -0.7913407581150879 -0.6090731981545237 0.05300607357530665 2.593389027063728 0.04300753675089132 0.031027254030112916 0.9985928405967356 0.10070228790064957
1106 -0.534674328435602 0.8450576157784895 -0.0009942466947941517 0.704066465145886 -0.8437932788624997 -0.5338092839250078 0.05532224634560253 2.591228768956661 0.046219747479830785 0.030418323590809825 0.9984680568419735 0.10029021750678192
1107 -0.47355169880216136 0.8807615058996323 -0.002821043649937634 0.7017987506795867 -0.8794322065969077 -0.47265593000381384 0.05652756700457547 2.5894114842552396 0.04845392202973999 0.02924964202577423 0.9983970532219466 0.10156116515383239
1108 -0.41120720509044756 0.9115301435145831 -0.004629464968262416 0.7009790460283283 -0.9101495853013112 -0.4102932234023317 0.05733413648533596 2.589340744816682 0.050362355553458554 0.027789715641062543 0.9983443117722466 0.10177798350501868
1109 -0.33301460371780384 0.9429037226723491 -0.005817515100713405 0.6999741030487057 -0.9413447183234515 -0.3320946696827291 0.05986026772324267 2.5882191698111097 0.05451050351994718 0.025410630447004777 0.9981898140473391 0.10247133328309987
1110 -0.2659027391246406 0.9639739235407228 -0.007071637681397114 0.7007080093279152 -0.9623309497122671 -0.26500378871446334 0.060762942585610026 2.5901492080604878 0.05669988139147025 0.02296228867675335 0.9981271746373882 0.10231902082829276
1111 -0.22605665498102895 0.9740755865931013 -0.008668352923973898 0.7008882615462276 -0.9723733210810859 -0.22511196854837387 0.061763468702290485 2.589745780618764 0.058210937015029815 0.022390918255031592 0.9980531717259339 0.10223451627987924
1112 -0.18791345968762402 0.9821312313826565 -0.010333247788218793 0.7000053221908149 -0.9803962158372204 -0.18692596611801168 0.06230524185545723 2.5886824457120032 0.05926037157800872 0.021838670581831397 0.9980036477033676 0.10250771114883342
1113 -0.1705480747984833 0.985287841516908 -0.011010156245519789 0.6994268949642629 -0.9835935823348192 -0.16956679904473887 0.06156919237558373 2.5852154453203475 0.05879641970753743 0.021330026250221908 0.9980420887967777 0.10305253516185393
1114 -0.15662579715625682 0.9875851333384322 -0.011998503023728718 0.6982727219487662 -0.9858803525593733 -0.1556037984629003 0.0618658899671982 2.584453327415941 0.0592308205459301 0.021518882723927636 0.9980123484125263 0.1024952127060844
1115 -0.14786368642638684 0.9889305131274165 -0.012360034071144261 0.6979778213697243 -0.9872523830363009 -0.14684545668530144 0.061393355011868836 2.5838978491865814 0.058898747226523454 0.02128032088496734 0.9980371163035198 0.10240030839054458
1116 -0.1357731135088449 0.9906552528928955 -0.012954982161767093 0.6974671637110245 -0.9889493204437422 -0.1347303201084555 0.06186260936675299 2.583522452912603 0.059539090032405165 0.021211099888466287 0.998000594188013 0.10247908701926914
1117 -0.12080000863730038 0.9925935124797294 -0.012863782353183684 0.6971208698180602 -0.9908103709417707 -0.11976845539982194 0.06285161830701382 2.583408923482271 0.060845433236787816 0.020338044999061656 0.9979399767420256 0.1029138967621134
1118 -0.10575665922213014 0.9943026159719079 -0.013335550262322474 0.6982474454153969 -0.9925430882777433 -0.10473309523810015 0.06236342415804553 2.5795127607388566 0.06061144232563156 0.019831455637847963 0.9979644114031722 0.10295444136437015
1119 -0.09143176112800709 0.9957111810234189 -0.014123634116651105 0.6973718902187159 -0.9939385982675364 -0.09038121040019502 0.06258833500703337 2.5803463295664133 0.061043393821083126 0.019760586791503332 0.9979394887870262 0.10277997971083419
1120 -0.075235289503182 0.9970638473927622 -0.014259573477755985 0.6979894794447882 -0.99521249410652 -0.07418560492099424 0.0636285124496255 2.580535232228911 0.062383834342145235 0.018978415239678376 0.9978717738104015 0.10242384900828759
1121 -0.0554976185931814 0.9983428955710401 -0.01521437453469789 0.6977394269108498 -0.9964913107357395 -0.054425694599456335 0.06358389256925584 2.580023840255891 0.06265047451738479 0.01868974664017594 0.9978605170130201 0.10188837510779744
1122 -0.0424753855338632 0.9989729556133087 -0.01577579085792624 0.697421245195221 -0.9971381804673214 -0.0413983957590327 0.06325837401020896 2.5796263537464634 0.06254031241828976 0.018417567215084314 0.9978724881169609 0.10209650285923076
1123 -0.03296760219387053 0.9993299463744925 -0.015899543512392665 0.6974951710055479 -0.997528039879674 -0.03191209417245741 0.0626053344275113 2.5795626590156613 0.06205599776621149 0.017924188235017475 0.9979117078267785 0.10205940129176132
1124 -0.032371962969736205 0.9993464091927515 -0.016087586736783423 0.6976222184489371 -0.9975676523972697 -0.03131181131158425 0.0622763949068928 2.5793647831570383 0.06173196014683887 0.01806446528391034 0.9979292761465928 0.10206491601672146
1125 -0.03656724404663593 0.999206150104721 -0.015808423560759174 0.6978462261506055 -0.9974305994621814 -0.03551796720080679 0.06221473508315451 2.5813749704583393 0.061603862852194664 0.018042826789512627 0.9979375834610577 0.10204016679493808
1126 -0.0430441208650676 0.9989553661629826 -0.015342101329568685 0.6984888024561262 -0.9971773452061183 -0.042011797495511045 0.06222821769298661 2.5831122669400366 0.061518662736361696 0.017977354797828835 0.9979440209001732 0.10187042914766357
1127 -0.05255621336457971 0.9985105752064114 -0.014644986784757619 0.6995287038035802 -0.9967508926263383 -0.05155594943262903 0.06188410236859522 2.5874211204047493 0.061036894453986495 0.01784979773739952 0.9979758926130261 0.1019447412085225
1128 -0.05756507881182643 0.9982301649716269 -0.014926467839092211 0.7000350467947083 -0.9965233512655415 -0.056551817937510886 0.06118089792264725 2.5895922228681045 0.06022849893392202 0.018396456963474 0.9980150791890107 0.1018696259745902
1129 -0.061375938830899174 0.998002980537345 -0.01493469016404971 0.7006059816919669 -0.9963385453517566 -0.06036760251907174 0.06054135456303352 2.5917127967995945 0.059518880859833416 0.01859578994737251 0.9980539561658083 0.1014538621589389
1130 -0.0616984628470074 0.9979817458127994 -0.015024470252988259 0.7007302726146295 -0.9963510940140852 -0.06069427120823073 0.06000585719541787 2.5933788521105727 0.05897285085059356 0.018671916524041203 0.9980849474853309 0.10129209607170861
1131 -0.059211526518375565 0.9981320648422014 -0.015045805392890601 0.7008454572549885 -0.9965342868358178 -0.058221177990406346 0.059411359132521054 2.5966610069795695 0.05842439805168927 0.01851149821367585 0.9981201902309734 0.10109986728720767
1132 -0.0558729532074064 0.9983304332169951 -0.014647839843579074 0.7010384979406058 -0.9967075511473942 -0.05490677626982945 0.05965989780087479 2.598785149626483 0.05875602595137418 0.01793298725741698 0.9981112850694437 0.10075347643134228
1133 -0.05033949052079023 0.9986240573942758 -0.014694478095051602 0.7012370464728102 -0.997061791302825 -0.0493992674808218 0.05854482638618198 2.6026602903983553 0.057738375611369436 0.01759841938397355 0.9981766254618261 0.10097108891331331
1134 -0.046985118161374746 0.9987881236155217 -0.014652057706622151 0.7013819112804746 -0.9971766907719452 -0.04603907496230826 0.0593215892970135 2.605617342390606 0.05857513167985894 0.017397922298718456 0.9981313872672171 0.10057236335549945
1135 -0.043912819531817436 0.9989326583842575 -0.014325093167838253 0.7021285544644769 -0.9973269275549347 -0.0429950033139695 0.05907985497629829 2.610139703439907 0.05840088916052767 0.016881164165651767 0.9981504708422063 0.09973033742821824
1136 -0.041754719227896885 0.999027878216261 -0.01413654725636406 0.7029626263741452 -0.9974210306709512 -0.04085252971286429 0.05901151065879071 2.6134493202189404 0.058376630566458046 0.0165640985927866 0.9981572018683083 0.09941597163235445
1137 -0.040209287000478156 0.9990875350535842 -0.014398282475860925 0.7032385957653176 -0.9975277319943159 -0.039307005541070805 0.058252752869044994 2.6173297312218455 0.0576336459040461 0.016704987720986875 0.9981980295738272 0.0995237554581293
1138 -0.03863083091446081 0.999153553760416 -0.014136297619475132 0.7029456461679882 -0.9975799618240921 -0.03774384472377385 0.058391968210321346 2.6226841104134886 0.057808984326008964 0.016357817489579863 0.9981936401014956 0.09906838928575054
1139 -0.03826526967572712 0.9991725005119294 -0.013787072076116806 0.7025302221589198 -0.9976119214754688 -0.03740431544766422 0.0580635110473386 2.6269823520434574 0.0574997675282981 0.01597596337368199 0.9982176843401569 0.09878464232039959
1140 -0.03820822993410527 0.9991729806341935 -0.013909922229025705 0.7028643328844455 -0.9976327186048154 -0.037345462537482436 0.05774318310794681 2.631259373558371 0.057175955896937705 0.016083258345986878 0.9982345610467033 0.09845579968537105
1141 -0.03632502353001872 0.9992473668735337 -0.01360854367999178 0.7030521397682076 -0.9977098891871341 -0.03548492209903271 0.057582960328949356 2.636029719076995 0.057056723372980164 0.015669080994590436 0.9982479703053919 0.0987490292177792
1142 -0.034475281776116216 0.9993158119718232 -0.013392643086308862 0.7039271897693874 -0.9977409381249345 -0.03364165377166096 0.05814859861587546 2.6385043029490496 0.05765826337934807 0.015367077598448794 0.9982181012142419 0.09852739650278715
1143 -0.013787692961283788 0.9998406928002647 -0.011335278668764704 0.7044925001115644 -0.9979413607741328 -0.013049631072521708 0.06279130181871294 2.6405934044306947 0.0626333775068338 0.012177690609693623 0.9979623058381352 0.09858432757205063
1144 0.003600101014963927 0.9999037619543599 -0.01339798873108285 0.7044651599618086 -0.9983130124715462 0.004370147952362548 0.057896726476634575 2.641274590790779 0.05794970580154857 0.013166952427309534 0.9982326697533217 0.0986279116364249
1145 0.006635626439071107 0.9998592110968061 -0.01541189299080822 0.704560560649784 -0.9984272548608286 0.007482544428368386 0.055561032028075635 2.6417343170819145 0.055668529824361594 0.015018971757886202 0.9983363387535944 0.09896322868570606
1146 0.0029801602445275292 0.9998566778187676 -0.016665607246682188 0.7039052741559236 -0.9984443330791681 0.003903038900733685 0.05562085966052929 2.6415320232856154 0.05567793447017719 0.016473922037387366 0.9983128655421093 0.098723041158426
1147 0.0036626416687825527 0.9998692303031474 -0.015751423710961027 0.7041588257913947 -0.9983792979411421 0.004550847667314044 0.05672801096379992 2.6418941826267375 0.0567922749880325 0.015518120969148095 0.9982654083079997 0.0987299416723383
1148 0.003839269310810601 0.9998782797077229 -0.015122360240363506 0.7041970715102157 -0.9984035702076629 0.00468492101482137 0.05628820933620533 2.641933628882799 0.05635220498140418 0.014882112859250906 0.998300030908529 0.09878163842151605
1149 0.0037039716675733763 0.9998685720363143 -0.015783511917481258 0.7041457863134976 -0.9984143291804494 0.004584240587371784 0.05610536538820416 2.6416021140328327 0.05617034699006897 0.01555067177875064 0.9983000895151996 0.09876047623249593
1150 0.003426276248596763 0.9998678650742122 -0.01589065833976635 0.7041419229904083 -0.9984459482872107 0.004304440637981929 0.05556221862091677 2.641777274033473 0.05562327730673309 0.015675591924984134 0.9983287669096867 0.09854735786450533
1151 0.0042141018708363774 0.9998721055965722 -0.015427695718467745 0.7044164665384173 -0.9984419471199107 0.005065500149165878 0.0555699463664046 2.6417544038449847 0.055640988275095886 0.015169481137339182 0.9983355985171969 0.09873274137169154
1152 0.004059109811743862 0.9998686274674669 -0.015692400496685847 0.7042659003768679 -0.9984431762721833 0.004925314577872214 0.05556046284481178 2.641854633832027 0.05563045373414332 0.01544244417478026 0.9983320006573717 0.09877919559027716
1153 0.0037415197557922695 0.9998633125751694 -0.0161045706518187 0.7044516488838839 -0.9984766718967759 0.004621906618502079 0.054981575604607535 2.64191827623306 0.055048494135757964 0.015874323455151884 0.9983574856481332 0.09873237269096702
1154 0.003887599056043119 0.999863688295341 -0.01604653864147052 0.7043363332575598 -0.9984756139309242 0.004764699017668563 0.05498859906938183 2.6420042665613015 0.05505756040654238 0.01580830389620758 0.9983580332576767 0.09878403294069707
1155 0.0037759983094290675 0.99985877591685 -0.016375898730095432 0.7042966065152385 -0.9984771814143827 0.004671060951805501 0.05496816701007382 2.642041593219886 0.05503689700133595 0.01614340150138254 0.9983538103085249 0.09881903525126176
1156 0.0038426005008656114 0.9998579420303854 -0.0164112821162475 0.7043204012689211 -0.9984650256745193 0.0047429898139314 0.055182393502314485 2.6419177251391055 0.05525239294597868 0.01617404732664072 0.9983414111757171 0.09865000790484076
1157 0.004077929422896542 0.9998555191259754 -0.01650185945276756 0.7040015723452485 -0.9984493782262766 0.004987245242382624 0.05544336302991153 2.641683004868 0.05551765134380693 0.016250177188980017 0.9983254590220075 0.09858356056016793
1158 0.003983561596931361 0.9998594246901672 -0.01628686878674196 0.7041848581634943 -0.9984508359501924 0.004880801990455546 0.05542658171930497 2.64191184538772 0.055498283091521834 0.016040842551488157 0.9983299213907892 0.09877219193385103
1159 0.0038857731058959573 0.9998594944656839 -0.0163061979986049 0.7043606636209618 -0.9984560356319819 0.004782853257722084 0.05534138798238254 2.6418917058538383 0.05541160236348559 0.01606597773269038 0.9983343321170322 0.09874064747075127
1160 0.003873261625356459 0.999860943069835 -0.01622012229342628 0.70431332583584 -0.9984511124768787 0.004767031007001515 0.05543150195086993 2.641822464272341 0.05550111564200586 0.015980298438128156 0.9983307348897346 0.09866653456453393
1161 0.0038919859447127956 0.9998603293527745 -0.01625343751323803 0.7043354132720168 -0.9984464810425471 0.00478888530624665 0.055512981096088765 2.6418671276244767 0.05558306340974703 0.016012131747011833 0.9983256656522704 0.09872007617223283
1162 0.0040015455287079095 0.9998587583884021 -0.016323324044079962 0.7040281378097245 -0.9984515986758046 0.004900535009015766 0.055411098688576986 2.641595823429673 0.05548326535531267 0.01607631895296218 0.9983301854769285 0.09867048100547655
1163 0.0038978255387474236 0.9998594384733351 -0.016306754770585446 0.7041971540991412 -0.9984507922157607 0.004796421820181793 0.05543473514797395 2.6418625379774574 0.05550515723175914 0.016065417292079505 0.9983291440646446 0.09870604422056907
1164 0.003923372919093817 0.9998574305389625 -0.016423329145018616 0.704274384174737 -0.9984503553254748 0.0048284878931809105 0.055439820112097894 2.6420084443954313 0.05551121593225797 0.016180367731503456 0.9983269507563565 0.09877931501691471
1165 0.0038418331765598156 0.9998612267232222 -0.016210108333522797 0.7041772988372123 -0.9984424805231872 0.004737615157102796 0.055589280338957256 2.641856285595274 0.05565836328702432 0.015971296032351902 0.9983221245169623 0.09870931021786554
1166 0.0038696323856740353 0.9998660248702934 -0.01590466139653857 0.7040487766290147 -0.9983811728885604 0.004765440937185467 0.0566773693259794 2.641337194387105 0.056745568692125374 0.01565959391476631 0.9982658551473322 0.09861369690140977
1167 0.0009394202134588216 0.9998889005732302 -0.014876289860351482 0.704012322803536 -0.9981919964786327 0.001831665092261949 0.060078142180440684 2.639436887176179 0.06009871591353102 0.01479295485475686 0.9980828186239702 0.09889232880030907
1168 -0.006001963309559663 0.9998766066821104 -0.014517156969102992 0.7038427516583508 -0.9981728185836038 -0.005117599481165191 0.060206597780045515 2.637153314342094 0.06012487569285972 0.014851989280926675 0.998080366372004 0.09882920399593492
1169 -0.016956509326484605 0.9997447046942027 -0.014933259073885414 0.7041202267001063 -0.9982517870806676 -0.01608164420804419 0.05687486536034372 2.6346694336751373 0.05662019411450043 0.015871551742146654 0.9982696266364461 0.09912519033163568
1170 -0.02319305487804619 0.9996216459189369 -0.014786724310300214 0.7038951351368995 -0.9980921840939463 -0.02230595775630083 0.057571141202929985 2.6317693870058974 0.05721952687834493 0.01609376459909398 0.998231895144974 0.09888380782407406
1171 -0.02857170429532527 0.9994933371297376 -0.014025931239806798 0.7037683384984756 -0.9978510096680024 -0.027691407778638325 0.059384749215598547 2.627794424343871 0.05896626338612219 0.015692513142400513 0.9981366263263578 0.09897240924113214
1172 -0.031090462242057443 0.9994105959151907 -0.014554859283298693 0.7038611115020783 -0.997814666733448 -0.030184815342629456 0.0587772726005064 2.6244950144667683 0.05830329329556651 0.016350464638738557 0.9981650105554992 0.09919728082846636
1173 -0.031483407240559945 0.9993941890005357 -0.014834084430069068 0.7034462159683122 -0.9977770461001664 -0.030553400124367056 0.059223779134875296 2.6195190766479928 0.05873466900101667 0.01666567530138128 0.9981345069297087 0.09935790962957365
1174 -0.029762697758082293 0.9994495156411228 -0.01465767738159141 0.7032419162242942 -0.9977688242904272 -0.028829503020242512 0.06021821177734939 2.6146816780540805 0.059762489038226986 0.016417229963814787 0.9980776119448727 0.09944180804355657
1175 -0.02504733952818149 0.999581530740914 -0.014470459015974744 0.7029627911373809 -0.997808390849634 -0.02411085879813635 0.061620464434667344 2.6086706737276244 0.06124578296989469 0.015982174119799897 0.9979947515786564 0.09957008275674871
1176 -0.020002044265555886 0.9997001924009925 -0.014122448032030912 0.7028869371705619 -0.9978102498863315 -0.019069546236810696 0.06333291108842268 2.6032102173080003 0.06304461472411191 0.015358311090543534 0.9978925286998817 0.09990992091660698
1177 -0.011078040094078435 0.999845515230486 -0.013646343880812005 0.7032460276158082 -0.9978170412692144 -0.010164976093406698 0.06525201462122764 2.595755941721972 0.06510321941910396 0.014339418908980297 0.9977755017473293 0.10072625244952438
1178 -0.004458814224596864 0.9998935377775756 -0.013893598709653133 0.7035529819339469 -0.9978844331218616 -0.0035478438879252994 0.0649158758386223 2.5893454709901893 0.06485967243059254 0.014153653703024544 0.997794015305112 0.10082116441678549
1179 0.003283734509913822 0.9998878068815645 -0.014614743826039101 0.7027457308817654 -0.9978773864229936 0.004226955763998903 0.06498349412999549 2.580482237602863 0.06503797930391554 0.014370333830644288 0.997779311649198 0.10142771628624651
1180 0.009085257746230863 0.9998493854329785 -0.01478731012671231 0.703158531383637 -0.9976864716122705 0.010059973886989258 0.06723467325261007 2.5729528768276815 0.06737330668453714 0.014142254928639554 0.9976276029520845 0.10183193290358195
1181 0.016493140104798822 0.999747427854474 -0.015266198888347097 0.7035790041449126 -0.9974143142026166 0.017518938127952754 0.06969772327216844 2.562886106699335 0.06994756716098514 0.014077190979615347 0.997451337431082 0.10250376115330391
1182 0.021667493264501212 0.9996472083762895 -0.015361592415543902 0.7040803162619874 -0.9973647802341463 0.02267703572047114 0.06891478214453577 2.5533899825390716 0.0692388249667293 0.013827900665748882 0.9975042728138217 0.10258128153147923
1183 0.02786997171898381 0.9994838636475706 -0.015977202016286052 0.7047019040843743 -0.9970655009605719 0.02893549022347649 0.07087400228055749 2.5416307123997344 0.07129972980347751 0.013955060492279642 0.9973573105046803 0.10313737493517573
1184 0.03290831028535804 0.999317591887892 -0.016774792322602466 0.7047867099764471 -0.9967659512127266 0.03404616672923587 0.07279077573914614 2.5329160580544743 0.0733122200985804 0.01432512039165895 0.9972061518613619 0.10360437576128306
1185 0.038660186109142236 0.9991013211157476 -0.017376425245403806 0.7053572193982346 -0.9965490593694196 0.03982802909406935 0.07282650868365154 2.519481355622464 0.0734531298081846 0.014500973853690537 0.9971932407913575 0.1041874197851514
1186 0.042346911453845545 0.9989473811146424 -0.01763147337996786 0.7057589997463365 -0.9964645359282543 0.04351016871347235 0.07186997881824303 2.509133043917526 0.072561475501449 0.01452566631016155 0.9972581598022225 0.10439283268606458
1187 0.04677443400096474 0.9987571523777172 -0.017213451100875677 0.7067929119923738 -0.996254143015035 0.04789805740882996 0.07199624032266974 2.4949772506437493 0.07273125083460545 0.013781388583535044 0.997256355447981 0.1046836294647395
1188 0.05049922879037569 0.9985876334133492 -0.016509581638212267 0.7076030812120011 -0.9958952427534745 0.05159262364027116 0.07436979660192948 2.4805052507093936 0.07511653181781872 0.012686196439814957 0.9970940612946608 0.1055042608776793
1189 0.05234366401903159 0.9985057832715653 -0.015695273491048288 0.7082030022629678 -0.995649617272655 0.05339422745700417 0.07636030447375271 2.4685303818417133 0.07708424263141593 0.01163001492250621 0.9969567504617493 0.10581981154157585
1190 0.0548428971886227 0.9983707336017267 -0.01575229870371378 0.7088194641511532 -0.9954524095989754 0.0558996154220337 0.07713451379885758 2.456698689932602 0.07788938856620985 0.011450383490747128 0.9968962492997825 0.10633564333862601
1191 0.05870297955896477 0.9981359511823595 -0.0166908103129154 0.7094613991226062 -0.995217503748033 0.05982265722006088 0.07722285876750765 2.441217283716064 0.07807740021263415 0.012077774674558811 0.9968741379611408 0.10712299473142843
1192 0.061992190672706456 0.9979310319338135 -0.017047691871290772 0.7104570603400615 -0.9949415642757069 0.06314119961787482 0.07813112431555003 2.4283794549498263 0.07904588522906374 0.012117937661306845 0.9967973232388657 0.10766875119209773
1193 0.06694860251415528 0.9975939692105023 -0.018004366578089036 0.7115165560577631 -0.9944924954241322 0.06817711159822007 0.07960249994805056 2.4124602906213415 0.08063845959106127 0.012575931317830974 0.9966640782066618 0.10856385561155661
1194 0.07027113861331684 0.9973449434072675 -0.01910578280701715 0.7123884114539462 -0.9942510379559897 0.07157864345308265 0.07963272772434424 2.3992127203072493 0.08078886434022554 0.013400061938852015 0.9966411579595067 0.1091760524592704
1195 0.07433519680225849 0.9970427888671847 -0.01949245195930187 0.7136225125318235 -0.9940988944502407 0.07563593836332966 0.07775984104975396 2.3820744557438807 0.079004218676998 0.01359713185495226 0.9967815464973913 0.1100285240153284
1196 0.07760633542129435 0.9967884647962261 -0.0197487506451638 0.7145590616193864 -0.9939316048014758 0.07890241972031094 0.07664445928384027 2.369334137107256 0.07795653711664671 0.013680811806496109 0.9968628861134828 0.1105239199835282
1197 0.08177233513120945 0.9964641467700006 -0.019299984682045874 0.7160911012198691 -0.9935543415360064 0.08302832181283457 0.07717556732568095 2.3515887519659513 0.07850513118479609 0.012864757217035599 0.9968306989655505 0.11145272765436114
1198 0.08455816724900524 0.9962572896917142 -0.01792565444671688 0.7175590573721372 -0.9932156299353015 0.08571400858063496 0.07858639311993731 2.338008772692078 0.07982874671475455 0.011158918799991691 0.9967461310328322 0.11220728123999003
1199 0.08809079048812232 0.995947932105971 -0.018103291529451712 0.7191103712708928 -0.9927522404038326 0.08927064326443725 0.08045956390471289 2.319653405957523 0.08174962876843628 0.01088433663686606 0.9965934624576532 0.11296163669052427
1200 0.09130259859161148 0.995639389785791 -0.019132197936254893 0.7207699179093426 -0.9924211236641656 0.09256062748488317 0.0808260078451699 2.3012015980716667 0.08224444537528708 0.011607572823363202 0.9965445877928598 0.11390741750219524
1201 0.09360377923485004 0.9954179606166559 -0.01952987952876133 0.7221541208487258 -0.9922126147487139 0.09488548504055884 0.0806899737377084 2.287246035884884 0.08217335119146671 0.011824906343922133 0.9965478974663938 0.1145503663782588
1202 0.09524974838197242 0.9952429035885394 -0.020470668990772163 0.7235205744276838 -0.9920871505700202 0.09659732227506719 0.08020001872095993 2.2733497011979225 0.0817959113086361 0.01266965606552923 0.996568566987745 0.11529747267212301
1203 0.09727960276772386 0.9950404063168584 -0.02076700944013086 0.7254762298750494 -0.991879638949471 0.09864593211502594 0.08027304599598477 2.2546281998273656 0.08192350530733097 0.01278944379839318 0.9965565560502453 0.11623911578981429
1204 0.09922266105085518 0.9948546665294091 -0.02047085776901177 0.7273655402669832 -0.9916780016952669 0.10055998171402641 0.08038924698844027 2.235607310297729 0.08203416658773421 0.012324064318382863 0.9965533166630398 0.11721780183618032
1205 0.1005411891897406 0.9947342646161923 -0.019879941524793034 0.7289584682849454 -0.9915196816431873 0.10182993769286453 0.08074270680698857 2.221645549366282 0.0823419102850754 0.011593385530943075 0.9965367044036841 0.11803780896177786
1206 0.10191053500392541 0.9946169932919711 -0.018742452085389178 0.7305727981523569 -0.9913369254932038 0.10310764494777262 0.08136285212752584 2.2070555299459884 0.08285736544302497 0.010288353035816732 0.9965083074338084 0.11871307107143098
1207 0.10353049770152209 0.9944718555803858 -0.017526109210783188 0.7327131694440787 -0.9910695360799283 0.10463310121089663 0.08266249926307903 2.1883696255384866 0.0840393401875445 0.008811503234768168 0.9964234775998888 0.11990130801729527
1208 0.10542738390958753 0.9942512865180899 -0.018693474234558253 0.7348122948728263 -0.9906855303816687 0.10664129926455958 0.08467474938009119 2.169423240496744 0.08618147488651232 0.009592317126331533 0.9962332763164127 0.12089018189894338
1209 0.10668507935035793 0.9941042252832273 -0.019367062716087763 0.7363726924698712 -0.9903992538959288 0.10796924196270141 0.0863247396288417 2.155068095599333 0.08790683549099769 0.009971562767156349 0.9960787901620772 0.12176546128892389
1210 0.10699377980333748 0.9940639391516686 -0.019728557012113186 0.7379100685594958 -0.9903074813125352 0.10831495089255072 0.08694230195313929 2.140890995853901 0.08856310484198858 0.010235052094183917 0.9960179818508856 0.12257573609832406
1211 0.106786755282651 0.9940895166504851 -0.01956072034917783 0.7400778740377726 -0.9905063623881882 0.10807349812403365 0.08495448823466427 2.121808326391304 0.08656636161972706 0.01030300381386326 0.9961928092236788 0.1233881841966925
1212 0.10643684144663863 0.994142229521158 -0.018773019594403594 0.7418446258775963 -0.9908382733963 0.10762378872942104 0.08158821037377605 2.106142963099855 0.08313070885778898 0.009917034909329568 0.9964893063468252 0.12395999921361212
1213 0.10575338561289374 0.994238090891971 -0.017516850503667258 0.7443640751696647 -0.9913345304214302 0.10679223654291288 0.07649357493895406 2.0864087933013935 0.07792348955468527 0.009275604239978235 0.9969161915337668 0.12446490131284399
1214 0.10580037396595907 0.9942392002894918 -0.017166638443870605 0.7456376703664369 -0.9916011457361957 0.10677963495243777 0.07297449782994227 2.072412298143113 0.07438715374979285 0.009301729188565559 0.9971860554540143 0.1248999178161349
1215 0.10671095467076486 0.9941388173711019 -0.01734312398929705 0.7480017196557324 -0.991753303672317 0.10766769847061193 0.06952015074742228 2.0523133871005794 0.07097997469100648 0.009781538856644015 0.9974297793281931 0.1254561776513285
1216 0.10792206939819941 0.993988451373778 -0.018433270774838983 0.7496502352666148 -0.9916767600442665 0.10894359107033934 0.06861849278993912 2.037988617050776 0.07021417609724293 0.010874396498305693 0.9974726647762975 0.12619421084421753
1217 0.10884122549037065 0.9938763971277423 -0.01906029550623341 0.7518556626009468 -0.991536097934546 0.10991026753068404 0.06910788365722359 2.018076615178365 0.07077961660056885 0.011377184283461943 0.9974270928508574 0.12686537367982628
1218 0.10907648216770742 0.9938452094368323 -0.019339615227260732 0.7535054737567577 -0.9915301665489645 0.11016106968558487 0.06879293240697855 2.003318343525632 0.07049999901637187 0.011672120842239161 0.9974434879902924 0.12761897629201502
1219 0.10919405599582127 0.9938409213883099 -0.018891297151485152 0.75569474717529 -0.9915590384531389 0.11024061195634319 0.06824720313754257 1.98356890015201 0.06990945140617655 0.011279647518024509 0.9974895679440376 0.128292340228348
1220 0.10869203127336344 0.9939084426267087 -0.01822223950767422 0.7574692254331398 -0.991587269315935 0.10969791448066346 0.06870993296684914 1.9688653514582342 0.0702903241388018 0.010600718530948093 0.9974702477265014 0.12898232491468173
1221 0.10831047658731828 0.9939603919768568 -0.01765162438236085 0.759822123153388 -0.9915085809639304 0.10929469667051585 0.07046561682463007 1.9484929602121788 0.0719692610517758 0.00986957250137114 0.9973580184687154 0.1296441279395216
1222 0.10801180450969078 0.9940033994402038 -0.01704969171284761 0.7620356269241013 -0.9914003249122616 0.10897182923134177 0.07246058374874824 1.9288660901898358 0.07388400266438408 0.009076471497078395 0.9972255370857123 0.13057811660480773
1223 0.10667238045397778 0.9941277570366805 -0.018193568543236692 0.7643323568346456 -0.9915851423111053 0.10771374625096676 0.0718098490178129 1.9098218069782589 0.07334786156238629 0.010380344718682806 0.9972523951584199 0.13139128222335983
1224 0.10470325271176581 0.9943198131928644 -0.01911381602099785 0.7661189537621942 -0.9918864507412896 0.10580182806879815 0.07047866352946987 1.894907432889144 0.07210060823115902 0.011579389814486755 0.997330145951817 0.13186565595256242
1225 0.10142587331518053 0.9946570130427089 -0.019241066164475323 0.7680054345741995 -0.9922726313994655 0.10253432019245809 0.06986943650103246 1.8758856969646793 0.07146899465188689 0.012005814738701593 0.997370564642747 0.13272785334230208
1226 0.09796898429410701 0.9950028009022281 -0.01927444717213752 0.7695079474984485 -0.992519758865894 0.09910552655265667 0.07129251620481128 1.8613546269531178 0.07284645754228578 0.012145814259420783 0.9972692077973164 0.13327405313142238
1227 0.09283525159708618 0.9955196710809722 -0.017949945740354942 0.7717671694608956 -0.9929202364912473 0.09390443308606888 0.07274174463228315 1.841543440805239 0.07410141716827881 0.01106986620447354 0.9971892689139917 0.13397424955503195
1228 0.08936295287668122 0.9958570322414417 -0.01682361402947251 0.7732041901345031 -0.9932205632329655 0.09036176095810368 0.07312773022172352 1.827231288039878 0.07434497578199387 0.010174649492190472 0.9971806762485735 0.13471835326811366
1229 0.08480820052096329 0.9962692703366967 -0.01597216665128486 0.7747786736587201 -0.9936000306117992 0.08575955097562396 0.07351379859062415 1.808895074951675 0.07460930432114393 0.009635372301419129 0.9971662907003173 0.1357503996721547
1230 0.07996585215548939 0.9966640620197712 -0.01631594208242059 0.7765450651625838 -0.993959518147325 0.0809617886327266 0.07409227399522574 1.7893734587432273 0.07516607461778672 0.010292534101905232 0.9971179092609042 0.1365596362911609
1231 0.07555560110764034 0.9969952669779101 -0.01708182557928089 0.7775685600650014 -0.9942882478469696 0.0766233723259783 0.07429494602880232 1.7751981939799408 0.07538057663196858 0.011370859118521615 0.9970900020715091 0.13712400998671376
1232 0.07037832162912909 0.997360112351308 -0.017880104445123918 0.7785131237448051 -0.9947163388187574 0.07151225159415954 0.07365733607253211 1.7609026680252702 0.07474153550777146 0.012601752342068218 0.9971233116860341 0.1378434181093469
1233 0.06251377743753311 0.9978975612377786 -0.0171021900783779 0.7798671597503213 -0.9953923992946788 0.06358682126356334 0.07176829096181676 1.7428693413637586 0.07270487642877424 0.012536883046323482 0.9972747001245058 0.1388446235088004
1234 0.05393030338654079 0.9984225812970933 -0.01561638663186031 0.7810093100555074 -0.9960378533567141 0.05489581146189661 0.06996459507073435 1.7234489375587267 0.07071150582489515 0.01178130037928457 0.9974272323860781 0.13971651345369082
1235 0.04541971611178401 0.9988285191203817 -0.016692476738707378 0.7822977246240601 -0.9964323739899424 0.04648790650379577 0.07043719622857764 1.7040949514554986 0.07113067869803501 0.013433686767744292 0.997376540032717 0.14024444139365627
1236 0.039288929157896425 0.9991052784449841 -0.015653198670367685 0.7829497753106632 -0.9965946917649626 0.040317104766324115 0.07192740374557971 1.689760770784793 0.07249414039688279 0.012773944032997175 0.9972870328861144 0.14091779930803092
1237 0.032796040829265447 0.9993336873155795 -0.016018773417072165 0.7835640324586359 -0.9967964601267878 0.033874147744161726 0.07245246160538157 1.6759122159296869 0.07294680790823577 0.013591302747811614 0.9972432199344884 0.14141098351333498
1238 0.023316935491645718 0.9995768138418617 -0.017392922350604554 0.7841057133748768 -0.9971716277411636 0.024497185418463917 0.0710537313152013 1.6572565603154037 0.07144974000258565 0.015686973421704296 0.9973208378047237 0.1421679119630436
1239 0.01219850888823832 0.9997618142610869 -0.01809726846456284 0.7845700427963463 -0.9975338303097132 0.013418391059307762 0.06889270040325557 1.6389858675436828 0.06911912736940404 0.017212249310493935 0.9974599163405331 0.1430030503360818
1240 0.0023244570094667146 0.9998481104623524 -0.017272895085213964 0.7846366621414634 -0.9976051407796491 0.003512585174366067 0.06907709342060381 1.6251061553091064 0.06912727384727223 0.017070962199070686 0.9974617798491605 0.14362831960901923
1241 -0.009544373336667578 0.9998078466189086 -0.017122347284749307 0.7851275980270267 -0.9975156866845902 -0.008324534616341235 0.0699511039238746 1.6109149576917237 0.06979512700992477 0.017747449460002594 0.9974034631396661 0.14434309130639944
1242 -0.02669929505442529 0.9995209452814113 -0.01565335705243305 0.7848595039133179 -0.9971476251123226 -0.02552351857379657 0.07102931600374515 1.5921920819860917 0.07059576032485199 0.01750514047450253 0.9973513967913473 0.1452598844494561
1243 -0.04734890420489867 0.9987773299731546 -0.014210081022638557 0.7845650275759268 -0.9963466431469654 -0.046211883715334384 0.07181802345870505 1.5734360057472592 0.07107353910226122 0.01755867123869564 0.9973165220248693 0.14574935890977633
1244 -0.06412715152558328 0.9978538805037005 -0.013241661533317363 0.783686354357956 -0.9954600415923726 -0.06302684955357521 0.07132265998531297 1.5597445084582486 0.07033501282435352 0.01775526396492407 0.9973653977223791 0.1464996076773138
1245 -0.08766777111488892 0.996063448686317 -0.013113660723758143 0.7824413336601119 -0.9937083695007599 -0.08652423719535153 0.0711142233447403 1.5417246265098492 0.06969962906357377 0.0192655798709433 0.997381972537233 0.14735750709454024
1246 -0.10638297861369192 0.9942358496128306 -0.013331811794722526 0.7812980492103831 -0.9919322815383097 -0.10518777312271854 0.07075225245683446 1.5275767865167087 0.0689420822390179 0.02075108985034757 0.9974048233129027 0.14797882380710276
1247 -0.13260357955195998 0.9910751916555379 -0.013647533615971012 0.7792312664506467 -0.988916634540699 -0.13136192589029588 0.06919490121876509 1.508842454683267 0.0667845836866408 0.02267176460149069 0.9975098046995016 0.14944761560408673
1248 -0.15341978072838836 0.9880712833285964 -0.013323285707042068 0.7772509965993203 -0.9859820141919668 -0.1521726274955057 0.06843214982566614 1.4940926479894443 0.06558840270597308 0.023635365497516228 0.9975668052457524 0.1499094125516904
1249 -0.18240727996528708 0.9831403688076582 -0.012751448390931923 0.7739502434318074 -0.9811635115198112 -0.18117089845642073 0.0670467688486627 1.4765290657245709 0.06360619369188728 0.02474107461548759 0.9976683473742669 0.1501226546880017
1250 -0.20480779278586378 0.9787260562717048 -0.012209618716153661 0.7713392500405714 -0.9768300839403489 -0.2035877861513411 0.06599242713147305 1.4636717146678266 0.06210277870549206 0.025442486217229242 0.997745420822696 0.15081472990086758
1251 -0.23796343463161884 0.9712179974751417 -0.010440553561843617 0.7675489943371632 -0.9693258061724176 -0.23679186245188266 0.06585662734041978 1.4465661455509506 0.0614889036020064 0.025791767232922397 0.9977744732542496 0.1517012823337762
1252 -0.26483698921584514 0.9642502735886848 -0.009098297993724547 0.76471315095134 -0.9623757898132089 -0.2637039140744821 0.0655216367533738 1.4340474897916458 0.06077999937269381 0.02610853472289502 0.9978096692715387 0.15230714911437873
1253 -0.3030777444893882 0.9529251634786688 -0.008804181097581031 0.7603767968812806 -0.9511154963748139 -0.301900917020004 0.06507802131405209 1.4180680903570173 0.05935649375243483 0.02809749298946571 0.9978413388601937 0.1528994582458749
1254 -0.3335207713727209 0.9426971044643844 -0.009277084550040775 0.7561110152898666 -0.9410258661468307 -0.3323036360556477 0.06359726964719538 1.4054930463873767 0.05687015301951041 0.02994098695400575 0.9979325242698021 0.15340262074909736
1255 -0.37499141010629333 0.9269858356176989 -0.008871466034387342 0.7507806519169428 -0.9253540089853506 -0.37372211476067013 0.0636532716556209 1.3906063387513088 0.05569021816750631 0.032078676755908475 0.9979326420652078 0.15376346913160027
1256 -0.40739461723876125 0.9132324537416012 -0.006009265960507411 0.7461962758816992 -0.9115119291600146 -0.40620345538551467 0.06437977812155517 1.3800872932903465 0.05635271814668626 0.03170549267381232 0.9979073769108349 0.1542080054036514
1257 -0.4526752391501186 0.8916725618649619 -0.0022738244104266764 0.7401161483087285 -0.8897546472571749 -0.45153134435324044 0.06675412158799982 1.365495418163309 0.05849611561817734 0.03224108378970415 0.9977668650414444 0.15466246727805008
1258 -0.4995627885743977 0.8662768429206771 -0.0012048613214261541 0.7323975652027693 -0.8644044711978125 -0.49839065220302947 0.06642038819817794 1.3512324845825476 0.05693795257395721 0.03422264185897135 0.9977910003313284 0.15510730899955888
1259 -0.5360172351350205 0.8442048938816364 -0.0019028359844358838 0.7264152171188204 -0.8425109052762688 -0.5347961320217373 0.06456370238140248 1.341442996400985 0.05348736419335734 0.036210417308047194 0.9979117734306944 0.15548938863498338
1260 -0.5715583582946244 0.8205578273010485 -0.0024279863263849824 0.7200211483208037 -0.8190258946410566 -0.5703053642063454 0.062836100007866 1.332521301766972 0.050175960071716784 0.03790308183427406 0.9980209063037812 0.15605710671702702
1261 -0.6180855161635082 0.7861104961607358 -0.0007632393230743483 0.7111735156298488 -0.7846338895914104 -0.6168644526963747 0.06187007599425417 1.3213029938334115 0.048165900930329957 0.0388398612941427 0.9980839198996887 0.15693301115025235
1262 -0.6643343985536844 0.7474340726238575 0.0014539529912937972 0.7026545326441384 -0.745973522055918 -0.6631553305812163 0.0612250921767837 1.3098286428404353 0.046725916668761254 0.039589324352743524 0.9981229253501541 0.15756612715146986
1263 -0.6978573160392157 0.7162292851120757 0.0032829252999001433 0.6958648285500686 -0.7147767888213293 -0.696719961605415 0.060625384638438584 1.3017496273737155 0.04570895548848324 0.03996130940284973 0.998155190909993 0.15823500292744988
1264 -0.7318921977836225 0.6814083481921909 0.004058797444712527 0.6900379296947742 -0.6800153062982789 -0.7307523528123084 0.05983462258036417 1.2909417647079453 0.04373778711898722 0.041032449035638345 0.9982000521462481 0.16007973721763494
1265 -0.7736018305720836 0.6336481942736982 0.0054930528128056344 0.6815671518028338 -0.632416249740063 -0.772585235402898 0.05622936156357506 1.279885866272297 0.039873484919956174 0.04002524117723953 0.9984027670584074 0.1625749729677746
1266 -0.8113035067571485 0.5846032894622799 0.00506101508559517 0.6712905995149917 -0.5835509855665585 -0.8103069883765115 0.053580144015284846 1.2698532116557715 0.03542410433294531 0.040516398390007285 0.9985507269507863 0.16222478744806207
1267 -0.8364638284834349 0.5480093605304608 0.003742246550163694 0.6613745510901163 -0.547090550443133 -0.8354204419945034 0.05257960359035605 1.26189685913456 0.03194046420707593 0.04193358879425911 0.9986097240054319 0.1617699422731208
1268 -0.8649786071091043 0.5017884025692585 0.004517553559442056 0.6498292473020371 -0.5009294246681345 -0.8639606373426403 0.05139774921007653 1.253428325240986 0.02969378292429374 0.0421949780145429 0.9986680444909791 0.16222853645647398
1269 -0.8827822229686503 0.46974088452766916 0.006248856904916508 0.6400441033312181 -0.46882797053710495 -0.881758183169806 0.05198884933754929 1.2468183714328986 0.029931268785027658 0.04296519308625161 0.998628114631982 0.16216814552912076
1270 -0.9018227164849898 0.43204789662317644 0.007099510819418724 0.6265409473626589 -0.4311731055209065 -0.9008329700056604 0.050889225039615876 1.2394129800025915 0.028382056056242774 0.04283194103658219 0.9986790694320866 0.16185982451572514
1271 -0.9133768100323495 0.40707528640385887 0.005702113168314996 0.6169480457286294 -0.40634757769240243 -0.9124248574250126 0.04860581914773589 1.2349411625478175 0.024988977544440887 0.04207838816829302 0.9988017622383998 0.162366660525603
1272 -0.9265900462948716 0.3760520937227539 0.0039634472334281745 0.6041383156234534 -0.3754749074298946 -0.9256592366618013 0.04662157732234765 1.2285456740196037 0.02120094330554781 0.04171091450585353 0.9989047600318517 0.16277147829769567
1273 -0.9344614090883814 0.35604003646277443 0.004167416374175335 0.5938798883085357 -0.35548706819813297 -0.933548527894094 0.04600098270330828 1.2246444233216176 0.02026867698089313 0.04150468048652886 0.9989327015530789 0.16287269704432966
1274 -0.9430210815076794 0.33265636740287136 0.0071401021110848555 0.5794998227423475 -0.33200217902801465 -0.942154652192867 0.04603438358234456 1.2188555189871024 0.022040711238303652 0.04104086473194794 0.9989143379038652 0.16313787485993356
1275 -0.9485224272613364 0.31659405198888146 0.008568035186110694 0.5696229285586326 -0.3158823620408576 -0.947652030093219 0.04662577840130577 1.2150779768531343 0.022880960049635825 0.041519105308907366 0.9988756807343774 0.16302567340794805
1276 -0.954577185863414 0.2979117654842068 0.005565628021714239 0.5552266185550918 -0.29735206170498446 -0.9536476020671063 0.0462385387957537 1.2105654812285007 0.019082652542019667 0.042483303274224074 0.9989149219605524 0.16344327236065473
1277 -0.9583888484041181 0.2854592515362243 0.001957285482988207 0.5452435453666208 -0.28506406328082706 -0.957380767212121 0.04648167808734302 1.2076163221911487 0.01514249251436163 0.04398957018069713 0.9989172251179249 0.1631036379215312
1278 -0.9620572605903353 0.2728359067296303 0.002528901627201849 0.531523438235471 -0.2724196472537064 -0.9610258802392301 0.04708283444253622 1.2032344023125099 0.015276227738662784 0.04460746023414053 0.9988877871701443 0.16264586984607302
1279 -0.9648185101254467 0.26291315414406924 0.0013841594436231367 0.5194829773464097 -0.2625643842921235 -0.9637844078666984 0.04668575000782005 1.1996798570922897 0.01360832907846717 0.044679844793561484 0.9989086669206446 0.1626634992036561
1280 -0.9668913480683928 0.2551814549120439 0.0018831087914609286 0.5105180352344258 -0.25482231369415864 -0.9658730997003324 0.04641921711392023 1.197114079772099 0.013664167484272356 0.0444024812719554 0.9989202721864445 0.16229601697547624
1281 -0.9699938688093921 0.2431168136924647 0.0024717143776189963 0.4999513590374245 -0.24275226167483324 -0.969005281358727 0.045826893310794085 1.1944304239737353 0.013536392569600774 0.0438517912821059 0.9989463381379144 0.16218878114829033
1282 -0.9729823107379219 0.23085622750636733 0.0032901690924132974 0.49055755460541184 -0.23047067373655938 -0.9720079252237117 0.04564933570195833 1.1918592834217423 0.013736503862419128 0.04365770864706855 0.9989521074298267 0.1619846584444262
1283 -0.9756423620490275 0.21934342555259684 0.0032315694677834913 0.4816682729134219 -0.21898622916530253 -0.9747100172080699 0.04455798233509234 1.189659368194116 0.012923343612334846 0.04276498592079288 0.9990015731565489 0.1623619886560159
1284 -0.9773158588891705 0.21176375904258954 0.0031340578518388126 0.475389443186808 -0.2114092383533201 -0.9763494463806301 0.045253646156066106 1.1883414797136223 0.012643017869488472 0.043564537276057 0.9989706127763971 0.16223942008099101
1285 -0.9791611507932227 0.20306589737943564 0.0027716597809701285 0.46783867433946524 -0.20273959775157646 -0.9782011059169571 0.044936086671137486 1.1864340154075905 0.011836227426962888 0.04343774514691926 0.9989860189300728 0.16222065117388726
1286 -0.9804939999434588 0.19652800949287832 0.002873596931380357 0.4615414818615565 -0.1962005298866871 -0.9795211772109302 0.04520636532960612 1.1852592995953914 0.01169906604400521 0.04376076872407397 0.9989735366741812 0.16186755950597773
1287 -0.982294222777113 0.1873358681319118 0.0018254889648129753 0.45440223517443273 -0.18705855026744608 -0.9812853879185115 0.04569558216485078 1.1839389852096303 0.010351747201982887 0.044545033047466015 0.9989537433536941 0.1617927188162386
1288 -0.9835545456058011 0.18057375138395892 0.0036845797685525175 0.44805399842863985 -0.18022975272138048 -0.9825976994861823 0.04493325269488946 1.1825653634077822 0.011734225605622123 0.04353023403585328 0.998983196392566 0.16174567567028345
1289 -0.984575336765519 0.1748949163145315 0.0048139879691599784 0.4438407934207672 -0.17451327323759044 -0.9836506040329277 0.044459044619490726 1.1816399055793874 0.012510943061751977 0.04293317403092811 0.9989996090451964 0.16165863127308272
1290 -0.9857307324680029 0.16825067469644106 0.005160768501782185 0.43799722731924523 -0.1678590519837774 -0.984803237415547 0.04456368747539649 1.1805546124352968 0.012580212013433581 0.043061514587571945 0.9989932153061771 0.1615097615518622
1291 -0.9868103766523157 0.16184324896119803 0.0034703453778123805 0.4341795362447147 -0.1615266825157981 -0.985844048828906 0.044951554180890134 1.17987232685505 0.010696324912002814 0.043798106735789946 0.9989831402384826 0.16144335753162598
1292 -0.988209733653793 0.15306502012748757 0.003552734821587324 0.4292048506985111 -0.152750008227577 -0.9872269671654832 0.04528079379072964 1.1792454267470978 0.01043826123639186 0.04420424089820222 0.9989679813637043 0.16164013156367998
1293 -0.9889928789883441 0.14793230634625104 0.003019610676230804 0.4242874859937167 -0.14764772031882353 -0.9880109815671372 0.04510488872778011 1.1783928719555214 0.00965587872546032 0.04416257512640217 0.9989776929270592 0.16139897874839265
1294 -0.9894537367674286 0.14478281134205337 0.004386380882599055 0.42057663168567216 -0.14444522930980958 -0.9885016170537992 0.04472279966828092 1.1779788172086119 0.010811037262864535 0.04361754945739097 0.9989898051794711 0.16152044718826755
1295 -0.9902401601062364 0.13928846528945532 0.004811314738288313 0.41632328871333846 -0.13894445547140885 -0.9893177852046315 0.04409941237219047 1.1771061231087772 0.010902458710827172 0.04300050366036881 0.9990155619807677 0.16128935113626147
1296 -0.9907885839396822 0.13541343989715407 0.0010873041309095847 0.41208525473626606 -0.13523175051430064 -0.9898161649147337 0.04445597064906996 1.1765873932446607 0.007096167114335958 0.04389943016536223 0.99901075291756 0.16123955698413994
1297 -0.9911501593686275 0.1326965440627757 0.0036039944518864845 0.4080032642775321 -0.13241077516245298 -0.9902134044871046 0.04409988882036831 1.1760651424290163 0.009420626455876038 0.04323240413219992 0.9990206259286015 0.16110371926070102
1298 -0.991528878623635 0.12981539732593242 0.004294819187947052 0.40525358294578223 -0.12951283800383462 -0.990642452591415 0.0430575883680389 1.175513786805048 0.00984416815582677 0.04213660808859573 0.9990633606593593 0.16095734482550153
1299 -0.9918663694434895 0.12725263331657616 0.0028057940652965545 0.401743373988594 -0.1270114043523551 -0.990945817621138 0.043525736108076224 1.1751566921420968 0.00831915443104382 0.04281534600635127 0.9990483661046312 0.1609054503277811
1300 -0.9920093373529766 0.1261542510187086 0.0016060988920586325 0.3994090440971104 -0.1259619264679425 -0.9910575420098519 0.04402887125894775 1.174891846833058 0.007146165697230031 0.04347474409153491 0.99902896801936 0.16077862654129785
1301 -0.9924378587953606 0.1226376061151435 0.005207110141898856 0.39649700519018055 -0.12230299307923248 -0.9915582983517996 0.04305948039997207 1.1743796104894062 0.010443864869180888 0.04209701337264263 0.9990589407800016 0.16085482234498763
1302 -0.9931029576801733 0.117164419540756 0.004360532159986365 0.39466384893224415 -0.11687479585302742 -0.9922330889250146 0.04258848831132976 1.1740953713620854 0.009316519806245155 0.041785117398865715 0.9990831829353745 0.16090208592753732
1303 -0.9936386298722261 0.11260582599340602 0.0014836366104910076 0.3923243888528209 -0.11243436174070207 -0.9927005517951881 0.04363632391116946 1.1738406296943724 0.006386511179317385 0.0431919253683114 0.9990463803338917 0.16075649934056263
1304 -0.9938813940391471 0.11037340108747754 0.0041817357567154765 0.3906240128309249 -0.11008897313731845 -0.9929687916606686 0.043513179397663415 1.1737376808184532 0.008955030703142661 0.042786576402200335 0.9990441012813341 0.16067137366645373
1305 -0.9942218418401658 0.10703384079468345 0.008166157794553371 0.3878068504001865 -0.10658563650117606 -0.9933609362985999 0.04328455067020785 1.173632113354263 0.01274485385814379 0.042164050564288 0.9990294097475657 0.16067838124839437
1306 -0.9945920759250564 0.10347934018695779 0.008867280418415748 0.3863863962286023 -0.103003268139772 -0.9937342770829016 0.04338793958639428 1.1732918688293419 0.013301475856706602 0.04223994203994513 0.9990189477868832 0.16090855369364532
1307 -0.9949984234302721 0.09966721835291979 0.0066770469628432165 0.3842289364692909 -0.09928725464684204 -0.9941122117177702 0.04339298995800268 1.1731452384592553 0.010962592529589504 0.0425130109342142 0.9990357678619448 0.16068999534788098
1308 -0.9951778710996008 0.09793061481450703 0.005531686510248561 0.3814629100986333 -0.09759707426288734 -0.9942620561734142 0.043792405144155784 1.172939042780579 0.009788563163957213 0.04304135610233572 0.9990253378648938 0.16073192184284563
1309 -0.9952756289847532 0.09697657848647008 0.004686744434258485 0.37963689587242266 -0.09668545440497289 -0.9943763562400009 0.04321556498722582 1.17264330252129 0.008851285483249644 0.04255825860920168 0.9990547779630339 0.16049914107016816
1310 -0.9953521507827168 0.09625144120919586 0.0031234592132822255 0.377901994838852 -0.09602716798995127 -0.9944373661446465 0.04327941568954526 1.1724242754216765 0.007271790688998859 0.0427783225486184 0.9990581245259887 0.16054872347792482
1311 -0.9951850417680965 0.09798435695108515 0.002407993728213523 0.37602010352502263 -0.09778281702047822 -0.9942248326694291 0.04422106734763891 1.1723438652612423 0.006727060009158847 0.043772684345321694 0.9990188680752851 0.16052555098340893
1312 -0.9952174696010258 0.09759319979363398 0.004213734054444822 0.37399959732713645 -0.09731840473691858 -0.9942977691539417 0.04360131137671555 1.1720898806923492 0.008444897863421017 0.04298271290251611 0.9990401243659055 0.16054115577582148
1313 -0.9953771499329107 0.09594587371942798 0.004326512098597475 0.3726773979983652 -0.09567351998321393 -0.9944870425608225 0.04291968955463278 1.1718116797721332 0.008420627336021998 0.0423073456221392 0.9990691575369003 0.1604436871991447
1314 -0.9956448843810232 0.09311896529749612 0.004485811709016688 0.37097639540005223 -0.09283344039342188 -0.9947102372976946 0.043971538069754 1.17181131384476 0.00855666695765162 0.04336360360286014 0.9990227131224615 0.16042444857374566
1315 -0.9957503553720424 0.0919936834593083 0.004288587058620089 0.36967495063423944 -0.09171910268398926 -0.994820671998071 0.04381137715372692 1.171680860755788 0.008296745021220473 0.04323184901272926 0.9990306157743858 0.16031596796428238
1316 -0.9958687534725302 0.09067341430813679 0.004874196818735166 0.3678759544070621 -0.09038068878370673 -0.9949726121137008 0.04313736475652895 1.1714106587067186 0.008761104487653009 0.042518620401970256 0.9990572606051846 0.1602430463879828
1317 -0.9959599566434011 0.0896511949363304 0.005140817882034587 0.3664588520955674 -0.089346590010297 -0.9950589423576967 0.04329997791082432 1.1713735124348759 0.008997311565652415 0.042665729573988016 0.9990488896466724 0.1601907278950779
1318 -0.9960973634825939 0.08815645042250354 0.004299152498933554 0.3646923842848868 -0.08788673123379145 -0.9951759216332688 0.04359825080523287 1.1712483307288102 0.008121880086990146 0.04305026421799658 0.9990398940057795 0.16008946583901099
1319 -0.996208387886126 0.08693380951576048 0.0033705588840715474 0.36345724217543574 -0.08670385692096896 -0.9952711622772874 0.04379217663036096 1.1710710216411353 0.007161640800713954 0.043333893228075106 0.9990349766644042 0.1600915819870923
1320 -0.9963559901383142 0.08514672443169866 0.004977573065088122 0.36162483197327533 -0.08484979586478374 -0.9954354619032751 0.04368928160223621 1.1708950386533292 0.008674851964361985 0.04310773137021769 0.9990327674510577 0.16000386110610168
1321 -0.9964442052839606 0.08402761952275226 0.006189096341039692 0.36038648749423324 -0.08368117732263491 -0.9955416481196571 0.043523412333089845 1.1707320995587682 0.009818671904158159 0.04285074114457449 0.9990332365173892 0.1599840569498986
1322 -0.9966708293323822 0.08123959768603309 0.006883728985364429 0.3585475241137496 -0.08086467192557716 -0.9957691523229957 0.04364287016734559 1.1705717772937771 0.010400134191102414 0.042940925117316876 0.9990234802844693 0.1598650910084084
1323 -0.9967973495980608 0.07981371797193129 0.004981391080280973 0.35719703386982454 -0.07952309638237148 -0.9958831421740797 0.04350683020195526 1.170490485295846 0.008433325277314814 0.04297135739124488 0.999040710616759 0.15984116252016284
1324 -0.9969267659305538 0.0782771742900247 0.003115663151899789 0.35557376696666165 -0.07806658371211354 -0.9959868688273061 0.04376946002776209 1.1703888816054684 0.006529309237967306 0.043391717052702346 0.9990367996292161 0.15987517401751677
1325 -0.9970145546227226 0.07708924836441193 0.004384707079936266 0.3542949763503028 -0.07682434360125484 -0.9960810818205869 0.04382349448184382 1.1703633194217014 0.007745844022247554 0.0433558095887239 0.9990296670650676 0.15987218364639885
1326 -0.9971151878856175 0.07561780584563152 0.006576437295115405 0.3526624539766957 -0.07526245299916892 -0.9962138548780592 0.04351457821861567 1.1701468705979854 0.009842014876790187 0.042894088032234254 0.9990311466395622 0.15978947551660497
1327 -0.9972489850998018 0.07390289717271703 0.0057291802548632455 0.3509277496419879 -0.07359012919639751 -0.9963614285657811 0.04299298256355504 1.1699885706770374 0.008885640192977653 0.04245309711218383 0.999058947181598 0.15963658852633206
1328 -0.9973714967094902 0.07232296191204303 0.004414377744310938 0.34965181210083796 -0.07206323177982094 -0.9964484237280451 0.04355949351895287 1.1698915214562255 0.007549051335539482 0.04312688291905488 0.9990410821349842 0.1596395383543838
1329 -0.9974325038442465 0.07149788684619642 0.004056162227639737 0.3479815975515434 -0.07125288142598624 -0.9964975620769664 0.0437679753128756 1.1698410476694 0.007171273517903206 0.043366587956955006 0.9990334888713381 0.15963068788141735
1330 -0.9974558012816397 0.07109543678657194 0.005230999637736842 0.34677949170985695 -0.07080083215823316 -0.9965346725759519 0.04365648311635934 1.1697283363766384 0.00831664924708186 0.04317505322040472 0.9990329064274138 0.15964694721776768
1331 -0.9975632265943709 0.0695164615474293 0.005922036819573154 0.34515053857932276 -0.06919782929931177 -0.9966684551528779 0.04317002341904577 1.1696312302194845 0.008903334561886371 0.04265503576102379 0.9990501882085312 0.15958379741329964
1332 -0.9976778837391208 0.06791373288443957 0.005154142347172864 0.34399880120673065 -0.06762592095846721 -0.996758033699353 0.043590791116203724 1.1696413130253838 0.008097846135672694 0.04314101460743468 0.9990361743933504 0.1595013464510933
1333 -0.9978001375499722 0.06614243837074392 0.004479213201588271 0.3428337990672935 -0.06588395525887379 -0.9968660727108978 0.043787412768083664 1.1694950100586012 0.007361381923275489 0.043395978200376384 0.9990308299212859 0.15952126310313364
1334 -0.9979189976654228 0.06428910792320304 0.004958296156200867 0.34127132929642073 -0.06401216654872748 -0.9969913887856441 0.043710561892299354 1.1693889188719688 0.007753491601990554 0.043302208831746784 0.9990319324621956 0.15949655647732475
1335 -0.9980074383003633 0.06288074809624554 0.005211968456181305 0.33968493990265436 -0.06259541103552207 -0.9970883924320282 0.04354942243626428 1.1692263853616103 0.007935213511239835 0.04313640221728367 0.9990376785645173 0.1594505175645683
1336 -0.9980353469121099 0.06242684329446148 0.005323114680723193 0.33854716613615377 -0.06213565940016263 -0.9971091450765234 0.043732283666846575 1.1691750541768735 0.008037794748198959 0.04331560965979444 0.9990291045887713 0.15944898793149664
1337 -0.9980770704481134 0.06181209061825157 0.004628919879442664 0.33736795118197743 -0.06154970065650273 -0.9971342982949828 0.04398665153264418 1.1691485133411152 0.00733456166752317 0.04361715966627773 0.9990213949598465 0.159438429921497
1338 -0.9981198854582773 0.06109130570972037 0.004954454501931754 0.3359108495368471 -0.06081428803553516 -0.9971729967562222 0.04413203949610083 1.1690782086341045 0.007636532159498319 0.043747764583791905 0.9990134215666668 0.15939618513542014
1339 -0.9981884121898892 0.05989436077431747 0.005706077255817187 0.33455992315804955 -0.05958807123291103 -0.9972600735533116 0.04383614333355915 1.1690382281404161 0.00831598080771395 0.04341671617181355 0.9990224387972126 0.15935424014177532
1340 -0.9982763872812295 0.058397617027152494 0.0058286295947215915 0.3334870935890411 -0.05808833575346557 -0.9973534691739119 0.043724166939786806 1.1689258919128063 0.008366591102637707 0.04331022801555994 0.9990266384348232 0.15930282349281796
1341 -0.9983289036147578 0.05748615673227076 0.005894233794713805 0.3323090644184822 -0.057174527388945434 -0.9974044498720295 0.04376570338485977 1.1688712315662608 0.008394857100745065 0.043355566644107696 0.9990244347441275 0.1592418018949677
1342 -0.9983792457442877 0.05671109969061102 0.00476789665709889 0.3307585056379172 -0.05644818365633746 -0.9974404705319817 0.043887473220105104 1.1687440385446421 0.007244599954413428 0.04354720330413731 0.999025103216201 0.15927070252863962
1343 -0.9984050326351507 0.056248368849854145 0.004848897819268216 0.32973603144346436 -0.05598134281933711 -0.997460651836969 0.04402655212336553 1.1686426596777892 0.0073130065225513 0.043684883398082804 0.9990185938700172 0.15922595871801706
1344 -0.9983783763382253 0.05661220875208692 0.005972895461322213 0.3283305170417185 -0.05629684205295048 -0.9974484659872742 0.043900151173458024 1.1686449653872681 0.008442939938364667 0.04349270649612361 0.9990180685286197 0.15917009444847882
1345 -0.9984128151641157 0.05598160916582286 0.006157105773414566 0.32705645728040333 -0.05566230794880778 -0.9975018640272223 0.04349412298892458 1.1684703523689517 0.008576595480333094 0.04308237105775303 0.9990347097644408 0.15911852517868152
1346 -0.9984983121958103 0.05448998963957002 0.00565345646279047 0.3255856564584286 -0.054191476523226055 -0.9975703916444563 0.04377896281194582 1.1684259254672091 0.008025236008704032 0.04340685132387258 0.9990252453500592 0.15912039777159734
1347 -0.9985598189043482 0.05334663694655962 0.005694242290360395 0.3245388532974278 -0.053047098188973456 -0.997630162754559 0.04381853187533792 1.1683864132319404 0.008018319174525716 0.04345336222303052 0.9990232789431496 0.1591012171488623
1348 -0.9986118672749755 0.05235280780297042 0.005789823164620458 0.32303127474141724 -0.05205050301077102 -0.9976851696273197 0.04376125503072781 1.168324796318905 0.008067445280620195 0.04339914539118195 0.9990252401746318 0.15902172905830433
1349 -0.9985767975022649 0.05288675281000025 0.006882649645302847 0.32197490291530156 -0.052538125312018936 -0.9976670785568043 0.04359066130383068 1.1682532470671867 0.009171961493690841 0.04316702145584729 0.9990257671256793 0.1590683043083802
1350 -0.9986411854967869 0.05172536223715472 0.0063458278599928895 0.32064093192574966 -0.05140176729293921 -0.9977302681099448 0.043499085225076166 1.1682066304150154 0.008581430472648246 0.04311379126968723 0.9990333127844899 0.15909994009499168
1351 -0.9986589342023712 0.05129208710531055 0.0070324204268941105 0.3196350661122697 -0.05093724321331998 -0.9977444164652755 0.043720437612026535 1.1681426170942417 0.009259070709947848 0.043303593518038086 0.9990190530710947 0.15906143018299984
1352 -0.9987351511135271 0.04969180288546337 0.0076695929922242605 0.3181579394015626 -0.0493163745233888 -0.9978504148022586 0.04315605267569094 1.167994960903343 0.009797608612022533 0.04272323026974286 0.999038904377911 0.1589723366571613
1353 -0.9987903269945427 0.048607192148139 0.007431256518176845 0.3171261590229245 -0.04824136228233781 -0.9978959160976941 0.04331872112567435 1.1678906890255811 0.00952122193279272 0.04290782569918997 0.9990336655120323 0.15893852842909267
1354 -0.998834753728358 0.04770208919709075 0.007324304063943203 0.31567582687364926 -0.04733936850578632 -0.9979284874703762 0.043562806200632645 1.1678391745179533 0.00938716854433413 0.043165316873885334 0.9990238418011084 0.15891799582796354
1355 -0.9988558992597156 0.04731120085597893 0.006967265390654995 0.31432556088680796 -0.0469619400583819 -0.9979351102846216 0.043818852645901234 1.1678256325278695 0.009026001294851364 0.0434415231637166 0.9990151977651538 0.15890340089074467
1356 -0.9988386828916064 0.047530965685926616 0.007879902347445568 0.3132833771824014 -0.04714353277846498 -0.997933850091973 0.04365224113570718 1.1678056727318498 0.009938454463522869 0.043230060606382355 0.9990157100783029 0.158907579275038
1357 -0.9987915677604565 0.048676734277048744 0.006780834028339329 0.31213072088055704 -0.04833074708916644 -0.9978521161403446 0.04421869740086021 1.1677260479759122 0.008918691368215959 0.04383753932648491 0.9989988624071291 0.15884178851070496
1358 -0.9987488880902782 0.04940595355098451 0.007727243484885606 0.31144374864437 -0.0490191672348824 -0.9978245657278482 0.04408239186063788 1.1677155963171086 0.009888365979490105 0.043648456813210966 0.998998014230565 0.15886510572940216
1359 -0.9988428214121322 0.04725083160192403 0.008965323482368916 0.31035955344133875 -0.0468219547783026 -0.9979695569115773 0.04317948618097801 1.1674976626265177 0.010987386533168223 0.04270974583310351 0.9990271042110859 0.1588213673294919
1360 -0.9990069905262808 0.043665833694082265 0.008850302069704568 0.3093687612604416 -0.04324508027598139 -0.9981312283362248 0.04317307090118633 1.1674815150760545 0.01071895101015818 0.04274746760950588 0.9990284070553463 0.1588332525387321
1361 -0.9991522060682644 0.04022670572819173 0.008756783402910128 0.3079200330191164 -0.03981339526415863 -0.9982757485489254 0.04313262587984579 1.1675161252194564 0.010476767954377561 0.04274742102131328 0.9990309781634782 0.15873794436913516
1362 -0.9991304095547621 0.04098834766798513 0.007640684393784805 0.30654127453250407 -0.04061647299196334 -0.9982173981184469 0.043730175103754806 1.1674807671718586 0.009419491716211755 0.043381810109665034 0.9990141599240868 0.15876103442382303
1363 -0.9993366627011042 0.035935633512427206 0.005904644411620536 0.3060383688511172 -0.03563963821582468 -0.9983827715658447 0.044290604276208914 1.1675696589814746 0.007486706177039858 0.04405078527592641 0.9990012400129868 0.15873014908417826
1364 -0.9994789567292053 0.03111843963034055 0.008570750802799568 0.3060015367910003 -0.03072031682296561 -0.9985934940514308 0.04321221784743336 1.167382984268013 0.009903392783768556 0.042926406232117374 0.9990291519566327 0.15868363583206388
1365 -0.9995223070545055 0.029516866883819465 0.009160364084910732 0.30600793685489297 -0.029104823964580372 -0.9986828584517015 0.042254673775203366 1.1672645907882302 0.010395524169459804 0.041967878230773595 0.9990648779104266 0.1586969710648442
1366 -0.9996214536994517 0.026046792124630194 0.008860808250162392 0.3056998658073348 -0.025650390124826155 -0.9987781452433332 0.04224066843597139 1.1672645690171597 0.009950215539009696 0.04199739519795398 0.9990681718516919 0.15874330267929437
1367 -0.9997588910236055 0.020055290185286838 0.008941205383717505 0.30536589264672315 -0.019664448015495693 -0.9989306186106717 0.041844099768026916 1.1673523054246169 0.009770839389137264 0.04165818691100807 0.9990841436843179 0.1587543834589008
1368 -0.999814006142368 0.017198937296968652 0.00872637820840741 0.3050573826416661 -0.01681881749385095 -0.9989799104408981 0.041907826386512734 1.1673739371056497 0.009438246599442453 0.041753264425977855 0.9990833721020284 0.1587321731975409
1369 -0.9998459750012061 0.014694341624104408 0.009597009814290524 0.305059264221988 -0.014282502843603091 -0.9990298785858429 0.0416570738963717 1.1673305051924299 0.010199822823979668 0.041513588345458693 0.9990858749867103 0.1586622336080402
1370 -0.999875855869305 0.012743950577690675 0.009266313872442325 0.3047812995776749 -0.012349741834632985 -0.9990654043423233 0.04142223704691849 1.1674011317747106 0.00978553655796889 0.04130265813531099 0.99909876073668 0.15869033879360575
1371 -0.9999027607548238 0.009980022694385336 0.009740029890442054 0.30473812585807314 -0.009567275643273969 -0.9990910141189154 0.041540495219269724 1.1673230666024927 0.010145751425995483 0.041443270301378905 0.999089344891246 0.15872405373403012
1372 -0.9999049787412958 0.010014006633840679 0.009473814393835475 0.30472794601023817 -0.00961297005961527 -0.9990935323293108 0.04146931955153346 1.1673440092222307 0.009880500729259997 0.04137430759057175 0.9990948615509945 0.158745967770055
1373 -0.9999050292042287 0.00992318783536394 0.009563624612101022 0.3045475984683604 -0.00951824037784726 -0.9990933223439536 0.04149622087776356 1.1673569300270328 0.009966728281891529 0.04140125106934016 0.9990928889438986 0.15870597587558982
1374 -0.9999005165344297 0.009898276664993889 0.010048937912008319 0.3046410694683319 -0.009472454069102635 -0.9990905711015067 0.04157286795480432 1.1673704002136716 0.010451298867155956 0.04147354403811003 0.9990849390801064 0.15865268294827573
1375 -0.9999027796647815 0.00989538740253272 0.009824078866664856 0.3046764291009744 -0.009478803290872341 -0.9990901418772382 0.04158173507759162 1.167378358151789 0.010226607726019448 0.04148457197575299 0.9990868064306878 0.1586821504799877
1376 -0.9999006937632362 0.009876924139165603 0.01005231218685084 0.30470879047785104 -0.009450822874753215 -0.9990901554415248 0.041587777609200176 1.167387859453776 0.010453925469900987 0.04148864506120949 0.9990842846198966 0.1586583229325577
1377 -0.9999003328715182 0.009854829280238626 0.01010973113609202 0.3047003457126954 -0.009424647373996483 -0.9990835997382561 0.04175088927778631 1.1674167712274464 0.010511914462309552 0.04165144743493561 0.9990769022365215 0.1586926342138272
1378 -0.9999017179111841 0.009897870589998897 0.00992908234244173 0.3045568547408363 -0.00947678059258299 -0.9990895675053536 0.041595994164433686 1.167429060885293 0.010331754350621353 0.041497810287365954 0.9990851748443492 0.158628062844418
1379 -0.9999025347875092 0.009747941356480237 0.00999492690467024 0.30475200409954784 -0.009324047804513905 -0.9990902335657428 0.04161450860397928 1.1673821504988593 0.010391489645677151 0.04151725945929949 0.9990837472960044 0.15866043482573625
1380 -0.9999043198737251 0.009822491268478955 0.009740111048103064 0.3046527785976092 -0.009409207289976546 -0.9990898032613142 0.041605670727391145 1.1674023611767606 0.01013991696879448 0.041510043167899954 0.9990866320799997 0.1586617041799618
1381 -0.9999039358347748 0.009774441403254779 0.009827481694994467 0.30456744476682196 -0.009359400847805333 -0.999097707513224 0.04142671187198947 1.1673558301203013 0.010223537400198622 0.041330752908701605 0.9990932129421475 0.15865459040532037
1382 -0.9999054381133113 0.00984064130699597 0.009606071466741457 0.30460480001479745 -0.009435517449616808 -0.9991003755077104 0.04134501988285638 1.1673874661533898 0.010004291119605609 0.04125047196459251 0.9990987502358195 0.1586811365818217
1383 -0.9999069711319866 0.009487113581074664 0.009800191659278923 0.30468002736720456 -0.00907333580040305 -0.9990999516430509 0.04143623057733864 1.1673988150596895 0.010184481239650382 0.04134345538156582 0.9990930862731007 0.15868532886394252
1384 -0.999901656388979 0.009831596440629219 0.010000863078954217 0.30468831155988774 -0.009410071002494812 -0.9991001280051052 0.04135679851332629 1.1673973176926609 0.010398466935964785 0.041258622503890736 0.9990943889123134 0.15865346747209935
1385 -0.9999021591999314 0.009876966018707458 0.009905431278096316 0.30458216393439824 -0.009458364562975522 -0.9990957449421642 0.04145155942192086 1.1673970181251485 0.010305889885495703 0.04135381458714328 0.9990914125606629 0.1586390518987546
1386 -0.9999049142087256 0.009814604632451908 0.009686902374756579 0.3046362873296259 -0.009404488801552084 -0.9990937735904047 0.0415112895909436 1.1673969014001133 0.010085540742841684 0.04141624209178949 0.9990910753080426 0.15864930759492174
1387 -0.9999040738289805 0.009822788770001343 0.009765037708538291 0.30473441110624017 -0.009409667483563977 -0.9990946947154992 0.041487939798062645 1.1674077818582596 0.010163724638288551 0.041392074260291914 0.9990912845630215 0.15867721566508547
1388 -0.9999035450615614 0.009829065608580588 0.009812749012996952 0.30456909848604524 -0.009415580182462082 -0.999101192419711 0.041329821616729344 1.1673722378654916 0.010210162768479587 0.04123344242562779 0.9990973705308535 0.15868888734431175
1389 -0.9999038838651841 0.009890222855192874 0.009716301949133622 0.30460074733674825 -0.00947912221901894 -0.9990942750877777 0.041482233888818255 1.1674036513578716 0.010117770190050238 0.041386144762508646 0.9990919966397874 0.15863530041233137
1390 -0.9999054749119122 0.00973025193491337 0.009714084497958877 0.30470859361030944 -0.009319243096942903 -0.9990952476225463 0.041495034464292625 1.1674062859315266 0.010109052796590384 0.04140058422698405 0.9990914866407763 0.15870307239157205
1391 -0.9999069749323028 0.009605541953591808 0.009683751558561023 0.30468843911630894 -0.009196763184102069 -0.9990999751843868 0.0414084427720756 1.1673929560964436 0.010072786475848255 0.04131553157884832 0.9990953737371432 0.1586617952625158
1392 -0.9999326633996976 0.008049167122107657 0.008359400378368242 0.30484146981850185 -0.007693288976449215 -0.9990978218669914 0.0417654838836646 1.1673702042051206 0.008688036070347734 0.041698360255440756 0.9990924705866302 0.15865315692821497
1393 -0.9999804416108043 0.0015345582571295224 0.006063128399504266 0.3056161005551192 -0.0012724208077396298 -0.9990740708578385 0.04300444029154673 1.1675672641426318 0.006123507191967342 0.04299588434262381 0.9990564831826608 0.15873190956945282
1394 -0.9999700428450337 -0.004487831823817145 0.006306566242825348 0.30644423579330593 0.00475395906589245 -0.9990707589793194 0.042837115046585994 1.167727708913862 0.006108460155482789 0.04286581292596774 0.9990621646311255 0.1586638136267722
1395 -0.9999160608466812 -0.011359500970657129 0.006231612762351183 0.30808972607454366 0.011612933340160624 -0.9990389752991395 0.04226423560851147 1.1676329317580534 0.005745523404059483 0.04233305528721759 0.9990870339418028 0.15880087751278357
1396 -0.9998776473863835 -0.014546799783267103 0.005751597386535209 0.3094850201918405 0.014777716664859377 -0.998992142807014 0.04238298832453822 1.1677115608279138 0.0051292637521282 0.042462798131490925 0.9990848819935152 0.15883461809323637
1397 -0.9998641250635629 -0.015406898814832959 0.005861644761328594 0.31173117084477947 0.0156425570448251 -0.9989722025090023 0.042542320380017026 1.1677262277814124 0.005200174951717601 0.04262823105645916 0.9990774705182833 0.15883979901738093
1398 -0.9999038926397665 -0.012662061677621135 0.005646032065072497 0.3141685547890406 0.01289024751525972 -0.9990175999573881 0.0423990152549573 1.167712114702563 0.005103626456942166 0.04246771914797593 0.9990848041224422 0.15886479198763662
1399 -0.9999109526061439 -0.011693199176006513 0.006430859319094332 0.31624267276215123 0.011952913777025509 -0.9990481733240519 0.041950866859743946 1.1676763198025473 0.005934198414607614 0.04202399875100379 0.9990989784899592 0.1589239675387667
1400 -0.9999200483385523 -0.010466348926020956 0.007095947427488744 0.3185266229730649 0.010751045172477035 -0.9990870266182852 0.04134644205332385 1.1676204077392016 0.006656722727432531 0.04141942518745633 0.9991196721417606 0.15902297379324287
1401 -0.9999529823788509 -0.006329165139888381 0.0073467476276057875 0.3218273015344302 0.0066280840753309275 -0.9991205659427951 0.04140245417031346 1.1675741316611754 0.007078243678107253 0.041449202385865545 0.9991155399098599 0.15908939245145157
1402 -0.9999745907389923 -0.0009772910749549992 0.0070613581426729344 0.32519950567254746 0.001269527341698247 -0.9991376952054745 0.041500052046412855 1.167503287083195 0.007014711470215774 0.0415079621479622 0.999113548552498 0.1591191909608091
1403 -0.9999673566396675 0.003408940066447488 0.007325624993882702 0.32775924317721283 -0.003102412714118196 -0.9991355664777609 0.041454732332513455 1.1674389178125784 0.007460609176925305 0.04143065199897254 0.9991135272762408 0.1591939154845811
1404 -0.9999548626391528 0.006765428345584218 0.006670956723255073 0.3302031825148515 -0.006482220397693561 -0.9991133774927858 0.041598554453792985 1.1673779708736929 0.006946474143078212 0.04155343419256498 0.9991121351497461 0.1591845233013846
1405 -0.9999509419608665 0.007552819804371248 0.0064084774632994605 0.3336509336457745 -0.00727624815014121 -0.9990854317914134 0.04213497590345628 1.1674649182244072 0.006720854354705527 0.04208627917157643 0.999091374811247 0.15931626194805074
1406 -0.9999494994475202 0.007180194335725311 0.007031597452097967 0.337016015540529 -0.006880915803175226 -0.9991065234282852 0.04169901485280754 1.1675090769557723 0.007324721914414361 0.04164852519898023 0.9991054743110525 0.15933505541385165
1407 -0.9999478797837554 0.007656021183468971 0.006754484121375019 0.3395998683056531 -0.007367763976825397 -0.9991023506365291 0.04171581241755967 1.1675204879746046 0.0070677981062884 0.04166387273560606 0.9991066849635504 0.159489905483909
1408 -0.9999398922844578 0.008629242531379656 0.006763726092031293 0.3427639339918185 -0.00833984235813413 -0.9990950892231036 0.04170671071972788 1.1675075945035636 0.007117502845723748 0.04164779541473415 0.9991070024227462 0.15949166525037012
1409 -0.9999270180538995 0.009712293779921659 0.007185396006409114 0.3451469747668326 -0.00940695501141149 -0.999099498220435 0.04137271870761773 1.1676054102257407 0.00758074954296295 0.041302106548534036 0.9991179451057509 0.15956275552199387
1410 -0.9999166941212199 0.010394589344191235 0.007652276169794938 0.3481019768825079 -0.010070179865426259 -0.9990969978288706 0.04127687496158382 1.167638945395821 0.008074422313058095 0.04119637655680804 0.9991184425596885 0.15964907632195502
1411 -0.9999081495739325 0.010605814497326635 0.00843854930084354 0.3501589598597222 -0.010247510611287149 -0.9990889846497465 0.04142691488734577 1.1676935974476534 0.008870227827989435 0.041336635684197126 0.9991059010985122 0.15973050906306746
1412 -0.9998860691494701 0.011084499669834033 0.010246101069388376 0.35231861109331647 -0.01065246723482128 -0.9990900217723176 0.041299556114029475 1.1677406308660991 0.01069456225694879 0.041185704563810585 0.9990942718679111 0.15981650736818734
1413 -0.9998942372547021 0.012138474738167732 0.008010726303173902 0.35371683858412034 -0.011795844245702933 -0.9990682341876346 0.04151531639590952 1.1677828987503829 0.008507194801839379 0.04141643234180497 0.9991057535462801 0.15986096032150068
1414 -0.9999046570737375 0.013194430066420782 0.004072318473376812 0.35555576813633843 -0.013010675523169982 -0.9990219861284789 0.04225865063111436 1.1678959027320392 0.00462591450005926 0.042201637953767905 0.9990984048981425 0.15990899487584284
1415 -0.9999084957692248 0.012660885309415781 0.004764669015322095 0.35672236262433843 -0.012448463758159629 -0.999029785533175 0.04224361923397573 1.1679676907352894 0.005294887882928067 0.04218044095442054 0.9990959786549325 0.15996170045010658
1416 -0.999903190438407 0.01281762240809378 0.005414638239656393 0.3582151902138754 -0.012578422078842915 -0.9990336344473916 0.04211389960390785 1.1679902098854427 0.00594920578305352 0.04204171497026698 0.9990981439046425 0.15992015842763482
1417 -0.9998958105470376 0.013809231226477798 0.004203948403511263 0.35954457363345527 -0.013619115940221605 -0.9990115479332395 0.04231367127433317 1.167895789312686 0.004784112273259798 0.04225200857524909 0.9990955309890212 0.1600318750459657
1418 -0.9998783126123699 0.01485301166249265 0.004769487652408871 0.3609438831185767 -0.014636140427708999 -0.9989818668255018 0.04267333061350304 1.1680277590824573 0.005398459156731343 0.04259833091575278 0.9990776940967648 0.1600411462909314
1419 -0.9998652025315302 0.015649428709750474 0.004967106631033358 0.3620983601585417 -0.015423935508199472 -0.9989738714307028 0.0425829356792011 1.1681576446359925 0.005628408357202524 0.04250058327407393 0.9990805880616931 0.16007549976031119
1420 -0.9998607228129198 0.01581736601799254 0.005324087462626886 0.3635188619222945 -0.015577689374145753 -0.9989795525399833 0.04239326833627803 1.1681365448925736 0.005989204353672733 0.04230442694053748 0.9990868154933624 0.16011451476879307
1421 -0.9998658338400739 0.015380848280317175 0.005634165837735957 0.3645060308309172 -0.015128518743023924 -0.9989869997140634 0.04238044739463946 1.1681145710971057 0.006280305657699508 0.04228952478811959 0.9990856589175935 0.1602276389916911
1422 -0.9998530203360095 0.01671711641811184 0.003804700198105107 0.3658102002391085 -0.01654028909837511 -0.9989579861650077 0.042536580876266654 1.1682203360517076 0.00451182462281444 0.04246739802141382 0.9990876655952055 0.16014121592461447
1423 -0.9998299920509255 0.01761036504587844 0.005464616941034129 0.36667095953919926 -0.01736120562628027 -0.9989367166146537 0.04270860261168399 1.1683462215383282 0.006210920588326523 0.04260646947095871 0.999072626601927 0.16027717983285927
1424 -0.9996903263550881 0.01738640174497185 0.01780349476837323 0.36681463646852114 -0.01664684308113056 -0.9990254637287821 0.040877933366362834 1.1681625988908402 0.018496864789462997 0.04056890256308866 0.9990055205747305 0.16043285101640611
1425 -0.999815461557467 0.016754356846242043 0.009398635940665402 0.3666666669927316 -0.0163523728044146 -0.9990117346078156 0.04132981996921764 1.1680618419799613 0.010081802147093057 0.041168503029724586 0.9991013520279814 0.1602887732440227
1426 -0.9998465630740397 0.017391483755979435 0.0020944217384152625 0.3664112561522777 -0.017285064203686584 -0.9989206095152113 0.04311429507920881 1.1682377406787676 0.002841982602053892 0.043071477539631316 0.9990679511219027 0.1601994191283297
1427 -0.9998514659224362 0.017015046749828705 0.002744863650336446 0.3660694761924021 -0.016881232364844956 -0.9989308553747239 0.04303684669658648 1.1683240432456348 0.0034742029524565325 0.04298411757647751 0.9990697150607359 0.16022339443067418
1428 -0.9998554722154261 0.016088096274764815 0.005496165888875766 0.3659956480531442 -0.015843488116215734 -0.9989930600777643 0.04197439456666992 1.1681743233782744 0.0061659196807664395 0.04188124966090734 0.9991035693875084 0.16018767094867795
1429 -0.9998536359742799 0.016474337161427658 0.004615500421281064 0.36578180547913974 -0.01626381164136989 -0.9989666327715555 0.04244001694536805 1.1681658558191215 0.005309902063135839 0.042358739622753286 0.9990883555116452 0.16019913109321665
1430 -0.9998481442900655 0.017055537471296046 0.0035772897429251476 0.3658162932438535 -0.016887063310213418 -0.9989422491652128 0.0427692637961708 1.168237255677708 0.004302958644170341 0.04270235911930192 0.9990785720221096 0.16013470428502896
1431 -0.9998460554594573 0.01693122817998841 0.004604225654293496 0.3658819916575112 -0.01672064958227807 -0.9989580899855779 0.04246356471614316 1.1682475447867948 0.005318388768684874 0.04238004203793364 0.9990874069764202 0.16021594569489317
1432 -0.9998442844859233 0.01695406815232853 0.004895544328404226 0.36585388823827797 -0.016730849684075177 -0.9989558447108019 0.04251233921753232 1.1681334913311292 0.00561118971683968 0.04242381277025065 0.999083947754525 0.16015811595679147
1433 -0.999843477030297 0.017182871499363636 0.00421549130062808 0.36587650483973244 -0.016989071000698006 -0.998958076417727 0.04235720748658114 1.1681896637419382 0.004938917534762306 0.04227896032960585 0.9990936375570364 0.16017324766732205
1434 -0.9998456341922745 0.017012270992519746 0.004392086322274145 0.3658723729954266 -0.016809209208808115 -0.9989449176616829 0.042737594265056675 1.1682295160141067 0.005114515845708053 0.042657169543341186 0.9990766775449906 0.1601831062175634
1435 -0.9998330407958227 0.01781012242074024 0.004085348496644017 0.36576725818756384 -0.01762017564551113 -0.998937546423531 0.04258295144772676 1.168218176394201 0.004839415582230342 0.04250385727438617 0.9990845820922578 0.1601851904544938
1436 -0.9995851030781185 0.028255590509791303 0.005589571369757214 0.36577569172685426 -0.027996338579288967 -0.9987247449591061 0.04201296028017618 1.1679655702097882 0.006769544242950316 0.04183904169900208 0.9991014302168008 0.1602300707682696
1437 -0.9988323620600034 0.04821169833370799 0.0030894410333864655 0.3658529666304707 -0.048033320567415806 -0.9979086726309706 0.04325599614380679 1.1679228965091637 0.005168425038509244 0.043057092689364654 0.9990592445654972 0.16034848768493254
1438 -0.9971592163230134 0.07525507077147334 0.003189298465624655 0.36590758777664484 -0.07503771475847648 -0.9961758640931146 0.04475476691645308 1.1678846585167233 0.006545125307318383 0.04438831063686745 0.9989929124940188 0.1603393754798131
1439 -0.9922965338705958 0.12377403327492083 0.005251433665128258 0.365660689834959 -0.12340327454250886 -0.9912825357618259 0.04615805590140699 1.1673488260229654 0.010918823227481477 0.04515443476993078 0.9989203453333698 0.16033995342100457
1440 -0.9818877259086017 0.18939736263459747 0.00501325605461562 0.3655282625683191 -0.18894650689776205 -0.9808183199352094 0.0479024092265531 1.1671226988372931 0.013989683352499494 0.046087550441115205 0.9988394397777557 0.16052043898304708
1441 -0.9686169238020774 0.24854549889692912 0.0025278253883233423 0.3640090429554095 -0.24811965485325016 -0.967461302732622 0.04955062653852074 1.1664278304463322 0.0147611584361345 0.04736837228654266 0.9987684143533645 0.16007916903612815
1442 -0.9494409879996365 0.31393234112346363 0.00288019139615533 0.36335626878402705 -0.31338244325501474 -0.9482473676325416 0.051170050199196085 1.1658461012489956 0.018795067564720574 0.047680341599958216 0.9986858016717668 0.15974077541731393
1443 -0.9135102374279709 0.40680893160928006 0.0023535669486970125 0.3629538847881235 -0.4061082867451896 -0.9122474205576242 0.053672182014578004 1.1655235914068587 0.02398135840135281 0.04807428469314667 0.9985558359956833 0.15997404733098514
1444 -0.8670012054370045 0.498302277994922 0.0019363664737387268 0.3624149341485678 -0.49740405478188143 -0.865659010922307 0.056777487569809375 1.1647468107759233 0.029968584480958592 0.04826299362814483 0.9983849795497732 0.15968318703162573
1445 -0.826969121698474 0.5622442621294051 0.0018604998744759385 0.3625054459819771 -0.5612062493810199 -0.8256346149496161 0.05809499334813134 1.1644105889335268 0.034199669765986075 0.046998641467155336 0.9983093259553754 0.15965701165444182
1446 -0.7685408334132481 0.639797386381981 0.002071655060203531 0.36205345196977806 -0.6385230883158508 -0.7672066015226674 0.06068192702550662 1.1635174535202666 0.04041352574898951 0.045313739182222965 0.9981550039842815 0.15928213877248662
1447 -0.7184411152394207 0.6955865730230548 0.0012974447519864137 0.3622280541141175 -0.6941467998601235 -0.7170715415307206 0.06299702032068077 1.16341390078201 0.044750242184019164 0.044359032412065555 0.9980128716947787 0.15947344386718526
1448 -0.6444497202894712 0.7646460615397387 0.0009790760969036125 0.36294890209882097 -0.7629766936743777 -0.6431262882478637 0.06523145156525473 1.1626755342294774 0.05050864210393646 0.04129137847130662 0.9978696804379054 0.15950383392336667
1449 -0.5851049913663536 0.8109573326548574 0.0005947187192651567 0.36364828524618753 -0.809111085640753 -0.5838220716675699 0.06701522011180795 1.1623995820497612 0.0546936940629815 0.03872974627620762 0.9977517760367443 0.1595374651711451
1450 -0.5009194264611052 0.865493403263865 -0.0009471533251831682 0.36458782970883175 -0.863453008230255 -0.49966280412154085 0.06918081203913343 1.1622328006365037 0.059402279165912765 0.03547183507571345 0.9976036879177432 0.15952690824824595
1451 -0.4331121998773981 0.90133380986648 -0.003344474336277256 0.3648725007711716 -0.8992291002850588 -0.4318410883935605 0.07000213978056527 1.1626505917072756 0.06165101390907172 0.0333262294045756 0.997541234695871 0.15961677004653538
1452 -0.3454160652520663 0.9384387386507754 -0.004525004439866467 0.3647077610537311 -0.9361351947531097 -0.3442217428267742 0.07184907034651708 1.1630125617716425 0.06586834603465119 0.029053839083101274 0.9974052513521832 0.15935096291805978
1453 -0.2851163221568628 0.9584779426446023 -0.005358759474791787 0.3638377852302212 -0.9560160819272125 -0.2839734436249592 0.07343251604476018 1.1618549336500221 0.06886170151911353 0.026059869138075634 0.997285791177624 0.15919627074031714
1454 -0.2180727397502385 0.9758952015739741 -0.00853438472683861 0.36398138412151554 -0.9734521732916913 -0.21688711697210464 0.07314946892307218 1.1620347682004002 0.06953521762080102 0.02425972045937142 0.9972844726933354 0.15904356407241574
1455 -0.17965842468346888 0.9836722253135953 -0.010573721507844098 0.36420667856875366 -0.9812877546033293 -0.17844543613027794 0.07232958585391684 1.1617239201812144 0.06926177232643314 0.023370482888069987 0.9973247351911342 0.15931915886800813
1456 -0.1426783472727977 0.989693770468199 -0.012211875972377897 0.3635616738528964 -0.9872752858807263 -0.14143272445937008 0.07269315195466959 1.16103536026901 0.07021680075451091 0.02242822212033527 0.9972795875509477 0.1594243956868482
1457 -0.12292688243352935 0.9923339604343047 -0.012739409073194399 0.36389431242037723 -0.989904428163574 -0.1216930761591325 0.07266373452927348 1.1616627437096214 0.07055639358684697 0.021543123805017966 0.9972751321180732 0.15931577954168202
1458 -0.11192936103734889 0.9936352993553068 -0.01267714526475585 0.3633939783011872 -0.9911109236839473 -0.11070365832655502 0.07378236229606891 1.1610204801173 0.07190935328905329 0.0208228698204189 0.9971937890912341 0.15920684951326852
1459 -0.09849006338583906 0.9950603095290407 -0.01243735556050619 0.3634875265558936 -0.9924558453648455 -0.09729993076034585 0.07459301894138602 1.1606686438604177 0.073014398681043 0.019690197390047872 0.9971364970320205 0.1592295936071781
1460 -0.08713427498499991 0.9960971730316186 -0.01407266857020756 0.3629387032162855 -0.993645050933292 -0.08589202351395644 0.07274663602130692 1.1607634749294242 0.07125398850830633 0.020321962865343383 0.9972511654276677 0.15905871486071194
1461 -0.06925937072621606 0.9974951714550161 -0.014370890369580296 0.3635188993916463 -0.9949660097312805 -0.06802355844399008 0.07358963904588693 1.1613941438016093 0.0724277505155148 0.01939531953940179 0.997185059322888 0.15932173249972897
1462 -0.05452074105867266 0.9984148605340805 -0.013973369658436194 0.3630757150038051 -0.9958342575436783 -0.05334486380216739 0.07394901627360292 1.1607576332731255 0.07308638926790852 0.017946915367359855 0.9971641228672116 0.1593428468483073
1463 -0.03583857381304783 0.9992477395418446 -0.014817275326537408 0.3635982283193915 -0.9967101928945118 -0.03466119553342288 0.07326249315956816 1.1600456235257584 0.07269379620471066 0.01739415261808459 0.9972026150429047 0.15936418892791007
1464 -0.02045951618168674 0.9996667918055271 -0.015738918582864435 0.3638763531164206 -0.9970498044028857 -0.019236040406608156 0.07430788846833096 1.1605295616865745 0.07398037399603832 0.01721278914070592 0.9971111393186026 0.15941182026357079
1465 -0.01347844413882349 0.9997873264332326 -0.015608761880872981 0.3639209553378892 -0.9966068735669021 -0.012164667220533385 0.0814049164924961 1.1591864985761904 0.08119772842434168 0.01665301099731096 0.9965588824168251 0.15952707406119263
1466 -0.011890555219760011 0.999812777684743 -0.015265132645240254 0.3642767783625792 -0.9962077199262662 -0.010529025187251427 0.08636734560717961 1.1579103795191996 0.08619044874585882 0.016234198678674365 0.9961464035665221 0.1595861168861253
1467 -0.013951801147169162 0.999780614423565 -0.015622748407784444 0.3646322871952989 -0.9966277705461205 -0.012640897980153061 0.08107585752150978 1.156488256037329 0.08086058507899174 0.016701219156494033 0.9965854880846048 0.1597275987002345
1468 -0.01898913834443258 0.9997032957158838 -0.015255594379815572 0.36455873962686974 -0.9963912324821314 -0.017659299814421475 0.0830220510572675 1.1530672676951197 0.0827280149442987 0.016777057699885713 0.9964309338226729 0.1601799781117135
1469 -0.022683295557173484 0.9996296827634311 -0.015032146905542672 0.36440079366221195 -0.9961747604257329 -0.02133060285657755 0.08473990837714993 1.1498712633194894 0.08438788297243677 0.016896825729479745 0.9962897081110952 0.16023653224991052
1470 -0.025095133181152276 0.9995658881137925 -0.015435984264274703 0.3642542301704479 -0.9965748717555348 -0.0237970200123408 0.07919739152380167 1.1455592889246788 0.07879568056797602 0.017370583126087816 0.9967394361452512 0.16070435151806567
1471 -0.02598421770513077 0.9995386220962722 -0.015727789669741116 0.3641418688405335 -0.996622311358268 -0.024675930675218467 0.07832666818094366 1.1416735044193649 0.07790243213906266 0.017709923291409704 0.9968036766009587 0.16114117357757474
1472 -0.024857816510772394 0.9995503647740355 -0.01676774400116833 0.3638235721597914 -0.9968589746360357 -0.023522281406717596 0.07562332289259939 1.136445903160373 0.07519490438915818 0.018594906775361256 0.9969954642805927 0.16138381694372717
1473 -0.024813692838790233 0.9995583937067948 -0.016349257431927784 0.36400421502702596 -0.9969822734126559 -0.023539779219286294 0.07397449084234937 1.1323656347115043 0.07355696533065416 0.018135500136589624 0.9971261086176485 0.1617301790876827
1474 -0.02712168293463206 0.9995067399713705 -0.015833226673835386 0.36372560345457955 -0.9969313361729611 -0.0258814839815562 0.0738786825963238 1.1273117794586969 0.07343245379190894 0.017788354029125385 0.9971415391967576 0.16258633539318773
1475 -0.028768249828171725 0.9994501224992088 -0.016487584365762212 0.36354806286611024 -0.9968747669596253 -0.02747225684157031 0.07406736191932932 1.1233930700928811 0.07357368279045516 0.01856684519355352 0.9971169367038936 0.16318138520830608
1476 -0.028153522104644058 0.9994725687744473 -0.01618528532692128 0.36318674542299917 -0.9968841817752245 -0.026879709616351274 0.07415800251752902 1.1188169691277714 0.0736838335010419 0.018222663882282206 0.997115152428267 0.16375168987933078
1477 -0.026933119370778427 0.9995124060972911 -0.015797377552009217 0.36326037470078565 -0.996870235437343 -0.025680207516716114 0.07476804557740965 1.1149053281421575 0.07432590919977346 0.01776167217557577 0.9970758156847335 0.1639442915371531
1478 -0.025960683125138904 0.9995348053397335 -0.01600674372863662 0.36280340762654434 -0.996892988297181 -0.02469425716604895 0.07479681508042878 1.1102669514996502 0.07436674535524074 0.017898787003170994 0.9970703187888638 0.16450432140637625
1479 -0.02639414771204631 0.999527856476468 -0.015729370409433136 0.36163593242544556 -0.9968291593590185 -0.025134795519160574 0.07549747747683626 1.105708640257233 0.07506647732253112 0.017672186653898202 0.9970219244334302 0.16553407846837265
1480 -0.027585671227796246 0.9994942455477018 -0.01582036218112732 0.36128649932358753 -0.9968590635576922 -0.02633070928418604 0.07469070323839261 1.1022722884818714 0.07423636672505067 0.01783106461219856 0.9970812479390798 0.1662272363457234
1481 -0.026940889055883297 0.9995168854392761 -0.015497877868519638 0.3603641569063626 -0.9969537197371626 -0.025730155854746146 0.0736290688577935 1.0979777648129803 0.07319473476884296 0.017434299564765762 0.997165270154527 0.1671554091513298
1482 -0.028837511201418878 0.9994638789499264 -0.015503310018675234 0.36052848545688776 -0.9967631407738737 -0.027588266102020323 0.0755124411419427 1.0944099829604825 0.07504424788946343 0.01763071885435849 0.9970243320061212 0.1673716966532051
1483 -0.020486826845803736 0.9996978167032935 -0.01358547766022896 0.36054389525173425 -0.9973769006985876 -0.019491944300639663 0.0697092680977875 1.0912103322035107 0.06942339574698166 0.014977963308032657 0.9974748381486136 0.1674187881725338
1484 -0.005543095579432293 0.999851119465164 -0.01634053227472722 0.3606029396270958 -0.9971614340642069 -0.004299677129556544 0.07517038772662418 1.0897539578824968 0.07508893730595954 0.0167108252396233 0.997036809658664 0.1672227674932891
1485 0.003939859916344927 0.9998487027826581 -0.01694252186213948 0.3610138897852814 -0.9968969106930623 0.005259134297060428 0.07854228769128989 1.0896495111080384 0.0786195074598042 0.01658050209238026 0.9967668032179872 0.1668477668745207
1486 0.0025735548789670823 0.999870829571512 -0.01586508704373596 0.3608311659589201 -0.9967848691886397 0.003835499807185647 0.08003257772162906 1.0897135646528178 0.08008309041694994 0.015608110482422069 0.9966659849300213 0.16671807074383832
1487 -0.0002112732731761521 0.999860788008903 -0.016684123150999364 0.3609928644806453 -0.9968020509445715 0.0011226619465726788 0.07990250847895777 1.0892521786427758 0.07991011572175515 0.016647649439161673 0.9966630469589284 0.1662281396129625
1488 0.0007990206931521013 0.9998636745170348 -0.016492238990271177 0.360980494119495 -0.9968682346253643 0.0021005587532829375 0.07905258026976411 1.0891622375728984 0.07907644630515163 0.01637742451952251 0.9967340144724467 0.1661905020179223
1489 0.00040001515069135174 0.9998603825137156 -0.016704953393039148 0.36095765346287967 -0.996837850125078 0.0017260966099433448 0.07944382384903981 1.0891759380985142 0.07946156646478515 0.016620351093307704 0.9966993645957763 0.16617523124760164
1490 0.0005451145652147824 0.9998646734184139 -0.016441949366683733 0.36104981812545694 -0.9968219688411698 0.0018530696848162184 0.0796399935213378 1.0891666994733853 0.07965968419041254 0.01634628341860787 0.99668808246782 0.1661910944089929
1491 0.0007785194319675396 0.9998629365431093 -0.016537896896302105 0.3610785109442615 -0.996863598551308 0.0020847002531817664 0.07911143980201339 1.089210214521356 0.07913507307222263 0.016424437618320888 0.9967285879612172 0.16617019468905103
1492 0.00111807444609559 0.9998673259684436 -0.01625054985731965 0.36111841011628937 -0.9968620021565279 0.0024006701517581656 0.07912259752399706 1.0892618330407773 0.07915111221944165 0.016111090711641213 0.9967324285837359 0.16610802441636607
1493 0.0006515917705623268 0.9998688288317364 -0.016183341993626435 0.3612611333688035 -0.9968616649197025 0.0019305451122633187 0.07913971194989429 1.0893685330956786 0.07916057377300738 0.016080986458491178 0.9967321633389089 0.16636432723958136
1494 0.0006350593454452749 0.9998678306875632 -0.016245548763296654 0.361270371828851 -0.9968779192258321 0.0019156732652717348 0.0789350641648427 1.0891725666730043 0.07895575253475179 0.016144700397203494 0.9967473791244292 0.16625849015611094
1495 0.0007762636910053028 0.9998660312940774 -0.016349828065070654 0.3611891483577388 -0.99688038839668 0.002064122147995031 0.07890013072405264 1.0893105653483528 0.07892330861758942 0.016237575644478565 0.9967484399259843 0.1664053933735945
1496 0.0009825506747840377 0.9998692445713778 -0.01614089073500434 0.3612651128413829 -0.9968868663349714 0.002251899940841314 0.07881309964443095 1.0892260189957796 0.07883914207470193 0.016013204119391236 0.996758730572288 0.16622619648280418
1497 0.0009005915478049158 0.999871564873554 -0.0160013340359631 0.3611748562530051 -0.9969301765781161 0.002150466742428773 0.07826620292871302 1.089201662610861 0.07829056113557539 0.01588172688449437 0.9968040724177731 0.16629513333390172
1498 0.001293351841656954 0.9998715119513054 -0.01597769786084667 0.3611517314800195 -0.9969426892017725 0.002537502680306695 0.07809504162110861 1.08916499553153 0.07812555079304043 0.015827844706744625 0.9968178758655036 0.16613304395053824
1499 0.0009299841039613125 0.9998724801804305 -0.015942349480578245 0.3613797898932725 -0.9969062335553647 0.0021799717189569115 0.07856977295038026 1.0893195875587145 0.07859450761758295 0.015819958933856324 0.9967811355917974 0.16620743007826758
1500 0.0015613235562253038 0.9998671407743784 -0.01622538347671798 0.36125975701716956 -0.9968973800174796 0.0028331641676557903 0.07866121595054758 1.0892688711559813 0.07869673425659293 0.016052226667961966 0.9967693564901142 0.16605024398790114
1501 0.0014894532173896889 0.9998694218474626 -0.01609101560331418 0.36122581116788205 -0.9968908809512524 0.0027522913561163938 0.07874640542530073 1.0892462088701385 0.0787804100282472 0.015923697633950483 0.9967648081921793 0.16597438371139175
1502 0.0014568505526209308 0.9998684354767446 -0.016155163955996244 0.361349328031904 -0.9969183952375837 0.0027192588820686343 0.07839846215121218 1.0892639556346588 0.07843207776799466 0.015991165282589714 0.9967911976988701 0.16613178560031477
1503 0.0017176241076687577 0.9998724403696582 -0.015879318513178194 0.36110296669339814 -0.9969104919075121 0.00295906619684915 0.07849022265076634 1.089345601907891 0.07852719842160986 0.015695442531052466 0.9967884089376199 0.16611949234622292
1504 0.001808220321008168 0.9998671922096468 -0.01619655152911591 0.36113900943064375 -0.9969159635533563 0.0030731256270605223 0.07841630896354349 1.0892982616632152 0.07845566870388496 0.016004806810216057 0.9967891222360841 0.1662105880813112
1505 0.0017385091437840173 0.9998699993635771 -0.01603003297949162 0.36114005528602355 -0.9969285649151733 0.0029880560036252514 0.07825923572855346 1.0894596744211396 0.07829696061338631 0.015844743376466203 0.9968041583315672 0.16627614442831187
1506 0.0018774580075385109 0.9998698154532463 -0.016025832148953312 0.36105911131694696 -0.9969177188168247 0.0031283723384441732 0.0783918056565451 1.089483593890729 0.07843173502451731 0.01582925870492774 0.9967938089251949 0.16622367281836214
1507 0.0019270118265855788 0.9998693441578714 -0.01604933764770292 0.3609716394900165 -0.9969317998685058 0.0031767424238193422 0.07821057932773245 1.0894245749473404 0.07825134526976242 0.015849382355938885 0.9968076665251508 0.16625881124340516
1508 0.0018773934361660165 0.9998693968555387 -0.01605193526841729 0.3610800316764967 -0.9969276125877456 0.0031283528391593866 0.07826588444406565 1.0893787363954663 0.07830587879045536 0.01585568164679425 0.9968032838563766 0.1662762934329431
1509 0.0014922401925903184 0.9998714070077961 -0.015966924141747316 0.3614016461941402 -0.9968953669213187 0.0027443954345361364 0.07868987039865 1.0893035494853385 0.07872357098622373 0.015799928513307252 0.9967712684616582 0.16600845283275148
