0 0.4604818395732023 0.45991587025831226 5 0.02686727565824825
0 0.26584051303644063 0.19532483197066844 10 0.02680965147453083
0 0.13723288780059134 0.15001485837749867 15 0.02748763056624519
1 0.4602979142067271 0.4599496603166068 5 0.026881720430107527
1 0.2658439335147958 0.1953286769131485 10 0.02681684097613301
1 0.1372083871619709 0.14996174656775235 15 0.02749266862170088
2 0.46014131942294345 0.4599793097639179 5 0.02689618074233459
2 0.26581916698294256 0.19534309725585733 10 0.02682403433476395
2 0.13720966787752678 0.1499224097587468 15 0.027497708524289642
3 0.45995584592528466 0.46001143337627487 5 0.026910656620021525
3 0.26576911715197643 0.19537533920840258 10 0.026831231553528304
3 0.13722854593353387 0.14988977830971806 15 0.027502750275027504
4 0.45977528129961326 0.4600429802234055 5 0.026925148088314484
4 0.2657199135790346 0.1954064270357052 10 0.026838432635534083
4 0.13724694342558877 0.1498573843714212 15 0.027507793874931227
5 0.45957900970355026 0.46007604869079133 5 0.02693965517241379
5 0.2656703467463658 0.19544025221667335 10 0.026845637583892617
5 0.13726286666104626 0.1498235823945242 15 0.02751283932501834
6 0.459399160228908 0.4601086520506974 5 0.026954177897574125
6 0.26562573666924594 0.1954687647773809 10 0.026852846401718578
6 0.1372806720215858 0.1497890212491959 15 0.0275178866263071
7 0.4592062277119434 0.460142060689967 5 0.026968716289104636
7 0.265577717650023 0.19550128145689688 10 0.02686005909213
7 0.13729747011911794 0.14975469853522996 15 0.027522935779816515
8 0.4590169125935817 0.4601750874875222 5 0.02698327037236913
8 0.2655295402615874 0.19553336573500668 10 0.02686727565824825
8 0.13731470735596638 0.14972082653203073 15 0.027527986786566344
9 0.45882770345564683 0.46020824919786485 5 0.026997840172786173
9 0.2654813344847641 0.19556548066443002 10 0.026874496103198062
9 0.13733218868923588 0.14968691738762036 15 0.027533039647577088
10 0.45863743668574813 0.46024169735191556 5 0.027012425715829277
10 0.265433482514708 0.19559761616969432 10 0.026881720430107527
10 0.13734948974022781 0.14965270302331365 15 0.027538094363870017
11 0.4584475855139929 0.460275061879549 5 0.02702702702702703
11 0.26538516353354125 0.19562997870583615 10 0.02688894864210809
11 0.13736686581627894 0.14961872683395458 15 0.027543150936467132
12 0.4582561705458832 0.46030852553630563 5 0.02704164413196322
12 0.2653361646128662 0.19566298745619531 10 0.02689618074233459
12 0.1373841619485072 0.14958486294530565 15 0.027548209366391185
13 0.458068158659228 0.46034188990929714 5 0.027056277056277056
13 0.26528892123822856 0.19569456964946588 10 0.026903416733925205
13 0.1374009989862901 0.14955060030267991 15 0.027553269654665688
14 0.4578807554133163 0.4603753250934991 5 0.027070925825663235
14 0.26524262490638695 0.19572561973541758 10 0.026910656620021525
14 0.13741727381448993 0.1495160236455539 15 0.027558331802314897
15 0.45769262918776416 0.460408930537289 5 0.027085590465872153
15 0.2651968828574106 0.195756569155118 10 0.026917900403768506
15 0.1374330200762762 0.14948116948879264 15 0.027563395810363836
16 0.4575086019464534 0.46044246389429155 5 0.02710027100271003
16 0.2651523190326149 0.19578630213027517 10 0.026925148088314484
16 0.13744914099548294 0.14944619769440834 15 0.027568461679838265
17 0.4573227203928093 0.46047619780205223 5 0.027114967462039046
17 0.26510672344763464 0.19581693736953834 10 0.026932399676811204
17 0.13746562961887868 0.14941144521696625 15 0.027573529411764705
18 0.4571371375905966 0.46050989668036113 5 0.027129679869777535
18 0.26506043946378716 0.19584793995064356 10 0.02693965517241379
18 0.13748248271490462 0.14937700292570905 15 0.027578599007170437
19 0.45694199281754233 0.4605444058917718 5 0.027144408251900107
19 0.26501246042190496 0.19588139319617376 10 0.026946914578280787
19 0.13749868460832917 0.14934224402730806 15 0.027583670467083484
20 0.4567599713606624 0.46057800115050396 5 0.027159152634437803
20 0.26496647328071227 0.19591169685367943 10 0.026954177897574125
20 0.13751613549802713 0.14930791157013162 15 0.027588743792532646
21 0.4565718487300753 0.4606120225393445 5 0.02717391304347826
21 0.2649186509001175 0.19594396874107087 10 0.02696144513345915
21 0.13753343237339916 0.14927368582983372 15 0.02759381898454746
22 0.4563863655570842 0.46064626743402454 5 0.02718868950516585
22 0.2648715513122697 0.19597542738697885 10 0.026968716289104636
22 0.13755162041454572 0.14923923518222368 15 0.027598896044158234
23 0.45619995711344546 0.46068036138422963 5 0.02720348204570185
23 0.2648236601793014 0.19600753106039995 10 0.02697599136768276
23 0.13756936857939442 0.14920511905873732 15 0.027603974972396025
24 0.4560131968347735 0.4607150071219134 5 0.02721829069134458
24 0.2647767872601468 0.19603918195587916 10 0.02698327037236913
24 0.13758736511739947 0.14917038644561878 15 0.027609055770292653
25 0.45582410186169164 0.4607499494926389 5 0.027233115468409584
25 0.26472946096176353 0.19607150025087022 10 0.02699055330634278
25 0.1376053122215741 0.14913557569236488 15 0.027614138438880706
26 0.45563663311598085 0.4607846583525805 5 0.027247956403269755
26 0.2646816220355484 0.19610387183145597 10 0.026997840172786173
26 0.13762357125572797 0.14910115983554795 15 0.027619222979193517
27 0.4554567007518118 0.4608190565166444 5 0.027262813522355506
27 0.2646344854549846 0.19613465670429184 10 0.027005130974885227
27 0.13764338775353316 0.1490670672261003 15 0.027624309392265192
28 0.4552730647089742 0.46085358323001735 5 0.027277686852154936
28 0.2645866524921157 0.19616647325663866 10 0.027012425715829277
28 0.13766237083702001 0.14903296917540665 15 0.027629397679130595
29 0.45508768807708677 0.4608882834398398 5 0.02729257641921397
29 0.2645384452182663 0.19619882256145754 10 0.027019724398811132
29 0.1376812184260799 0.14899885125149398 15 0.027634487840825346
30 0.45490003806689155 0.46092342735761305 5 0.027307482250136534
30 0.2644906439937698 0.19623139401089015 10 0.02702702702702703
30 0.137699760234678 0.14896430064724267 15 0.027639579878385848
31 0.45471572036567814 0.46095862497025913 5 0.0273224043715847
31 0.2644442264513592 0.19626277293808175 10 0.02703433360367667
31 0.13771850111144004 0.14892948205703116 15 0.027644673792849243
32 0.4545259940543948 0.4609941180814018 5 0.02733734281027884
32 0.26439661810590115 0.19629575743611422 10 0.02704164413196322
32 0.13773658726809163 0.14889471072798705 15 0.027649769585253458
33 0.45434272792627306 0.46102915773513303 5 0.02735229759299781
33 0.26434941252360317 0.19632751848530733 10 0.027048958615093315
33 0.13775564615188535 0.14886039809949886 15 0.02765486725663717
34 0.4541578673624249 0.4610644276893706 5 0.02736726874657909
34 0.26430192019599363 0.1963597298484517 10 0.027056277056277056
34 0.137774631181848 0.1488260037326502 15 0.027659966808039827
35 0.453969068609685 0.46109989552540265 5 0.027382256297918944
35 0.26425332422748476 0.1963932000514277 10 0.02706359945872801
35 0.1377931359684112 0.1487916846456314 15 0.027665068240501658
36 0.4537813066492169 0.46113540904224254 5 0.0273972602739726
36 0.26420543039521904 0.19642616972079624 10 0.027070925825663235
36 0.13781136875577743 0.14875715098272016 15 0.02767017155506364
37 0.45359317820756706 0.46117134210486405 5 0.027412280701754384
37 0.26415827595006486 0.19645884350682463 10 0.027078256160303276
37 0.1378296489386112 0.14872215553506202 15 0.027675276752767528
38 0.45340675916460665 0.4612073242887747 5 0.027427317608337904
38 0.264111976627336 0.1964908404624804 10 0.027085590465872153
38 0.13784786075462324 0.14868695243759972 15 0.02768038383465584
39 0.4532158619067448 0.4612438575824047 5 0.0274423710208562
39 0.264065574806096 0.19652367954069144 10 0.0270929287455974
39 0.13786555249798374 0.14865129790714834 15 0.027685492801771867
40 0.45302684108604563 0.46127990084522985 5 0.02745744096650192
40 0.26401885512154954 0.19655643462297598 10 0.02710027100271003
40 0.13788295094654784 0.1486160886967798 15 0.02769060365515968
41 0.4528395451599037 0.46131568098955295 5 0.027472527472527472
41 0.2639715937029269 0.19658922124632622 10 0.027107617240444564
41 0.13790071358770772 0.14858129085097668 15 0.027695716395864104
42 0.45264892867262896 0.4613519814770649 5 0.02748763056624519
42 0.2639239254716962 0.1966228076028022 10 0.027114967462039046
42 0.1379185721560166 0.14854623082211596 15 0.027700831024930747
43 0.45246219647602226 0.4613878850618557 5 0.0275027502750275
43 0.26387514835565634 0.19665632862170906 10 0.02712232167073501
43 0.1379378051975576 0.14851194707738286 15 0.027705947543405985
44 0.4522794115527537 0.46142353291760596 5 0.0275178866263071
44 0.2638264011411991 0.19668923667790822 10 0.027129679869777535
44 0.13795771439715682 0.1484780444369159 15 0.027711065952336963
45 0.4520941144196769 0.46145951177542877 5 0.027533039647577088
45 0.26377795267964615 0.1967224792882685 10 0.027137042062415198
45 0.13797694207793282 0.148443781635669 15 0.027716186252771616
46 0.4519017567376518 0.4614967713175206 5 0.027548209366391185
46 0.26373171382308724 0.19675586157612165 10 0.027144408251900107
46 0.1379943356831175 0.14840783133047586 15 0.02772130844575864
47 0.4517149402146082 0.46153356357734737 5 0.027563395810363836
47 0.26368755546299666 0.19678736341626038 10 0.027151778441487917
47 0.13801085505393174 0.14837175016455728 15 0.027726432532347505
48 0.4515287403472531 0.4615701565095021 5 0.027578599007170433
48 0.2636433443844693 0.1968188517195451 10 0.027159152634437803
48 0.13802705876384308 0.14833583149297835 15 0.027731558513588463
49 0.45134384708360215 0.46160690670952154 5 0.02759381898454746
49 0.26359942134520076 0.19685001351435566 10 0.027166530834012496
49 0.1380437398432773 0.14829984304853566 15 0.02773668639053254
50 0.4511528998274472 0.4616443017242936 5 0.027609055770292653
50 0.26355388070171293 0.19688302875267158 10 0.02717391304347826
50 0.1380607700939698 0.14826376701485872 15 0.02774181616423155
51 0.45097067845552574 0.4616808026673837 5 0.027624309392265192
51 0.26350990605149377 0.1969138742128987 10 0.02718129926610492
51 0.13807763671725318 0.14822810735954997 15 0.027746947835738067
52 0.45078845402844603 0.4617175651295183 5 0.027639579878385848
52 0.2634674908966482 0.19694401645537482 10 0.02718868950516585
52 0.13809354726395737 0.14819185280631722 15 0.027752081406105456
53 0.45059628188894757 0.4617561396521738 5 0.027654867256637166
53 0.26342637296315174 0.19697520036065322 10 0.02719608376393799
53 0.13810843546162627 0.14815376970796174 15 0.027757216876387863
54 0.450410763030734 0.46179403813038056 5 0.027670171555063638
54 0.2633852092068706 0.19700532165072787 10 0.02720348204570185
54 0.13812414151735866 0.14811640192644812 15 0.027762354247640196
55 0.45022229157775373 0.4618319416129612 5 0.027685492801771867
55 0.26334188021598187 0.1970370203279595 10 0.027210884353741496
55 0.1381404156563219 0.1480795443474795 15 0.027767493520918177
56 0.4500362301433974 0.46186946282016744 5 0.027700831024930747
56 0.2632972313363088 0.19706898768461095 10 0.02721829069134458
56 0.13815771644383518 0.14804343025471764 15 0.02777263469727828
57 0.44985318445172356 0.46190657180081907 5 0.027716186252771616
57 0.26325194817049236 0.19710080416868253 10 0.02722570106180234
57 0.13817559802741344 0.14800790350336915 15 0.027777777777777776
58 0.4496712008416363 0.4619439603253966 5 0.027731558513588463
58 0.26320738421954404 0.19713212918375445 10 0.027233115468409584
58 0.13819369663828418 0.14797210289052112 15 0.02778292276347472
59 0.4494849182289539 0.4619815676001827 5 0.027746947835738067
59 0.2631619376019684 0.19716468362019285 10 0.027240533914464723
59 0.13821121993611032 0.14793626695558568 15 0.027788069655427933
60 0.4493011693419251 0.4620192810251865 5 0.027762354247640196
60 0.2631168062648054 0.1971966982603192 10 0.027247956403269755
60 0.13822945521531588 0.14790046742518684 15 0.027793218454697052
61 0.4491174919337957 0.4620568379081601 5 0.027777777777777776
61 0.2630713319230793 0.19722893477633993 10 0.02725538293813028
61 0.13824752708970797 0.1478648813088541 15 0.027798369162342476
62 0.4489335258866422 0.4620949289376581 5 0.027793218454697052
62 0.2630274984272406 0.19726048885180744 10 0.027262813522355506
62 0.13826503214023883 0.1478285623582887 15 0.027803521779425393
63 0.44874912499405556 0.4621331975321416 5 0.027808676307007785
63 0.2629842494549729 0.19729187343039278 10 0.027270248159258246
63 0.13828206628019013 0.1477919541036463 15 0.027808676307007788
64 0.4485590181701034 0.46217249934195276 5 0.027824151363383415
64 0.262941281197849 0.1973241283986616 10 0.027277686852154936
64 0.13829870875603223 0.14775447467128508 15 0.027813832746152418
65 0.4483670398358453 0.46221143604302783 5 0.027839643652561245
65 0.2628967820858504 0.1973574802608626 10 0.027285129604365622
65 0.13831506329102514 0.14771750941829226 15 0.027818991097922845
66 0.4481807065721239 0.46224989977791564 5 0.027855153203342618
66 0.2628518272595858 0.19739011490117245 10 0.02729257641921397
66 0.13833272135063276 0.14768124924601175 15 0.027824151363383415
67 0.4479939107362344 0.4622883379960342 5 0.027870680044593088
67 0.2628060385521118 0.19742326688577866 10 0.0273000273000273
67 0.13835073942842904 0.14764524444441424 15 0.027829313543599257
68 0.4478090333625353 0.46232689986875375 5 0.02788622420524261
68 0.2627607526664842 0.19745589161730015 10 0.027307482250136534
68 0.13836911954725595 0.14760916660437706 15 0.0278344776396363
69 0.4476218907942634 0.46236576221029546 5 0.027901785714285712
69 0.26271588212740743 0.19748875297903895 10 0.027314941272876262
69 0.13838679772930532 0.14757269287592933 15 0.027839643652561245
70 0.44744052916553967 0.46240432271975596 5 0.02791736460078168
70 0.26267301196746545 0.19751974266970787 10 0.0273224043715847
70 0.1384040505545297 0.14753612282763368 15 0.027844811583441615
71 0.4472560571614168 0.4624433250535961 5 0.027932960893854747
71 0.26263068370089704 0.197551082992019 10 0.027329871549603715
71 0.13842046529646163 0.14749904170511827 15 0.02784998143334571
72 0.44707376256795345 0.46248263978761833 5 0.02794857462269424
72 0.2625885036964933 0.19758200682482885 10 0.02733734281027884
72 0.13843806413861695 0.1474619283479735 15 0.027855153203342618
73 0.44689050077833403 0.4625217335663584 5 0.02796420581655481
73 0.2625446523011923 0.19761395849447874 10 0.027344818156959255
73 0.13845613170709414 0.14742541868077377 15 0.02786032689450223
74 0.44670650718389765 0.46256056034856463 5 0.027979854504756572
74 0.2624985635949561 0.1976471140990443 10 0.02735229759299781
74 0.13847518127713873 0.14738966397420933 15 0.027865502507895223
75 0.4465127423262504 0.46259966537606517 5 0.027995520716685325
75 0.26244920704906893 0.19768353754781337 10 0.027359781121751026
75 0.13849391196931204 0.14735419781436876 15 0.027870680044593085
76 0.4463260292047182 0.4626386465964093 5 0.028011204481792718
76 0.2624014398806934 0.1977179821294957 10 0.02736726874657909
76 0.13851343342635192 0.14731869225450894 15 0.02787585950566809
77 0.4461409226178653 0.46267748371908884 5 0.02802690582959641
77 0.262353614801787 0.1977521987912616 10 0.027374760470845878
77 0.13853314511414405 0.14728335978857546 15 0.027881040892193308
78 0.44595521673919264 0.4627165123582494 5 0.028042624789680313
78 0.26230638332924666 0.1977862947084686 10 0.027382256297918944
78 0.13855239860957172 0.14724774954072872 15 0.027886224205242612
79 0.4457743334109339 0.46275615825159544 5 0.028058361391694722
79 0.26226145049049965 0.1978185104231954 10 0.02738975623116954
79 0.13857250240770602 0.14721149378532908 15 0.027891409445890664
80 0.44559143290971204 0.4627956772605587 5 0.028074115665356537
80 0.26221793614842237 0.19785053957017165 10 0.0273972602739726
80 0.1385902332320388 0.1471748132036227 15 0.027896596615212942
81 0.44540430476659554 0.46283587033715856 5 0.028089887640449437
81 0.26217557726242074 0.19788282160125095 10 0.027404768429706766
81 0.1386066517696043 0.14713724157961527 15 0.027901785714285712
82 0.4452247872301158 0.46287484525700273 5 0.028105677346824058
82 0.2621332822531113 0.19791379163735623 10 0.027412280701754384
82 0.13862310354387794 0.14710065498019903 15 0.027906976744186046
83 0.4450380325833628 0.46291503411228685 5 0.028121484814398197
83 0.2620899783872249 0.1979464832720392 10 0.027419797093501504
83 0.1386400880567954 0.14706336996906638 15 0.027912169705991814
84 0.4448522343609821 0.4629555219119501 5 0.028137310073157003
84 0.26204659951032416 0.19797906044075345 10 0.027427317608337904
84 0.13865785548312273 0.14702603754628027 15 0.02791736460078168
85 0.44466831326364387 0.4629960634107645 5 0.02815315315315315
85 0.2620040342607563 0.19801097520786434 10 0.027434842249657063
85 0.13867549812114874 0.14698856694845336 15 0.027922561429635142
86 0.44448309685020443 0.46303744014686743 5 0.028169014084507043
86 0.26196310115709986 0.198042410131722 10 0.0274423710208562
86 0.13869268884199543 0.14695018796766837 15 0.02792776019363247
87 0.44429871857160413 0.46307793105540496 5 0.02818489289740699
87 0.2619210824123567 0.19807425909124649 10 0.02744990392533626
87 0.13870926187416371 0.1469125781220209 15 0.027932960893854747
88 0.4441170228922447 0.46311822818788206 5 0.028200789622109416
88 0.2618795684001013 0.19810544976614336 10 0.02745744096650192
88 0.13872582956276214 0.14687508426695248 15 0.027938163531383873
89 0.4439379390141955 0.4631582366591238 5 0.02821670428893905
89 0.2618378667123029 0.19813630662505038 10 0.027464982147761604
89 0.13874279185177993 0.14683794526145502 15 0.02794336810730253
90 0.4437572209078624 0.46319877317012104 5 0.0282326369282891
90 0.2617973859602349 0.198166955629346 10 0.027472527472527472
90 0.13875897742063173 0.14680015343020794 15 0.02794857462269424
91 0.4435752660987644 0.46323958593801695 5 0.02824858757062147
91 0.26175707389499075 0.19819779080984262 10 0.02748007694421544
91 0.13877494545303853 0.14676212976776706 15 0.02795378307864331
92 0.4433896863016426 0.46328090203352057 5 0.02826455624646693
92 0.26171578899234327 0.19822975720324865 10 0.02748763056624519
92 0.13879126504958658 0.14672397510150206 15 0.027958993476234855
93 0.4431994035047002 0.4633222678340781 5 0.028280542986425336
93 0.2616719120365151 0.19826378056995714 10 0.02749518834204014
93 0.1388081503678374 0.1466862832980057 15 0.027964205816554812
94 0.4430139278718178 0.4633632053127353 5 0.028296547821165814
94 0.26162698212043306 0.19829747241332357 10 0.0275027502750275
94 0.13882664945117656 0.14664941154658073 15 0.02796942010068991
95 0.442826042434458 0.4634042648365925 5 0.02831257078142695
95 0.2615809271661606 0.19833214044922975 10 0.027510316368638238
95 0.13884542963152272 0.14661267447374923 15 0.02797463632972771
96 0.44264509295825843 0.46344556399579606 5 0.028328611898016998
96 0.2615371967392701 0.19836456524947355 10 0.0275178866263071
96 0.13886488931382707 0.14657561468973854 15 0.027979854504756575
97 0.44245998908607687 0.46348685749674684 5 0.028344671201814057
97 0.2614937322146308 0.1983976774634232 10 0.027525461051472612
97 0.13888258402169956 0.14653824049123443 15 0.027985074626865673
98 0.44227611563257485 0.4635280642473085 5 0.028360748723766305
98 0.26145107313380256 0.19843025227919858 10 0.027533039647577088
98 0.13889970471255744 0.14650075487983302 15 0.027990296697144992
99 0.44209343627586783 0.4635693733929361 5 0.028376844494892164
99 0.2614086754508508 0.19846254215386958 10 0.027540622418066648
99 0.13891702152723437 0.14646324565313376 15 0.027995520716685325
100 0.4419052706620131 0.4636111441617631 5 0.02839295854628052
100 0.2613653573290947 0.1984962733697018 10 0.027548209366391185
100 0.13893398494069287 0.14642547354853536 15 0.028000746686578308
101 0.4417184740143104 0.4636528060939856 5 0.028409090909090908
101 0.2613211757653053 0.19853020451784315 10 0.027555800496004406
101 0.13895185345530994 0.14638811759455167 15 0.028005974607916356
102 0.441536096545451 0.46369414313094753 5 0.028425241614553724
102 0.2612773274344749 0.1985632656776992 10 0.027563395810363836
102 0.13897022278903945 0.1463511317395267 15 0.028011204481792718
103 0.44135601408498176 0.463735107473166 5 0.02844141069397042
103 0.26123423223088343 0.19859565787930109 10 0.027570995312930793
103 0.13898794358916014 0.1463142825184942 15 0.028016436309301458
104 0.44117428740477643 0.463776943168699 5 0.028457598178713715
104 0.26119221522288755 0.1986279248183271 10 0.027578599007170433
104 0.1390056102840395 0.14627669067793617 15 0.028021670091537453
105 0.4409896262754612 0.46381907626028085 5 0.028473804100227786
105 0.2611498589452924 0.19866091857022525 10 0.027586206896551724
105 0.13902298861591536 0.14623890188184993 15 0.02802690582959641
106 0.44080650577649694 0.4638610255498863 5 0.02849002849002849
106 0.26110764153398847 0.19869361870793484 10 0.02759381898454746
106 0.13904030530430944 0.14620126305624162 15 0.028032143524574844
107 0.44061897528205296 0.4639032536444653 5 0.028506271379703532
107 0.2610643301279925 0.1987276206385096 10 0.02760143527463428
107 0.13905747981843855 0.14616352158291418 15 0.028037383177570093
108 0.44043662475521234 0.4639454114124916 5 0.028522532800912718
108 0.2610208329554004 0.19876080385693126 10 0.027609055770292653
108 0.13907623421923157 0.14612621266211498 15 0.028042624789680316
109 0.4402601830209045 0.4639869573695715 5 0.028538812785388126
109 0.2609766830596092 0.19879325775922135 10 0.027616680475006903
109 0.13909623420729558 0.14608976435239404 15 0.028047868362004486
110 0.44007071267136605 0.4640299565045919 5 0.02855511136493432
110 0.26093087809563087 0.1988288243299861 10 0.027624309392265192
110 0.13911578117302895 0.14605232915107352 15 0.028053113895642415
111 0.43988696250987525 0.46407218557082414 5 0.02857142857142857
111 0.2608844815892347 0.19886365577682794 10 0.027631942525559543
111 0.1391362343877189 0.14601576578475142 15 0.028058361391694722
112 0.43970395769536763 0.46411430327685954 5 0.02858776443682104
112 0.2608376563268318 0.19889858115898976 10 0.027639579878385848
112 0.13915698059478684 0.14597943273152267 15 0.02806361085126286
113 0.43951919308300946 0.46415663402548024 5 0.02860411899313501
113 0.2607907479847694 0.19893391135008764 10 0.027647221454243844
113 0.1391774850610209 0.1459429396220358 15 0.028068862275449104
114 0.4393364640887568 0.4641984766381798 5 0.028620492272467084
114 0.2607441314660638 0.19896878984090255 10 0.027654867256637166
114 0.13919749681794955 0.1459067087520638 15 0.028074115665356537
115 0.4391587486436797 0.4642402576984462 5 0.028636884306987395
115 0.2606994658824984 0.1990019817552406 10 0.027662517289073305
115 0.13921719892624712 0.14587034398872117 15 0.028079371022089104
116 0.43897649690337914 0.46428312565180524 5 0.02865329512893983
116 0.2606556328776457 0.19903566468985787 10 0.027670171555063638
116 0.1392364111658653 0.14583299702594482 15 0.028084628346751545
117 0.4387998946585056 0.46432536080632003 5 0.0286697247706422
117 0.2606119473332625 0.1990682754546304 10 0.02767783005812344
117 0.13925606695473938 0.1457962420117664 15 0.028089887640449437
118 0.438616487389356 0.46436898349905703 5 0.028686173264486515
118 0.26056958748565134 0.19910158617089274 10 0.027685492801771867
118 0.13927458716721133 0.14575809879367416 15 0.028095148904289192
119 0.43842990598392734 0.4644128981748702 5 0.028702640642939148
119 0.26052758092757444 0.19913536923192815 10 0.027693159789531983
119 0.13929215264998548 0.14571954135467977 15 0.028100412139378042
120 0.438233879303374 0.4644561863855232 5 0.028719126938541065
120 0.26048304269849754 0.19917198198428213 10 0.027700831024930747
120 0.13930781634134898 0.14568127916877804 15 0.028105677346824055
121 0.43804969829621854 0.4644994453699908 5 0.028735632183908046
121 0.2604394298601314 0.19920606942075275 10 0.027708506511499028
121 0.13932622691476113 0.14564358187982376 15 0.02811094452773613
122 0.4378688707938184 0.4645429627371545 5 0.02875215641173088
122 0.2603967796627918 0.1992391598514722 10 0.027716186252771616
122 0.13934516704065636 0.1456057371898144 15 0.028116213683223992
123 0.4376938671882232 0.46459099432202444 5 0.028768699654775604
123 0.2603613222882333 0.19926822993935894 10 0.027723870252287217
123 0.13936684922104048 0.1455645757926006 15 0.0281214848143982
124 0.43751581594391215 0.46463512326954 5 0.028785261945883704
124 0.26032100724413476 0.19929993279384225 10 0.027731558513588463
124 0.1393853952392735 0.14552608925642804 15 0.028126757922370144
125 0.4373365390727167 0.46467841679508703 5 0.028801843317972347
125 0.26027891568367856 0.19933264700975178 10 0.027739251040221916
125 0.13940366013746372 0.14548835016173609 15 0.02813203300825206
126 0.4371550714046001 0.4647221907458457 5 0.02881844380403458
126 0.2602362324478893 0.19936605221978948 10 0.027746947835738067
126 0.13942241680359435 0.14545043396892696 15 0.028137310073157003
127 0.43697400731790986 0.4647659553076961 5 0.02883506343713956
127 0.2601926173404603 0.19939979952049908 10 0.027754648903691368
127 0.13944192543928946 0.14541279085208297 15 0.028142589118198873
128 0.4367895508022552 0.46480784686372345 5 0.028851702250432775
128 0.26014535466085054 0.19943570279533934 10 0.027762354247640196
128 0.13946040196112974 0.14537662927142098 15 0.028147870144492403
129 0.436603996231097 0.4648519564499479 5 0.028868360277136258
129 0.26010025778593204 0.19947095935646297 10 0.027770063871146902
129 0.13948005005682265 0.1453389408546186 15 0.02815315315315315
130 0.43641983623185315 0.4648965085147501 5 0.02888503755054881
130 0.2600558857458734 0.19950573293529497 10 0.027777777777777776
130 0.13950008037946768 0.14530102697658112 15 0.02815843814529754
131 0.4362339887601384 0.4649391116205691 5 0.028901734104046242
131 0.2600088829419844 0.19954194446403095 10 0.02778549597110308
131 0.13951877646397728 0.1452644836649994 15 0.028163725122042807
132 0.436052098843598 0.4649836204899539 5 0.028918449971081547
132 0.2599647571919026 0.1995763158597456 10 0.027793218454697052
132 0.13953905110127873 0.14522674397162388 15 0.028169014084507043
133 0.43586777415429934 0.465028733454642 5 0.028935185185185182
133 0.2599211111903491 0.1996109666157519 10 0.02780094523213789
133 0.13955895083729325 0.14518846283855086 15 0.028174305033809167
134 0.43568734461312203 0.4650755407935658 5 0.028951939779965255
134 0.2598806518652621 0.19964362232703126 10 0.027808676307007785
134 0.13957972115690412 0.14514894022934896 15 0.02817959797106894
135 0.4355075546807538 0.46512017773227476 5 0.02896871378910776
135 0.25983715638596017 0.19967739092795853 10 0.027816411682892908
135 0.13959984859152388 0.14511108115275878 15 0.02818489289740699
136 0.43532700861474194 0.46516452078426707 5 0.028985507246376812
136 0.2597912110903292 0.19971232382655996 10 0.027824151363383415
136 0.13962131199097164 0.14507391158738395 15 0.028190189813944746
137 0.43514475427059923 0.4652099362628818 5 0.029002320185614848
137 0.2597438275522266 0.19974821679036617 10 0.027831895352073477
137 0.13964503910169943 0.1450365792839005 15 0.02819548872180451
138 0.434967317541654 0.4652542155883578 5 0.02901915264074289
138 0.2596985630795167 0.19978240456302115 10 0.027839643652561245
138 0.13966656914159312 0.1449995408836523 15 0.02820078962210942
139 0.43478560614472217 0.46529953843825406 5 0.02903600464576074
139 0.25965667986220503 0.19981607464726545 10 0.0278473962684489
139 0.13968538120242688 0.1449609663978239 15 0.02820609251598345
140 0.43460123175833704 0.46534532719241495 5 0.029052876234747237
140 0.2596159616780452 0.19984982597854928 10 0.027855153203342618
140 0.1397029701215464 0.14492175743390054 15 0.028211397404551437
141 0.4344195634009413 0.4653909899500329 5 0.029069767441860465
141 0.2595757723967421 0.1998829030509399 10 0.0278629144608526
141 0.13972059799323852 0.14488266953193782 15 0.028216704288939052
142 0.43423643500879494 0.4654370132329225 5 0.029086678301337987
142 0.25953663004541216 0.19991590815286314 10 0.027870680044593088
142 0.13973729645842467 0.14484312589772141 15 0.028222013170272814
143 0.43405218224015424 0.46548440197627283 5 0.02910360884749709
143 0.25950246754744966 0.199947226924145 10 0.02787844995818232
143 0.13975127739851348 0.14480179440414478 15 0.02822732404968009
144 0.43385429597562153 0.46552082288043034 5 0.029120559114735
144 0.2594597789285496 0.19998428795580525 10 0.02788622420524261
144 0.139752318927837 0.1447658784441571 15 0.0282326369282891
145 0.4336674288718845 0.46556783384959183 5 0.029137529137529133
145 0.2594240451095359 0.2000167469292339 10 0.02789400278940028
145 0.13976615059445685 0.14472487139869825 15 0.028237951807228913
146 0.4334387002423198 0.4656112568927897 5 0.029154518950437316
146 0.25938803788974724 0.20004768897060243 10 0.027901785714285712
146 0.13978000346924926 0.14466715648944564 15 0.02824326868762945
147 0.4320256012601883 0.4648973546091315 5 0.029154518950437316
147 0.25936371050968376 0.20007226930988642 10 0.027909572983533353
147 0.13978759001995195 0.1446062417615939 15 0.02824858757062147
148 0.431794664555089 0.4649139028061392 5 0.029171528588098017
148 0.25932475026945495 0.20010395510307527 10 0.02791736460078168
148 0.13976511575517517 0.14455892281462007 15 0.0282539084573366
149 0.43156576645925815 0.4649578065994227 5 0.029188558085230586
149 0.2593044524958309 0.20012851990585342 10 0.027925160569673275
149 0.13976703117115424 0.14449662823383233 15 0.028259231348907305
150 0.43134142190885855 0.46500962029661486 5 0.02920560747663551
150 0.259294766328213 0.20014830158090063 10 0.027932960893854747
150 0.13977242984702284 0.14442899403943205 15 0.028264556246466926
151 0.43108382376656573 0.46504769647870203 5 0.02922267679719462
151 0.25928110968347284 0.20017581524430467 10 0.027940765576976806
151 0.13975111796388853 0.1443654729048201 15 0.02826988315114964
152 0.4308355316814202 0.4650954328542832 5 0.029239766081871343
152 0.25925165791061355 0.2002081311267816 10 0.02794857462269424
152 0.13976061119907152 0.14430267395137494 15 0.02827521206409048
153 0.4305952244517015 0.46514412353579554 5 0.029256875365710942
153 0.25921795507592604 0.20024059817755885 10 0.027956388034665918
153 0.1397767845572954 0.14424097353533552 15 0.02828054298642534
154 0.4303750927199091 0.46519948624756813 5 0.029274004683840747
154 0.2592386303931694 0.20024796888961208 10 0.02796420581655481
154 0.13976142599930133 0.14416485726579134 15 0.028285875919290965
155 0.4301019457841189 0.4652686550234272 5 0.029291154071470413
155 0.25932624417388894 0.20023973809008427 10 0.027972027972027972
155 0.13969158259559217 0.14406366080931024 15 0.02829121086382497
156 0.42982943666357415 0.4653372550203841 5 0.029308323563892142
156 0.25938311423046445 0.2002434977150867 10 0.027979854504756572
156 0.1396472307871021 0.14396999806753855 15 0.028296547821165818
157 0.42957877236083386 0.4654066575842107 5 0.02932551319648094
157 0.25945535395915414 0.20023716950019468 10 0.027987685418415897
157 0.1398357957336764 0.14379831189544173 15 0.028296547821165818
158 0.4291624209377474 0.46547344721554645 5 0.029342723004694836
158 0.25961855181464355 0.20018126478998705 10 0.027995520716685325
158 0.1397376782699285 0.1435940118130254 15 0.02830188679245283
159 0.4278382101932852 0.4647599522227943 5 0.029342723004694836
159 0.25986133451325594 0.2003951396438662 10 0.027995520716685325
159 0.1396524570945829 0.1434033411252108 15 0.028307227778826195
160 0.42744943611655073 0.46478690274761486 5 0.02935995302407516
160 0.25992920584935064 0.2003684367796355 10 0.028003360403248388
160 0.13959682321013692 0.14323382191201198 15 0.02831257078142695
161 0.4270419411085066 0.46479444134782827 5 0.029377203290246765
161 0.2599720443916103 0.20035547134808981 10 0.028011204481792718
161 0.13974812353389263 0.14300205360461896 15 0.02831257078142695
162 0.42666072990853 0.4648118995442738 5 0.02939447383891828
162 0.2601030362421334 0.2005924492108087 10 0.028011204481792718
162 0.1397114706383934 0.14284564649674542 15 0.028317915801397014
163 0.4256201616430485 0.4640723859590678 5 0.02939447383891828
163 0.2601247307224258 0.20057975185008292 10 0.028019052956010083
163 0.13968949111374998 0.14269431093835533 15 0.028323262839879154
164 0.4252873325091322 0.4640862963966329 5 0.029411764705882353
164 0.26015711384265916 0.20055818359150476 10 0.02802690582959641
164 0.1398521050668683 0.1424699592254295 15 0.028323262839879154
165 0.4248937438459427 0.46410452199928776 5 0.02942907592701589
165 0.26021043191058146 0.20054041326065947 10 0.028034763106251748
165 0.13979556391937198 0.1423074953787318 15 0.028328611898016998
166 0.4238266246927383 0.4633637604768193 5 0.02942907592701589
166 0.2604010742790691 0.20077731392192089 10 0.028034763106251748
166 0.13975722015418712 0.14215339417306705 15 0.028333962976955045
167 0.4234802240980584 0.46337317480457907 5 0.029446407538280327
167 0.2604073001643036 0.20076891204440525 10 0.028042624789680313
167 0.1397403211756215 0.1420092280975574 15 0.028339316077838652
168 0.4231305650263269 0.4633783440414329 5 0.029463759575721858
168 0.2603851490398643 0.20077160681370407 10 0.028050490883590462
168 0.1399397425929233 0.14180006306518808 15 0.028339316077838652
169 0.4228585398042798 0.4634037850808569 5 0.029481132075471695
169 0.2605273964296144 0.20101050759287595 10 0.028050490883590462
169 0.13997688066439784 0.14165913230923016 15 0.028344671201814057
170 0.42160625614538894 0.4625644260104102 5 0.029481132075471695
170 0.2604877170353378 0.20093993385678527 10 0.028058361391694722
170 0.13999536499970486 0.1415112256095574 15 0.02835002835002835
171 0.4214937050808447 0.4624630031313924 5 0.029498525073746312
171 0.26054349869714677 0.20111707769287945 10 0.028058361391694722
171 0.1402111358902362 0.14129224909416604 15 0.02835002835002835
172 0.4204497273509607 0.46158676769967055 5 0.029498525073746312
172 0.26044722954781907 0.20106342593477927 10 0.028066236317709794
172 0.14023158045866502 0.14115864182989168 15 0.02835538752362949
173 0.420349696231074 0.46148371213371264 5 0.029515938606847696
173 0.260519665649199 0.20124097759346604 10 0.028066236317709794
173 0.1405069371930618 0.14094407094757214 15 0.02835538752362949
174 0.41944709901384225 0.46062967828499624 5 0.029515938606847696
174 0.26047585910210197 0.20115683973433923 10 0.028074115665356537
174 0.14079584451423083 0.14071599335094584 15 0.02835538752362949
175 0.4193227946307928 0.4605184555454338 5 0.029533372711163613
175 0.26056259519668173 0.2013412157800359 10 0.028074115665356537
175 0.14080772778333342 0.1405754834642435 15 0.02836074872376631
176 0.41798912623141166 0.4596659602638228 5 0.029533372711163613
176 0.26051778523184244 0.20126227690351536 10 0.028081999438360008
176 0.14111402763884753 0.14034325432499 15 0.02836074872376631
177 0.4178651751515634 0.4595784428245054 5 0.029550827423167846
177 0.2606771928618626 0.2014386940421638 10 0.028081999438360008
177 0.1411320907355439 0.14018810522570263 15 0.0283661119515885
178 0.4168487376286455 0.4587302039952116 5 0.029550827423167846
178 0.2606434833418935 0.20135701090746952 10 0.028089887640449437
178 0.1413739815057355 0.13995098317245577 15 0.0283661119515885
179 0.4160863385524422 0.4578592740724522 5 0.029550827423167846
179 0.2607377660960515 0.2015445007458486 10 0.028089887640449437
179 0.14138677387165177 0.13980442432043722 15 0.02837147720824664
180 0.4159487099784324 0.4577727178019174 5 0.029568302779420456
180 0.2606958856426327 0.20146996326051694 10 0.028097780275358242
180 0.14159487960557887 0.13956895787746973 15 0.02837147720824664
181 0.4152146108728136 0.45692070715168676 5 0.029568302779420456
181 0.26076812963838947 0.20166078031952667 10 0.028097780275358242
181 0.14161870511697103 0.13941368752893168 15 0.028376844494892167
182 0.4150854354177481 0.4567836805836107 5 0.029585798816568046
182 0.26070626970783317 0.20155727544249574 10 0.028105677346824058
182 0.1418666851867941 0.1391450951580884 15 0.028376844494892167
183 0.41402498345572997 0.4558693851679291 5 0.029585798816568046
183 0.2607903296660749 0.20170158811730618 10 0.028105677346824058
183 0.14219733810626856 0.13885960452481555 15 0.028376844494892167
184 0.41317399915195085 0.45496206116451543 5 0.029585798816568046
184 0.26094107301337804 0.20183322069938986 10 0.028105677346824058
184 0.1422226881431001 0.13865315926824465 15 0.02838221381267739
185 0.41305628958179036 0.4548212410935138 5 0.02960331557134399
185 0.26101257747485174 0.20197193282296935 10 0.028105677346824058
185 0.1425034510117299 0.13837085261571735 15 0.02838221381267739
186 0.41236790708932086 0.453896320284516 5 0.02960331557134399
186 0.2608980775745881 0.20187631778810466 10 0.028113578858588693
186 0.14275178928739793 0.13810529148169684 15 0.02838221381267739
187 0.4116435726688937 0.45298251034445974 5 0.02960331557134399
187 0.26092742429978255 0.20202010294203224 10 0.028113578858588693
187 0.14302042759043038 0.13783030699930823 15 0.02838221381267739
188 0.41052554510232203 0.4520752636206818 5 0.02960331557134399
188 0.26099965906009004 0.20216287806805316 10 0.028113578858588693
188 0.14306572724204442 0.13763039741595787 15 0.02838758516275549
189 0.4103922413079439 0.45195865088585635 5 0.029620853080568717
189 0.2609308595604026 0.20205639264963002 10 0.028121484814398197
189 0.14341196531414646 0.13734039788441574 15 0.02838758516275549
190 0.4095252322630306 0.4510524219039297 5 0.029620853080568717
190 0.2611175608843496 0.20219098514800785 10 0.028121484814398197
190 0.1436916148285286 0.13706007886660065 15 0.02838758516275549
191 0.40877340738970513 0.45014684584862286 5 0.029620853080568717
191 0.2612531617847914 0.20232394389892336 10 0.028121484814398197
191 0.14393010855344618 0.13677755865059008 15 0.02838758516275549
192 0.40782090639686847 0.44924430031989643 5 0.029620853080568717
192 0.26133341532842547 0.20247320647414338 10 0.028121484814398197
192 0.14398215714204482 0.13657859505998327 15 0.02839295854628052
193 0.4077709864720296 0.44915478998535285 5 0.029638411381149966
193 0.26124516485598226 0.20235886839659972 10 0.02812939521800281
193 0.14432907885131505 0.1362814421506391 15 0.02839295854628052
194 0.40711267416562846 0.4481937708724034 5 0.029638411381149966
194 0.2613508685222733 0.20246454547827195 10 0.02812939521800281
194 0.14469725139429768 0.13598974559609875 15 0.02839295854628052
195 0.4066527148336049 0.4471931983551173 5 0.029638411381149966
195 0.26135433980906064 0.20255538758022018 10 0.02812939521800281
195 0.1450465394797706 0.13569335546442848 15 0.02839295854628052
196 0.4062122121143637 0.44617514886316173 5 0.029638411381149966
196 0.2612828596718155 0.20266317706206366 10 0.02812939521800281
196 0.14540463599394152 0.13540294339230471 15 0.02839295854628052
197 0.4055727719068022 0.4451534333661778 5 0.029638411381149966
197 0.26126817745444975 0.20275377920693521 10 0.02812939521800281
197 0.14572209810449133 0.1351080437472451 15 0.02839295854628052
198 0.4050385131653645 0.44413822095989597 5 0.029638411381149966
198 0.2613453991902221 0.20284008341504517 10 0.02812939521800281
198 0.1460120399089175 0.134810604301089 15 0.02839295854628052
199 0.4045084186467662 0.44308670261370564 5 0.029638411381149966
199 0.26127147551715263 0.20297175497587666 10 0.02812939521800281
199 0.14627975590096892 0.13453554947526375 15 0.02839295854628052
200 0.4040163865995984 0.44207329870084644 5 0.029638411381149966
200 0.26127746053716816 0.20304758522575347 10 0.02812939521800281
200 0.14655688967227476 0.13423087576724396 15 0.02839295854628052
201 0.4032444055387976 0.4410809052999779 5 0.029638411381149966
201 0.2613402153513179 0.20312443222239457 10 0.02812939521800281
201 0.14684690220157404 0.13390851245219995 15 0.02839295854628052
202 0.4025412956324851 0.4400816645579935 5 0.029638411381149966
202 0.26133500134315196 0.20324035855608438 10 0.02812939521800281
202 0.147204748994309 0.1336121949230087 15 0.02839295854628052
203 0.40205442743978625 0.43903683552691797 5 0.029638411381149966
203 0.26110707384420934 0.2033961768939117 10 0.02812939521800281
203 0.14767802426826385 0.1333854575899611 15 0.02839295854628052
204 0.4014220919142885 0.4379993265499487 5 0.029638411381149966
204 0.2609943870278926 0.20350696235791643 10 0.02812939521800281
204 0.14808457545085194 0.13313246003466667 15 0.02839295854628052
205 0.40079047118558425 0.4369968743403966 5 0.029638411381149966
205 0.26096305233857925 0.20359442329682867 10 0.02812939521800281
205 0.1484439887517888 0.1328224140181394 15 0.02839295854628052
206 0.40022507098613425 0.4359885222689595 5 0.029638411381149966
206 0.2609480397997045 0.2036836384674841 10 0.02812939521800281
206 0.1488350817171611 0.1324774281466311 15 0.02839295854628052
207 0.3999117957069379 0.4350039254739298 5 0.029638411381149966
207 0.2608942421833135 0.20372224753831175 10 0.02812939521800281
207 0.14938795601981855 0.13213495508715437 15 0.02839295854628052
208 0.39934348250784363 0.4339457192665095 5 0.029638411381149966
208 0.2608744105419486 0.20378028758843492 10 0.02812939521800281
208 0.14980096025103526 0.13180057834247777 15 0.02839295854628052
209 0.39879044954685217 0.43288893666533107 5 0.029638411381149966
209 0.26091327629379585 0.20382463779714 10 0.02812939521800281
209 0.15012853142450835 0.13145034621599433 15 0.02839295854628052
210 0.3984602026144392 0.4318762230597367 5 0.029638411381149966
210 0.2610468846728293 0.20384136552601842 10 0.02812939521800281
210 0.15047617886190334 0.13108406950779233 15 0.02839295854628052
211 0.3980665373997504 0.43083396101869054 5 0.029638411381149966
211 0.2611148910073699 0.2038879655722358 10 0.02812939521800281
211 0.15080586374755764 0.13073091374309856 15 0.02839295854628052
212 0.39745312064232313 0.42978094073728235 5 0.029638411381149966
212 0.2610163816982566 0.20395124457134334 10 0.02812939521800281
212 0.1511913836612458 0.13038724162582643 15 0.02839295854628052
213 0.3968997395119637 0.42870244243798156 5 0.029638411381149966
213 0.2608856016943418 0.20405212764567732 10 0.02812939521800281
213 0.15155398760126604 0.130068334471421 15 0.02839295854628052
214 0.396500156721855 0.427641570376716 5 0.029638411381149966
214 0.2608144015158093 0.2041310499303021 10 0.02812939521800281
214 0.15187837393881762 0.12973494499635266 15 0.02839295854628052
215 0.3960628185231603 0.42659294120551117 5 0.029638411381149966
215 0.26080503257695814 0.20421102838220948 10 0.02812939521800281
215 0.152214696170753 0.12938971005144223 15 0.02839295854628052
216 0.3953405403657665 0.4255416900916994 5 0.029638411381149966
216 0.26081917292712026 0.20430456527678847 10 0.02812939521800281
216 0.1526442802387048 0.12905057810387896 15 0.02839295854628052
217 0.39473672308491636 0.4244759166956606 5 0.029638411381149966
217 0.2606861307713372 0.2044313290919096 10 0.02812939521800281
217 0.15305904518687516 0.12872633948378845 15 0.02839295854628052
218 0.3942661453827522 0.4234049004741367 5 0.029638411381149966
218 0.26053458615348857 0.20453769077990716 10 0.02812939521800281
218 0.15342420305944937 0.12839283131573784 15 0.02839295854628052
219 0.3928783291544552 0.4215190833507073 5 0.029620853080568717
219 0.26042540088603355 0.2046404898929428 10 0.02812939521800281
219 0.15410590481144448 0.12792484288230968 15 0.02838758516275549
220 0.3924131986708398 0.42044073032558915 5 0.029620853080568717
220 0.26047116523687336 0.20502940437369227 10 0.028121484814398197
220 0.15454804887182635 0.1275772219721611 15 0.02838758516275549
221 0.39203797173531985 0.41936018563726385 5 0.029620853080568717
221 0.2604300966694386 0.2051148266935044 10 0.028121484814398197
221 0.15496298659417937 0.12722357187313565 15 0.02838758516275549
222 0.39143320441074525 0.4182913521988799 5 0.029620853080568717
222 0.26036387463291033 0.20517897017933934 10 0.028121484814398197
222 0.15534312957134316 0.12685765737396226 15 0.02838758516275549
223 0.39091165830715335 0.4172300409844011 5 0.029620853080568717
223 0.2602594827651836 0.2052645772166482 10 0.028121484814398197
223 0.15571727526806486 0.12649999365908923 15 0.02838758516275549
224 0.3905287680980748 0.4161622318047088 5 0.029620853080568717
224 0.2600161243718138 0.20539183072692868 10 0.028121484814398197
224 0.15614404024682813 0.12616490831237906 15 0.02838758516275549
225 0.3902492979162866 0.41508592145570955 5 0.029620853080568717
225 0.2598706071121441 0.20548141150006427 10 0.028121484814398197
225 0.15653754827027994 0.1258278042100244 15 0.02838758516275549
226 0.38977056728548637 0.4140208735042116 5 0.029620853080568717
226 0.259746841183737 0.2055692786290951 10 0.028121484814398197
226 0.1568599659507843 0.1254788278656009 15 0.02838758516275549
227 0.3893093544173324 0.4129264770206348 5 0.029620853080568717
227 0.25957548943147957 0.20569331933230553 10 0.028121484814398197
227 0.15748319075174802 0.1250133871056756 15 0.02838221381267739
228 0.388934648746277 0.41186188854675077 5 0.029620853080568717
228 0.2595206711211853 0.20577060102947473 10 0.028121484814398197
228 0.15782572455353178 0.12464147054185175 15 0.02838221381267739
229 0.38838589786694294 0.41082012590102757 5 0.029620853080568717
229 0.2594444009002393 0.2058408799743597 10 0.028121484814398197
229 0.15812462210117245 0.12424893846399533 15 0.02838221381267739
230 0.3873615942304125 0.40896535401425044 5 0.02960331557134399
230 0.2593238144381502 0.20593018769173566 10 0.028121484814398197
230 0.15847275017230525 0.12387699379768294 15 0.02838221381267739
231 0.38705917298674275 0.4078771147529664 5 0.02960331557134399
231 0.25903127398270864 0.2060621732647981 10 0.028121484814398197
231 0.15888816914055087 0.12355278844736453 15 0.02838221381267739
232 0.3866482577195516 0.4067916543861186 5 0.02960331557134399
232 0.2588756926349828 0.20614883882338897 10 0.028121484814398197
232 0.15927426061871822 0.12321933763836021 15 0.02838221381267739
233 0.3862784559909689 0.40573091433081093 5 0.02960331557134399
233 0.2590536427261692 0.20647331115355422 10 0.028113578858588693
233 0.15967471860456944 0.12286620768079934 15 0.02838221381267739
234 0.38611859820020245 0.40470093146848757 5 0.02960331557134399
234 0.2589461977517117 0.2065509671913352 10 0.028113578858588693
234 0.16014092810879224 0.12251141403520863 15 0.02838221381267739
235 0.3860150730191785 0.4036478128731825 5 0.02960331557134399
235 0.2588303734796615 0.20662225423562228 10 0.028113578858588693
235 0.16055881140925296 0.12215733816305233 15 0.02838221381267739
236 0.38578031444583466 0.4026006639313403 5 0.02960331557134399
236 0.2587129308272845 0.20669782428560532 10 0.028113578858588693
236 0.1609515166508083 0.12179397720465229 15 0.02838221381267739
237 0.38538070866414176 0.4015887727229816 5 0.02960331557134399
237 0.2585817894512561 0.20676400034896406 10 0.028113578858588693
237 0.16138492980053962 0.12142836012930981 15 0.02838221381267739
238 0.385009770443476 0.40053101478971975 5 0.02960331557134399
238 0.25854355122709566 0.2068146857611477 10 0.028113578858588693
238 0.16188142849346102 0.12091490861335735 15 0.028376844494892167
239 0.38456948749511344 0.39947758059153426 5 0.02960331557134399
239 0.2585634101527093 0.20685603080009912 10 0.028113578858588693
239 0.16217656533308325 0.1205302765413323 15 0.028376844494892167
240 0.38419827362471126 0.3984452940647577 5 0.02960331557134399
240 0.2585384271368051 0.2069268345930794 10 0.028113578858588693
240 0.16246116407402497 0.12014437237060403 15 0.028376844494892167
241 0.38406788562372074 0.3974349851727833 5 0.02960331557134399
241 0.25838220565210196 0.20700927631484908 10 0.028113578858588693
241 0.16283766296381466 0.1197743973002747 15 0.028376844494892167
242 0.38397823143577814 0.3964263964653495 5 0.02960331557134399
242 0.2583198852947266 0.20714167013272644 10 0.028113578858588693
242 0.16294550043043515 0.11969695790490364 15 0.02838221381267739
243 0.3842871560027731 0.3963748364516457 5 0.029620853080568717
243 0.25818724322435205 0.20714931101883538 10 0.028121484814398197
243 0.1631582268162785 0.11968725811816051 15 0.02838221381267739
244 0.3839335344057135 0.3955070004647182 5 0.029620853080568717
244 0.25810982697654167 0.20742825283250355 10 0.028121484814398197
244 0.16325071816000386 0.11983857518223105 15 0.02838758516275549
245 0.38428775765673345 0.39544077904830444 5 0.029638411381149966
245 0.2577665026878494 0.20749929027013397 10 0.02812939521800281
245 0.16363531980931129 0.11986221242282029 15 0.02838758516275549
246 0.38413450994373777 0.3945409257479569 5 0.029638411381149966
246 0.25765895782216863 0.20778665616916342 10 0.02812939521800281
246 0.1637634114143086 0.1200432585644316 15 0.02839295854628052
247 0.38445962145155654 0.39448464925191584 5 0.02965599051008303
247 0.25742345654008747 0.2078289615901428 10 0.028137310073157003
247 0.16403208890471005 0.12004863543376211 15 0.02839295854628052
248 0.38442269596086376 0.393617229590854 5 0.02965599051008303
248 0.25714844569539863 0.20787625558194156 10 0.028145229383619477
248 0.16421645269942972 0.1202239575219435 15 0.02839833396440742
249 0.3848274029674775 0.39354497890623324 5 0.02967359050445104
249 0.25703413253105284 0.20814672944285423 10 0.028145229383619477
249 0.16447297195503363 0.12024179863688197 15 0.02839833396440742
250 0.3847563512235125 0.3926429371269417 5 0.02967359050445104
250 0.25678948020770453 0.2081851013916017 10 0.02815315315315315
250 0.16457711640899678 0.12042037330004578 15 0.02840371141829199
251 0.38513693273827043 0.39254863547626007 5 0.029691211401425176
251 0.2566044058028324 0.2084850438275132 10 0.02815315315315315
251 0.16485104881685544 0.12045127915584306 15 0.02840371141829199
252 0.38498028712993093 0.39163249456637156 5 0.029691211401425176
252 0.2563610212599547 0.20851592107558847 10 0.028161081385525203
252 0.16494303077289904 0.12063601397163216 15 0.028409090909090908
253 0.3853449387783381 0.39156382482952456 5 0.029708853238265002
253 0.256277296786282 0.20875216819323703 10 0.028161081385525203
253 0.16518254409895786 0.12063680710640859 15 0.028409090909090908
254 0.38509742333119756 0.39054604385641384 5 0.029708853238265002
254 0.25609089436227384 0.20863751182069784 10 0.028169014084507043
254 0.1652635526649498 0.12053176730581866 15 0.028414472437961736
255 0.3844367111291634 0.3884265302090973 5 0.029691211401425176
255 0.2561420933651156 0.20895954851721968 10 0.02815315315315315
255 0.1659120495273699 0.11942098943231767 15 0.02840371141829199
256 0.38314830116013887 0.38549711312394735 5 0.02965599051008303
256 0.25612163943155575 0.20904108004795835 10 0.028145229383619477
256 0.16638151501241874 0.11825969175370561 15 0.02839295854628052
257 0.38224086329785945 0.3834130321445693 5 0.029638411381149966
257 0.2562907887565263 0.20935895176144914 10 0.02812939521800281
257 0.16676003332548783 0.11726425462739433 15 0.02838758516275549
258 0.3807597855899424 0.3805392176508779 5 0.02960331557134399
258 0.25651938168280647 0.2094431791691252 10 0.028121484814398197
258 0.16728734723499245 0.1160700288148084 15 0.028376844494892167
259 0.3799924664411808 0.37848889332932883 5 0.029585798816568046
259 0.2568118960701122 0.20968705986907027 10 0.028105677346824058
259 0.16752557408573227 0.11506576063836679 15 0.02837147720824664
260 0.37863659165128005 0.37563868375005 5 0.029550827423167846
260 0.25722715197122625 0.20991850129922768 10 0.028089887640449437
260 0.16767900136692038 0.11402410106933213 15 0.0283661119515885
261 0.3779572437542327 0.37363764284778067 5 0.029533372711163613
261 0.2572722690077851 0.20996908418059737 10 0.028081999438360008
261 0.16779773352373265 0.1131506041301649 15 0.0283661119515885
262 0.3764407507344702 0.3707710517492605 5 0.029498525073746312
262 0.25737937040557723 0.21029381453132912 10 0.028066236317709794
262 0.16813017534174246 0.11206574501643186 15 0.02836074872376631
263 0.37565749525453573 0.36875465301740584 5 0.029481132075471695
263 0.25762645215608787 0.2105443129599839 10 0.028050490883590462
263 0.168294785123317 0.11120776142528821 15 0.02836074872376631
264 0.37434971641809056 0.3659348876126007 5 0.029446407538280327
264 0.2577645991824206 0.21059876255707408 10 0.028042624789680313
264 0.16843632580311294 0.11034083260199214 15 0.02836074872376631
265 0.3735065914090571 0.36395516657955274 5 0.02942907592701589
265 0.2578928021174944 0.21088866199107273 10 0.02802690582959641
265 0.1685352491367662 0.10947757869671744 15 0.02836074872376631
266 0.3720953187529882 0.36116032009607973 5 0.02939447383891828
266 0.25818123239938406 0.21113974295566043 10 0.028011204481792718
266 0.16860116297863162 0.10861421653019604 15 0.02836074872376631
267 0.37178381072136846 0.3601457359016988 5 0.02939447383891828
267 0.2583220182060502 0.21114202472042282 10 0.028011204481792718
267 0.1685947620268532 0.10833152823982717 15 0.0283661119515885
268 0.3714351881979311 0.3591345986697999 5 0.02939447383891828
268 0.2583866370008999 0.21115910192550183 10 0.028011204481792718
268 0.16864801202352223 0.10784861968301993 15 0.0283661119515885
269 0.3710848505824902 0.35811914526959476 5 0.02939447383891828
269 0.2582762651540237 0.211227166426311 10 0.028011204481792718
269 0.1687061095702179 0.1075843591262598 15 0.02837147720824664
270 0.3709712864974314 0.3570908621242116 5 0.02939447383891828
270 0.25825040505383734 0.21125354284121864 10 0.028011204481792718
270 0.16879555607377936 0.10712275821071561 15 0.02837147720824664
271 0.37082729689925975 0.35606708171693063 5 0.02939447383891828
271 0.25823327822478526 0.2112821911511374 10 0.028011204481792718
271 0.16885894765076725 0.10686831380975323 15 0.028376844494892167
272 0.37053758466590386 0.35507962794015396 5 0.02939447383891828
272 0.25812114122297786 0.21133369949684755 10 0.028011204481792718
272 0.16906426514694156 0.10640071650693375 15 0.028376844494892167
273 0.3703311114184445 0.3540588735008062 5 0.02939447383891828
273 0.25808968415198236 0.21136154090547113 10 0.028011204481792718
273 0.16911555414576274 0.10614525352134074 15 0.02838221381267739
274 0.37019116315768613 0.35304141735923 5 0.02939447383891828
274 0.25806683380704304 0.21139096870757768 10 0.028011204481792718
274 0.16911385890504027 0.10567706909038804 15 0.02838221381267739
275 0.369635499552241 0.35120427759149003 5 0.029377203290246765
275 0.2580074771233468 0.21144690416374462 10 0.028011204481792718
275 0.16917288891678461 0.10541639455246286 15 0.02838758516275549
276 0.36942803877834585 0.35021074188365736 5 0.029377203290246765
276 0.2579368460273451 0.21176010605362458 10 0.028003360403248388
276 0.1693740921390101 0.10495834840216527 15 0.02838758516275549
277 0.3693780066631158 0.3491874726553663 5 0.029377203290246765
277 0.25779809033343104 0.2118278485422819 10 0.028003360403248388
277 0.16944940686104856 0.10470773484430454 15 0.02839295854628052
278 0.36926758464730985 0.3481699181285846 5 0.029377203290246765
278 0.25773536970120337 0.21189077654549648 10 0.028003360403248388
278 0.16960696904749847 0.10424865795486546 15 0.02839295854628052
279 0.36899366272301465 0.34717011524289065 5 0.029377203290246765
279 0.25770675391762043 0.21195613572029406 10 0.028003360403248388
279 0.16969638735272913 0.1037853554790274 15 0.02839295854628052
280 0.36875164651427544 0.34615677017087154 5 0.029377203290246765
280 0.25774451542950055 0.2119844200824757 10 0.028003360403248388
280 0.1697623986163962 0.10332567079570719 15 0.02839295854628052
281 0.36851970896896596 0.3451539048268977 5 0.029377203290246765
281 0.2578275097125535 0.21200633964469406 10 0.028003360403248388
281 0.16981633355919223 0.10286000761561527 15 0.02839295854628052
282 0.3682170975019393 0.3441669114114646 5 0.029377203290246765
282 0.25791954669119843 0.2120504781429029 10 0.028003360403248388
282 0.16988547869649587 0.10239078577022692 15 0.02839295854628052
283 0.3679872161008845 0.3431823055658567 5 0.029377203290246765
283 0.25785404933721223 0.21211987664464513 10 0.028003360403248388
283 0.1700204510454174 0.10192738803751973 15 0.02839295854628052
284 0.3678881643389108 0.34217787788233717 5 0.029377203290246765
284 0.25779562302836656 0.2121571768277848 10 0.028003360403248388
284 0.17008916541356883 0.10147128283408864 15 0.02839295854628052
285 0.3677230081962589 0.3411859707162609 5 0.029377203290246765
285 0.2577834043540062 0.21219376676208115 10 0.028003360403248388
285 0.17014167699335642 0.10100931954659124 15 0.02839295854628052
286 0.36742261331291004 0.34021417085685685 5 0.029377203290246765
286 0.25781266885908605 0.21222584086853674 10 0.028003360403248388
286 0.1702371808042779 0.10054554353443731 15 0.02839295854628052
287 0.3671847485236636 0.339235184338669 5 0.029377203290246765
287 0.25780646916438094 0.21226946256534301 10 0.028003360403248388
287 0.17029419893050346 0.10008120333488947 15 0.02839295854628052
288 0.3670366149599882 0.33826664951320695 5 0.029377203290246765
288 0.257729536404431 0.21233275136623164 10 0.028003360403248388
288 0.17039972680930757 0.09961486142740075 15 0.02839295854628052
289 0.3669023537276209 0.33730068832678567 5 0.029377203290246765
289 0.2575925687329253 0.2124270102318632 10 0.028003360403248388
289 0.17055767761938662 0.09913261322825141 15 0.02839295854628052
290 0.3666564076371108 0.33632152757760797 5 0.029377203290246765
290 0.257682841249644 0.2126654434076868 10 0.027995520716685325
290 0.17063538621076418 0.09863021300702587 15 0.02839295854628052
291 0.3664690763464986 0.3353333841276062 5 0.029377203290246765
291 0.2576962234918102 0.21267595657848726 10 0.027995520716685325
291 0.1706775880895212 0.09812629734289556 15 0.02839295854628052
292 0.3663222356612795 0.3343578321244211 5 0.029377203290246765
292 0.25773312499113527 0.21270053410943776 10 0.027995520716685325
292 0.17073320332629188 0.09761972685393666 15 0.02839295854628052
293 0.3655348120319869 0.33252760858217817 5 0.02935995302407516
293 0.25764244982784124 0.2127726369147654 10 0.027995520716685325
293 0.17078727352360765 0.09711707622860984 15 0.02839295854628052
294 0.3655413261442901 0.3315314936932122 5 0.02935995302407516
294 0.2577020061739472 0.21278821340928328 10 0.027995520716685325
294 0.17081962896882014 0.09661788644988914 15 0.02839295854628052
295 0.3654918029813762 0.33054659257425856 5 0.02935995302407516
295 0.2575680401755667 0.212803096416511 10 0.027995520716685325
295 0.170856257943567 0.0961166339878476 15 0.02839295854628052
296 0.3651726272457335 0.32956785021366747 5 0.02935995302407516
296 0.2574694277935105 0.21286227391982457 10 0.027995520716685325
296 0.1708951262913227 0.09561344013220377 15 0.02839295854628052
297 0.36507783450141806 0.32857735348736405 5 0.02935995302407516
297 0.25748462454548104 0.21287439329855626 10 0.027995520716685325
297 0.17089859488128017 0.09511642273018664 15 0.02839295854628052
298 0.36505544818380636 0.32759703583513144 5 0.02935995302407516
298 0.25756999460460206 0.21287826108175456 10 0.027995520716685325
298 0.17084365007004695 0.09437117054393443 15 0.02838758516275549
299 0.36495799097339554 0.3266305676252428 5 0.02935995302407516
299 0.2574695131283801 0.21289951412289887 10 0.027995520716685325
299 0.17087737223223123 0.09386378749502905 15 0.02838758516275549
300 0.3645725957135052 0.3256708672739933 5 0.02935995302407516
300 0.2573361619334579 0.21297747380183968 10 0.027995520716685325
300 0.17093578976881035 0.09334903517891463 15 0.02838758516275549
301 0.3644775390381504 0.32467613248029104 5 0.02935995302407516
301 0.2572172412058851 0.21303140109809737 10 0.027995520716685325
301 0.1709601624868121 0.09284041409577572 15 0.02838758516275549
302 0.3644596321348633 0.32368412830633553 5 0.02935995302407516
302 0.2570944701753754 0.21309383359661793 10 0.027995520716685325
302 0.1709736079860537 0.09232771685527487 15 0.02838758516275549
303 0.3643907899160827 0.32270163465532337 5 0.02935995302407516
303 0.2570683326671356 0.21310541194408855 10 0.027995520716685325
303 0.17098523847196823 0.091816614392693 15 0.02838758516275549
304 0.36407684043022204 0.3217264371245255 5 0.02935995302407516
304 0.25730312237103237 0.21326659633569517 10 0.027987685418415897
304 0.17099104598525444 0.0912990365773237 15 0.02838758516275549
305 0.3638583737234867 0.3207630207998708 5 0.02935995302407516
305 0.2574006196774876 0.21325917026282162 10 0.027987685418415897
305 0.17096971697607855 0.0907810816073545 15 0.02838758516275549
306 0.36374453534346846 0.31980218485685197 5 0.02935995302407516
306 0.25740065007494173 0.21328328042604489 10 0.027987685418415897
306 0.17097149395245131 0.09026504410363745 15 0.02838758516275549
307 0.36355486482382515 0.31880639117047643 5 0.02935995302407516
307 0.25722893974828887 0.2133433985454464 10 0.027987685418415897
307 0.17098023551510305 0.08976213238555722 15 0.02838758516275549
308 0.3634987232651702 0.3178387610254178 5 0.02935995302407516
308 0.2571793564684466 0.21337905905104743 10 0.027987685418415897
308 0.17101683258739533 0.0892490484543673 15 0.02838758516275549
309 0.36344200826273493 0.31689301001339026 5 0.02935995302407516
309 0.25719499357544806 0.2134090211055793 10 0.027987685418415897
309 0.1710464952245147 0.08872865871828182 15 0.02838758516275549
310 0.36340137184893767 0.3159325754543806 5 0.02935995302407516
310 0.25720314137504674 0.2134399888869693 10 0.027987685418415897
310 0.17106162173871323 0.08821498013533022 15 0.02838758516275549
311 0.36319539494281894 0.3149831926617729 5 0.02935995302407516
311 0.2572382847115145 0.21347296445950517 10 0.027987685418415897
311 0.17105695767332263 0.08769705359775923 15 0.02838758516275549
312 0.3629921414738878 0.314056678846372 5 0.02935995302407516
312 0.2573603915684782 0.2135220247894703 10 0.027987685418415897
312 0.1710575638363755 0.08717073307260217 15 0.02838758516275549
313 0.3629514571040088 0.31311390888069346 5 0.02935995302407516
313 0.25729361631224407 0.21358141167650438 10 0.027987685418415897
313 0.17106640942080323 0.08664634685626749 15 0.02838758516275549
314 0.36290896577758475 0.31218357122723445 5 0.02935995302407516
314 0.2572287236116379 0.21362093261540255 10 0.027987685418415897
314 0.17106168694940463 0.08611829697823753 15 0.02838758516275549
315 0.3627702635481811 0.3112525859722247 5 0.02935995302407516
315 0.2572187485378996 0.2136569050851737 10 0.027987685418415897
315 0.1710326235559251 0.08559390242021722 15 0.02838758516275549
316 0.3625904739208187 0.31029463102691657 5 0.02935995302407516
316 0.2570756587963227 0.2137305739807866 10 0.027987685418415897
316 0.17092916120108306 0.0850770053162325 15 0.02838758516275549
317 0.362468938322514 0.30936467495602804 5 0.02935995302407516
317 0.25708594847463795 0.21376235493734835 10 0.027987685418415897
317 0.1708464271202402 0.08455751507122716 15 0.02838758516275549
318 0.3621453724732407 0.30845607467822245 5 0.02935995302407516
318 0.257133397611562 0.21379121500745316 10 0.027987685418415897
318 0.17080523468039002 0.08402888403776543 15 0.02838758516275549
319 0.36192504186887037 0.30755377617369695 5 0.02935995302407516
319 0.25705662767117415 0.2138405915502007 10 0.027987685418415897
319 0.17080353759642303 0.08349430029623525 15 0.02838758516275549
320 0.36192259697091733 0.3066170570965221 5 0.02935995302407516
320 0.25688837477478116 0.2139148577623232 10 0.027987685418415897
320 0.17075888149937704 0.08297278737328223 15 0.02838758516275549
321 0.36141240942418223 0.3048744466148924 5 0.029342723004694836
321 0.2568206716907385 0.2139623219121344 10 0.027987685418415897
321 0.17070591555029457 0.08245037921877556 15 0.02838758516275549
322 0.3612859995747875 0.30396696962788483 5 0.029342723004694836
322 0.25682390118982973 0.2140053280988993 10 0.027987685418415897
322 0.1706559798043453 0.08192441517233832 15 0.02838758516275549
323 0.3612793531125357 0.30305884476687633 5 0.029342723004694836
323 0.25675814097690236 0.214066054976822 10 0.027987685418415897
323 0.17062808684366854 0.08139072540527575 15 0.02838758516275549
324 0.3614348995139264 0.30211958138311573 5 0.029342723004694836
324 0.25660932209311244 0.21414520356160627 10 0.027987685418415897
324 0.17065932540342696 0.08085677274298887 15 0.02838758516275549
325 0.3613925898829565 0.30117654494820895 5 0.029342723004694836
325 0.2564484468673254 0.21421729903655481 10 0.027987685418415897
325 0.17067522760639034 0.08030989443708143 15 0.02838758516275549
326 0.36135300349074884 0.30025001718087047 5 0.029342723004694836
326 0.2562947947570419 0.21428942642657453 10 0.027987685418415897
326 0.17067771468607854 0.0797580763003016 15 0.02838758516275549
327 0.36157283027398684 0.29931273337084663 5 0.029342723004694836
327 0.25618210894961113 0.21433568757203503 10 0.027987685418415897
327 0.1707245480297277 0.07921256558348878 15 0.02838758516275549
328 0.36171458950738683 0.2983467400548979 5 0.029342723004694836
328 0.2562742043361772 0.21436033029932616 10 0.027987685418415897
328 0.17071205923279206 0.0786737200191204 15 0.02838758516275549
329 0.3616995032755207 0.2973832890455069 5 0.029342723004694836
329 0.25635900505567427 0.21437574806898213 10 0.027987685418415897
329 0.17063655253766416 0.0781339176063239 15 0.02838758516275549
330 0.36213787140162773 0.2972808476164104 5 0.02935995302407516
330 0.25641435595495743 0.21439849885961668 10 0.027987685418415897
330 0.17056129255726654 0.07759607460870353 15 0.02838758516275549
331 0.3621046465810386 0.29632234435849353 5 0.02935995302407516
331 0.25641311203360007 0.2144116840811301 10 0.027987685418415897
331 0.17046240389975037 0.07706150174637523 15 0.02838758516275549
332 0.3620179674136611 0.295380858291501 5 0.02935995302407516
332 0.2564293362135238 0.21442226510252146 10 0.027987685418415897
332 0.17036165666563172 0.076523485183243 15 0.02838758516275549
333 0.36195422109170294 0.29445093093357944 5 0.02935995302407516
333 0.25648160236354756 0.21444106254415912 10 0.027987685418415897
333 0.1703002409244948 0.07597993139251272 15 0.02838758516275549
334 0.36188698984189294 0.29349743561874914 5 0.02935995302407516
334 0.2564738644354013 0.21449216027938295 10 0.027987685418415897
334 0.17015511688062052 0.07543499086683923 15 0.02838758516275549
335 0.36192202437157783 0.29255855638904515 5 0.02935995302407516
335 0.2565260859778483 0.21451714840898015 10 0.027987685418415897
335 0.1700787136012625 0.07489135915074029 15 0.02838758516275549
336 0.3618695996718543 0.29164595101509 5 0.02935995302407516
336 0.25655887778738873 0.214554659425243 10 0.027987685418415897
336 0.170036862612209 0.07434588078958299 15 0.02838758516275549
337 0.3615996331795152 0.29072873610884264 5 0.02935995302407516
337 0.2563075200390491 0.21464071702450876 10 0.027987685418415897
337 0.16993537964667657 0.07380158418717729 15 0.02838758516275549
338 0.3614889505775858 0.289822607755662 5 0.02935995302407516
338 0.2562624733455674 0.21466421809143385 10 0.027987685418415897
338 0.16987906858071697 0.07326026947262136 15 0.02838758516275549
339 0.36138831219098133 0.288926063248476 5 0.02935995302407516
339 0.256268398900383 0.2146856865785053 10 0.027987685418415897
339 0.16977027126281094 0.07242820081289239 15 0.02838221381267739
340 0.3612563105704432 0.2880465974127552 5 0.02935995302407516
340 0.25611560632524866 0.2148691927318581 10 0.027979854504756572
340 0.169746063082633 0.07187208138681497 15 0.02838221381267739
341 0.36097837507848485 0.28715532885744766 5 0.02935995302407516
341 0.25615334843966286 0.21488255450694244 10 0.027979854504756572
341 0.16968920975853446 0.07132357911767241 15 0.02838221381267739
342 0.36024328152003193 0.28544184961435176 5 0.029342723004694836
342 0.2562295543233601 0.21489733072930398 10 0.027979854504756572
342 0.1696305727142528 0.0707749372950417 15 0.02838221381267739
343 0.3599649691961278 0.28456651573760394 5 0.029342723004694836
343 0.25606279165192924 0.21493583256784893 10 0.027979854504756572
343 0.16961247501840537 0.07021997710542674 15 0.02838221381267739
344 0.35992828001513255 0.2836703959106809 5 0.029342723004694836
344 0.255925230026088 0.21498210550195296 10 0.027979854504756572
344 0.169533026655351 0.06966397941741777 15 0.02838221381267739
345 0.3598917090099238 0.28278028419808543 5 0.029342723004694836
345 0.25588793013537386 0.2150194707673463 10 0.027979854504756572
345 0.169485589369652 0.06911094138463544 15 0.02838221381267739
346 0.3597189807463833 0.2819090456433811 5 0.029342723004694836
346 0.25593822541273925 0.21505608689693778 10 0.027979854504756572
346 0.16946301660561292 0.06855798190654534 15 0.02838221381267739
347 0.3594193395562314 0.2810460533341806 5 0.029342723004694836
347 0.25593201226241324 0.21510263951596262 10 0.027979854504756572
347 0.16938825201506974 0.06800030508811768 15 0.02838221381267739
348 0.3594985159640354 0.28015172561243734 5 0.029342723004694836
348 0.25589011660565747 0.21515003338044741 10 0.027979854504756572
348 0.16933940080839702 0.06743085671960371 15 0.02838221381267739
349 0.3596186405825496 0.27926828022244965 5 0.029342723004694836
349 0.2558787387493575 0.21518354099768638 10 0.027979854504756572
349 0.1693098504051441 0.06685941658838167 15 0.02838221381267739
350 0.3596924968430583 0.2783946361818277 5 0.029342723004694836
350 0.25588114285474545 0.21522542825580762 10 0.027979854504756572
350 0.16919428311638257 0.06628496303348039 15 0.02838221381267739
351 0.3598805247027229 0.2774479044114423 5 0.029342723004694836
351 0.2557786611653907 0.21523960487792843 10 0.027979854504756572
351 0.16903154801412126 0.06573149857872126 15 0.02838221381267739
352 0.36002399706388066 0.27653130624918665 5 0.029342723004694836
352 0.2558181682861162 0.2152460897752991 10 0.027979854504756572
352 0.16892469829305018 0.0651772213609658 15 0.02838221381267739
353 0.3601612455469602 0.27563623664420145 5 0.029342723004694836
353 0.25587983159690025 0.2152619834063656 10 0.027979854504756572
353 0.16884135497176506 0.06461906301633608 15 0.02838221381267739
354 0.3602420845968517 0.2747044261678204 5 0.029342723004694836
354 0.2558114224434255 0.21531342556852384 10 0.027979854504756572
354 0.168617684831903 0.06406048014182118 15 0.02838221381267739
355 0.3603760486069037 0.27380398799924455 5 0.029342723004694836
355 0.2558434969303235 0.21532534779910018 10 0.027979854504756572
355 0.1684787602549404 0.06350421555861606 15 0.02838221381267739
356 0.3604466371024904 0.2729251885967762 5 0.029342723004694836
356 0.2559191268738952 0.21533481342829647 10 0.027979854504756572
356 0.16837650121177594 0.06294808429071137 15 0.02838221381267739
357 0.36043006684367646 0.27206011061201785 5 0.029342723004694836
357 0.2559906877963565 0.21536168959965138 10 0.027979854504756572
357 0.16828941622121454 0.06238737767414358 15 0.02838221381267739
358 0.3605856008278953 0.27114835200859466 5 0.029342723004694836
358 0.2559494702067246 0.21542404219269135 10 0.027979854504756572
358 0.16810001419732826 0.061822821931179835 15 0.02838221381267739
359 0.360851143244662 0.2702589147311535 5 0.029342723004694836
359 0.25597900694145853 0.21544993474405089 10 0.027979854504756572
359 0.16795098466484049 0.06125919778314741 15 0.02838221381267739
360 0.3610103727373756 0.26938161298587315 5 0.029342723004694836
360 0.25601976727660714 0.2154716086490875 10 0.027979854504756572
360 0.16786130842121547 0.06068915999634194 15 0.02838221381267739
361 0.3611329952176852 0.2684759866756642 5 0.029342723004694836
361 0.25603459478784296 0.21549577203802892 10 0.027979854504756572
361 0.16766377028082788 0.06011814916916696 15 0.02838221381267739
362 0.3612989448349005 0.2675974111801881 5 0.029342723004694836
362 0.2560446438683522 0.2155115552486703 10 0.027979854504756572
362 0.1675233145635015 0.05954763494987542 15 0.02838221381267739
363 0.3615286365721661 0.26670825344093047 5 0.029342723004694836
363 0.2560523804923083 0.215518707222886 10 0.027979854504756572
363 0.16739800850101202 0.05897906024262462 15 0.02838221381267739
364 0.36205070324293803 0.265801406083687 5 0.029342723004694836
364 0.2561410050000504 0.21547295555306661 10 0.027979854504756572
364 0.16728629650432303 0.05841141999872863 15 0.02838221381267739
365 0.3621398877101877 0.2648978417376038 5 0.029342723004694836
365 0.2562507448462351 0.21545383015381966 10 0.027979854504756572
365 0.16712980692490131 0.05784437398628625 15 0.02838221381267739
366 0.362101442108743 0.26400797192866343 5 0.029342723004694836
366 0.2563758816641699 0.2154406042734635 10 0.027979854504756572
366 0.1669773947287435 0.0572793653260423 15 0.02838221381267739
367 0.36209816384510335 0.26313406809148704 5 0.029342723004694836
367 0.256451612241626 0.21544199313842244 10 0.027979854504756572
367 0.1668488331112021 0.05670966340323269 15 0.02838221381267739
368 0.3622641174722741 0.26226256298977424 5 0.029342723004694836
368 0.2563831792353216 0.2154448517105087 10 0.027979854504756572
368 0.16673523926886488 0.056131977439052405 15 0.02838221381267739
369 0.3624253689534599 0.2613821907321564 5 0.029342723004694836
369 0.2564036244352975 0.21544646983042645 10 0.027979854504756572
369 0.1666068531013213 0.055560861486482274 15 0.02838221381267739
370 0.3625661842725896 0.26051344723792264 5 0.029342723004694836
370 0.2564919875072905 0.21544837938019118 10 0.027979854504756572
370 0.16644995910256544 0.054996661261685405 15 0.02838221381267739
371 0.3627401533320376 0.25965560635615753 5 0.029342723004694836
371 0.25660141911201995 0.21546039548500864 10 0.027979854504756572
371 0.16630639554693646 0.05442968503463997 15 0.02838221381267739
372 0.3629866348767497 0.258721718730936 5 0.029342723004694836
372 0.2564184011708527 0.21549510031651015 10 0.027979854504756572
372 0.16606667226468744 0.053855199562343935 15 0.02838221381267739
373 0.3632888029208304 0.25784701587153147 5 0.029342723004694836
373 0.2564595487180713 0.21548519434052538 10 0.027979854504756572
373 0.16593546944272974 0.05327586471436366 15 0.02838221381267739
374 0.3636287210751687 0.25699314657535927 5 0.029342723004694836
374 0.25654697042810204 0.2154731099613259 10 0.027979854504756572
374 0.16579405223548968 0.0526969371779248 15 0.02838221381267739
375 0.3638777558311398 0.25608520849876204 5 0.029342723004694836
375 0.25654125453165616 0.21549178204627176 10 0.027979854504756572
375 0.16558087970632035 0.0521186111734143 15 0.02838221381267739
376 0.36392068342993256 0.25522376225987087 5 0.029342723004694836
376 0.2566000915496508 0.2154904415835976 10 0.027979854504756572
376 0.16545634355338235 0.0515382821618487 15 0.02838221381267739
377 0.36399017194122485 0.25437839680368407 5 0.029342723004694836
377 0.25671138631859813 0.2154891434108209 10 0.027979854504756572
377 0.16532215891896407 0.05095763361422657 15 0.02838221381267739
378 0.3641408644453042 0.2534787180816053 5 0.029342723004694836
378 0.2567172041605782 0.21550909176862226 10 0.027979854504756572
378 0.1650995492354017 0.050380397862982366 15 0.02838221381267739
379 0.36420821619757804 0.25262150033600184 5 0.029342723004694836
379 0.2567841415075333 0.215511908743877 10 0.027979854504756572
379 0.16495484636444677 0.04980551977354624 15 0.02838221381267739
380 0.36423218822327597 0.25178849829407046 5 0.029342723004694836
380 0.2568670909773435 0.21552033610033988 10 0.027979854504756572
380 0.16481142492833625 0.049231137971566155 15 0.02838221381267739
381 0.3643586580874445 0.2509658167296692 5 0.029342723004694836
381 0.2569028586196934 0.21554304653331918 10 0.027979854504756572
381 0.16469286222788787 0.048652250542193985 15 0.02838221381267739
382 0.36466894899828245 0.2501448093980678 5 0.029342723004694836
382 0.2569345242275878 0.21555160221354153 10 0.027979854504756572
382 0.16458918187145122 0.04806175465553649 15 0.02838221381267739
383 0.36492006800826904 0.2493193240239208 5 0.029342723004694836
383 0.25685441224811917 0.21556629022964224 10 0.027979854504756572
383 0.16447911021776793 0.04747653924168819 15 0.02838221381267739
384 0.36508648212681966 0.24849515526063906 5 0.029342723004694836
384 0.2568732913996205 0.21559294690913672 10 0.027979854504756572
384 0.16434518571061657 0.04689244962374193 15 0.02838221381267739
385 0.3653233076348307 0.2476693042162613 5 0.029342723004694836
385 0.2569103165622627 0.21560894126523705 10 0.027979854504756572
385 0.16420656080543505 0.04630653295757287 15 0.02838221381267739
386 0.3653719836856868 0.24685037146241387 5 0.029342723004694836
386 0.25696466523331896 0.21562774895495088 10 0.027979854504756572
386 0.1640975939205068 0.04572468165030451 15 0.02838221381267739
387 0.36548486510287065 0.24601970765413744 5 0.029342723004694836
387 0.2570291605881896 0.2156346096534872 10 0.027979854504756572
387 0.16398960473904853 0.0451435950966272 15 0.02838221381267739
388 0.3658550709415841 0.245136577065107 5 0.029342723004694836
388 0.2570166419441685 0.21563301693480738 10 0.027979854504756572
388 0.16379394161666505 0.04455538491678816 15 0.02838221381267739
389 0.3661733556722292 0.24427268449404269 5 0.029342723004694836
389 0.2571073477086375 0.21561649927127088 10 0.027979854504756572
389 0.16361370251892365 0.043973163383632455 15 0.02838221381267739
390 0.36623276035874497 0.2434220515958315 5 0.029342723004694836
390 0.2571930966204374 0.21559162442804042 10 0.027979854504756572
390 0.16345779958855244 0.043396080479539086 15 0.02838221381267739
391 0.36639584426818755 0.24258182205516374 5 0.029342723004694836
391 0.2572957886030201 0.2155749981400724 10 0.027979854504756572
391 0.16323682339563608 0.042817320591772054 15 0.02838221381267739
392 0.36686352845216524 0.24172544292336834 5 0.029342723004694836
392 0.2573015579017691 0.2155669570269751 10 0.027979854504756572
392 0.16299809111728783 0.04222740369763326 15 0.02838221381267739
393 0.36710286424266225 0.24087564773850834 5 0.029342723004694836
393 0.2573972431641447 0.2155509122990004 10 0.027979854504756572
393 0.16278693664514432 0.041644410002137706 15 0.02838221381267739
394 0.3673090809756089 0.2400420612741428 5 0.029342723004694836
394 0.2575025795993976 0.21553455712118788 10 0.027979854504756572
394 0.16260955486405212 0.0410658062328912 15 0.02838221381267739
395 0.3676292489419603 0.23921710394166418 5 0.029342723004694836
395 0.25761828750019766 0.2155295320925652 10 0.027979854504756572
395 0.16239674022863218 0.04048219290478509 15 0.02838221381267739
396 0.368320956367218 0.2383387971605273 5 0.029342723004694836
396 0.2576721562081676 0.21551040045460704 10 0.027979854504756572
396 0.16218894485347282 0.03988228747728149 15 0.02838221381267739
397 0.3687276587199596 0.23746384704051599 5 0.029342723004694836
397 0.25772294633982035 0.2154884696937442 10 0.027979854504756572
397 0.16200923428890288 0.03928632728172962 15 0.02838221381267739
398 0.36907859804547666 0.23660284038427082 5 0.029342723004694836
398 0.2577791304518848 0.2154779618756562 10 0.027979854504756572
398 0.16180731498591341 0.03869414669561915 15 0.02838221381267739
399 0.36965447884990854 0.2357122546738164 5 0.029342723004694836
399 0.25780356619028116 0.21546260848583265 10 0.027979854504756572
399 0.16157811180372944 0.0381023316384945 15 0.02838221381267739
400 0.3702018854172747 0.23481992382111785 5 0.029342723004694836
400 0.25783200533820244 0.21543545995871774 10 0.027979854504756572
400 0.16136510702578283 0.0375150508058313 15 0.02838221381267739
401 0.3705452473675205 0.23394072316836487 5 0.029342723004694836
401 0.2578836338424587 0.21541904608436035 10 0.027979854504756572
401 0.16117344606706815 0.03692823317140391 15 0.02838221381267739
402 0.3712368657518002 0.23306887720885544 5 0.029342723004694836
402 0.25797985912912635 0.2153700260091596 10 0.027979854504756572
402 0.16084898355746818 0.03633411924608917 15 0.02838221381267739
403 0.3717570083161895 0.23219298704050245 5 0.029342723004694836
403 0.25809142635564936 0.21534431082798683 10 0.027979854504756572
403 0.16058674792063737 0.03574978544085566 15 0.02838221381267739
404 0.3719428566240771 0.23133310861674672 5 0.029342723004694836
404 0.2582314437397846 0.21532491307528767 10 0.027979854504756572
404 0.16037340195414343 0.03516989191036381 15 0.02838221381267739
405 0.37226039052776627 0.2304882363333877 5 0.029342723004694836
405 0.2583054748655603 0.21532248229940604 10 0.027979854504756572
405 0.16019058796963095 0.034585365143995926 15 0.02838221381267739
406 0.37319355082580197 0.22964944162236528 5 0.029342723004694836
406 0.2583610209402524 0.2152846230899435 10 0.027979854504756572
406 0.15991270820900505 0.03398275175925974 15 0.02838221381267739
407 0.3738919478157793 0.22880294254956496 5 0.029342723004694836
407 0.25839701875791043 0.2152816607503151 10 0.027979854504756572
407 0.15964608830674745 0.0333868933726131 15 0.02838221381267739
408 0.3741548842832244 0.22796941509193683 5 0.029342723004694836
408 0.2584538210735762 0.21528441912927673 10 0.027979854504756572
408 0.15943399405762532 0.032796320301143114 15 0.02838221381267739
409 0.37453369920452306 0.2270917587557638 5 0.029342723004694836
409 0.2584164599207996 0.2153001375577695 10 0.027979854504756572
409 0.1591566731372647 0.032204956956002374 15 0.02838221381267739
410 0.3749256296871474 0.2262580226306335 5 0.029342723004694836
410 0.25847809214170764 0.21529803531067557 10 0.027979854504756572
410 0.15892399197343493 0.03161873656809609 15 0.02838221381267739
411 0.37505434632814405 0.22543553328971497 5 0.029342723004694836
411 0.2585651636789076 0.21528759296728048 10 0.027979854504756572
411 0.15871658017691656 0.03103699828374446 15 0.02838221381267739
412 0.37533755199584423 0.22459825182916543 5 0.029342723004694836
412 0.2586365017160791 0.2152743453647316 10 0.027979854504756572
412 0.15851549201062387 0.030455489027550114 15 0.02838221381267739
413 0.37592315953028793 0.22369074926407922 5 0.029342723004694836
413 0.2585512313511009 0.21545601076700605 10 0.027972027972027972
413 0.1581512516835888 0.029867870747081936 15 0.02838221381267739
414 0.3765402750024092 0.2228299865889906 5 0.029342723004694836
414 0.2585554138827312 0.21544648122165025 10 0.027972027972027972
414 0.15786059230761124 0.02928524951163498 15 0.02838221381267739
415 0.3768499672966355 0.22198948333469432 5 0.029342723004694836
415 0.25865627247943795 0.21543060178993198 10 0.027972027972027972
415 0.15762498089163446 0.028705978493468884 15 0.02838221381267739
416 0.3771875729988817 0.22112237610022295 5 0.029342723004694836
416 0.258638471102277 0.21545390996989816 10 0.027972027972027972
416 0.15734066383056047 0.0281277428428026 15 0.02838221381267739
417 0.3776792576817322 0.22027986494267546 5 0.029342723004694836
417 0.25871644806465344 0.21543739317151483 10 0.027972027972027972
417 0.1569248910547522 0.02754738463342797 15 0.02838221381267739
418 0.37791331807672657 0.21945899081475928 5 0.029342723004694836
418 0.25886177432404056 0.2154127903889688 10 0.027972027972027972
418 0.15665391491877864 0.026969649556994928 15 0.02838221381267739
419 0.37824158579154665 0.21865093267483854 5 0.029342723004694836
419 0.2589784220647848 0.21540236844084576 10 0.027972027972027972
419 0.15644819348326883 0.026395022797355783 15 0.02838221381267739
420 0.3787570556843155 0.21781389620861735 5 0.029342723004694836
420 0.25895266329005023 0.2154230090883044 10 0.027972027972027972
420 0.15617259380127793 0.025820226917611225 15 0.02838221381267739
421 0.37934747074866193 0.21700320040096713 5 0.029342723004694836
421 0.25890236556617 0.215408256600892 10 0.027972027972027972
421 0.155761173136291 0.02524425732363329 15 0.02838221381267739
422 0.3797689398046423 0.21620291610440368 5 0.029342723004694836
422 0.2590158063008457 0.2153916337899835 10 0.027972027972027972
422 0.1554918799029895 0.024671853759136702 15 0.02838221381267739
423 0.3802818469076917 0.21535692562200232 5 0.029342723004694836
423 0.25908057873338924 0.2153888637625631 10 0.027972027972027972
423 0.1552014831107163 0.024103710560760463 15 0.02838221381267739
424 0.3808670718637696 0.2145144216412537 5 0.029342723004694836
424 0.2592519261388363 0.21534701609261284 10 0.027972027972027972
424 0.15492734396378546 0.023540143522695223 15 0.02838221381267739
425 0.38129940234098714 0.2136925252353305 5 0.029342723004694836
425 0.2594683556688956 0.215303103377582 10 0.027972027972027972
425 0.15455513743924149 0.022974049377547098 15 0.02838221381267739
426 0.38150130677813443 0.21288190592641193 5 0.029342723004694836
426 0.2596286373307134 0.21527790863734286 10 0.027972027972027972
426 0.15426471475747153 0.022415546531615083 15 0.02838221381267739
427 0.38186364480486074 0.21206389948735516 5 0.029342723004694836
427 0.2596595702996474 0.2152961580826584 10 0.027972027972027972
427 0.15399200053623696 0.02187246840505177 15 0.02838221381267739
428 0.3823808477188818 0.21125798961354353 5 0.029342723004694836
428 0.2597568229515244 0.21528166950192396 10 0.027972027972027972
428 0.15370787647506648 0.021325844952221736 15 0.02838221381267739
429 0.3827927030848537 0.21045986995891783 5 0.029342723004694836
429 0.2599297911242696 0.21526290775864684 10 0.027972027972027972
429 0.15344893617757568 0.020776856992180785 15 0.02838221381267739
430 0.38332803825864065 0.20961189311475112 5 0.029342723004694836
430 0.2599933667979927 0.2152621729980797 10 0.027972027972027972
430 0.15309983374123792 0.02022364687002499 15 0.02838221381267739
431 0.38388973219587164 0.20880768583137294 5 0.029342723004694836
431 0.2600578741852205 0.2152448228408657 10 0.027972027972027972
431 0.15283215355812887 0.01966858203474548 15 0.02838221381267739
432 0.38439929007541357 0.20801514752970615 5 0.029342723004694836
432 0.2602230803407163 0.2152277121193143 10 0.027972027972027972
432 0.1526497781237284 0.019116092274991076 15 0.02838221381267739
433 0.38485262393469855 0.2072327199279937 5 0.029342723004694836
433 0.2603500051887043 0.21522459590443627 10 0.027972027972027972
433 0.15242372877261107 0.018581855627611454 15 0.02838221381267739
434 0.38530639754775076 0.2064150605125849 5 0.029342723004694836
434 0.2602123391106267 0.21530154639002141 10 0.027972027972027972
434 0.15212813633966274 0.018081704057301737 15 0.02838221381267739
435 0.38603290576968774 0.20562039406210494 5 0.029342723004694836
435 0.2602030945621704 0.2153058265850311 10 0.027972027972027972
435 0.1518662281206313 0.017580328119250928 15 0.02838221381267739
436 0.38679485483544257 0.20479271080663847 5 0.029342723004694836
436 0.2603446789320688 0.21526253754969762 10 0.027972027972027972
436 0.15147913488181136 0.017072262748349845 15 0.02838221381267739
437 0.3873547328477951 0.20395202328232917 5 0.029342723004694836
437 0.2604154298802872 0.2152468865543898 10 0.027972027972027972
437 0.15113009312945297 0.016580070667329565 15 0.02838221381267739
438 0.3879247691474432 0.2031184919152424 5 0.029342723004694836
438 0.2605165132446695 0.21520593104212554 10 0.027972027972027972
438 0.15077553046635478 0.015782577766181992 15 0.028376844494892167
439 0.3884507375431487 0.20230219061070898 5 0.029342723004694836
439 0.2606944523256898 0.21516503168443574 10 0.027972027972027972
439 0.15027757374343148 0.015268947889273516 15 0.028376844494892167
440 0.38890440075144317 0.20150174559923087 5 0.029342723004694836
440 0.2608257591216829 0.21513901520734335 10 0.027972027972027972
440 0.14995656799811458 0.014785525775518255 15 0.028376844494892167
441 0.389603805642866 0.20068704997702252 5 0.029342723004694836
441 0.2608094883448961 0.21514890199248038 10 0.027972027972027972
441 0.14966826808471628 0.01437244079396894 15 0.028376844494892167
442 0.3904305663713915 0.1998789414981731 5 0.029342723004694836
442 0.260727474745816 0.21512601194224196 10 0.027972027972027972
442 0.14923604492320444 0.013959768547957484 15 0.028376844494892167
443 0.39110721941748305 0.19908416572965207 5 0.029342723004694836
443 0.2608398405602476 0.21510328129368572 10 0.027972027972027972
443 0.14889896820580265 0.01354892347437175 15 0.028376844494892167
444 0.39177508804056776 0.19828904997560362 5 0.029342723004694836
444 0.2609368274163452 0.21508941644068394 10 0.027972027972027972
444 0.14859363036582737 0.013170605056661306 15 0.028376844494892167
445 0.39255826400588817 0.1975010256455791 5 0.029342723004694836
445 0.2609574209182709 0.2150582643662719 10 0.027972027972027972
445 0.14828418838012172 0.012792445298897944 15 0.028376844494892167
446 0.39332683286341635 0.1967264623662378 5 0.029342723004694836
446 0.2610603583683813 0.21503260033164429 10 0.027972027972027972
446 0.14793673379607825 0.012438442565287377 15 0.028376844494892167
447 0.39411246019389773 0.19593596994894164 5 0.029342723004694836
447 0.2611244155961011 0.21500422886027648 10 0.027972027972027972
447 0.14754147415984278 0.012162804505952645 15 0.028376844494892167
448 0.3947806048458037 0.19512429847768245 5 0.029342723004694836
448 0.26127761144002426 0.21495046653019095 10 0.027972027972027972
448 0.14722137984553138 0.011865692195403949 15 0.028376844494892167
449 0.3953738502233446 0.1943287446766332 5 0.029342723004694836
449 0.26152453348870724 0.21489135285917746 10 0.027972027972027972
449 0.14692932313102397 0.011555126442611661 15 0.028376844494892167
450 0.39596444378309065 0.193548144308543 5 0.029342723004694836
450 0.26169579650870206 0.2148475875305289 10 0.027972027972027972
450 0.14647046844377323 0.011311608355568995 15 0.028376844494892167
451 0.39666866281343743 0.19274507565169105 5 0.029342723004694836
451 0.2617154932090363 0.21482318883628423 10 0.027972027972027972
451 0.14602334483336663 0.011224224549615164 15 0.028376844494892167
452 0.397289810525805 0.191955046842448 5 0.029342723004694836
452 0.26183326463914275 0.21478504001058557 10 0.027972027972027972
452 0.14568684279004784 0.011093170394511962 15 0.028376844494892167
453 0.39787138540507966 0.19118095792617487 5 0.029342723004694836
453 0.26198655871030757 0.21474119737538225 10 0.027972027972027972
453 0.14520191771034593 0.010926086733543621 15 0.028376844494892167
454 0.3983739854457925 0.19042406934954276 5 0.029342723004694836
454 0.2620807372541371 0.2147145516598672 10 0.027972027972027972
454 0.1448706977989381 0.010832910786758401 15 0.028376844494892167
455 0.3993264564684332 0.18966827436925301 5 0.029342723004694836
455 0.2620870035409786 0.21470138725623808 10 0.027972027972027972
455 0.14454496580117887 0.010964823275991693 15 0.028376844494892167
456 0.40030165447317695 0.18890570294557357 5 0.029342723004694836
456 0.26212970601076074 0.2146780940324995 10 0.027972027972027972
456 0.14421950317907584 0.011086718757369848 15 0.028376844494892167
457 0.4011492711991659 0.18814909417563572 5 0.029342723004694836
457 0.26224707468745934 0.2146510132666571 10 0.027972027972027972
457 0.14389442472772454 0.01119331136704044 15 0.028376844494892167
458 0.40191262012249895 0.1873987815659975 5 0.029342723004694836
458 0.2623633788465517 0.21462149694051086 10 0.027972027972027972
458 0.14354625446388888 0.011381755461132024 15 0.028376844494892167
459 0.40268805819264103 0.1866478061609512 5 0.029342723004694836
459 0.26237041647810366 0.2145948022033036 10 0.027972027972027972
459 0.14321894785682632 0.011576056721058757 15 0.028376844494892167
460 0.4035815499421501 0.18586077861642952 5 0.029342723004694836
460 0.2624280778332058 0.21454951451836632 10 0.027972027972027972
460 0.14289181665960238 0.011822439080666177 15 0.028376844494892167
461 0.4047794449688021 0.18507191544424836 5 0.029342723004694836
461 0.26247748979624197 0.2144856710754462 10 0.027972027972027972
461 0.14243863255135522 0.012229968082140334 15 0.028376844494892167
462 0.4054769270395767 0.1842889482582843 5 0.029342723004694836
462 0.26255212735037226 0.2144324528698148 10 0.027972027972027972
462 0.14199658205566926 0.012493337393453253 15 0.02837147720824664
463 0.40609631307037075 0.1835207962388198 5 0.029342723004694836
463 0.2625488745056611 0.21437486948825102 10 0.027972027972027972
463 0.14169345801814137 0.012758278801155428 15 0.02837147720824664
464 0.4068684088672486 0.18277039017001634 5 0.029342723004694836
464 0.26258313835638597 0.21433418122518216 10 0.027972027972027972
464 0.14135171545034206 0.013139881761706254 15 0.02837147720824664
465 0.4079250454825882 0.18199874809085592 5 0.029342723004694836
465 0.2624498597510702 0.21432413440099726 10 0.027972027972027972
465 0.1409352038786564 0.013801616903176096 15 0.02837147720824664
466 0.40894285083356363 0.18125173102246833 5 0.029342723004694836
466 0.2624320441771303 0.21430432194270183 10 0.027972027972027972
466 0.14057058615051823 0.01439897454648428 15 0.02837147720824664
467 0.40990327482633526 0.1805148629382966 5 0.029342723004694836
467 0.26236602676278403 0.2142881592273896 10 0.027972027972027972
467 0.14023520450093388 0.014946681398825845 15 0.02837147720824664
468 0.4105268175761888 0.17971547308664035 5 0.029342723004694836
468 0.26218987721651965 0.21432522735858467 10 0.027972027972027972
468 0.13976419205292773 0.015517270569819469 15 0.02837147720824664
469 0.411114828975359 0.17820994443392693 5 0.02932551319648094
469 0.2621801229862385 0.21432781114184757 10 0.027972027972027972
469 0.13934486133223487 0.016123740575810123 15 0.0283661119515885
470 0.4119738730384059 0.1775038722762981 5 0.02932551319648094
470 0.26214012938518105 0.21432616141467936 10 0.027972027972027972
470 0.1390069747917663 0.01667683974969083 15 0.0283661119515885
471 0.4127542999117052 0.17676026204627915 5 0.02932551319648094
471 0.26210245961578704 0.21434245976965002 10 0.027972027972027972
471 0.13857533792951587 0.017322311372149415 15 0.02836074872376631
472 0.41345684399472116 0.17600031960875367 5 0.02932551319648094
472 0.26222756769839267 0.21432048090608813 10 0.027972027972027972
472 0.13824492546856762 0.01782443318128316 15 0.02836074872376631
473 0.41439168981613017 0.17602179232552867 5 0.029342723004694836
473 0.26231037734482265 0.21429252500419352 10 0.027972027972027972
473 0.13793978494022874 0.01825345702073554 15 0.02836074872376631
474 0.41505106525404045 0.17529601996281613 5 0.029342723004694836
474 0.26245227273121213 0.21428742547810944 10 0.027972027972027972
474 0.13758484627837184 0.018807103487130494 15 0.02835538752362949
475 0.4160447198063938 0.17454537859692112 5 0.029342723004694836
475 0.2624239907925777 0.21431674104909199 10 0.027972027972027972
475 0.13716175294939686 0.01953005948388783 15 0.02835538752362949
476 0.41672328740227177 0.17381882163160384 5 0.029342723004694836
476 0.26251906664535557 0.21433190720623307 10 0.027972027972027972
476 0.13674258426680566 0.020158113079594753 15 0.02835538752362949
477 0.41731710691077034 0.17311189636017413 5 0.029342723004694836
477 0.26277728208686185 0.21433635159907638 10 0.027972027972027972
477 0.13633023015800125 0.020751403063591956 15 0.02835002835002835
478 0.4180203670739817 0.1724219385799284 5 0.029342723004694836
478 0.26292263442802843 0.21435748952991335 10 0.027972027972027972
478 0.13598821713519998 0.02132144961418674 15 0.02835002835002835
479 0.41911249613018525 0.1717062954884584 5 0.029342723004694836
479 0.2628608796555653 0.21440395893429492 10 0.027972027972027972
479 0.13545551995280608 0.022191267303094772 15 0.028344671201814057
480 0.42029077164413653 0.17101711669447792 5 0.029342723004694836
480 0.26284651918239144 0.21444112112115823 10 0.027972027972027972
480 0.1349319372286827 0.023094623484829244 15 0.028339316077838652
481 0.42142738592419143 0.17023013921411695 5 0.029342723004694836
481 0.2627924309027088 0.21451237228905443 10 0.027972027972027972
481 0.1343325524003448 0.023948060441230202 15 0.028333962976955045
482 0.42234386685948644 0.16952058115460183 5 0.029342723004694836
482 0.2629545288270849 0.2145191185790098 10 0.027972027972027972
482 0.13396988399873946 0.02460228275252418 15 0.028328611898016998
483 0.42299970720695157 0.16883695988402708 5 0.029342723004694836
483 0.2629113427467892 0.21450825095409906 10 0.027972027972027972
483 0.13363748824483732 0.025145990654781417 15 0.028323262839879154
484 0.4236060729674083 0.16813403763679513 5 0.029342723004694836
484 0.26298396558762194 0.21449523366666354 10 0.027972027972027972
484 0.13338344951012854 0.0256546145619327 15 0.028323262839879154
485 0.42441135838183575 0.1673374615546948 5 0.029342723004694836
485 0.2627920100605924 0.21453808334424423 10 0.027972027972027972
485 0.13282228005041025 0.02637232508854311 15 0.028317915801397014
486 0.4251004239270625 0.16660896678409512 5 0.029342723004694836
486 0.2627963116293005 0.21453376035098057 10 0.027972027972027972
486 0.13074662260593836 0.026941121458915432 15 0.02828054298642534
487 0.42583531681590603 0.16591033077281597 5 0.029342723004694836
487 0.26257190513673706 0.21450831218299177 10 0.027972027972027972
487 0.12914162086126618 0.02737363812455879 15 0.028222013170272814
488 0.4267484105619951 0.16522988806155264 5 0.029342723004694836
488 0.26258264506982704 0.21449507749660182 10 0.027972027972027972
488 0.12671138972857765 0.026903820364479535 15 0.027731558513588463
489 0.4280189177228647 0.16450089686647262 5 0.029342723004694836
489 0.26243603708275415 0.21451456845057515 10 0.027972027972027972
489 0.1257915294454009 0.02732358508647231 15 0.027711065952336963
490 0.42893198364868673 0.16382268685036472 5 0.029342723004694836
490 0.2623730974948763 0.21451886317580712 10 0.027972027972027972
490 0.12497741701806354 0.02765204676236206 15 0.027685492801771867
491 0.42982248279217494 0.1631616554979914 5 0.029342723004694836
491 0.262226295230455 0.21451748464768494 10 0.027972027972027972
491 0.12469275447114567 0.027989862023585537 15 0.027675276752767528
492 0.4310545561380671 0.16247576386645246 5 0.029342723004694836
492 0.26219840505894154 0.21451513661380553 10 0.027972027972027972
492 0.12433187905798193 0.028373860031438932 15 0.027665068240501658
493 0.43216425872209313 0.16179763776188533 5 0.029342723004694836
493 0.2622448061417866 0.21451867899325552 10 0.027972027972027972
493 0.12402896706806285 0.028721539700704422 15 0.02765486725663717
494 0.43306303881491426 0.16113591286563766 5 0.029342723004694836
494 0.2623027501402938 0.21453310796645528 10 0.027972027972027972
494 0.12376851035878739 0.0289911222068356 15 0.027639579878385848
495 0.43421883787258214 0.1604540102537787 5 0.029342723004694836
495 0.26219744135368384 0.2145737883455836 10 0.027972027972027972
495 0.123402176194815 0.029470473024500444 15 0.027634487840825346
496 0.4352315440143382 0.1605279444825672 5 0.029342723004694836
496 0.262183907267513 0.21512151196245094 10 0.027972027972027972
496 0.12312470996973396 0.029724265844645856 15 0.027624309392265192
497 0.43591724020426437 0.1606493360375049 5 0.029342723004694836
497 0.26230430296990037 0.21567900350613178 10 0.027972027972027972
497 0.1228516062280813 0.029967871508180217 15 0.027619222979193517
498 0.4366496721749217 0.16078200693333716 5 0.029342723004694836
498 0.26238960744823187 0.2162436180043688 10 0.027972027972027972
498 0.12264394932388677 0.03013148022274884 15 0.027609055770292653
499 0.43788283968553243 0.16090343697429893 5 0.029342723004694836
499 0.26252667677794295 0.2169866710947538 10 0.02796420581655481
499 0.12229739226031164 0.030461897175853826 15 0.027598896044158234
500 0.4384472381582098 0.1602976274332385 5 0.02932551319648094
500 0.2626006068450571 0.21755876529158305 10 0.02796420581655481
500 0.1219386020990463 0.030683582107241963 15 0.027588743792532646
501 0.43911036905414863 0.1604357614179317 5 0.02932551319648094
501 0.2627269404351001 0.21811824665662294 10 0.02796420581655481
501 0.12161144447110474 0.030925730361093123 15 0.027583670467083484
502 0.4399708156754354 0.1605892535898772 5 0.02932551319648094
502 0.26280520819638264 0.21868566939883424 10 0.02796420581655481
502 0.1213209105592876 0.03113603845252515 15 0.027573529411764705
503 0.4411680627263491 0.16072208040425873 5 0.02932551319648094
503 0.2627314368887569 0.21928532533493766 10 0.02796420581655481
503 0.12089919542724677 0.03156010432148577 15 0.027563395810363836
504 0.4424220530132992 0.16087547467016725 5 0.02932551319648094
504 0.2627691108098368 0.21988037755482526 10 0.02796420581655481
504 0.1205045836377629 0.03200914684668036 15 0.027553269654665688
505 0.4437281873768543 0.16098857270308617 5 0.02932551319648094
505 0.262702830868623 0.22048373592045425 10 0.02796420581655481
505 0.12005515902603794 0.03243460515585862 15 0.027543150936467132
506 0.4446767038119934 0.16112312425931322 5 0.02932551319648094
506 0.26281974037009614 0.2210476712135938 10 0.02796420581655481
506 0.11972106374981095 0.032689544873881864 15 0.027533039647577088
507 0.4452424351234015 0.16127581700802596 5 0.02932551319648094
507 0.263001559487675 0.22175733901089148 10 0.027956388034665918
507 0.1194923455936511 0.03290096338202965 15 0.027522935779816515
508 0.445789401458791 0.1595886852354064 5 0.029308323563892142
508 0.2631232507240774 0.22153061743357658 10 0.027956388034665918
508 0.11924158882855222 0.03302418141076492 15 0.027502750275027504
509 0.4468362025292957 0.15731894588557574 5 0.029291154071470413
509 0.26294641115818357 0.22111624234108557 10 0.02794857462269424
509 0.11878019233811145 0.03306285246137378 15 0.027462467960454044
510 0.44745206810043686 0.15441604253771388 5 0.029256875365710942
510 0.26332881542827874 0.22085402338441731 10 0.027932960893854747
510 0.118497618324917 0.03294835236987647 15 0.027407272062854007
511 0.44799598211678227 0.15225086833404425 5 0.029239766081871343
511 0.2635490748036586 0.22040054558980562 10 0.027925160569673275
511 0.11856594469732662 0.0326924675030651 15 0.02731742851939537
512 0.448396299751213 0.14940526208628238 5 0.02920560747663551
512 0.264101868033469 0.22012337794325143 10 0.027909572983533353
512 0.20754572249550884 0.03415623646666713 15 0.026422406200457986
513 0.4494286336247907 0.14728972922048145 5 0.029188558085230586
513 0.2643339471062184 0.21971216771596333 10 0.027901785714285712
513 0.2064160280477748 0.03493637454573379 15 0.026362038664323375
514 0.44990447082624313 0.1452529014419123 5 0.029171528588098017
514 0.2646465421133077 0.21928582140615932 10 0.02789400278940028
514 0.2070931824969582 0.035592766512211126 15 0.026334269662921347
515 0.45023742183110976 0.1425815605946118 5 0.029137529137529133
515 0.2652155326304426 0.2189930523874013 10 0.02787844995818232
515 0.20695356451893773 0.036236598939800815 15 0.02631578947368421
516 0.4510242013012287 0.14060541783221817 5 0.029120559114735
516 0.2655230980785066 0.21889214817448446 10 0.027870680044593088
516 0.20681621802370545 0.036982360790639844 15 0.026292725679228746
517 0.45154476795422627 0.13798851835147657 5 0.029086678301337987
517 0.26553755676681545 0.2185992649352214 10 0.027870680044593088
517 0.20664322195409587 0.03771745395851579 15 0.026274303730951132
518 0.45213278707032983 0.13615055401664372 5 0.029069767441860465
518 0.26565468776752443 0.21833495481159115 10 0.027870680044593088
518 0.20659216027567448 0.03844757227389571 15 0.02626050420168067
519 0.45330314327095145 0.13436143899205727 5 0.029052876234747237
519 0.2655070077941203 0.21762325747899064 10 0.02787844995818232
519 0.20671040832552914 0.03930894509769189 15 0.026242127361791462
520 0.453781967383613 0.13306537438634364 5 0.02903600464576074
520 0.2656617194531073 0.21782943182788733 10 0.02787844995818232
520 0.20688254811056309 0.039911023402205745 15 0.026232948583420772
521 0.4545430481398364 0.13256481865855158 5 0.02903600464576074
521 0.26567292475942794 0.21764593002198512 10 0.02788622420524261
521 0.20701257287153468 0.040375447489066615 15 0.026228361601678615
522 0.4552556303276911 0.13208188234567309 5 0.02903600464576074
522 0.26571685251662924 0.2179653484768672 10 0.02788622420524261
522 0.20717612949337735 0.040861738466624546 15 0.026223776223776224
523 0.45647063780275926 0.13157985893384358 5 0.02903600464576074
523 0.2655217921170854 0.21782772731006134 10 0.02789400278940028
523 0.20739511913462277 0.04145466879294056 15 0.026219192448872573
524 0.4575224419148956 0.13109698837721215 5 0.02903600464576074
524 0.2654405542920979 0.21766808871228668 10 0.027901785714285712
524 0.20765837069456944 0.0419841690145094 15 0.026214610276127225
525 0.45829704885396005 0.13061847177645972 5 0.02903600464576074
525 0.26562352363354147 0.21798705249401182 10 0.027901785714285712
525 0.20792891952691447 0.04242945242440997 15 0.02621002970470033
526 0.45879270765550056 0.13015294663256446 5 0.02903600464576074
526 0.26564963702952743 0.21780947661377179 10 0.027909572983533353
526 0.20815499666689535 0.042873031552659986 15 0.026205450733752623
527 0.4597460787137809 0.12966455682889433 5 0.02903600464576074
527 0.26564659442676575 0.21817808275004458 10 0.027909572983533353
527 0.2085645480820895 0.04339951226323234 15 0.026200873362445413
528 0.46072900054942856 0.12923326874493493 5 0.02903600464576074
528 0.2655844213350641 0.218021938404307 10 0.02791736460078168
528 0.20881159366282218 0.04397371689343819 15 0.02619172341540073
529 0.4616014457446975 0.128823586206895 5 0.02903600464576074
529 0.26555297021795216 0.21786009176380988 10 0.027925160569673275
529 0.20918690722572383 0.044480598240468 15 0.026187150837988823
530 0.46270218508222083 0.12837922642726893 5 0.02903600464576074
530 0.2656165620465461 0.21822956911864058 10 0.027925160569673275
531 0.46375730708633656 0.12799346816522103 5 0.02903600464576074
531 0.265580403308885 0.21807234619668545 10 0.027932960893854747
532 0.46471703330753933 0.12761290533803055 5 0.02903600464576074
532 0.26560118387014786 0.2184147293044217 10 0.027932960893854747
533 0.4656599663795381 0.12719315631167666 5 0.02903600464576074
533 0.26544666721679366 0.21825930910012992 10 0.027940765576976806
534 0.46654808018855515 0.1268142354266783 5 0.02903600464576074
534 0.2653682881041034 0.21808785430298858 10 0.02794857462269424
535 0.46740563210468433 0.12641550742061597 5 0.02903600464576074
535 0.2655444048305085 0.21842608626486162 10 0.02794857462269424
536 0.4682425840232516 0.12596717378741387 5 0.02903600464576074
536 0.2653909489808356 0.21827876398800364 10 0.027956388034665918
537 0.4690301555913991 0.1255654755727273 5 0.02903600464576074
537 0.26538186639103284 0.218099011671038 10 0.02796420581655481
538 0.46976322909257673 0.1251815839430141 5 0.02903600464576074
538 0.2656850028318749 0.21842665296772026 10 0.02796420581655481
539 0.470574442810234 0.12482159353158602 5 0.02903600464576074
539 0.26567991120504264 0.2182498830207896 10 0.027972027972027972
540 0.47142766655615365 0.12443358261539401 5 0.02903600464576074
540 0.26549144919863926 0.21847981593192597 10 0.027972027972027972
541 0.47264852929383183 0.12472542159568059 5 0.029052876234747237
541 0.2653808740782718 0.21832921033841513 10 0.027979854504756572
542 0.47353126729121087 0.12443257396930674 5 0.029052876234747237
542 0.26572113067533615 0.217933033241439 10 0.027972027972027972
543 0.4745069608118751 0.12410410135151329 5 0.029052876234747237
543 0.265772609341238 0.21757322251780314 10 0.02796420581655481
544 0.4752792353539371 0.12378046272629273 5 0.029052876234747237
544 0.26616276700563024 0.217152958972647 10 0.027956388034665918
545 0.47594860149808377 0.12345407190860769 5 0.029052876234747237
545 0.26622632884741204 0.2168345301128669 10 0.027956388034665918
546 0.4767259370270177 0.12314894403732504 5 0.029052876234747237
546 0.2666260669911923 0.21638105955488074 10 0.02794857462269424
547 0.47801213837890355 0.12284674888668592 5 0.029052876234747237
547 0.26687519223460865 0.21595259364244224 10 0.027940765576976806
548 0.47892858807730326 0.12258539172642853 5 0.029052876234747237
548 0.267246576428193 0.2158371473083395 10 0.027932960893854747
549 0.47984309664497404 0.12234114301438326 5 0.029052876234747237
549 0.26716326466070883 0.21584582474201972 10 0.027932960893854747
550 0.48094083695049694 0.12206101988910704 5 0.029052876234747237
550 0.2670984490768577 0.21589120231822906 10 0.027932960893854747
551 0.48189886710623114 0.12180827396991964 5 0.029052876234747237
551 0.2672621198659894 0.21589426133370174 10 0.027932960893854747
552 0.482526987502946 0.12156452812024428 5 0.029052876234747237
552 0.2676024787715309 0.21586907991880744 10 0.027932960893854747
553 0.48321217487117174 0.12135146458534937 5 0.029052876234747237
553 0.2676809087477941 0.21584549962934677 10 0.027932960893854747
554 0.48410064608717446 0.1211354266883875 5 0.029052876234747237
554 0.2677282986891546 0.21588006247998134 10 0.027932960893854747
555 0.48502169549696755 0.1209758326777508 5 0.029052876234747237
555 0.2678799238701185 0.21589662654775682 10 0.027932960893854747
556 0.48599412084801574 0.12083080179565756 5 0.029052876234747237
556 0.26761242362289756 0.21591322779977187 10 0.027932960893854747
557 0.48735210726791883 0.1206741394377433 5 0.029052876234747237
557 0.26759789437740034 0.21594878691403804 10 0.027932960893854747
558 0.4883855272634485 0.12050910390929681 5 0.029052876234747237
558 0.2677369560518016 0.2159670630129878 10 0.027932960893854747
559 0.4891493682055822 0.1203436097462349 5 0.029052876234747237
559 0.26790356391566295 0.21596489282705694 10 0.027932960893854747
560 0.49004212546867276 0.12019144006176068 5 0.029052876234747237
560 0.2676947162223136 0.21595580985694496 10 0.027932960893854747
561 0.4915328308028366 0.12008139902427503 5 0.029052876234747237
561 0.26771680485139143 0.21596965633121404 10 0.027932960893854747
562 0.49255704956682456 0.11997854467329014 5 0.029052876234747237
562 0.2677926627917712 0.21597239775415372 10 0.027932960893854747
563 0.493495555142342 0.11988850012334414 5 0.029052876234747237
563 0.2674797346271668 0.21596782555656574 10 0.027932960893854747
564 0.49460304834061447 0.11979890190079232 5 0.029052876234747237
564 0.26737666013871236 0.2159878532486647 10 0.027932960893854747
565 0.49558472627761735 0.11973552049529115 5 0.029052876234747237
565 0.2674185797244533 0.2159787897638786 10 0.027932960893854747
566 0.496291347222859 0.11968754894662621 5 0.029052876234747237
566 0.267547148359604 0.2159568468654669 10 0.027932960893854747
567 0.4971916224223035 0.11962658262925041 5 0.029052876234747237
567 0.26714273181173287 0.21595509481804775 10 0.027932960893854747
568 0.4979774408968483 0.11955180886962302 5 0.029052876234747237
568 0.2672606169280473 0.21592313605401867 10 0.027932960893854747
569 0.49861186715170014 0.11947521852265974 5 0.029052876234747237
569 0.26752054673197706 0.21586613936615082 10 0.027932960893854747
570 0.49934863487202164 0.11945012209972525 5 0.029052876234747237
570 0.26749189503014364 0.21582016652711772 10 0.027932960893854747
571 0.5005645801853472 0.119497959058582 5 0.029052876234747237
571 0.2671971726007136 0.2156970244975711 10 0.027940765576976806
572 0.501499569695341 0.11948509589766802 5 0.029052876234747237
572 0.26717150463428974 0.21566220512875794 10 0.027940765576976806
573 0.5020006307936835 0.11945396763987962 5 0.029052876234747237
573 0.2673144654293617 0.21559393063353918 10 0.027940765576976806
574 0.5025988101843596 0.11945795261129406 5 0.029052876234747237
574 0.26745461776673657 0.21553274892748792 10 0.027940765576976806
575 0.5035825666782359 0.11947569113044358 5 0.029052876234747237
575 0.2673363217658054 0.21553802741403297 10 0.027940765576976806
576 0.5048022038279897 0.11996197124285354 5 0.029069767441860465
576 0.2675078988857731 0.21553921216224467 10 0.027940765576976806
577 0.5057019469871936 0.1200272308439703 5 0.029069767441860465
577 0.26776709753286126 0.2155455996173415 10 0.027940765576976806
578 0.5063018449107274 0.1200374401208654 5 0.029069767441860465
578 0.267556413306433 0.21558592599308155 10 0.027940765576976806
579 0.506895282395189 0.12008523318296513 5 0.029069767441860465
579 0.26773238465326493 0.21558652151393615 10 0.027940765576976806
580 0.5074455129746532 0.12015334707174712 5 0.029069767441860465
580 0.26800108784070065 0.21555087889830687 10 0.027940765576976806
581 0.5079963896908646 0.12027381922344918 5 0.029069767441860465
581 0.26823421851297835 0.21548351899016285 10 0.027940765576976806
582 0.508553321148211 0.12037798675084992 5 0.029069767441860465
582 0.2675212962800163 0.21546882642010218 10 0.027940765576976806
583 0.5094214967054184 0.12055153451421656 5 0.029069767441860465
583 0.26760143882715 0.21541743526629595 10 0.027940765576976806
584 0.5100679972804041 0.12073549388357016 5 0.029069767441860465
584 0.26796134279375966 0.21535588677621625 10 0.027940765576976806
585 0.5107803507491748 0.12087291554768262 5 0.029069767441860465
585 0.26810925331313523 0.21532243152452218 10 0.027940765576976806
586 0.5115236258060973 0.12103712841064178 5 0.029069767441860465
586 0.26842548992488785 0.2152611887624721 10 0.027940765576976806
587 0.5121473297846315 0.1212150228231706 5 0.029069767441860465
587 0.268775218535415 0.21515435779473951 10 0.027940765576976806
588 0.5127309836391513 0.12143991560513323 5 0.029069767441860465
588 0.26903941407387544 0.21505744578407313 10 0.027940765576976806
589 0.5136343180219549 0.12141839855079248 5 0.029052876234747237
589 0.26978378479503873 0.2150830912172687 10 0.027932960893854747
590 0.5145430198807924 0.12168922141098434 5 0.029052876234747237
590 0.26991565903442605 0.2150062518711672 10 0.027932960893854747
591 0.5150496527916796 0.12194017278423594 5 0.029052876234747237
591 0.27007848890610264 0.21491808806414214 10 0.027932960893854747
592 0.5156394218241143 0.12221991190027418 5 0.029052876234747237
592 0.2702363419052883 0.21483371925661973 10 0.027932960893854747
593 0.5165845670295417 0.1225470166900194 5 0.029052876234747237
593 0.2702983735289832 0.21477432830572893 10 0.027932960893854747
594 0.5170222030438527 0.12287268746351898 5 0.029052876234747237
594 0.27050733127756577 0.21470484171964155 10 0.027932960893854747
595 0.5175066544201216 0.12320180925538937 5 0.029052876234747237
595 0.27067603587024924 0.21463426781916434 10 0.027932960893854747
596 0.51797438978777 0.12346768087170797 5 0.029052876234747237
596 0.270807140414249 0.21458930095075548 10 0.027932960893854747
597 0.5183755202326414 0.12377745600687926 5 0.029052876234747237
597 0.27148522252006624 0.21465181572543401 10 0.027925160569673275
598 0.5189458332702469 0.12411747180157957 5 0.029052876234747237
598 0.2717279992424832 0.21456120036116982 10 0.027925160569673275
599 0.5197624463004964 0.12447097331990453 5 0.029052876234747237
599 0.27183378486765203 0.2144742737742869 10 0.027925160569673275
600 0.5204693922897384 0.1248210083244073 5 0.029052876234747237
600 0.2720986025064195 0.2143713936145119 10 0.027925160569673275
601 0.5206207683028532 0.1251713874412749 5 0.029052876234747237
601 0.2730157896713213 0.2143363554856803 10 0.02791736460078168
602 0.5210659228216716 0.12557983643492032 5 0.029052876234747237
602 0.27328535327788567 0.21423167103742244 10 0.02791736460078168
603 0.5220239681109756 0.1260548482075316 5 0.029052876234747237
603 0.2733329948683275 0.2141559904718703 10 0.02791736460078168
604 0.5227250842116529 0.12648071073215914 5 0.029052876234747237
604 0.27377859700606677 0.21415979619484976 10 0.027909572983533353
605 0.5229763650328452 0.12687251788628823 5 0.029052876234747237
605 0.2739665049087884 0.2140545105019928 10 0.027909572983533353
606 0.5233717132546386 0.12731559868586342 5 0.029052876234747237
606 0.27396908647936846 0.21395587809626124 10 0.027909572983533353
607 0.5240759006690747 0.12779781318481379 5 0.029052876234747237
607 0.27402324141654383 0.21400246346925553 10 0.027901785714285712
608 0.5247078747751819 0.12827007785707387 5 0.029052876234747237
608 0.27399793649021603 0.21390706089147712 10 0.027901785714285712
609 0.5253553259789252 0.12875374376086585 5 0.029052876234747237
609 0.27443516467251994 0.21384474198459347 10 0.02789400278940028
610 0.526153767403185 0.12923315787023898 5 0.029052876234747237
610 0.2749825515274028 0.2137989699466047 10 0.02788622420524261
611 0.5267527240607396 0.12971967465307804 5 0.029052876234747237
611 0.2756925557441966 0.2137438279011347 10 0.02787844995818232
612 0.5269602038893928 0.13021467824247954 5 0.029052876234747237
612 0.2767727182572062 0.2136818403294035 10 0.027870680044593088
613 0.5274445621903185 0.13071423916129876 5 0.029052876234747237
613 0.2769838571217348 0.2135704658434145 10 0.027870680044593088
614 0.5279597437789988 0.1312055624628446 5 0.029052876234747237
614 0.27734040136015914 0.21351789407637312 10 0.0278629144608526
615 0.5284231316586147 0.13170232145896404 5 0.029052876234747237
615 0.27839427916585013 0.21344140705545364 10 0.027855153203342618
616 0.528666727411797 0.13225939679912466 5 0.029052876234747237
616 0.2820539655396942 0.2131155841759214 10 0.027816411682892908
617 0.529274199549963 0.1328757463247809 5 0.029052876234747237
617 0.2818844418783651 0.21285946203523892 10 0.027777777777777776
618 0.5298350969215551 0.1334798906955329 5 0.029052876234747237
618 0.3000508227570401 0.2106837029004449 10 0.02717391304347826
619 0.5301187230406302 0.13408266780192396 5 0.029052876234747237
619 0.30062272904548376 0.21027129863342875 10 0.027137042062415198
620 0.5306452298677975 0.13465283070098336 5 0.029052876234747237
620 0.3009285195659448 0.2098134351607043 10 0.027114967462039046
621 0.5312439663014106 0.13520060752007684 5 0.029052876234747237
621 0.30151945729573104 0.20938451051095153 10 0.02710027100271003
622 0.5317374879112854 0.13574233849256065 5 0.029052876234747237
622 0.30202529291620034 0.20896779491560538 10 0.027085590465872153
623 0.5319830322571877 0.13633499916593497 5 0.029052876234747237
623 0.30295427839733635 0.20853912521693604 10 0.027070925825663235
624 0.5324555869304584 0.13700310715011468 5 0.029052876234747237
624 0.3033827584118582 0.2080957516110919 10 0.02706359945872801
625 0.5331046622351348 0.1376615479138785 5 0.029052876234747237
625 0.3039353613795853 0.20766487770784298 10 0.027056277056277056
626 0.5336679117755854 0.1383004865371363 5 0.029052876234747237
626 0.30464050898633344 0.2072542591088317 10 0.027048958615093315
627 0.533945947338216 0.13890285768713503 5 0.029052876234747237
627 0.30541055793640587 0.20684511986318582 10 0.02704164413196322
628 0.5342112822352092 0.13949305855614358 5 0.029052876234747237
628 0.30637231551970945 0.2064639256289639 10 0.02703433360367667
629 0.5344406497476549 0.1401018853042701 5 0.029052876234747237
629 0.30723921851910846 0.20606815545154705 10 0.02702702702702703
630 0.5346422287345752 0.14077680020229083 5 0.029052876234747237
630 0.30815182416288467 0.2056117500416083 10 0.027019724398811132
631 0.5349844350354608 0.14150284802029112 5 0.029052876234747237
631 0.3083588506541168 0.20520657584770968 10 0.027019724398811132
632 0.5354206491619082 0.14220264969279456 5 0.029052876234747237
632 0.30915522434748527 0.20474169416345492 10 0.027012425715829277
633 0.5357095562179542 0.14286766638544515 5 0.029052876234747237
633 0.3095162799213463 0.20440677061714455 10 0.027012425715829277
634 0.5356039021722041 0.14355837272907662 5 0.029052876234747237
634 0.3102402176810527 0.20396158169523604 10 0.027005130974885227
635 0.5358089115682909 0.1442864283180225 5 0.029052876234747237
635 0.31094576729560697 0.20348908582772357 10 0.026997840172786173
636 0.5361979839113009 0.14503977249135652 5 0.029052876234747237
636 0.311270134443344 0.20313339645371084 10 0.026997840172786173
637 0.5362620883322016 0.14578971091234533 5 0.029052876234747237
637 0.3120479984864625 0.20269358855865952 10 0.02699055330634278
638 0.5365742114420867 0.1465359127223313 5 0.029052876234747237
638 0.3124240712030612 0.2023363783547008 10 0.02699055330634278
639 0.5369518266840935 0.1472585775096363 5 0.029052876234747237
639 0.3128965896760936 0.20199831051006037 10 0.02699055330634278
640 0.5372288406860546 0.14798360020623 5 0.029052876234747237
640 0.3132385353927531 0.20166197333290597 10 0.02699055330634278
641 0.5372379571184747 0.14876012335341235 5 0.029052876234747237
641 0.31357583456567834 0.20117532604693938 10 0.02698327037236913
642 0.5376846396776236 0.1496189477264128 5 0.029052876234747237
642 0.3136902069530548 0.20078818730772824 10 0.02698327037236913
643 0.5380356634771823 0.1504451984783718 5 0.029052876234747237
643 0.3137873479321017 0.20039794469072758 10 0.02698327037236913
644 0.5380490578579482 0.15120624215010156 5 0.029052876234747237
644 0.3139121399850901 0.20001712519509346 10 0.02698327037236913
645 0.5382994366998669 0.15193513973960487 5 0.029052876234747237
645 0.3139518075156252 0.19966272845633495 10 0.02698327037236913
646 0.5382561149897118 0.1526186802694767 5 0.02903600464576074
646 0.3135753991059117 0.19917568757720489 10 0.02697599136768276
647 0.5381026854425061 0.153340972372542 5 0.02903600464576074
647 0.3132019344660645 0.19880003114911757 10 0.02697599136768276
648 0.5381928543921382 0.15410704014907134 5 0.02903600464576074
648 0.31240845737181083 0.19839330706148955 10 0.02697599136768276
649 0.5386685587423533 0.15490622897346346 5 0.02903600464576074
649 0.31199714240147997 0.19798560643650706 10 0.02697599136768276
650 0.539027667678734 0.15571934947996868 5 0.02903600464576074
650 0.3115712813876985 0.1975778252862507 10 0.02697599136768276
651 0.5390855230381343 0.15653283321812758 5 0.02903600464576074
651 0.3107081649382673 0.19717340698569552 10 0.02697599136768276
652 0.5393470415055063 0.15738013754460767 5 0.02903600464576074
652 0.3103315390811002 0.19675426280973438 10 0.02697599136768276
653 0.5397253339047139 0.1581721672828228 5 0.02903600464576074
653 0.31007827821728495 0.1963656488962968 10 0.02697599136768276
654 0.5400153263964604 0.158970972380651 5 0.02903600464576074
654 0.3097829361691097 0.1959800149027811 10 0.02697599136768276
655 0.5398554621788277 0.16046062095237196 5 0.02903600464576074
655 0.3092787210762814 0.1955682565807991 10 0.02697599136768276
656 0.5409214246740837 0.16142751091542848 5 0.029052876234747237
656 0.3091354932314957 0.1951409753680445 10 0.02697599136768276
657 0.5411876012257157 0.16325557368706334 5 0.029052876234747237
657 0.3090617649375543 0.19472277644606706 10 0.02697599136768276
658 0.541808764877785 0.16408247761801176 5 0.029069767441860465
658 0.3085998327300315 0.1943155183757016 10 0.02697599136768276
659 0.5424574433438905 0.16493287614575633 5 0.029086678301337987
659 0.30844696438183034 0.19388651030730977 10 0.02697599136768276
660 0.5432745614545432 0.16681163670731222 5 0.029086678301337987
660 0.30826769386470193 0.19348839047928645 10 0.02697599136768276
661 0.544085582222479 0.16768329588573988 5 0.02910360884749709
661 0.30779204590156434 0.19304442073215214 10 0.02697599136768276
662 0.5441776823100155 0.16951970768680089 5 0.02910360884749709
662 0.3076013826848535 0.19259844866339776 10 0.02697599136768276
663 0.544961970337215 0.17034964981073505 5 0.029120559114735
663 0.30755684341493283 0.19237136163881008 10 0.02698327037236913
664 0.5452170886228955 0.17216517793956673 5 0.029120559114735
664 0.3073656649074548 0.19195905597882756 10 0.02698327037236913
665 0.5457276259231023 0.17298368511636766 5 0.029137529137529133
665 0.30706256788424485 0.19152246509368737 10 0.02698327037236913
666 0.5462838010053038 0.17385535123607637 5 0.029154518950437316
666 0.30636856157010617 0.1910633217312577 10 0.02698327037236913
667 0.5469999439226871 0.17583688785665985 5 0.029154518950437316
667 0.30594414891228605 0.19064619309791175 10 0.02698327037236913
668 0.5476712357124327 0.17674035423265622 5 0.029171528588098017
668 0.30572434534412235 0.19018219418130228 10 0.02698327037236913
669 0.5476603984737392 0.1786996654221406 5 0.029171528588098017
669 0.30528893384952094 0.1897086659720944 10 0.02698327037236913
670 0.5483244803875572 0.1796084516520952 5 0.029188558085230586
670 0.305073037459517 0.18923900523251144 10 0.02698327037236913
671 0.5485017690394255 0.18156789859188585 5 0.029188558085230586
671 0.3049141724339683 0.18877971109494424 10 0.02698327037236913
672 0.5489878010329117 0.18242583304768095 5 0.02920560747663551
672 0.3047367550801415 0.188332456947901 10 0.02698327037236913
673 0.5492798516543519 0.1844353914550672 5 0.02920560747663551
673 0.3044201788652509 0.18786243450270207 10 0.02698327037236913
674 0.550019438120682 0.18541374496257704 5 0.02922267679719462
674 0.3045226406121591 0.18752068497836374 10 0.02699055330634278
675 0.5506521965154446 0.1863433201205668 5 0.029239766081871343
675 0.3043998660680591 0.18703987882202253 10 0.02699055330634278
676 0.5509260418675328 0.18838181757372255 5 0.029239766081871343
676 0.3043116012257097 0.18656125701807907 10 0.02699055330634278
677 0.5517665424388047 0.18931064277612938 5 0.029256875365710942
677 0.3040356998872439 0.18610041118653872 10 0.02699055330634278
678 0.5516895574047384 0.19130768894384978 5 0.029256875365710942
678 0.3038781758076704 0.1856477819358877 10 0.02699055330634278
679 0.5522173366859107 0.19215919218173164 5 0.029274004683840747
679 0.3037147004232332 0.18520010425088893 10 0.02699055330634278
680 0.552351944620648 0.194230534334513 5 0.029274004683840747
680 0.303568423575093 0.1847148635610917 10 0.02699055330634278
681 0.5532928479982472 0.19525453650075628 5 0.029291154071470413
681 0.30328172860279234 0.1842006311022334 10 0.02699055330634278
682 0.5539939721796359 0.19620411957590622 5 0.029308323563892142
682 0.3031619929688346 0.1836955612783517 10 0.02699055330634278
683 0.5542467707059763 0.1970490253219361 5 0.029308323563892142
683 0.3030330194826184 0.18320972342210512 10 0.02699055330634278
684 0.5544896285721881 0.1969399693985847 5 0.029308323563892142
684 0.30289341493067856 0.18271064872437434 10 0.02699055330634278
685 0.5546023207401434 0.19688887700413646 5 0.029308323563892142
685 0.30267568780143006 0.1822059392996441 10 0.02699055330634278
686 0.5548178492028009 0.1968187606028615 5 0.029308323563892142
686 0.302554169219715 0.18201017246324963 10 0.02699055330634278
687 0.5549776719145896 0.1967027449646807 5 0.029308323563892142
687 0.30217972832400836 0.18195367463574622 10 0.02698327037236913
688 0.5550567390087613 0.19654229628881462 5 0.029308323563892142
688 0.30173003149586275 0.18194192640963247 10 0.02697599136768276
689 0.5554702129934901 0.19738481805708258 5 0.02932551319648094
689 0.3009029472664947 0.18193518974245473 10 0.026968716289104636
690 0.5554767139629122 0.19724408640242305 5 0.02932551319648094
690 0.3003632184166029 0.18191683208338924 10 0.02696144513345915
691 0.5557032470101936 0.1971544480386364 5 0.02932551319648094
691 0.29968895619709063 0.18197743867721242 10 0.026946914578280787
692 0.5557989164656527 0.19709617615171357 5 0.02932551319648094
692 0.2997051100800226 0.18106485064001382 10 0.026946914578280787
693 0.555611823000685 0.19701034999218686 5 0.02932551319648094
693 0.29976261583130803 0.18072996482534476 10 0.026954177897574125
694 0.5556852001976987 0.1969266246675247 5 0.02932551319648094
694 0.29963758322820666 0.1799058037088414 10 0.026954177897574125
695 0.5559654858476326 0.19685071013060346 5 0.02932551319648094
695 0.299727354589457 0.1795629726852369 10 0.02696144513345915
696 0.5565352602479889 0.19776137206527203 5 0.029342723004694836
696 0.2997557169394066 0.17924595622257616 10 0.026968716289104636
697 0.5560207042396362 0.19842479730987864 5 0.02932551319648094
697 0.2995623538374649 0.17841939042566562 10 0.026968716289104636
698 0.5561903159563453 0.1994849139900374 5 0.02932551319648094
698 0.2996202303138217 0.17807185090922956 10 0.02697599136768276
699 0.5563750005156336 0.20048596968361415 5 0.02932551319648094
699 0.299648126766733 0.17775397158751227 10 0.02698327037236913
700 0.55622333798702 0.201464638912023 5 0.02932551319648094
700 0.299577888954359 0.17694179802434615 10 0.02698327037236913
701 0.556318059806087 0.2024742138530468 5 0.02932551319648094
701 0.299601242163577 0.1766122919603605 10 0.02699055330634278
702 0.5566807546849433 0.20352371932121777 5 0.02932551319648094
702 0.2996606403008217 0.1757480107158981 10 0.02699055330634278
703 0.5568828919688789 0.20453543344048888 5 0.02932551319648094
703 0.2996968112938936 0.17541551621675908 10 0.026997840172786173
704 0.5565279181813846 0.20551259731362143 5 0.02932551319648094
704 0.29970075738682495 0.17509904202803933 10 0.027005130974885227
705 0.5564446083156936 0.2065078274275458 5 0.02932551319648094
705 0.2996855896667127 0.17426553253135074 10 0.027005130974885227
706 0.5566945785573081 0.20752358229442866 5 0.02932551319648094
706 0.2996932749368155 0.17395589505022288 10 0.027012425715829277
707 0.5567764035118417 0.20851553186426472 5 0.02932551319648094
707 0.2996724852454559 0.17314805039244202 10 0.027012425715829277
708 0.5564681579764671 0.2094843915584744 5 0.02932551319648094
708 0.29965470854941134 0.17284441919654686 10 0.027019724398811132
709 0.5564949224341073 0.21050463456938653 5 0.02932551319648094
709 0.2996764224752836 0.17251176871726553 10 0.02702702702702703
710 0.5571626915646106 0.21159282588118017 5 0.02932551319648094
710 0.2995097953364226 0.17171176448993253 10 0.02702702702702703
711 0.557555230477496 0.21266203845168968 5 0.02932551319648094
711 0.2995586284273904 0.17137097639831556 10 0.02703433360367667
712 0.557500596825872 0.2137365356572638 5 0.02932551319648094
712 0.2996455187908316 0.17101119063048237 10 0.02704164413196322
713 0.557638938682574 0.21484225986605682 5 0.02932551319648094
713 0.29978999227225556 0.17009347199571498 10 0.02704164413196322
714 0.5578736869870287 0.21589130880998236 5 0.02932551319648094
714 0.29988552152278214 0.1697502380449806 10 0.027048958615093315
715 0.5578573202861647 0.21690108767286 5 0.02932551319648094
715 0.2998422691729287 0.16893541796587147 10 0.027048958615093315
716 0.5575902034104243 0.2179069388832166 5 0.02932551319648094
716 0.3001152372987305 0.16850779535536925 10 0.027056277056277056
717 0.5577518015021827 0.21888525274319176 5 0.02932551319648094
717 0.300153497934738 0.16820143577131483 10 0.02706359945872801
718 0.5578351261893382 0.21982229344456372 5 0.02932551319648094
718 0.30001630024963377 0.16744581381948528 10 0.02706359945872801
719 0.5575317557264614 0.2207434157333943 5 0.02932551319648094
719 0.299953284716515 0.16719076901679056 10 0.027070925825663235
720 0.5574360775218696 0.2216895624500157 5 0.02932551319648094
720 0.29992017637210105 0.1669185762175887 10 0.027078256160303276
721 0.5572048266880043 0.22263647301301 5 0.02932551319648094
721 0.2998201884017471 0.16607302145395522 10 0.027078256160303276
722 0.5568152886778658 0.2235882501358256 5 0.02932551319648094
722 0.2998079541061223 0.16579040752483665 10 0.027085590465872153
723 0.5568310794760837 0.22451256546960435 5 0.02932551319648094
723 0.29956710230397815 0.16540068164597208 10 0.027085590465872153
724 0.5569052457917352 0.22544329820170925 5 0.02932551319648094
724 0.2993722950105496 0.16498390513818234 10 0.027085590465872153
725 0.5568510835791195 0.2264008278640977 5 0.02932551319648094
725 0.2992096592130815 0.16453886542113025 10 0.027085590465872153
726 0.5571871358836761 0.22726173581828696 5 0.029342723004694836
726 0.29893600236980633 0.16407273535446282 10 0.027085590465872153
727 0.5566199057940785 0.22826058714434433 5 0.029342723004694836
727 0.29890564630979 0.16378947998746943 10 0.0270929287455974
728 0.5563651763283811 0.22925334241446182 5 0.029342723004694836
728 0.29876150859482087 0.16332439338259544 10 0.0270929287455974
729 0.556206655125423 0.23024874047815352 5 0.029342723004694836
729 0.29864186107965157 0.1628564830310587 10 0.0270929287455974
730 0.5556088652099836 0.23128165490479508 5 0.029342723004694836
730 0.2985893374978449 0.16236876365342454 10 0.0270929287455974
731 0.5555281691737068 0.2323696481964234 5 0.029342723004694836
731 0.2985409648867647 0.16185704429289582 10 0.0270929287455974
732 0.555646953670905 0.23344032068353782 5 0.029342723004694836
732 0.29854075360230115 0.16136005476985452 10 0.0270929287455974
733 0.5556706643291968 0.23450064329683973 5 0.029342723004694836
733 0.2985345461991469 0.1608522016668099 10 0.0270929287455974
734 0.5550668106790118 0.2355594162821329 5 0.029342723004694836
734 0.2986284014803253 0.16030049682804318 10 0.0270929287455974
735 0.5547619089038077 0.23657107635608252 5 0.029342723004694836
735 0.2985880615485966 0.15980450809440394 10 0.0270929287455974
736 0.5546372092280113 0.23754069396526045 5 0.029342723004694836
736 0.29857050552662423 0.15933550157437523 10 0.0270929287455974
737 0.5544907798629325 0.23852776133667822 5 0.029342723004694836
737 0.29857525409663876 0.15885688265615458 10 0.0270929287455974
738 0.5539361157953586 0.23953495692451693 5 0.029342723004694836
738 0.29862480659172236 0.15836490294423716 10 0.0270929287455974
739 0.553533872581778 0.24052761103470277 5 0.029342723004694836
739 0.2985527456692779 0.1578902981460722 10 0.0270929287455974
740 0.5531664476482563 0.24149995075625394 5 0.029342723004694836
740 0.2985097631515886 0.15742515616754096 10 0.0270929287455974
741 0.5526339660854356 0.24244991941899988 5 0.029342723004694836
741 0.2984289418451412 0.1569938257648678 10 0.0270929287455974
742 0.5522241493901396 0.24340640057821297 5 0.029342723004694836
742 0.2983767771893551 0.15671286663200484 10 0.02710027100271003
743 0.5520084582762934 0.2443578834179823 5 0.029342723004694836
743 0.298287458400374 0.15626167382912287 10 0.02710027100271003
744 0.5517915430355663 0.24532349251447633 5 0.029342723004694836
744 0.2981891571799451 0.15580789646170193 10 0.02710027100271003
745 0.5511942061249684 0.2463056655993435 5 0.029342723004694836
745 0.29809928114081485 0.15534040631760346 10 0.02710027100271003
746 0.5511304658423067 0.24731561268663665 5 0.029342723004694836
746 0.29779808536171104 0.15489683087463632 10 0.02710027100271003
747 0.5511211088108995 0.24833943932878372 5 0.029342723004694836
747 0.29772787555586944 0.15440249696847705 10 0.02710027100271003
748 0.5510718580659384 0.24935006054905212 5 0.029342723004694836
748 0.2977017930060209 0.15391365345252297 10 0.02710027100271003
749 0.550494644266942 0.25032165722503075 5 0.029342723004694836
749 0.29761796097589266 0.15343419076050893 10 0.02710027100271003
750 0.5500709212091871 0.2512974470133129 5 0.029342723004694836
750 0.29752587113407325 0.15295636779528501 10 0.02710027100271003
751 0.5498076194410391 0.25231417055480165 5 0.029342723004694836
751 0.2973429132935011 0.15245508146635747 10 0.02710027100271003
752 0.5494385102421823 0.25339210384026484 5 0.029342723004694836
752 0.2973399311555947 0.15190898015203796 10 0.02710027100271003
753 0.549232875152623 0.2544284596157706 5 0.029342723004694836
753 0.2972965437282692 0.15140144809281872 10 0.02710027100271003
754 0.5491743180395252 0.2554498857308848 5 0.029342723004694836
754 0.2972155153176009 0.15090844221620653 10 0.02710027100271003
755 0.5490706097335177 0.25650930142553696 5 0.029342723004694836
755 0.29706875184078774 0.1503927002418 10 0.02710027100271003
756 0.548554977399934 0.25762435871921546 5 0.029342723004694836
756 0.2970349524580497 0.14986933804376787 10 0.02710027100271003
757 0.5482861747695977 0.25869920894499393 5 0.029342723004694836
757 0.29702543958557975 0.14935119219881057 10 0.02710027100271003
758 0.5480906692852493 0.25972140203275745 5 0.029342723004694836
758 0.29698249174514946 0.14885015540063523 10 0.02710027100271003
759 0.5477348918873669 0.2607496849603821 5 0.029342723004694836
759 0.296843329047051 0.14839678866868516 10 0.02710027100271003
760 0.5474710875300379 0.2617480234208506 5 0.029342723004694836
760 0.29673838453790446 0.14792424356344688 10 0.02710027100271003
761 0.5472961560849701 0.26273308261803247 5 0.029342723004694836
761 0.29654819746843775 0.14745662332821224 10 0.02710027100271003
762 0.5469909171016214 0.26375143597486783 5 0.029342723004694836
762 0.2964344932397111 0.14697085005631966 10 0.02710027100271003
763 0.5461234136130262 0.2647912526037878 5 0.029342723004694836
763 0.2963929211969293 0.14646920238858493 10 0.02710027100271003
764 0.5455033610028283 0.2658054484860502 5 0.029342723004694836
764 0.29630382944660055 0.14598534978372732 10 0.02710027100271003
765 0.5449988299364412 0.26679791523368046 5 0.029342723004694836
765 0.29620970241766637 0.14552006537755216 10 0.02710027100271003
766 0.5441146718595582 0.2677950784682176 5 0.029342723004694836
766 0.296156216674029 0.1450499335647948 10 0.02710027100271003
767 0.5435239373358718 0.268818081366678 5 0.029342723004694836
767 0.29622410892028767 0.14452681430722483 10 0.02710027100271003
768 0.5433016395340264 0.26984556048038494 5 0.029342723004694836
768 0.296190891539681 0.14404522485698995 10 0.02710027100271003
769 0.543075661864033 0.2708711225015067 5 0.029342723004694836
769 0.2960914290827988 0.14356980450339232 10 0.02710027100271003
770 0.5423181418915324 0.2718546161204182 5 0.029342723004694836
770 0.2960562656610105 0.14309166190578929 10 0.02710027100271003
771 0.5418242580488821 0.27283065662431505 5 0.029342723004694836
771 0.29601166895439623 0.14262237751232543 10 0.02710027100271003
772 0.5415506577582025 0.27380536154221863 5 0.029342723004694836
772 0.29593995583255805 0.14215861012211578 10 0.02710027100271003
773 0.5412685974449051 0.2747896973158586 5 0.029342723004694836
773 0.29587444085563946 0.14168350594419712 10 0.02710027100271003
774 0.5403477248486496 0.27577589043882555 5 0.029342723004694836
774 0.2958085201558284 0.14117253377070474 10 0.02710027100271003
775 0.5398021588718007 0.2767622734239972 5 0.029342723004694836
775 0.2957585671923357 0.14069739420741495 10 0.02710027100271003
776 0.5394396165934421 0.27776049228888783 5 0.029342723004694836
776 0.29571977776988934 0.14022620610134912 10 0.02710027100271003
777 0.5386612397700783 0.278780136118604 5 0.029342723004694836
777 0.29581603482728996 0.13986028115400226 10 0.027107617240444564
778 0.5382295078925189 0.2797791457208256 5 0.029342723004694836
778 0.29569927755370623 0.13938518525260388 10 0.027107617240444564
779 0.5378192361128871 0.2807594885376976 5 0.029342723004694836
779 0.29562375734254964 0.13892493577473378 10 0.027107617240444564
780 0.5369090603237744 0.2817530049057371 5 0.029342723004694836
780 0.29560599057909476 0.1384508466808595 10 0.027107617240444564
781 0.5364538803185773 0.2827951318599253 5 0.029342723004694836
781 0.295644411738952 0.1379299003660344 10 0.027107617240444564
782 0.5363367802242096 0.2837830689547989 5 0.029342723004694836
782 0.29548986246028697 0.13744705678606237 10 0.027107617240444564
783 0.5361675213805039 0.28474790252488197 5 0.029342723004694836
783 0.29541287736526234 0.13698212953536673 10 0.027107617240444564
784 0.5353542479575127 0.28570422535538326 5 0.029342723004694836
784 0.2953758772859446 0.13651303806465398 10 0.027107617240444564
785 0.5349395133650428 0.28669468329285286 5 0.029342723004694836
785 0.295367852903013 0.13601052146481535 10 0.027107617240444564
786 0.5347960415581692 0.2876810018554656 5 0.029342723004694836
786 0.2952433326894945 0.13553375877586588 10 0.027107617240444564
787 0.5345859620924662 0.28866681712088627 5 0.029342723004694836
787 0.2951823061320856 0.13506069201105325 10 0.027107617240444564
788 0.5337358488298392 0.28966339040359984 5 0.029342723004694836
788 0.2951726987491011 0.13456996769174775 10 0.027107617240444564
789 0.5332154366512472 0.29063509571095264 5 0.029342723004694836
789 0.2951197882594244 0.13409889846522347 10 0.027107617240444564
790 0.5315103802260472 0.291681040803407 5 0.02932551319648094
790 0.29507634163278806 0.13363388126865855 10 0.027107617240444564
791 0.5310203859373482 0.2926891026743369 5 0.02932551319648094
791 0.29507571708151004 0.13314518917087645 10 0.027107617240444564
792 0.5307393373692262 0.2937601596260353 5 0.02932551319648094
792 0.2951897535259844 0.13257564948581915 10 0.027107617240444564
793 0.5305435184657892 0.2947935144194043 5 0.02932551319648094
793 0.2951943237427568 0.13206641600286678 10 0.027107617240444564
794 0.5296832703590082 0.29575382466528854 5 0.02932551319648094
794 0.2951524826907349 0.13158183603840118 10 0.027107617240444564
795 0.5292503338728356 0.296720545804336 5 0.02932551319648094
795 0.2951150163931122 0.13109598680286758 10 0.027107617240444564
796 0.5288915875972192 0.29774061353102244 5 0.02932551319648094
796 0.2951859437919365 0.13051907766822674 10 0.027107617240444564
797 0.5286516075904555 0.2987559656905655 5 0.02932551319648094
797 0.2950116720293968 0.13000611402162834 10 0.027107617240444564
798 0.5278185439236202 0.29977568206241445 5 0.02932551319648094
798 0.29490471946518687 0.12951647781278613 10 0.027107617240444564
799 0.5271914379474151 0.3007933118613161 5 0.02932551319648094
799 0.2949467983047268 0.12889737107718582 10 0.02710027100271003
800 0.5267133195808842 0.3017975391261417 5 0.02932551319648094
800 0.2949471496215001 0.1284308702298727 10 0.02710027100271003
801 0.5257098271717977 0.3027951988920279 5 0.02932551319648094
801 0.2949350569818436 0.12797847276949534 10 0.02710027100271003
802 0.5252384373963956 0.3038178406914806 5 0.02932551319648094
802 0.2950870985779693 0.1274109079214391 10 0.0270929287455974
803 0.5249996680474045 0.3048887728311213 5 0.02932551319648094
803 0.2952207006758805 0.12690986852680072 10 0.0270929287455974
804 0.5242496403210526 0.3059289845298111 5 0.02932551319648094
804 0.2952620785498009 0.12644217590989415 10 0.0270929287455974
805 0.5239507734632655 0.30696407730454306 5 0.02932551319648094
805 0.2951942395219964 0.12589538661581673 10 0.027085590465872153
806 0.5238614902913153 0.3080259778101988 5 0.02932551319648094
806 0.29524193373410956 0.12542555360633278 10 0.027085590465872153
807 0.523651118440384 0.3090343791305542 5 0.02932551319648094
807 0.2952513078234573 0.1249906791610779 10 0.027085590465872153
808 0.5219569229981783 0.3100514548014502 5 0.029308323563892142
808 0.2951111254699085 0.12455028482504438 10 0.027078256160303276
809 0.5218929325159178 0.31106576218053206 5 0.029308323563892142
809 0.2950585204687556 0.12409024124392405 10 0.027070925825663235
810 0.5218578429519847 0.31211711599378916 5 0.029308323563892142
810 0.29492822153223375 0.12359607506683719 10 0.02706359945872801
811 0.5213801611257032 0.31312740594611294 5 0.029308323563892142
811 0.2949099319556452 0.12312931903571674 10 0.027056277056277056
812 0.5211970660699127 0.3141145310278032 5 0.029308323563892142
812 0.2948920693180148 0.1226767090308876 10 0.027048958615093315
813 0.5209819178079739 0.31509847425761695 5 0.029308323563892142
813 0.29509283986570684 0.12221693019093016 10 0.02703433360367667
814 0.5201597771171673 0.3160526976505418 5 0.029308323563892142
814 0.29523619096867615 0.12184159342948057 10 0.027019724398811132
815 0.5198608678276933 0.3169987069756752 5 0.029308323563892142
815 0.29532669804366396 0.1214828160595414 10 0.027005130974885227
816 0.5192968545089455 0.3179908314622937 5 0.029291154071470413
816 0.2951942668070269 0.12111080712647582 10 0.02698327037236913
817 0.5183271542912238 0.31894408553799736 5 0.029291154071470413
817 0.2950278933918663 0.12079084981189706 10 0.02696144513345915
818 0.5178808621028417 0.3198643658265966 5 0.029291154071470413
818 0.29489447670571367 0.12048029552729038 10 0.02693965517241379
819 0.5175617343984753 0.32075544728792305 5 0.029291154071470413
819 0.29522087416712217 0.12018306736632589 10 0.026910656620021525
820 0.5161668530219915 0.32166207547260467 5 0.029274004683840747
820 0.29567281286043834 0.11984349162536763 10 0.02688894864210809
821 0.5160580613095306 0.32261749458873773 5 0.029274004683840747
821 0.296222989908855 0.11946408309468962 10 0.02686727565824825
822 0.5155070610947537 0.3235669440016275 5 0.029274004683840747
822 0.2965306251003277 0.11910597672829575 10 0.026845637583892617
823 0.5151589690198553 0.32452749380952645 5 0.029256875365710942
823 0.29680216903114 0.11876101996809958 10 0.02682403433476395
824 0.5150827252420443 0.3254800129631444 5 0.029256875365710942
824 0.2971722160103146 0.11840594415179302 10 0.02680246582685607
825 0.5138584708202646 0.32648477155940137 5 0.029239766081871343
825 0.2976547410704956 0.11796999764715636 10 0.026780931976432776
826 0.5139130936336492 0.3274650987408253 5 0.029239766081871343
826 0.2978129654461272 0.11759292013447038 10 0.02675227394328518
827 0.5125000533712687 0.32843504216714936 5 0.02922267679719462
827 0.29792941303093173 0.11723219024440543 10 0.02673082063619353
828 0.5121343389671856 0.3293679009975949 5 0.02922267679719462
828 0.29826413917630573 0.1168344715429391 10 0.026709401709401708
829 0.5107191494041774 0.33023018226078127 5 0.029188558085230586
829 0.2985458073209172 0.11649278595721195 10 0.026688017080330927
830 0.5102941648932035 0.3311033349253314 5 0.029171528588098017
830 0.29881661800399606 0.11618143622794457 10 0.026659557451346304
831 0.5103629911068861 0.3320240366867585 5 0.029154518950437316
831 0.29877331728611567 0.11585126029051676 10 0.02663825253063399
832 0.5101543425731732 0.33299798348920795 5 0.029137529137529133
832 0.29881487107904836 0.11547363238078105 10 0.02661698163428267
833 0.5103802338664436 0.33394384182619125 5 0.029120559114735
833 0.2989069848902062 0.11512290227474993 10 0.026595744680851064
834 0.5098354509322782 0.33482522670798043 5 0.02910360884749709
834 0.29900689401806474 0.11479040381593515 10 0.026574541589157587
835 0.5096663335329297 0.3356119156115758 5 0.029069767441860465
835 0.2992137893149318 0.11447572606408092 10 0.02655337227827934
836 0.50857489022645 0.3363692531012836 5 0.02903600464576074
836 0.299466384146247 0.11416025505355862 10 0.026525198938992044
837 0.507650742002467 0.33714417785676554 5 0.029002320185614848
837 0.299478623313008 0.11387017614773273 10 0.026504108136761198
838 0.5065823221715162 0.33793404567001917 5 0.028985507246376812
838 0.29947074318323375 0.11361144010341806 10 0.026469031233456855
839 0.5051585196012585 0.3385236212924045 5 0.028935185185185182
839 0.29867149511828806 0.11437954821788836 10 0.026295030239284773
840 0.5045097979433415 0.33913987199650986 5 0.028901734104046242
840 0.24545812528424366 0.12500822812080953 10 0.0254841997961264
841 0.5036180809951972 0.3396632151355601 5 0.028851702250432775
841 0.26079161063877837 0.13285511430390864 10 0.025119316754584273
842 0.502923974852198 0.34019364460097157 5 0.028801843317972347
842 0.26103038432342857 0.1335904171123417 10 0.025087807325639738
843 0.5019844549016985 0.34048643344114093 5 0.028735632183908046
843 0.2608858056828446 0.13386798143572287 10 0.025075225677031094
844 0.5005017127219054 0.3406981535746938 5 0.02865329512893983
844 0.2605993081042441 0.13436481397123595 10 0.02505637684790779
845 0.4999538442664318 0.34103059362586446 5 0.02857142857142857
845 0.26043414313395075 0.13472010241977833 10 0.025043826696719257
846 0.4996454661377176 0.34126273874798885 5 0.028473804100227786
846 0.2603186892139494 0.1351103237323192 10 0.025031289111389236
847 0.4983953072831051 0.3415664508131143 5 0.02839295854628052
847 0.26026010333613653 0.13526521734981567 10 0.025025025025025023
848 0.4974995153020559 0.34189010144566273 5 0.028328611898016998
848 0.2602458274890217 0.13565623851645603 10 0.02501250625312656
849 0.4964028923844367 0.342219808019158 5 0.02824858757062147
849 0.26016346882293234 0.13581053835603732 10 0.02500625156289072
850 0.49556755668879243 0.3427064733290814 5 0.02818489289740699
850 0.26009958141235806 0.13601363518604656 10 0.025
851 0.49495465757266527 0.3430425818280132 5 0.028105677346824058
851 0.26003479776300314 0.13622477714748985 10 0.02499375156210947
852 0.4951839622422418 0.3434865381929999 5 0.028042624789680313
852 0.2600202831098715 0.13644847949210592 10 0.02498750624687656
853 0.49527540533283093 0.34395510552691033 5 0.027979854504756572
853 0.26001440920762514 0.1366616559804766 10 0.02498126405196103
854 0.4953849363451376 0.3438986176458847 5 0.027839643652561245
854 0.25996355020058026 0.13683001678382292 10 0.024975024975024972
855 0.4754368666369938 0.33855782977804755 5 0.02710027100271003
855 0.2599700941198969 0.1370286486368147 10 0.024968789013732832
856 0.47562943294592436 0.3381621715156211 5 0.026968716289104636
856 0.2599364336453136 0.13722782658561847 10 0.02496255616575137
857 0.4759019164830736 0.3384658978961186 5 0.02689618074233459
857 0.2598969583271864 0.13739849243448846 10 0.024956326428749686
858 0.47593648037076514 0.33898954611208515 5 0.026852846401718578
858 0.25984705024011123 0.13759948177817308 10 0.0249500998003992
859 0.4763110402986837 0.33960424470713163 5 0.02682403433476395
859 0.25981721785892825 0.13805992576002912 10 0.02493765586034913
860 0.4762384504525433 0.3402652243895731 5 0.026795284030010715
860 0.2597628600023533 0.13825593444320078 10 0.024931438544003988
861 0.4759201050098076 0.340956114754371 5 0.026766595289079226
861 0.2596962045262367 0.13842137238053429 10 0.02492522432701894
862 0.4759430603431998 0.3416243053379425 5 0.026737967914438502
862 0.2596364777527826 0.13857754400553565 10 0.024919013207076998
863 0.4759757804852419 0.34219797814717945 5 0.026695141484249865
863 0.25955330799443954 0.13873901119241575 10 0.024912805181863475
864 0.47600196118828386 0.3428653811870945 5 0.02666666666666667
864 0.2594028781984536 0.13918683637331486 10 0.0249003984063745
865 0.47559066471801364 0.34340050589313853 5 0.02662406815761448
865 0.25950566529024444 0.13935906618161195 10 0.0248941996514812
866 0.474494824446837 0.3438823343424577 5 0.026581605528973946
866 0.2601053132986554 0.13953462206273548 10 0.024888003982080638
867 0.4737352147897488 0.34444199093350625 5 0.026539278131634817
867 0.2596710317142875 0.14069487882769915 10 0.024826216484607744
868 0.4739925288920639 0.3354061445367821 5 0.025393600812595226
868 0.2613744513484201 0.14788441930830604 10 0.024378352023403216
869 0.4739325873532515 0.3358750092942079 5 0.025354969574036507
869 0.2616167711698158 0.14762023574786803 10 0.024366471734892786
870 0.47439884474162175 0.33646077573635574 5 0.025329280648429583
870 0.26171454840569836 0.14737779571837978 10 0.024354603019970774
871 0.47500171457133133 0.33689332643742786 5 0.025290844714213452
871 0.26180510321687744 0.14716040436508623 10 0.024336821611097587
872 0.47555266223086756 0.3374262875672147 5 0.025265285497726123
872 0.26189739536599926 0.1467808328970521 10 0.024330900243309004
873 0.4761021731765693 0.3381097382488361 5 0.025252525252525252
873 0.2619634359293962 0.14639329466470302 10 0.024324981756263683
874 0.4766807902256649 0.3386647851445549 5 0.02522704339051463
874 0.2619574285102271 0.14601321274274037 10 0.02431906614785992
875 0.4771847607724079 0.33936792819151085 5 0.025214321734745335
875 0.2619527906273059 0.14562928290642158 10 0.024313153415998056
876 0.4777207481801824 0.339922609501532 5 0.02518891687657431
876 0.2619075347636059 0.14525058508694888 10 0.024307243558580455
877 0.4779472010050245 0.34048114124479817 5 0.02516356316054353
877 0.2618928378438927 0.14488271833306096 10 0.024301336573511544
878 0.47809144089233097 0.3411769062014065 5 0.02515090543259557
878 0.261845732986751 0.14446234388499032 10 0.024295432458697763
879 0.47832942392504574 0.34172919169435045 5 0.02512562814070352
879 0.26177161675633515 0.14409761169983365 10 0.024295432458697763
880 0.4784423116604712 0.3424211687300135 5 0.0251130085384229
880 0.26176627405762753 0.1436495152564494 10 0.024289531212047605
881 0.478407272045999 0.3429738076657164 5 0.025087807325639738
881 0.26174028496692764 0.14329426660607764 10 0.024289531212047605
882 0.4785815763822975 0.3435329799641938 5 0.02506265664160401
882 0.2617320519409414 0.14293140749060268 10 0.024289531212047605
883 0.47866878293785603 0.3442151904299342 5 0.0250501002004008
883 0.26173194720676307 0.14251153014908022 10 0.02428363283147159
884 0.47881936994409824 0.34473989610241507 5 0.025025025025025023
884 0.26165929455000736 0.1421824307668716 10 0.02428363283147159
885 0.4789086812106377 0.34540608825255864 5 0.02501250625312656
885 0.2615945171320206 0.1418610809559832 10 0.02428363283147159
886 0.4788612432250988 0.3459361616588664 5 0.02498750624687656
886 0.2615664491808618 0.14146382498201102 10 0.02427773731488225
887 0.4785947906187153 0.3464760187085437 5 0.02496255616575137
887 0.2614996254538697 0.14108528553107114 10 0.02427773731488225
888 0.478069461740088 0.34703007740966946 5 0.02493765586034913
888 0.2614230449775248 0.14071273573915938 10 0.02427773731488225
889 0.47794178158374284 0.3475939899988412 5 0.024912805181863475
889 0.2613672966198003 0.140348880867861 10 0.02427773731488225
890 0.47808321584374475 0.3480436361465349 5 0.024875621890547265
890 0.2613205400354843 0.13999190039541576 10 0.02427773731488225
891 0.47886161026516455 0.34846054394882664 5 0.02483854942871336
891 0.2612978464434619 0.13964611912331687 10 0.02427773731488225
892 0.4792342863723422 0.34891198468079915 5 0.0248015873015873
892 0.261254713931937 0.13932101758370763 10 0.02427773731488225
893 0.4799705416564799 0.34926072319686075 5 0.024752475247524754
893 0.26118355952269523 0.13900262145992642 10 0.02427773731488225
894 0.48075233173989307 0.3496429110354252 5 0.024703557312252964
894 0.2610060344615751 0.13869116506245258 10 0.02427773731488225
895 0.4818273275070159 0.3500887042741383 5 0.024654832347140037
895 0.26093834834981394 0.13838620739901986 10 0.02427773731488225
896 0.48284840022384057 0.35046640716287825 5 0.024594195769798325
896 0.26091768386077113 0.13808977171675768 10 0.02427773731488225
897 0.4840680415062152 0.3507486978364139 5 0.024509803921568627
897 0.26087183265847774 0.13780418274390793 10 0.02427773731488225
898 0.48810115622718564 0.3491883756414524 5 0.02416626389560174
898 0.2608654700546717 0.13751436088255656 10 0.02427773731488225
899 0.29705885101945767 0.33502457133571895 5 0.02320185614849188
899 0.2608117166390217 0.13719931884415584 10 0.02427773731488225
900 0.1040976219772793 0.32468768987269814 5 0.022381378692927483
900 0.26072714181683704 0.13688128841975192 10 0.02427773731488225
901 0.10554458898682376 0.3261374730605142 5 0.022331397945511387
901 0.260631854544598 0.13656791792538064 10 0.02427773731488225
902 0.10753275705240913 0.3278174894297322 5 0.02230151650312221
902 0.2605470480528423 0.13626427497818563 10 0.02427773731488225
903 0.10884902476935154 0.3293225131117324 5 0.022281639928698752
903 0.2604575908133723 0.13608054596458155 10 0.02428363283147159
904 0.10983630589898123 0.3308620754464571 5 0.02226179875333927
904 0.2603855868087609 0.13579376039387622 10 0.02428363283147159
905 0.10939487563711106 0.3325930678388189 5 0.022241992882562275
905 0.260362411782065 0.135522339655415 10 0.02428363283147159
906 0.10921484864272842 0.3340430152964702 5 0.022232103156958647
906 0.2603412654318284 0.13525885711267455 10 0.02428363283147159
907 0.10858819495568275 0.3357842874763847 5 0.02221235006663705
907 0.2603746843880223 0.1349699506554719 10 0.02428363283147159
908 0.10826151817649414 0.337245027694901 5 0.02220248667850799
908 0.26037108874288106 0.1347109297094314 10 0.02428363283147159
909 0.10764305735725743 0.33911508883249486 5 0.022182786157941437
909 0.2603233187053769 0.13447011078344306 10 0.02428363283147159
910 0.10720708273826451 0.3407444465257553 5 0.022172949002217297
910 0.2602568255022512 0.13423876343734692 10 0.02428363283147159
911 0.10652317425031317 0.3423857666910769 5 0.022163120567375884
911 0.2602516488110055 0.1339715535664342 10 0.02428363283147159
912 0.10606760066641215 0.3440145292940797 5 0.02215330084182543
912 0.2601956707542614 0.13374864978222212 10 0.02428363283147159
913 0.10566880609180059 0.3456320244079723 5 0.022143489813994683
913 0.2601800261332062 0.13354214333152914 10 0.02428363283147159
914 0.10525435030715716 0.34723391262971987 5 0.02213368747233289
914 0.26014247497793586 0.13335086986689243 10 0.02428363283147159
915 0.1050948319645659 0.3488508361361013 5 0.022123893805309734
915 0.26012926280317034 0.1331498183196949 10 0.02428363283147159
916 0.10530904052564616 0.3504754402623748 5 0.0221141088014153
916 0.2601747727931665 0.1329750335051663 10 0.02428363283147159
917 0.10544288246478839 0.35209478554690293 5 0.022104332449160033
917 0.2601464321347412 0.1328181910721407 10 0.02428363283147159
918 0.10532687906693576 0.3536967589218235 5 0.02209456473707468
918 0.26014841864312616 0.13265488201812126 10 0.02428363283147159
919 0.10542217309859914 0.3552845657082364 5 0.022084805653710248
919 0.26010784315267343 0.13257463030846792 10 0.024289531212047605
920 0.10545808997390356 0.3564875669950565 5 0.022084805653710248
920 0.2600753654162719 0.13243958384769328 10 0.024289531212047605
921 0.10536155053691638 0.35803893127836184 5 0.02207505518763797
921 0.2601092311713319 0.13226618254337005 10 0.024289531212047605
922 0.10550160989085924 0.35962755267538205 5 0.022055580061755623
922 0.26008357340698623 0.13213696599442865 10 0.024289531212047605
923 0.10570073011457157 0.3612334353285079 5 0.022036139268400177
923 0.26002734973394814 0.13201587988348698 10 0.024289531212047605
924 0.10672785720714913 0.3628252614304699 5 0.022016732716864815
924 0.2599758537815927 0.13190274598049495 10 0.024289531212047605
925 0.106674246878865 0.3641502574082972 5 0.022007042253521125
925 0.25992614570633943 0.1318065407349625 10 0.024289531212047605
926 0.11890218213447497 0.36192981929335655 5 0.02108814846056516
926 0.2599913882367277 0.13166167077986207 10 0.024289531212047605
927 0.12054967526307095 0.36175798839905726 5 0.021052631578947368
927 0.25994558068611645 0.13157918678916586 10 0.024289531212047605
928 0.12217015187132507 0.3617897039957192 5 0.021026072329688814
928 0.2599409711328247 0.13147917221959532 10 0.024289531212047605
929 0.12377670081648957 0.36145797032505067 5 0.02100840336134454
929 0.2598700278787504 0.13140085146841574 10 0.024289531212047605
930 0.1247458954587797 0.3614142426111146 5 0.02099958000839983
930 0.25977327091643226 0.13133104038865012 10 0.024289531212047605
931 0.12556186821788193 0.3613961377610905 5 0.02099076406381192
931 0.25966216738901093 0.13125632289002623 10 0.024289531212047605
932 0.12616947519281335 0.3614092826752403 5 0.0209819555182543
932 0.25965137145153483 0.13112773916668638 10 0.024289531212047605
933 0.12707924728274636 0.36139518122127834 5 0.02097315436241611
933 0.25955848640192697 0.13105626275856183 10 0.024289531212047605
934 0.12793892015534708 0.3612809308054976 5 0.020964360587002098
934 0.25946494552792726 0.13100344493539312 10 0.024289531212047605
935 0.12787803879000045 0.36149150102312794 5 0.020964360587002098
935 0.25937888806076875 0.13095716605438984 10 0.024289531212047605
936 0.12762531606199254 0.36107588153029324 5 0.020955574182732604
936 0.25928354347626087 0.13091354947156714 10 0.024289531212047605
937 0.12746720159963207 0.3613253382129888 5 0.020955574182732604
937 0.25930194590084893 0.13081566067457262 10 0.024289531212047605
938 0.12734487326622496 0.3615463146476886 5 0.020955574182732604
938 0.25923982858767386 0.1307823855340028 10 0.024289531212047605
939 0.1267654600806672 0.3611493867764388 5 0.020946795140343526
939 0.2592480707988779 0.13071825549967447 10 0.024289531212047605
940 0.1266092702538873 0.3613779038857675 5 0.020946795140343526
940 0.2591724504016295 0.13069675979649484 10 0.024289531212047605
941 0.126498168070897 0.3609724100492463 5 0.020938023450586263
941 0.2591050958875863 0.13068783066432071 10 0.024289531212047605
942 0.1263885948619507 0.36119814302058406 5 0.020938023450586263
942 0.2590445473115377 0.13068732745591852 10 0.024289531212047605
943 0.12580106213290781 0.3613701280411918 5 0.020938023450586263
943 0.25900130568028884 0.13065424367300071 10 0.024289531212047605
944 0.1254026420247482 0.36140125400404777 5 0.020938023450586263
944 0.25895372140807194 0.13065224327214872 10 0.024289531212047605
945 0.1251866356348092 0.3614335673523376 5 0.020938023450586263
945 0.25890644888192693 0.1306610567557755 10 0.024289531212047605
946 0.12456482238927487 0.3614852521044659 5 0.020938023450586263
946 0.258901682598139 0.13064711685129854 10 0.024289531212047605
947 0.12409147695422032 0.36152758669562635 5 0.020938023450586263
947 0.25884561294325004 0.13062858343926487 10 0.024295432458697763
948 0.12371352242929261 0.36157323486049636 5 0.020938023450586263
948 0.25876208944134893 0.13064217960109847 10 0.024295432458697763
949 0.12320690198415048 0.36161774679758774 5 0.020938023450586263
949 0.25871060966690823 0.13066131865026362 10 0.024295432458697763
950 0.12282430790829739 0.36165370233752886 5 0.020938023450586263
950 0.2586724470146008 0.13069030090368836 10 0.024295432458697763
951 0.12228268461786962 0.36170592201025836 5 0.020938023450586263
951 0.25865999980957166 0.13070071860546634 10 0.024295432458697763
952 0.12189720724099799 0.3617518332859162 5 0.020938023450586263
952 0.2585997846508397 0.13072652352229785 10 0.024295432458697763
953 0.12140247364030676 0.3618261772906695 5 0.020938023450586263
953 0.25856377355012244 0.1307374258278531 10 0.024295432458697763
954 0.12104302981900099 0.36189412379810815 5 0.020938023450586263
954 0.25850847237530367 0.13075862199419416 10 0.024295432458697763
955 0.12080768208552581 0.36193247841926013 5 0.020938023450586263
955 0.2584335384217484 0.13079183078204445 10 0.024295432458697763
956 0.12068314989650605 0.36191607102949713 5 0.020938023450586263
956 0.2583739291897813 0.13083965183908952 10 0.024295432458697763
957 0.12035081412404607 0.3619031044364437 5 0.020938023450586263
957 0.2583323731360577 0.13089653933740705 10 0.024295432458697763
958 0.12011201404401677 0.36188277647197115 5 0.020938023450586263
958 0.2582780242368702 0.13096138623809794 10 0.024295432458697763
959 0.11994892874235367 0.36186389806144875 5 0.020938023450586263
959 0.2582056108162931 0.1309851120808378 10 0.024301336573511544
960 0.11977826962856519 0.36184045646745844 5 0.020938023450586263
960 0.25812648470572436 0.13106678996399773 10 0.024301336573511544
961 0.11957260024219303 0.36180629391393404 5 0.020938023450586263
961 0.258085817677402 0.13115035172956113 10 0.024301336573511544
962 0.119339107987006 0.3617787983688717 5 0.020938023450586263
962 0.2580387695843194 0.13124582887644767 10 0.024301336573511544
963 0.11914524838106236 0.36176242090280886 5 0.020938023450586263
963 0.2579780243658596 0.13135255073815066 10 0.024301336573511544
964 0.11909877253170209 0.36175010657980594 5 0.020938023450586263
964 0.25799513140399094 0.1314437884556485 10 0.024301336573511544
965 0.11891209239183738 0.3617463839831051 5 0.020938023450586263
965 0.25794392023134893 0.13155168845716686 10 0.024301336573511544
966 0.11880283126425062 0.3626467520886328 5 0.020946795140343526
966 0.2578629549462142 0.1316697091716815 10 0.024301336573511544
967 0.11862448970954523 0.3626690582313935 5 0.020946795140343526
967 0.25780078240365245 0.13179545426527794 10 0.024301336573511544
968 0.11857999851266665 0.36270270186521814 5 0.020946795140343526
968 0.2577314254467583 0.13191524375243915 10 0.024301336573511544
969 0.11860157801153914 0.36276195029041836 5 0.020946795140343526
969 0.25763743416720475 0.13205038178998374 10 0.024301336573511544
970 0.11859204467145541 0.3628211466460331 5 0.020946795140343526
970 0.257532654950282 0.13219862720132253 10 0.024301336573511544
971 0.11855349629386162 0.3628756590525335 5 0.020946795140343526
971 0.2574793222356794 0.13235540869769274 10 0.024301336573511544
972 0.11859749512267397 0.3629148734432178 5 0.020946795140343526
972 0.25743802399597654 0.13249066602127724 10 0.024301336573511544
973 0.11855406527782393 0.3629556673746966 5 0.020946795140343526
973 0.25735643410595443 0.1326596399274162 10 0.024301336573511544
974 0.11847450790794518 0.36299138399227554 5 0.020946795140343526
974 0.25726794562141264 0.13284448006319965 10 0.024301336573511544
975 0.11852009542011485 0.36300729754902783 5 0.020946795140343526
975 0.2572954224432243 0.13299967125429213 10 0.024301336573511544
976 0.11846448512027467 0.36303194517806936 5 0.020946795140343526
976 0.25724013819568636 0.13318981559665014 10 0.024301336573511544
977 0.11837155237582389 0.3630571176972291 5 0.020946795140343526
977 0.2571572745861017 0.13339332043749919 10 0.024301336573511544
978 0.11824997845954277 0.3630806930806843 5 0.020946795140343526
978 0.2570758147361279 0.13359905859445115 10 0.024301336573511544
979 0.11819251037846737 0.36308026098113955 5 0.020946795140343526
979 0.257082347568977 0.13374446234754495 10 0.024301336573511544
980 0.1180538846052418 0.36308920766953834 5 0.020946795140343526
980 0.2570080869363988 0.1339485518005577 10 0.024301336573511544
981 0.1178758777046243 0.36309868004296 5 0.020946795140343526
981 0.2569176018846763 0.13417075244509444 10 0.024301336573511544
982 0.11775189856623511 0.36309751456887146 5 0.020946795140343526
982 0.2568149994075052 0.1344023444653267 10 0.024301336573511544
983 0.1174540247339602 0.3631051092666641 5 0.020946795140343526
983 0.25683454986601134 0.13457170980613836 10 0.024301336573511544
984 0.11737291823966486 0.3630997099477058 5 0.020946795140343526
984 0.2567594778606407 0.13481143375652205 10 0.024301336573511544
985 0.11738949838690768 0.36308858552776124 5 0.020946795140343526
985 0.25666822636168246 0.134938458188102 10 0.024307243558580455
986 0.11716722927038097 0.3630881352780296 5 0.020946795140343526
986 0.2566137247619257 0.13517339745388005 10 0.024307243558580455
987 0.11711025229810365 0.3630796273882272 5 0.020946795140343526
987 0.2564827971337227 0.13544053999536984 10 0.024307243558580455
988 0.11711214552929432 0.36306727687169793 5 0.020946795140343526
988 0.25636879752046177 0.13571943820053428 10 0.024307243558580455
989 0.11712010724720782 0.36391852575227573 5 0.020955574182732604
989 0.25626132436986176 0.1360108056507046 10 0.024307243558580455
990 0.11687038251877604 0.36393291177175985 5 0.020955574182732604
990 0.2561901250667966 0.13628036231363655 10 0.024307243558580455
991 0.11691362712338307 0.36394163508079297 5 0.020955574182732604
991 0.2560425281788374 0.13657479758564417 10 0.024307243558580455
992 0.11685379188998146 0.363940512429238 5 0.020955574182732604
992 0.25591839102357833 0.13688049280932663 10 0.024307243558580455
993 0.11647233212022805 0.36395437103036715 5 0.020955574182732604
993 0.2558768431742423 0.1371472451247466 10 0.024307243558580455
994 0.11646455359088843 0.3639777909139813 5 0.020955574182732604
994 0.2557415494940964 0.13745211735910676 10 0.024307243558580455
995 0.11641519728094996 0.36399495868239423 5 0.020955574182732604
995 0.2556250755874854 0.13776838480243117 10 0.024307243558580455
996 0.11634803260215432 0.363990079076116 5 0.020955574182732604
996 0.2555312626448124 0.13808331136265642 10 0.024307243558580455
997 0.11588280001595685 0.36400069388380846 5 0.020955574182732604
997 0.2555343994354487 0.13834206856570813 10 0.024307243558580455
998 0.11577535844089999 0.3639857899790212 5 0.020955574182732604
998 0.2554693676314429 0.13864504179948592 10 0.024307243558580455
999 0.11575050689420305 0.3639668621900063 5 0.020955574182732604
999 0.25538166694429476 0.13895789892907903 10 0.024307243558580455
1000 0.11571227635066166 0.36393625066026486 5 0.020955574182732604
1000 0.25530114462279946 0.13927288593895013 10 0.024307243558580455
1001 0.1151911161371352 0.36393866499114824 5 0.020955574182732604
1001 0.25533016507031187 0.1395264048244687 10 0.024307243558580455
1002 0.11502778809375203 0.3638986518235172 5 0.020955574182732604
1002 0.255242229039809 0.1398358577186909 10 0.024307243558580455
1003 0.11505113658548846 0.3638680528736988 5 0.020955574182732604
1003 0.25515490881173764 0.1401618256493852 10 0.024307243558580455
1004 0.11505267094750712 0.3638426072665602 5 0.020955574182732604
1004 0.2550742651712448 0.14049452316054561 10 0.024307243558580455
1005 0.11454711883446263 0.36388035905707933 5 0.020955574182732604
1005 0.25508568756785216 0.1407752577203691 10 0.024307243558580455
1006 0.1144312924057862 0.3638737958483974 5 0.020955574182732604
1006 0.25501813420585034 0.14110955794700392 10 0.024307243558580455
1007 0.11435938368470215 0.36387048747652656 5 0.020955574182732604
1007 0.2549170511840955 0.14146236685058852 10 0.024307243558580455
1008 0.11403520992386722 0.36391698658223937 5 0.020955574182732604
1008 0.2548832224726173 0.14178280527567322 10 0.024307243558580455
1009 0.11376157996986243 0.36396558117651107 5 0.020955574182732604
1009 0.25484792732373523 0.14213910278048233 10 0.024307243558580455
1010 0.11350366410950223 0.3640196376076769 5 0.020955574182732604
1010 0.2547465736362124 0.1425051423060135 10 0.024307243558580455
1011 0.1132571977062605 0.3640688511958671 5 0.020955574182732604
1011 0.2546341096397139 0.14287123630985968 10 0.024307243558580455
1012 0.11290172192894969 0.36412091812317005 5 0.020955574182732604
1012 0.25460031820853046 0.1431947222781669 10 0.024307243558580455
1013 0.1125554999131321 0.36418381360187396 5 0.020955574182732604
1013 0.25454379119770987 0.14355963861146853 10 0.024307243558580455
1014 0.11224347300101045 0.3642562867240711 5 0.020955574182732604
1014 0.2544322026117654 0.14394229771061437 10 0.024307243558580455
1015 0.11200861165978093 0.36429520473915344 5 0.020955574182732604
1015 0.25436557736053467 0.14428955070514332 10 0.024307243558580455
1016 0.11169901059529759 0.3643389164666349 5 0.020955574182732604
1016 0.25424592526019163 0.14467635428976983 10 0.024307243558580455
1017 0.11149052932507349 0.3643760366573634 5 0.020955574182732604
1017 0.2541203805626013 0.1450786401170367 10 0.024307243558580455
1018 0.11123951828490442 0.36440044012105244 5 0.020955574182732604
1018 0.2539869068543896 0.14548634934404964 10 0.024307243558580455
1019 0.11087346401923018 0.36443214206899927 5 0.020955574182732604
1019 0.2539292904227778 0.14585146018944908 10 0.024307243558580455
1020 0.11060674705025404 0.36445699050533314 5 0.020955574182732604
1020 0.2538041155591713 0.14626405946920135 10 0.024307243558580455
1021 0.11038950858988869 0.36448351474027196 5 0.020955574182732604
1021 0.25368630157251715 0.14669068886109765 10 0.024307243558580455
1022 0.10980503862730515 0.36454732459950734 5 0.020955574182732604
1022 0.2536808249761473 0.14704943162774284 10 0.024307243558580455
1023 0.10953744999426099 0.3645571879292545 5 0.020955574182732604
1023 0.2535711592064189 0.14746732255645967 10 0.024307243558580455
1024 0.10942345909602669 0.36453783624608127 5 0.020955574182732604
1024 0.25346134648400365 0.14789360279369837 10 0.024307243558580455
1025 0.10923327189933038 0.3645238494398744 5 0.020955574182732604
1025 0.2533560708820903 0.14831740410903993 10 0.024307243558580455
1026 0.10839125732833173 0.3646061765691401 5 0.020955574182732604
1026 0.25336411625789934 0.148688660546618 10 0.024307243558580455
1027 0.1080202883726733 0.36462631124213185 5 0.020955574182732604
1027 0.2532853011368413 0.1489231052685311 10 0.024313153415998056
1028 0.10790337913399155 0.36463840519991697 5 0.020955574182732604
1028 0.25314849975938236 0.1493896218676723 10 0.024313153415998056
1029 0.1077010369320169 0.3646744657999101 5 0.020955574182732604
1029 0.25300234560061136 0.14987134188365167 10 0.024313153415998056
1030 0.10684140342204995 0.3648079257230269 5 0.020955574182732604
1030 0.2529752879193361 0.150299180800028 10 0.024313153415998056
1031 0.1066210807791413 0.36487563808991175 5 0.020955574182732604
1031 0.2528441327363155 0.15079792356199168 10 0.024313153415998056
1032 0.10653259031008366 0.3649446014046986 5 0.020955574182732604
1032 0.2526847553539026 0.15132659198661727 10 0.024313153415998056
1033 0.10582344887556401 0.365099027059839 5 0.020955574182732604
1033 0.2527018256525875 0.15177645907600926 10 0.024313153415998056
1034 0.10571528997176687 0.36604372070954605 5 0.020964360587002098
1034 0.25257325037611966 0.15230304898812885 10 0.024313153415998056
1035 0.10565036907334999 0.36609817594302835 5 0.020964360587002098
1035 0.25243265620918764 0.1528330554296122 10 0.024313153415998056
1036 0.1055452487026614 0.36613898549597884 5 0.020964360587002098
1036 0.2523177870511617 0.15335162431576463 10 0.024313153415998056
1037 0.10502526225813118 0.3661961257263553 5 0.020964360587002098
1037 0.2523972889568509 0.1537458479046228 10 0.024313153415998056
1038 0.10480340018982033 0.3662439229066561 5 0.020964360587002098
1038 0.25231981087023675 0.15422704746384558 10 0.024313153415998056
1039 0.10453872003600495 0.36628141629543526 5 0.020964360587002098
1039 0.25220095394546854 0.1547274866215656 10 0.024313153415998056
1040 0.1042574122655862 0.366302806803963 5 0.020964360587002098
1040 0.2520844676153761 0.1552168781816879 10 0.024313153415998056
1041 0.10398916293666005 0.3662878980192781 5 0.020964360587002098
1041 0.25207816287721785 0.15564290149445842 10 0.024313153415998056
1042 0.10379000535223495 0.3662812994133021 5 0.020964360587002098
1042 0.2519859403225582 0.15612808778727308 10 0.024313153415998056
1043 0.10360108576071307 0.36627653234553076 5 0.020964360587002098
1043 0.251880199795387 0.1566285297312327 10 0.024313153415998056
1044 0.10324922374966441 0.3662805984260389 5 0.020964360587002098
1044 0.2518417033207442 0.15708678736350867 10 0.024313153415998056
1045 0.10311285491442879 0.3662638571679504 5 0.020964360587002098
1045 0.25175008688969364 0.15758792361523513 10 0.024313153415998056
1046 0.10305990780573873 0.3662390719892742 5 0.020964360587002098
1046 0.25164823846597717 0.1581009426483208 10 0.024313153415998056
1047 0.10262708177686759 0.36623527827338637 5 0.020964360587002098
1047 0.25166297891113415 0.15854549329858464 10 0.024313153415998056
1048 0.10244490661274486 0.3662256482804892 5 0.020964360587002098
1048 0.25159806597240275 0.15906809339054323 10 0.024313153415998056
1049 0.10236974671125336 0.3662231863465723 5 0.020964360587002098
1049 0.25148942640976885 0.1596192676505806 10 0.024313153415998056
1050 0.1022479964591115 0.36621019580325403 5 0.020964360587002098
1050 0.2513744464118913 0.1601780555369058 10 0.024313153415998056
1051 0.10185605812922971 0.36620154211801614 5 0.020964360587002098
1051 0.2513365369441544 0.16068874316977239 10 0.024313153415998056
1052 0.10169674568525336 0.36618626998068116 5 0.020964360587002098
1052 0.2512914169881396 0.16125415305997137 10 0.024313153415998056
1053 0.1017048978196154 0.36704874589034236 5 0.02097315436241611
1053 0.25118438983334757 0.16184515435750665 10 0.024313153415998056
1054 0.10165577799455464 0.36703855021925025 5 0.02097315436241611
1054 0.2510726958273219 0.1624261827103319 10 0.024313153415998056
1055 0.10146063499847753 0.36702039941700837 5 0.02097315436241611
1055 0.25103758096354734 0.16295183277255681 10 0.024313153415998056
1056 0.10139418430120048 0.36701832976172255 5 0.02097315436241611
1056 0.2509774087435339 0.16351980945252126 10 0.024313153415998056
1057 0.1013055472515892 0.3670345573600634 5 0.02097315436241611
1057 0.2508657478714248 0.16381982636943102 10 0.02431906614785992
1058 0.10129887637929244 0.3670610581543373 5 0.02097315436241611
1058 0.25074716906848094 0.16441994992911393 10 0.02431906614785992
1059 0.1012821069134355 0.3670794140961955 5 0.02097315436241611
1059 0.2506549011249372 0.164998686714435 10 0.02431906614785992
1060 0.10142931685321248 0.36708761649899385 5 0.02097315436241611
1060 0.25054132992246053 0.16559697676821833 10 0.02431906614785992
1061 0.10152113740299751 0.367094632587728 5 0.02097315436241611
1061 0.2504068875873994 0.16620605206992733 10 0.02431906614785992
1062 0.10152731964359922 0.36710551010002984 5 0.02097315436241611
1062 0.2502580430041823 0.16681901615146974 10 0.02431906614785992
1063 0.1015599477729692 0.36710949195602194 5 0.02097315436241611
1063 0.2501292995879517 0.16741697364803593 10 0.02431906614785992
1064 0.10162850472612864 0.36712963279284877 5 0.02097315436241611
1064 0.2500286609870784 0.16802955307244552 10 0.02431906614785992
1065 0.10166524042588994 0.3671267772160857 5 0.02097315436241611
1065 0.24989978865215529 0.16866468928649478 10 0.02431906614785992
1066 0.10165154604913922 0.36716370658997194 5 0.02097315436241611
1066 0.24967831395223924 0.16938026282163496 10 0.02431906614785992
1067 0.10166441977891068 0.36717498452224306 5 0.02097315436241611
1067 0.2495420496448168 0.16975016557491107 10 0.024324981756263683
1068 0.1016868888680262 0.36717540041224 5 0.02097315436241611
1068 0.24941943280031614 0.17039932748845352 10 0.024324981756263683
1069 0.10163213817857393 0.36802703975387685 5 0.0209819555182543
1069 0.24931786677985301 0.1710506020318995 10 0.024324981756263683
1070 0.10162394164253226 0.3680111511887366 5 0.0209819555182543
1070 0.24921607923249356 0.1716842494855566 10 0.024324981756263683
1071 0.10162635438950447 0.3679670185349969 5 0.0209819555182543
1071 0.24912515167551544 0.17229342233792072 10 0.024324981756263683
1072 0.10154819812478053 0.3679188069301592 5 0.0209819555182543
1072 0.24906105163456355 0.1728617554073178 10 0.024324981756263683
1073 0.10150055798316923 0.3678796949228072 5 0.0209819555182543
1073 0.2489783375854039 0.1734684770262548 10 0.024324981756263683
1074 0.10145185703845667 0.36783888754860616 5 0.0209819555182543
1074 0.24889878099367163 0.17408059551312244 10 0.024324981756263683
1075 0.10148507498591992 0.36776782942843855 5 0.0209819555182543
1075 0.24883695672984843 0.17466489787950343 10 0.024324981756263683
1076 0.10130529272046507 0.3676728878516808 5 0.0209819555182543
1076 0.24889681127643076 0.17484320298064332 10 0.024330900243309004
1077 0.10125738679114538 0.3676013757571406 5 0.0209819555182543
1077 0.24886046160695802 0.1754119818051276 10 0.024330900243309004
1078 0.1012465338096024 0.368352569951386 5 0.02099076406381192
1078 0.24878878025568976 0.17600571157352876 10 0.024330900243309004
1079 0.10108265720239917 0.3681749043876124 5 0.02099076406381192
1079 0.2487138428770291 0.17656141756541227 10 0.024330900243309004
1080 0.10091788757679279 0.36796519584575793 5 0.02099076406381192
1080 0.24858991636682531 0.17710625754097906 10 0.024330900243309004
1081 0.10090389720219153 0.36777732258612916 5 0.02099076406381192
1081 0.2485257752575487 0.17733572789206825 10 0.024336821611097587
1082 0.10078274878066673 0.3684297235430219 5 0.02099958000839983
1082 0.24849931932668595 0.17788078368772464 10 0.024336821611097587
1083 0.10046922548476911 0.3682297617642688 5 0.02099958000839983
1083 0.24849935479292537 0.1783707320191805 10 0.024336821611097587
1084 0.10024823628421595 0.368051946763137 5 0.02099958000839983
1084 0.24842165923679144 0.1789326614111747 10 0.024336821611097587
1085 0.10009436072032481 0.36791936565608213 5 0.02099958000839983
1085 0.24833663605511652 0.1792325437387818 10 0.0243427458617332
1086 0.09993256583968504 0.3686562103978304 5 0.02100840336134454
1086 0.24825424791549272 0.17986671047932204 10 0.0243427458617332
1087 0.09976637064850247 0.36851913639973327 5 0.02100840336134454
1087 0.24816224395505318 0.18048491453769222 10 0.0243427458617332
1088 0.09932305265326863 0.3683887684172464 5 0.02100840336134454
1088 0.24817988632970947 0.18102363477574987 10 0.0243427458617332
1089 0.09898729455116653 0.36824535248217083 5 0.02100840336134454
1089 0.24812281280361986 0.1813043463883176 10 0.024348672997321644
1090 0.09885022451285233 0.3689559610989656 5 0.02101723413198823
1090 0.24801596094470998 0.1819256931851853 10 0.024348672997321644
1091 0.09870335502432773 0.36878301085969944 5 0.02101723413198823
1091 0.24786004921135332 0.18254939076050425 10 0.024348672997321644
1092 0.09858036657371697 0.3693278817027942 5 0.021026072329688814
1092 0.24777377939173945 0.18281322135600525 10 0.024354603019970774
1093 0.09846079988445519 0.36900177554616953 5 0.021026072329688814
1093 0.24766852539697534 0.183390906827202 10 0.024354603019970774
1094 0.0983845192007907 0.36862937436898413 5 0.021026072329688814
1094 0.247589330532113 0.18392799763003234 10 0.024354603019970774
1095 0.0980082832139051 0.3690807881127943 5 0.02103491796381994
1095 0.2477057738754866 0.18398880209651247 10 0.024360535931790498
1096 0.09792588366737331 0.368679143682055 5 0.02103491796381994
1096 0.24757532356846718 0.1844717982296516 10 0.024360535931790498
1097 0.09789805896526085 0.3691514794403453 5 0.02104377104377104
1097 0.24746334164476225 0.18469180086311313 10 0.024366471734892786
1098 0.0977408464639464 0.3688394310583281 5 0.02104377104377104
1098 0.247347381837145 0.18528319135936502 10 0.024366471734892786
1099 0.0975737609643598 0.3694153440858044 5 0.021052631578947368
1099 0.2472568050663993 0.1855746619016799 10 0.024372410431391663
1100 0.09740614671698308 0.3691317273701207 5 0.021052631578947368
1100 0.24716298597022401 0.18619666617816305 10 0.024372410431391663
1101 0.09728917968975895 0.36967007699104115 5 0.02106149957877001
1101 0.24708429674905136 0.18645511832951644 10 0.024378352023403216
1102 0.09707054862912667 0.3693277609166675 5 0.02106149957877001
1102 0.24701833400708298 0.186997494871345 10 0.024378352023403216
1103 0.09691840127321005 0.3698589404560419 5 0.021070375052675935
1103 0.24694747864721575 0.18723813124073294 10 0.0243842965130456
1104 0.0968857322965329 0.3695625159323736 5 0.021070375052675935
1104 0.24685123455656072 0.1878347515109598 10 0.0243842965130456
1105 0.09667287558524243 0.36994376123550843 5 0.021079258010118042
1105 0.24680267242989218 0.1880344819701167 10 0.024390243902439025
1106 0.09655161404228228 0.3703091609857675 5 0.02108814846056516
1106 0.2465959394474105 0.18858454982893733 10 0.024390243902439025
1107 0.09641073188525698 0.36981741268939367 5 0.02108814846056516
1107 0.24651566584937118 0.1887965181429373 10 0.02439619419370578
1108 0.0962535130652025 0.37016710444041206 5 0.02109704641350211
1108 0.24644150954285848 0.18898776909832743 10 0.02440214738897023
1109 0.0961044133415742 0.37054042346229016 5 0.021105951878429716
1109 0.24631581117534734 0.18954026716528186 10 0.02440214738897023
1110 0.09584811838070811 0.3701004636303809 5 0.021105951878429716
1110 0.24621386286088964 0.18979843731984278 10 0.024408103490358796
1111 0.09570145936411298 0.37053303871961385 5 0.021114864864864864
1111 0.24606267581412 0.19010154215532937 10 0.0244140625
1112 0.09611770655056268 0.3709319227332395 5 0.021123785382340513
1112 0.2456041836773864 0.1908923879953513 10 0.0244140625
1113 0.096165741023889 0.3705002690852225 5 0.021123785382340513
1113 0.2454297276790946 0.19120018294165214 10 0.02442002442002442
1114 0.09602787684028485 0.3709066593035736 5 0.021132713440405747
1114 0.24532343795848707 0.19145903634852732 10 0.024425989252564728
1115 0.09588627414025888 0.3713121394244518 5 0.021141649048625793
1115 0.24523422967846872 0.19171085082952874 10 0.02443195699975568
1116 0.09515108545900897 0.37091786992274556 5 0.021141649048625793
1116 0.24531550809883357 0.19216073981980925 10 0.02443195699975568
1117 0.09493149307664431 0.3713240964517145 5 0.021150592216582064
1117 0.24527259776146018 0.19238741438821955 10 0.02443792766373411
1118 0.09486398798428697 0.37155380446380487 5 0.021159542953872196
1118 0.24520021814915713 0.192575046347106 10 0.024443901246638963
1119 0.09415021712143665 0.37168704311082523 5 0.021168501270110076
1119 0.24552748274849226 0.1925061590739394 10 0.02444987775061125
1120 0.09394830565593623 0.37180143435698826 5 0.021177467174925878
1120 0.2455258499522026 0.19261110098314155 10 0.02445585717779408
1121 0.09387560523111095 0.37192567890829276 5 0.0211864406779661
1121 0.2454377122414005 0.1927735383419913 10 0.02446183953033268
1122 0.09378000807368424 0.37205318899461204 5 0.0211954217888936
1122 0.24536057962950508 0.19293016802023014 10 0.024467824810374354
1123 0.09372754914177171 0.37216994856134955 5 0.021204410517387615
1123 0.24527374375623393 0.19308648265234546 10 0.024473813020068524
1124 0.09362730583204491 0.37230313211709937 5 0.021213406873143825
1124 0.2451926788584001 0.19324826790126376 10 0.02447980416156671
1125 0.09351358439089792 0.37244586820944914 5 0.021222410865874362
1125 0.24510617759621792 0.19341823538033048 10 0.024485798237022526
1126 0.09352141535884656 0.37258711302061065 5 0.021231422505307854
1126 0.24492563847628973 0.19363647262896333 10 0.02449179524859172
1127 0.09343763198368152 0.3727247496479755 5 0.021240441801189464
1127 0.2448341479761121 0.1938067909332562 10 0.024497795198432138
1128 0.09332466027090354 0.3728611784993103 5 0.021249468763280918
1128 0.24476251940502514 0.19396493863152614 10 0.024503798088703746
1129 0.09321265044833774 0.37299890016428183 5 0.021258503401360544
1129 0.24466916338562913 0.1941310548461044 10 0.024509803921568627
1130 0.0935019035821514 0.3731053221353061 5 0.021267545725223307
1130 0.24438095578373803 0.19439652916115327 10 0.024515812699190977
1131 0.09343686993886796 0.3732485765868927 5 0.02127659574468085
1131 0.24426245538550267 0.1945829522067921 10 0.024521824423737126
1132 0.09332841275703666 0.37339670939953495 5 0.021285653469561516
1132 0.2441776798939969 0.19475633339537238 10 0.02452783909737552
1133 0.09321870414853176 0.37355068138525926 5 0.02129471890971039
1133 0.24409598838835794 0.19493274739702815 10 0.02453385672227674
1134 0.09312163340862904 0.37370563275412655 5 0.021303792074989347
1134 0.2440072534741486 0.19511383194207968 10 0.024539877300613498
1135 0.09303772096593267 0.3738590727974855 5 0.021312872975277064
1135 0.2439200918804229 0.19529432720196832 10 0.024545900834560628
1136 0.09295517008863184 0.3740100108612884 5 0.021321961620469083
1136 0.24383966050153688 0.19547028731769855 10 0.024551927326295114
1137 0.0926457750950577 0.37418053090029263 5 0.021331058020477814
1137 0.24384314968481116 0.19559983412266388 10 0.02455795677799607
1138 0.09252803925655065 0.3743310951462794 5 0.021340162185232606
1138 0.24377789843806047 0.19576365738505622 10 0.024563989191844753
1139 0.09244648996264984 0.37447778956128847 5 0.02134927412467976
1139 0.24369904078167837 0.195933628564498 10 0.02457002457002457
1140 0.09235789609933577 0.37462320680947336 5 0.02135839384878257
1140 0.24362329503193142 0.19609963708630057 10 0.02457606291472106
1141 0.0922978588514285 0.37476539495455347 5 0.021367521367521368
1141 0.2435301965235465 0.1962723400999627 10 0.024582104228121928
1142 0.09221166777988432 0.37491555960971074 5 0.021376656690893545
1142 0.24344793094299905 0.19644401168370101 10 0.024588148512417012
1143 0.09212065804118791 0.3750732170362977 5 0.0213857998289136
1143 0.24336485035367036 0.19662141894488674 10 0.024594195769798325
1144 0.09207996728267479 0.37523364673477577 5 0.021394950791613177
1144 0.24326171976542726 0.19681494713539602 10 0.024600246002460024
1145 0.09200051027668751 0.37539411232890324 5 0.021404109589041095
1145 0.24317326046574514 0.19699778873870524 10 0.024606299212598423
1146 0.09191458915028107 0.37555289930279667 5 0.021413276231263382
1146 0.24308891035363805 0.19717622428483464 10 0.02461235540241201
1147 0.09182882772414089 0.37571145181898974 5 0.021422450728363324
1147 0.24300432602766694 0.1973539358273916 10 0.024618414574101424
1148 0.09176259771732323 0.3758697613055096 5 0.02143163309044149
1148 0.24291079341639912 0.19753668372580896 10 0.02462447672986949
1149 0.09168177849920525 0.37602937674281856 5 0.02144082332761578
1149 0.2428238538510814 0.1977157154898382 10 0.024630541871921183
1150 0.09160199955927353 0.37618853360800364 5 0.021450021450021447
1150 0.24273582013866904 0.19789419879897224 10 0.024636610002463658
1151 0.09162173899449995 0.3763380608233938 5 0.02145922746781116
1151 0.24261544315008812 0.19808923372129514 10 0.02464268112370626
1152 0.09155507752984884 0.3764982543877478 5 0.021468441391155002
1152 0.2425209343919878 0.19827111282255933 10 0.024648755237860486
1153 0.09147750187717618 0.3766583537772038 5 0.02147766323024055
1153 0.24243236537614998 0.19844876258374045 10 0.024654832347140037
1154 0.09140808482527238 0.3768142450363822 5 0.021486892995272882
1154 0.24234297012465258 0.1986237870069445 10 0.02466091245376079
1155 0.0913598321672388 0.3769645982747132 5 0.021496130696474634
1155 0.24223797465927172 0.19880152816385008 10 0.024666995559940796
1156 0.09128958495674441 0.37712449313398366 5 0.021505376344086023
1156 0.24214688110220312 0.19897914821440726 10 0.02467308166790032
1157 0.09121834789932344 0.37729279544789773 5 0.021514629948364887
1157 0.24205746281433088 0.19916275603201414 10 0.024679170779861793
1158 0.09114162105047541 0.3774633145442182 5 0.02152389151958674
1158 0.2419808162213787 0.19934365566417053 10 0.024685262898049863
1159 0.09107550463660934 0.37763206628817325 5 0.021533161068044787
1159 0.24189344858949932 0.19952712641517428 10 0.024691358024691357
1160 0.09100880947386883 0.37780203546756874 5 0.021542438604049977
1160 0.241802474710672 0.19971210839434733 10 0.02469745616201531
1161 0.09094138453181319 0.37797596868497546 5 0.021551724137931036
1161 0.2417092505301323 0.19990019611981277 10 0.024703557312252964
1162 0.09096747980347474 0.3781461404743019 5 0.021561017680034496
1162 0.2415865524607627 0.2001076515982541 10 0.024709661477637753
1163 0.09092404480120188 0.3783198807887634 5 0.02157031924072476
1163 0.2414881186573722 0.20029942596467282 10 0.024715768660405337
1164 0.09087210528771127 0.378491830631798 5 0.021579628830384116
1164 0.24139618628152082 0.20048586427566173 10 0.024721878862793572
1165 0.0908210784495746 0.3786670378399183 5 0.02158894645941278
1165 0.2413058405738505 0.20067388460071647 10 0.02472799208704253
1166 0.09066184329634246 0.37885627901598207 5 0.02159827213822894
1166 0.24125487413817076 0.20084486358601034 10 0.02473410833539451
1167 0.09060467116772528 0.37903154606299677 5 0.021607605877268798
1167 0.24117198403995319 0.20102868370940205 10 0.02474022761009401
1168 0.09056860630652101 0.37920173417911396 5 0.021616947686986597
1168 0.2410824667878594 0.20121303372879146 10 0.024746349913387772
1169 0.09051004995345259 0.37937179650725966 5 0.02162629757785467
1169 0.24100274145938308 0.2013907209440307 10 0.024752475247524754
1170 0.09047745756983377 0.3795372740205205 5 0.021635655560363478
1170 0.24091693797016664 0.20157022805625285 10 0.024758603614756125
1171 0.09044115242391239 0.3797075522439681 5 0.021645021645021644
1171 0.24082769234204085 0.20175340388859167 10 0.024764735017335313
1172 0.09040335735409309 0.37988642116587823 5 0.021654395842355997
1172 0.24073344923638157 0.20194397858721716 10 0.024770869457517955
1173 0.09049689290525595 0.3800629277611537 5 0.02166377816291161
1173 0.2405946692850224 0.20216439383299029 10 0.024777006937561942
1174 0.09048838314819004 0.3802406327855547 5 0.02167316861725184
1174 0.24049325140074723 0.2023590563733797 10 0.024783147459727387
1175 0.09046325304024216 0.38041046453890776 5 0.02168256721595837
1175 0.24040349340857547 0.20254127654661835 10 0.024789291026276646
1176 0.09037473799923011 0.3805837403015529 5 0.021691973969631236
1176 0.24033635309684698 0.20270973735338385 10 0.024795437639474335
1177 0.09034371854430491 0.38075262771453405 5 0.021701388888888888
1177 0.24025033141353705 0.20288819549856923 10 0.0248015873015873
1178 0.09032390695421132 0.3809238131177427 5 0.021710811984368215
1178 0.24015883127941923 0.20307094004612095 10 0.024807740014884644
1179 0.09030576665138063 0.3810973924304294 5 0.021720243266724587
1179 0.24006746353692482 0.2032551836045315 10 0.02481389578163772
1180 0.0902890651898885 0.38127286139442973 5 0.021729682746631895
1180 0.23998078857780253 0.20343895315052835 10 0.024820054604120127
1181 0.09027217886178382 0.3814481189281943 5 0.021739130434782608
1181 0.2398891864250292 0.20362297295437007 10 0.024826216484607744
1182 0.09025248639168232 0.3816255426507361 5 0.021748586341887775
1182 0.23979556451739148 0.20380731217231096 10 0.02483238142537869
1183 0.0902817121640541 0.3818003033715328 5 0.02175805047867711
1183 0.23968435413367023 0.2040011394758369 10 0.02483854942871336
1184 0.09027035661060047 0.3819791206642269 5 0.021767522855899
1184 0.2395882300317791 0.20418739104024053 10 0.024844720496894408
1185 0.09025643294167003 0.38215914242370597 5 0.021777003484320556
1185 0.23949520084900788 0.2043726977881904 10 0.024850894632206758
1186 0.09024267465301329 0.38234243179097316 5 0.02178649237472767
1186 0.2394028843209127 0.20455967247437537 10 0.024857071836937607
1187 0.09017868737353409 0.3825325952315139 5 0.021795989537925022
1187 0.2393295307425926 0.20473869296610134 10 0.024863252113376425
1188 0.09016720447823051 0.3827131198297043 5 0.021805494984736152
1188 0.23924079724900765 0.2049218976164616 10 0.02486943546381497
1189 0.09015840191167554 0.38289470821001415 5 0.02181500872600349
1189 0.2391468754188079 0.20510734963151597 10 0.024875621890547265
1190 0.09014934846233244 0.3830832099566863 5 0.021824530772588387
1190 0.23904918688964308 0.20529835460350462 10 0.02488181139586962
1191 0.0902546024317052 0.38327156571868715 5 0.021834061135371178
1191 0.2389119540435145 0.2055156677979742 10 0.024888003982080638
1192 0.09027408102082549 0.3834598583474386 5 0.021843599825251202
1192 0.2388069470117149 0.20571132639184544 10 0.0248941996514812
1193 0.09029751034920273 0.3836366459334496 5 0.021853146853146852
1193 0.2387056945681442 0.20590544869365984 10 0.0249003984063745
1194 0.09040813856851616 0.38379571513020655 5 0.021862702229995624
1194 0.2385921454678667 0.20611755460992529 10 0.024906600249066
1195 0.09087113075656127 0.38396864990465973 5 0.021872265966754154
1195 0.23829294470668277 0.20677132226419187 10 0.024906600249066
1196 0.0910702049448559 0.38415718408189936 5 0.02188183807439825
1196 0.23815101839047575 0.20702279779870994 10 0.024912805181863475
1197 0.09121502317602097 0.38440773293623004 5 0.021891418563922942
1197 0.2380293071175695 0.20730360160378575 10 0.024919013207076998
1198 0.09130431265258572 0.38477445499227064 5 0.02190100744634253
1198 0.23797879920339401 0.20763508408865533 10 0.02492522432701894
1199 0.09141736736171197 0.3841979686196112 5 0.02190100744634253
1199 0.23785668843693256 0.20794601942021304 10 0.024931438544003988
1200 0.09165879484382197 0.384465329617993 5 0.02191060473269062
1200 0.23772512706128937 0.20824884175975428 10 0.02493765586034913
1201 0.09191457112462173 0.3847991440720024 5 0.021920210434020166
1201 0.23761243563520903 0.20858944835027232 10 0.024943876278373658
1202 0.09222512854875588 0.3849998255881078 5 0.021929824561403508
1202 0.23749729006714518 0.20884617575216885 10 0.0249500998003992
1203 0.09248756781505392 0.38514803222600824 5 0.021939447125932425
1203 0.23739089618803821 0.20905800750262693 10 0.024956326428749686
1204 0.09272294230025153 0.38540486695022624 5 0.021949078138718173
1204 0.2372663196959754 0.20934098150392363 10 0.02496255616575137
1205 0.09315012963425362 0.385810644424756 5 0.021958717610891524
1205 0.23708558440402255 0.20977144531094377 10 0.024968789013732832
1206 0.09355279394264518 0.3859562643600695 5 0.02196836555360281
1206 0.23691042983053096 0.21040938686890742 10 0.024968789013732832
1207 0.09381717768955229 0.3851250749466553 5 0.02196836555360281
1207 0.2368065242761764 0.2105925731859152 10 0.024975024975024972
1208 0.09408920947870655 0.3851604291635348 5 0.02197802197802198
1208 0.23670364180881168 0.21077137310422628 10 0.02498126405196103
1209 0.09452209297573134 0.38527597446799083 5 0.021987686895338608
1209 0.2365650192760905 0.2110281807816165 10 0.02498750624687656
1210 0.09490924637047245 0.3853115097716914 5 0.02199736031676199
1210 0.23640093425607095 0.21158207050621664 10 0.02498750624687656
1211 0.09514264312281032 0.38438790499215464 5 0.02199736031676199
1211 0.23630386649308374 0.2117017418129959 10 0.02499375156210947
1212 0.09548393138124164 0.3842659806891787 5 0.022007042253521125
1212 0.23620327797594184 0.2117843507371726 10 0.025
1213 0.09577506539190302 0.38416787362602356 5 0.022016732716864815
1213 0.23611532509782518 0.21187121324802147 10 0.02500625156289072
1214 0.09605251293492008 0.38403371732031055 5 0.022026431718061675
1214 0.23595163359933896 0.2122921175262721 10 0.02500625156289072
1215 0.09619007718403236 0.38291790784019547 5 0.022026431718061675
1215 0.23589867256777902 0.21227009125488006 10 0.02501250625312656
1216 0.09640094538930388 0.38253124456921783 5 0.022036139268400177
1216 0.23585280227545696 0.2121613313848932 10 0.025018764073054787
1217 0.09654364910599947 0.38226541421692783 5 0.02204585537918871
1217 0.23580521923229555 0.21212112085502527 10 0.025025025025025023
1218 0.09629851992765824 0.3811558702590845 5 0.02204585537918871
1218 0.23566013136704195 0.2124611069271634 10 0.025025025025025023
1219 0.09617078166155166 0.3808428026131066 5 0.022055580061755623
1219 0.23558181456117383 0.212400144546731 10 0.025031289111389236
1220 0.09596511599573686 0.3804210031645185 5 0.022065313327449248
1220 0.23544645430462885 0.21262589852494385 10 0.025031289111389236
1221 0.09564406481208393 0.3792244274926146 5 0.022065313327449248
1221 0.23537663094047606 0.2125443411421005 10 0.02503755633450175
1222 0.09549918492522362 0.3789640809723698 5 0.02207505518763797
1222 0.23529834322509288 0.21251668032408305 10 0.025043826696719257
1223 0.09537569163678668 0.3787182214563717 5 0.022084805653710248
1223 0.2350872818792523 0.212861921682991 10 0.025043826696719257
1224 0.09518300626977028 0.3776564265180469 5 0.022084805653710248
1224 0.23500017340800436 0.21286989407241608 10 0.0250501002004008
1225 0.09507668808141076 0.37746962495199765 5 0.02209456473707468
1225 0.2349098034356895 0.2128948759380045 10 0.02505637684790779
1226 0.09495342745882138 0.37643633637611995 5 0.02209456473707468
1226 0.23476048882327083 0.21327461959400945 10 0.02505637684790779
1227 0.09487302000918726 0.37626524357334246 5 0.022104332449160033
1227 0.23466692696800018 0.21331205687848379 10 0.02506265664160401
1228 0.09480555917997323 0.37609866893352967 5 0.0221141088014153
1228 0.23452568618214958 0.21371093643609435 10 0.02506265664160401
1229 0.09471484195139082 0.3750622728288705 5 0.0221141088014153
1229 0.2344349139540715 0.21373826965513723 10 0.0250689395838556
1230 0.09482191699454232 0.37479916137906233 5 0.022123893805309734
1230 0.23432657548180935 0.2137527797250999 10 0.025075225677031094
1231 0.09486117080009934 0.37458070835054225 5 0.02213368747233289
1231 0.2341945638837759 0.21413534017548272 10 0.025075225677031094
1232 0.09475943610507549 0.3735369333315875 5 0.02213368747233289
1232 0.2341110799607417 0.21417076514423306 10 0.025081514923501375
1233 0.09479695509251299 0.3733112671012946 5 0.022143489813994683
1233 0.23398944186957288 0.21454524800677904 10 0.025081514923501375
1234 0.0946142828511259 0.37221559640175383 5 0.022143489813994683
1234 0.23399973525796486 0.21450081628388293 10 0.025087807325639738
1235 0.09460874239518323 0.37198573468742124 5 0.02215330084182543
1235 0.23393200231790368 0.21450898351196335 10 0.025094102885821833
1236 0.09464503918749498 0.37178341452011837 5 0.022163120567375884
1236 0.23379120789165686 0.2148993674418091 10 0.025094102885821833
1237 0.09466824395909978 0.37074110075545846 5 0.022163120567375884
1237 0.23369260211038867 0.21493753782653452 10 0.0251004016064257
1238 0.09490336458104816 0.3705114070719272 5 0.022172949002217297
1238 0.23347984873780137 0.21535468287724133 10 0.0251004016064257
1239 0.09490198806207556 0.36945709454765085 5 0.022172949002217297
1239 0.23337031711027884 0.21538921350118478 10 0.025106703489831784
1240 0.09495317062574318 0.3692303625547465 5 0.022182786157941437
1240 0.23327799572058422 0.21540853948027228 10 0.0251130085384229
1241 0.09487476937911894 0.36815215810164514 5 0.022182786157941437
1241 0.23317347694179857 0.21575298751684974 10 0.0251130085384229
1242 0.09495983296112598 0.36795271140223473 5 0.022192632046160673
1242 0.23308614303664568 0.21578512507676972 10 0.025119316754584273
1243 0.09507359417969626 0.3677763288737638 5 0.02220248667850799
1243 0.23298907561782176 0.21583632814304346 10 0.02512562814070352
1244 0.09515767437940222 0.3667620559721179 5 0.02220248667850799
1244 0.23284911700753624 0.21624169430512225 10 0.02512562814070352
1245 0.09507180505695781 0.36658444640089666 5 0.02221235006663705
1245 0.2328545138305346 0.21623887694928517 10 0.025131942699170642
1246 0.0951562550600413 0.36642361806990015 5 0.022222222222222223
1246 0.2327327050615505 0.21664624710884378 10 0.025131942699170642
1247 0.09523648246384767 0.3654713771276895 5 0.022222222222222223
1247 0.2326260988792483 0.2167358621719778 10 0.02513826043237808
1248 0.09545762847365694 0.3654013811175826 5 0.022232103156958647
1248 0.2325084072909677 0.21686546005882773 10 0.02514458134272064
1249 0.09568271202366527 0.36445828467346764 5 0.022232103156958647
1249 0.23235726622927713 0.21731986606346823 10 0.02514458134272064
1250 0.09580524747957606 0.3643382980588402 5 0.022241992882562275
1250 0.23225143942577092 0.21740457819815232 10 0.02515090543259557
1251 0.09594402273062402 0.3642465617783532 5 0.022251891410769914
1251 0.23212665672807056 0.21751276868563146 10 0.025157232704402517
1252 0.09642901574484147 0.3633533586797599 5 0.022251891410769914
1252 0.2318002779165406 0.2180872605573872 10 0.025157232704402517
1253 0.09665238576718253 0.36327499148340003 5 0.02226179875333927
1253 0.23165151044771162 0.21821818989388436 10 0.02516356316054353
1254 0.0968369508359573 0.36319239952129523 5 0.022271714922048998
1254 0.23152662290167053 0.2186791794966975 10 0.02516356316054353
1255 0.09694067100217695 0.36228260225625186 5 0.022271714922048998
1255 0.2314398971731458 0.21878004967791082 10 0.025169896803423106
1256 0.09713647912959537 0.36220479925334575 5 0.022281639928698752
1256 0.23133530661396168 0.21888068393498003 10 0.025176233635448134
1257 0.09732706043617856 0.3621137970316834 5 0.022291573785109226
1257 0.23123168931098995 0.21897199080629964 10 0.02518257365902795
1258 0.09739739107449563 0.36115917718564994 5 0.022291573785109226
1258 0.23111059539413414 0.219416689712425 10 0.02518257365902795
1259 0.09683558266996761 0.3611277307609527 5 0.02230151650312221
1259 0.23136379098944954 0.21935572374407655 10 0.02518891687657431
1260 0.09688549339261297 0.3610380244821873 5 0.022311468094600623
1260 0.2313296160106099 0.21940872298796243 10 0.025195263290501382
1261 0.09695987597919359 0.3600715653139005 5 0.022311468094600623
1261 0.23117546474603498 0.21984995999083398 10 0.025195263290501382
1262 0.0971306999951745 0.3600069149659614 5 0.022321428571428572
1262 0.23106689852441392 0.21994675451164158 10 0.025201612903225805
1263 0.09741843223604693 0.35998854441327277 5 0.022331397945511387
1263 0.23093818623208495 0.2200870613845997 10 0.02520796571716662
1264 0.09761964080487442 0.3590736075628643 5 0.022331397945511387
1264 0.23077387647398373 0.22056156362909923 10 0.02520796571716662
1265 0.09783844016402059 0.35900766378031074 5 0.022341376228775692
1265 0.2306328203865752 0.22067151695535453 10 0.025214321734745335
1266 0.09857231299381786 0.35897957252231943 5 0.022351363433169423
1266 0.23028257795944224 0.22090681426413297 10 0.025220680958385876
1267 0.0988305245671662 0.3589722927205288 5 0.022361359570661894
1267 0.2301279837552465 0.22104455946094587 10 0.02522704339051463
1268 0.09886845522691803 0.3580629725849135 5 0.022361359570661894
1268 0.23003525090566806 0.2214968339951529 10 0.02522704339051463
1269 0.09904095904560176 0.35799434864669666 5 0.02237136465324385
1269 0.2299076601100433 0.22158586407083974 10 0.025233409033560434
1270 0.09971972006985899 0.3578918893235862 5 0.022381378692927483
1270 0.2295022644683717 0.22178817366773135 10 0.025239777889954566
1271 0.09990590616358867 0.3578050586841564 5 0.022391401701746527
1271 0.22934550110929922 0.2218744609331797 10 0.025246149962130773
1272 0.09988523850704555 0.3568314721984102 5 0.022391401701746527
1272 0.22923443859285908 0.22227470759842025 10 0.025246149962130773
1273 0.09977234344572017 0.3567033030299104 5 0.022401433691756272
1273 0.22923594192241512 0.2222599641880661 10 0.025252525252525252
1274 0.09980952536862678 0.35660508304084637 5 0.022411474675033616
1274 0.229169116525438 0.22229757784553664 10 0.02525890376357666
1275 0.09989652985712819 0.3565384124669204 5 0.02242152466367713
1275 0.22908596330507214 0.22236304644486285 10 0.025265285497726123
1276 0.0998665577028948 0.35648116743165936 5 0.022431583669807086
1276 0.2290577650184884 0.22275428848982165 10 0.025265285497726123
1277 0.0998504420288798 0.3555713051506203 5 0.022431583669807086
1277 0.22898661046081825 0.22283245241796878 10 0.025271670457417232
1278 0.0999715280375538 0.355581711770809 5 0.02244165170556553
1278 0.22888595482622484 0.22294200648979637 10 0.025278058645096056
1279 0.1000983090022377 0.355610044703378 5 0.022451728783116298
1279 0.2287794202977688 0.2230606448583583 10 0.025284450063211124
1280 0.10033977706337438 0.3556378763690013 5 0.0224618149146451
1280 0.22861194460911594 0.22320706432962 10 0.025290844714213452
1281 0.10047139808164798 0.35566183378109045 5 0.02247191011235955
1281 0.22846417027982452 0.2236781285849993 10 0.025290844714213452
1282 0.10045796598387838 0.35481746475316456 5 0.02247191011235955
1282 0.228362454256748 0.22378775238872667 10 0.02529724260055654
1283 0.10057000764470563 0.3548528519290622 5 0.022482014388489208
1283 0.2282563922973407 0.22390400719055256 10 0.025303643724696352
1284 0.1007543541142201 0.3549013787388189 5 0.022492127755285647
1284 0.2281241295431983 0.2240414361448452 10 0.025310048089091368
1285 0.10087707811982145 0.35493123462935167 5 0.022502250225022502
1285 0.22801616921711151 0.22415489842160435 10 0.02531645569620253
1286 0.10098133663274975 0.3549302844734595 5 0.022512381809995496
1286 0.22791768935249984 0.22424703594536827 10 0.02532286654849329
1287 0.10094922525178811 0.35403598187393653 5 0.022512381809995496
1287 0.22783349659637517 0.22467663096044638 10 0.02532286654849329
1288 0.10106403831772082 0.3539893585879988 5 0.02252252252252252
1288 0.22773065648855387 0.22474642730889088 10 0.025329280648429583
1289 0.10115599183304733 0.35393837222522373 5 0.022532672374943667
1289 0.22763879800057035 0.2248083027759547 10 0.025335697998479855
1290 0.10121470747147816 0.3538628740536589 5 0.022542831379621278
1290 0.22754334170264676 0.22485512192028784 10 0.02534211860111505
1291 0.10131433996296935 0.3537483606776427 5 0.02255299954894001
1291 0.22741200440304743 0.22489569687780686 10 0.025348542458808618
1292 0.10136236922956295 0.3536789336499203 5 0.022563176895306857
1292 0.227289285086145 0.22529872244770832 10 0.025348542458808618
1293 0.10140479929337345 0.3527657844289371 5 0.022563176895306857
1293 0.2271922060288985 0.22536215834329906 10 0.025354969574036507
1294 0.10148036152529602 0.3527132865568713 5 0.022573363431151242
1294 0.22709705302440608 0.2254211860350465 10 0.025361399949277198
1295 0.101575306333377 0.3526267722220408 5 0.022583559168925023
1295 0.22699692116399475 0.22546607297173765 10 0.025367833587011668
1296 0.10163835278582674 0.3525756867699975 5 0.022593764121102575
1296 0.2269009845735659 0.22552407168727764 10 0.02537427048972342
1297 0.10172352113031295 0.3525610597501324 5 0.02260397830018083
1297 0.22676825722186003 0.2259575862276467 10 0.02537427048972342
1298 0.10172606046811536 0.3516992754455693 5 0.02260397830018083
1298 0.22669547981282498 0.22604407419459113 10 0.025380710659898477
1299 0.10183510174576764 0.3517064924366363 5 0.02261420171867933
1299 0.2265990673008032 0.22613713092059187 10 0.025387154100025386
1300 0.1019328678547586 0.35172746469769345 5 0.02262443438914027
1300 0.22652076587283193 0.22623319847937678 10 0.025393600812595226
1301 0.10100364128174996 0.35181485675218666 5 0.022634676324128564
1301 0.22694058268925246 0.2261221508498989 10 0.025400050800101596
1302 0.10095346881316133 0.35193591279112624 5 0.022644927536231884
1302 0.2269363017213315 0.22621754987347725 10 0.02540650406504065
1303 0.10113157516045324 0.35202330004673976 5 0.022655188038060714
1303 0.22682195593554505 0.22634170122052258 10 0.025412960609911054
1304 0.10123112212255987 0.3519987299939915 5 0.02266545784224841
1304 0.22668450685473646 0.22674678834166917 10 0.025412960609911054
1305 0.10111241277924243 0.3518840577222254 5 0.022675736961451247
1305 0.22668979968484596 0.22670422730536005 10 0.02541942043721403
1306 0.10113407589798176 0.3518523322731989 5 0.022686025408348458
1306 0.22661973522135428 0.22673859415724312 10 0.025425883549453344
1307 0.10121964725184548 0.3518842335469822 5 0.022696323195642305
1307 0.22652016448712464 0.22682079508170117 10 0.025432349949135298
1308 0.10131986918391903 0.35189991174469903 5 0.022706630336058128
1308 0.22640090225457277 0.22690170358776257 10 0.025438819638768758
1309 0.10169776173007841 0.3509756222568063 5 0.022706630336058128
1309 0.22606656615180767 0.22704440017036737 10 0.02544529262086514
1310 0.10184283734400972 0.35096300195206814 5 0.022716946842344387
1310 0.22592297132129563 0.2271212431802528 10 0.025451768897938404
1311 0.10194865679344634 0.3509350972474564 5 0.022727272727272728
1311 0.2258208562289187 0.2271746050972455 10 0.02545824847250509
1312 0.10222754500865064 0.350845363814571 5 0.022737608003638016
1312 0.2256171858716863 0.2272414984537546 10 0.025464731347084286
1313 0.10233935485718812 0.35081952420853474 5 0.022747952684258416
1313 0.22550924965593225 0.2272975552663042 10 0.025471217524197655
1314 0.10245737320312445 0.3509021424583102 5 0.02275830678197542
1314 0.2254202889004618 0.22739676104325296 10 0.025477707006369428
1315 0.1026720062404427 0.35105001433997735 5 0.022768670309653915
1315 0.22528741611274028 0.22754412723525247 10 0.0254841997961264
1316 0.10352056955824529 0.35117764334148865 5 0.022779043280182234
1316 0.22486565637532788 0.22782642982990856 10 0.02549069589599796
1317 0.10379479862028015 0.3513769997976858 5 0.022789425706472195
1317 0.22468637264787544 0.22801700867223884 10 0.02549719530851606
1318 0.10396299502109316 0.351643371433056 5 0.022799817601459188
1318 0.2245655315142364 0.22821263232006306 10 0.02550369803621525
1319 0.10414829756300362 0.3519902840400633 5 0.02281021897810219
1319 0.22444693728187032 0.2284486403375238 10 0.025510204081632654
1320 0.10434957091179908 0.35227741761702874 5 0.02282062984938384
1320 0.2243295111611196 0.22865661834996032 10 0.025516713447307986
1321 0.10451200452216532 0.35250957065140354 5 0.0228310502283105
1321 0.22418845349879604 0.22918401730958346 10 0.025516713447307986
1322 0.1046559577715013 0.3527416697612063 5 0.02284148012791229
1322 0.22408103700066392 0.22935549511948375 10 0.02552322613578356
1323 0.10482547781715787 0.35302345567288607 5 0.022851919561243144
1323 0.22397341710098834 0.22955441589328024 10 0.025529742149604285
1324 0.10478195380830801 0.3525171533159862 5 0.022851919561243144
1324 0.22395960845724003 0.2297518532554718 10 0.025536261491317668
1325 0.10496293657762393 0.352807027317973 5 0.022862368541380886
1325 0.22387335476043044 0.22995012755585567 10 0.02554278416347382
1326 0.10508613957843047 0.3530177665658879 5 0.022872827081427263
1326 0.2238219548483972 0.23009800272429218 10 0.025549310168625446
1327 0.10524947553298887 0.3531703069603286 5 0.02288329519450801
1327 0.22374569825222462 0.23023070491555847 10 0.025555839509327882
1328 0.10542452410589549 0.35331170246202764 5 0.022893772893772892
1328 0.22366136014908222 0.23036117078456003 10 0.025562372188139056
1329 0.10559299893805943 0.3534346736280496 5 0.022904260192395786
1329 0.22357988076214616 0.23048117952242925 10 0.025568908207619534
1330 0.10571522008388745 0.3535446582494444 5 0.022914757103574702
1330 0.22350557450946326 0.23058764017584701 10 0.02557544757033248
1331 0.10587121040161603 0.3536660918581285 5 0.022925263640531865
1331 0.22342376761300256 0.23070524966777123 10 0.02558199027884369
1332 0.10604166733185409 0.3538004082091098 5 0.022935779816513763
1332 0.22333896415322735 0.2308313863825835 10 0.025588536335721595
1333 0.10621566857381277 0.353931454914669 5 0.02294630564479119
1333 0.22325436907482174 0.2309562472656009 10 0.02559508574353724
1334 0.10638205508816319 0.35404503416541416 5 0.02295684113865932
1334 0.22316816656185354 0.23107219821043926 10 0.02560163850486431
1335 0.1066170556388268 0.35413526139930734 5 0.022967386311437757
1335 0.22304096051649158 0.2311943302225498 10 0.02560819462227913
1336 0.10677996707551549 0.35424614474458793 5 0.022977941176470586
1336 0.22294949227962008 0.23130936360253723 10 0.025614754098360653
1337 0.10689409765612504 0.35437338118481443 5 0.022988505747126436
1337 0.22288600941151468 0.23141966655692134 10 0.025621316935690495
1338 0.10704823617252128 0.3545031985477954 5 0.022999080036798528
1338 0.2228003859385043 0.23154195834052693 10 0.025627883136852894
1339 0.10720367429918778 0.3546278544672256 5 0.023009664058904738
1339 0.22270677823453688 0.23166554993188013 10 0.02563445270443476
1340 0.1073660160986873 0.3547629902823587 5 0.023020257826887658
1340 0.22261289207494853 0.23179485740391984 10 0.02564102564102564
1341 0.10750452153263698 0.3549126964986755 5 0.023030861354214647
1341 0.22253507833650404 0.23192441574223435 10 0.025647601949217745
1342 0.10767001277786763 0.3550494141486812 5 0.02304147465437788
1342 0.22244492057764628 0.23205366809375416 10 0.02565418163160595
1343 0.10784130783222023 0.3551967822028528 5 0.02305209774089442
1343 0.22234794668729263 0.23219023827948213 10 0.025660764690787784
1344 0.1080325951366908 0.3553876126692163 5 0.023062730627306273
1344 0.22224366338041052 0.2323513076095846 10 0.02566735112936345
1345 0.10831344072106334 0.35563501375946116 5 0.023073373327180433
1345 0.22212389917515826 0.23255281615087142 10 0.025673940949935817
1346 0.10860555918803519 0.35595915437272657 5 0.023084025854108955
1346 0.22198145294005495 0.23279694284147062 10 0.025680534155110422
1347 0.1090198624911842 0.3564945739017622 5 0.023094688221709007
1347 0.22179703716448182 0.23316249506746645 10 0.025687130747495505
1348 0.10985057761542545 0.3573180690541986 5 0.02310536044362292
1348 0.22154845564603498 0.233720568211971 10 0.02569373072970195
1349 0.11040223382180528 0.35788748629580397 5 0.02311604253351826
1349 0.22135605583049772 0.2341121908109244 10 0.025700334104343355
1350 0.11108375131354206 0.358377828220598 5 0.02312673450508788
1350 0.22121978467136533 0.23447139415993962 10 0.02570694087403599
1351 0.11241145413249701 0.35916083343153976 5 0.023137436372049975
1351 0.2211393578114053 0.23502082387419607 10 0.025713551041398816
1352 0.11442970121470353 0.36047576164286005 5 0.023148148148148147
1352 0.22096039240379622 0.235897475213652 10 0.0257201646090535
1353 0.11601600033713795 0.36137493241268065 5 0.02315886984715146
1353 0.22089874074100976 0.23649830683866102 10 0.025726781579624387
1354 0.11726211326081312 0.36188869325237255 5 0.023169601482854494
1354 0.22090932437158717 0.23687688135788582 10 0.025733401955738547
1355 0.11843871619066045 0.3623722981898426 5 0.02318034306907742
1355 0.22091147629310037 0.2372398563216364 10 0.02574002574002574
1356 0.120220016428023 0.36316707095180834 5 0.023191094619666047
1356 0.22079610926101875 0.2378251816334395 10 0.025746652935118432
1357 0.12156750853234222 0.36373604347498584 5 0.02320185614849188
1357 0.22079965160097953 0.23822486128075773 10 0.025753283543651816
1358 0.12280769426348614 0.36422528521723974 5 0.02321262766945218
1358 0.22082325403181374 0.2385675069958979 10 0.02575991756826378
1359 0.12421772959867965 0.36499301017859687 5 0.023223409196470042
1359 0.22080076568307178 0.23904953056666195 10 0.025766555011594947
1360 0.12628997859426155 0.3661573520304448 5 0.023234200743494422
1360 0.22069201882436387 0.23977301368247286 10 0.02577319587628866
1361 0.12804702257741113 0.36717266531666126 5 0.02324500232450023
1361 0.2206424326962182 0.2403822214783886 10 0.025779840164990974
1362 0.12998857740855793 0.3681590711740699 5 0.023255813953488372
1362 0.22069100054782637 0.24095202698214252 10 0.025786487880350695
1363 0.13269465138819106 0.36935865787016287 5 0.023266635644485806
1363 0.2209012845526644 0.2415936032796898 10 0.02579313902501934
1364 0.13497969309437766 0.3702320643205966 5 0.023277467411545624
1364 0.22113205085047194 0.24204477811793343 10 0.025799793601651185
1365 0.13699002521275228 0.37077596417945635 5 0.023288309268747087
1365 0.2213867484843 0.24232806246492028 10 0.025806451612903226
1366 0.13901750606408367 0.37137540166919286 5 0.023299161230195712
1366 0.22162557700695135 0.24263398100180372 10 0.025813113061435206
1367 0.14156753926881446 0.37242610609596644 5 0.023310023310023312
1367 0.2217712302460119 0.24317384763953925 10 0.02581977794990963
1368 0.14385139019732276 0.3731795622057749 5 0.023320895522388058
1368 0.2220515300896309 0.2435187916138028 10 0.025826446280991733
1369 0.14593205899275757 0.37372867382813585 5 0.02333177788147457
1369 0.22237747265274402 0.2437462680784342 10 0.02583311805734952
1370 0.14813167194640975 0.3744714188620391 5 0.023342670401493928
1370 0.22267550210524076 0.24405258184929032 10 0.025839793281653745
1371 0.15087995707384866 0.3757159096985269 5 0.02335357309668379
1371 0.22298397185575247 0.2445641464748936 10 0.025846471956577924
1372 0.15334823245347004 0.3766137668121313 5 0.02336448598130841
1372 0.2233360677795408 0.24489549232352742 10 0.025853154084798345
1373 0.15555251253247274 0.3772261726935794 5 0.02337540906965872
1373 0.22370857776899106 0.24509071207512126 10 0.02585983966899405
1374 0.15779433068911 0.3779619734082534 5 0.023386342376052385
1374 0.2240408218382343 0.2453405391037343 10 0.02586652871184687
1375 0.16070349225912245 0.3791787200610027 5 0.02339728591483388
1375 0.22426740399737505 0.24582418287145907 10 0.0258732212160414
1376 0.16333138833236727 0.38023659105673085 5 0.02340823970037453
1376 0.22460127223975088 0.24618646318680412 10 0.02587991718426501
1377 0.1659372131349881 0.38129920022782204 5 0.0234192037470726
1377 0.22496473994018484 0.2465189878543324 10 0.02588661661920787
1378 0.16915944836625577 0.38264296154545663 5 0.023430178069353328
1378 0.2252909362947967 0.24695180306614645 10 0.025893319523562917
1379 0.171786904248322 0.38357690020981783 5 0.02344116268166901
1379 0.22572982220976168 0.24716556727052535 10 0.025900025900025898
1380 0.17397385135696847 0.3841142818071924 5 0.02345215759849906
1380 0.22619796420357807 0.2472150273671379 10 0.025906735751295335
1381 0.17608467113012968 0.38463372189015177 5 0.023463162834350067
1381 0.2266265652471069 0.24727500761985405 10 0.025913449080072554
1382 0.17895136651049917 0.3856548486676966 5 0.023474178403755867
1382 0.22696994033134246 0.24755136023545815 10 0.02592016588906169
1383 0.18140087069177552 0.3863729835146998 5 0.023485204321277594
1383 0.22744260765587737 0.24764712782899342 10 0.025926886180969663
1384 0.1836948223654276 0.3869873257555862 5 0.023496240601503758
1384 0.22794906583010324 0.24767650870807834 10 0.025933609958506222
1385 0.18613023592665032 0.3879079132800052 5 0.023507287259050304
1385 0.22844868475083557 0.24780610914603024 10 0.02594033722438392
1386 0.18926242879128846 0.38944589521752937 5 0.023518344308560674
1386 0.22903042752318087 0.24811094097023562 10 0.025947067981318107
1387 0.19215698576893164 0.39075776794669287 5 0.023529411764705882
1387 0.22960706643029427 0.24832595107522537 10 0.025953802232026993
1388 0.19487582752988772 0.3918779541153463 5 0.023540489642184557
1388 0.23018542600395214 0.24846141961892196 10 0.025960539979231565
1389 0.19774899561749532 0.39307638315427773 5 0.023551577955723033
1389 0.2308417412848552 0.24857547702106403 10 0.025967281225655673
1390 0.20026232168150257 0.3938942453423791 5 0.0235626767200754
1390 0.23147832584337508 0.24855292039195662 10 0.025974025974025976
1391 0.2025451226982859 0.3944885543127292 5 0.02357378595002357
1391 0.23209244594285255 0.24845835965300353 10 0.025980774227071964
1392 0.20498596564452137 0.3953123378418172 5 0.02358490566037736
1392 0.23268735914520086 0.24844488258137049 10 0.025987525987525985
1393 0.20808620358092322 0.396699312734189 5 0.023596035865974516
1393 0.23331257122530175 0.24859500997728107 10 0.02599428125812321
1394 0.21068708766836033 0.3975566909612237 5 0.02360717658168083
1394 0.2339806245949315 0.24853771098497973 10 0.026001040041601663
1395 0.21289511705569858 0.39804553666430054 5 0.02361832782239017
1395 0.23462165613633829 0.24836664525545996 10 0.02600780234070221
1396 0.2151957167604254 0.3987091643584906 5 0.02362948960302457
1396 0.23525577839356204 0.24825455216005485 10 0.026014568158168574
1397 0.2181091838844119 0.39986012268684956 5 0.02364066193853428
1397 0.23600595984713685 0.24823986760268751 10 0.026021337496747333
1398 0.2206341420970622 0.40061470908736957 5 0.023651844843897825
1398 0.2367359724153138 0.2480922045268792 10 0.02602811035918792
1399 0.2229610986252836 0.40109313453261664 5 0.0236630383341221
1399 0.23746782894466448 0.24784403464806193 10 0.026034886748242645
1400 0.22541337710650558 0.40176384790596603 5 0.023674242424242424
1400 0.23820450469091387 0.24765180751813984 10 0.026041666666666668
1401 0.22827135381684074 0.4029688560686047 5 0.023685457129322594
1401 0.23901545638386518 0.24759909857174528 10 0.026048450117218024
1402 0.23118341529128936 0.4040168623685722 5 0.023696682464454975
1402 0.23988538772955387 0.24744669546636247 10 0.026055237102657634
1403 0.23404794741524165 0.405023921038335 5 0.02370791844476055
1403 0.24078380756659 0.24725732195672837 10 0.02606202762574928
1404 0.23716934305090076 0.4061530850432221 5 0.02371916508538899
1404 0.2417748267788749 0.24704427955407268 10 0.026068821689259645
1405 0.2397688138370066 0.4067924721648204 5 0.023730422401518746
1405 0.24266363106292038 0.24671666026609143 10 0.02607561929595828
1406 0.24206214857127706 0.4071545682170125 5 0.023741690408357073
1406 0.24350319384956784 0.24632528870847467 10 0.026082420448617628
1407 0.24457804822109086 0.4077620145638117 5 0.023752969121140142
1407 0.24438710080677278 0.24598923738906206 10 0.026089225150013044
1408 0.24755261710930224 0.40893526442601413 5 0.02376425855513308
1408 0.24528935340207503 0.24582546021277535 10 0.026096033402922752
1409 0.250239496505908 0.4095665405193166 5 0.02377555872563005
1409 0.24628011702226477 0.24542542715660104 10 0.0261028452101279
1410 0.2525827067947489 0.40989721761854014 5 0.023786869647954328
1410 0.2472112678445691 0.24495572640322488 10 0.02610966057441253
1411 0.2550418981234829 0.4104430022338342 5 0.02379819133745835
1411 0.24813041730508698 0.2445583856202916 10 0.02611647949856359
1412 0.25832904789780703 0.4115235869248778 5 0.023809523809523808
1412 0.2492254891233062 0.2447220909760456 10 0.02611647949856359
1413 0.26105801180365806 0.412104186120912 5 0.023820867079561697
1413 0.2502441806780908 0.24425768550696442 10 0.02612330198537095
1414 0.26341231852755254 0.41243118983635696 5 0.023832221163012392
1414 0.25119032695360544 0.24375502273534505 10 0.026130128037627383
1415 0.26589739457708605 0.4129519723159878 5 0.02384358607534573
1415 0.2521594979088428 0.2433041317451779 10 0.026136957658128592
1416 0.26894315356603504 0.4139580195604197 5 0.023854961832061067
1416 0.2532708490143251 0.24293272593874712 10 0.026143790849673203
1417 0.2718310564638301 0.4146814013547312 5 0.02386634844868735
1417 0.2544087568492529 0.24244494122072516 10 0.02615062761506276
1418 0.2745325349687739 0.415269881369707 5 0.02387774594078319
1418 0.2555168225303811 0.24192955278905312 10 0.026157467957101752
1419 0.2772847307903881 0.41601141982278034 5 0.023889154323936932
1419 0.256565600167049 0.24149415495127627 10 0.02616431187859759
1420 0.2797222185419447 0.4163024053702461 5 0.02390057361376673
1420 0.25759616923167117 0.24090421332380027 10 0.026171159382360636
1421 0.2819564746919368 0.41640982535133536 5 0.02391200382592061
1421 0.2585705609613008 0.24027862485508442 10 0.02617801047120419
1422 0.28443745987046015 0.4168191713299544 5 0.023923444976076555
1422 0.2595818116771926 0.23973905408374466 10 0.026184865147944485
1423 0.28742514293398536 0.41771004647358234 5 0.023934897079942556
1423 0.2607229246059852 0.2393008408490937 10 0.02619172341540073
1424 0.29012903640610077 0.41808855678399404 5 0.023946360153256702
1424 0.26190399543535875 0.23865047809439083 10 0.02619858527639507
1425 0.29242918948788377 0.4181553999096687 5 0.02395783421178725
1425 0.2629791480331164 0.23794977468857975 10 0.02620545073375262
1426 0.2948237247719006 0.4183952439602562 5 0.023969319271332692
1426 0.26403660944451146 0.2373215947383615 10 0.02621231979030144
1427 0.2976925467619377 0.4191399782586703 5 0.023980815347721823
1427 0.26516496204693984 0.23684119613143406 10 0.026219192448872573
1428 0.30061205156635395 0.41951854163092833 5 0.02399232245681382
1428 0.2664300058532295 0.23612812981036962 10 0.026226068712300026
1429 0.30337937156151434 0.41973211880656935 5 0.02400384061449832
1429 0.26768709080135855 0.235361392226947 10 0.026232948583420772
1430 0.30598720926720246 0.4200861562038809 5 0.024015369836695482
1430 0.2688811740635775 0.23471758230314138 10 0.026239832065074783
1431 0.30838284461864746 0.42002665010580753 5 0.024026910139356077
1431 0.2700789521406066 0.2338960501578243 10 0.026246719160104987
1432 0.31056798004338504 0.4198223417535777 5 0.02403846153846154
1432 0.2711915133046493 0.23305983956302176 10 0.02625360987135731
1433 0.31300153765023203 0.41987713644211333 5 0.02405002405002405
1433 0.2723490095086249 0.2323040993328675 10 0.026260504201680673
1434 0.3158363709463293 0.4204672426180302 5 0.02406159769008662
1434 0.2735997301663305 0.2317457513664516 10 0.026267402153926974
1435 0.31854646263973846 0.42053726366616545 5 0.024073182474723155
1435 0.27494197781837226 0.23090750110287628 10 0.02627430373095113
1436 0.3208823215867576 0.42031316862625373 5 0.024084778420038533
1436 0.2761861206993485 0.23000254583213472 10 0.026281208935611037
1437 0.3232382945488489 0.420227867347558 5 0.024096385542168676
1437 0.2773922765170681 0.22918461766584688 10 0.02628811777076761
1438 0.32616906550185604 0.4205929149408658 5 0.024108003857280617
1438 0.27873460789460375 0.2284892769954335 10 0.026295030239284773
1439 0.32879255278207786 0.4204985765712973 5 0.024119633381572598
1439 0.28010334291151173 0.22758899932587928 10 0.026301946344029454
1440 0.3310768821982667 0.42017203973079836 5 0.024131274131274128
1440 0.2813806588677596 0.2266410861703571 10 0.02630886608787161
1441 0.3334439099952321 0.4199752486116461 5 0.024142926122646062
1441 0.2826541955339791 0.22576079031257543 10 0.02631578947368421
1442 0.33633464531758234 0.42008484304996135 5 0.024154589371980676
1442 0.2841839046986234 0.2249247926801266 10 0.026322716504343247
1443 0.33927713024813805 0.419919063198282 5 0.02416626389560174
1443 0.2857593494322007 0.22391008577945568 10 0.02632964718272775
1444 0.3420526360154649 0.4196480149463839 5 0.024177949709864602
1444 0.28727764642011466 0.22288609319633412 10 0.026336581511719775
1445 0.34479136384147113 0.4195491176118309 5 0.024189646831156264
1445 0.2887137820056371 0.22201254804080445 10 0.026343519494204423
1446 0.34719286290449963 0.4190704319240666 5 0.024201355275895446
1446 0.2901090969262076 0.22097328925484283 10 0.026350461133069828
1447 0.3493601721510804 0.41842532618147477 5 0.024213075060532687
1447 0.2914340733058652 0.21988278383043974 10 0.026357406431207167
1448 0.35172708604903213 0.41791821020662 5 0.024224806201550386
1448 0.2928130021325802 0.218844316912331 10 0.026364355391510677
1449 0.354557443492048 0.41776528712518335 5 0.024236548715462918
1449 0.2943661810166511 0.2179524126734867 10 0.026371308016877634
1450 0.3571099029023848 0.41718940325357723 5 0.02424830261881668
1450 0.2959018963811212 0.21683850464714957 10 0.026378264310208385
1451 0.3593213351799523 0.4164251366270878 5 0.024260067928190195
1451 0.29732706408985565 0.21567496553521637 10 0.026385224274406333
1452 0.36157466445279995 0.41574105524566873 5 0.024271844660194174
1452 0.29873685370483266 0.21456653022870667 10 0.026392187912377935
1453 0.36415273580055907 0.41527511313270954 5 0.02428363283147159
1453 0.30033211919113245 0.21355607365276147 10 0.026399155227032733
1454 0.366806795008383 0.4145469924386253 5 0.024295432458697763
1454 0.3019938070322824 0.21234323714352238 10 0.026406126221283334
1455 0.3693310344887527 0.4137849283352614 5 0.024307243558580455
1455 0.3035935771362774 0.21115263259141193 10 0.026413100898045428
1456 0.37185388788870205 0.41329083650185694 5 0.02431906614785992
1456 0.30507284894206077 0.21019384444354666 10 0.026420079260237782
1457 0.3741295092356184 0.41242555955161303 5 0.024330900243309004
1457 0.30657112441089296 0.2090141516152237 10 0.02642706131078224
1458 0.37615672990155175 0.41143691835345997 5 0.0243427458617332
1458 0.3079918400354479 0.20779179932753924 10 0.026434047052603753
1459 0.3782808489568184 0.4105467306970151 5 0.024354603019970774
1459 0.309424004509047 0.20663490449671712 10 0.026441036488630353
1460 0.3807949246998517 0.4098365150348749 5 0.024366471734892786
1460 0.3110601548840357 0.20557380045018142 10 0.026448029621793174
1461 0.383096398020765 0.40887251713579326 5 0.024378352023403216
1461 0.3126214227155019 0.20435856367348362 10 0.026455026455026454
1462 0.3852274533802403 0.4069553486450038 5 0.024378352023403216
1462 0.3140481721896692 0.20312327671003785 10 0.02646202699126753
1463 0.3875445157953182 0.406038036828358 5 0.024390243902439025
1463 0.3126911403358829 0.20197249085361552 10 0.026469031233456855
1464 0.3903825929423097 0.40536391341388606 5 0.02440214738897023
1464 0.3109734536549615 0.20097274451420494 10 0.02647603918453799
1465 0.3931862000564664 0.40430979961268926 5 0.0244140625
1465 0.30914027889894574 0.1996897857249438 10 0.026483050847457626
1466 0.3957902346720345 0.40315582559910057 5 0.024425989252564728
1466 0.30736172038148096 0.19837722118494516 10 0.026490066225165563
1467 0.3983499222962917 0.4021887764938529 5 0.02443792766373411
1467 0.3056510499204695 0.19726964398979557 10 0.02649708532061473
1468 0.4011026556086842 0.40097679348359394 5 0.02444987775061125
1468 0.3038015629910312 0.19594311161749473 10 0.026504108136761198
1469 0.40388549474512203 0.3997554509646796 5 0.02446183953033268
1469 0.301933482744451 0.1946388979892295 10 0.026511134676564154
1470 0.40697057103040635 0.39855025831260454 5 0.024473813020068524
1470 0.29991423985313825 0.19337611176057667 10 0.026518164942985943
1471 0.40938386414712885 0.39736195706434985 5 0.024485798237022526
1471 0.2982543921891604 0.19219175536347607 10 0.026525198938992044
1472 0.41094679973109977 0.3962072129986623 5 0.024497795198432138
1472 0.29704537526961483 0.19107690751008716 10 0.02653223666755107
1473 0.41229610747695294 0.3951413873157765 5 0.024509803921568627
1473 0.29601523846432787 0.1900336747136953 10 0.026539278131634817
1474 0.41419578216803776 0.39407971319341384 5 0.024521824423737126
1474 0.29467583004881603 0.18901447355715056 10 0.02654632333421821
1475 0.4168662964522639 0.39292038028523235 5 0.02453385672227674
1475 0.2929073358493878 0.1879358789284345 10 0.02655337227827934
1476 0.41919920470823824 0.3916587726462386 5 0.024545900834560628
1476 0.29126336083979576 0.18679971235237694 10 0.02656042496679947
1477 0.42109592765388265 0.3904231468235913 5 0.02455795677799607
1477 0.2898336832999388 0.18570920090382775 10 0.026567481402763014
1478 0.4229432257885139 0.38919049164006725 5 0.02457002457002457
1478 0.2884218414467967 0.18465023343778914 10 0.026574541589157587
1479 0.4246925105319746 0.387958910098581 5 0.024582104228121928
1479 0.2870763069220577 0.18358879966239816 10 0.026581605528973946
1480 0.4263803062603936 0.38675267986622885 5 0.024594195769798325
1480 0.28576242043164934 0.18256744807540068 10 0.026588673225206062
1481 0.42813649707099044 0.3855000710208841 5 0.024606299212598423
1481 0.2843196246435618 0.18159000523466645 10 0.026595744680851064
1482 0.42976698446456163 0.38419429595897336 5 0.024618414574101424
1482 0.28298825044689835 0.18051536088590572 10 0.026602819898909284
1483 0.43067763807730186 0.38340237730452936 5 0.024630541871921183
1483 0.2822370432203509 0.17983227229261106 10 0.026609898882384245
1484 0.43128989089825137 0.3829525226058093 5 0.02464268112370626
1484 0.28179156322335697 0.17941515427668958 10 0.02661698163428267
1485 0.4321696496868695 0.38249623058864446 5 0.024654832347140037
1485 0.2811865486100785 0.17904424522938694 10 0.02662406815761448
1486 0.4334561410750216 0.38198911194971186 5 0.024666995559940796
1486 0.28034416217722674 0.1786958099216071 10 0.02663115845539281
1487 0.43454619680276324 0.38145827073919925 5 0.024679170779861793
1487 0.27960523316295555 0.17829462631223197 10 0.02663825253063399
1488 0.4353752689177358 0.38097849472654666 5 0.024691358024691357
1488 0.2790184206567978 0.17790690872348217 10 0.02664535038635758
1489 0.4364180439017377 0.38053536574268026 5 0.024703557312252964
1489 0.27846649113517696 0.17747301500264068 10 0.02665245202558635
1490 0.4370943591706434 0.3801028301193459 5 0.024715768660405337
1490 0.27799591020106607 0.17709211148017293 10 0.026659557451346304
1491 0.43758080426844403 0.3796887360791372 5 0.02472799208704253
1491 0.27760808680403776 0.17671763347836103 10 0.02666666666666667
1492 0.4381716451797838 0.3792353838429762 5 0.02474022761009401
1492 0.277202665821653 0.1762773134816219 10 0.026673779674579887
1493 0.4386045422600615 0.378824346448025 5 0.024752475247524754
1493 0.27685614603415487 0.17588562704038277 10 0.026680896478121663
1494 0.4389629581878346 0.37842305698933504 5 0.024764735017335313
1494 0.2765484353939369 0.175492527276565 10 0.026688017080330927
1495 0.43913107975068166 0.37822656391152276 5 0.024777006937561942
1495 0.2764257263297137 0.1752665819483366 10 0.026695141484249865
1496 0.4392472545842634 0.37823267120008347 5 0.024789291026276646
1496 0.27647395982966716 0.17517530444791057 10 0.0267022696929239
1497 0.43925611012694354 0.3782586528926881 5 0.0248015873015873
1497 0.2765299018949378 0.17513761241053447 10 0.026709401709401708
1498 0.4392704950767339 0.378280978154599 5 0.02481389578163772
1498 0.27655744211704014 0.17558567368364156 10 0.026709401709401708
1499 0.43928472335425595 0.37744522442051626 5 0.02481389578163772
1499 0.2766025340579896 0.1755464376378533 10 0.026716537536735238
1500 0.43926822503907487 0.37746344686019695 5 0.024826216484607744
1500 0.2766690346260746 0.17549455980175505 10 0.026723677177979688
1501 0.43925558239757284 0.37746059958913053 5 0.02483854942871336
1501 0.27674468890277737 0.17540314668603763 10 0.02673082063619353
1502 0.43923560312007315 0.3774865723654607 5 0.024850894632206758
1502 0.27682175907428686 0.1753513655426508 10 0.026737967914438502
1503 0.43923820654550977 0.37750746295262283 5 0.024863252113376425
1503 0.27686890891493254 0.17578182576636253 10 0.026737967914438502
1504 0.4392180678181109 0.37751969020049214 5 0.024875621890547265
1504 0.27694386439274526 0.17571204839703103 10 0.02674511901577962
1505 0.439167814229945 0.37665624993114655 5 0.024875621890547265
1505 0.27703601196341887 0.17560269877773785 10 0.02675227394328518
1506 0.43914305321890257 0.3766892334136312 5 0.024888003982080638
1506 0.27712519916847367 0.17554541107716076 10 0.026759432700026755
1507 0.4393904479521872 0.3766749480967956 5 0.0249003984063745
1507 0.2771617469287283 0.17541176561149452 10 0.026766595289079226
1508 0.43947398212868477 0.3757695170689861 5 0.0249003984063745
1508 0.27715742194631243 0.1757993719890225 10 0.026766595289079226
1509 0.4395648427756374 0.37570804349057224 5 0.024912805181863475
1509 0.27716562700989295 0.1757058134257543 10 0.02677376171352075
1510 0.43968855434099463 0.3756308441425992 5 0.02492522432701894
1510 0.27712971006119913 0.1760861672582312 10 0.02677376171352075
1511 0.4397455011729373 0.37458091450117725 5 0.02492522432701894
1511 0.277018208133929 0.1759420950580806 10 0.026780931976432776
1512 0.4398711607554534 0.374476379178618 5 0.02493765586034913
1512 0.27696125352417683 0.17630764640518257 10 0.026780931976432776
1513 0.4399897209678027 0.3735469708146489 5 0.02493765586034913
1513 0.2769566746395456 0.17619521781592162 10 0.02678810608090008
1514 0.4400684940229203 0.3734796320905332 5 0.0249500998003992
1514 0.2769715247317452 0.17608738770340138 10 0.026795284030010715
1515 0.4401035755678433 0.372582544518622 5 0.0249500998003992
1515 0.2769460961980895 0.17647335855054797 10 0.026795284030010715
1516 0.44027594167267986 0.37257486688733493 5 0.02496255616575137
1516 0.2770109937822024 0.1763593693692816 10 0.02680246582685607
1517 0.44024045755850966 0.371705356470323 5 0.02496255616575137
1517 0.2770150364000044 0.17676431727713704 10 0.02680246582685607
1518 0.4402741973246068 0.37167915349833225 5 0.024975024975024972
1518 0.2770574059884802 0.17669967157520558 10 0.02680965147453083
1519 0.44043264933717274 0.3716787470269668 5 0.02498750624687656
1519 0.2770679056662791 0.17709066927971887 10 0.02680965147453083
1520 0.44047491684523477 0.3707381143357579 5 0.02498750624687656
1520 0.27707316480684197 0.17697360900652565 10 0.02681684097613301
1521 0.4405705623218498 0.37063171553428276 5 0.025
1521 0.2770094563723339 0.177329211623671 10 0.02681684097613301
1522 0.440597596830821 0.3696872488233748 5 0.025
1522 0.2769893967694651 0.17723667803355245 10 0.02682403433476395
1523 0.4406987196193871 0.3695771582214343 5 0.02501250625312656
1523 0.2769224785161818 0.1775884740980026 10 0.02682403433476395
1524 0.4406168883934963 0.3686158439250525 5 0.02501250625312656
1524 0.2769208898383995 0.17746349422992383 10 0.026831231553528304
1525 0.4406625235716672 0.3685199323699283 5 0.025025025025025023
1525 0.27688744603370424 0.17781990344568924 10 0.026831231553528304
1526 0.44063517343804187 0.3675697944665533 5 0.025025025025025023
1526 0.2768934821937985 0.1777030690840406 10 0.026838432635534083
1527 0.44064931235693344 0.367478149921587 5 0.02503755633450175
1527 0.27685694739805095 0.17808485433347976 10 0.026838432635534083
1528 0.44062542837498586 0.36653099437558656 5 0.02503755633450175
1528 0.2768533037704405 0.17797197407361304 10 0.026845637583892617
1529 0.44069240645146196 0.36643401484759636 5 0.0250501002004008
1529 0.2767872689454772 0.17832947884259567 10 0.026845637583892617
1530 0.4404830240218748 0.3654920697355592 5 0.0250501002004008
1530 0.27680106662700454 0.17827450762433963 10 0.026852846401718578
1531 0.4405226558905658 0.36541529224668723 5 0.02506265664160401
1531 0.27677304460208296 0.17865367462296913 10 0.026852846401718578
1532 0.4404003425221917 0.3645115917219628 5 0.02506265664160401
1532 0.27679743725745426 0.17857215501174734 10 0.02686005909213
1533 0.44063423875191515 0.3644114927133958 5 0.025075225677031094
1533 0.2767430381484093 0.17886958210118206 10 0.02686005909213
1534 0.4406000652217207 0.36349468408258606 5 0.025075225677031094
1534 0.2767566412349584 0.17876564331907663 10 0.02686727565824825
1535 0.4406745807798451 0.3634465782935177 5 0.025087807325639738
1535 0.27674002786460594 0.17916047774163127 10 0.02686727565824825
1536 0.44072508758259027 0.36254156950619026 5 0.025087807325639738
1536 0.2767299827337378 0.1790877292326329 10 0.026874496103198062
1537 0.44136936207083677 0.36242041180073487 5 0.0251004016064257
1537 0.27657993066706793 0.17930384825863915 10 0.026874496103198062
1538 0.4415303699315792 0.3614918645962575 5 0.0251004016064257
1538 0.27653948712980864 0.17920183283350943 10 0.026881720430107527
1539 0.4416572969172295 0.36141534552166404 5 0.0251130085384229
1539 0.2764373433877871 0.17959277991000605 10 0.026881720430107527
1540 0.441807381626646 0.3604670910629907 5 0.0251130085384229
1540 0.2763733384241056 0.17950232403616573 10 0.02688894864210809
1541 0.44180919005596014 0.360315420883182 5 0.02512562814070352
1541 0.2761873646177856 0.1799657262494713 10 0.02688894864210809
1542 0.4419071507743409 0.3593206918536341 5 0.02512562814070352
1542 0.27608438912890454 0.1798559772193428 10 0.02689618074233459
1543 0.442068004845495 0.35920367690080046 5 0.02513826043237808
1543 0.2759525530832816 0.18021275917385493 10 0.02689618074233459
1544 0.44214296531092573 0.35819110037952606 5 0.02513826043237808
1544 0.2758613485204927 0.18005194480867243 10 0.026903416733925205
1545 0.4426122416588922 0.3579791615302913 5 0.02515090543259557
1545 0.2756447393674761 0.1802439736660107 10 0.026903416733925205
1546 0.44272726501257853 0.35693823523238505 5 0.02515090543259557
1546 0.27554167580412314 0.18003244538209276 10 0.026910656620021525
1547 0.44287543126829443 0.3567521921454558 5 0.02516356316054353
1547 0.27545566339279853 0.17983272217179375 10 0.026917900403768506
1548 0.4429773608685589 0.3557071285361677 5 0.02516356316054353
1548 0.2752731401111736 0.1801125581572253 10 0.026917900403768506
1549 0.4428806357019329 0.35546485699976876 5 0.025176233635448134
1549 0.2750920425028868 0.18006645855489498 10 0.026925148088314484
1550 0.4429532471182429 0.3543599139815893 5 0.025176233635448134
1550 0.27483757440534257 0.18034099517975757 10 0.026925148088314484
1551 0.44317939637119785 0.35410916793409375 5 0.02518891687657431
1551 0.27468233583457585 0.1800870270163544 10 0.026932399676811204
1552 0.44207549969661486 0.353742724697942 5 0.025201612903225805
1552 0.27446881084145397 0.1806752457833358 10 0.026932399676811204
1553 0.44180779786981594 0.35275218410603887 5 0.025201612903225805
1553 0.2744416417666413 0.1806053831797971 10 0.02693965517241379
1554 0.44196567521565167 0.3526682364237868 5 0.025214321734745335
1554 0.27435767467180494 0.18095411412950188 10 0.02693965517241379
1555 0.44183201538795497 0.35176553677097155 5 0.025214321734745335
1555 0.27437029688742826 0.18088963766399796 10 0.026946914578280787
1556 0.44227323613507535 0.3518790997118549 5 0.02522704339051463
1556 0.27439744500235963 0.18076717459584718 10 0.026954177897574125
1557 0.44232594236935724 0.3520086147270677 5 0.025239777889954566
1557 0.274460778101158 0.18079773755967413 10 0.02696144513345915
1558 0.4423539026244162 0.3521368895258638 5 0.025252525252525252
1558 0.27451659698949193 0.18084335501173837 10 0.026968716289104636
1559 0.4424077289609425 0.35230721516444874 5 0.025265285497726123
1559 0.2746024982595024 0.18089275299189467 10 0.02697599136768276
1560 0.44360376486310527 0.3525749396119195 5 0.025278058645096056
1560 0.27467563770726444 0.18057265970430686 10 0.02698327037236913
1561 0.44378758024100673 0.35274028747372155 5 0.025290844714213452
1561 0.2747656817983825 0.180537174812405 10 0.02699055330634278
1562 0.4438743511405193 0.3527827741577744 5 0.025303643724696352
1562 0.2747667179014994 0.18048649339869294 10 0.026997840172786173
1563 0.4442129357818299 0.35276920595575445 5 0.02531645569620253
1563 0.274683398782808 0.18036019218618035 10 0.027005130974885227
1564 0.4443631776388983 0.3527819291056791 5 0.025329280648429583
1564 0.27465083724734696 0.18029078140645421 10 0.027012425715829277
1565 0.4444458023216339 0.3528012810658181 5 0.02534211860111505
1565 0.27463902977465804 0.18023343958024296 10 0.027019724398811132
1566 0.44455968698871723 0.3528212446941189 5 0.025354969574036507
1566 0.2746131891586479 0.18018480880169946 10 0.02702702702702703
1567 0.4445370254375338 0.3528328236154647 5 0.025367833587011668
1567 0.2745708631326929 0.1802152826388807 10 0.02703433360367667
1568 0.44465257420374077 0.3528230673783045 5 0.025380710659898477
1568 0.27451937142462185 0.18015391064144698 10 0.02704164413196322
1569 0.44472288972699453 0.35282458499515873 5 0.025393600812595226
1569 0.2745071892924515 0.18006815351800504 10 0.027048958615093315
1570 0.44471297222750694 0.3528386973110015 5 0.02540650406504065
1570 0.27454167227017273 0.17996622767172105 10 0.027056277056277056
1571 0.444588109720924 0.35284877794643416 5 0.02541942043721403
1571 0.2746066578812155 0.1798631953080442 10 0.02706359945872801
1572 0.44454333997025 0.3528928168260753 5 0.025432349949135298
1572 0.2746668105521427 0.17979002355478285 10 0.027070925825663235
1573 0.44457026642468184 0.3529360626252823 5 0.02544529262086514
1573 0.274694534732648 0.17973364665356506 10 0.027078256160303276
1574 0.4446347919948651 0.35297286378834847 5 0.02545824847250509
1574 0.274698860055469 0.17968599586096065 10 0.027085590465872153
1575 0.44478722242481583 0.35302311840248396 5 0.025471217524197655
1575 0.27469995840096467 0.1796228290788417 10 0.0270929287455974
1576 0.4448691639747568 0.35305684232874346 5 0.0254841997961264
1576 0.27470097804070365 0.17956575886426654 10 0.02710027100271003
1577 0.44492783622871557 0.3530869496550405 5 0.02549719530851606
1577 0.2747066742376198 0.17950642606210807 10 0.027107617240444564
1578 0.44505910345369265 0.3531068139127254 5 0.025510204081632654
1578 0.2746991135834258 0.17941351970074904 10 0.027114967462039046
1579 0.4451238896150859 0.35313926962447867 5 0.02552322613578356
1579 0.2747077692539509 0.1793503707935718 10 0.02712232167073501
1580 0.44518059071499383 0.3531702260109578 5 0.025536261491317668
1580 0.274716610123134 0.17928849928438584 10 0.027129679869777535
1581 0.44524228374901503 0.35320161366018044 5 0.025549310168625446
1581 0.2747242220240727 0.17922687722115455 10 0.027137042062415198
1582 0.44533696506346143 0.35323766511487575 5 0.025562372188139056
1582 0.27473136372430945 0.179157387992943 10 0.027144408251900107
1583 0.44540124558658123 0.35326949967076543 5 0.02557544757033248
1583 0.2747389858530071 0.17909571678724856 10 0.027151778441487917
1584 0.4454554163285137 0.35329783477376664 5 0.025588536335721595
1584 0.2747461027269249 0.17903407838402846 10 0.027159152634437803
1585 0.44550799057441176 0.35332475014788856 5 0.02560163850486431
1585 0.27475273481248147 0.17897096006850557 10 0.027166530834012496
1586 0.445475159991026 0.3533410056679268 5 0.025614754098360653
1586 0.27476123072260206 0.17892929709821342 10 0.02717391304347826
1587 0.44551513741820753 0.35336692002883663 5 0.025627883136852894
1587 0.27476792785914705 0.17886843946676653 10 0.02718129926610492
1588 0.44556544788977703 0.3533998536091877 5 0.02564102564102564
1588 0.274778878527208 0.17880634408574395 10 0.02718868950516585
1589 0.44560344439743405 0.35343623025882626 5 0.02565418163160595
1589 0.2747968332424383 0.17874469671265342 10 0.02719608376393799
1590 0.44567996915294017 0.35349151451631655 5 0.02566735112936345
1590 0.27482738962238085 0.17867515553536534 10 0.02720348204570185
1591 0.4457207540502843 0.3535335769422174 5 0.025680534155110422
1591 0.2748487611070053 0.17861681162680898 10 0.027210884353741496
1592 0.4457759460044411 0.3535655381111044 5 0.02569373072970195
1592 0.2748565639236391 0.17855569735264026 10 0.02721829069134458
1593 0.44576377982889437 0.35360370847192213 5 0.02570694087403599
1593 0.27487143027056365 0.1785300806104557 10 0.02722570106180234
1594 0.44581967587359006 0.3536311697510023 5 0.0257201646090535
1594 0.2748731423436207 0.1784703052907977 10 0.027233115468409584
1595 0.4458798028520146 0.3536604022487525 5 0.025733401955738547
1595 0.27487728738452893 0.1784064968610325 10 0.027240533914464723
1596 0.4459308227511737 0.3536947089205247 5 0.025746652935118432
1596 0.27488775213006555 0.17834517960862878 10 0.027247956403269755
1597 0.44598974694327864 0.35374252035584963 5 0.02575991756826378
1597 0.27490839432001907 0.1782853387009677 10 0.02725538293813028
1598 0.4460399663806881 0.3537801214803574 5 0.02577319587628866
1598 0.2749214754668403 0.1782237616176647 10 0.027262813522355506
1599 0.4460892847275801 0.3538145222054422 5 0.025786487880350695
1599 0.2749322866412315 0.1781601201569835 10 0.027270248159258246
1600 0.4461340711002345 0.3538504532306461 5 0.025799793601651185
1600 0.2749469336000079 0.17809493607580668 10 0.027277686852154936
1601 0.4461608010290128 0.3538980797111066 5 0.025813113061435206
1601 0.27497408573771165 0.17803974784237914 10 0.027285129604365622
1602 0.4462102196332866 0.3539345653712669 5 0.025826446280991733
1602 0.27498868308910257 0.17797398751037824 10 0.02729257641921397
1603 0.44627204554143046 0.35396563323967295 5 0.025839793281653745
1603 0.27499448970907 0.17790696026096248 10 0.0273000273000273
1604 0.44634130126988614 0.3539980944209231 5 0.025853154084798345
1604 0.2749970969186364 0.17784383822430325 10 0.027307482250136534
1605 0.4463881742333107 0.35403933074098193 5 0.02586652871184687
1605 0.27500637508920633 0.17779755699638913 10 0.027314941272876262
1606 0.44645417977610063 0.3540727986664184 5 0.02587991718426501
1606 0.275009220693377 0.17773735958506237 10 0.0273224043715847
1607 0.44651635651607685 0.35410763098454223 5 0.025893319523562917
1607 0.27501424956975123 0.17767769798957275 10 0.027329871549603715
1608 0.44657645529692924 0.3541453605106051 5 0.025906735751295335
1608 0.2750217006000331 0.17761969400813277 10 0.02733734281027884
1609 0.44665569855805015 0.35417729103825163 5 0.02592016588906169
1609 0.27502322325279593 0.17754937640170498 10 0.027344818156959255
1610 0.44671647039747364 0.3542137426640498 5 0.025933609958506222
1610 0.2750305490795308 0.17748680571777428 10 0.02735229759299781
1611 0.44676910506908174 0.3542523688666998 5 0.025947067981318107
1611 0.27504184991916425 0.1774256083545789 10 0.027359781121751026
1612 0.4467940850750233 0.3542911436357576 5 0.025960539979231565
1612 0.2750570504406303 0.17737409757101832 10 0.02736726874657909
1613 0.4468499655131926 0.3543271339520044 5 0.025974025974025976
1613 0.2750652078533099 0.177312778954215 10 0.027374760470845878
1614 0.44691573129945805 0.35436365029122785 5 0.025987525987525985
1614 0.2750695632444962 0.1772537210357714 10 0.027382256297918944
1615 0.4469874304255962 0.3544011697623331 5 0.026001040041601663
1615 0.2750706585727706 0.1771986580147149 10 0.02738975623116954
1616 0.4470535920591738 0.3544490107307839 5 0.026014568158168574
1616 0.27507729239902445 0.1771554939071897 10 0.0273972602739726
1617 0.4471258318358184 0.3544857584279463 5 0.02602811035918792
1617 0.2750775176721602 0.1770990261251421 10 0.027404768429706766
1618 0.44718935566105494 0.3545231348354167 5 0.026041666666666668
1618 0.27508141986227486 0.17704178586579028 10 0.027412280701754384
1619 0.44724607165230834 0.3545650701393961 5 0.026055237102657634
1619 0.2750908170478562 0.1769866967361003 10 0.027419797093501504
1620 0.44731720498536837 0.3546021072020291 5 0.026068821689259645
1620 0.27509596770256356 0.17692089139540063 10 0.027427317608337904
1621 0.4473721136842408 0.354645623239778 5 0.026082420448617628
1621 0.27510699881245987 0.17686561515800342 10 0.027434842249657063
1622 0.44742782154800287 0.35468898463340776 5 0.026096033402922752
1622 0.2751173450742428 0.17681064245056383 10 0.0274423710208562
1623 0.44746137289864096 0.35474042179025156 5 0.02610966057441253
1623 0.2751354375909304 0.17677028698908007 10 0.02744990392533626
1624 0.44751593214051877 0.35478281550112334 5 0.02612330198537095
1624 0.27514440264902235 0.17671761846821138 10 0.02745744096650192
1625 0.4475734751176616 0.3548256559079728 5 0.026136957658128592
1625 0.2751522677971362 0.1766661561358025 10 0.027464982147761604
1626 0.4476327791427207 0.35486869761766104 5 0.02615062761506276
1626 0.2751589311890305 0.1766157613739684 10 0.027472527472527472
1627 0.4476866357931367 0.3549076466610184 5 0.02616431187859759
1627 0.27516321221640094 0.17656423833028084 10 0.02748007694421544
1628 0.447743911055633 0.35494962531585206 5 0.02617801047120419
1628 0.27516968276083115 0.17651129783814323 10 0.02748763056624519
1629 0.44780262709108243 0.35499152631839676 5 0.02619172341540073
1629 0.2751769769480734 0.17645501597974905 10 0.02749518834204014
1630 0.4478527018427171 0.35503759418460396 5 0.02620545073375262
1630 0.27518941971023253 0.17640208979077948 10 0.0275027502750275
1631 0.44792420646663117 0.3550800881647883 5 0.026219192448872573
1631 0.2751972082579213 0.17633783736284842 10 0.027510316368638238
1632 0.44797803095937877 0.35512463509407705 5 0.026232948583420772
1632 0.27520803463398547 0.17628293795996558 10 0.0275178866263071
1633 0.44803460785869653 0.3551691773814282 5 0.026246719160104987
1633 0.2752175520423477 0.17622882520507396 10 0.027525461051472612
1634 0.44809413294173606 0.3552122538377361 5 0.026260504201680673
1634 0.2752247125458706 0.17617440170440707 10 0.027533039647577088
1635 0.44813290352447954 0.3552596148583374 5 0.02627430373095113
1635 0.2752367889148745 0.17613202334120465 10 0.027540622418066648
1636 0.44819134346359124 0.3553010853460493 5 0.02628811777076761
1636 0.2752422379311527 0.1760785658364008 10 0.027548209366391185
1637 0.44825545710186887 0.3553415371140799 5 0.026301946344029454
1637 0.2752453274482576 0.17602345127999747 10 0.027555800496004406
1638 0.44832830284914627 0.3553766117434889 5 0.02631578947368421
1638 0.27524285978252216 0.1759619244873018 10 0.027563395810363836
1639 0.44838838175401385 0.35541892145402737 5 0.02632964718272775
1639 0.2752481015158497 0.17590671913538708 10 0.027570995312930793
1640 0.4484424712836906 0.3554637386410069 5 0.026343519494204423
1640 0.2752564520252856 0.17585155345831718 10 0.027578599007170433
1641 0.44849327439396197 0.3555101781133466 5 0.026357406431207167
1641 0.2752676499229139 0.1757956821462055 10 0.027586206896551724
1642 0.44854849729172425 0.35555900982335104 5 0.026371308016877634
1642 0.2752803316281859 0.1757390020490881 10 0.02759381898454746
1643 0.44860580215182433 0.35560481516610065 5 0.026385224274406333
1643 0.27529017893917496 0.17568106782604545 10 0.02760143527463428
1644 0.44866630940299307 0.3556448272588211 5 0.026399155227032733
1644 0.27529416689767633 0.17562113093523582 10 0.027609055770292653
1645 0.4487332685347343 0.3556795435600907 5 0.026413100898045428
1645 0.2752910473648486 0.17556022886876274 10 0.027616680475006903
1646 0.44864307953238525 0.3556988341327739 5 0.02642706131078224
1646 0.2752954830518858 0.1755560774904807 10 0.027624309392265192
1647 0.4486811664011389 0.3557293417887919 5 0.026441036488630353
1647 0.27529075887553195 0.17550747755987578 10 0.027631942525559543
1648 0.44874808432266766 0.35576181584331973 5 0.026455026455026454
1648 0.2752792484029688 0.1754550298363825 10 0.027639579878385848
1649 0.44886071077993783 0.3557839713837372 5 0.026469031233456855
1649 0.27524487590905505 0.17539488388342145 10 0.027647221454243844
1650 0.4486128356250213 0.35572498642719147 5 0.026483050847457626
1650 0.2751883683360325 0.17545378122367963 10 0.027654867256637166
1651 0.44866750446050585 0.355725665523943 5 0.02649708532061473
1651 0.2751422367161944 0.1754097685823356 10 0.027662517289073305
1652 0.4486961995943052 0.35582038322212634 5 0.026511134676564154
1652 0.27516578138629255 0.17539948055051016 10 0.027670171555063638
1653 0.4486236398835051 0.35598437253395215 5 0.026525198938992044
1653 0.2752582839882064 0.17543785491058803 10 0.02767783005812344
1654 0.4485676660078942 0.35614809349176296 5 0.026539278131634817
1654 0.2752740374093411 0.17596656151487194 10 0.02767783005812344
1655 0.4485500950777109 0.3562953975705628 5 0.02655337227827934
1655 0.2753324497902166 0.1760010162312345 10 0.027685492801771867
1656 0.4482888982774944 0.3556141790507324 5 0.02655337227827934
1656 0.2754375623502425 0.17603494500806596 10 0.027693159789531983
1657 0.4483392576839237 0.3559502005924951 5 0.026567481402763014
1657 0.27566186882873966 0.17606270593506354 10 0.027700831024930747
1658 0.4482276789578809 0.35616285274000603 5 0.026581605528973946
1658 0.27580321020703646 0.17612318515063685 10 0.027708506511499028
1659 0.44817860497958717 0.35631145132651537 5 0.026595744680851064
1659 0.2758722590806531 0.1761593943496836 10 0.027716186252771616
1660 0.4481361044734794 0.35645236235718736 5 0.026609898882384245
1660 0.27587078347187466 0.17665055294341314 10 0.027716186252771616
1661 0.44787639244466276 0.35663542372644214 5 0.02662406815761448
1661 0.2760198141519429 0.1767414664004378 10 0.027723870252287217
1662 0.44762725117858465 0.35595319104180906 5 0.02662406815761448
1662 0.2761155801110289 0.17680484981409866 10 0.027731558513588463
1663 0.44764552120621187 0.3561126182697825 5 0.02663825253063399
1663 0.2761627650017331 0.17686032168179594 10 0.027739251040221916
1664 0.44742123672488515 0.35625621128734125 5 0.02665245202558635
1664 0.2762042710975623 0.1770177581230732 10 0.027746947835738067
1665 0.4472999030191421 0.3555776015650801 5 0.02665245202558635
1665 0.27613260301473386 0.17757079485511074 10 0.027746947835738067
1666 0.44739155226333 0.3557565900978007 5 0.02666666666666667
1666 0.27612409890772477 0.17763768221571902 10 0.027754648903691368
1667 0.44748360499509066 0.3559436019968373 5 0.026680896478121663
1667 0.27603813256576015 0.1781904630663686 10 0.027754648903691368
1668 0.447327135779232 0.3552824559447272 5 0.026680896478121663
1668 0.2760404773092943 0.1783146407627583 10 0.027762354247640196
1669 0.44739640820916754 0.3554816691631416 5 0.026695141484249865
1669 0.2759533551534769 0.17888916510625985 10 0.027762354247640196
1670 0.4473263221173971 0.35483193592858653 5 0.026695141484249865
1670 0.2759561658749442 0.17899525133362396 10 0.027770063871146902
1671 0.4474597094545955 0.3550447934569333 5 0.026709401709401708
1671 0.27593578709147326 0.17911831216768465 10 0.027777777777777776
1672 0.4475017026560361 0.3552186211945366 5 0.026723677177979688
1672 0.2757737642373769 0.17978818844933553 10 0.027777777777777776
1673 0.4475489377422678 0.35456957935306266 5 0.026723677177979688
1673 0.27571601362782033 0.17994079819294945 10 0.02778549597110308
1674 0.4478349353929489 0.354796545150099 5 0.026737967914438502
1674 0.2755349888399955 0.18058167398225594 10 0.02778549597110308
1675 0.4476141134123056 0.3540880514392976 5 0.026737967914438502
1675 0.27540229203262234 0.18092813029121801 10 0.027793218454697052
1676 0.4479794506307083 0.35414704476553227 5 0.02675227394328518
1676 0.275071160209484 0.18144859899166238 10 0.027793218454697052
1677 0.4482836528462733 0.3532447893603655 5 0.02675227394328518
1677 0.2747824317583204 0.18131938229885255 10 0.02780094523213789
1678 0.44861465327320393 0.35237154452923886 5 0.02675227394328518
1678 0.27440769808358406 0.18169849849314182 10 0.02780094523213789
1679 0.44898187462030964 0.35231448034438073 5 0.026766595289079226
1679 0.27394937832915556 0.1821830727377742 10 0.02780094523213789
1680 0.4493111933546777 0.3513751557550523 5 0.026766595289079226
1680 0.2736023091114627 0.1820436996379236 10 0.027808676307007785
1681 0.4497784530926691 0.35131193806753497 5 0.026780931976432776
1681 0.27319724673611784 0.18237125834765294 10 0.027808676307007785
1682 0.4501044496223021 0.3504232042437999 5 0.026780931976432776
1682 0.272831848671203 0.1822751792969074 10 0.027816411682892908
1683 0.45055261386504625 0.3495895721295882 5 0.026780931976432776
1683 0.27232144738070546 0.1828942467253717 10 0.027816411682892908
1684 0.45144329866113075 0.34947586717346235 5 0.026795284030010715
1684 0.27171738014914404 0.18329188942672464 10 0.027816411682892908
1685 0.45218325501924755 0.3485219214635714 5 0.026795284030010715
1685 0.27119621291338003 0.1832101072250948 10 0.027824151363383415
1686 0.45280708729873176 0.3476233244489822 5 0.026795284030010715
1686 0.2705874700033145 0.18379347423682582 10 0.027824151363383415
1687 0.4535670337190333 0.34749988881887833 5 0.02680965147453083
1687 0.27003940120317943 0.1841785741037651 10 0.027824151363383415
1688 0.45378410726500373 0.3464963638792561 5 0.02680965147453083
1688 0.26966177223120724 0.183965002328687 10 0.027831895352073477
1689 0.45410006076377546 0.34544258823605145 5 0.02680965147453083
1689 0.26918166815380357 0.18412930428607754 10 0.027831895352073477
1690 0.45474262957346384 0.34439353653726834 5 0.02680965147453083
1690 0.26860783435542046 0.1843750159026914 10 0.027831895352073477
1691 0.4556894924857519 0.34330718947603195 5 0.02680965147453083
1691 0.26784879364164277 0.18473784578766342 10 0.027831895352073477
1692 0.4566640056739223 0.3421501741998771 5 0.02680965147453083
1692 0.2670931926454861 0.18497856790660488 10 0.027831895352073477
1693 0.45767443901923344 0.34183946693315387 5 0.02682403433476395
1693 0.2663978216474658 0.18518698688582894 10 0.027831895352073477
1694 0.45857694874142824 0.34071628771877427 5 0.02682403433476395
1694 0.2657040609210783 0.18546519800070144 10 0.027831895352073477
1695 0.45948003309712665 0.3395607857911392 5 0.02682403433476395
1695 0.2650076289286485 0.18566883803226714 10 0.027831895352073477
1696 0.4603289636135687 0.3384296490447799 5 0.02682403433476395
1696 0.2642991733418859 0.1859081688783532 10 0.027831895352073477
1697 0.4615752783950205 0.3373347345070895 5 0.02682403433476395
1697 0.2635059011060543 0.18620483218283596 10 0.027831895352073477
1698 0.4625011854929908 0.33618527782710494 5 0.02682403433476395
1698 0.262792137889956 0.18596002803857242 10 0.027839643652561245
1699 0.463125476462759 0.33509777950971503 5 0.02682403433476395
1699 0.26219409918816994 0.18615124053034376 10 0.027839643652561245
1700 0.46383596431540264 0.33411023286681435 5 0.02682403433476395
1700 0.26164363132560575 0.1864506320657912 10 0.027839643652561245
1701 0.46527603997737677 0.3330254708362722 5 0.02682403433476395
1701 0.2608288639238924 0.18671824079480231 10 0.027839643652561245
1702 0.4661482324216766 0.3319583383610131 5 0.02682403433476395
1702 0.2601624598280494 0.18700725126122894 10 0.027839643652561245
1703 0.4666056567969554 0.330951638250198 5 0.02682403433476395
1703 0.25959862483320123 0.18727845597861117 10 0.027839643652561245
1704 0.4671144006233014 0.3300281828987248 5 0.02682403433476395
1704 0.25910978468355694 0.18761368390616515 10 0.027839643652561245
1705 0.4682062539715476 0.3289580287789113 5 0.02682403433476395
1705 0.258376986043051 0.18833603548887096 10 0.027831895352073477
1706 0.4689345696858367 0.3278942632855304 5 0.02682403433476395
1706 0.25772787213779524 0.18858415123622888 10 0.027831895352073477
1707 0.46939875688062377 0.32690705865245534 5 0.02682403433476395
1707 0.2572279475486363 0.18883810490980008 10 0.027831895352073477
1708 0.4699702664399871 0.32601362128065164 5 0.02682403433476395
1708 0.25676529227288747 0.18920195112863658 10 0.027831895352073477
1709 0.47113322285241815 0.32495746406975445 5 0.02682403433476395
1709 0.25602551092712145 0.18951734572797407 10 0.027831895352073477
1710 0.4720358986372215 0.32389345071172726 5 0.02682403433476395
1710 0.2553500521806475 0.18982684428146887 10 0.027831895352073477
1711 0.47272492595141574 0.322023057139232 5 0.02680965147453083
1711 0.2547225646653945 0.19016615213474355 10 0.027831895352073477
1712 0.47348629822569493 0.32093575442067845 5 0.02680965147453083
1712 0.25405638024692834 0.1906679570031959 10 0.027831895352073477
1713 0.47402063806709877 0.3197760155935639 5 0.02680965147453083
1713 0.2533816243939365 0.19094177285752023 10 0.027831895352073477
1714 0.474502315369115 0.3187199709057612 5 0.02680965147453083
1714 0.252849500916014 0.19119639447219144 10 0.027831895352073477
1715 0.475124723897001 0.3177586686440369 5 0.02680965147453083
1715 0.25236296742125935 0.19155474536405254 10 0.027831895352073477
1716 0.47592766604689796 0.3167051188279892 5 0.02680965147453083
1716 0.25172619646425354 0.19207238581647273 10 0.027831895352073477
1717 0.4767199604075791 0.315601608965038 5 0.02680965147453083
1717 0.25107455254889455 0.19238167381489407 10 0.027831895352073477
1718 0.4773313821429414 0.31455762498628803 5 0.02680965147453083
1718 0.25056084731382033 0.19262525193399682 10 0.027831895352073477
1719 0.4779339598419516 0.313579229966204 5 0.02680965147453083
1719 0.2500934131589564 0.19292557225123275 10 0.027831895352073477
1720 0.47851589058177246 0.31256494590114264 5 0.02680965147453083
1720 0.24954047625581272 0.1934496754021164 10 0.027831895352073477
1721 0.4793382250663495 0.3114859244828915 5 0.02680965147453083
1721 0.24889256414166533 0.19380273283617544 10 0.027831895352073477
1722 0.4801808560208407 0.31044872166950144 5 0.02680965147453083
1722 0.2483105220475627 0.1941574065181817 10 0.027831895352073477
1723 0.48079244660443543 0.30945987958189863 5 0.02680965147453083
1723 0.24777925948831533 0.19473543452652858 10 0.027831895352073477
1724 0.48154027561222906 0.308403375734319 5 0.02680965147453083
1724 0.2472204121373663 0.19546336704482442 10 0.027824151363383415
1725 0.4821369752736492 0.3074576095819118 5 0.02680965147453083
1725 0.24680453636686184 0.1957323798316199 10 0.027824151363383415
1726 0.482763672144867 0.3065888897299819 5 0.02680965147453083
1726 0.24641975349810666 0.19608383970533486 10 0.027824151363383415
1727 0.4834191052734725 0.30569800979580425 5 0.02680965147453083
1727 0.2459112884454347 0.19666978204715357 10 0.027824151363383415
1728 0.4841174412915278 0.3047279935689532 5 0.02680965147453083
1728 0.2454157097226824 0.19704971665569723 10 0.027824151363383415
1729 0.4846989411093231 0.30384018337216867 5 0.02680965147453083
1729 0.2450218075768189 0.19740046296505862 10 0.027824151363383415
1730 0.48526331222312125 0.3030313219012306 5 0.02680965147453083
1730 0.2446697869136166 0.19783569570629184 10 0.027824151363383415
1731 0.48585910607201876 0.30137423381805056 5 0.026795284030010715
1731 0.2441429887346113 0.19834922053609344 10 0.027824151363383415
1732 0.48660093765064144 0.30046822291452047 5 0.026795284030010715
1732 0.24366619336804013 0.1987951805086324 10 0.027824151363383415
1733 0.4871922891263113 0.29959807517208836 5 0.026795284030010715
1733 0.24324720555255458 0.19923357180920237 10 0.027824151363383415
1734 0.4878278792427995 0.29876908181334694 5 0.026795284030010715
1734 0.24284564889940657 0.19983816462150372 10 0.027824151363383415
1735 0.4884663065329522 0.2978504112965572 5 0.026795284030010715
1735 0.24242364370641772 0.20024342953133764 10 0.027824151363383415
1736 0.4889160553741978 0.29699518975436906 5 0.026795284030010715
1736 0.24208408796894818 0.20061945882768403 10 0.027824151363383415
1737 0.4893864904208701 0.29609294098298244 5 0.026795284030010715
1737 0.24168366097431218 0.201034306348889 10 0.027824151363383415
1738 0.49021427209352275 0.2950926572396969 5 0.026795284030010715
1738 0.24112864932545222 0.20159826592030963 10 0.027824151363383415
1739 0.49091038015829636 0.2940852341489479 5 0.026795284030010715
1739 0.2405622938612042 0.20199999178218322 10 0.027824151363383415
1740 0.4913474031257531 0.29315018105411267 5 0.026795284030010715
1740 0.24006806928007673 0.20233004995551238 10 0.027824151363383415
1741 0.49170942072806306 0.2922795428104611 5 0.026795284030010715
1741 0.239609218490583 0.20271565392807828 10 0.027824151363383415
1742 0.492518855634981 0.2912783306251652 5 0.026795284030010715
1742 0.23893679060845902 0.2031840376159713 10 0.027824151363383415
1743 0.4930843258242005 0.2902915187212529 5 0.026795284030010715
1743 0.23836123765629919 0.2035610012571798 10 0.027824151363383415
1744 0.4933091078064626 0.2893942556196433 5 0.026795284030010715
1744 0.23788550967587777 0.2038963214571234 10 0.027824151363383415
1745 0.4937517992532917 0.288550609646621 5 0.026795284030010715
1745 0.23743017389414672 0.20428850659018055 10 0.027824151363383415
1746 0.4944822204781283 0.28759340713104137 5 0.026795284030010715
1746 0.2368197152977835 0.20483990970457247 10 0.027824151363383415
1747 0.49510104336450445 0.28665532525951953 5 0.026795284030010715
1747 0.23625568016260123 0.20527878505155095 10 0.027824151363383415
1748 0.49578525569759685 0.28574482586664945 5 0.026795284030010715
1748 0.23568022004302866 0.20606466090373005 10 0.027816411682892908
1749 0.4965971073110058 0.2847101584204291 5 0.026795284030010715
1749 0.23507092499346371 0.20644016203744614 10 0.027816411682892908
1750 0.49724554866215237 0.28377836636999243 5 0.026795284030010715
1750 0.234620178262316 0.2067550658163925 10 0.027816411682892908
1751 0.4976422112418559 0.2829392558247732 5 0.026795284030010715
1751 0.2342729402749709 0.20705147066646176 10 0.027816411682892908
1752 0.49816335751733787 0.2813858670859012 5 0.026780931976432776
1752 0.2338533458982676 0.2074123889501826 10 0.027816411682892908
1753 0.4989985745229979 0.2804033760832444 5 0.026780931976432776
1753 0.23335187397841411 0.20786688466900527 10 0.027816411682892908
1754 0.4996507638666519 0.2794446414674733 5 0.026780931976432776
1754 0.23289884137687542 0.2081842560427079 10 0.027816411682892908
1755 0.5001398720890944 0.2785651655960069 5 0.026780931976432776
1755 0.2325363551865963 0.20844290110735084 10 0.027816411682892908
1756 0.5006813429929186 0.2777318474652846 5 0.026780931976432776
1756 0.23202563985843008 0.208757604266499 10 0.027816411682892908
1757 0.5014008792842498 0.27672246603762135 5 0.026780931976432776
1757 0.23142554509967725 0.20917731310922266 10 0.027816411682892908
1758 0.5021208401803428 0.27577782711328636 5 0.026780931976432776
1758 0.23088453428661443 0.2095239608044895 10 0.027816411682892908
1759 0.5028034647950318 0.27488981394381595 5 0.026780931976432776
1759 0.23040258565971922 0.20984020563125577 10 0.027816411682892908
1760 0.5034701329036084 0.2738900276430295 5 0.026780931976432776
1760 0.22978536615521383 0.21021391704364345 10 0.027816411682892908
1761 0.5039440200266805 0.27288508343935647 5 0.026780931976432776
1761 0.22918357995552605 0.21045988000647803 10 0.027816411682892908
1762 0.5043733367495902 0.2719680618307505 5 0.026780931976432776
1762 0.2286475922893584 0.21066630435340405 10 0.027816411682892908
1763 0.5049216986218144 0.2710931236567895 5 0.026780931976432776
1763 0.2281240201989622 0.21094137894614703 10 0.027816411682892908
1764 0.5056616397991707 0.27005187896861005 5 0.026780931976432776
1764 0.22741863412224328 0.21131728067089534 10 0.027816411682892908
1765 0.5059920004671508 0.26905825478144246 5 0.026780931976432776
1765 0.2267660633745492 0.21158599920883647 10 0.027816411682892908
1766 0.5062013271380994 0.26813711040049043 5 0.026780931976432776
1766 0.22618258521212983 0.2117805341401954 10 0.027816411682892908
1767 0.5065398336368113 0.2672436664693774 5 0.026780931976432776
1767 0.22562839822855169 0.2120298904572019 10 0.027816411682892908
1768 0.5070974923779841 0.2661678543717386 5 0.026780931976432776
1768 0.22487059043616328 0.21240220874761523 10 0.027816411682892908
1769 0.507554834004955 0.2651676101254001 5 0.026780931976432776
1769 0.22423006506652365 0.2126951852363373 10 0.027816411682892908
1770 0.5078083233794088 0.26427096013621254 5 0.026780931976432776
1770 0.2236869172170209 0.21293312843108553 10 0.027816411682892908
1771 0.5078988149754798 0.2634145314368774 5 0.026780931976432776
1771 0.22316077451512145 0.2132001170647801 10 0.027816411682892908
1772 0.5083390574899544 0.26236872036730896 5 0.026780931976432776
1772 0.22244683776147028 0.21356931459557793 10 0.027816411682892908
1773 0.508907226375483 0.2614455446872396 5 0.026780931976432776
1773 0.22188873506558746 0.21387456392886922 10 0.027816411682892908
1774 0.5094112489400703 0.26058337078218663 5 0.026780931976432776
1774 0.22136903541823724 0.2141598978662945 10 0.027816411682892908
1775 0.5097949962699936 0.25964123314582876 5 0.026780931976432776
1775 0.2206033030904866 0.2148765889821358 10 0.027808676307007785
1776 0.5101938771164737 0.25874498573012783 5 0.026780931976432776
1776 0.22001582147527404 0.21512655116289642 10 0.027808676307007785
1777 0.5105463663881349 0.2579277594747086 5 0.026780931976432776
1777 0.2194742963216021 0.2153460520653641 10 0.027808676307007785
1778 0.5109086532091142 0.2571645012593794 5 0.026780931976432776
1778 0.21895518530527167 0.2156458717901235 10 0.027808676307007785
1779 0.511453020627276 0.2562203701267727 5 0.026780931976432776
1779 0.2182588464928191 0.21599979440154185 10 0.027808676307007785
1780 0.5118324139165938 0.25533517964664565 5 0.026780931976432776
1780 0.2176084115193421 0.21627350934748785 10 0.027808676307007785
1781 0.5120051320834053 0.25451468498410934 5 0.026780931976432776
1781 0.217018055280376 0.21645331739437285 10 0.027808676307007785
1782 0.5120067983883712 0.2537410342184162 5 0.026780931976432776
1782 0.21649377628788918 0.216685123368812 10 0.027808676307007785
1783 0.5124947519066082 0.2527877450086313 5 0.026780931976432776
1783 0.21588186667613143 0.21705382818501878 10 0.027808676307007785
1784 0.5130426072238137 0.251289322739715 5 0.026766595289079226
1784 0.21534159983451145 0.2173540483557106 10 0.027808676307007785
1785 0.5133132146481307 0.2504552784081448 5 0.026766595289079226
1785 0.21483503170432855 0.21755421784357526 10 0.027808676307007785
1786 0.5131361273023944 0.2496433207476454 5 0.026766595289079226
1786 0.21439115789200316 0.21780004096889885 10 0.027808676307007785
1787 0.5134853544180108 0.248595208188152 5 0.026766595289079226
1787 0.2138100471514796 0.21813426577365794 10 0.027808676307007785
1788 0.5138358077181684 0.24768823669861031 5 0.026766595289079226
1788 0.21335407007219903 0.21841996026546626 10 0.027808676307007785
1789 0.5139639837058749 0.24683134150935065 5 0.026766595289079226
1789 0.21294559329901844 0.2186553933352311 10 0.027808676307007785
1790 0.5141870015263444 0.24580806276082562 5 0.026766595289079226
1790 0.21240498754630308 0.21895543906446444 10 0.027808676307007785
1791 0.5144277989440894 0.24487536741582389 5 0.026766595289079226
1791 0.2118775781865218 0.21914991307941825 10 0.027808676307007785
1792 0.5143974689699675 0.2440365525134697 5 0.026766595289079226
1792 0.21143578364290572 0.21929808513635937 10 0.027808676307007785
1793 0.5145488368359183 0.2432443827864069 5 0.026766595289079226
1793 0.21108317814718988 0.2195198078842242 10 0.027808676307007785
1794 0.5147876700257431 0.24226730163038362 5 0.026766595289079226
1794 0.21060599991792306 0.2199284785538947 10 0.027808676307007785
1795 0.5149206625276974 0.24137760552179746 5 0.026766595289079226
1795 0.21012310056249417 0.22018991722502065 10 0.027808676307007785
1796 0.5150804322648425 0.24056614615858923 5 0.026766595289079226
1796 0.20964313860136868 0.22035913241565575 10 0.027808676307007785
1797 0.5154278961396224 0.2398351617112895 5 0.026766595289079226
1797 0.20928636008504684 0.22059479352152667 10 0.027808676307007785
1798 0.5160079349275948 0.2389216229567639 5 0.026766595289079226
1798 0.2088496514494123 0.22097162348249616 10 0.027808676307007785
1799 0.5163271896342325 0.2381573818100108 5 0.026766595289079226
1799 0.20851357886210006 0.22131199022753334 10 0.027808676307007785
1800 0.5163497725128519 0.23742027849351213 5 0.026766595289079226
1800 0.20818549931314942 0.22160362557065927 10 0.027808676307007785
1801 0.5164706452249865 0.23651641242441826 5 0.026766595289079226
1801 0.20773495196132194 0.22191055348206107 10 0.027808676307007785
1802 0.5165386820498628 0.23572596650669983 5 0.026766595289079226
1802 0.20733516681377867 0.22212473928911938 10 0.027808676307007785
1803 0.5163458404844145 0.23502225212214062 5 0.026766595289079226
1803 0.20701529431804805 0.22229639821577937 10 0.027808676307007785
1804 0.5164597325273542 0.234359751485596 5 0.026766595289079226
1804 0.20678142770239746 0.22257270389086758 10 0.027808676307007785
1805 0.5167535880145082 0.2335492589792978 5 0.026766595289079226
1805 0.20643503980615213 0.22307231544293438 10 0.027808676307007785
1806 0.5166530005714952 0.23282446900607656 5 0.026766595289079226
1806 0.20604637645424123 0.22340270660898026 10 0.027808676307007785
1807 0.5167348524047866 0.2321954868970535 5 0.026766595289079226
1807 0.20572515059309246 0.2236273087949666 10 0.027808676307007785
1808 0.5170723557952523 0.23160001105957223 5 0.026766595289079226
1808 0.2055162422259679 0.22390166540914164 10 0.027808676307007785
1809 0.5175060895965167 0.23076669970728653 5 0.026766595289079226
1809 0.20529498019992737 0.2243772991602222 10 0.027808676307007785
1810 0.5174351552758977 0.23000946931626678 5 0.026766595289079226
1810 0.20501733898317848 0.22467456803931607 10 0.027808676307007785
1811 0.5175868983097882 0.2293448096526108 5 0.026766595289079226
1811 0.20472803453529317 0.2248671679017356 10 0.027808676307007785
1812 0.5179984631916951 0.22871597060102192 5 0.026766595289079226
1812 0.2044308656004167 0.22512359805494345 10 0.027808676307007785
1813 0.5186922333518766 0.22791019807208196 5 0.026766595289079226
1813 0.20409668240380507 0.22555153227608163 10 0.027808676307007785
1814 0.5190413644361316 0.2272025434504485 5 0.026766595289079226
1814 0.20391372496773852 0.22588833668461383 10 0.027808676307007785
1815 0.5194397322014077 0.22656605472571184 5 0.026766595289079226
1815 0.2037643971864866 0.22617978473133635 10 0.027808676307007785
1816 0.5198328270973936 0.22584472778727105 5 0.026766595289079226
1816 0.20358299088445392 0.226540992728415 10 0.027808676307007785
1817 0.5200350236785366 0.22519392127057597 5 0.026766595289079226
1817 0.20338497071685585 0.2267806081773563 10 0.027808676307007785
1818 0.5202030593678972 0.2246113844262639 5 0.026766595289079226
1818 0.20322535899821298 0.22696356250481142 10 0.027808676307007785
1819 0.5205142784942466 0.22406404482768888 5 0.026766595289079226
1819 0.20307952442909563 0.22725114021554801 10 0.027808676307007785
1820 0.5208901260314238 0.22338355003848126 5 0.026766595289079226
1820 0.2030067309989009 0.2278001325735599 10 0.027808676307007785
1821 0.5211292560697448 0.22221113043941335 5 0.02675227394328518
1821 0.20290375550089737 0.22850433881673338 10 0.02780094523213789
1822 0.5213564180432704 0.22163146261097205 5 0.02675227394328518
1822 0.20276348668420838 0.22871481632767834 10 0.02780094523213789
1823 0.5214194619103382 0.22107288087050975 5 0.02675227394328518
1823 0.20272066319254387 0.2289980325190129 10 0.02780094523213789
1824 0.5219284510496529 0.2203097738278533 5 0.02675227394328518
1824 0.2025821693237761 0.2294978792453226 10 0.02780094523213789
1825 0.5223525499502804 0.21966120627467056 5 0.02675227394328518
1825 0.20244915059131552 0.22986869113878905 10 0.02780094523213789
1826 0.5225451882249906 0.21908172130400158 5 0.02675227394328518
1826 0.2021831240167619 0.230106782786267 10 0.02780094523213789
1827 0.5224787634428443 0.21853771858605744 5 0.02675227394328518
1827 0.20193360003999256 0.23037829736577936 10 0.02780094523213789
1828 0.5226512671098754 0.21796666943475426 5 0.02675227394328518
1828 0.20191419946837058 0.2309459284931789 10 0.02780094523213789
1829 0.5228028773461277 0.21737137863840497 5 0.02675227394328518
1829 0.20179894593535513 0.23133169897634703 10 0.02780094523213789
1830 0.5227221723682902 0.21682180254924027 5 0.02675227394328518
1830 0.20175526716947792 0.23164231454596682 10 0.02780094523213789
1831 0.5227016543213778 0.21626514730467675 5 0.02675227394328518
1831 0.20174193791241843 0.23212371961529105 10 0.02780094523213789
1832 0.5229349004798233 0.2156923743291292 5 0.02675227394328518
1832 0.2015252341654959 0.23239374584694525 10 0.02780094523213789
1833 0.5230308026066818 0.2151712684713898 5 0.02675227394328518
1833 0.20133052113478905 0.23256308745748505 10 0.02780094523213789
1834 0.5227634388364272 0.2146531922519414 5 0.02675227394328518
1834 0.20120176595578868 0.2328131421795235 10 0.02780094523213789
1835 0.5228782079978369 0.21409055962731022 5 0.02675227394328518
1835 0.2011660329616166 0.23332956068146146 10 0.02780094523213789
1836 0.5230414594414621 0.2134972633802868 5 0.02675227394328518
1836 0.20099025744692325 0.23361260219697794 10 0.02780094523213789
1837 0.5228744350836342 0.21294681640527005 5 0.02675227394328518
1837 0.20068556412520627 0.2337306446434669 10 0.02780094523213789
1838 0.522948755651049 0.2124688498022628 5 0.02675227394328518
1838 0.2004729376924471 0.23391217073905532 10 0.02780094523213789
1839 0.5232744676030946 0.2119943701192672 5 0.02675227394328518
1839 0.20054232818539797 0.234353725234366 10 0.02780094523213789
1840 0.5234408082664781 0.21149229457701263 5 0.02675227394328518
1840 0.20057663985989566 0.23468810699300197 10 0.02780094523213789
1841 0.5232549847901492 0.21102864878716984 5 0.02675227394328518
1841 0.20056464529878607 0.23499355510648443 10 0.02780094523213789
1842 0.5232325945880497 0.21052308385085666 5 0.02675227394328518
1842 0.2005158794561456 0.23541040780393763 10 0.02780094523213789
1843 0.5232059533764236 0.2100376622966858 5 0.02675227394328518
1843 0.20036876904215112 0.23566614518617932 10 0.02780094523213789
1844 0.5229852685496038 0.20961926732243374 5 0.02675227394328518
1844 0.20032080501821475 0.2358237547391072 10 0.02780094523213789
1845 0.5230672959702909 0.2092280436031413 5 0.02675227394328518
1845 0.20047490942585572 0.23606977493731315 10 0.02780094523213789
1846 0.5233690902866704 0.2087760969936911 5 0.02675227394328518
1846 0.2007456496763768 0.2365957456191612 10 0.02780094523213789
1847 0.5235388001238113 0.20831382502675394 5 0.02675227394328518
1847 0.20073337125837262 0.23690380819112877 10 0.02780094523213789
1848 0.5232207304906803 0.20789125982477072 5 0.02675227394328518
1848 0.20060225272710208 0.23706830391890477 10 0.02780094523213789
1849 0.5232736564280194 0.20748237093754213 5 0.02675227394328518
1849 0.20054035747807863 0.237295743047018 10 0.02780094523213789
1850 0.5236367026008726 0.20703716507026027 5 0.02675227394328518
1850 0.20067556084590973 0.23781989301953801 10 0.02780094523213789
1851 0.5239458702972231 0.20661316158783408 5 0.02675227394328518
1851 0.20068931330936524 0.238232257754244 10 0.02780094523213789
1852 0.5232973476358095 0.2057746291405965 5 0.026737967914438502
1852 0.20057285538127378 0.23861636464411515 10 0.02780094523213789
1853 0.5234323848946902 0.205294785663613 5 0.026737967914438502
1853 0.20048760783599198 0.2391593880032056 10 0.02780094523213789
1854 0.5234658276659511 0.2048865901156954 5 0.026737967914438502
1854 0.20047376269697798 0.2394915184445428 10 0.02780094523213789
1855 0.5235070908645623 0.20454152062349099 5 0.026737967914438502
1855 0.20055209079633657 0.23964867448096178 10 0.02780094523213789
1856 0.5236552520677649 0.20423052110220227 5 0.026737967914438502
1856 0.20071340681099975 0.23983535578129747 10 0.02780094523213789
1857 0.5237540617788534 0.20387574318578472 5 0.026737967914438502
1857 0.20092965998979584 0.2402206485259529 10 0.02780094523213789
1858 0.5233983713265413 0.20352181856782942 5 0.026737967914438502
1858 0.20086491867949255 0.24045644268365401 10 0.02780094523213789
1859 0.5232467871604082 0.20322121323112974 5 0.026737967914438502
1859 0.200713427228205 0.2406157104733159 10 0.02780094523213789
1860 0.5234370932399612 0.20290140547069474 5 0.026737967914438502
1860 0.20070474383163 0.240867842364859 10 0.02780094523213789
1861 0.5234934787767296 0.20250641736746142 5 0.026737967914438502
1861 0.20092704721824045 0.24139884683153942 10 0.02780094523213789
1862 0.5229794134617243 0.20214660497760537 5 0.026737967914438502
1862 0.2009530610586475 0.24170446200168053 10 0.02780094523213789
1863 0.5226613806165165 0.2018514790181647 5 0.026737967914438502
1863 0.20087507446347672 0.2418832373241985 10 0.02780094523213789
1864 0.5225516879895858 0.20157694507946924 5 0.026737967914438502
1864 0.2009165958116031 0.2421324051680828 10 0.02780094523213789
1865 0.5224538110054471 0.20121199750489324 5 0.026737967914438502
1865 0.20114558960351703 0.2426302962961379 10 0.02780094523213789
1866 0.5224751688489762 0.20092645796485256 5 0.026737967914438502
1866 0.20141235562022275 0.24305102381983956 10 0.02780094523213789
1867 0.5224948190011927 0.2006750487739656 5 0.026737967914438502
1867 0.20163042964363878 0.24344102038185556 10 0.02780094523213789
1868 0.5221015790992375 0.20039351818658896 5 0.026737967914438502
1868 0.20188592493327664 0.24404723086011687 10 0.02780094523213789
1869 0.5219966672448201 0.2001199058139865 5 0.026737967914438502
1869 0.20191229816246956 0.2443685565048407 10 0.02780094523213789
1870 0.5220136631383868 0.1998873149743027 5 0.026737967914438502
1870 0.2017600254834452 0.24448499307555 10 0.02780094523213789
1871 0.5219599293913393 0.19968075927046314 5 0.026737967914438502
1871 0.20168049732994264 0.24458819031975593 10 0.02780094523213789
1872 0.5213565790624843 0.19946221335420036 5 0.026737967914438502
1872 0.2018348297776192 0.24494736128015546 10 0.02780094523213789
1873 0.5211337941850926 0.19923679967972638 5 0.026737967914438502
1873 0.20178466538547885 0.24511500212876292 10 0.02780094523213789
1874 0.5211346973137 0.19905329120815785 5 0.026737967914438502
1874 0.2016351857646989 0.24520181507346198 10 0.02780094523213789
1875 0.5210843739661897 0.19888173694896938 5 0.026737967914438502
1875 0.2016422794378434 0.24537355316336157 10 0.02780094523213789
1876 0.5203452358704792 0.19873477629675027 5 0.026737967914438502
1876 0.20198171110250596 0.24586914379626554 10 0.02780094523213789
1877 0.5199629937756471 0.19855974479036928 5 0.026737967914438502
1877 0.20212721872972944 0.24616268169412478 10 0.02780094523213789
1878 0.5197437727161848 0.19840887735274318 5 0.026737967914438502
1878 0.20220231162842045 0.24640708581218407 10 0.02780094523213789
1879 0.519495084036139 0.1982368950883263 5 0.026737967914438502
1879 0.20242853452795337 0.246760796865432 10 0.02780094523213789
1880 0.51933879326128 0.19809886654852388 5 0.026737967914438502
1880 0.20263347749807398 0.2469583627598299 10 0.02780094523213789
1881 0.519307355530058 0.19800995896244936 5 0.026737967914438502
1881 0.20277526368832963 0.24704279973654392 10 0.02780094523213789
1882 0.5191859866574546 0.19794246709710855 5 0.026737967914438502
1882 0.20295321826207582 0.24716680761723264 10 0.02780094523213789
1883 0.518679232397175 0.19783439644682593 5 0.026737967914438502
1883 0.20317090940117227 0.2474529534598901 10 0.02780094523213789
1884 0.5183690173981449 0.19770907323546352 5 0.026737967914438502
1884 0.20322696586432926 0.24760198528393965 10 0.02780094523213789
1885 0.5182749792983585 0.19761481754267748 5 0.026737967914438502
1885 0.20322205374339908 0.24767473793975334 10 0.02780094523213789
1886 0.5181643643859821 0.19752350152787584 5 0.026737967914438502
1886 0.20338536067218901 0.24783492026423232 10 0.02780094523213789
1887 0.5175803425196841 0.19742393962270938 5 0.026737967914438502
1887 0.2038370209451577 0.24822720373942442 10 0.02780094523213789
1888 0.5172726120190025 0.19730010455634553 5 0.026737967914438502
1888 0.20408795891888426 0.24845720454013068 10 0.02780094523213789
1889 0.5170684969593468 0.19719334551933787 5 0.026737967914438502
1889 0.20425090436671098 0.2486266567823328 10 0.02780094523213789
1890 0.5165506904074028 0.19708472143173994 5 0.026737967914438502
1890 0.20460505572579027 0.24893860547311583 10 0.02780094523213789
1891 0.5163152860036525 0.1969853211783341 5 0.026737967914438502
1891 0.20488774650813046 0.24910533809018606 10 0.02780094523213789
1892 0.5162508975323603 0.19692199920563702 5 0.026737967914438502
1892 0.20508935904107375 0.24915544393704642 10 0.02780094523213789
1893 0.5160631356391393 0.19686597227274763 5 0.026737967914438502
1893 0.20537812370438316 0.249250328075502 10 0.02780094523213789
1894 0.5153250718758635 0.1967463002100302 5 0.026737967914438502
1894 0.205808890196934 0.2494783220023266 10 0.02780094523213789
1895 0.5148286910311409 0.19665834055724676 5 0.026737967914438502
1895 0.20603524192891814 0.24958993184091768 10 0.02780094523213789
1896 0.5144537726058959 0.19660218916503425 5 0.026737967914438502
1896 0.20613137281002908 0.249604401894611 10 0.02780094523213789
1897 0.5138308662192572 0.19656840308056583 5 0.026737967914438502
1897 0.20635781510261658 0.2496783472199647 10 0.02780094523213789
1898 0.5135628114936636 0.19652873685925523 5 0.026737967914438502
1898 0.20688448091226236 0.24994436864338057 10 0.02780094523213789
1899 0.5135280354206824 0.19649306648906464 5 0.026737967914438502
1899 0.2071587313388248 0.25008102600218796 10 0.02780094523213789
1900 0.5137564836186966 0.19675922037774798 5 0.02675227394328518
1900 0.2072947801628005 0.25012922492063916 10 0.02780094523213789
1901 0.5135401758017414 0.1967783255796441 5 0.02675227394328518
1901 0.20760394598975615 0.2502505133708516 10 0.02780094523213789
1902 0.5125121768056295 0.196806070735902 5 0.02675227394328518
1902 0.20827264156353187 0.25062193988259807 10 0.02780094523213789
1903 0.5120615322935765 0.1967988347126674 5 0.02675227394328518
1903 0.20862861751910602 0.25082293060237704 10 0.02780094523213789
1904 0.5120934067200975 0.19681554736492776 5 0.02675227394328518
1904 0.20888505996567464 0.25098279772617615 10 0.02780094523213789
1905 0.5120288324367988 0.19683793495194504 5 0.02675227394328518
1905 0.20986462513692325 0.25163249603149707 10 0.027793218454697052
1906 0.5113818984927441 0.19685594123966507 5 0.02675227394328518
1906 0.21038263251224198 0.2517926396063513 10 0.027793218454697052
1907 0.5109486671008988 0.1969153137196825 5 0.02675227394328518
1907 0.2108323187793441 0.2518416533179423 10 0.027793218454697052
1908 0.5106406233550267 0.19699103469571244 5 0.02675227394328518
1908 0.2113373366152819 0.251918753817325 10 0.027793218454697052
1909 0.5100468000292564 0.19701594956972712 5 0.02675227394328518
1909 0.2118208549055311 0.2521500313186261 10 0.027793218454697052
1910 0.5097558904649836 0.19704649799370805 5 0.02675227394328518
1910 0.21206575379201617 0.2522138054824087 10 0.027793218454697052
1911 0.5096822828310861 0.1971208691497724 5 0.02675227394328518
1911 0.21229157151164557 0.252167370896809 10 0.027793218454697052
1912 0.5094880347928823 0.19722519897459095 5 0.02675227394328518
1912 0.21281328166608598 0.25217808108562056 10 0.027793218454697052
1913 0.5086409439691849 0.1973323277984636 5 0.02675227394328518
1913 0.21338208070986714 0.25238409891648483 10 0.027793218454697052
1914 0.508220765227655 0.19743334239703894 5 0.02675227394328518
1914 0.2137844651091879 0.25251024621367113 10 0.027793218454697052
1915 0.5080709682003783 0.19754628425609538 5 0.02675227394328518
1915 0.21423164707239395 0.2526241408916102 10 0.027793218454697052
1916 0.5076584036051658 0.19767173001079838 5 0.02675227394328518
1916 0.21500096937677418 0.2528848187721101 10 0.027793218454697052
1917 0.50752025559253 0.19779182479473292 5 0.02675227394328518
1917 0.21543417591980588 0.2529764925642527 10 0.027793218454697052
1918 0.5075114765164019 0.1979017460146512 5 0.02675227394328518
1918 0.21564989537444795 0.252957673487069 10 0.027793218454697052
1919 0.5072815111569339 0.19802430575546143 5 0.02675227394328518
1919 0.21600408871443402 0.25301322556770744 10 0.027793218454697052
1920 0.5064735477259809 0.19811896924200376 5 0.02675227394328518
1920 0.21676582919432494 0.25327340795801734 10 0.027793218454697052
1921 0.5058965868142267 0.19821223004347915 5 0.02675227394328518
1921 0.21735077086915844 0.2533698735683321 10 0.027793218454697052
1922 0.5053959020221683 0.1983662438193255 5 0.02675227394328518
1922 0.2177949184158424 0.25329275588731615 10 0.027793218454697052
1923 0.5047267300070247 0.19855462569532978 5 0.02675227394328518
1923 0.21830115790982946 0.25319598361490336 10 0.027793218454697052
1924 0.5044828968863281 0.19872242047831218 5 0.02675227394328518
1924 0.21879130414802442 0.2532107248639512 10 0.027793218454697052
1925 0.5045174883351411 0.19883611769100126 5 0.02675227394328518
1925 0.2193385601654454 0.25342101703311415 10 0.027793218454697052
1926 0.5042895479614055 0.19894831811327546 5 0.02675227394328518
1926 0.21981609845570196 0.2535771635921236 10 0.027793218454697052
1927 0.5031202355813911 0.19908674087188175 5 0.02675227394328518
1927 0.2204453351406571 0.25372370381438 10 0.027793218454697052
1928 0.5024094742200923 0.19924874308829615 5 0.02675227394328518
1928 0.220674874332858 0.2536534549967985 10 0.027793218454697052
1929 0.5021114707991046 0.199450258427779 5 0.02675227394328518
1929 0.22072120698253114 0.2535048869600398 10 0.027793218454697052
1930 0.5017751553029827 0.19968877041883198 5 0.02675227394328518
1930 0.22087876790360866 0.25341703637275975 10 0.027793218454697052
1931 0.5007483128315253 0.19990001125338352 5 0.02675227394328518
1931 0.22133458598020123 0.2534780974063505 10 0.027793218454697052
1932 0.5001409386679323 0.20016325849725067 5 0.02675227394328518
1932 0.2215562914206509 0.25343815167500205 10 0.027793218454697052
1933 0.4998576076116933 0.20043686333244698 5 0.02675227394328518
1933 0.2216638933197524 0.25332464989770787 10 0.027793218454697052
1934 0.49946816948042194 0.20069806502592097 5 0.02675227394328518
1934 0.22189142896809022 0.2532701458449341 10 0.027793218454697052
1935 0.4983967860148229 0.20089433197314546 5 0.02675227394328518
1935 0.2224080693355878 0.2533259868568791 10 0.027793218454697052
1936 0.4976450411930986 0.20113419711863506 5 0.02675227394328518
1936 0.2227304143223397 0.2532603008214941 10 0.027793218454697052
1937 0.49705589802846023 0.20141485794244235 5 0.02675227394328518
1937 0.22300654706914855 0.253103649892999 10 0.027793218454697052
1938 0.49610753917351386 0.20170787936098106 5 0.02675227394328518
1938 0.22346374041752864 0.2530057430060278 10 0.027793218454697052
1939 0.495805916729933 0.20197697611452284 5 0.02675227394328518
1939 0.2239142417213949 0.25304448734625284 10 0.027793218454697052
1940 0.4957150362139762 0.20228468484085232 5 0.02675227394328518
1940 0.22415390236827543 0.25300452461415845 10 0.027793218454697052
1941 0.49542845864386925 0.2026208729417299 5 0.02675227394328518
1941 0.22440933787460127 0.25292897546682147 10 0.027793218454697052
1942 0.4943384298696321 0.2029129938248158 5 0.02675227394328518
1942 0.22499289157940514 0.25296083429483784 10 0.027793218454697052
1943 0.4936355660139348 0.2032282997249316 5 0.02675227394328518
1943 0.22606868505861674 0.25316184802332076 10 0.02778549597110308
1944 0.4930422513780292 0.20356947304761838 5 0.02675227394328518
1944 0.22664750012563456 0.25303827515134414 10 0.02778549597110308
1945 0.49228908768378316 0.20388147923781622 5 0.02675227394328518
1945 0.22706678482823875 0.2529577164286693 10 0.02778549597110308
1946 0.4918543957819194 0.20416137746708252 5 0.02675227394328518
1946 0.22742828940174925 0.25299605912487994 10 0.02778549597110308
1947 0.4916088862957427 0.20447016101852417 5 0.02675227394328518
1947 0.2276930498875637 0.2529068280988523 10 0.02778549597110308
1948 0.4910437682551829 0.20482248998913413 5 0.02675227394328518
1948 0.22807081123627534 0.25271910049786955 10 0.02778549597110308
1949 0.4884203646283412 0.20507049044446007 5 0.026737967914438502
1949 0.2283710706039249 0.25284483780871414 10 0.02778549597110308
1950 0.4877515798032867 0.2054256340464638 5 0.026737967914438502
1950 0.22842484622130227 0.25261962832541046 10 0.027793218454697052
1951 0.4867204992875546 0.2057947112356357 5 0.026737967914438502
1951 0.22865654383200643 0.25302505005850884 10 0.027793218454697052
1952 0.4861541708550744 0.20620510333750813 5 0.026737967914438502
1952 0.22851422389330192 0.25261055033012286 10 0.02780094523213789
1953 0.48591625612330025 0.20661866033939108 5 0.026737967914438502
1953 0.22884310353686116 0.2530013220267801 10 0.02780094523213789
1954 0.48553514423462396 0.20698573238778292 5 0.026737967914438502
1954 0.22890314484390198 0.2527558631301622 10 0.027808676307007785
1955 0.48424069287183313 0.2073495266921558 5 0.026737967914438502
1955 0.22888225028796017 0.25244643634648656 10 0.027816411682892908
1956 0.48342048073759747 0.2077069294494874 5 0.026737967914438502
1956 0.22949650015381465 0.25285855848139327 10 0.027816411682892908
1957 0.4827585821496668 0.2080604038914094 5 0.026737967914438502
1957 0.22954958020191912 0.25259623846800994 10 0.027824151363383415
1958 0.48146460697866067 0.2084402045309594 5 0.026737967914438502
1958 0.23001282557715244 0.25297879725939837 10 0.027824151363383415
1959 0.48070998031626255 0.20885559818198898 5 0.026737967914438502
1959 0.22988223277177727 0.25255617101336325 10 0.027831895352073477
1960 0.4804902841352378 0.20927684854172632 5 0.026737967914438502
1960 0.23036822633140805 0.252958751252608 10 0.027831895352073477
1961 0.4802910851922168 0.20968092760145782 5 0.026737967914438502
1961 0.23050676823428415 0.25279114840226086 10 0.027839643652561245
1962 0.47946356645766947 0.21009221187199176 5 0.026737967914438502
1962 0.23051883982109725 0.2525077818990628 10 0.0278473962684489
1963 0.4790058544111563 0.21053727057204905 5 0.026737967914438502
1963 0.23101205865505303 0.252878289386865 10 0.0278473962684489
1964 0.47886173506630597 0.21098301247350207 5 0.026737967914438502
1964 0.2309764968298289 0.2525331271698896 10 0.027855153203342618
1965 0.4785401270741638 0.21139861592446568 5 0.026737967914438502
1965 0.2314755157269079 0.25305580537382244 10 0.027855153203342618
1966 0.47747560335060346 0.21180466914438 5 0.026737967914438502
1966 0.23146646860407477 0.2527402291161525 10 0.0278629144608526
1967 0.47673217541420715 0.21223704275777697 5 0.026737967914438502
1967 0.23162102007517754 0.25313795222966784 10 0.0278629144608526
1968 0.47610027139201766 0.2126595059126084 5 0.026737967914438502
1968 0.2316615955672102 0.25286936636475826 10 0.027870680044593088
1969 0.47520419678902126 0.21308489781125983 5 0.026737967914438502
1969 0.2317921959842076 0.2532563800151199 10 0.027870680044593088
1970 0.4744911275125471 0.21353182701139076 5 0.026737967914438502
1970 0.23168025601784495 0.2528419476002476 10 0.02787844995818232
1971 0.4737706518907183 0.21397339062204707 5 0.026737967914438502
1971 0.23164979600625274 0.2524965036776138 10 0.02788622420524261
1972 0.47256089036592047 0.2144011091333154 5 0.026737967914438502
1972 0.23222501166435533 0.2530167698690119 10 0.02788622420524261
1973 0.4718054407128327 0.21485586770233303 5 0.026737967914438502
1973 0.2321726405697619 0.2526670222156081 10 0.02789400278940028
1974 0.4714147201750857 0.2153543840461177 5 0.026737967914438502
1974 0.23269830836450806 0.25297496925470037 10 0.02789400278940028
1975 0.47105715349891586 0.2158672382734325 5 0.026737967914438502
1975 0.2326258202167369 0.25257990768002736 10 0.027901785714285712
1976 0.47033987440896075 0.2163488386516768 5 0.026737967914438502
1976 0.23331809456939562 0.25263425514683485 10 0.027901785714285712
1977 0.4697975982516738 0.21686513168949234 5 0.026737967914438502
1977 0.23323782466872514 0.2522386798379529 10 0.027909572983533353
1978 0.46945462364574986 0.21740090893389877 5 0.026737967914438502
1978 0.2336583764665278 0.2514435680287213 10 0.027909572983533353
1979 0.46890447447293926 0.21793230827278345 5 0.026737967914438502
1979 0.2341463821758715 0.2507230097833706 10 0.027909572983533353
1980 0.46789448579251197 0.21837938289306283 5 0.026737967914438502
1980 0.23468435318534092 0.25012214419075296 10 0.027909572983533353
1981 0.4669989556213867 0.21883853545940157 5 0.026737967914438502
1981 0.23502027574389386 0.24946727283600084 10 0.027909572983533353
1982 0.464585294901814 0.2192626259370875 5 0.026723677177979688
1982 0.23531352213461448 0.24876323804200812 10 0.027909572983533353
1983 0.46385255136935627 0.21976470804024126 5 0.026723677177979688
1983 0.23584418060755988 0.24810331500384905 10 0.027909572983533353
1984 0.4634377906746766 0.22028712274440462 5 0.026723677177979688
1984 0.23575864424825155 0.24770041831850823 10 0.02791736460078168
1985 0.4628876241101162 0.2208332483583348 5 0.026723677177979688
1985 0.2360071026417406 0.2469212801726949 10 0.02791736460078168
1986 0.4616229331412696 0.2213573790087226 5 0.026723677177979688
1986 0.2362826819820464 0.24621824561320232 10 0.02791736460078168
1987 0.46086306901395113 0.22186126349238725 5 0.026723677177979688
1987 0.23677094823487735 0.2456549453631181 10 0.02791736460078168
1988 0.4604638243577819 0.22240252884783102 5 0.026723677177979688
1988 0.23731096218833997 0.24497918467225438 10 0.02791736460078168
1989 0.45997856082219474 0.22298992219246266 5 0.026723677177979688
1989 0.23779458998429504 0.24422617852555722 10 0.02791736460078168
1990 0.4589476512746593 0.22356707110504245 5 0.026723677177979688
1990 0.2384010921434625 0.2437467855103979 10 0.02791736460078168
1991 0.4583480032186193 0.22409819778768036 5 0.026723677177979688
1991 0.23916284380995853 0.24364894737123427 10 0.02791736460078168
1992 0.457936011119795 0.22462558704030117 5 0.026723677177979688
1992 0.23971049086577803 0.24352130362263597 10 0.02791736460078168
1993 0.4572178549533098 0.2251715277373485 5 0.026723677177979688
1993 0.24011088349594253 0.24337728305371584 10 0.02791736460078168
1994 0.455782502987817 0.225645179925157 5 0.026723677177979688
1994 0.24061760891277664 0.243282911797573 10 0.02791736460078168
1995 0.4543167765910642 0.22616883931695414 5 0.026723677177979688
1995 0.24126861946757017 0.24310256061920515 10 0.02791736460078168
1996 0.4525875747993743 0.22672683564736743 5 0.026723677177979688
1996 0.24173156654609423 0.24288419460379201 10 0.02791736460078168
1997 0.4518350397714276 0.22730790009619617 5 0.026723677177979688
1997 0.2421635111811952 0.24274003551048245 10 0.02791736460078168
1998 0.45173533149757217 0.22782393397058848 5 0.026723677177979688
1998 0.24280712474921512 0.24271604222878024 10 0.02791736460078168
1999 0.4511367196169144 0.22840741873950443 5 0.026723677177979688
1999 0.24350214381138485 0.24259841596990142 10 0.02791736460078168
2000 0.4494626293076037 0.22901728482602518 5 0.026723677177979688
2000 0.24407638581151878 0.24241160652021976 10 0.02791736460078168
2001 0.4485648108159993 0.22963065630389842 5 0.026723677177979688
2001 0.24474549776588161 0.24229331270824792 10 0.02791736460078168
2002 0.44835414031415255 0.23018404268944676 5 0.026723677177979688
2002 0.24561729649699077 0.24230153277058603 10 0.02791736460078168
2003 0.44796789892004085 0.23077451305697538 5 0.026723677177979688
2003 0.2462288825811952 0.24219427699488466 10 0.02791736460078168
2004 0.446755696599904 0.23137226810595385 5 0.026723677177979688
2004 0.246685258979981 0.24199651382806575 10 0.02791736460078168
2005 0.44585164530568006 0.23196676727469234 5 0.026723677177979688
2005 0.24729621213312863 0.2418283482209554 10 0.02791736460078168
2006 0.4450707933235554 0.23251110663974925 5 0.026723677177979688
2006 0.24828570663196287 0.24177499526764779 10 0.02791736460078168
2007 0.44388198244486804 0.2330824377555293 5 0.026723677177979688
2007 0.2489570960392184 0.2416437403500816 10 0.02791736460078168
2008 0.44315006319295025 0.23368726731316203 5 0.026723677177979688
2008 0.24946549653732406 0.24147046815771636 10 0.02791736460078168
2009 0.44282437385272494 0.23426992006157285 5 0.026723677177979688
2009 0.25012791366037995 0.2413640978451089 10 0.02791736460078168
2010 0.4422480930241274 0.2348942606710091 5 0.026723677177979688
2010 0.2509937094868976 0.2411649986612953 10 0.02791736460078168
2011 0.44088349553883377 0.2355243887268002 5 0.026723677177979688
2011 0.25168790150113496 0.2409251993029709 10 0.02791736460078168
2012 0.439951695187477 0.23615060327708615 5 0.026723677177979688
2012 0.2523943806725681 0.24075746525357067 10 0.02791736460078168
2013 0.43957449192498244 0.2367361114551055 5 0.026723677177979688
2013 0.25328354207102993 0.24070702888683954 10 0.02791736460078168
2014 0.4390319988528624 0.2373549939051908 5 0.026723677177979688
2014 0.25396820859742913 0.24054330821137654 10 0.02791736460078168
2015 0.4385760776074495 0.2379948775406492 5 0.026723677177979688
2015 0.25460914527866885 0.24027926905097843 10 0.02791736460078168
2016 0.4383778569641718 0.2385983786717521 5 0.026723677177979688
2016 0.25541243127385405 0.2400504287376546 10 0.02791736460078168
2017 0.4382123111130693 0.2391581558438593 5 0.026723677177979688
2017 0.2561537697265744 0.23992867157406578 10 0.02791736460078168
2018 0.437057347291228 0.23973780098675604 5 0.026723677177979688
2018 0.25648297175490015 0.23974674117197728 10 0.02791736460078168
2019 0.4361924996348936 0.24034047223729713 5 0.026723677177979688
2019 0.25672220023084663 0.23953732439736375 10 0.02791736460078168
2020 0.43556275742052397 0.2409315039145934 5 0.026723677177979688
2020 0.25733715885948333 0.2394053510635985 10 0.02791736460078168
2021 0.4346834417643074 0.24156029729226508 5 0.026723677177979688
2021 0.2581721105666138 0.23916022268813802 10 0.02791736460078168
2022 0.4340983636702666 0.24222101698091084 5 0.026723677177979688
2022 0.25869593999563756 0.23882990483417635 10 0.02791736460078168
2023 0.43379044590234284 0.2428828374043721 5 0.026723677177979688
2023 0.2590760778867399 0.23852375239578033 10 0.02791736460078168
2024 0.4332525244301168 0.24352798352491437 5 0.026723677177979688
2024 0.2596148130831367 0.23833677936007563 10 0.02791736460078168
2025 0.43194724669486123 0.2441806190675972 5 0.026723677177979688
2025 0.2603433056594927 0.23805168122180928 10 0.02791736460078168
2026 0.43108994909307013 0.2448769329039326 5 0.026723677177979688
2026 0.2609301916967296 0.23769299255385587 10 0.02791736460078168
2027 0.4308234226175488 0.24560137852684552 5 0.026723677177979688
2027 0.26150662071011566 0.23734638370505906 10 0.02791736460078168
2028 0.43079899800368604 0.24627755242013247 5 0.026723677177979688
2028 0.2621973120688489 0.2371323533413253 10 0.02791736460078168
2029 0.4303080708748742 0.24696103062982216 5 0.026723677177979688
2029 0.26279919318286044 0.236841554800086 10 0.02791736460078168
2030 0.4292334275335926 0.2476407837625961 5 0.026723677177979688
2030 0.26341854341421855 0.236518801352089 10 0.02791736460078168
2031 0.4281425554285631 0.2483116920185508 5 0.026723677177979688
2031 0.2641858639752614 0.23626186221618864 10 0.02791736460078168
2032 0.42722774618080833 0.248962761681917 5 0.026723677177979688
2032 0.2649016983798889 0.23612388444100513 10 0.02791736460078168
2033 0.4268115429197252 0.24964339400606778 5 0.026723677177979688
2033 0.26546475771383726 0.2360310673512936 10 0.027909572983533353
2034 0.4266253728861623 0.25033351808599685 5 0.026723677177979688
2034 0.2659411910764058 0.23576674738118236 10 0.027909572983533353
2035 0.424823953545937 0.2510050966294138 5 0.026709401709401708
2035 0.26671867466755855 0.23555029017964477 10 0.027909572983533353
2036 0.423954457560349 0.251711258507824 5 0.026709401709401708
2036 0.2673337349654086 0.23526028489310907 10 0.027909572983533353
2037 0.4232359743613511 0.252446626617876 5 0.026709401709401708
2037 0.2678631176586524 0.2349214250971649 10 0.027909572983533353
2038 0.4222287604693193 0.2531576994921053 5 0.026709401709401708
2038 0.2684583536782469 0.23463820477949313 10 0.027909572983533353
2039 0.4216970952327951 0.253805654147339 5 0.026709401709401708
2039 0.26918105552016547 0.2345191104384854 10 0.027909572983533353
2040 0.421506665754225 0.25446120523375565 5 0.026709401709401708
2040 0.26987780258224775 0.234298105261484 10 0.027909572983533353
2041 0.4209845990108194 0.25513805737600526 5 0.026709401709401708
2041 0.2705716429026237 0.23398485565933216 10 0.027909572983533353
2042 0.4193906326831073 0.2558037544822591 5 0.026709401709401708
2042 0.27118638419698915 0.233707812010165 10 0.027909572983533353
2043 0.4184258690800136 0.25645552899859514 5 0.026709401709401708
2043 0.271685259685922 0.2335596254214655 10 0.027909572983533353
2044 0.4178388684785218 0.2571189662769566 5 0.026709401709401708
2044 0.2720855439148208 0.23334490319732568 10 0.027909572983533353
2045 0.41702371563563495 0.2578042394094268 5 0.026709401709401708
2045 0.2727313755012256 0.2330951146226583 10 0.027909572983533353
2046 0.4167059209329227 0.2584852750332013 5 0.026709401709401708
2046 0.27365871342642006 0.2329140838838853 10 0.027909572983533353
2047 0.41661051563271645 0.2591839191876138 5 0.026709401709401708
2047 0.2744937517280055 0.23266576195623917 10 0.027909572983533353
2048 0.4162827095930119 0.2599057538740352 5 0.026709401709401708
2048 0.27522735159605066 0.23235542167292594 10 0.027909572983533353
2049 0.4152095993790388 0.26061980592988654 5 0.026709401709401708
2049 0.27592859703488337 0.232063076759915 10 0.027909572983533353
2050 0.41467849204369295 0.26131559294452267 5 0.026709401709401708
2050 0.2767067854206816 0.23185185119599705 10 0.027909572983533353
2051 0.41438766076968203 0.26202923031344894 5 0.026709401709401708
2051 0.2774600461348635 0.23155514802626262 10 0.027909572983533353
2052 0.41392658160488016 0.26276755441986743 5 0.026709401709401708
2052 0.2781730428489846 0.23119792535570244 10 0.027909572983533353
2053 0.4127620877181098 0.2634970098615594 5 0.026709401709401708
2053 0.27881148372281267 0.23088731137606366 10 0.027909572983533353
2054 0.4119005256898386 0.26421328897839275 5 0.026709401709401708
2054 0.2794424873780117 0.23069803626717947 10 0.027909572983533353
2055 0.4112714636696942 0.2649318311721738 5 0.026709401709401708
2055 0.28005113013953664 0.2304418885794799 10 0.027909572983533353
2056 0.4104643507828727 0.26566861888942894 5 0.026709401709401708
2056 0.28076512165782097 0.23013009170145288 10 0.027909572983533353
2057 0.40989317372413303 0.2664216456280776 5 0.026709401709401708
2057 0.28134997227003117 0.22984820178147453 10 0.027909572983533353
2058 0.4096266783363796 0.267173138098386 5 0.026709401709401708
2058 0.28179156945307965 0.22953886872694534 10 0.027909572983533353
2059 0.40918517026693435 0.26792539643726543 5 0.026709401709401708
2059 0.28223438172637005 0.2292457463905611 10 0.027909572983533353
2060 0.4082046767040638 0.26864620608913065 5 0.026709401709401708
2060 0.282845195667233 0.22902294892914865 10 0.027909572983533353
2061 0.40738669134320354 0.269388345444889 5 0.026709401709401708
2061 0.28335250422457736 0.22872024528930446 10 0.027909572983533353
2062 0.4067603368617455 0.27014925319037725 5 0.026709401709401708
2062 0.28386100984409135 0.22832663255487012 10 0.027909572983533353
2063 0.4062249164314731 0.27087827183933133 5 0.026709401709401708
2063 0.28441480605572217 0.22794019048153005 10 0.027909572983533353
2064 0.40603904241010313 0.2715963416085144 5 0.026709401709401708
2064 0.28490724938123596 0.22764833360274533 10 0.027909572983533353
2065 0.4059474699212341 0.2723378328741214 5 0.026709401709401708
2065 0.28522613947887254 0.22729060594538425 10 0.027909572983533353
2066 0.40560396605612625 0.27308754596786383 5 0.026709401709401708
2066 0.28561007120159243 0.22691523224796825 10 0.027909572983533353
2067 0.404767486577692 0.27381273729225947 5 0.026709401709401708
2067 0.28631953323404363 0.22664636127921253 10 0.027909572983533353
2068 0.40456331623733777 0.27448806853156427 5 0.026709401709401708
2068 0.2870904999262539 0.22655978747614425 10 0.027909572983533353
2069 0.4043250405063586 0.27519354113848055 5 0.026709401709401708
2069 0.28760983069200596 0.22638648963114774 10 0.027909572983533353
2070 0.40372702742813527 0.2759278025011462 5 0.026709401709401708
2070 0.28805898748293945 0.22612306345331712 10 0.027909572983533353
2071 0.40327022229004045 0.2766848482923855 5 0.026709401709401708
2071 0.28867085261817194 0.22586060902707872 10 0.027909572983533353
2072 0.40312463565723355 0.27745345232984364 5 0.026709401709401708
2072 0.28902628544986564 0.22549029507313198 10 0.027909572983533353
2073 0.40269089662112456 0.27824371333101794 5 0.026709401709401708
2073 0.28920253619132236 0.22501984735895872 10 0.027909572983533353
2074 0.4013336183401924 0.2790304172101533 5 0.026709401709401708
2074 0.289461337456767 0.22453341311873767 10 0.027909572983533353
2075 0.40030869968240407 0.27978936302070845 5 0.026709401709401708
2075 0.28997912615684435 0.22411919436097855 10 0.027909572983533353
2076 0.3998406934709585 0.2805518224890611 5 0.026709401709401708
2076 0.29032179472737274 0.2236751303563728 10 0.027909572983533353
2077 0.39940213315948814 0.2813255134311134 5 0.026709401709401708
2077 0.2905667273506404 0.22321454502581148 10 0.027909572983533353
2078 0.3983465505399117 0.2820827777021599 5 0.026709401709401708
2078 0.2908851870875429 0.2227902065712541 10 0.027909572983533353
2079 0.39733157373236616 0.2828466005817333 5 0.026709401709401708
2079 0.29134636287934695 0.2224354564540835 10 0.027909572983533353
2080 0.3967713723853431 0.2836047684260745 5 0.026709401709401708
2080 0.291760669332271 0.22206375909335 10 0.027909572983533353
2081 0.3961774121046758 0.28437355531598263 5 0.026709401709401708
2081 0.29217090024295006 0.22170376175076262 10 0.027909572983533353
2082 0.39583922262533916 0.28514292023274473 5 0.026709401709401708
2082 0.2926285545296728 0.22138730413996183 10 0.027909572983533353
2083 0.39569632504751595 0.28591793464900517 5 0.026709401709401708
2083 0.29290962403812115 0.2209919280076475 10 0.027909572983533353
2084 0.39542069098636373 0.2867025099900794 5 0.026709401709401708
2084 0.292780784007944 0.22047681305795117 10 0.02791736460078168
2085 0.39451080854282095 0.287468110794228 5 0.026709401709401708
2085 0.2930205210580657 0.22006867969050953 10 0.02791736460078168
2086 0.3938661253168574 0.28824937079903984 5 0.026709401709401708
2086 0.29333263393405506 0.2196234421234609 10 0.02791736460078168
2087 0.3935043654202108 0.2890071285302929 5 0.026709401709401708
2087 0.2937836248735232 0.21913995232695066 10 0.02791736460078168
2088 0.39317119891291225 0.2897673472139498 5 0.026709401709401708
2088 0.29411710858682927 0.21869515942927462 10 0.02791736460078168
2089 0.3931756593910952 0.29051678426755306 5 0.026709401709401708
2089 0.2944360700840293 0.21832810693131993 10 0.02791736460078168
2090 0.39325551377143764 0.2912832730242157 5 0.026709401709401708
2090 0.2947107170245481 0.21789546954373346 10 0.02791736460078168
2091 0.39321155109141065 0.29206485629417167 5 0.026709401709401708
2091 0.2951053237480436 0.2174134562831941 10 0.02791736460078168
2092 0.39277453416696784 0.2928384225968924 5 0.026709401709401708
2092 0.29547322115700997 0.21697353820096668 10 0.02791736460078168
2093 0.39279069350819884 0.29358984665339805 5 0.026709401709401708
2093 0.29587828585017195 0.21663453896982796 10 0.02791736460078168
2094 0.39289219795859226 0.2943632836558526 5 0.026709401709401708
2094 0.29617343961454246 0.2162449203495546 10 0.02791736460078168
2095 0.39286332697755305 0.2951535519326964 5 0.026709401709401708
2095 0.2963529435571147 0.21583369343078734 10 0.02791736460078168
2096 0.3924854702188806 0.2959170030687817 5 0.026709401709401708
2096 0.2965456827768257 0.2154865496704875 10 0.02791736460078168
2097 0.39214678109430817 0.2966966440204017 5 0.026709401709401708
2097 0.29672382478130344 0.21505027710373184 10 0.02791736460078168
2098 0.3918045896433652 0.2974954875544045 5 0.026709401709401708
2098 0.29697620595093227 0.21453740463709647 10 0.02791736460078168
2099 0.39139832008371944 0.29829895898812886 5 0.026709401709401708
2099 0.29724682147006454 0.214031743303322 10 0.02791736460078168
2100 0.3911231910367654 0.29909393136081236 5 0.026709401709401708
2100 0.29751428658541706 0.21360214329963342 10 0.02791736460078168
2101 0.39096296307646367 0.2998951606096919 5 0.026709401709401708
2101 0.2976773485557997 0.21308728069142663 10 0.02791736460078168
2102 0.39055056658547455 0.3007165531745842 5 0.026709401709401708
2102 0.2977206231185482 0.21249355889997146 10 0.02791736460078168
2103 0.39036603993791946 0.30154975818294927 5 0.026709401709401708
2103 0.2977312233842945 0.21190602875265796 10 0.02791736460078168
2104 0.39036364253077743 0.30237557039005586 5 0.026709401709401708
2104 0.2978295541634378 0.21138121040953767 10 0.02791736460078168
2105 0.3902518485016921 0.30320727850144213 5 0.026709401709401708
2105 0.29793494117814373 0.2108450572096309 10 0.02791736460078168
2106 0.38970952529183417 0.30403612513418193 5 0.026709401709401708
2106 0.2980200979340991 0.21034166683591896 10 0.02791736460078168
2107 0.3893553305892139 0.30485839749392096 5 0.026709401709401708
2107 0.29806551283185706 0.20991523811678778 10 0.02791736460078168
2108 0.3892545475189376 0.3056863043475256 5 0.026709401709401708
2108 0.29815732318779636 0.20941726699397192 10 0.02791736460078168
2109 0.3891360632283176 0.30653096709283434 5 0.026709401709401708
2109 0.2986668569908921 0.20891198754355506 10 0.027909572983533353
2110 0.38868086673119173 0.30737141589239264 5 0.026709401709401708
2110 0.29875913520528097 0.20837604018970796 10 0.027909572983533353
2111 0.38865853733351274 0.30814197687294265 5 0.026709401709401708
2111 0.2989709193758044 0.20793381642347303 10 0.027909572983533353
2112 0.38864137041064645 0.3089294062358504 5 0.026709401709401708
2112 0.29929409911114635 0.2074350858366257 10 0.027909572983533353
2113 0.38843555638153016 0.3097358467791049 5 0.026709401709401708
2113 0.29953752198834316 0.20691949446103677 10 0.027909572983533353
2114 0.38852798459820986 0.3105344804506921 5 0.026709401709401708
2114 0.2997317503960416 0.20647067427032675 10 0.027909572983533353
2115 0.3887129941909183 0.31134611310231863 5 0.026709401709401708
2115 0.29986635388511296 0.2059754086122882 10 0.027909572983533353
2116 0.3887010589754996 0.3121688545010234 5 0.026709401709401708
2116 0.2998652886808918 0.20543204453094094 10 0.027909572983533353
2117 0.38821320031841844 0.31298794548053943 5 0.026709401709401708
2117 0.29982338220609084 0.2049088994502958 10 0.027909572983533353
2118 0.3878765756739026 0.3137958762365699 5 0.026709401709401708
2118 0.29986550382702404 0.2044448962406437 10 0.027909572983533353
2119 0.3876971853630879 0.31460643486861384 5 0.026709401709401708
2119 0.29991648949901345 0.2039248805728628 10 0.027909572983533353
2120 0.3874286582830865 0.31542784647946637 5 0.026709401709401708
2120 0.29998255949526204 0.20339786830203868 10 0.027909572983533353
2121 0.3873803361097926 0.316245131550332 5 0.026709401709401708
2121 0.2999846871527466 0.20293472909714477 10 0.027909572983533353
2122 0.3874711377614021 0.31707248700465235 5 0.026709401709401708
2122 0.2999508224857115 0.20240712210254022 10 0.027909572983533353
2123 0.387420978429766 0.3178647212575975 5 0.026709401709401708
2123 0.29982836402633045 0.20182284276888302 10 0.027909572983533353
2124 0.3868408436031143 0.3186527370047944 5 0.026709401709401708
2124 0.29976054301871763 0.20124539354960355 10 0.027909572983533353
2125 0.38648116748413375 0.3194405662160055 5 0.026709401709401708
2125 0.2996755750002974 0.20071512335991387 10 0.027909572983533353
2126 0.3862441112888388 0.32022735596356144 5 0.026709401709401708
2126 0.29957876490817437 0.20013694682672561 10 0.027909572983533353
2127 0.3857866034543561 0.321020601485405 5 0.026709401709401708
2127 0.2994747745281972 0.19954128010638386 10 0.027909572983533353
2128 0.38560440185687483 0.32182162496559424 5 0.026709401709401708
2128 0.29952376523947555 0.19903431250464484 10 0.027909572983533353
2129 0.3856308452502556 0.32262148819223235 5 0.026709401709401708
2129 0.29964696057478374 0.19864072979457653 10 0.027909572983533353
2130 0.3856292017889215 0.32342067539239583 5 0.026709401709401708
2130 0.29973304282219987 0.19820842091181906 10 0.027909572983533353
2131 0.38517328513845867 0.32421991548578416 5 0.026709401709401708
2131 0.2997567797147004 0.19772413130175315 10 0.027909572983533353
2132 0.3848957530944547 0.3250200513930274 5 0.026709401709401708
2132 0.2997315425981651 0.19723111191984113 10 0.027909572983533353
2133 0.38472547464378637 0.32581905787918636 5 0.026709401709401708
2133 0.2996906757147093 0.19667242406066426 10 0.027909572983533353
2134 0.38432390239690567 0.3266299136990122 5 0.026709401709401708
2134 0.2997299796644385 0.19607405672989922 10 0.027909572983533353
2135 0.3841787813259339 0.3274607562692639 5 0.026709401709401708
2135 0.2997260420476662 0.1955492313558475 10 0.027909572983533353
2136 0.38431656159255556 0.3283016037980403 5 0.026709401709401708
2136 0.2997760996500586 0.19515317260100956 10 0.027909572983533353
2137 0.3843863657284901 0.32914042841341684 5 0.026709401709401708
2137 0.29982985650533867 0.19473726320384174 10 0.027909572983533353
2138 0.38394776274306125 0.32997638686183584 5 0.026709401709401708
2138 0.2998395103467696 0.19430388322392408 10 0.027909572983533353
2139 0.3837685542776844 0.33082063792818917 5 0.026709401709401708
2139 0.299897050753632 0.19391965505652492 10 0.027909572983533353
2140 0.3836402382770614 0.3316750270040162 5 0.026709401709401708
2140 0.29995623008262345 0.19360388934555967 10 0.027909572983533353
2141 0.38337554191089496 0.3325227878879783 5 0.026709401709401708
2141 0.30002848325747766 0.19325443229094524 10 0.027909572983533353
2142 0.38333641436851934 0.33337285934937005 5 0.026709401709401708
2142 0.30001878748072525 0.19288513909731386 10 0.027909572983533353
2143 0.383351786994777 0.33423145137822563 5 0.026709401709401708
2143 0.30014510218868823 0.19253596506234907 10 0.027909572983533353
2144 0.3833741151622714 0.3350815592406078 5 0.026709401709401708
2144 0.3003309576446081 0.19216650574142008 10 0.027909572983533353
2145 0.38278261081386417 0.33593467449262354 5 0.026709401709401708
2145 0.3004359406803421 0.19179589618559223 10 0.027909572983533353
2146 0.3824677182120352 0.33680008307874404 5 0.026709401709401708
2146 0.30059204082086766 0.19145802574799156 10 0.027909572983533353
2147 0.38242304336957744 0.3376211252406499 5 0.026709401709401708
2147 0.3006831619277447 0.19106029255522125 10 0.027909572983533353
2148 0.3821723173649936 0.3384374363194417 5 0.026709401709401708
2148 0.30076589120239194 0.19060832249529955 10 0.027909572983533353
2149 0.38220299876492725 0.33925845356332135 5 0.026709401709401708
2149 0.30091683721122375 0.19018360906771778 10 0.027909572983533353
2150 0.3824267193621563 0.340081573072903 5 0.026709401709401708
2150 0.30102401358413045 0.1898430060975014 10 0.027909572983533353
2151 0.3825639096504968 0.34089774491617986 5 0.026709401709401708
2151 0.30106752194508196 0.18947791639494244 10 0.027909572983533353
2152 0.38243654390135157 0.3417107713364941 5 0.026709401709401708
2152 0.30119985857851755 0.18910697179161104 10 0.027909572983533353
2153 0.3824095118966124 0.3425354085112185 5 0.026709401709401708
2153 0.3013987196544232 0.1887961014443718 10 0.027909572983533353
2154 0.38252934681026307 0.3433696234708777 5 0.026709401709401708
2154 0.3016800935763847 0.18856086219431553 10 0.027909572983533353
2155 0.38254769548453293 0.34419696290979057 5 0.026709401709401708
2155 0.3018514996191152 0.18826301462833783 10 0.027909572983533353
2156 0.38266492760532406 0.34502827449769435 5 0.026709401709401708
2156 0.30179485866890177 0.18791926335684303 10 0.027909572983533353
2157 0.38279694147816234 0.345866189726017 5 0.026709401709401708
2157 0.3017745124508415 0.18756328355582 10 0.027909572983533353
2158 0.3829444864905965 0.34669553031000444 5 0.026709401709401708
2158 0.3017878289034354 0.18717949193812067 10 0.027909572983533353
2159 0.3827616662747482 0.34752872322675565 5 0.026709401709401708
2159 0.3018969032209573 0.18677814093793926 10 0.027909572983533353
2160 0.38275549414078613 0.34836982870984706 5 0.026709401709401708
2160 0.3021699242520991 0.18640386602230744 10 0.027909572983533353
2161 0.3828532249585041 0.3492184029275641 5 0.026709401709401708
2161 0.3023772715443377 0.18608967715896155 10 0.027909572983533353
2162 0.38268405818495493 0.3500615998240547 5 0.026709401709401708
2162 0.30247761723001726 0.18574106573428556 10 0.027909572983533353
2163 0.3826667080323301 0.3509065011650091 5 0.026709401709401708
2163 0.30258740348011665 0.1853779500982016 10 0.027909572983533353
2164 0.3828620794012526 0.35176033991653066 5 0.026709401709401708
2164 0.3029676107133166 0.18514906045319934 10 0.027901785714285712
2165 0.38320411743240934 0.35261661350369783 5 0.026709401709401708
2165 0.30312953994824476 0.1849293905485349 10 0.027901785714285712
2166 0.38313659614684775 0.35346366822059283 5 0.026709401709401708
2166 0.30330448653043107 0.184675175739964 10 0.027901785714285712
2167 0.38324575028097174 0.35431115926403767 5 0.026709401709401708
2167 0.30353442230390837 0.18439690966412645 10 0.027901785714285712
2168 0.38354789677323387 0.3551552500136801 5 0.026709401709401708
2168 0.30379103541323216 0.18414088870729858 10 0.027901785714285712
2169 0.3836798654212652 0.3560096488087837 5 0.026709401709401708
2169 0.30400715348661383 0.18385463195126753 10 0.027901785714285712
2170 0.38339256233843805 0.3568783134713408 5 0.026709401709401708
2170 0.30428156223924635 0.18358019242704987 10 0.027901785714285712
2171 0.38347360632752364 0.3577205116279091 5 0.026709401709401708
2171 0.30446858125193216 0.18336155707760732 10 0.027901785714285712
2172 0.3836011998359429 0.35856118692254546 5 0.026709401709401708
2172 0.3048353764777864 0.18317130672492452 10 0.02789400278940028
2173 0.3835103261810875 0.35941290890759214 5 0.026709401709401708
2173 0.3049884343194205 0.18286271891841757 10 0.02789400278940028
2174 0.3835504437915837 0.3602768192521314 5 0.026709401709401708
2174 0.30512986951623045 0.18258389790044113 10 0.02789400278940028
2175 0.38373393531365874 0.36114426586917536 5 0.026709401709401708
2175 0.3054801493097493 0.18244387992982114 10 0.02788622420524261
2176 0.3834062154687882 0.36201572290197004 5 0.026709401709401708
2176 0.3056653912536352 0.18217017127194823 10 0.02788622420524261
2177 0.3833777771340831 0.36289801491651424 5 0.026709401709401708
2177 0.30585761824853047 0.1819441515111644 10 0.02787844995818232
2178 0.38356524210111126 0.3637996119269513 5 0.026709401709401708
2178 0.3059385111694297 0.18168546498660224 10 0.02787844995818232
2179 0.3839206025033429 0.36470905070428494 5 0.026709401709401708
2179 0.30618894596834323 0.18156970329269218 10 0.027870680044593088
2180 0.38382197518761496 0.3656076170643966 5 0.026709401709401708
2180 0.3062411080455943 0.1813230045751651 10 0.027870680044593088
2181 0.38377940947767447 0.3665139620376084 5 0.026709401709401708
2181 0.30622365854947087 0.18104700515208727 10 0.027870680044593088
2182 0.3839589388033835 0.3674259267409389 5 0.026709401709401708
2182 0.30635798341784626 0.18080839238668425 10 0.0278629144608526
2183 0.38400298377650155 0.36830809182525664 5 0.026709401709401708
2183 0.3066842981588976 0.18051047517092764 10 0.027855153203342618
2184 0.38359579301167746 0.3691723134844559 5 0.026709401709401708
2184 0.3069858535677965 0.18018578786699735 10 0.0278473962684489
2185 0.38327038777314126 0.3700532825342826 5 0.026709401709401708
2185 0.30730505020285526 0.17989123420741976 10 0.027839643652561245
2186 0.3828609400634754 0.3709563376496911 5 0.026709401709401708
2186 0.30775388408875237 0.17966536032086944 10 0.027831895352073477
2187 0.3828716172596381 0.3718531391965662 5 0.026709401709401708
2187 0.30833009243456294 0.17938614900263955 10 0.027824151363383415
2188 0.3830056816379054 0.3727504869782793 5 0.026709401709401708
2188 0.3099843556341101 0.1789812420923515 10 0.02780094523213789
2189 0.38300619620327947 0.37365056882348424 5 0.026709401709401708
2189 0.3121232307798167 0.17824770312447297 10 0.027746947835738067
2190 0.3825387616520347 0.374515510934891 5 0.026709401709401708
2190 0.3009302932618393 0.17193623926212528 10 0.027048958615093315
2191 0.38240581345643915 0.37536945041508885 5 0.026709401709401708
2191 0.2982109019828565 0.17063187619363956 10 0.026968716289104636
2192 0.3824501476461718 0.3762389593242148 5 0.026709401709401708
2192 0.2980887409656886 0.16983363229927 10 0.02693965517241379
2193 0.382582159261908 0.37712822696207937 5 0.026709401709401708
2193 0.2980633500798606 0.16907054300960583 10 0.026910656620021525
2194 0.382598710874624 0.37799172689600985 5 0.026709401709401708
2194 0.29798972938913276 0.16841528789996776 10 0.02689618074233459
2195 0.3826537316145171 0.3788622930179816 5 0.026709401709401708
2195 0.297882582994994 0.16763344876364228 10 0.026874496103198062
2196 0.3827804834896916 0.37975266764751814 5 0.026709401709401708
2196 0.2979065294386693 0.1669851120061345 10 0.02686005909213
2197 0.38304349701511653 0.38066185204646236 5 0.026709401709401708
2197 0.297685553146504 0.1663529316042417 10 0.026845637583892617
2198 0.3831036184821637 0.38170173370401284 5 0.026695141484249865
2198 0.2977184356169571 0.16579734966018936 10 0.026838432635534083
2199 0.3832891640096715 0.382617731616043 5 0.026695141484249865
2199 0.2975959837176394 0.16510355821860737 10 0.02682403433476395
2200 0.3834339620041311 0.3835272166543353 5 0.026695141484249865
2200 0.2978073066279861 0.16455232923716165 10 0.02681684097613301
2201 0.38353841419842416 0.38441912724629923 5 0.026695141484249865
2201 0.29789290772402804 0.16383172800370133 10 0.02680246582685607
2202 0.3836122485148827 0.3853156568697154 5 0.026695141484249865
2202 0.2979444439662758 0.1632158062508825 10 0.026795284030010715
2203 0.3837375197972099 0.38623629261549575 5 0.026695141484249865
2203 0.2977669474745617 0.16252990995549516 10 0.026780931976432776
2204 0.384044763963408 0.38717752404638667 5 0.026695141484249865
2204 0.2976932743080324 0.16202187061017476 10 0.02677376171352075
2205 0.38441275221735116 0.3881147685626625 5 0.026695141484249865
2205 0.2975147486343582 0.1613710895718907 10 0.026759432700026755
2206 0.3847157431113416 0.3890545346687579 5 0.026695141484249865
2206 0.2974047640939995 0.16082637377582493 10 0.02675227394328518
2207 0.38505510291388195 0.3899739723585325 5 0.026695141484249865
2207 0.2972741681744203 0.16018778526892763 10 0.026737967914438502
2208 0.38526723803673013 0.39086375728747613 5 0.026695141484249865
2208 0.2971366851979519 0.15963452696394592 10 0.02673082063619353
2209 0.3853498021473353 0.39174803161464855 5 0.026695141484249865
2209 0.29684166038884974 0.15894733710326003 10 0.026716537536735238
2210 0.38516125970078674 0.3926430033851158 5 0.026695141484249865
2210 0.2966598902216386 0.15842130700431428 10 0.026709401709401708
2211 0.3854033995470566 0.3935545528771944 5 0.026695141484249865
2211 0.2961436015097691 0.15785293803738137 10 0.026695141484249865
2212 0.385670701233872 0.394457171191389 5 0.026695141484249865
2212 0.29554878857847355 0.15718291513548227 10 0.026673779674579887
2213 0.38578575701129453 0.3953597469870322 5 0.026695141484249865
2213 0.29509069395871446 0.15658982406635005 10 0.026659557451346304
2214 0.3853029397123922 0.39626915057220713 5 0.026695141484249865
2214 0.2944063715056919 0.1558957988618299 10 0.02663825253063399
2215 0.3852697621992479 0.3971561813708378 5 0.026695141484249865
2215 0.2939722740732968 0.15518047774471888 10 0.02661698163428267
2216 0.38538271212825914 0.39804092425065724 5 0.026695141484249865
2216 0.29318011196546057 0.15435662799405192 10 0.026588673225206062
2217 0.38549889519970876 0.39895366387313935 5 0.026695141484249865
2217 0.2919637774761038 0.15360252961319731 10 0.02656042496679947
2218 0.3851034110582378 0.3999023018130357 5 0.026695141484249865
2218 0.29073244546433974 0.15291985532373703 10 0.02653223666755107
2219 0.38504217521294 0.4008235203344837 5 0.026695141484249865
2219 0.2896960232632956 0.15222545361495818 10 0.026504108136761198
2220 0.38500598237267847 0.4017354412571345 5 0.026695141484249865
2220 0.2854555357391995 0.15092794932425121 10 0.026385224274406333
2221 0.38485394287205005 0.4026589242178864 5 0.026695141484249865
2221 0.27256391929219637 0.14708962815671053 10 0.025987525987525985
2222 0.384973245681495 0.40359392894267565 5 0.026695141484249865
2222 0.2617971828929383 0.1385875008864023 10 0.02520796571716662
2223 0.3850503703893638 0.4044928552691762 5 0.026695141484249865
2223 0.26014144669969846 0.1381593682437951 10 0.025157232704402517
2224 0.38500577860391644 0.40538354791726344 5 0.026695141484249865
2224 0.259514194709545 0.1379835730842525 10 0.02514458134272064
2225 0.38505393435484686 0.4063018412744839 5 0.026695141484249865
2225 0.2592249472443338 0.137867786824698 10 0.025131942699170642
2226 0.3853110206980783 0.4072551525979463 5 0.026695141484249865
2226 0.25901764371543845 0.13789145381980955 10 0.0251130085384229
2227 0.38545922674121313 0.4081751356661877 5 0.026695141484249865
2227 0.2587697315984537 0.13783499824482434 10 0.025106703489831784
2228 0.3852149857602726 0.40906813630392397 5 0.026695141484249865
2228 0.2584825560159002 0.13788213987267994 10 0.025094102885821833
2229 0.38518280944030675 0.40996525994312927 5 0.026695141484249865
2229 0.25823147628427806 0.1378751467429783 10 0.025087807325639738
2230 0.3851563702972983 0.41088774077092244 5 0.026695141484249865
2230 0.2581303918621009 0.13783006566888 10 0.025081514923501375
2231 0.3855804815046097 0.4116568515884865 5 0.026709401709401708
2231 0.2579420888828933 0.13777614293955356 10 0.025075225677031094
2232 0.3855979372795976 0.41286779040057475 5 0.026709401709401708
2232 0.2576754719264266 0.13775177829430618 10 0.0250689395838556
2233 0.38608700942698 0.4136264854230906 5 0.026723677177979688
2233 0.2574946826079351 0.13770572161427497 10 0.02506265664160401
2234 0.3855743073157103 0.4148312481384896 5 0.026723677177979688
2234 0.2571034145797926 0.13765153727035478 10 0.02505637684790779
2235 0.386053609456668 0.4156107773832828 5 0.026737967914438502
2235 0.256671328313668 0.13763573966475762 10 0.0250501002004008
2236 0.3866819828195161 0.41642651004816955 5 0.02675227394328518
2236 0.25595057450497105 0.1376915522846905 10 0.025043826696719257
2237 0.3866774063826054 0.41769992895695596 5 0.02675227394328518
2237 0.25548351755564436 0.13768940669518923 10 0.02503755633450175
2238 0.3871309007316965 0.41845463499958163 5 0.026766595289079226
2238 0.2552053885444583 0.137651970392554 10 0.025031289111389236
2239 0.3872425047879 0.41978815586482127 5 0.026766595289079226
2239 0.254881467145883 0.1376518552089642 10 0.025025025025025023
2240 0.38779285336513614 0.42061249603494033 5 0.026780931976432776
2240 0.2544198819870339 0.1377037365081925 10 0.025018764073054787
2241 0.38834832516194706 0.42141292210742354 5 0.026795284030010715
2241 0.25403313969073815 0.13773365368583781 10 0.02501250625312656
2242 0.38808587512763937 0.4227914048027065 5 0.026795284030010715
2242 0.2536393376660654 0.1377412806875943 10 0.02500625156289072
2243 0.3885785742272119 0.4235860673236404 5 0.02680965147453083
2243 0.2531325785955077 0.13775786462665732 10 0.025
2244 0.38902127342948584 0.42435877268991007 5 0.02682403433476395
2244 0.25272479122409397 0.13775659743251287 10 0.02499375156210947
2245 0.38915701457171686 0.4257317858318549 5 0.02682403433476395
2245 0.2520459729160141 0.1377992287147116 10 0.02498126405196103
2246 0.38961491337329734 0.42652631345361086 5 0.026838432635534083
2246 0.25154446418413756 0.13778617304721558 10 0.024975024975024972
2247 0.3899638168314198 0.4279745344418114 5 0.026838432635534083
2247 0.25101041825399334 0.1377996151335536 10 0.024968789013732832
2248 0.3905037170617838 0.4287714413255541 5 0.026852846401718578
2248 0.25032542798358703 0.13784136798725466 10 0.024956326428749686
2249 0.3910172875395137 0.42955565559509096 5 0.02686727565824825
2249 0.24996515569094066 0.13781785464357538 10 0.0249500998003992
2250 0.39131899242412616 0.4309839275963013 5 0.02686727565824825
2251 0.39180938630260126 0.43175076447566585 5 0.026881720430107527
2252 0.3913806796820095 0.4331361644482593 5 0.026881720430107527
2253 0.39186225850699985 0.43392337127722913 5 0.02689618074233459
2254 0.39243528730552824 0.43475639322876336 5 0.026910656620021525
2255 0.3927125643554681 0.4362106278476028 5 0.026910656620021525
2256 0.3932742624636248 0.4370339634119137 5 0.026925148088314484
2257 0.39383907908789734 0.4378607479652471 5 0.02693965517241379
2258 0.3941628873255715 0.4392863817817492 5 0.02693965517241379
2259 0.3946725791154384 0.44004875506425867 5 0.026954177897574125
2260 0.39438816607494975 0.44125185963385255 5 0.026954177897574125
2261 0.3949570822346832 0.4420819652411102 5 0.026968716289104636
2262 0.39500518056806866 0.44245463416806974 5 0.026954177897574125
2263 0.3944121787562433 0.4427837198752356 5 0.02693965517241379
2264 0.3943328435316484 0.44309987530584893 5 0.026925148088314484
2265 0.3937727452494107 0.4433700389343416 5 0.026910656620021525
2266 0.3938502949719735 0.4435920699262074 5 0.02689618074233459
2267 0.3934878078702117 0.4438231385160992 5 0.026881720430107527
2268 0.39374220926112957 0.4447100429495202 5 0.026881720430107527
2269 0.3936410602842438 0.44555073153073427 5 0.026881720430107527
2270 0.39382106913602544 0.44638101653011397 5 0.026881720430107527
2271 0.39407221525044 0.4472349873352931 5 0.026881720430107527
2272 0.3941782611047352 0.4481336104593268 5 0.026881720430107527
2273 0.3938377422660503 0.44897656625383886 5 0.026881720430107527
2274 0.3937873003679214 0.4498141427326427 5 0.026881720430107527
2275 0.3937814799056454 0.4506943639993648 5 0.026881720430107527
2276 0.3931415129576336 0.4515906970415989 5 0.026881720430107527
2277 0.39355170460912153 0.4525251919962895 5 0.026881720430107527
2278 0.3940699309920127 0.45351935886270145 5 0.026881720430107527
2279 0.39442348303573327 0.4544453865604875 5 0.026881720430107527
2280 0.39394739683788893 0.45530804062824864 5 0.026881720430107527
2281 0.39417071397009057 0.45617285438717997 5 0.026881720430107527
2282 0.3946169945462153 0.4570662139919183 5 0.026881720430107527
2283 0.39448476870644267 0.457900456615527 5 0.026881720430107527
2284 0.39469995116023837 0.4587179141014957 5 0.026881720430107527
2285 0.39496873007681854 0.4595596545707762 5 0.026881720430107527
2286 0.395214530885474 0.4604494843303371 5 0.026881720430107527
2287 0.3946742333843051 0.4612740720567112 5 0.026881720430107527
2288 0.3946866197409806 0.462082421048936 5 0.026881720430107527
2289 0.3949262712046716 0.46291259397745704 5 0.026881720430107527
2290 0.394636771901242 0.4636711188393191 5 0.026881720430107527
2291 0.3945860315016808 0.46438307241907156 5 0.026881720430107527
2292 0.39463133751330975 0.46510597138085313 5 0.026881720430107527
2293 0.3944909336013801 0.4658867608333555 5 0.026881720430107527
2294 0.393890581588014 0.46662629455828314 5 0.026881720430107527
2295 0.3938064078400171 0.46741081257021644 5 0.026881720430107527
2296 0.3937815333243447 0.46826294570618376 5 0.026881720430107527
2297 0.3932273560675601 0.469179778593931 5 0.026881720430107527
2298 0.3931784299354056 0.4700346014904965 5 0.026881720430107527
2299 0.3932840355234733 0.4708272182570911 5 0.026881720430107527
2300 0.39323763431026787 0.47160983594961986 5 0.026881720430107527
2301 0.3922735433961315 0.4723020316408998 5 0.026881720430107527
2302 0.39185302328748695 0.4730030295239681 5 0.026881720430107527
2303 0.39150171762795705 0.47374481071095326 5 0.026881720430107527
2304 0.39087822162876057 0.4744204679034694 5 0.026881720430107527
2305 0.3903761254936627 0.47508224724123715 5 0.026881720430107527
2306 0.39010068012378135 0.4757250410719552 5 0.026881720430107527
2307 0.39005222060966227 0.47641752300786366 5 0.026881720430107527
2308 0.39011936193560426 0.4770421736458076 5 0.026881720430107527
2309 0.3893565351692777 0.4775128541853898 5 0.02686727565824825
2310 0.3892348583071331 0.4781414611525857 5 0.02686727565824825
2311 0.38916818381183765 0.4788214791684952 5 0.02686727565824825
2312 0.38924419324765525 0.47947576679899495 5 0.02686727565824825
2313 0.3892421849105895 0.4801672195105214 5 0.02686727565824825
2314 0.3887225384050381 0.48094222837954714 5 0.02686727565824825
2315 0.38862888777926907 0.48167603419949145 5 0.02686727565824825
2316 0.3887006967328577 0.482406936079154 5 0.02686727565824825
2317 0.38866287046294434 0.4831578894612858 5 0.02686727565824825
2318 0.38826475123187476 0.4836693165313469 5 0.026852846401718578
2319 0.38837149195418746 0.48423003503596956 5 0.026852846401718578
2320 0.38846988422618156 0.4848233813512194 5 0.026852846401718578
2321 0.38785629906090335 0.48534701812492304 5 0.026838432635534083
2322 0.38801092237450835 0.4859607493215964 5 0.026838432635534083
2323 0.38810796563757216 0.48656857391851843 5 0.026838432635534083
2324 0.3878017159960158 0.4871446703287175 5 0.02682403433476395
2325 0.38823011902285526 0.4878606298438826 5 0.02682403433476395
2326 0.38869795055916917 0.48856086811590493 5 0.02682403433476395
2327 0.38865237950167664 0.4892137012005267 5 0.02680965147453083
2328 0.38917474685141606 0.48982484123069037 5 0.02680965147453083
2329 0.3893269227377907 0.4903036694670889 5 0.026795284030010715
2330 0.3892011010833595 0.49078248533899715 5 0.026780931976432776
2331 0.38854679994221114 0.49128548972657465 5 0.026766595289079226
2332 0.3879702428673794 0.49181421510373885 5 0.02675227394328518
2333 0.38809709000182785 0.49241209862418733 5 0.02675227394328518
2334 0.3878410075095175 0.492878212969077 5 0.026737967914438502
2335 0.3836687564542679 0.4926441074342412 5 0.026695141484249865
2336 0.38005102650289146 0.492189089666731 5 0.02663825253063399
2337 0.3673220739280988 0.47272134263658383 5 0.025549310168625446
2338 0.3697085171425555 0.47113691888696535 5 0.025471217524197655
2339 0.37153838884845924 0.4701136597443038 5 0.02541942043721403
2340 0.37303589602866655 0.46953510634994106 5 0.025393600812595226
2341 0.3736921465974526 0.46887327424275715 5 0.025367833587011668
2342 0.37455114606529943 0.46830476901803636 5 0.02534211860111505
2343 0.3750834069028912 0.46772398141552063 5 0.02531645569620253
2344 0.3748738544454915 0.4674052875356004 5 0.025303643724696352
2345 0.3746236467873384 0.4671126603958838 5 0.025290844714213452
2346 0.37422351967775297 0.466834983422942 5 0.025278058645096056
2347 0.3741072458186857 0.46648878952640327 5 0.025265285497726123
2348 0.37401505022871523 0.46615949809920654 5 0.025252525252525252
2349 0.3741952117019657 0.46581627193049124 5 0.025239777889954566
2350 0.37439971241075787 0.4658293998785723 5 0.025239777889954566
2351 0.37399569430838836 0.46530229447441823 5 0.02522704339051463
2352 0.37429936925171914 0.46531811410398954 5 0.02522704339051463
2353 0.37401958983866007 0.4647739250837516 5 0.025214321734745335
2354 0.37395642634257825 0.46483640769384804 5 0.025214321734745335
2355 0.3736352365199163 0.4642651404651158 5 0.025201612903225805
2356 0.37396058389850356 0.46425221534732375 5 0.025201612903225805
2357 0.37357343403542626 0.4636826961368931 5 0.02518891687657431
2358 0.37385757468442044 0.46360763541407274 5 0.02518891687657431
2359 0.3739891952438858 0.4635703297652299 5 0.02518891687657431
2360 0.3741245530096636 0.46353686937487676 5 0.02518891687657431
2361 0.3737894024825294 0.4628857032922763 5 0.025176233635448134
2362 0.37396129784998455 0.4628392595886327 5 0.025176233635448134
2363 0.374126228220337 0.4628377012001309 5 0.025176233635448134
2364 0.3746131608228134 0.4627265017480819 5 0.025176233635448134
2365 0.3751217045659806 0.46268503177859144 5 0.025176233635448134
2366 0.37506467119531806 0.4622134146202579 5 0.02516356316054353
2367 0.3755315813890222 0.46221417253230035 5 0.02516356316054353
2368 0.3767065420579422 0.46211042600647206 5 0.02516356316054353
2369 0.3772591153462159 0.4620197085072969 5 0.02516356316054353
2370 0.37754648073696734 0.46197492974784327 5 0.02516356316054353
2371 0.37838055655614816 0.4619264577208524 5 0.02516356316054353
2372 0.3789952972638799 0.4617585082389451 5 0.02516356316054353
2373 0.37929608003772086 0.4616683436764343 5 0.02516356316054353
2374 0.3796079061466334 0.4616335593768281 5 0.02516356316054353
2375 0.37993279866560425 0.46158508767408657 5 0.02516356316054353
2376 0.37965856639131 0.4617295837864557 5 0.02515090543259557
2377 0.38040901156952794 0.46226901240449597 5 0.02513826043237808
2378 0.3815432428210404 0.46282855737720807 5 0.02512562814070352
2379 0.381756337068716 0.4634567442758228 5 0.0251130085384229
2380 0.38300160834293806 0.4640215068160359 5 0.0251004016064257
2381 0.3831120742863889 0.4646188012632286 5 0.025087807325639738
2382 0.38361326206762064 0.46524555698901227 5 0.025075225677031094
2383 0.38365330522107477 0.46536233624852563 5 0.0250501002004008
2384 0.3841161406934722 0.4660243303387306 5 0.02503755633450175
2385 0.3851365085233528 0.46670332510816176 5 0.025025025025025023
2386 0.38585342195206085 0.4673750721528487 5 0.02501250625312656
2387 0.3874145202353336 0.4680481303034064 5 0.025
2388 0.38824083638227486 0.46795261005803807 5 0.025
2389 0.3891530432811105 0.46682642335954794 5 0.025
2390 0.39092225108593504 0.46566522011008643 5 0.025
2391 0.39207060090091655 0.4651292369679475 5 0.02498750624687656
2392 0.393814399250238 0.46474706873377675 5 0.02496255616575137
2393 0.395570067055573 0.4642391186915645 5 0.0249500998003992
2394 0.3971251567718025 0.4638301532212369 5 0.02492522432701894
2395 0.3984305214973118 0.4623252091328185 5 0.0249003984063745
2396 0.3992499663632346 0.46165276285613277 5 0.024912805181863475
2397 0.40014344248841915 0.4609156618711762 5 0.02492522432701894
2398 0.4012217744649623 0.45918961345082987 5 0.02492522432701894
2399 0.4020576002807907 0.4585261382323339 5 0.02493765586034913
2400 0.40298122656894914 0.45756890902916025 5 0.02493765586034913
2401 0.40367692776995856 0.45804284916450105 5 0.0249500998003992
2402 0.4045206851129438 0.45849602182839694 5 0.02496255616575137
2403 0.4054209779882301 0.4579769978937017 5 0.02496255616575137
2404 0.4062027834736737 0.45844723431812684 5 0.024975024975024972
2405 0.4070158402008922 0.4579545761304947 5 0.024975024975024972
2406 0.40774337012381795 0.458478307080891 5 0.02498750624687656
2407 0.4084943266222522 0.45898431363522896 5 0.025
2408 0.4093618513724038 0.458442833611418 5 0.025
2409 0.41024258655911894 0.4588947881932297 5 0.02501250625312656
2410 0.4110316328323315 0.4593902934806186 5 0.025025025025025023
2411 0.41182702858940373 0.4589062500581644 5 0.025025025025025023
2412 0.4128327082647732 0.459282672661088 5 0.02503755633450175
2413 0.4137277436671396 0.45874368572954516 5 0.02503755633450175
2414 0.41443127056512646 0.45924587740621964 5 0.0250501002004008
2415 0.41512763508438005 0.45974872993823357 5 0.02506265664160401
2416 0.41609743428025175 0.45918372189917156 5 0.02506265664160401
2417 0.4169276612843828 0.4596306043616328 5 0.025075225677031094
2418 0.41768506604218203 0.46010717424275843 5 0.025087807325639738
2419 0.4186720301643758 0.4595347703471435 5 0.025087807325639738
2420 0.41949515264476533 0.4599978693807931 5 0.0251004016064257
2421 0.4201658701939858 0.459553451792058 5 0.0251004016064257
2422 0.420871494892132 0.4600494700585852 5 0.0251130085384229
2423 0.4218952073696374 0.4604317345254043 5 0.02512562814070352
2424 0.4233033822469259 0.45993141840427987 5 0.02512562814070352
2425 0.4241020040998264 0.4603991470096604 5 0.02513826043237808
2426 0.4252604978915747 0.4603879461791194 5 0.02513826043237808
2427 0.42616810543757727 0.4604207433858515 5 0.02513826043237808
2428 0.42695796719511003 0.46049860440065926 5 0.02513826043237808
2429 0.42814651645104157 0.46055421316428846 5 0.02513826043237808
2430 0.4292973808888837 0.46052243730382897 5 0.02513826043237808
2431 0.43022701614139836 0.46054461198332985 5 0.02513826043237808
2432 0.43114267619844127 0.46059180609168243 5 0.02513826043237808
2433 0.4323498032155609 0.4605511226722161 5 0.02513826043237808
2434 0.4332351111933203 0.46099326565729004 5 0.02515090543259557
2435 0.43419011169856603 0.46106505773451084 5 0.02515090543259557
2436 0.4351205650652898 0.4611073220477249 5 0.02515090543259557
2437 0.4362138792228102 0.4610424495037009 5 0.02515090543259557
2438 0.4372832314894719 0.46099533803211656 5 0.02515090543259557
2439 0.43821453101460806 0.4609910576639953 5 0.02515090543259557
2440 0.43908133810324135 0.4609956374156024 5 0.02515090543259557
2441 0.4401597073127855 0.46091482501678926 5 0.02515090543259557
2442 0.44115902954419994 0.4608583751262284 5 0.02515090543259557
2443 0.4421548768769517 0.46083253045606554 5 0.02515090543259557
2444 0.4431506666937481 0.46080366407129497 5 0.02515090543259557
2445 0.4442520281051707 0.4607730263102744 5 0.02515090543259557
2446 0.4452767712443282 0.4607798937343913 5 0.02515090543259557
2447 0.4463476283447676 0.4607879874135298 5 0.02515090543259557
2448 0.447910979030606 0.4607304170072516 5 0.02515090543259557
2449 0.44904009781984017 0.460685277109744 5 0.02515090543259557
2450 0.4500378907968242 0.46068056630145 5 0.02515090543259557
2451 0.45087613071248434 0.4610744253497434 5 0.02516356316054353
2452 0.45191164744173734 0.461033942084989 5 0.02516356316054353
2453 0.4529703690967965 0.46099651325125723 5 0.02516356316054353
2454 0.45443082360587655 0.4609835438594236 5 0.02516356316054353
2455 0.45561852772784894 0.4609350597147233 5 0.02516356316054353
2456 0.45661970021842657 0.4609257302862382 5 0.02516356316054353
2457 0.45755430645247885 0.4609503315817551 5 0.02516356316054353
2458 0.45886501088686876 0.46096676981567314 5 0.02516356316054353
2459 0.4598735019303928 0.4609481000560164 5 0.02516356316054353
2460 0.4608442637583428 0.4609438159087859 5 0.02516356316054353
2461 0.4618046621573363 0.46096744198368683 5 0.02516356316054353
2462 0.4627743853194028 0.46097321975575456 5 0.02516356316054353
2463 0.4638133860142471 0.4609790763859413 5 0.02516356316054353
2464 0.46507463934724447 0.46101077237438154 5 0.02516356316054353
2465 0.4661534690786945 0.46103644171735175 5 0.02516356316054353
2466 0.4672683414961563 0.4610172097380424 5 0.02516356316054353
2467 0.4683677775279345 0.46099607408170573 5 0.02516356316054353
2468 0.4694503257840035 0.461007364251255 5 0.02516356316054353
2469 0.47044087884864655 0.46102908558152284 5 0.02516356316054353
2470 0.4715519711223095 0.46104669218343863 5 0.02516356316054353
2471 0.4725639725629575 0.46109694086146974 5 0.02516356316054353
2472 0.4734565712119835 0.4611406831388762 5 0.02516356316054353
2473 0.47452840230286436 0.4611033908568457 5 0.02516356316054353
2474 0.47562871736898915 0.46107485220403366 5 0.02516356316054353
2475 0.4766099026998484 0.4610834941964622 5 0.02516356316054353
2476 0.4774780612663547 0.4610954732582071 5 0.02516356316054353
2477 0.4783861038960649 0.4610548860667009 5 0.02516356316054353
2478 0.47931616653732345 0.46102439555751873 5 0.02516356316054353
2479 0.48017331176555117 0.4610117309898195 5 0.02516356316054353
2480 0.48101143460342943 0.4609761566790045 5 0.02516356316054353
2481 0.4818792115431056 0.4609627513287896 5 0.02516356316054353
2482 0.48273771521872977 0.4609622476687987 5 0.02516356316054353
2483 0.48347619078637444 0.4613484408380092 5 0.025176233635448134
2484 0.4843857985431687 0.46133698261387834 5 0.025176233635448134
2485 0.48511381744157706 0.46132144206324704 5 0.025176233635448134
2486 0.48590151998779757 0.4613152898570029 5 0.025176233635448134
2487 0.4868309677405236 0.46127420908905065 5 0.025176233635448134
2488 0.4878016107887193 0.461247836057896 5 0.025176233635448134
2489 0.4886887286165801 0.4612572745889983 5 0.025176233635448134
2490 0.4895978226941254 0.461275294197789 5 0.025176233635448134
2491 0.490355010372398 0.46130278373479133 5 0.025176233635448134
2492 0.4913437702190314 0.4613017145141072 5 0.025176233635448134
2493 0.4923511897704854 0.4613083903413444 5 0.025176233635448134
2494 0.49311139380920255 0.46134303463582266 5 0.025176233635448134
2495 0.4941430582724978 0.461348397445566 5 0.025176233635448134
2496 0.49505106190199877 0.46136500556244453 5 0.025176233635448134
2497 0.49597933522559945 0.461390965465001 5 0.025176233635448134
2498 0.49678072774707455 0.46138901493316614 5 0.025176233635448134
2499 0.4977959501522166 0.46136836672922765 5 0.025176233635448134
2500 0.4987218419892489 0.4613659349141618 5 0.025176233635448134
2501 0.4996008671789148 0.4614019703279989 5 0.025176233635448134
2502 0.5006641845707512 0.46143272823447745 5 0.025176233635448134
2503 0.5017606015476211 0.46122271070904136 5 0.02516356316054353
2504 0.5026910082151985 0.4612922036561321 5 0.02516356316054353
2505 0.5037719232174809 0.4613266661027054 5 0.02516356316054353
2506 0.5047693316227382 0.46139634414932296 5 0.02516356316054353
2507 0.5058777999798223 0.4612141158719412 5 0.02515090543259557
2508 0.5068582195658891 0.4612653978100371 5 0.02515090543259557
2509 0.5080742329410645 0.46133192501779635 5 0.02515090543259557
2510 0.5090235749460903 0.46141734708955096 5 0.02515090543259557
2511 0.5101021977345377 0.4612891780677469 5 0.02513826043237808
2512 0.5112363719479831 0.46132728634313824 5 0.02513826043237808
2513 0.5122528264727173 0.4612286783073907 5 0.02512562814070352
2514 0.513050365758313 0.46115797111079954 5 0.0251130085384229
2515 0.5138564832164716 0.46108947046518517 5 0.0251004016064257
2516 0.51472106973702 0.4611796244083539 5 0.0251004016064257
2517 0.5156071881624065 0.46109622387803073 5 0.025087807325639738
2518 0.5168109093539137 0.4609369833289854 5 0.02506265664160401
2519 0.5182032889982996 0.4607528904488274 5 0.02503755633450175
2520 0.5195593272559356 0.46058188150210777 5 0.02501250625312656
2521 0.5206562344941993 0.4605900432889424 5 0.025
2522 0.5219901206696387 0.460321821650545 5 0.02496255616575137
2523 0.5233257914895658 0.46004171756092826 5 0.02492522432701894
2524 0.5244856776297311 0.4597528957558904 5 0.024888003982080638
2525 0.5256299434073537 0.4595637024701644 5 0.024863252113376425
2526 0.5269849888854117 0.45936305426585944 5 0.02483854942871336
2527 0.5279541956680529 0.4593223958208239 5 0.024826216484607744
2528 0.5292393431546374 0.45915802416865975 5 0.0248015873015873
2529 0.5305212694766754 0.45897996534736885 5 0.024777006937561942
2530 0.5315816294432673 0.4588067512820001 5 0.024752475247524754
2531 0.5325772068646122 0.4586418855256872 5 0.02472799208704253
2532 0.5335641107903437 0.4584760231714348 5 0.024703557312252964
2533 0.5349542710938832 0.4582843004857917 5 0.024679170779861793
2534 0.5361226762689808 0.4581326337780875 5 0.024654832347140037
2535 0.5372535497203991 0.45799792242160164 5 0.024630541871921183
2536 0.5383588474103923 0.45785949494066286 5 0.024606299212598423
2537 0.5393277848996118 0.4578031749116295 5 0.024594195769798325
2538 0.5401171357138723 0.45769488258321933 5 0.024582104228121928
2539 0.5408512998840882 0.4575955604897085 5 0.02457002457002457
2540 0.5415477184167372 0.45749085243149834 5 0.02455795677799607
2541 0.5423561293713886 0.4573680409847582 5 0.024545900834560628
2542 0.5431476488932341 0.45725094437589686 5 0.02453385672227674
2543 0.5440353835647017 0.45701491419615003 5 0.024509803921568627
2544 0.5448435467896893 0.45690593696845855 5 0.024497795198432138
2545 0.5454291529432955 0.4569321700378068 5 0.024497795198432138
2546 0.5461611759041609 0.4568315490485432 5 0.024485798237022526
2547 0.5466888413620066 0.4567438055033911 5 0.024473813020068524
2548 0.5473791512658286 0.45664938569994024 5 0.02446183953033268
2549 0.5480606722317962 0.4565541765217221 5 0.02444987775061125
2550 0.5488436667587212 0.4564606138047658 5 0.02443792766373411
2551 0.5493312192249682 0.45633212752901964 5 0.024425989252564728
2552 0.5497956572116459 0.4563183787218901 5 0.024425989252564728
2553 0.5504722809907139 0.4561844050726632 5 0.0244140625
2554 0.5508867643682438 0.4561733458185334 5 0.0244140625
2555 0.5515671869717264 0.45602840447588255 5 0.02440214738897023
2556 0.5520832667086041 0.4560100541129339 5 0.02440214738897023
2557 0.5526989218019395 0.45586677528468494 5 0.024390243902439025
2558 0.553383478718796 0.4557406784038888 5 0.024378352023403216
2559 0.553925739325697 0.4557337693220408 5 0.024378352023403216
2560 0.5544276734067832 0.45561776832186174 5 0.024366471734892786
2561 0.5547860536091823 0.4555000710040316 5 0.024354603019970774
2562 0.5554458472957144 0.4553832128007077 5 0.0243427458617332
2563 0.556325905564697 0.4552706262101709 5 0.024330900243309004
2564 0.5571298242531364 0.45518800917170416 5 0.02431906614785992
2565 0.5597752790470863 0.4538886544195283 5 0.024084778420038533
2566 0.5604696788988461 0.4524898471152204 5 0.023820867079561697
2567 0.550184374420316 0.4518611779387789 5 0.023730422401518746
2568 0.4929829442551026 0.45045358688040793 5 0.023386342376052385
2569 0.36719139640408877 0.45164960650497876 5 0.022706630336058128
2570 0.29911931336722186 0.45444338728710204 5 0.022291573785109226
2571 0.2985122669473915 0.4549688707594008 5 0.02226179875333927
2572 0.29820865088238613 0.45540885397525266 5 0.022241992882562275
2573 0.29772294932015625 0.4559227991808104 5 0.02221235006663705
2574 0.2985108233310826 0.45623772732079015 5 0.02221235006663705
2575 0.29930129601330924 0.4565468517496486 5 0.02221235006663705
2576 0.30017464622172546 0.45685608488048535 5 0.02221235006663705
2577 0.3009390625177907 0.4571491855270076 5 0.02221235006663705
2578 0.30162405144161014 0.45741430661930504 5 0.02221235006663705
2579 0.30233510132783076 0.4576641770801196 5 0.02221235006663705
2580 0.3028576122363664 0.4576132862271007 5 0.022222222222222223
2581 0.3037083135951191 0.4578651662661081 5 0.022222222222222223
2582 0.3044658234226604 0.4581332579125174 5 0.022222222222222223
2583 0.304758940398156 0.45819407503289655 5 0.022232103156958647
2584 0.3054676802468713 0.4584700615518192 5 0.022232103156958647
2585 0.30617280726823154 0.458735409789668 5 0.022232103156958647
2586 0.3064834613986601 0.45873023274101676 5 0.022241992882562275
2587 0.30743426120770356 0.45896269258889244 5 0.022241992882562275
2588 0.30822459985840955 0.4592231844737335 5 0.022241992882562275
2589 0.3084624221519432 0.4592339268860418 5 0.022251891410769914
2590 0.3086684917402363 0.459590243083687 5 0.022251891410769914
2591 0.30884469598663694 0.45958749804440846 5 0.02226179875333927
2592 0.30895349792971555 0.4599334405906902 5 0.02226179875333927
2593 0.30904113003110034 0.459926711974441 5 0.022271714922048998
2594 0.30909567025247636 0.45994011339158225 5 0.022281639928698752
2595 0.3091015444501878 0.4602896714754124 5 0.022281639928698752
2596 0.3091794234259278 0.4602788030524967 5 0.022291573785109226
2597 0.3092919672039637 0.460258110769496 5 0.02230151650312221
2598 0.3093592220176373 0.4606011075743572 5 0.02230151650312221
2599 0.309472012485922 0.4605895821621635 5 0.022311468094600623
2600 0.309633836291063 0.46092799301897636 5 0.022311468094600623
2601 0.30987174137039836 0.4609300798231569 5 0.022321428571428572
2602 0.3100469024180319 0.46092042710810704 5 0.022331397945511387
2603 0.31020590788205615 0.4612544280352311 5 0.022331397945511387
2604 0.3104933270870932 0.46125298760027816 5 0.022341376228775692
2605 0.3109986440256508 0.4616116625484759 5 0.022341376228775692
2606 0.3113629643499175 0.461622442504719 5 0.022351363433169423
2607 0.31162408449367535 0.4616340012253918 5 0.022361359570661894
2608 0.3119287962129308 0.46199437743570443 5 0.022361359570661894
2609 0.31215590218919614 0.4620111190258925 5 0.02237136465324385
2610 0.3123976411569303 0.4623749764145253 5 0.02237136465324385
2611 0.3126423443732267 0.46237470691357413 5 0.022381378692927483
2612 0.31313118597696554 0.46269696397501436 5 0.022381378692927483
2613 0.3134937149585987 0.46270742005629534 5 0.022391401701746527
2614 0.3137378100455736 0.4630783153488881 5 0.022391401701746527
2615 0.31403142886736685 0.463116277386144 5 0.022401433691756272
2616 0.3142520667084254 0.46349043123299855 5 0.022401433691756272
2617 0.31446084643965794 0.46351019277122585 5 0.022411474675033616
2618 0.3147048732598516 0.4639608468672928 5 0.022411474675033616
2619 0.3150651782827826 0.4639864534583542 5 0.02242152466367713
2620 0.315350300603177 0.46401085212462334 5 0.022431583669807086
2621 0.31555571842147034 0.46447252898158775 5 0.022431583669807086
2622 0.31578856139716305 0.4644863000856728 5 0.02244165170556553
2623 0.3162021016875423 0.4644987642091647 5 0.022451728783116298
2624 0.31649618629416987 0.4649718498420765 5 0.022451728783116298
2625 0.3167193028001517 0.46501022566306 5 0.0224618149146451
2626 0.3169040208700493 0.46505168680015796 5 0.02247191011235955
2627 0.3170595461443017 0.46553509401580345 5 0.02247191011235955
2628 0.31723578661107577 0.4655765622115454 5 0.022482014388489208
2629 0.31740925036687373 0.46561557200846676 5 0.022492127755285647
2630 0.31760542218006044 0.46608633064508886 5 0.022492127755285647
2631 0.31766067774392964 0.4661001665059265 5 0.022502250225022502
2632 0.31766782930449133 0.4665574518838098 5 0.022502250225022502
2633 0.31766008768981735 0.4665768546648496 5 0.022512381809995496
2634 0.3176648001666193 0.46659363707956814 5 0.02252252252252252
2635 0.31769398190846326 0.467047889189535 5 0.02252252252252252
2636 0.31776878302332434 0.4670757605061855 5 0.022532672374943667
2637 0.31782996380865314 0.46709517004796686 5 0.022542831379621278
2638 0.3178754201123073 0.4675493240087417 5 0.022542831379621278
2639 0.31791847745561536 0.4675625351559579 5 0.02255299954894001
2640 0.318069421711041 0.4680131364085052 5 0.02255299954894001
2641 0.31813147799552116 0.4680275465846429 5 0.022563176895306857
2642 0.31817420243233624 0.46803805632867757 5 0.022573363431151242
2643 0.3182292886847894 0.46802209478797596 5 0.022583559168925023
2644 0.31833300020937527 0.4684464421299833 5 0.022583559168925023
2645 0.3184103711681624 0.4684323715968328 5 0.022593764121102575
2646 0.31846770378890277 0.46842101858169255 5 0.02260397830018083
2647 0.31851631089381127 0.46841086729344844 5 0.02261420171867933
2648 0.3185331765996592 0.46840535473598877 5 0.02262443438914027
2649 0.31858936160014245 0.46839420876803084 5 0.022634676324128564
2650 0.3186823114203551 0.468381199100005 5 0.022644927536231884
2651 0.3188185528077395 0.4688109196238959 5 0.022644927536231884
2652 0.31896080580582753 0.46879912239446436 5 0.022655188038060714
2653 0.3191042966273372 0.46878292749820955 5 0.02266545784224841
2654 0.31932241850984344 0.46876257138970245 5 0.022675736961451247
2655 0.31949310272565723 0.46872580817482 5 0.022686025408348458
2656 0.31964128447822127 0.4686884379729722 5 0.022696323195642305
2657 0.31979699269401735 0.46864796193367964 5 0.022706630336058128
2658 0.31999599363691256 0.4686113800508728 5 0.022716946842344387
2659 0.32016816661999997 0.46857318446048113 5 0.022727272727272728
2660 0.3203195547018044 0.46853631419279856 5 0.022737608003638016
2661 0.32045994341981854 0.4684977793246796 5 0.022747952684258416
2662 0.32060189936745237 0.46846059869556866 5 0.02275830678197542
2663 0.3207404551633336 0.46842452285527614 5 0.022768670309653915
2664 0.3208743406944218 0.46838752982978454 5 0.022779043280182234
2665 0.32100885278741476 0.4683509474582155 5 0.022789425706472195
2666 0.3211476746347711 0.468313844843549 5 0.022799817601459188
2667 0.3212527023315549 0.46827353255937687 5 0.02281021897810219
2668 0.32135284339967435 0.4682324068062493 5 0.02282062984938384
2669 0.3214505023802806 0.4681917711009359 5 0.0228310502283105
2670 0.32154864954091955 0.46815111870757287 5 0.02284148012791229
2671 0.3216441101592046 0.4681106056811427 5 0.022851919561243144
2672 0.32174408809112276 0.4680699120041253 5 0.022862368541380886
2673 0.32184041316132245 0.4680303934362214 5 0.022872827081427263
2674 0.32194626368259965 0.4679911345418722 5 0.02288329519450801
2675 0.3220758712197346 0.46794973296092024 5 0.022893772893772892
2676 0.322264338720618 0.46790414658337226 5 0.022904260192395786
2677 0.3225948248815215 0.4678585826061834 5 0.022914757103574702
2678 0.3228543262629778 0.4678310572586427 5 0.022925263640531865
2679 0.32333582674713696 0.4678606726706757 5 0.022935779816513763
2680 0.3239707486779605 0.4678794852185872 5 0.02294630564479119
2681 0.3249345304722423 0.4679101953587277 5 0.02295684113865932
2682 0.32582640942643676 0.4679411844956511 5 0.022967386311437757
2683 0.3268045597295109 0.46796315471006744 5 0.022977941176470586
2684 0.32810458708979845 0.4683884771843987 5 0.022977941176470586
2685 0.32909134068119517 0.4684408768122993 5 0.022988505747126436
2686 0.3297403529082193 0.46849063604025754 5 0.022999080036798528
2687 0.33051201088060456 0.46852222737725846 5 0.023009664058904738
2688 0.331936447974459 0.4685857449243809 5 0.023020257826887658
2689 0.3330790071033085 0.4686472428553202 5 0.023030861354214647
2690 0.3340534187300461 0.46870977419511456 5 0.02304147465437788
2691 0.3353171241891351 0.4688266041303305 5 0.02305209774089442
2692 0.3363137108633343 0.4689551798007224 5 0.023062730627306273
2693 0.3370439386906073 0.4690634617861087 5 0.023073373327180433
2694 0.33788022716829846 0.4691543020519314 5 0.023084025854108955
2695 0.3392939464442353 0.4692817448104275 5 0.023094688221709007
2696 0.34051074859037855 0.4694111389199273 5 0.02310536044362292
2697 0.3416766074445738 0.469543467844092 5 0.02311604253351826
2698 0.34311885158619165 0.4697093626711893 5 0.02312673450508788
2699 0.3442537022086795 0.4698635650544308 5 0.023137436372049975
2700 0.3450009964844609 0.47000414549221164 5 0.023148148148148147
2701 0.3455402073121025 0.4701323227691366 5 0.02315886984715146
2702 0.345895560148786 0.47025809922062667 5 0.023169601482854494
2703 0.3460515104657213 0.4706637856178002 5 0.023169601482854494
2704 0.3460509940284921 0.47065627876033417 5 0.02318034306907742
2705 0.3459905468768375 0.4706526710917692 5 0.023191094619666047
2706 0.3457914122894401 0.47065053042511307 5 0.02320185614849188
2707 0.34564134478284375 0.4710496942067078 5 0.02320185614849188
2708 0.3452525897607889 0.4710298846264268 5 0.02321262766945218
2709 0.3450979365906902 0.47101960445840396 5 0.023223409196470042
2710 0.3452074026764327 0.4714026933755635 5 0.023223409196470042
2711 0.3452056644273265 0.4713979889473715 5 0.023234200743494422
2712 0.3452446670804173 0.4714008403451677 5 0.02324500232450023
2713 0.3454094330033518 0.47179876841746476 5 0.02324500232450023
2714 0.34542918087004093 0.4717973556520021 5 0.023255813953488372
2715 0.34548140729707616 0.471825242342155 5 0.023266635644485806
2716 0.3457793620586018 0.47226539070498036 5 0.023266635644485806
2717 0.3460560381182215 0.4726977870713743 5 0.023266635644485806
2718 0.3461237759752045 0.4727291964297285 5 0.023277467411545624
2719 0.34637439422371863 0.473150471190624 5 0.023277467411545624
2720 0.34678848255598244 0.47359217240945284 5 0.023277467411545624
2721 0.3468656607238083 0.4736173231562154 5 0.023288309268747087
2722 0.34717048204286455 0.474044289538079 5 0.023288309268747087
2723 0.34750759596529524 0.4744759487975635 5 0.023288309268747087
2724 0.34763189632286035 0.4745137439595367 5 0.023299161230195712
2725 0.3479448507550078 0.4749449721327473 5 0.023299161230195712
2726 0.3482653261776235 0.4753774447245077 5 0.023299161230195712
2727 0.3484152094594196 0.47543057311426723 5 0.023310023310023312
2728 0.3487965280073773 0.47585633638337665 5 0.023310023310023312
2729 0.34915457182027065 0.47626616338953714 5 0.023310023310023312
2730 0.3492628442433464 0.4763105003119471 5 0.023320895522388058
2731 0.34962181160183625 0.4767261480810429 5 0.023320895522388058
2732 0.3499456062373846 0.4771348825654688 5 0.023320895522388058
2733 0.35024335222615366 0.4775431806775206 5 0.023320895522388058
2734 0.35028982896656047 0.4775932629198757 5 0.02333177788147457
2735 0.3505751367643551 0.4779963191006713 5 0.02333177788147457
2736 0.3508781296137907 0.478398234043299 5 0.02333177788147457
2737 0.35103090303093604 0.47844279301509174 5 0.023342670401493928
2738 0.35141563049055924 0.47885320583353524 5 0.023342670401493928
2739 0.3518797224525264 0.47927278285514374 5 0.023342670401493928
2740 0.35210227246125825 0.47933462599613785 5 0.02335357309668379
2741 0.35254814685320407 0.47975801018332137 5 0.02335357309668379
2742 0.3527662124751457 0.4798221767934646 5 0.02336448598130841
2743 0.35309799985968576 0.4802396651778861 5 0.02336448598130841
2744 0.35354096234547305 0.4803027151958609 5 0.02337540906965872
2745 0.3546846396975941 0.4807886402199202 5 0.02337540906965872
2746 0.3554900483170185 0.481078611544437 5 0.02337540906965872
2747 0.3560817542663584 0.4812161369537546 5 0.02337540906965872
2748 0.3576090614978332 0.4814810246678268 5 0.023342670401493928
2749 0.3588788244767194 0.48176736379102125 5 0.023310023310023312
2750 0.37193402228659556 0.4820849365896094 5 0.022644927536231884
2751 0.37227618275873053 0.48204386840028546 5 0.022644927536231884
2752 0.3721251872891382 0.48200158538721133 5 0.022655188038060714
2753 0.3721894046747619 0.4819755923715447 5 0.02266545784224841
2754 0.372273297266016 0.4819454140329388 5 0.022675736961451247
2755 0.3722805234868286 0.48191809974030486 5 0.022686025408348458
2756 0.3723154171789048 0.4818804253263349 5 0.022696323195642305
2757 0.37237149250899776 0.4818422519304665 5 0.022706630336058128
2758 0.3724293385158012 0.48180419212838865 5 0.022716946842344387
2759 0.3725285818086737 0.48176627136139494 5 0.022727272727272728
2760 0.3725730335430354 0.4817319049217952 5 0.022737608003638016
2761 0.37258906438514805 0.48169666854301596 5 0.022747952684258416
2762 0.37260821584000603 0.4816435583854771 5 0.02275830678197542
2763 0.3726323430798373 0.4816129039776792 5 0.022768670309653915
2764 0.3726843847281284 0.48159170097985327 5 0.022779043280182234
2765 0.37274105576184713 0.4815643416583687 5 0.022789425706472195
2766 0.3728862431973521 0.4815539517834012 5 0.022799817601459188
2767 0.3729441839113561 0.48153354746193655 5 0.02281021897810219
2768 0.3729950329237397 0.48151719427655815 5 0.02282062984938384
2769 0.37306078576005636 0.48150179533791393 5 0.0228310502283105
2770 0.3731297172977735 0.4814843901586058 5 0.02284148012791229
2771 0.37319480398307786 0.48146989668736023 5 0.022851919561243144
2772 0.3732525236090514 0.48145726640194664 5 0.022862368541380886
2773 0.3732895995889064 0.4814415589158895 5 0.022872827081427263
2774 0.37334094460705175 0.48142811255998785 5 0.02288329519450801
2775 0.373398135450485 0.48141451609900415 5 0.022893772893772892
2776 0.37345966593483404 0.481401257491003 5 0.022904260192395786
2777 0.3735125286094766 0.4813868104388789 5 0.022914757103574702
2778 0.37357656152385954 0.4813731839924883 5 0.022925263640531865
2779 0.37363670029689444 0.4813584399480784 5 0.022935779816513763
2780 0.37371344080931873 0.48134988240205834 5 0.02294630564479119
2781 0.3737649699615503 0.48133425093678567 5 0.02295684113865932
2782 0.37381387597169746 0.4813192876637615 5 0.022967386311437757
2783 0.37386277541194646 0.48130456370109514 5 0.022977941176470586
2784 0.37390666503223136 0.4812887836243124 5 0.022988505747126436
2785 0.3739544590021281 0.4812747765830343 5 0.022999080036798528
2786 0.37400702101113176 0.4812573923546526 5 0.023009664058904738
2787 0.3740686389139961 0.4812365342244229 5 0.023020257826887658
2788 0.37425627068381334 0.48124567414188 5 0.023030861354214647
2789 0.37433478822870636 0.481229909801387 5 0.02304147465437788
2790 0.3743895572115708 0.481213767752765 5 0.02305209774089442
2791 0.3746609815765155 0.48114202181122173 5 0.02305209774089442
2792 0.3747089528764299 0.48112583667699405 5 0.023062730627306273
2793 0.374755724841332 0.48111089491889497 5 0.023073373327180433
2794 0.37480219337710924 0.48109697218671865 5 0.023084025854108955
2795 0.37484895059252066 0.481082235491413 5 0.023094688221709007
2796 0.37489612940635414 0.48106802538260157 5 0.02310536044362292
2797 0.3749440475416587 0.4810544782917875 5 0.02311604253351826
2798 0.3749931504871531 0.4810417041417396 5 0.02312673450508788
2799 0.3750420513912163 0.48102899643788877 5 0.023137436372049975
2800 0.37508718114112877 0.4810145024367711 5 0.023148148148148147
2801 0.37512986176036006 0.48100043675899695 5 0.02315886984715146
2802 0.37517697554403595 0.4809881076094474 5 0.023169601482854494
2803 0.37521904690762564 0.48097384249917957 5 0.02318034306907742
2804 0.3752628311512515 0.4809605898646643 5 0.023191094619666047
2805 0.37530455279501274 0.4809460403006297 5 0.02320185614849188
2806 0.37534081949553616 0.48092987444618496 5 0.02321262766945218
2807 0.37538581275709504 0.48091666537841515 5 0.023223409196470042
2808 0.3754332784971459 0.48090363704645506 5 0.023234200743494422
2809 0.37548046482512376 0.4808906586878666 5 0.02324500232450023
2810 0.37552302741417937 0.4808767929228527 5 0.023255813953488372
2811 0.37556153721528923 0.48086342684712335 5 0.023266635644485806
2812 0.37559480569335874 0.48084957278071017 5 0.023277467411545624
2813 0.37562844192369604 0.48083485299806494 5 0.023288309268747087
2814 0.37566230013131985 0.48082004520349225 5 0.023299161230195712
2815 0.3756970812372706 0.48080510697368667 5 0.023310023310023312
2816 0.375731894850994 0.4807903034756448 5 0.023320895522388058
2817 0.3757697103941176 0.48077662133633875 5 0.02333177788147457
2818 0.3758043656336196 0.4807642326023073 5 0.023342670401493928
2819 0.3758334711447059 0.48075363505630947 5 0.02335357309668379
2820 0.3758236146697732 0.48073393043481544 5 0.02336448598130841
2821 0.37584235215207895 0.48071923822252327 5 0.02337540906965872
2822 0.37587027620943353 0.4807042291763575 5 0.023386342376052385
2823 0.3760579979992241 0.4806274132460378 5 0.023386342376052385
2824 0.3761046045668932 0.4806110646033913 5 0.02339728591483388
2825 0.3763605481363777 0.48052389366108494 5 0.02339728591483388
2826 0.37638974139406084 0.48049183221467817 5 0.02340823970037453
2827 0.3767509213192297 0.4804020291146586 5 0.02340823970037453
2828 0.3772477949377574 0.48033284032284307 5 0.02340823970037453
2829 0.3773148975221783 0.48029979276294066 5 0.0234192037470726
2830 0.37789668765236406 0.48020822817019715 5 0.0234192037470726
2831 0.37849871852312983 0.4801178933737937 5 0.0234192037470726
2832 0.3786199097318249 0.4800954569842405 5 0.023430178069353328
2833 0.37918659714648606 0.4800143129199981 5 0.023430178069353328
2834 0.37992337449834496 0.47993476065085644 5 0.023430178069353328
2835 0.38115608677844026 0.479849391703363 5 0.023430178069353328
2836 0.38240537699067173 0.4796073074474119 5 0.023430178069353328
2837 0.38340829972240853 0.4793535643550711 5 0.023430178069353328
2838 0.38429568002597786 0.47909564584828324 5 0.023430178069353328
2839 0.38510372131486625 0.4788356586669414 5 0.023430178069353328
2840 0.385769796445126 0.4785676116527993 5 0.023430178069353328
2841 0.3862976496672264 0.4782756085639484 5 0.023430178069353328
2842 0.38688632145728663 0.4779965996577321 5 0.023430178069353328
2843 0.3875479562272578 0.4777274346692522 5 0.023430178069353328
2844 0.3875240541583419 0.477711342124749 5 0.02344116268166901
2845 0.38801197487270894 0.4774226158361916 5 0.02344116268166901
2846 0.38854136567162145 0.4771256395197523 5 0.02344116268166901
2847 0.3892091598700384 0.47682485134307795 5 0.02344116268166901
2848 0.39011450093835276 0.4759943976979046 5 0.023430178069353328
2849 0.39002881368380643 0.47586050158197646 5 0.02344116268166901
2850 0.3902857051184173 0.47529198001645223 5 0.02344116268166901
2851 0.39052127507057965 0.47472612217054183 5 0.02344116268166901
2852 0.39071448143536136 0.4741315125214073 5 0.02344116268166901
2853 0.3906240948772718 0.4739980199609974 5 0.02345215759849906
2854 0.39095560934796486 0.4734327820159422 5 0.02345215759849906
2855 0.3912615251762984 0.4728708451210551 5 0.02345215759849906
2856 0.39154817199575737 0.47231056225375045 5 0.02345215759849906
2857 0.3913973484279361 0.4721626923424599 5 0.023463162834350067
2858 0.39167426486831963 0.471601915789478 5 0.023463162834350067
2859 0.39198315360283187 0.4710519595301411 5 0.023463162834350067
2860 0.3923180721667477 0.4705371481802196 5 0.023463162834350067
2861 0.3923655732731502 0.4704554349261089 5 0.023474178403755867
2862 0.39271516434123743 0.4699413170075567 5 0.023474178403755867
2863 0.39298465550803574 0.4693657399983362 5 0.023474178403755867
2864 0.3931762215951772 0.46864005680510507 5 0.023474178403755867
2865 0.39327011646036886 0.4685599108104424 5 0.023485204321277594
2866 0.3934734311068162 0.46784764435560494 5 0.023485204321277594
2867 0.3935673397388163 0.467769104682844 5 0.023496240601503758
2868 0.3937098393695642 0.4670488057112287 5 0.023496240601503758
2869 0.3937946682870635 0.4669656050471656 5 0.023507287259050304
2870 0.3940246651991145 0.46624416831926824 5 0.023507287259050304
2871 0.39429086862764506 0.4661928936773544 5 0.023518344308560674
2872 0.39454682273380437 0.46550372891152775 5 0.023518344308560674
2873 0.3946394161212084 0.46543630474171394 5 0.023529411764705882
2874 0.39476903581271666 0.4647214915428063 5 0.023529411764705882
2875 0.3948266763239782 0.46465112291749194 5 0.023540489642184557
2876 0.39500733765117413 0.4639432084154991 5 0.023540489642184557
2877 0.3949549117012512 0.46382905169973887 5 0.023551577955723033
2878 0.39513811780782404 0.46311423511898014 5 0.023551577955723033
2879 0.39523569597781727 0.46305069566476764 5 0.0235626767200754
2880 0.39532047696306905 0.4623436188501343 5 0.0235626767200754
2881 0.39542849439991956 0.462270635117861 5 0.02357378595002357
2882 0.3956097760994464 0.4615659656638229 5 0.02357378595002357
2883 0.39571961691309004 0.46150489676087625 5 0.02358490566037736
2884 0.39601477024210463 0.460814886170933 5 0.02358490566037736
2885 0.39621012975928627 0.4607741138204308 5 0.023596035865974516
2886 0.39648205929350155 0.46008698834031286 5 0.023596035865974516
2887 0.39659816588680863 0.46003797963023685 5 0.02360717658168083
2888 0.39676943308100654 0.4599987287114291 5 0.02361832782239017
2889 0.3967396281994605 0.45904518534539046 5 0.02361832782239017
2890 0.39693765504189316 0.45900821702544387 5 0.02362948960302457
2891 0.39710342802498516 0.45816009805054164 5 0.02362948960302457
2892 0.397232823957913 0.4580697038259034 5 0.02364066193853428
2893 0.3974595830750177 0.45804015006244175 5 0.023651844843897825
2894 0.39760435854334963 0.45718037541382206 5 0.023651844843897825
2895 0.39783908555808356 0.4571619397270779 5 0.0236630383341221
2896 0.39798234878460564 0.4571574236642565 5 0.023674242424242424
2897 0.398048861201814 0.4571460017051253 5 0.023685457129322594
2898 0.39811529589396405 0.45630050665048205 5 0.023685457129322594
2899 0.3981798437592851 0.45626599142280655 5 0.023696682464454975
2900 0.3985599705086954 0.4563624789169106 5 0.02370791844476055
2901 0.3985982255521225 0.45633363084009204 5 0.02371916508538899
2902 0.3986501189017311 0.455462185647189 5 0.02371916508538899
2903 0.3986279254014072 0.4554248711225717 5 0.023730422401518746
2904 0.39860716081667824 0.45539349156768505 5 0.023741690408357073
2905 0.3985513153467969 0.45536905109431325 5 0.023752969121140142
2906 0.3984567440273038 0.4544551810728244 5 0.023752969121140142
2907 0.3983709410057472 0.45440183853593263 5 0.02376425855513308
2908 0.3983056347420896 0.4543211691924691 5 0.02377555872563005
2909 0.3982371790377708 0.45423512668581606 5 0.023786869647954328
2910 0.39825647299675987 0.45333277983590314 5 0.023786869647954328
2911 0.3982026958412761 0.4532587478975333 5 0.02379819133745835
2912 0.3981760073810985 0.453187931900153 5 0.023809523809523808
2913 0.39830665904228374 0.4531947499061654 5 0.023820867079561697
2914 0.39832477640978675 0.453160309000581 5 0.023832221163012392
2915 0.3983021762146598 0.4531310261992297 5 0.02384358607534573
2916 0.3982158509500367 0.4522572301170433 5 0.02384358607534573
2917 0.39833910605871103 0.45235594042269345 5 0.023854961832061067
2918 0.3982462111887292 0.45234154535794174 5 0.02386634844868735
2919 0.39812428440954684 0.4523332000752493 5 0.02387774594078319
2920 0.3979540536372781 0.4523325852591708 5 0.023889154323936932
2921 0.3978455908926349 0.45157633874520836 5 0.023889154323936932
2922 0.3976810153273621 0.45157315371258333 5 0.02390057361376673
2923 0.39758781332295656 0.4515755128521435 5 0.02391200382592061
2924 0.39751983381372524 0.45157412127599156 5 0.023923444976076555
2925 0.39774242441161545 0.45174545041493996 5 0.023934897079942556
2926 0.39778605891955915 0.4509377858421907 5 0.023934897079942556
2927 0.3976941298158277 0.45093844212230605 5 0.023946360153256702
2928 0.3978076426695326 0.4510535077413243 5 0.02395783421178725
2929 0.3977712640301584 0.4510779059180542 5 0.023969319271332692
2930 0.3977054079453315 0.4510901585517787 5 0.023980815347721823
2931 0.39764260294834763 0.4511067850421915 5 0.02399232245681382
2932 0.39762386443677034 0.45029936991707065 5 0.02399232245681382
2933 0.3975493852805916 0.45031617069263435 5 0.02400384061449832
2934 0.3974297816582079 0.4503207725407833 5 0.024015369836695482
2935 0.3972693585343706 0.45033099268503457 5 0.024026910139356077
2936 0.39655515084269777 0.4500956259736702 5 0.02403846153846154
2937 0.3963096845422168 0.45004595287959814 5 0.02405002405002405
2938 0.39619051307518627 0.4500433547384219 5 0.02406159769008662
2939 0.3961523040830225 0.450112513814158 5 0.024073182474723155
2940 0.3959983852352754 0.45009994666328784 5 0.024084778420038533
2941 0.3958711065641546 0.45007781737692454 5 0.024096385542168676
2942 0.39610208776278466 0.45022892713281626 5 0.024108003857280617
2943 0.39608101884597635 0.45024488096346005 5 0.024119633381572598
2944 0.39607038580961074 0.45027388172430893 5 0.024131274131274128
2945 0.3960709165156465 0.45030329692001797 5 0.024142926122646062
2946 0.39636639461398243 0.4504783787334438 5 0.024154589371980676
2947 0.3963904554969548 0.4505357701570989 5 0.02416626389560174
2948 0.39638865856125377 0.4505817277010308 5 0.024177949709864602
2949 0.39638748607825514 0.4498097895270112 5 0.024177949709864602
2950 0.3962528327713767 0.4497560788262991 5 0.024189646831156264
2951 0.39630073994513293 0.44980030708635466 5 0.024201355275895446
2952 0.3963742572890066 0.4498673539384942 5 0.024213075060532687
2953 0.39624073353236156 0.4498353644254921 5 0.024224806201550386
2954 0.39625915801385814 0.4498780284553594 5 0.024236548715462918
2955 0.39630573677975006 0.4499341175136866 5 0.02424830261881668
2956 0.39631545277309943 0.4499770271207815 5 0.024260067928190195
2957 0.3964224102489785 0.4500743001121609 5 0.024271844660194174
2958 0.39644987956681155 0.450124956708904 5 0.02428363283147159
2959 0.39647462994747207 0.45017172950046785 5 0.024295432458697763
2960 0.3964972288636457 0.4502156450477264 5 0.024307243558580455
2961 0.3965837028218383 0.45029281598407056 5 0.02431906614785992
2962 0.3966077595891414 0.4503419164080477 5 0.024330900243309004
2963 0.39663568159180373 0.4503903420124244 5 0.0243427458617332
2964 0.3966787943602915 0.4504409664602191 5 0.024354603019970774
2965 0.39672605590774795 0.4504949842130661 5 0.024366471734892786
2966 0.3967638638382901 0.45054652359188196 5 0.024378352023403216
2967 0.3968007445504731 0.4506005273535438 5 0.024390243902439025
2968 0.3967617353691373 0.4506163842090122 5 0.02440214738897023
2969 0.396788393429774 0.4506607103777146 5 0.0244140625
2970 0.39682970000446616 0.4507109771357743 5 0.024425989252564728
2971 0.39685607163081077 0.45075456925616936 5 0.02443792766373411
2972 0.39689526774261497 0.4508017290588985 5 0.02444987775061125
2973 0.39693888452216847 0.4508504181485663 5 0.02446183953033268
2974 0.39697237630236953 0.45089646528943944 5 0.024473813020068524
2975 0.3970498566554399 0.450970251951048 5 0.024485798237022526
2976 0.3970859214925482 0.4510188663480935 5 0.024497795198432138
2977 0.39714949961184154 0.4510653729347071 5 0.024509803921568627
2978 0.3973413899518651 0.4511358334429388 5 0.024521824423737126
2979 0.3974966634156162 0.45113078707308063 5 0.02453385672227674
2980 0.39779090992088784 0.45121412966754526 5 0.024545900834560628
2981 0.3984854440650622 0.451509256120412 5 0.02455795677799607
2982 0.3997307359874442 0.4520183958197541 5 0.02457002457002457
2983 0.40068281126960575 0.4524791019899217 5 0.024582104228121928
2984 0.40150233717493056 0.45290860498775204 5 0.024594195769798325
2985 0.4027037745982903 0.45336681157266234 5 0.024606299212598423
2986 0.4050716121627021 0.4542095901477839 5 0.024618414574101424
2987 0.406667616674213 0.4547899214645993 5 0.024630541871921183
2988 0.4077980084977524 0.45529478026715625 5 0.02464268112370626
2989 0.40909669181046404 0.4558040250121872 5 0.024654832347140037
2990 0.4111238087988359 0.4563684309400492 5 0.024666995559940796
2991 0.41310261565515916 0.45696950798966485 5 0.024679170779861793
2992 0.4152750709912816 0.4577940233279799 5 0.024691358024691357
2993 0.4182839629222574 0.4591049449224728 5 0.024703557312252964
2994 0.420859979694382 0.46030050588242605 5 0.024715768660405337
2995 0.42329207787248213 0.4614494931312897 5 0.02472799208704253
2996 0.425986471471964 0.4625715300787986 5 0.02474022761009401
2997 0.4283151100495674 0.4637351135325488 5 0.024752475247524754
2998 0.4303062790039765 0.4648653132473979 5 0.024764735017335313
2999 0.4325015163239727 0.4659724048123846 5 0.024777006937561942
3000 0.43560147845690506 0.467195490697322 5 0.024789291026276646
3001 0.43821147976342 0.4675578891721718 5 0.024789291026276646
3002 0.44041551915453986 0.4687314582745249 5 0.0248015873015873
3003 0.4426961325942 0.4698961380960953 5 0.02481389578163772
3004 0.44589320051837616 0.47124956889240704 5 0.024826216484607744
3005 0.4485866275719491 0.47255982873168023 5 0.02483854942871336
3006 0.45084964717624676 0.4738059220930163 5 0.024850894632206758
3007 0.4531508406869281 0.47500133940152917 5 0.024863252113376425
3008 0.4564215761162404 0.4764454686747054 5 0.024875621890547265
3009 0.45928184224089136 0.477763843800607 5 0.024888003982080638
3010 0.46190849671830614 0.47899167505326623 5 0.0249003984063745
3011 0.4648446152568805 0.48023457190523244 5 0.024912805181863475
3012 0.46735143222557474 0.4814375012658284 5 0.02492522432701894
3013 0.46953708980300374 0.4826250736300192 5 0.02493765586034913
3014 0.4717355753895589 0.48377699513363737 5 0.0249500998003992
3015 0.4746140925054747 0.4850090610827517 5 0.02496255616575137
3016 0.47720090303599677 0.4861744000318584 5 0.024975024975024972
3017 0.4797258822512154 0.4873145658950241 5 0.02498750624687656
3018 0.4828127915287127 0.4886133938936138 5 0.025
3019 0.48530684558659204 0.48976532608027784 5 0.02501250625312656
3020 0.48747756549640736 0.4908781070336928 5 0.025025025025025023
3021 0.48971755089098457 0.491955705559708 5 0.02503755633450175
3022 0.49286889660289324 0.49326048332442757 5 0.0250501002004008
3023 0.4955935834991184 0.494358884612265 5 0.02506265664160401
3024 0.4982257128083171 0.4954077034327297 5 0.025075225677031094
3025 0.5014770207761109 0.49668093576273564 5 0.025087807325639738
3026 0.5040178214197777 0.4977300458854451 5 0.0251004016064257
3027 0.5062500422558651 0.4987091950556934 5 0.0251130085384229
3028 0.5084157635509404 0.49946297146898166 5 0.02512562814070352
3029 0.5111683187621077 0.5001058123220596 5 0.02513826043237808
3030 0.5130645991746106 0.5005353465983146 5 0.02515090543259557
3031 0.5145936902522046 0.5009428175466164 5 0.02516356316054353
3032 0.5163038588645061 0.5013210517191562 5 0.025176233635448134
3033 0.5191307083490541 0.5019465508684258 5 0.02518891687657431
3034 0.5213987434298065 0.5023372973439114 5 0.025201612903225805
3035 0.523373011654064 0.5026338033905015 5 0.025214321734745335
3036 0.5257182305278658 0.5030371471898203 5 0.02522704339051463
3037 0.5274829401751016 0.5033843625573475 5 0.025239777889954566
3038 0.5289350493832274 0.5037529801696932 5 0.025252525252525252
3039 0.5305475149409543 0.5040715025611837 5 0.025265285497726123
3040 0.533271603094157 0.5046283579899177 5 0.025278058645096056
3041 0.5363915633750809 0.5058518858380607 5 0.025290844714213452
3042 0.5391064824547277 0.5070512649642603 5 0.025303643724696352
3043 0.54199604069696 0.508116316406029 5 0.02531645569620253
3044 0.5464081230148496 0.5091678153908756 5 0.025329280648429583
3045 0.5504614200057611 0.5099897208693586 5 0.02534211860111505
3046 0.5546955122352577 0.5109927250652646 5 0.025354969574036507
3047 0.5575532548016826 0.5119642554645509 5 0.025367833587011668
3048 0.5597467905496436 0.5130027594999845 5 0.025380710659898477
3049 0.5618401174356645 0.5140180932054316 5 0.025393600812595226
3050 0.5646344461858611 0.5148256245539087 5 0.02540650406504065
3051 0.568796320468297 0.5156920122398827 5 0.02541942043721403
3052 0.5722096219198697 0.5163268180059686 5 0.025432349949135298
3053 0.5746802736289167 0.5165797199632428 5 0.02544529262086514
3054 0.5776810376480922 0.5170379391655475 5 0.02545824847250509
3055 0.5801896299108991 0.5172459267799582 5 0.025471217524197655
3056 0.582627657805188 0.5173837716305286 5 0.0254841997961264
3057 0.5859140572730487 0.5176712252607552 5 0.02549719530851606
3058 0.5882599504188355 0.5178363457453393 5 0.025510204081632654
3059 0.5900979886877926 0.5180919885784937 5 0.02552322613578356
3060 0.5919832696274858 0.5183080280316164 5 0.025536261491317668
3061 0.5952067273596349 0.5185844024483769 5 0.025549310168625446
3062 0.5974411353087172 0.5186691180108058 5 0.025562372188139056
3063 0.5991604697206842 0.5188486968796482 5 0.02557544757033248
3064 0.6009019294342384 0.5190112878960791 5 0.025588536335721595
3065 0.6036199663626978 0.5190485981723 5 0.02560163850486431
3066 0.6058735588039521 0.5189447049775413 5 0.025614754098360653
3067 0.6079530431090714 0.518794792611152 5 0.025627883136852894
3068 0.6106477428252078 0.518733090813948 5 0.02564102564102564
3069 0.6128833058314055 0.5185599041257206 5 0.02565418163160595
3070 0.6150001895612639 0.5182736101764654 5 0.02566735112936345
3071 0.6178484152620131 0.5179513543721921 5 0.025680534155110422
3072 0.6198930019625213 0.5176751687736005 5 0.02569373072970195
3073 0.6214948321025922 0.5176095564677528 5 0.02570694087403599
3074 0.6231748256779881 0.5174808524853068 5 0.0257201646090535
3075 0.6258717837887099 0.517050550902876 5 0.025733401955738547
3076 0.6277865007582246 0.5167132406641669 5 0.025746652935118432
3077 0.6273544220038435 0.5166127463580387 5 0.02575991756826378
3078 0.6258059499297098 0.5164507025439485 5 0.02577319587628866
3079 0.6235570375233007 0.5158969855139196 5 0.025786487880350695
3080 0.6215900647445679 0.5153939316680629 5 0.025799793601651185
3081 0.6197773052179743 0.5148733731636452 5 0.025813113061435206
3082 0.6174377735617129 0.5142662856684932 5 0.025826446280991733
3083 0.6157501249332428 0.5138728165493412 5 0.025839793281653745
3084 0.614425717838589 0.5137142202199755 5 0.025853154084798345
3085 0.6129900634371857 0.5133600471757519 5 0.02586652871184687
3086 0.6109327876698458 0.5124435383012592 5 0.02587991718426501
3087 0.6092014390761336 0.5116130436731673 5 0.025893319523562917
3088 0.6076761979608853 0.5108189340768429 5 0.025906735751295335
3089 0.6058564887153779 0.5098799475606295 5 0.02592016588906169
3090 0.6044894128956086 0.5092231941013474 5 0.025933609958506222
3091 0.6034481260643069 0.5089302417411078 5 0.025947067981318107
3092 0.602362375192225 0.5086377002578922 5 0.025960539979231565
3093 0.6006845568777941 0.5079567605569675 5 0.025974025974025976
3094 0.5993123088799528 0.5072366039840975 5 0.025987525987525985
3095 0.5980527622471479 0.5064154075410948 5 0.026001040041601663
3096 0.5963602633637253 0.5053787079105088 5 0.026014568158168574
3097 0.5951740791197913 0.504620608996547 5 0.02602811035918792
3098 0.5942626480865179 0.5041746028539822 5 0.026041666666666668
3099 0.5932788889466314 0.5036481931853897 5 0.026055237102657634
3100 0.5918199748857893 0.502537399357837 5 0.026068821689259645
3101 0.5907650410932339 0.5017334511561444 5 0.026082420448617628
3102 0.5899558347755124 0.5012645141407203 5 0.026096033402922752
3103 0.5891406369954342 0.5007971005228044 5 0.02610966057441253
3104 0.587898876348565 0.4998093585020541 5 0.02612330198537095
3105 0.5868944715109923 0.49889398829469245 5 0.026136957658128592
3106 0.5859893627365064 0.49797846761221615 5 0.02615062761506276
3107 0.5847996382764833 0.4968175314065678 5 0.02616431187859759
3108 0.5839631588501891 0.4960504207518449 5 0.02617801047120419
3109 0.5833491026583207 0.4956110776949817 5 0.02619172341540073
3110 0.5827074329348878 0.49497736217263943 5 0.02620545073375262
3111 0.5818397033956082 0.4936518161002736 5 0.026219192448872573
3112 0.5811332871659173 0.4926488694397624 5 0.026232948583420772
3113 0.5806921117155124 0.4918927030043864 5 0.026246719160104987
3114 0.5804399035651169 0.4910205472334952 5 0.026260504201680673
3115 0.5801120483095852 0.49033121684065356 5 0.02627430373095113
3116 0.5798087164809707 0.4896972462221466 5 0.02628811777076761
3117 0.5793728041102256 0.48887840532232285 5 0.026301946344029454
3118 0.5790943191133555 0.4883569247353628 5 0.02631578947368421
3119 0.5788764297428115 0.48805155985272686 5 0.02632964718272775
3120 0.5786264457333677 0.48757902643972706 5 0.026343519494204423
3121 0.5782787864562315 0.4866154309757782 5 0.026357406431207167
3122 0.5779840531312676 0.4859780565473473 5 0.026371308016877634
3123 0.5777486228166998 0.4856948071492826 5 0.026385224274406333
3124 0.5775254059444304 0.48548535510381613 5 0.026399155227032733
3125 0.5770375200410757 0.48517266675912607 5 0.026413100898045428
3126 0.5768945404708761 0.48496702055412105 5 0.02642706131078224
3127 0.57684319147541 0.4849443249731314 5 0.026441036488630353
3128 0.5768041987308454 0.48503020686063253 5 0.026455026455026454
3129 0.5768945618004352 0.4851325448535385 5 0.026469031233456855
3130 0.5768149593504134 0.4845501637833687 5 0.026469031233456855
3131 0.5767578608984743 0.48477142073726454 5 0.026483050847457626
3132 0.5766390828693185 0.48513176349842346 5 0.02649708532061473
3133 0.5765763702964636 0.48536380170800364 5 0.026511134676564154
3134 0.5765199786778773 0.48558085799603196 5 0.026525198938992044
3135 0.5764795293041662 0.4859934101326567 5 0.026539278131634817
3136 0.5766860215664784 0.48662978666176987 5 0.02655337227827934
3137 0.5767599722209056 0.48720266481093094 5 0.026567481402763014
3138 0.5768055906276326 0.4876895663035546 5 0.026581605528973946
3139 0.5768962296255163 0.4874536616788535 5 0.026581605528973946
3140 0.5769595403291544 0.4878073984603681 5 0.026595744680851064
3141 0.5769903323319326 0.4880294860245435 5 0.026609898882384245
3142 0.5769696643040509 0.4875023072779898 5 0.026609898882384245
3143 0.5768498641499379 0.4877757448540474 5 0.02662406815761448
3144 0.5768452422682748 0.4879562507757586 5 0.02663825253063399
3145 0.5768518568695771 0.4880596890212138 5 0.02665245202558635
3146 0.5767583212892805 0.4873946918509007 5 0.02665245202558635
3147 0.5767370195007484 0.48748129585644034 5 0.02666666666666667
3148 0.5767076037863241 0.4875515148287435 5 0.026680896478121663
3149 0.5766196704307348 0.48758541460596055 5 0.026695141484249865
3150 0.5764160781670244 0.486806380136232 5 0.026695141484249865
3151 0.5762770482986233 0.48687117831373056 5 0.026709401709401708
3152 0.5761988969773453 0.48630629500781647 5 0.026709401709401708
3153 0.5760903792728256 0.4864150289497677 5 0.026723677177979688
3154 0.5758833340891694 0.4863895297192351 5 0.026737967914438502
3155 0.5757178916220821 0.48572340703701744 5 0.026737967914438502
3156 0.5755840537348684 0.48582475271867376 5 0.02675227394328518
3157 0.5753994188010578 0.48585012874431366 5 0.026766595289079226
3158 0.5752237666315123 0.48524391475487594 5 0.026766595289079226
3159 0.575078834533578 0.48542632121319446 5 0.026780931976432776
3160 0.5749102642876766 0.48547823549137686 5 0.026795284030010715
3161 0.5745706232005785 0.4846107415084037 5 0.026795284030010715
3162 0.5743547059676037 0.4846297417269332 5 0.02680965147453083
3163 0.5741342449844671 0.48398229081049776 5 0.02680965147453083
3164 0.5740272020172151 0.4839508112828206 5 0.02682403433476395
3165 0.5738044364530116 0.48334260916659566 5 0.02682403433476395
3166 0.5736566632304052 0.4835822737768278 5 0.026838432635534083
3167 0.5734185482483737 0.4830688016234402 5 0.026838432635534083
3168 0.5731834021655894 0.4831399613597154 5 0.026852846401718578
3169 0.5730685601038774 0.4826121929503621 5 0.026852846401718578
3170 0.572951239899283 0.4829138219760559 5 0.02686727565824825
3171 0.5727922966721788 0.4825404903460086 5 0.02686727565824825
3172 0.5724124333098441 0.4829083660042908 5 0.026881720430107527
3173 0.5722028921763951 0.48254417355610857 5 0.026881720430107527
3174 0.572141278537652 0.48290615765836886 5 0.02689618074233459
3175 0.5723431624317682 0.4825341518873774 5 0.02689618074233459
3176 0.5722861931194507 0.48292380739742474 5 0.026910656620021525
3177 0.5721817959653375 0.4826375560902719 5 0.026910656620021525
3178 0.5721007849400948 0.48305588675599875 5 0.026925148088314484
3179 0.5718524603777106 0.48351318981409924 5 0.02693965517241379
3180 0.5716974573480479 0.4832362062610548 5 0.02693965517241379
3181 0.5716389548162428 0.4836554004366165 5 0.026954177897574125
3182 0.5714454769242721 0.48339223196794057 5 0.026954177897574125
3183 0.5713780660918655 0.4838125832594383 5 0.026968716289104636
3184 0.5712597621494441 0.48352447662099973 5 0.026968716289104636
3185 0.5711899906853197 0.48384428287386766 5 0.02698327037236913
3186 0.5712566460890481 0.48329004214296445 5 0.02698327037236913
3187 0.5711819197436873 0.4835164198430931 5 0.026997840172786173
3188 0.5710873606571574 0.4837859738951332 5 0.027012425715829277
3189 0.5711073492205145 0.48332473468878057 5 0.027012425715829277
3190 0.5710295794017103 0.48362133537774515 5 0.02702702702702703
3191 0.5709462641958287 0.4840081991991719 5 0.02704164413196322
3192 0.5708939814768007 0.4837905573949867 5 0.02704164413196322
3193 0.5721586421559062 0.484026950152188 5 0.027056277056277056
3194 0.5723015684860561 0.4844329932729597 5 0.027070925825663235
3195 0.5720625026116324 0.4840561235294172 5 0.027070925825663235
3196 0.571862198449198 0.48421902019710694 5 0.027085590465872153
3197 0.5708784687034982 0.4843807218911936 5 0.02710027100271003
3198 0.570629147071265 0.4843080724963002 5 0.027114967462039046
3199 0.570510604815197 0.48442818201960336 5 0.027129679869777535
3200 0.5696336602968899 0.48485067132502835 5 0.027144408251900107
3201 0.569428894463069 0.48504895551562105 5 0.027159152634437803
3202 0.5693477774807288 0.4850997018530353 5 0.02717391304347826
3203 0.5692451541249993 0.4850140157109687 5 0.02718868950516585
3204 0.5691607784525281 0.4840988585492993 5 0.02718868950516585
3205 0.5690702985567424 0.48398011358308 5 0.02720348204570185
3206 0.5689806825842127 0.4839844822775839 5 0.02721829069134458
3207 0.56910916806274 0.4840114370035523 5 0.027233115468409584
3208 0.5690484200942045 0.48406510467137487 5 0.027247956403269755
3209 0.568950336653459 0.4841551624319226 5 0.027262813522355506
3210 0.5688675085391901 0.4843375002992608 5 0.027277686852154936
3211 0.5687697266305126 0.4846474800576404 5 0.02729257641921397
3212 0.5686921091199421 0.48484584262761665 5 0.027307482250136534
3213 0.5685993323510894 0.48492034744203416 5 0.0273224043715847
3214 0.5682166193828122 0.4849815972718633 5 0.02733734281027884
3215 0.5680837476138128 0.4850026889611002 5 0.02735229759299781
3216 0.5680044704666671 0.4850377019734859 5 0.02736726874657909
3217 0.5679191381824127 0.4850682033963169 5 0.027382256297918944
3218 0.5679053593240753 0.48506444081539896 5 0.0273972602739726
3219 0.5678275932674391 0.4850919049181737 5 0.027412280701754384
3220 0.5677407378599435 0.4851399822058286 5 0.027427317608337904
3221 0.5676560499841582 0.4852013558424309 5 0.0274423710208562
3222 0.5675483264610741 0.48526997597152616 5 0.02745744096650192
3223 0.5674596832419905 0.4853304607055843 5 0.027472527472527472
3224 0.5673750959856195 0.48539111679607017 5 0.02748763056624519
3225 0.5672921070144838 0.4854549843012698 5 0.0275027502750275
3226 0.5672081914742112 0.4855146556029507 5 0.0275178866263071
3227 0.5671215821049624 0.4855700258541673 5 0.027533039647577088
3228 0.567034639363653 0.48562703358432985 5 0.027548209366391185
3229 0.5669065351083298 0.48570067513078696 5 0.027563395810363836
3230 0.5668171343365881 0.4857625027451948 5 0.027578599007170433
3231 0.5667350968675169 0.4858236920819565 5 0.02759381898454746
3232 0.5666748120340807 0.48588407599351624 5 0.027609055770292653
3233 0.5665942866378753 0.48594617671702345 5 0.027624309392265192
3234 0.5665105486685391 0.4860015907043829 5 0.027639579878385848
3235 0.5664277475004368 0.48605057205745156 5 0.027654867256637166
3236 0.5663347593414235 0.4860961338200166 5 0.027670171555063638
3237 0.5662506846116271 0.48613962237348474 5 0.027685492801771867
3238 0.5661659506621133 0.4861836906661375 5 0.027700831024930747
3239 0.5661231612337926 0.48621857872653773 5 0.027716186252771616
3240 0.5660443939240619 0.4862695861059122 5 0.027731558513588463
3241 0.5659590554262971 0.48632921186804 5 0.027746947835738067
3242 0.5658762858542794 0.4863955781084705 5 0.027762354247640196
3243 0.5657702442047207 0.4864727783736599 5 0.027777777777777776
3244 0.5656852506265841 0.48653777758726324 5 0.027793218454697052
3245 0.5656037879747235 0.48659766162280177 5 0.027808676307007785
3246 0.5655198185776372 0.4866540165234971 5 0.027824151363383415
3247 0.5654826903212429 0.4866969800052032 5 0.027839643652561245
3248 0.5654030902299371 0.48675368142705244 5 0.027855153203342618
3249 0.5653154371347779 0.486815060428352 5 0.027870680044593088
3250 0.5652239484339028 0.48688119032252697 5 0.02788622420524261
3251 0.565137559438398 0.48694620221063484 5 0.027901785714285712
3252 0.5650537677919172 0.48701184032739897 5 0.02791736460078168
3253 0.5649464742264912 0.48708086582548676 5 0.027932960893854747
3254 0.5648607420788876 0.48714297010815394 5 0.02794857462269424
3255 0.5647793204757353 0.48720206624003914 5 0.02796420581655481
3256 0.5646968096388936 0.487259642266302 5 0.027979854504756572
3257 0.5646129134967961 0.48731572939540496 5 0.027995520716685325
3258 0.5645838109975047 0.48735591301600334 5 0.028011204481792718
3259 0.5645029732583662 0.4874133252739786 5 0.02802690582959641
3260 0.5644127384140554 0.4874747795079236 5 0.028042624789680313
3261 0.5643449685461036 0.48753352344148004 5 0.028058361391694722
3262 0.5642579484438252 0.48760266688329923 5 0.028074115665356537
3263 0.5641679937490622 0.48767972153376 5 0.028089887640449437
3264 0.5640372754936662 0.48777143924292454 5 0.028105677346824058
3265 0.5639445252262579 0.4878467836131768 5 0.028121484814398197
3266 0.5638577116477971 0.4879150077093464 5 0.028137310073157003
3267 0.5637703939302006 0.4879819732820304 5 0.02815315315315315
3268 0.5636818320931972 0.48805401165255613 5 0.028169014084507043
3269 0.5635986842837094 0.4881306401080333 5 0.02818489289740699
3270 0.5635127713376824 0.48820364227427093 5 0.028200789622109416
3271 0.5634274349237234 0.48827262013822564 5 0.02821670428893905
3272 0.5633630386926223 0.4883349804388802 5 0.0282326369282891
3273 0.5632806817448011 0.4884037135486844 5 0.02824858757062147
3274 0.5631930328954632 0.4884721959430872 5 0.02826455624646693
3275 0.5631060979628024 0.48853726675605635 5 0.028280542986425336
3276 0.5630188788855299 0.48860366445739584 5 0.028296547821165814
3277 0.5629318502965919 0.48867414524024866 5 0.02831257078142695
3278 0.56284523106916 0.4887506205764211 5 0.028328611898016998
3279 0.5627502005106857 0.48883554471466245 5 0.028344671201814057
3280 0.5626630247533283 0.4889138236410312 5 0.028360748723766305
3281 0.5625785854680504 0.488985923899132 5 0.028376844494892164
3282 0.5624935792195331 0.4890539073834037 5 0.02839295854628052
3283 0.5624131055822597 0.4891179577845609 5 0.028409090909090908
3284 0.562329052726913 0.4891878522211863 5 0.028425241614553724
3285 0.5622422916568851 0.48926347835523754 5 0.02844141069397042
3286 0.5621661495525976 0.4893415109515836 5 0.028457598178713715
3287 0.5620872491782101 0.4894355192955155 5 0.028473804100227786
3288 0.5620110590384155 0.4895425754010258 5 0.02849002849002849
3289 0.5622039126294015 0.4895924296481219 5 0.028506271379703532
3290 0.5621620868075577 0.4896938051136851 5 0.028522532800912718
3291 0.5620827284958487 0.48985265089428126 5 0.028538812785388126
3292 0.562045893939905 0.49010492852764564 5 0.02855511136493432
3293 0.5627388134567335 0.490271515049746 5 0.02857142857142857
3294 0.5628126073054838 0.4904385662237985 5 0.02858776443682104
3295 0.5627458468496539 0.49054014817809055 5 0.02860411899313501
3296 0.562669134293588 0.4907856093816938 5 0.028620492272467084
3297 0.5623344779382518 0.4912911401457965 5 0.028636884306987395
3298 0.5621354985917199 0.49102751156631597 5 0.028636884306987395
3299 0.5620078070872392 0.49156758027888914 5 0.02865329512893983
3300 0.56140925664158 0.4924617672681199 5 0.0286697247706422
3301 0.5612672876497472 0.4929170334716034 5 0.028686173264486515
3302 0.5612081139005763 0.49311159256381504 5 0.028702640642939148
3303 0.5611094988091934 0.49278540588191105 5 0.028702640642939148
3304 0.5613949885260023 0.4933504995450396 5 0.028719126938541065
3305 0.5614197937894255 0.4937934498915014 5 0.028735632183908046
3306 0.5613961162299341 0.4939580984562785 5 0.02875215641173088
3307 0.561638604728044 0.4931769663511386 5 0.02875215641173088
3308 0.5616850048653913 0.49300508539088767 5 0.028768699654775604
3309 0.5615206204458535 0.49213826008425576 5 0.028768699654775604
3310 0.5615040239267258 0.49199645678414655 5 0.028785261945883704
3311 0.5613241266125273 0.49135586542805754 5 0.028785261945883704
3312 0.5612984658624198 0.49123655776203784 5 0.028801843317972347
3313 0.5612257995068329 0.49038706901375895 5 0.028801843317972347
3314 0.5610578810546735 0.49021326462953096 5 0.02881844380403458
3315 0.5609104695263976 0.4893023462691078 5 0.02881844380403458
3316 0.5608893835118082 0.4889578497688656 5 0.02883506343713956
3317 0.5608673568945113 0.48853938896530513 5 0.028851702250432775
3318 0.5611388919070533 0.48719758087666365 5 0.028851702250432775
3319 0.5610136522956106 0.4859016208861197 5 0.028851702250432775
3320 0.5609133868540044 0.4852484478069453 5 0.028868360277136258
3321 0.5607200700805686 0.483755126357203 5 0.028868360277136258
3322 0.5608681726151136 0.48187794706270537 5 0.028868360277136258
3323 0.5607518045962874 0.48021286668683566 5 0.028868360277136258
3324 0.5606511775088988 0.4792646818054404 5 0.02888503755054881
3325 0.5602926104906085 0.4776693274985561 5 0.02888503755054881
3326 0.5601022008634793 0.4761814130879346 5 0.02888503755054881
3327 0.5599808982311363 0.47480031588216703 5 0.02888503755054881
3328 0.559895748696843 0.47395132307969623 5 0.028901734104046242
3329 0.5595449319814105 0.4723249667302826 5 0.028901734104046242
3330 0.5592215276463057 0.47074411280212314 5 0.028901734104046242
3331 0.5590101685984543 0.46912100438388044 5 0.028901734104046242
3332 0.5589929361727604 0.46734315726972103 5 0.028901734104046242
3333 0.558806184202976 0.46575388853226884 5 0.028901734104046242
3334 0.5585323720915503 0.4642901887348465 5 0.028901734104046242
3335 0.5582942726146105 0.46277552339938655 5 0.028901734104046242
3336 0.5578059708095746 0.4611014227600134 5 0.028901734104046242
3337 0.5575347264955697 0.459387468215733 5 0.028901734104046242
3338 0.5573914950330023 0.4583841876822105 5 0.028918449971081547
3339 0.5570300410428438 0.45665842360570075 5 0.028918449971081547
3340 0.5568231247320024 0.45501343831265195 5 0.028918449971081547
3341 0.5566233242926868 0.45342698434603285 5 0.028918449971081547
3342 0.5563932184089884 0.4517436477865928 5 0.028918449971081547
3343 0.5562030468489723 0.44982663219171587 5 0.028918449971081547
3344 0.5560070663657875 0.4480563650237389 5 0.028918449971081547
3345 0.5557964760361165 0.44640159547088887 5 0.028918449971081547
3346 0.5555532845182618 0.44473713169464996 5 0.028918449971081547
3347 0.5552208740055928 0.4429788570603773 5 0.028918449971081547
3348 0.5550209427652318 0.44129941888681923 5 0.028918449971081547
3349 0.55485383979863 0.43975131903887543 5 0.028918449971081547
3350 0.5547960510663511 0.43823676715957083 5 0.028918449971081547
3351 0.5546907943370407 0.4366374390888262 5 0.028918449971081547
3352 0.5545339015773719 0.43509834479760856 5 0.028918449971081547
3353 0.5544288729749332 0.4336208066615299 5 0.028918449971081547
3354 0.5543632741889704 0.4321672228099973 5 0.028918449971081547
3355 0.5542277142357984 0.43076983934965696 5 0.028918449971081547
3356 0.5540736507314901 0.429398039916706 5 0.028918449971081547
3357 0.554045654827593 0.42804790781900587 5 0.028918449971081547
3358 0.5539273190436173 0.42668905633522647 5 0.028918449971081547
3359 0.5537813883987404 0.42534518934451515 5 0.028918449971081547
3360 0.5536341989652106 0.42407148188197635 5 0.028918449971081547
3361 0.5536924042637685 0.4228817738034737 5 0.028918449971081547
3362 0.5535646815758442 0.421657173390168 5 0.028918449971081547
3363 0.5533844517347001 0.42039336235801184 5 0.028918449971081547
3364 0.5532101411281932 0.4191659464460291 5 0.028918449971081547
3365 0.5531305921696417 0.41800598046850623 5 0.028918449971081547
3366 0.5529539909738669 0.4167952880071534 5 0.028918449971081547
3367 0.5527588798958286 0.4154821133312878 5 0.028918449971081547
3368 0.5525565989343052 0.4140918752393435 5 0.028918449971081547
3369 0.5523641503402736 0.4127436347755739 5 0.028918449971081547
3370 0.5521716445465895 0.41138794303770004 5 0.028918449971081547
3371 0.5519675527982458 0.4099483340974757 5 0.028918449971081547
3372 0.5516273812545067 0.40840141956898207 5 0.028918449971081547
3373 0.5514096733144418 0.4069472989281272 5 0.028918449971081547
3374 0.5512263498864866 0.4055933617305887 5 0.028918449971081547
3375 0.5510273871593311 0.4042309334141866 5 0.028918449971081547
3376 0.5509312208946613 0.40272628472919625 5 0.028918449971081547
3377 0.5507379669466472 0.40132279143507066 5 0.028918449971081547
3378 0.550523417331157 0.4000128779056523 5 0.028918449971081547
3379 0.5504169699462222 0.39872886618967984 5 0.028918449971081547
3380 0.5502000262056032 0.39747318265711973 5 0.028918449971081547
3381 0.5499633717382436 0.3962204893392367 5 0.028918449971081547
3382 0.5497358188244041 0.3949970256642338 5 0.028918449971081547
3383 0.5496312066288044 0.39379251319954567 5 0.028918449971081547
3384 0.5494298694637408 0.3926003112174137 5 0.028918449971081547
3385 0.5491992143116919 0.3913980219501785 5 0.028918449971081547
3386 0.548970798940499 0.3901949227957744 5 0.028918449971081547
3387 0.5486453844697738 0.38902769790010294 5 0.028918449971081547
3388 0.5484096393469541 0.38784728242935274 5 0.028918449971081547
3389 0.5481880608800779 0.3866710647991223 5 0.028918449971081547
3390 0.5480660497810671 0.38547603157902255 5 0.028918449971081547
3391 0.5479038616229703 0.38430447683200686 5 0.028918449971081547
3392 0.5476848656258251 0.3831410458640841 5 0.028918449971081547
3393 0.5476590767767432 0.38192496070657467 5 0.028918449971081547
3394 0.5475965499064906 0.3807655997813381 5 0.028918449971081547
3395 0.5473790229976943 0.3796067318954416 5 0.028918449971081547
3396 0.5471211996600023 0.3784211949226935 5 0.028918449971081547
3397 0.5469607331212604 0.37715907643616864 5 0.028918449971081547
3398 0.5468168909230546 0.37596761558452174 5 0.028918449971081547
3399 0.5465725288759141 0.3747911151960628 5 0.028918449971081547
3400 0.5462901649909161 0.37356281707926897 5 0.028918449971081547
3401 0.5459075151936732 0.3722748312932397 5 0.028918449971081547
3402 0.5456501395261574 0.3710460556314714 5 0.028918449971081547
3403 0.5453875993039292 0.3698742977973513 5 0.028918449971081547
3404 0.5451115363269473 0.3687095273237123 5 0.028918449971081547
3405 0.544855443571123 0.3674887639203172 5 0.028918449971081547
3406 0.5446422988058685 0.36631413917775235 5 0.028918449971081547
3407 0.5444013437918913 0.36518517280905954 5 0.028918449971081547
3408 0.5441635347494282 0.36408013806444345 5 0.028918449971081547
3409 0.5439635119424767 0.3629838150802386 5 0.028918449971081547
3410 0.5437306491199527 0.36189172013285037 5 0.028918449971081547
3411 0.5434917440345576 0.36078636444003287 5 0.028918449971081547
3412 0.5431292717300777 0.3596967955929836 5 0.028918449971081547
3413 0.5428987264424003 0.3585968475955099 5 0.028918449971081547
3414 0.5426820395329425 0.3575175338138411 5 0.028918449971081547
3415 0.542445789323796 0.35646053696940805 5 0.028918449971081547
3416 0.5422273049405874 0.3554208916850984 5 0.028918449971081547
3417 0.5420638368207337 0.35440182952721694 5 0.028918449971081547
3418 0.541929325444044 0.35336572518623055 5 0.028918449971081547
3419 0.5417109510934212 0.35235380127346483 5 0.028918449971081547
3420 0.5414987102866791 0.35135488712868823 5 0.028918449971081547
3421 0.5412678255353679 0.3503924954956886 5 0.028918449971081547
3422 0.5411434233992856 0.34943680563016716 5 0.028918449971081547
3423 0.5409161056394176 0.34850897937288094 5 0.028918449971081547
3424 0.5406498043345976 0.3475727039520351 5 0.028918449971081547
3425 0.5402671288484594 0.34619086060373205 5 0.028901734104046242
3426 0.5400477063631989 0.3452372565687347 5 0.028901734104046242
3427 0.5397885398008698 0.3443196797910472 5 0.028901734104046242
3428 0.5395426837459186 0.34341684129447303 5 0.028901734104046242
3429 0.5392944040723613 0.34250895884691224 5 0.028901734104046242
3430 0.5390991462671703 0.3415547735391681 5 0.028901734104046242
3431 0.5389054366302536 0.3406716015606309 5 0.028901734104046242
3432 0.5386644205127249 0.33985625088822946 5 0.028901734104046242
3433 0.5384928135841086 0.33902196043168 5 0.028901734104046242
3434 0.5382585708287834 0.3382100423472365 5 0.028901734104046242
3435 0.5381246316164041 0.3374242955018889 5 0.028901734104046242
3436 0.5379057208964759 0.33666930241690185 5 0.028901734104046242
3437 0.5376520950558421 0.33586518789773223 5 0.028901734104046242
3438 0.5374057120937834 0.3350172798978049 5 0.028901734104046242
3439 0.5372640587023194 0.3341723687479795 5 0.028901734104046242
3440 0.5369162149546093 0.3333958172448493 5 0.028901734104046242
3441 0.5366715278195165 0.33256232379792383 5 0.028901734104046242
3442 0.536483185107401 0.3317173628379881 5 0.028901734104046242
3443 0.5365484102769447 0.3312293225287103 5 0.028918449971081547
3444 0.5363847692837527 0.3303458808935228 5 0.028918449971081547
3445 0.5361823317244526 0.3294811575518246 5 0.028918449971081547
3446 0.5359780718426752 0.32865235138160664 5 0.028918449971081547
3447 0.5359130570838044 0.3277897537120035 5 0.028918449971081547
3448 0.5357520526575812 0.3269780112633077 5 0.028918449971081547
3449 0.5355538968186341 0.32617312698938616 5 0.028918449971081547
3450 0.5353564799200718 0.32535701280221985 5 0.028918449971081547
3451 0.5352099836423726 0.3245203816783991 5 0.028918449971081547
3452 0.5350407325350164 0.32371453659638844 5 0.028918449971081547
3453 0.5348500076300307 0.3229361867492313 5 0.028918449971081547
3454 0.5346715611608115 0.32212937111475365 5 0.028918449971081547
3455 0.5344868961992021 0.3213602986038596 5 0.028918449971081547
3456 0.53429892741799 0.32063578962928246 5 0.028918449971081547
3457 0.5342058622300734 0.3199146114861622 5 0.028918449971081547
3458 0.5340428925114851 0.3192124588217071 5 0.028918449971081547
3459 0.5338533561172595 0.31849227725214835 5 0.028918449971081547
3460 0.5336659612807357 0.3177821980588846 5 0.028918449971081547
3461 0.5334729294138948 0.31711901432139916 5 0.028918449971081547
3462 0.5335254838419504 0.31644502567545596 5 0.028918449971081547
3463 0.5333597422772567 0.31579599769689637 5 0.028918449971081547
3464 0.5331227769268839 0.31512304984760864 5 0.028918449971081547
3465 0.5330083883391287 0.3144139178186001 5 0.028918449971081547
3466 0.5327928403286689 0.3137160863808358 5 0.028918449971081547
3467 0.5325381714863583 0.31300962936265186 5 0.028918449971081547
3468 0.5321825980595454 0.312318118969913 5 0.028918449971081547
3469 0.5317344462268714 0.3113328887187354 5 0.028901734104046242
3470 0.5315076356815042 0.31066134873937024 5 0.028901734104046242
3471 0.5310865470649291 0.31001420135922003 5 0.028901734104046242
3472 0.5309245424123634 0.3093107974838091 5 0.028901734104046242
3473 0.5307333483408629 0.30866794616219984 5 0.028901734104046242
3474 0.5305175167699787 0.30805139679874005 5 0.028901734104046242
3475 0.5302918623156433 0.30744838887250747 5 0.028901734104046242
3476 0.5300170308665879 0.30675929218744946 5 0.028901734104046242
3477 0.5297839935772908 0.3061385987366592 5 0.028901734104046242
3478 0.5295502537120617 0.30552423810543505 5 0.028901734104046242
3479 0.5293393807935389 0.3048256426080791 5 0.028901734104046242
3480 0.5291002142766559 0.30417980399594635 5 0.028901734104046242
3481 0.5288548222516447 0.3035412285866381 5 0.028901734104046242
3482 0.5286580208307446 0.30287921565069453 5 0.028901734104046242
3483 0.5283378451760753 0.302245822357336 5 0.028901734104046242
3484 0.5280654529040271 0.3016361394273813 5 0.028901734104046242
3485 0.5277984967082018 0.3010507885309712 5 0.028901734104046242
3486 0.527358444353055 0.3004976585519695 5 0.028901734104046242
3487 0.5270659352175333 0.29992748516443124 5 0.028901734104046242
3488 0.5267944607169845 0.2993695115872878 5 0.028901734104046242
3489 0.5265197552942318 0.2988370340995933 5 0.028901734104046242
3490 0.5261402080225758 0.2983809165079442 5 0.028901734104046242
3491 0.5258641128711474 0.29787100370430025 5 0.028901734104046242
3492 0.5256062777950231 0.2973597948212146 5 0.028901734104046242
3493 0.5253172679774034 0.29688525790291515 5 0.028901734104046242
3494 0.5250564826949322 0.2964008492930344 5 0.028901734104046242
3495 0.5248187976365871 0.2958984976023814 5 0.028901734104046242
3496 0.5245669982316263 0.2953802434675653 5 0.028901734104046242
3497 0.5244156263450808 0.29480617602372783 5 0.028901734104046242
3498 0.5242246593569859 0.29431228723469893 5 0.028901734104046242
3499 0.523957220955589 0.29385335001742163 5 0.028901734104046242
3500 0.5236771283817591 0.2933816723382405 5 0.028901734104046242
3501 0.5233991362003789 0.2928991007437551 5 0.028901734104046242
3502 0.5232861325350523 0.2923791013726747 5 0.028901734104046242
3503 0.5230484540191573 0.2918992267458446 5 0.028901734104046242
3504 0.5228061283997729 0.29143088193748923 5 0.028901734104046242
3505 0.5225341119029484 0.2910165062157753 5 0.028901734104046242
3506 0.5223399928145224 0.29061433271274195 5 0.028901734104046242
3507 0.5220828839598431 0.2902091725651061 5 0.028901734104046242
3508 0.5218981878124872 0.2897415522179141 5 0.028901734104046242
3509 0.5215884178657502 0.28934945015328806 5 0.028901734104046242
3510 0.5212998111567394 0.28899509284910213 5 0.028901734104046242
3511 0.5210176612821544 0.28867676471357046 5 0.028901734104046242
3512 0.5208541935876358 0.2883496327790282 5 0.028901734104046242
3513 0.5206010758755436 0.2880802241335576 5 0.028901734104046242
3514 0.520294068475651 0.287829266823172 5 0.028901734104046242
3515 0.5201127359557287 0.2875322688781141 5 0.028901734104046242
3516 0.5198225645064445 0.2873012719812389 5 0.028901734104046242
3517 0.5195804107438203 0.287102408484864 5 0.028901734104046242
3518 0.5192804719461206 0.2869002512044875 5 0.028901734104046242
3519 0.5190217330950166 0.2866470998024586 5 0.028901734104046242
3520 0.5187602135839725 0.28644222068275255 5 0.028901734104046242
3521 0.5184483365894941 0.28624372922571056 5 0.028901734104046242
3522 0.5181647725409482 0.28600214775556 5 0.028901734104046242
3523 0.5178716960392569 0.28581589489197107 5 0.028901734104046242
3524 0.5176647146782195 0.28564088796561504 5 0.028901734104046242
3525 0.5173857802604801 0.28547662121486433 5 0.028901734104046242
3526 0.5170626381145974 0.2852882468653038 5 0.028901734104046242
3527 0.5167780051281226 0.28513340213296834 5 0.028901734104046242
3528 0.5164963008392732 0.2850188766764673 5 0.028901734104046242
3529 0.5163102762132277 0.28493087277343937 5 0.028901734104046242
3530 0.5158508981642445 0.2849253179952118 5 0.028901734104046242
3531 0.5156212344205 0.28483707812723524 5 0.028901734104046242
3532 0.5153846348001653 0.28474273826615826 5 0.028901734104046242
3533 0.5149706481544778 0.2847195441014215 5 0.028901734104046242
3534 0.5147244088891271 0.28464002146695433 5 0.028901734104046242
3535 0.5144769609308257 0.28455235333684425 5 0.028901734104046242
3536 0.5142197361511237 0.28445609133642846 5 0.028901734104046242
3537 0.5136966619478518 0.2844549647506748 5 0.028901734104046242
3538 0.5133923880604717 0.2843877319341807 5 0.028901734104046242
3539 0.5129948341372875 0.2843363319773566 5 0.028901734104046242
3540 0.5127068120889413 0.2842985680480515 5 0.028901734104046242
3541 0.5122962459841469 0.28432830571914497 5 0.028901734104046242
3542 0.5120217248827603 0.2843381679750638 5 0.028901734104046242
3543 0.5117131976680855 0.2843669584999463 5 0.028901734104046242
3544 0.5113372291195772 0.2844470135752966 5 0.028901734104046242
3545 0.5110769415043653 0.28452203366768675 5 0.028901734104046242
3546 0.5109570558937582 0.28461288206686775 5 0.028901734104046242
3547 0.5107055645912824 0.2846934115766802 5 0.028901734104046242
3548 0.5103874734785367 0.284739325096577 5 0.028901734104046242
3549 0.5101370782464081 0.28481670118838104 5 0.028901734104046242
3550 0.5099981331659068 0.28492712617319543 5 0.028901734104046242
3551 0.5097632006588168 0.2850394907359615 5 0.028901734104046242
3552 0.5095821694761802 0.2850922853944558 5 0.028901734104046242
3553 0.5093324046073564 0.28520751929882554 5 0.028901734104046242
3554 0.5091082531884198 0.2853585916180036 5 0.028901734104046242
3555 0.5089056615453824 0.28549519661079215 5 0.028901734104046242
3556 0.5086463490790415 0.2856823571077597 5 0.028901734104046242
3557 0.5083725110615633 0.2858929663025539 5 0.028901734104046242
3558 0.5080301149335594 0.28610263304147276 5 0.028901734104046242
3559 0.5077903512475255 0.2862796907285569 5 0.028901734104046242
3560 0.5075313047352412 0.2865047850602215 5 0.028901734104046242
3561 0.5073249907942963 0.2867537460680966 5 0.028901734104046242
3562 0.5070718463602157 0.28700273681367383 5 0.028901734104046242
3563 0.5068089046869172 0.2872792916579373 5 0.028901734104046242
3564 0.5065503630509387 0.28757566562043924 5 0.028901734104046242
3565 0.5064273259609622 0.28787144856459157 5 0.028901734104046242
3566 0.5061617816344237 0.2881627240039274 5 0.028901734104046242
3567 0.505926402439258 0.2884726674699308 5 0.028901734104046242
3568 0.505713807758815 0.28882043213139114 5 0.028901734104046242
3569 0.5055959830159342 0.2891836239748631 5 0.028901734104046242
3570 0.5053191176333904 0.28956590429475926 5 0.028901734104046242
3571 0.5050619702257018 0.2899480196689207 5 0.028901734104046242
3572 0.5048158606567207 0.29032687656585837 5 0.028901734104046242
3573 0.5044512296462367 0.290757680461539 5 0.028901734104046242
3574 0.5041942708934151 0.29116892148075646 5 0.028901734104046242
3575 0.503953707933375 0.2915992133791716 5 0.028901734104046242
3576 0.5036893583229027 0.2920307426347019 5 0.028901734104046242
3577 0.5035925354939054 0.2923657893150717 5 0.028901734104046242
3578 0.503384068147359 0.2927952649207102 5 0.028901734104046242
3579 0.5031412362552312 0.2932776237004699 5 0.028901734104046242
3580 0.50308518943145 0.29371027018442786 5 0.028901734104046242
3581 0.5028793704375484 0.2942199119517165 5 0.028901734104046242
3582 0.5026315707364076 0.2947659879846266 5 0.028901734104046242
3583 0.5023830851552659 0.29532183041836085 5 0.028901734104046242
3584 0.5024128193004327 0.2957977435585414 5 0.028901734104046242
3585 0.5022060602559176 0.2963526323801973 5 0.028901734104046242
3586 0.5019383195108658 0.29693847674485285 5 0.028901734104046242
3587 0.5017228121074832 0.2975050502918763 5 0.028901734104046242
3588 0.5014841532246372 0.29810494084614964 5 0.028901734104046242
3589 0.5012319147795503 0.29873250025103987 5 0.028901734104046242
3590 0.5009764844704712 0.29936702736696297 5 0.028901734104046242
3591 0.5008135627245711 0.2999701552697479 5 0.028901734104046242
3592 0.5005925898365428 0.3006052498508286 5 0.028901734104046242
3593 0.5003415649728042 0.30126519728994416 5 0.028901734104046242
3594 0.5000883275965367 0.3019342245230827 5 0.028901734104046242
3595 0.499914608823552 0.3025910712538086 5 0.028901734104046242
3596 0.49969382768300036 0.30325468482032175 5 0.028901734104046242
3597 0.4994594403146653 0.3039435105841616 5 0.028901734104046242
3598 0.49923507385414634 0.3046321663083528 5 0.028901734104046242
3599 0.499014679112533 0.3053540256887636 5 0.028901734104046242
3600 0.4987617006713732 0.30610484034027086 5 0.028901734104046242
3601 0.4985195249632638 0.3068822720696793 5 0.028901734104046242
3602 0.49818043632580283 0.30770934866336525 5 0.028901734104046242
3603 0.4980055742707112 0.3085050530642385 5 0.028901734104046242
3604 0.4978528032714383 0.3093062846284369 5 0.028901734104046242
3605 0.49768716888148284 0.3101211521056476 5 0.028901734104046242
3606 0.49750512626018495 0.31100552051065045 5 0.028901734104046242
3607 0.497371177754534 0.3118302084606734 5 0.028901734104046242
3608 0.49724519554423097 0.31264382060654844 5 0.028901734104046242
3609 0.49725033533813967 0.313415200292411 5 0.028901734104046242
3610 0.49725163469242945 0.31424298153561087 5 0.028901734104046242
3611 0.49717504845055 0.31509512511006965 5 0.028901734104046242
3612 0.4972356909109106 0.3158878040792786 5 0.028901734104046242
3613 0.49718625731689314 0.31674737456315905 5 0.028901734104046242
3614 0.49715684102324803 0.3176369171703232 5 0.028901734104046242
3615 0.49704486646516344 0.3185414239958851 5 0.028901734104046242
3616 0.49697678908470017 0.31944161058721743 5 0.028901734104046242
3617 0.49710762710281253 0.32036345964370605 5 0.028901734104046242
3618 0.4970359336440856 0.32130436379053734 5 0.028901734104046242
3619 0.49690109901980123 0.3222653892359415 5 0.028901734104046242
3620 0.4967084431384274 0.3232665367148745 5 0.028901734104046242
3621 0.4970174688783878 0.3242593943741217 5 0.028901734104046242
3622 0.4970262468586347 0.32526002253961406 5 0.028901734104046242
3623 0.496962060687874 0.3262637145567034 5 0.028901734104046242
3624 0.49690304181925404 0.32726268794911767 5 0.028901734104046242
3625 0.49699876941263615 0.32827012723370397 5 0.028901734104046242
3626 0.4970218286623684 0.32929845391729307 5 0.028901734104046242
3627 0.49706918936181727 0.3303220251919221 5 0.028901734104046242
3628 0.4971318020057683 0.33135835452861895 5 0.028901734104046242
3629 0.497211276283963 0.33242447985066015 5 0.028901734104046242
3630 0.49725796366725133 0.3335259796728361 5 0.028901734104046242
3631 0.49726946151973533 0.33468705115553155 5 0.028901734104046242
3632 0.49738176089132946 0.33581108594928943 5 0.028901734104046242
3633 0.49758115737569275 0.33692905518795147 5 0.028901734104046242
3634 0.4977474577024895 0.33805763674029593 5 0.028901734104046242
3635 0.4979014093156883 0.33917988660660686 5 0.028901734104046242
3636 0.49806836886979305 0.3403128484490656 5 0.028901734104046242
3637 0.49843535008138434 0.34143772367174713 5 0.028901734104046242
3638 0.4986719328452449 0.34255075395650025 5 0.028901734104046242
3639 0.49886791774265404 0.343655175565493 5 0.028901734104046242
3640 0.49907682823094096 0.34476544924602426 5 0.028901734104046242
3641 0.4993800216294543 0.3458721009028924 5 0.028901734104046242
3642 0.49964942490377623 0.34699522186062987 5 0.028901734104046242
3643 0.49990218744461856 0.3481381698176529 5 0.028901734104046242
3644 0.500226322180193 0.3492952423865995 5 0.028901734104046242
3645 0.5005639966991581 0.3504626871627575 5 0.028901734104046242
3646 0.5008619185719113 0.3516343292004339 5 0.028901734104046242
3647 0.5011456307638587 0.3528327627849486 5 0.028901734104046242
3648 0.5015615372978435 0.35406060541157713 5 0.028901734104046242
3649 0.5018638268310938 0.35524705535074524 5 0.028901734104046242
3650 0.5021284967945767 0.356402536470194 5 0.028901734104046242
3651 0.5024458922850681 0.357560480024427 5 0.028901734104046242
3652 0.5026593922480187 0.35878150146431503 5 0.028901734104046242
3653 0.5030435500812125 0.36000421104280744 5 0.028901734104046242
3654 0.5032626896440289 0.3612809311777295 5 0.028901734104046242
3655 0.5034396536392243 0.3625711079146582 5 0.028901734104046242
3656 0.5037712651262853 0.3638339241567171 5 0.028901734104046242
3657 0.5040427770137502 0.36512988902175225 5 0.028901734104046242
3658 0.5042927265722958 0.36644375239616894 5 0.028901734104046242
3659 0.5046189019063596 0.3677584451588109 5 0.028901734104046242
3660 0.504920437466085 0.36908646026973313 5 0.028901734104046242
3661 0.5051718371238797 0.37043527224784406 5 0.028901734104046242
3662 0.5054817290481557 0.3718402962258024 5 0.028901734104046242
3663 0.5059379052873723 0.37319899393988887 5 0.028901734104046242
3664 0.5062968527180737 0.374511605162948 5 0.028901734104046242
3665 0.5065834481710025 0.3758374117358969 5 0.028901734104046242
3666 0.5069462555798439 0.37723907433487847 5 0.028901734104046242
3667 0.5072226922275592 0.3787641444523347 5 0.028901734104046242
3668 0.5075458629524776 0.38020601157137246 5 0.028901734104046242
3669 0.5079393294654917 0.3816081864718945 5 0.028901734104046242
3670 0.5086196122712459 0.38304550965894363 5 0.028901734104046242
3671 0.509133734092239 0.3844584650989584 5 0.028901734104046242
3672 0.5095703294699381 0.38586758914803554 5 0.028901734104046242
3673 0.510260018643997 0.387251771068829 5 0.028901734104046242
3674 0.5109487898388442 0.3886551662293525 5 0.028901734104046242
3675 0.5113858667064671 0.3900241520371469 5 0.028901734104046242
3676 0.5119327062486393 0.39141258743386287 5 0.028901734104046242
3677 0.5125709432279484 0.3927747713897617 5 0.028901734104046242
3678 0.5129741496487321 0.39416677882531764 5 0.028901734104046242
3679 0.5133050640397452 0.3955354054072598 5 0.028901734104046242
3680 0.513585042474572 0.39691662643069653 5 0.028901734104046242
3681 0.5142663117482115 0.3982810183805671 5 0.028901734104046242
3682 0.5146029924459736 0.399705541739968 5 0.028901734104046242
3683 0.5147689867208081 0.40117504913579927 5 0.028901734104046242
3684 0.5149484221588286 0.40272300667431615 5 0.028901734104046242
3685 0.5154508322330791 0.40422917270436043 5 0.028901734104046242
3686 0.5157626003233505 0.40572615276312646 5 0.028901734104046242
3687 0.5159731734610967 0.40729652292044155 5 0.028901734104046242
3688 0.5164589325034308 0.40877505352674504 5 0.028901734104046242
3689 0.516550104478658 0.4094362892152417 5 0.028918449971081547
3690 0.5168706790077052 0.41094890367787845 5 0.028918449971081547
3691 0.5172751214665865 0.4125561987756007 5 0.028918449971081547
3692 0.5178850653875252 0.4140923723964269 5 0.028918449971081547
3693 0.5183170506712037 0.41557547911104165 5 0.028918449971081547
3694 0.5186460670656805 0.4171022921965867 5 0.028918449971081547
3695 0.5191162979521771 0.4186935394157669 5 0.028918449971081547
3696 0.5195124397429352 0.42030062040096394 5 0.028918449971081547
3697 0.5200719887039359 0.42195988716670996 5 0.028918449971081547
3698 0.5204642916946317 0.42375559365873305 5 0.028918449971081547
3699 0.5209318696151216 0.42541985641436286 5 0.028918449971081547
3700 0.5215236745942479 0.42698729956160697 5 0.028918449971081547
3701 0.5219828287942231 0.42859657370549337 5 0.028918449971081547
3702 0.5226305473744952 0.4302846979959048 5 0.028918449971081547
3703 0.5232379187627814 0.4319593881535736 5 0.028918449971081547
3704 0.5237229732008873 0.4335959808715318 5 0.028918449971081547
3705 0.5243341647172122 0.4351839253665949 5 0.028918449971081547
3706 0.5248755091180553 0.4367584713802917 5 0.028918449971081547
3707 0.5254086277623904 0.4383417611761694 5 0.028918449971081547
3708 0.5261385766094631 0.4400169386025762 5 0.028918449971081547
3709 0.5267750547124146 0.4418500914300578 5 0.028918449971081547
3710 0.5273278431960922 0.4436090775377465 5 0.028918449971081547
3711 0.5279721425927434 0.44531744146374563 5 0.028918449971081547
3712 0.5289649217790935 0.44704861682605657 5 0.028918449971081547
3713 0.5297611792390725 0.4486804920481152 5 0.028918449971081547
3714 0.530570750053194 0.4502488408718161 5 0.028918449971081547
3715 0.5312946519686363 0.45187280513787187 5 0.028918449971081547
3716 0.5321280683012743 0.4536047046551993 5 0.028918449971081547
3717 0.5329953197048083 0.4552352505039144 5 0.028918449971081547
3718 0.5340393245188617 0.45680296628577804 5 0.028918449971081547
3719 0.5348741937428397 0.45843993354521106 5 0.028918449971081547
3720 0.5358047392086239 0.4601880480845037 5 0.028918449971081547
3721 0.5366341224641197 0.4619109245492673 5 0.028918449971081547
3722 0.5374784547000252 0.4636083186827692 5 0.028918449971081547
3723 0.5385805893749002 0.4653526281724371 5 0.028918449971081547
3724 0.539615117513496 0.46700326398647407 5 0.028918449971081547
3725 0.5407062581955255 0.4686221129844423 5 0.028918449971081547
3726 0.5416238676575824 0.4703324129367932 5 0.028918449971081547
3727 0.5425856405909248 0.472203091814481 5 0.028918449971081547
3728 0.5436139297323177 0.47394515039944896 5 0.028918449971081547
3729 0.5449929689202258 0.47557594944288767 5 0.028918449971081547
3730 0.5461269412810161 0.47728296310149493 5 0.028918449971081547
3731 0.5472375590289151 0.4791389728283929 5 0.028918449971081547
3732 0.5483076607105825 0.4809753378969558 5 0.028918449971081547
3733 0.5498201915006247 0.48278288658879304 5 0.028918449971081547
3734 0.5511356727312673 0.48459087288789016 5 0.028918449971081547
3735 0.5523840545563902 0.486389837144646 5 0.028918449971081547
3736 0.5538613474459866 0.48821037382827237 5 0.028918449971081547
3737 0.5552227296894083 0.49012097366490215 5 0.028918449971081547
3738 0.5564233879593731 0.49191431697292776 5 0.028918449971081547
3739 0.5575907126443582 0.49362012991162774 5 0.028918449971081547
3740 0.5589717928153564 0.4953704905407844 5 0.028918449971081547
3741 0.5604662233148465 0.4972289255840443 5 0.028918449971081547
3742 0.5618109932104598 0.498965663473939 5 0.028918449971081547
3743 0.5631088205555328 0.5006302200135035 5 0.028918449971081547
3744 0.5646271278799857 0.5023876521508105 5 0.028918449971081547
3745 0.5661275303177566 0.5043767197314801 5 0.028918449971081547
3746 0.5675877698552677 0.506262426442875 5 0.028918449971081547
3747 0.5690567762013214 0.5080882633384448 5 0.028918449971081547
3748 0.5707706640229719 0.5100064037840901 5 0.028918449971081547
3749 0.5723169296702262 0.5117480953821298 5 0.028918449971081547
3750 0.573719214053671 0.513384598001213 5 0.028918449971081547
3751 0.5754385824090307 0.5150997975586262 5 0.028918449971081547
3752 0.5770647446036017 0.5170315331180483 5 0.028918449971081547
3753 0.5785962594279342 0.5188011572613492 5 0.028918449971081547
3754 0.5800767703653869 0.5204681450621406 5 0.028918449971081547
3755 0.5819191028502273 0.5222229144680948 5 0.028918449971081547
3756 0.5836198223083022 0.524162122661634 5 0.028918449971081547
3757 0.5851270495588102 0.5259961717031351 5 0.028918449971081547
3758 0.5866354683807304 0.5277882393791681 5 0.028918449971081547
3759 0.5886317880545633 0.5296683290245257 5 0.028918449971081547
3760 0.5904834080622863 0.531445631107298 5 0.028918449971081547
3761 0.5921336108884198 0.5331460878059391 5 0.028918449971081547
3762 0.5940158145406331 0.5349514590610218 5 0.028918449971081547
3763 0.5959572319800974 0.5369522074270145 5 0.028918449971081547
3764 0.59772203321697 0.5388488718096323 5 0.028918449971081547
3765 0.5995201698817827 0.5406499923151962 5 0.028918449971081547
3766 0.6016754057490514 0.5424265638268209 5 0.028918449971081547
3767 0.6036633571025407 0.5441216432582796 5 0.028918449971081547
3768 0.6054341084067592 0.5457507277650324 5 0.028918449971081547
3769 0.607206053706342 0.5475026707358984 5 0.028918449971081547
3770 0.6094517502047935 0.549497495771188 5 0.028918449971081547
3771 0.6130701997481532 0.5521731285433902 5 0.028901734104046242
3772 0.6151500010690251 0.5537927364297776 5 0.028901734104046242
3773 0.6173714062602395 0.555478010934978 5 0.028901734104046242
3774 0.619712583805605 0.557334278763687 5 0.028901734104046242
3775 0.6219489844951551 0.5591157053015623 5 0.028901734104046242
3776 0.6243001895932762 0.5608514306232373 5 0.028901734104046242
3777 0.6266680648037164 0.5625768190196202 5 0.028901734104046242
3778 0.6278061063325204 0.5642227278588916 5 0.028901734104046242
3779 0.6256972325219287 0.5657931137724168 5 0.028901734104046242
3780 0.6232748168346357 0.567453619238312 5 0.028901734104046242
3781 0.6208880097561786 0.5692572087810308 5 0.028901734104046242
3782 0.6186964781814808 0.570971757712067 5 0.028901734104046242
3783 0.6165171098289414 0.5726205399289594 5 0.028901734104046242
3784 0.6138101828374265 0.5742379760186673 5 0.028901734104046242
3785 0.6113742377084609 0.5757759757216142 5 0.028901734104046242
3786 0.6092398846119838 0.5772952587783096 5 0.028901734104046242
3787 0.6071303441486317 0.5789613486868342 5 0.028901734104046242
3788 0.604640031752907 0.5808823083632013 5 0.028901734104046242
3789 0.6021555165039076 0.5826285180615844 5 0.028901734104046242
3790 0.5997613982484857 0.5842813484362592 5 0.028901734104046242
3791 0.5971672169302188 0.5859472720411394 5 0.028901734104046242
3792 0.5946348177827184 0.5874609278964427 5 0.028901734104046242
3793 0.592294280833988 0.588922953265643 5 0.028901734104046242
3794 0.589968592317785 0.5905207820678646 5 0.028901734104046242
3795 0.5874382954855913 0.5923589054628493 5 0.028901734104046242
3796 0.5848665321734194 0.5939946341494144 5 0.028901734104046242
3797 0.5825261911018935 0.5954911081491592 5 0.028901734104046242
3798 0.5803064866402171 0.5970494803821861 5 0.028901734104046242
3799 0.5778231425495334 0.5987616909108846 5 0.028901734104046242
3800 0.5752647097462036 0.6003138865695499 5 0.028901734104046242
3801 0.5727773631634883 0.6017185053189854 5 0.028901734104046242
3802 0.570312387317918 0.6031898997019055 5 0.028901734104046242
3803 0.5676019881027068 0.6047667334000164 5 0.028901734104046242
3804 0.5631798521963819 0.6070591921211056 5 0.02888503755054881
3805 0.5604680597188184 0.6085025382982943 5 0.02888503755054881
3806 0.5576696338991795 0.609876493306692 5 0.02888503755054881
3807 0.5550141568465787 0.6111871825087258 5 0.02888503755054881
3808 0.5524698228020986 0.612446465486474 5 0.02888503755054881
3809 0.5498507519580083 0.6137689574294167 5 0.02888503755054881
3810 0.5469798780842872 0.6151557588140145 5 0.02888503755054881
3811 0.5441924565805187 0.6165409010510908 5 0.02888503755054881
3812 0.5413947347781608 0.6179158957242169 5 0.02888503755054881
3813 0.5386386918556845 0.6193049479367133 5 0.02888503755054881
3814 0.5359475877853035 0.620523009108378 5 0.02888503755054881
3815 0.5333471232623967 0.6216860907753275 5 0.02888503755054881
3816 0.5305765580090932 0.6229444040101865 5 0.02888503755054881
3817 0.5277665627695172 0.6249231175913403 5 0.02888503755054881
3818 0.526714080797635 0.6255239939206974 5 0.028901734104046242
3819 0.5240871505961013 0.6279390171776515 5 0.028901734104046242
3820 0.5229259668063839 0.6283844433901785 5 0.028918449971081547
3821 0.5203043577197317 0.6307219318093593 5 0.028918449971081547
3822 0.5194140755502691 0.6311717250958464 5 0.028935185185185182
3823 0.5185470500982984 0.631698731534245 5 0.028951939779965255
3824 0.5158594705100353 0.6341573380399608 5 0.028951939779965255
3825 0.5149318863695813 0.6347250025485403 5 0.02896871378910776
3826 0.5123076356437519 0.6371344640703059 5 0.02896871378910776
3827 0.5113439059950309 0.6376454659697299 5 0.028985507246376812
3828 0.5103899946232472 0.6381007188104199 5 0.029002320185614848
3829 0.5078604350102223 0.6403649967486426 5 0.029002320185614848
3830 0.5070863146462079 0.6407926610383793 5 0.02901915264074289
3831 0.5045364183109705 0.6431646780090032 5 0.02901915264074289
3832 0.5036860021502545 0.6435859372788215 5 0.02903600464576074
3833 0.5012162858630467 0.645854247621122 5 0.02903600464576074
3834 0.5005203282588797 0.6463455197376422 5 0.029052876234747237
3835 0.49976427910017984 0.646930523605773 5 0.029069767441860465
3836 0.49729738658666156 0.649259692924658 5 0.029069767441860465
3837 0.4964749964012604 0.6497125941918624 5 0.029086678301337987
3838 0.4941445698135495 0.6520368834034498 5 0.029086678301337987
3839 0.49329469234543727 0.6524668862284518 5 0.02910360884749709
3840 0.49246653791164663 0.6529160215047561 5 0.029120559114735
3841 0.49010633203733045 0.6552824366161052 5 0.029120559114735
3842 0.48919847768418145 0.655659326309403 5 0.029137529137529133
3843 0.48651853212557905 0.6578292494695644 5 0.029137529137529133
3844 0.4857472255781288 0.6582076869590189 5 0.029154518950437316
3845 0.48332966261714716 0.6595429255596492 5 0.029154518950437316
3846 0.4824230786946516 0.6598647492691737 5 0.029171528588098017
3847 0.48010369137058617 0.6594260542890504 5 0.029171528588098017
3848 0.4777365499995964 0.6590636684943749 5 0.029171528588098017
3849 0.4754834301296878 0.6587591239251669 5 0.029171528588098017
3850 0.47315045376193526 0.6583167135047044 5 0.029171528588098017
3851 0.47084097299115457 0.6578661473953218 5 0.029171528588098017
3852 0.4685745242548801 0.6574640929032409 5 0.029171528588098017
3853 0.46760436590450666 0.657679042103396 5 0.029188558085230586
3854 0.4651854793990444 0.6570823071556815 5 0.029188558085230586
3855 0.4628757134575149 0.6565208644879464 5 0.029188558085230586
3856 0.46062119259404233 0.6560098006837618 5 0.029188558085230586
3857 0.4581789295676481 0.655382901814659 5 0.029188558085230586
3858 0.45578853310314227 0.6547215906592316 5 0.029188558085230586
3859 0.45350724189051467 0.6546388032891198 5 0.029188558085230586
3860 0.4513687177663813 0.6553322325658135 5 0.029188558085230586
3861 0.4490134453540378 0.6558775926380377 5 0.029188558085230586
3862 0.446646786781079 0.6563733592884818 5 0.029188558085230586
3863 0.4443980940813491 0.6569159120276048 5 0.029188558085230586
3864 0.44240303601716 0.6575701561800191 5 0.029188558085230586
3865 0.44013024436364223 0.6580526142732134 5 0.029188558085230586
3866 0.4380769647570921 0.658597469763385 5 0.029188558085230586
3867 0.43591405135493577 0.6590865306148113 5 0.029188558085230586
3868 0.4336729297541875 0.6595577019740766 5 0.029188558085230586
3869 0.431544314879374 0.6600727921629195 5 0.029188558085230586
3870 0.4297992956562787 0.6606896225850554 5 0.029188558085230586
3871 0.42779550618960316 0.6611283010011562 5 0.029188558085230586
3872 0.425673748092816 0.6615199639178956 5 0.029188558085230586
3873 0.42374390581593097 0.6619524770971578 5 0.029188558085230586
3874 0.42212306011655754 0.6623743734683684 5 0.029188558085230586
3875 0.4205128643839909 0.6627390231450048 5 0.029188558085230586
3876 0.41882956127811405 0.6631402349175011 5 0.029188558085230586
3877 0.41753269349604294 0.6637060669934184 5 0.029188558085230586
3878 0.4158964751055117 0.6640588159896457 5 0.029188558085230586
3879 0.41428328368314504 0.6643765710873001 5 0.029188558085230586
3880 0.41270218275311715 0.6647432003653903 5 0.029188558085230586
3881 0.41146945877165253 0.66517470112513 5 0.029188558085230586
3882 0.40998601459341727 0.6654572587767411 5 0.029188558085230586
3883 0.4084424814574227 0.6657431562001408 5 0.029188558085230586
3884 0.40715470873954585 0.6660414024485328 5 0.029188558085230586
3885 0.40571219210068465 0.6662244987075416 5 0.029188558085230586
3886 0.4039908087205168 0.6663789607434466 5 0.029188558085230586
3887 0.4023313615730381 0.6665704047812772 5 0.029188558085230586
3888 0.4011852855612073 0.6668654297904568 5 0.029188558085230586
3889 0.3998001239844692 0.6669526357863708 5 0.029188558085230586
3890 0.3984953893470817 0.6670212778161355 5 0.029188558085230586
3891 0.3974166316963589 0.6672813006250943 5 0.029188558085230586
3892 0.39598078459640357 0.667416709089611 5 0.029188558085230586
3893 0.3945036065755086 0.6675406074713355 5 0.029188558085230586
3894 0.39328708265983653 0.6676688081899458 5 0.029188558085230586
3895 0.39259103363753656 0.6678838032199781 5 0.029188558085230586
3896 0.3915456182350593 0.6678845689477103 5 0.029188558085230586
3897 0.3902203321353168 0.6678996521177818 5 0.029188558085230586
3898 0.38889540081235524 0.66796735064598 5 0.029188558085230586
3899 0.38791699011509007 0.6680026501085158 5 0.029188558085230586
3900 0.3875232856841454 0.6680567042628457 5 0.029188558085230586
3901 0.3868026463594366 0.6679593442479619 5 0.029188558085230586
3902 0.3859946396320843 0.6679442338547723 5 0.029188558085230586
3903 0.3846923530301537 0.667873100985475 5 0.029188558085230586
3904 0.3834648958780088 0.6678058969889193 5 0.029188558085230586
3905 0.3827999531393312 0.6677609328261628 5 0.029188558085230586
3906 0.3824694193037309 0.6676915125336557 5 0.029188558085230586
3907 0.38190729982602867 0.667524417271502 5 0.029188558085230586
3908 0.3813733364416334 0.6673653648739457 5 0.029188558085230586
3909 0.3811319166274464 0.667345336987944 5 0.029188558085230586
3910 0.38066324556878917 0.6672083769842504 5 0.029188558085230586
3911 0.38021763945459774 0.6670785159869232 5 0.029188558085230586
3912 0.37986957496554463 0.6669696276472934 5 0.029188558085230586
3913 0.38003235176518785 0.6670186362916176 5 0.029188558085230586
3914 0.37983425992120257 0.6669072012773631 5 0.029188558085230586
3915 0.3796507301223321 0.6667277474148088 5 0.029188558085230586
3916 0.37972107988895176 0.6665983128743747 5 0.029188558085230586
3917 0.37958888941501123 0.6664433746568308 5 0.029188558085230586
3918 0.3793673735493289 0.6663307115046314 5 0.029188558085230586
3919 0.37938576571071925 0.6662195428944627 5 0.029188558085230586
3920 0.3797005402054274 0.6659219233026762 5 0.029188558085230586
3921 0.37985756415474553 0.6656824306649122 5 0.029188558085230586
3922 0.380001220364507 0.6655756033372966 5 0.029188558085230586
3923 0.38006309812638445 0.6654837116433817 5 0.029188558085230586
3924 0.3804932253233497 0.6653370049237421 5 0.029188558085230586
3925 0.38083765682032966 0.6651358255542588 5 0.029188558085230586
3926 0.38141536646688706 0.664960523924743 5 0.029188558085230586
3927 0.38175240826708357 0.6647523320369055 5 0.029188558085230586
3928 0.38163658053987526 0.664541731035393 5 0.029188558085230586
3929 0.38145400461075696 0.6643846228778986 5 0.02920560747663551
3930 0.38151676076336716 0.6642655569352136 5 0.02920560747663551
3931 0.38216178784585575 0.6639373051067057 5 0.02920560747663551
3932 0.38252688470976093 0.6636562884969177 5 0.02920560747663551
3933 0.3829219315661316 0.663415355191875 5 0.02920560747663551
3934 0.3836576248319511 0.663166845187934 5 0.02920560747663551
3935 0.38372854451096267 0.6629171621907686 5 0.02920560747663551
3936 0.38350914399883396 0.6627381911663726 5 0.02920560747663551
3937 0.38371286548951733 0.662564000862655 5 0.02920560747663551
3938 0.3848720913229696 0.6622650529875437 5 0.02920560747663551
3939 0.3853500837813403 0.6619408646927722 5 0.02920560747663551
3940 0.3854749003118409 0.6616701896431443 5 0.02920560747663551
3941 0.38583496480983126 0.6614713773873628 5 0.02920560747663551
3942 0.3863959518427552 0.6611992039517901 5 0.02920560747663551
3943 0.38642169609258886 0.6609815335791343 5 0.02920560747663551
3944 0.38657806569506414 0.6607682740459435 5 0.02920560747663551
3945 0.38757083290382965 0.6605305501150069 5 0.02920560747663551
3946 0.38859622556876855 0.6600926885973311 5 0.02920560747663551
3947 0.38888635201597 0.6597068259376229 5 0.02920560747663551
3948 0.3890927679631261 0.6593416151594564 5 0.02920560747663551
3949 0.3899999374250831 0.6589761292061472 5 0.02920560747663551
3950 0.39109561318134634 0.6585179293989573 5 0.02920560747663551
3951 0.391734162706021 0.6580896119475638 5 0.02920560747663551
3952 0.3923995832376532 0.6577994858488794 5 0.02920560747663551
3953 0.39295772241747023 0.6574261506818575 5 0.02920560747663551
3954 0.3930684248652615 0.6571073601844467 5 0.02920560747663551
3955 0.39330392648580015 0.6568059424891702 5 0.02920560747663551
3956 0.3942041219055833 0.6564978676402732 5 0.02920560747663551
3957 0.3953150461437956 0.65603259627352 5 0.02920560747663551
3958 0.3960069483580232 0.6557394424956369 5 0.02920560747663551
3959 0.39664149600011234 0.6555725080464594 5 0.02920560747663551
3960 0.3970462971765295 0.6553105072906582 5 0.02920560747663551
3961 0.3977696097635001 0.655069222203544 5 0.02920560747663551
3962 0.3983075724247669 0.6548548471872391 5 0.02920560747663551
3963 0.3991314044165485 0.6546714169702136 5 0.02920560747663551
3964 0.3998270097982945 0.654386462459212 5 0.02920560747663551
3965 0.39993937170315996 0.6541247302822405 5 0.02920560747663551
3966 0.40007069487260905 0.653874342675571 5 0.02920560747663551
3967 0.4008220650186389 0.6536049041162635 5 0.02920560747663551
3968 0.4019771183328532 0.6532474331729277 5 0.02920560747663551
3969 0.4027770709691776 0.6529069994120464 5 0.02920560747663551
3970 0.4035492579183342 0.6526095284418342 5 0.02920560747663551
3971 0.40421992962035935 0.6522144761418754 5 0.02920560747663551
3972 0.4045298832150497 0.651804760869096 5 0.02920560747663551
3973 0.40486818977868255 0.6514015031409209 5 0.02920560747663551
3974 0.405139771915313 0.6509761960054388 5 0.02920560747663551
3975 0.4058644968862887 0.6506077299475995 5 0.02920560747663551
3976 0.4062618910202578 0.6502728409167847 5 0.02920560747663551
3977 0.4068823288555956 0.6499931875300422 5 0.02920560747663551
3978 0.40738795684170637 0.6495893012875421 5 0.02920560747663551
3979 0.4084739129418284 0.6491900609204155 5 0.02920560747663551
3980 0.40901837590657986 0.6488491100195094 5 0.02920560747663551
3981 0.4096998676740867 0.6485349318673731 5 0.02920560747663551
3982 0.41026331414294137 0.6480439594714326 5 0.02920560747663551
3983 0.41142238930039976 0.6475501923171526 5 0.02920560747663551
3984 0.4122484269866965 0.647128747658712 5 0.02920560747663551
3985 0.41254357360221733 0.6466748654526173 5 0.02920560747663551
3986 0.4130158140182914 0.6462534667738324 5 0.02920560747663551
3987 0.4132834287536835 0.6458687211890044 5 0.02920560747663551
3988 0.4139641304437488 0.6456320429488267 5 0.02920560747663551
3989 0.4146353389314573 0.6452509014927036 5 0.02920560747663551
3990 0.41566440172482677 0.6448648446967331 5 0.02920560747663551
3991 0.416432654615759 0.6445970256688025 5 0.02920560747663551
3992 0.4166490699959115 0.6441896367843856 5 0.02920560747663551
3993 0.41675530955368617 0.643771141483503 5 0.02920560747663551
3994 0.4173088578082763 0.6433521220989471 5 0.02920560747663551
3995 0.41810951923319095 0.6432649937323911 5 0.02920560747663551
3996 0.41856737455434406 0.6428881127991817 5 0.02920560747663551
3997 0.41910937148589794 0.6424954105412726 5 0.02920560747663551
3998 0.4203403941715022 0.642158659330825 5 0.02920560747663551
3999 0.42107333441699 0.6417909876129533 5 0.02920560747663551
4000 0.42158352102438396 0.6414604282017631 5 0.02920560747663551
4001 0.42241100254498776 0.6411668256776403 5 0.02920560747663551
4002 0.42349435083289766 0.6409981798567691 5 0.02920560747663551
4003 0.4241804128454755 0.6406479035024092 5 0.02920560747663551
4004 0.42478356178761467 0.6402547543644906 5 0.02920560747663551
4005 0.4258622026826062 0.6400490872757119 5 0.02920560747663551
4006 0.42635359957414387 0.6396706112944137 5 0.02920560747663551
4007 0.426500782440639 0.6393346856410725 5 0.02920560747663551
4008 0.4268755408312068 0.6390393336280373 5 0.02920560747663551
4009 0.42797556350774135 0.6387211202035592 5 0.02920560747663551
4010 0.42858284751058695 0.638372309562786 5 0.02920560747663551
4011 0.4289630666058937 0.638069239476547 5 0.02920560747663551
4012 0.4296751707505603 0.6379354263890556 5 0.02920560747663551
4013 0.4305000615827329 0.6376520435729843 5 0.02920560747663551
4014 0.4310627100020398 0.6373585659870693 5 0.02920560747663551
4015 0.43173315843827326 0.6370720099188556 5 0.02920560747663551
4016 0.4330647412287523 0.6369909922777213 5 0.02920560747663551
4017 0.43398388213490097 0.6366531205233754 5 0.02920560747663551
4018 0.4346339952310151 0.6362684303379257 5 0.02920560747663551
4019 0.43544223838076296 0.6361069218915721 5 0.02920560747663551
4020 0.436321881477628 0.6357146700228787 5 0.02920560747663551
4021 0.43672392924179737 0.6352949381290166 5 0.02920560747663551
4022 0.4370452616767725 0.6348892367904477 5 0.02920560747663551
4023 0.43804191579338525 0.6345451743757158 5 0.02920560747663551
4024 0.4394797236478225 0.6340860077810049 5 0.02920560747663551
4025 0.4403609405692822 0.6336433881245368 5 0.02920560747663551
4026 0.44096954395410287 0.6331593710748545 5 0.02920560747663551
4027 0.4414288528458602 0.6327054901002154 5 0.02920560747663551
4028 0.4415688168791343 0.6322868816387547 5 0.02920560747663551
4029 0.44176126530309545 0.6318853161881013 5 0.02920560747663551
4030 0.4425420356664581 0.6316016253062939 5 0.02920560747663551
4031 0.44350140952651074 0.6311118124918038 5 0.02920560747663551
4032 0.44449434363348833 0.6303706071450371 5 0.029188558085230586
4033 0.44517581899034875 0.6301485126149563 5 0.029188558085230586
4034 0.4459188572049446 0.6297069929381274 5 0.029188558085230586
4035 0.4461939468074546 0.6292583731986674 5 0.029188558085230586
4036 0.4463384486552676 0.6288345585264883 5 0.029188558085230586
4037 0.4469109095870917 0.6287636125232177 5 0.029188558085230586
4038 0.4476103542321221 0.6284324786640947 5 0.029188558085230586
4039 0.44808351602451174 0.628058836959636 5 0.029188558085230586
4040 0.44863616230541103 0.6276888667213743 5 0.029188558085230586
4041 0.44968446734380774 0.6276426907375567 5 0.029188558085230586
4042 0.45034025317204335 0.6272845727514273 5 0.029188558085230586
4043 0.45114740056482805 0.6267057763202465 5 0.029171528588098017
4044 0.45198577637882986 0.6265432733214689 5 0.029171528588098017
4045 0.4526484322084464 0.6260112266964521 5 0.029154518950437316
4046 0.45327476219672447 0.6256229101876855 5 0.029154518950437316
4047 0.4546967830913082 0.6254494243667372 5 0.029137529137529133
4048 0.4552748914836102 0.6252300575320275 5 0.029137529137529133
4049 0.45612273552089305 0.6248246710573907 5 0.029120559114735
4050 0.45677944989926084 0.6246216595491071 5 0.029120559114735
4051 0.457999657472344 0.6241366975335682 5 0.02910360884749709
4052 0.4586969680481244 0.6238633290546255 5 0.02910360884749709
4053 0.45958911165502814 0.6234240062017976 5 0.029086678301337987
4054 0.4613172710312018 0.6229657557892025 5 0.029069767441860465
4055 0.4629025366709432 0.6222198533014833 5 0.029052876234747237
4056 0.4643541802348608 0.6215435643013559 5 0.02903600464576074
4057 0.46574068099996485 0.6213302400159166 5 0.02901915264074289
4058 0.46682622783805405 0.6207991013876782 5 0.029002320185614848
4059 0.47175153980571166 0.6196745704627394 5 0.028935185185185182
4060 0.47728266289945437 0.6177251109770668 5 0.02881844380403458
4061 0.51024526331617 0.6017573367593501 5 0.027307482250136534
4062 0.514317333906516 0.6005657672176882 5 0.02720348204570185
4063 0.5141864065102721 0.5996805666594448 5 0.027144408251900107
4064 0.5138852864119764 0.598916025460778 5 0.027085590465872153
4065 0.5142983623756198 0.5988015323243572 5 0.027056277056277056
4066 0.5139507732652137 0.5984179927803984 5 0.02702702702702703
4067 0.5138745932061564 0.5980774305312251 5 0.026997840172786173
4068 0.5144309218366387 0.5979403825028762 5 0.026968716289104636
4069 0.5142826282031245 0.5977384112079862 5 0.026954177897574125
4070 0.5143422447117362 0.5974349891284693 5 0.026925148088314484
4071 0.513936546700862 0.597269876923915 5 0.026910656620021525
4072 0.5142487012445077 0.5974289241131897 5 0.02689618074233459
4073 0.5140744972001234 0.5971490832657158 5 0.02686727565824825
4074 0.5144730987076095 0.596883188410944 5 0.026852846401718578
4075 0.5151049174661629 0.5967297927050164 5 0.02682403433476395
4076 0.515423937177695 0.5965168907777334 5 0.02680965147453083
4077 0.5153002439342608 0.5962107238242573 5 0.026780931976432776
4078 0.5154475250691148 0.5959801016425812 5 0.026766595289079226
4079 0.5157813389599022 0.5955437099934354 5 0.026737967914438502
4080 0.5163347904406859 0.5952762556263758 5 0.026723677177979688
4081 0.5173705883443889 0.5949843571698384 5 0.026695141484249865
4082 0.5184797795561811 0.5950841857803467 5 0.026680896478121663
4083 0.5198428839713778 0.594758136420922 5 0.02663825253063399
4084 0.5207787742748009 0.594459669734521 5 0.026609898882384245
4085 0.5222545484554755 0.594060980576837 5 0.026567481402763014
4086 0.5236357712228704 0.5941302939363171 5 0.026525198938992044
4087 0.5254759402040885 0.5935980340410142 5 0.026469031233456855
4088 0.5278871557077327 0.5930314729252316 5 0.026413100898045428
4089 0.5302915245157008 0.5925002922671352 5 0.026357406431207167
4090 0.5330605562896779 0.5922946676247902 5 0.026301946344029454
4091 0.5413774747641125 0.590469358995589 5 0.026082420448617628
4092 0.546903632357848 0.586300996023798 5 0.025562372188139056
4093 0.5494353324882226 0.5699432549287182 5 0.02386634844868735
4094 0.551120954974076 0.5696929485231157 5 0.02377555872563005
4095 0.5515177205988132 0.5701031599801114 5 0.023741690408357073
4096 0.5519858673473153 0.5706435832050946 5 0.02371916508538899
4097 0.5518519399388965 0.5710047430933365 5 0.023696682464454975
4098 0.5517283364912486 0.5713991368540042 5 0.023674242424242424
4099 0.5518236544292195 0.5717811038167998 5 0.0236630383341221
4100 0.5528273028473437 0.5727827038943983 5 0.02364066193853428
4101 0.5530737398550295 0.57320367373503 5 0.02362948960302457
4102 0.5534278011626872 0.5736504016551252 5 0.02361832782239017
4103 0.5541772554812969 0.5755539722230094 5 0.0235626767200754
4104 0.555825165582198 0.5774500327413029 5 0.023518344308560674
4105 0.5568914783654134 0.5792594072868107 5 0.023474178403755867
4106 0.557995911793854 0.5814434877746408 5 0.0234192037470726
4107 0.5589828856754842 0.5831915688053175 5 0.02337540906965872
4108 0.5600586100738345 0.5850951108628586 5 0.023320895522388058
4109 0.560302480115869 0.5868321664428094 5 0.023266635644485806
