0 0.36769505847962547 0.5614058991200983 5 0.025813113061435206
0 0.2976683638756397 0.10683659811866483 10 0.027285129604365622
1 0.3678656412662584 0.5613243590356725 5 0.025826446280991733
1 0.29770998691965916 0.10688115728724323 10 0.02729257641921397
2 0.3679979244747768 0.5612305407751774 5 0.025839793281653745
2 0.2977361145123616 0.10692796830084521 10 0.0273000273000273
3 0.368118492943805 0.5611637064690839 5 0.025853154084798345
3 0.297760145332706 0.106967218388247 10 0.027307482250136534
4 0.36823683374112126 0.5610955981226163 5 0.02586652871184687
4 0.2977841217075681 0.10700749722254103 10 0.027314941272876262
5 0.368357741903504 0.5610317181047748 5 0.02587991718426501
5 0.2978070433832224 0.1070456595255183 10 0.0273224043715847
6 0.36847779277313497 0.5609698860159694 5 0.025893319523562917
6 0.297829966964985 0.10708361419207993 10 0.027329871549603715
7 0.3685972290562597 0.5609064425959989 5 0.025906735751295335
7 0.29785273811859225 0.10712234530597356 10 0.02733734281027884
8 0.3687203329527234 0.5608427370936179 5 0.02592016588906169
8 0.2978762547544135 0.10716103395942629 10 0.027344818156959255
9 0.3688454143018282 0.5607780814899926 5 0.025933609958506222
9 0.29790047452522667 0.10720020463214419 10 0.02735229759299781
10 0.36897077607267315 0.560711240605279 5 0.025947067981318107
10 0.29792493084711164 0.10724032677483608 10 0.027359781121751026
11 0.3690916417586476 0.5606474040919964 5 0.025960539979231565
11 0.2979527726417298 0.10728239651128782 10 0.02736726874657909
12 0.36921529934471947 0.5605820851837013 5 0.025974025974025976
12 0.297978131897063 0.10732334779801937 10 0.027374760470845878
13 0.36934073106684573 0.5605166600897651 5 0.025987525987525985
13 0.2980025043871042 0.10736374222707552 10 0.027382256297918944
14 0.3694661400738532 0.5604519567743418 5 0.026001040041601663
14 0.29802712389711045 0.10740432618888421 10 0.02738975623116954
15 0.36959496704538897 0.5603864548891455 5 0.026014568158168574
15 0.2980507376772643 0.10744425319283195 10 0.0273972602739726
16 0.36972151991631325 0.5603251879265779 5 0.02602811035918792
16 0.2980754610340296 0.10748417737696617 10 0.027404768429706766
17 0.3698456728083183 0.5602650184244153 5 0.026041666666666668
17 0.2981000034365275 0.10752440220902555 10 0.027412280701754384
18 0.36996856931846644 0.5601990251496118 5 0.026055237102657634
18 0.2981207102027889 0.10756492068899197 10 0.027419797093501504
19 0.37009084090496636 0.5601373922798591 5 0.026068821689259645
19 0.2981442324955005 0.10760591848331647 10 0.027427317608337904
20 0.37021345781799475 0.5600764382870551 5 0.026082420448617628
20 0.29816825036921846 0.10764714854036968 10 0.027434842249657063
21 0.3703361070297315 0.5600175762882964 5 0.026096033402922752
21 0.2981934448835274 0.10768860193704266 10 0.0274423710208562
22 0.3704591759886039 0.5599569244577132 5 0.02610966057441253
22 0.2982174817892481 0.10773018756065196 10 0.02744990392533626
23 0.3705812773766554 0.5598988993437664 5 0.02612330198537095
23 0.2982415523457208 0.10777144154942601 10 0.02745744096650192
24 0.3707031838675935 0.5598388090694725 5 0.026136957658128592
24 0.29826490498188946 0.10781322959488879 10 0.027464982147761604
25 0.37082401623820405 0.5597814889740158 5 0.02615062761506276
25 0.2982891706173457 0.1078550696510516 10 0.027472527472527472
26 0.37094796243245926 0.559720614804408 5 0.02616431187859759
26 0.29831354272943583 0.10789765712238415 10 0.02748007694421544
27 0.3710752074280038 0.5596561136271357 5 0.02617801047120419
27 0.2983386597151094 0.10794130985579078 10 0.02748763056624519
28 0.37120733316434307 0.5595853824134107 5 0.02619172341540073
28 0.29836323188034164 0.10798587640378206 10 0.02749518834204014
29 0.37133798082025093 0.5595195147467336 5 0.02620545073375262
29 0.29838941013384035 0.10803033999035454 10 0.0275027502750275
30 0.37146836779921805 0.5594564182960239 5 0.026219192448872573
30 0.2984151998862179 0.10807411453099565 10 0.027510316368638238
31 0.371596574466445 0.5593942630985297 5 0.026232948583420772
31 0.29844097998241126 0.10811829355317822 10 0.0275178866263071
32 0.3717272372701887 0.5593280715120654 5 0.026246719160104987
32 0.298463870152169 0.10816208037184365 10 0.027525461051472612
33 0.37185242664194773 0.5592679086274575 5 0.026260504201680673
33 0.2984885211079641 0.1082062220787042 10 0.027533039647577088
34 0.3719764957146138 0.5592115582264964 5 0.02627430373095113
34 0.29851343636449107 0.10824981883662918 10 0.027540622418066648
35 0.3720983508280923 0.5591535242061262 5 0.02628811777076761
35 0.2985379442544808 0.1082943125046957 10 0.027548209366391185
36 0.3722262566717126 0.559090700323597 5 0.026301946344029454
36 0.2985625373243518 0.10833937776473175 10 0.027555800496004406
37 0.37235662229922284 0.5590281414949636 5 0.02631578947368421
37 0.29858933205096244 0.10838524396627836 10 0.027563395810363836
38 0.372489884189608 0.5589670086955377 5 0.02632964718272775
38 0.2986179136810154 0.10843133626220114 10 0.027570995312930793
39 0.372622574371784 0.5589074336232323 5 0.026343519494204423
39 0.2986460749067198 0.10847715692547247 10 0.027578599007170433
40 0.3727531400447529 0.558848208336766 5 0.026357406431207167
40 0.29867259618325553 0.1085227295724718 10 0.027586206896551724
41 0.37288136202191946 0.5587894784850148 5 0.026371308016877634
41 0.2986981265812093 0.10856833569188433 10 0.02759381898454746
42 0.37300865302813224 0.5587298182706051 5 0.026385224274406333
42 0.29872162055057594 0.10861358971176752 10 0.02760143527463428
43 0.3731356791044155 0.5586703737499709 5 0.026399155227032733
43 0.2987466622535377 0.10865977316023372 10 0.027609055770292653
44 0.3732645870824523 0.558609045725011 5 0.026413100898045428
44 0.29877238908466525 0.10870671317637108 10 0.027616680475006903
45 0.3733942733436848 0.5585390004809032 5 0.02642706131078224
45 0.2987977356050854 0.1087561165973471 10 0.027624309392265192
46 0.3735254858305278 0.5584752640029859 5 0.026441036488630353
46 0.29882429911496017 0.10880422525623075 10 0.027631942525559543
47 0.3736569670786755 0.5584149343128562 5 0.026455026455026454
47 0.2988516101553936 0.1088519168331468 10 0.027639579878385848
48 0.3737878594609604 0.5583548140294148 5 0.026469031233456855
48 0.2988779116796708 0.1088994486555351 10 0.027647221454243844
49 0.37392057570742715 0.5582970367449795 5 0.026483050847457626
49 0.29890426769040024 0.10894632195953022 10 0.027654867256637166
50 0.3740510081497481 0.5582375455699878 5 0.02649708532061473
50 0.29893061137642807 0.10899436720144244 10 0.027662517289073305
51 0.374180673004721 0.5581790906916331 5 0.026511134676564154
51 0.29895694985587024 0.10904250613546744 10 0.027670171555063638
52 0.3743060180527338 0.5581202253594675 5 0.026525198938992044
52 0.29898371034879573 0.10909192075920471 10 0.02767783005812344
53 0.3744352235367537 0.5580628215470421 5 0.026539278131634817
53 0.2990096821602154 0.10914013772199918 10 0.027685492801771867
54 0.37456505575401217 0.5580042089806111 5 0.02655337227827934
54 0.2990344162707327 0.10918827000275602 10 0.027693159789531983
55 0.3746939164213911 0.5579495953255177 5 0.026567481402763014
55 0.29905944629054065 0.10923581956397546 10 0.027700831024930747
56 0.374820791318859 0.5578929853734098 5 0.026581605528973946
56 0.2990836324636391 0.10928413808077753 10 0.027708506511499028
57 0.37494555140913505 0.5578378888871153 5 0.026595744680851064
57 0.2991073081647979 0.10933233632099129 10 0.027716186252771616
58 0.3750677892331076 0.5577860736499953 5 0.026609898882384245
58 0.29913045709557995 0.10937992488608042 10 0.027723870252287217
59 0.3751881988776911 0.5577339977216464 5 0.02662406815761448
59 0.29915096651272927 0.10942679571953558 10 0.027731558513588463
60 0.3753084199393859 0.5576838978410443 5 0.02663825253063399
60 0.2991731563061751 0.1094741175638109 10 0.027739251040221916
61 0.3754298044297425 0.5576291178439557 5 0.02665245202558635
61 0.2991970695704598 0.10952368177369007 10 0.027746947835738067
62 0.3755523476813002 0.5575809596110038 5 0.02666666666666667
62 0.2992215570363455 0.10957164038487802 10 0.027754648903691368
63 0.3756753120508173 0.5575316691995489 5 0.026680896478121663
63 0.29924576633520134 0.10961999163797964 10 0.027762354247640196
64 0.37579920381421295 0.5574833229419933 5 0.026695141484249865
64 0.29927019640603125 0.1096682803701418 10 0.027770063871146902
65 0.375924267045043 0.5574373973938068 5 0.026709401709401708
65 0.2992939028411422 0.10971557462214343 10 0.027777777777777776
66 0.37604924804104367 0.5573835748497511 5 0.026723677177979688
66 0.2993180316817821 0.10976560002095245 10 0.02778549597110308
67 0.3761762066507545 0.5573308771228348 5 0.026737967914438502
67 0.2993425197838467 0.10981538784547393 10 0.027793218454697052
68 0.37630276609382485 0.5572782892450476 5 0.02675227394328518
68 0.299366672430273 0.10986528408371685 10 0.02780094523213789
69 0.3764284286535839 0.5572248127327477 5 0.026766595289079226
69 0.2993908721791575 0.10991586161972797 10 0.027808676307007785
70 0.376554757302224 0.5571748501890712 5 0.026780931976432776
70 0.2994158475493207 0.10996594360459892 10 0.027816411682892908
71 0.3766823433382608 0.5571237784929308 5 0.026795284030010715
71 0.29944051077239886 0.11001625065230355 10 0.027824151363383415
72 0.3768092437240966 0.5570705685209145 5 0.02680965147453083
72 0.2994657140701454 0.11006778298847046 10 0.027831895352073477
73 0.37693698510845397 0.5570219721530307 5 0.02682403433476395
73 0.2994906689976188 0.11011800492965265 10 0.027839643652561245
74 0.3770646822550449 0.5569700856901293 5 0.026838432635534083
74 0.29951500232714506 0.11016917562516104 10 0.0278473962684489
75 0.37719196331349186 0.5569138158262436 5 0.026852846401718578
75 0.2995380814519492 0.11022134903292033 10 0.027855153203342618
76 0.37731986012650276 0.5568630260851449 5 0.02686727565824825
76 0.299561638901395 0.11027228545445678 10 0.0278629144608526
77 0.3774474185818781 0.5568119073109487 5 0.026881720430107527
77 0.2995862882401709 0.11032410257154776 10 0.027870680044593088
78 0.37757778077451154 0.5567610931974734 5 0.02689618074233459
78 0.29961154799122747 0.11037593849263308 10 0.02787844995818232
79 0.37770846046350626 0.5567103870629386 5 0.026910656620021525
79 0.2996398332073162 0.11042935691025575 10 0.02788622420524261
80 0.3778396841807531 0.5566624239445002 5 0.026925148088314484
80 0.29966575116464983 0.11048100934557745 10 0.02789400278940028
81 0.37796731217929674 0.5566173495482422 5 0.02693965517241379
81 0.2996906984594322 0.1105321138347101 10 0.027901785714285712
82 0.37809006740638545 0.5565725382931219 5 0.026954177897574125
82 0.2997155350687091 0.11058399845765077 10 0.027909572983533353
83 0.3782164527477622 0.5565242776644922 5 0.026968716289104636
83 0.2997391901687572 0.11063605078647051 10 0.02791736460078168
84 0.37834293054761686 0.5564733571657304 5 0.02698327037236913
84 0.29976319476592234 0.11068926224110076 10 0.027925160569673275
85 0.37846584102555303 0.5564259333961241 5 0.026997840172786173
85 0.29978906206615186 0.1107430738182453 10 0.027932960893854747
86 0.3785879027387085 0.5563818083279097 5 0.027012425715829277
86 0.2998124818753336 0.11079511664114812 10 0.027940765576976806
87 0.3787098842059567 0.5563358065103635 5 0.02702702702702703
87 0.29983483778435904 0.11084738969947021 10 0.02794857462269424
88 0.37883259523919827 0.5562860241730918 5 0.02704164413196322
88 0.29985726094406256 0.11090086080995565 10 0.027956388034665918
89 0.3789613373161746 0.5562377127158904 5 0.027056277056277056
89 0.29988191754738774 0.11095430191373498 10 0.02796420581655481
90 0.3790942608363592 0.5561879848236996 5 0.027070925825663235
90 0.29990853625442615 0.11100873555634176 10 0.027972027972027972
91 0.3792283560364159 0.556135866388399 5 0.027085590465872153
91 0.29993579181815405 0.11106426676104346 10 0.027979854504756572
92 0.3793642540812778 0.5560866239767832 5 0.02710027100271003
92 0.29996390984146626 0.11111941322262164 10 0.027987685418415897
93 0.37949700202241776 0.5560359370192552 5 0.027114967462039046
93 0.29999110820433544 0.11117521774071515 10 0.027995520716685325
94 0.3796291665314477 0.5559867916590269 5 0.027129679869777535
94 0.30001803418991285 0.11123077145115659 10 0.028003360403248388
95 0.37976178569419455 0.5559392348488015 5 0.027144408251900107
95 0.30004482932069265 0.11128599647798783 10 0.028011204481792718
96 0.3798921782647461 0.555891384768292 5 0.027159152634437803
96 0.3000709984505525 0.11134158040581917 10 0.028019052956010083
97 0.380020441812983 0.5558474594820616 5 0.02717391304347826
97 0.300096623643234 0.11139632402083192 10 0.02802690582959641
98 0.38014707559719735 0.5557991680175168 5 0.02718868950516585
98 0.3001193976257499 0.11145144965759764 10 0.028034763106251748
99 0.3802735418784252 0.5557538318421583 5 0.02720348204570185
99 0.30014427996775794 0.1115069369323091 10 0.028042624789680313
100 0.38040189145260933 0.5557089427094724 5 0.02721829069134458
100 0.3001702238063622 0.11156277801892148 10 0.028050490883590462
101 0.3805311611063105 0.5556639556703714 5 0.027233115468409584
101 0.3001969123837805 0.11161911997528343 10 0.028058361391694722
102 0.3806637508632312 0.5556184021536195 5 0.027247956403269755
102 0.3002223473747824 0.11167488874417009 10 0.028066236317709794
103 0.38079198158639 0.5555743538239002 5 0.027262813522355506
103 0.30024790245314203 0.11173102917094997 10 0.028074115665356537
104 0.38091735136837745 0.5555320990770938 5 0.027277686852154936
104 0.3002725092790496 0.11178677058726996 10 0.028081999438360008
105 0.3810397445681727 0.5554919981130266 5 0.02729257641921397
105 0.30029657788595077 0.11184219725633812 10 0.028089887640449437
106 0.3811625733343483 0.5554517622974171 5 0.027307482250136534
106 0.3003183357231915 0.11189670625037536 10 0.028097780275358242
107 0.38128483667229685 0.5554165102574278 5 0.0273224043715847
107 0.3003417502774064 0.11195078290983973 10 0.028105677346824058
108 0.38140738870648405 0.5553799317965575 5 0.02733734281027884
108 0.3003653254592008 0.11200545835145795 10 0.028113578858588693
109 0.3815215814843874 0.5553297453550041 5 0.02735229759299781
109 0.30039310478128944 0.11206713941101576 10 0.028121484814398197
110 0.3816464226719222 0.5552894746320373 5 0.02736726874657909
110 0.30041859324041875 0.11212386407769255 10 0.02812939521800281
111 0.38177883375174143 0.5552426687506256 5 0.027382256297918944
111 0.30044578014473 0.1121825430618685 10 0.028137310073157003
112 0.38192579151878536 0.5551889123770757 5 0.0273972602739726
112 0.3004751378357883 0.1122427680861248 10 0.028145229383619477
113 0.38207268152577145 0.55512642722566 5 0.027412280701754384
113 0.3005087788601664 0.11230773778916547 10 0.02815315315315315
114 0.38222060530286706 0.5550652738070728 5 0.027427317608337904
114 0.3005437539823096 0.1123731888274365 10 0.028161081385525203
115 0.3823683582792302 0.5550016379839695 5 0.0274423710208562
115 0.30057796958404837 0.11243940795150517 10 0.028169014084507043
116 0.3825110034771348 0.5549366114068534 5 0.02745744096650192
116 0.3006128958921933 0.11250724229468126 10 0.028176951253874327
117 0.3826592550403883 0.5548715649010636 5 0.027472527472527472
117 0.300648367407184 0.11257488522506265 10 0.02818489289740699
118 0.38281168713042135 0.5548021928341613 5 0.02748763056624519
118 0.3006839471725535 0.1126435036306139 10 0.0281928390188892
119 0.3829676193799816 0.554731329211644 5 0.0275027502750275
119 0.3007209669180769 0.11271297414234412 10 0.028200789622109416
120 0.3831224620447572 0.5546605109539026 5 0.0275178866263071
120 0.30076004347023744 0.1127836535080515 10 0.028208744710860368
121 0.38327488025796386 0.5545961447406775 5 0.027533039647577088
121 0.30079598809909847 0.11285147168529316 10 0.02821670428893905
122 0.38341667014452063 0.5545405645162 5 0.027548209366391185
122 0.3008332510954795 0.11291859664909405 10 0.028224668360146768
123 0.38355714091929805 0.5544899706629399 5 0.027563395810363836
123 0.3008641345918027 0.11298163772993357 10 0.0282326369282891
124 0.38369789426068995 0.5544424051380329 5 0.027578599007170433
124 0.3008943634568056 0.11304366153337483 10 0.02824060999717594
125 0.3838401869429914 0.5543903655081379 5 0.02759381898454746
125 0.3009249436843627 0.11310723774077594 10 0.02824858757062147
126 0.38397850582429366 0.5543453696057126 5 0.027609055770292653
126 0.3009698878256456 0.11317603625702455 10 0.02825656965244419
127 0.38412697419177905 0.5542881919885744 5 0.027624309392265192
127 0.3010056199430446 0.11324355512555395 10 0.02826455624646693
128 0.38427740686476863 0.55423192129919 5 0.027639579878385848
128 0.3010381748058345 0.11330959537395349 10 0.028272547356516818
129 0.38442784423622944 0.5541716329353114 5 0.027654867256637166
129 0.30106308078832333 0.11337373293873865 10 0.028280542986425336
130 0.38456942015660056 0.5541160032038398 5 0.027670171555063638
130 0.3010923093464112 0.11343965958137496 10 0.028288543140028287
131 0.3847104077406745 0.5540667827735679 5 0.027685492801771867
131 0.30112272369185467 0.11350463768568837 10 0.028296547821165814
132 0.38485799043231866 0.553992822811296 5 0.027700831024930747
132 0.3011401309359075 0.11357046765421393 10 0.028304557033682422
133 0.38499789202458223 0.5539394222237741 5 0.027716186252771616
133 0.3011701862894215 0.11363702660402579 10 0.02831257078142695
134 0.38514094093765683 0.5538899481545195 5 0.027731558513588463
134 0.30120319592549827 0.11370366849971578 10 0.02832058906825262
135 0.3852838230247694 0.5538394040686692 5 0.027746947835738067
135 0.30123601294909214 0.11377074095633302 10 0.028328611898016998
136 0.38542259602803575 0.5538019677794008 5 0.027762354247640196
136 0.3012743962161621 0.11383719890680959 10 0.02833663927458203
137 0.3855659400792129 0.5537550634437547 5 0.027777777777777776
137 0.3013080873810978 0.11390394391598571 10 0.028344671201814057
138 0.3857119074232186 0.5537061173751575 5 0.027793218454697052
138 0.3013416626026867 0.11397096894088417 10 0.028352707683583778
139 0.3858516800804556 0.5536550112949497 5 0.027808676307007785
139 0.301380527272054 0.11404141002608852 10 0.028360748723766305
140 0.3860040245452506 0.5536119765489007 5 0.027824151363383415
140 0.30141238263786957 0.11410523258300356 10 0.028368794326241134
141 0.3861562517058365 0.5535703617654266 5 0.027839643652561245
141 0.3014427340378502 0.11416801198853407 10 0.028376844494892164
142 0.3863043745305236 0.5535331777731173 5 0.027855153203342618
142 0.30147294897463833 0.11422991351173162 10 0.028384899233607718
143 0.38643898386244807 0.5534819162142343 5 0.027870680044593088
143 0.30150490350506337 0.1142979104507574 10 0.02839295854628052
144 0.3865791824369916 0.5534498761353092 5 0.02788622420524261
144 0.30153346605214276 0.11435863897208776 10 0.028401022436807723
145 0.38671960713648995 0.5534235628075914 5 0.027901785714285712
145 0.3015608157564884 0.11441739676281548 10 0.028409090909090908
146 0.38686175065921774 0.5533923884285957 5 0.02791736460078168
146 0.3015822791727859 0.1144750195502261 10 0.028417163967036085
147 0.38700020650260863 0.5533692080825163 5 0.027932960893854747
147 0.3016081462612729 0.11453286338542894 10 0.028425241614553724
148 0.3871384890555837 0.5533481821296701 5 0.02794857462269424
148 0.30163559410155394 0.11459105258637163 10 0.02843332385555871
149 0.3872734396640302 0.5533166134777445 5 0.02796420581655481
149 0.3016634429333446 0.11465292946062364 10 0.02844141069397042
150 0.38741299704659604 0.553297741775777 5 0.027979854504756572
150 0.30169152212894257 0.11471117232184105 10 0.02844950213371266
151 0.38755105057250316 0.5532809489118977 5 0.027995520716685325
151 0.30172009272429284 0.11476935628757816 10 0.028457598178713715
152 0.3876866600423191 0.5532636973931686 5 0.028011204481792718
152 0.30174679636079305 0.1148272433928981 10 0.028465698832906346
153 0.3878129727125676 0.5532643931978111 5 0.02802690582959641
153 0.3017805320700032 0.11488408230005746 10 0.028473804100227786
154 0.38794914599385194 0.5532466927209365 5 0.028042624789680313
154 0.3018088649005921 0.11494310891914641 10 0.028481913984619765
155 0.38808805121668954 0.5532204691996558 5 0.028058361391694722
155 0.3018360746659164 0.11500390640142558 10 0.02849002849002849
156 0.3882048187047796 0.5532613461464473 5 0.028074115665356537
156 0.30190013811175764 0.11506355666956551 10 0.02849814762040467
157 0.3883487413554424 0.5532413815149441 5 0.028089887640449437
157 0.3019320060610302 0.11512402698554562 10 0.028506271379703532
158 0.3889386385367583 0.5529949202098223 5 0.028074115665356537
158 0.30197637539641325 0.11519189043987317 10 0.0285143997718848
159 0.389350434774718 0.5527789392975405 5 0.028074115665356537
159 0.30205409574873443 0.11573383433070654 10 0.0285143997718848
160 0.3901434072577364 0.5532224812026596 5 0.028074115665356537
160 0.30247604108863363 0.11580600029300754 10 0.028522532800912718
161 0.3905702892685284 0.5531719241791598 5 0.028074115665356537
161 0.30258636692603685 0.11587211578078156 10 0.028530670470756064
162 0.3914737367859471 0.5530241921430906 5 0.028042624789680313
162 0.302620548356915 0.11594525622478694 10 0.028538812785388126
163 0.3919893249425332 0.5527252508811127 5 0.028011204481792718
163 0.3026035966950858 0.11603916126515075 10 0.02854695974878675
164 0.39256413558882164 0.5526535075940233 5 0.027995520716685325
164 0.30264146497768646 0.11610137862696819 10 0.02855511136493432
165 0.39313308580740797 0.5526349177614667 5 0.02796420581655481
165 0.3026641125095124 0.11614764283580395 10 0.028563267637817764
166 0.39402806116640166 0.5525651730366932 5 0.02791736460078168
166 0.3026722341974709 0.11618863091573581 10 0.02857142857142857
167 0.39647727506367714 0.5516928458490578 5 0.027731558513588463
167 0.302457771715423 0.11626384142360628 10 0.028579594169762787
168 0.3986360616058105 0.5512967892030239 5 0.02759381898454746
168 0.30245298308966007 0.1163155508469668 10 0.02858776443682104
169 0.40291269536985236 0.5509770032062343 5 0.0275027502750275
169 0.3024662416335867 0.11636769330704362 10 0.02859593937660852
170 0.418868754034121 0.5496444445074984 5 0.0273224043715847
170 0.3024544824774754 0.11676892509701393 10 0.02859593937660852
171 0.4404531893237681 0.5472932192394478 5 0.027159152634437803
171 0.3024641402069638 0.11682548914439503 10 0.02860411899313501
172 0.4978123335429977 0.5333967968929791 5 0.026219192448872573
172 0.30244871071238244 0.11688258614954501 10 0.02861230329041488
173 0.49909464249494323 0.5323052917107933 5 0.026096033402922752
173 0.3024897824346466 0.1172528671114185 10 0.02861230329041488
174 0.4991911204084104 0.5320922236016276 5 0.026082420448617628
174 0.30252046845611363 0.1172971132562411 10 0.028620492272467084
175 0.49946347511276734 0.5317501607241573 5 0.026068821689259645
175 0.30253117589599215 0.11736541295836762 10 0.0286286859433152
176 0.49975103358877754 0.5313784480752106 5 0.026055237102657634
176 0.30241645992065963 0.11781154928281803 10 0.0286286859433152
177 0.5001202753968021 0.5310473262606047 5 0.026041666666666668
177 0.30252790109356226 0.11791427030789067 10 0.028636884306987395
178 0.500570960367506 0.5306666371501276 5 0.02602811035918792
178 0.3025755559024734 0.11837451068299165 10 0.028636884306987395
179 0.5008250316284428 0.530441492173113 5 0.02602811035918792
179 0.3026551515221777 0.11848214470990122 10 0.02864508736751647
180 0.5014401026984057 0.5298900057146663 5 0.02602811035918792
180 0.3026001934385557 0.1186194187948191 10 0.02865329512893983
181 0.5017474311991376 0.5296474557642661 5 0.02602811035918792
181 0.30254777412103134 0.11907694250629719 10 0.02865329512893983
182 0.5019836304646168 0.5294330862480371 5 0.02602811035918792
182 0.30262587540189956 0.11916544002655023 10 0.02866150759529951
183 0.5023402122419222 0.529159404307931 5 0.026014568158168574
183 0.30255375464605166 0.11958836915230389 10 0.02866150759529951
184 0.5025565960547342 0.5291097912089111 5 0.026001040041601663
184 0.30263927408417546 0.11998015430249595 10 0.02866150759529951
185 0.5027012163822533 0.528965052988597 5 0.026001040041601663
185 0.3025566196426742 0.12038679229678265 10 0.02866150759529951
186 0.5029475734191896 0.5287283468708193 5 0.025987525987525985
186 0.3025854733739676 0.12045233961796256 10 0.0286697247706422
187 0.5027708335215137 0.5289390171857107 5 0.025987525987525985
187 0.30260189682796323 0.12081380132719613 10 0.0286697247706422
188 0.502944743483728 0.5288168437011991 5 0.025974025974025976
188 0.3025409631469668 0.1212133822821891 10 0.0286697247706422
189 0.5030881720008769 0.528664772272073 5 0.025974025974025976
189 0.302615463051656 0.12162447986241569 10 0.0286697247706422
190 0.5032000697444182 0.528561041736907 5 0.025974025974025976
190 0.30262299221868283 0.12167855910152145 10 0.02867794665901921
191 0.5033770236370108 0.5283287847683596 5 0.025974025974025976
191 0.302477149594237 0.12208319157134132 10 0.02867794665901921
192 0.5035844292845543 0.528189465629211 5 0.025960539979231565
192 0.30235384305211527 0.12242063135402173 10 0.02867794665901921
193 0.5037103686739658 0.5281040761890046 5 0.025960539979231565
193 0.30235094668967577 0.12275979274517132 10 0.02867794665901921
194 0.5039075049921126 0.5278339083892096 5 0.025947067981318107
194 0.30228864167474856 0.12312786300798484 10 0.02867794665901921
195 0.5046142941827084 0.5269800308258079 5 0.025947067981318107
195 0.30192201898189475 0.123537908506833 10 0.02867794665901921
196 0.5048542035799163 0.5266267492250106 5 0.025933609958506222
196 0.30160329316323387 0.12417719061890245 10 0.0286697247706422
197 0.5049338441377008 0.5263715214572674 5 0.025933609958506222
197 0.3014911286997565 0.12453599919315088 10 0.0286697247706422
198 0.5051589974361912 0.5261131090395643 5 0.02592016588906169
198 0.30136423538094725 0.12487086860669847 10 0.0286697247706422
199 0.5055263575054026 0.5255229927369052 5 0.025906735751295335
199 0.301135871816124 0.12521476973242415 10 0.0286697247706422
200 0.5055213071955809 0.5253268961633732 5 0.025906735751295335
200 0.30099418658978494 0.12579819150128285 10 0.02866150759529951
201 0.505640753630516 0.5250775930612857 5 0.025893319523562917
201 0.3009457628571278 0.12614089463561978 10 0.02866150759529951
202 0.5055995136855013 0.524810816129268 5 0.02587991718426501
202 0.30081927159655586 0.12646110332485574 10 0.02866150759529951
203 0.5056272085929979 0.524533020962313 5 0.02587991718426501
203 0.30070667842108945 0.12701127562464648 10 0.02865329512893983
204 0.5053388893898749 0.5244111834646985 5 0.02586652871184687
204 0.3008666846243665 0.1275834491687935 10 0.02864508736751647
205 0.5053982325921805 0.524041279850971 5 0.025853154084798345
205 0.3008953278945535 0.127939845431375 10 0.02864508736751647
206 0.5055715538127463 0.5236769250717292 5 0.025839793281653745
206 0.30087199793083047 0.12850140758349043 10 0.028636884306987395
207 0.5056371577303961 0.5233284562149023 5 0.025826446280991733
207 0.3006486691380533 0.12906237908814 10 0.0286286859433152
208 0.5056821834989369 0.5229480933001195 5 0.025813113061435206
208 0.3003026221615309 0.1296243141857795 10 0.028620492272467084
209 0.5048998676957188 0.5228919060412113 5 0.025799793601651185
209 0.3000194548470192 0.13013011615983863 10 0.02861230329041488
210 0.5037983746216856 0.5223067808518753 5 0.02577319587628866
210 0.2994395188851121 0.13063689319872113 10 0.02860411899313501
211 0.5044417061222829 0.5215256073941992 5 0.025733401955738547
211 0.29864087083261276 0.13133228209433498 10 0.02858776443682104
212 0.5057573110209351 0.5207307542751449 5 0.02569373072970195
212 0.29818706041854554 0.13185698039615773 10 0.028579594169762787
213 0.5101438996267782 0.5088085299250041 5 0.02474022761009401
213 0.29782281879489697 0.1323854558186991 10 0.02857142857142857
214 0.5108584387047225 0.5077282231310017 5 0.024703557312252964
214 0.2970681788253466 0.1330959157286487 10 0.02855511136493432
215 0.5113734733517716 0.5065345578445236 5 0.024654832347140037
215 0.2966403523122184 0.13360317714028286 10 0.02854695974878675
216 0.5117179505639421 0.505620852071013 5 0.024630541871921183
216 0.2958202853302506 0.13429367656469016 10 0.028530670470756064
217 0.511808625456139 0.5049100353573654 5 0.024618414574101424
217 0.2951851741848097 0.13496809122299375 10 0.0285143997718848
218 0.5115744312409122 0.5038130050100378 5 0.024594195769798325
218 0.2946278828440345 0.13563104669482412 10 0.02849814762040467
219 0.5105299674166863 0.5030903831726553 5 0.024582104228121928
219 0.29398464020034687 0.1363562548591008 10 0.028473804100227786
220 0.5097243968917204 0.5022153218963121 5 0.02455795677799607
220 0.29345882261539197 0.13709359918786113 10 0.02844950213371266
221 0.5097594666618811 0.5014679135901869 5 0.024545900834560628
221 0.2928949651075897 0.1378189643029681 10 0.028425241614553724
222 0.5095908297293752 0.5009230353831071 5 0.024545900834560628
222 0.2918005456186643 0.13865590749080953 10 0.02839295854628052
223 0.5092415961466097 0.5003567011190846 5 0.02453385672227674
223 0.2910613823338507 0.13936679457733747 10 0.028368794326241134
224 0.509252093230062 0.49993332519375294 5 0.02453385672227674
224 0.2899727336009533 0.14004600373927067 10 0.028344671201814057
225 0.50884675605755 0.49925249324082327 5 0.024521824423737126
225 0.2885579955129228 0.1408417582567316 10 0.02831257078142695
226 0.5088183136580181 0.4985851371089714 5 0.024509803921568627
226 0.28748030426508026 0.14149364062743877 10 0.028288543140028287
227 0.5085916427119869 0.4983644428834267 5 0.024509803921568627
227 0.2867526502847885 0.1421485534240186 10 0.02826455624646693
228 0.5086503170519561 0.4977370935547298 5 0.024497795198432138
228 0.2861515943621098 0.14293632122551114 10 0.0282326369282891
229 0.5086176429175169 0.49732578065695776 5 0.024497795198432138
229 0.2859307220682313 0.14358407801270906 10 0.028208744710860368
230 0.5087815878924473 0.49670432275157134 5 0.024497795198432138
230 0.2858074324390111 0.14439476816521316 10 0.028176951253874327
231 0.508920240894349 0.495990078454299 5 0.024485798237022526
231 0.28541703298543164 0.14520654530806762 10 0.028145229383619477
232 0.5090691548523172 0.49557921348321515 5 0.024485798237022526
232 0.2848301399316172 0.1460280744005345 10 0.028113578858588693
233 0.509224077875712 0.4949089354415948 5 0.024473813020068524
233 0.28448411559335085 0.14698876682742085 10 0.028074115665356537
234 0.5091885296070074 0.4942273046049766 5 0.024473813020068524
234 0.2840174190834265 0.14783988342826054 10 0.028042624789680313
235 0.509341711533038 0.49352497962016145 5 0.02446183953033268
235 0.2836987209990642 0.14855516180462688 10 0.028019052956010083
236 0.5094748220106222 0.4930858294980798 5 0.02446183953033268
236 0.28314993460403526 0.1494123057246382 10 0.027987685418415897
237 0.5092630240197817 0.4926271569535022 5 0.02446183953033268
237 0.2825823743146508 0.15036770748251713 10 0.02794857462269424
238 0.5094229599713451 0.49187913814112355 5 0.02444987775061125
238 0.2822913463824092 0.15116031176636877 10 0.02791736460078168
239 0.5097326844024905 0.49142679818841584 5 0.02444987775061125
239 0.281622438198553 0.15205716442618467 10 0.02787844995818232
240 0.5099095032969175 0.4909740243556526 5 0.02444987775061125
240 0.2809954376570934 0.15295242110811644 10 0.027839643652561245
241 0.5098618993162153 0.49067143609583175 5 0.02444987775061125
241 0.28052865417645273 0.1538901268072537 10 0.02780094523213789
242 0.5099207309110558 0.49063590786517164 5 0.02446183953033268
242 0.2805393377841599 0.15413638559954387 10 0.02780094523213789
243 0.510048344286568 0.49059760748773895 5 0.024473813020068524
243 0.2806395971542569 0.15424150136769865 10 0.027808676307007785
244 0.5102706401282338 0.4905110222590883 5 0.024485798237022526
244 0.28071156130192937 0.154342363358141 10 0.027816411682892908
245 0.5103925813669357 0.4904615635941053 5 0.024497795198432138
245 0.28080633181369313 0.15444694434159342 10 0.027824151363383415
246 0.5104953331281299 0.49043385453424115 5 0.024509803921568627
246 0.28089374663598665 0.15454735935165265 10 0.027831895352073477
247 0.5106080966878208 0.4904022239705815 5 0.024521824423737126
247 0.28097662842057164 0.15464723780884998 10 0.027839643652561245
248 0.5108059610786992 0.49023463826699054 5 0.02453385672227674
248 0.28104235227469154 0.1547574315949066 10 0.0278473962684489
249 0.5110218292564169 0.489935048051792 5 0.02453385672227674
249 0.2811372915611219 0.15486279159931463 10 0.027855153203342618
250 0.5111064758828701 0.4899005887022042 5 0.024545900834560628
250 0.28122536990689023 0.1549632116122745 10 0.0278629144608526
251 0.5110406309091081 0.4898796295757026 5 0.02455795677799607
251 0.281336740112946 0.1550709573942248 10 0.027870680044593088
252 0.5110623580760991 0.4898607603565786 5 0.02457002457002457
252 0.28140633414572785 0.15516479317450751 10 0.02787844995818232
253 0.5110930590591537 0.48984940794788967 5 0.024582104228121928
253 0.28146123278413654 0.1552537789836241 10 0.02788622420524261
254 0.5113293923005708 0.4894526133708714 5 0.024582104228121928
254 0.28090811934605797 0.15603447257945718 10 0.027855153203342618
255 0.5111521584626468 0.4885667243323505 5 0.02455795677799607
255 0.27882449036747203 0.1582349042201398 10 0.027739251040221916
256 0.511270611424611 0.4877954354200944 5 0.024545900834560628
256 0.27666490616197903 0.16032701425055845 10 0.027624309392265192
257 0.5111109434167458 0.4867498268638192 5 0.024521824423737126
257 0.2635608574071374 0.1663527124536685 10 0.026932399676811204
258 0.5112015650280572 0.4860644480716257 5 0.024509803921568627
258 0.26150774304620866 0.16667698460529184 10 0.02680965147453083
259 0.5111646718268447 0.4851265638784147 5 0.024485798237022526
259 0.260654767383796 0.16666022935544292 10 0.02674511901577962
260 0.5113342858729235 0.48445260979954563 5 0.024473813020068524
260 0.2599085775626427 0.16665972777043087 10 0.026688017080330927
261 0.5115136334311291 0.48381123895779454 5 0.02446183953033268
261 0.2589050077936601 0.16671269669075517 10 0.02663115845539281
262 0.5115082451437454 0.48302016411165577 5 0.02443792766373411
262 0.25794591626678376 0.1667722359687634 10 0.026574541589157587
263 0.5115776418508887 0.482503004858564 5 0.024425989252564728
263 0.2581136411910023 0.16697937226548948 10 0.026504108136761198
264 0.5119025855204501 0.48204042328935265 5 0.0244140625
264 0.25732736641487264 0.1674148387258868 10 0.026420079260237782
265 0.5119690776232739 0.4816760281704055 5 0.02440214738897023
265 0.25585407779715397 0.168560518771322 10 0.026260504201680673
266 0.5122903907275713 0.4813381803058986 5 0.024390243902439025
266 0.24381130936840317 0.17477937466086488 10 0.02566735112936345
267 0.5124733776108056 0.48114201868408724 5 0.024390243902439025
267 0.25982330575682855 0.17597834421576075 10 0.025278058645096056
268 0.5126591776627201 0.4809675043063524 5 0.024390243902439025
268 0.26069861120202276 0.17659661749251107 10 0.025239777889954566
269 0.5126185266902958 0.48100279237389565 5 0.024390243902439025
269 0.2605949636581366 0.17725934411366362 10 0.025214321734745335
270 0.5128451268626537 0.4808919867710156 5 0.024390243902439025
270 0.26061343131169246 0.17794136585356818 10 0.025195263290501382
271 0.5130637592915447 0.48077536944172206 5 0.024390243902439025
271 0.2604532654066035 0.17863337691904932 10 0.025176233635448134
272 0.5132408425102741 0.4807012050734961 5 0.024390243902439025
272 0.2601000001560013 0.17931292647468972 10 0.02516356316054353
273 0.5131907491614333 0.480739688796145 5 0.024390243902439025
273 0.2599508502202954 0.18009132730878574 10 0.02515090543259557
274 0.5131509175525955 0.4807415587555653 5 0.024390243902439025
274 0.2596371017546917 0.18074671850032142 10 0.02514458134272064
275 0.5132862952637007 0.4807673070929793 5 0.024390243902439025
275 0.25932722332622216 0.18153989274731241 10 0.025131942699170642
276 0.5135094569319935 0.48072972405639475 5 0.024390243902439025
276 0.25877805496705814 0.18234987251163054 10 0.025119316754584273
277 0.5135208749673305 0.4807661504194088 5 0.024378352023403216
277 0.25853869937196194 0.18314468267750805 10 0.0251130085384229
278 0.5137393611015405 0.4808946929226946 5 0.024378352023403216
278 0.2582872050022221 0.1839600635275156 10 0.025106703489831784
279 0.5137933330402006 0.48101140277194415 5 0.024378352023403216
279 0.2582370340397426 0.1845751768154222 10 0.025106703489831784
280 0.5139013214343974 0.48120636252932414 5 0.024378352023403216
280 0.2580388473096153 0.18541430625431696 10 0.0251004016064257
281 0.5140140430694419 0.4814055243606788 5 0.024378352023403216
281 0.2579984092931986 0.1862681753052809 10 0.025094102885821833
282 0.5141525884392065 0.48165159263857776 5 0.024378352023403216
282 0.2577422373748572 0.18713295899834143 10 0.025087807325639738
283 0.5139596008352675 0.4819078267486726 5 0.024378352023403216
283 0.2575871111948704 0.18806572715280157 10 0.025081514923501375
284 0.5140111707926354 0.4822474463291983 5 0.024378352023403216
284 0.25736259150495094 0.18904520950495343 10 0.025075225677031094
285 0.5140971598530847 0.48259224365153175 5 0.024378352023403216
285 0.2572223699534396 0.18977739015298561 10 0.025075225677031094
286 0.514158154117351 0.48296441522172273 5 0.024378352023403216
286 0.2569620016377694 0.19078875319045002 10 0.0250689395838556
287 0.5140105372425829 0.4833772000306248 5 0.024378352023403216
287 0.25693014175174145 0.19156223993498572 10 0.0250689395838556
288 0.514032179218232 0.48384555429967724 5 0.024378352023403216
288 0.25660239699030546 0.19260814670818796 10 0.02506265664160401
289 0.5141011179879326 0.4843203344127042 5 0.024378352023403216
289 0.256384912004027 0.19366607048666565 10 0.02505637684790779
290 0.514002743098336 0.4847513772774623 5 0.024378352023403216
290 0.2564162887886069 0.19448589674118905 10 0.02505637684790779
291 0.514043051736228 0.485318233406434 5 0.024378352023403216
291 0.2562894467904099 0.19562123510411245 10 0.0250501002004008
292 0.5141944617398818 0.4861184084330644 5 0.024366471734892786
292 0.25622829201026404 0.19645623073024493 10 0.0250501002004008
293 0.5140687043221204 0.48667480801779106 5 0.024366471734892786
293 0.25631030266456334 0.1976151397144541 10 0.025043826696719257
294 0.5140972737931156 0.48729265356381346 5 0.024366471734892786
294 0.25630468000257856 0.19878469016299322 10 0.02503755633450175
295 0.514191269004214 0.487934772534781 5 0.024366471734892786
295 0.25626604073616177 0.19964856256176733 10 0.02503755633450175
296 0.5143218963409278 0.488597534213028 5 0.024366471734892786
296 0.2562577480002174 0.20083988129906394 10 0.025031289111389236
297 0.5141275795072405 0.48917320441789086 5 0.024366471734892786
297 0.25627027373696976 0.2017197863121269 10 0.025031289111389236
298 0.5142540069482583 0.48986064248175065 5 0.024366471734892786
298 0.2563069181597416 0.20293432754314597 10 0.025025025025025023
299 0.5144541099593135 0.49059090472319655 5 0.024366471734892786
299 0.25619457919751787 0.20416503039945466 10 0.025018764073054787
300 0.5144581704821285 0.4913420511573395 5 0.024366471734892786
300 0.2563362746635428 0.20506345302080864 10 0.025018764073054787
301 0.5146896187541028 0.4919466265824929 5 0.024366471734892786
301 0.25616959360400954 0.20629770588926827 10 0.02501250625312656
302 0.5148490224572888 0.492767622175195 5 0.024366471734892786
302 0.2560278799498216 0.20721009309204325 10 0.02501250625312656
303 0.5150234607443263 0.4936454967418298 5 0.024366471734892786
303 0.25606479171709196 0.20848727111565038 10 0.02500625156289072
304 0.5152635248517493 0.4942619619999533 5 0.024366471734892786
304 0.2559921800095643 0.20975438150677034 10 0.025
305 0.5154466503317193 0.4951664485351224 5 0.024366471734892786
305 0.2559488459934329 0.21068403089977047 10 0.025
306 0.515611856918364 0.4961117897693844 5 0.024366471734892786
306 0.2558503101202503 0.2119495743527457 10 0.02499375156210947
307 0.5156943431955756 0.49706835578677133 5 0.024366471734892786
307 0.25581011987326546 0.21286877989010508 10 0.02499375156210947
308 0.5157051136339431 0.497917093521371 5 0.024366471734892786
308 0.25590813499553505 0.2141426976277958 10 0.02498750624687656
309 0.515866111226926 0.4988772053914371 5 0.024366471734892786
309 0.2560058631185142 0.21541729994516118 10 0.02498126405196103
310 0.5160655378722245 0.49988201043005115 5 0.024366471734892786
310 0.2558957533748012 0.21633843788420332 10 0.02498126405196103
311 0.5161408877059137 0.5009060001082711 5 0.024366471734892786
311 0.2561500182212252 0.21761882724206472 10 0.024975024975024972
312 0.5163434514021743 0.5019654606041002 5 0.024366471734892786
312 0.25599517387207016 0.21890942851537987 10 0.024968789013732832
313 0.5163426596872112 0.5029358953092028 5 0.024366471734892786
313 0.256378867805913 0.22010074488487716 10 0.02496255616575137
314 0.5165719586359696 0.5039488212305427 5 0.024366471734892786
314 0.25641794114549715 0.22128735736631905 10 0.024956326428749686
315 0.5166101110234137 0.504963770452377 5 0.024366471734892786
315 0.25653964206543706 0.22248599398506602 10 0.0249500998003992
316 0.5166598347888891 0.5060201300813578 5 0.024366471734892786
316 0.2567408380762688 0.2237109495308826 10 0.024943876278373658
317 0.5169773858470859 0.5070555896966173 5 0.024366471734892786
317 0.2567996761235999 0.2249124285500101 10 0.02493765586034913
318 0.5172039428028442 0.5081135493431581 5 0.024366471734892786
318 0.2571575479082043 0.22609727051692147 10 0.024931438544003988
319 0.5175729536127759 0.5091990485520108 5 0.024366471734892786
319 0.25731986024558007 0.22731261920336415 10 0.024919013207076998
320 0.5177506071758305 0.5103428803876141 5 0.024366471734892786
320 0.2573974088308186 0.2285532691257483 10 0.024906600249066
321 0.5179598426900661 0.5114534243843302 5 0.024366471734892786
321 0.2573826320898867 0.2297800843708171 10 0.0248941996514812
322 0.5183724688639478 0.5125906070569092 5 0.024366471734892786
322 0.2574333269469668 0.2309957108308157 10 0.02488181139586962
323 0.5188067495165563 0.5137579101566515 5 0.024366471734892786
323 0.25742367752369555 0.23216726106380348 10 0.024863252113376425
324 0.5192709878149593 0.5149322023018723 5 0.024366471734892786
324 0.2575481359098684 0.23331434827490521 10 0.024844720496894408
325 0.5190817386091207 0.5162466062726574 5 0.024366471734892786
325 0.2577391791108017 0.23461126476256297 10 0.024820054604120127
326 0.5194213802520075 0.5174770531202719 5 0.024366471734892786
326 0.25800044819966705 0.2358754134536413 10 0.024789291026276646
327 0.5198642629452379 0.5187194708008083 5 0.024366471734892786
327 0.2583032796414798 0.2371059929472993 10 0.024758603614756125
328 0.5201597145647248 0.5200997560154283 5 0.024366471734892786
328 0.25827446410252786 0.23840485287032687 10 0.024715768660405337
329 0.5200489034085425 0.5213860003964486 5 0.024366471734892786
329 0.2583872562316766 0.2396873793318552 10 0.02467308166790032
330 0.5203838245982058 0.5226760110211519 5 0.024366471734892786
330 0.2586545749809689 0.24096437465155313 10 0.024630541871921183
331 0.5208407519545022 0.5239860461585512 5 0.024366471734892786
331 0.2588282140511098 0.24225911644071368 10 0.024588148512417012
332 0.5211623121824651 0.5246456825269996 5 0.024378352023403216
332 0.2588361887629678 0.24366114915063147 10 0.024539877300613498
333 0.5209968996220901 0.5263013003046455 5 0.024378352023403216
333 0.25891371565839005 0.24502073144488645 10 0.024497795198432138
334 0.5213102814520146 0.5276992588114665 5 0.024378352023403216
334 0.25870640344178053 0.2463567438200241 10 0.02445585717779408
335 0.5216827719130928 0.5290932107162724 5 0.024378352023403216
335 0.2585798766545438 0.24771349516018998 10 0.0244140625
336 0.5219977383545283 0.5305355979565232 5 0.024378352023403216
337 0.5217524650767502 0.5322864253950266 5 0.024378352023403216
338 0.5218706265977807 0.533815234642528 5 0.024378352023403216
339 0.5220526497337394 0.5353128537122175 5 0.024378352023403216
340 0.5222449323398767 0.5368330214660728 5 0.024378352023403216
341 0.5220049580935255 0.5385697879740692 5 0.024378352023403216
342 0.5221233065176528 0.540118334277189 5 0.024378352023403216
343 0.5223662039725812 0.541681670715571 5 0.024378352023403216
344 0.5223870899230252 0.5432736965185972 5 0.024378352023403216
345 0.5226164222565186 0.5448407953182468 5 0.024378352023403216
346 0.5225843286542231 0.5465239266832077 5 0.024378352023403216
347 0.5228834404614281 0.5482215723753305 5 0.024378352023403216
348 0.5229431668192428 0.5499768739806272 5 0.024378352023403216
349 0.5233075234886411 0.5517381549357658 5 0.024378352023403216
350 0.5234844766370983 0.5533804315814006 5 0.024378352023403216
351 0.5236708436650936 0.5552024254657816 5 0.024378352023403216
352 0.5240791583988669 0.5570878498090182 5 0.024378352023403216
353 0.5243603548397088 0.558837747275462 5 0.024378352023403216
354 0.5246605636380253 0.5607164295663979 5 0.024378352023403216
355 0.5242918290031605 0.5626235246045401 5 0.024378352023403216
356 0.5244577793774193 0.5642690076258385 5 0.024378352023403216
357 0.5246454411259167 0.5661706510445126 5 0.024378352023403216
358 0.5242956811015644 0.568141886152057 5 0.024378352023403216
359 0.5243826127794987 0.5701051355734781 5 0.024378352023403216
360 0.5242605402814132 0.571768281429936 5 0.024378352023403216
361 0.5243879744036046 0.5736114125262584 5 0.024378352023403216
362 0.5241507779982617 0.5755107410352261 5 0.024378352023403216
363 0.5239606010489264 0.5772661891533932 5 0.024378352023403216
364 0.524127701198495 0.5790429354218991 5 0.024378352023403216
365 0.5244283452062035 0.5808292987372285 5 0.024378352023403216
366 0.5243753351973882 0.5826263449742264 5 0.024378352023403216
367 0.5247180327310874 0.5844574044357085 5 0.024378352023403216
368 0.5250001895214033 0.5862975570295367 5 0.024378352023403216
369 0.5253485511786035 0.5881514713457627 5 0.024378352023403216
370 0.5250630071473682 0.5902027260321958 5 0.024378352023403216
371 0.52539953299156 0.592052549274909 5 0.024378352023403216
372 0.525588446636572 0.59291714230876 5 0.024390243902439025
373 0.52565935174145 0.5947559470039385 5 0.024390243902439025
374 0.5257336964251192 0.5966536329435956 5 0.024390243902439025
375 0.5260192457927431 0.5983944273460293 5 0.024390243902439025
376 0.5263416102733467 0.600109898934493 5 0.024390243902439025
377 0.5264408479146826 0.6008736496660825 5 0.02440214738897023
378 0.5261560858224451 0.6026201048060772 5 0.02440214738897023
379 0.5262652221573588 0.6043672505467288 5 0.02440214738897023
380 0.5261264027494938 0.6059491436754908 5 0.02440214738897023
381 0.5261831859006423 0.6077958447831607 5 0.02440214738897023
382 0.5262958878104398 0.6087782664840014 5 0.0244140625
383 0.5260600626178833 0.6106840947086207 5 0.0244140625
384 0.525757062257214 0.6121530851880481 5 0.0244140625
385 0.5251690620806071 0.6140464270278583 5 0.0244140625
386 0.5253111232389123 0.615051920296205 5 0.024425989252564728
387 0.5254718426846944 0.6167620535791212 5 0.024425989252564728
388 0.5254656500879473 0.6171959753261065 5 0.02443792766373411
389 0.525720946012649 0.6188873456004077 5 0.02443792766373411
390 0.5258937217651487 0.6195807043795124 5 0.02444987775061125
391 0.5259270912541992 0.6210703526672579 5 0.02444987775061125
392 0.5261557312367349 0.6230341932069309 5 0.02444987775061125
393 0.5262760228574799 0.623679370632158 5 0.02446183953033268
394 0.5263852111347963 0.6242775050790086 5 0.024473813020068524
395 0.526106480032144 0.6265249462524027 5 0.024473813020068524
396 0.5257295527434029 0.6272917247271157 5 0.024485798237022526
397 0.5258132334207035 0.6278821102088228 5 0.024497795198432138
398 0.5259518729075539 0.6301065165240411 5 0.024497795198432138
399 0.5258663260482469 0.6306406155041038 5 0.024509803921568627
400 0.5259190413870543 0.6310237985101917 5 0.024521824423737126
401 0.5260783698937194 0.6330780668048482 5 0.024521824423737126
402 0.5260661105157619 0.6334677304064369 5 0.02453385672227674
403 0.5257054073714796 0.6339225431644939 5 0.024545900834560628
404 0.5256504685573125 0.6342810895098476 5 0.02455795677799607
405 0.5254704119800319 0.6363419826696713 5 0.02455795677799607
406 0.5252042125948716 0.636760281866945 5 0.02457002457002457
407 0.5252167119815627 0.6371056408826632 5 0.024582104228121928
408 0.5252631354800585 0.6374773418218157 5 0.024594195769798325
409 0.5254098866156038 0.6395920793205763 5 0.024594195769798325
410 0.5254980974760787 0.6399240982949231 5 0.024606299212598423
411 0.5251609846238671 0.6401150178417617 5 0.024618414574101424
412 0.5251513828126154 0.6406008716729781 5 0.024630541871921183
413 0.5251860434407393 0.641158003926391 5 0.02464268112370626
414 0.5251174191724661 0.6430639201642127 5 0.02464268112370626
415 0.525078502671103 0.6435012013438962 5 0.024654832347140037
416 0.5250966978975284 0.644029395569837 5 0.024666995559940796
417 0.5251437456419124 0.6445456823388217 5 0.024679170779861793
418 0.5252028819573468 0.6450262855944698 5 0.024691358024691357
419 0.5246082647953348 0.6468351532571385 5 0.024691358024691357
420 0.5246269254701164 0.6472655003565781 5 0.024703557312252964
421 0.5247372397876938 0.6477606484581776 5 0.024715768660405337
422 0.524717752840545 0.6480086191201955 5 0.02472799208704253
423 0.5248110381284734 0.6483984858738089 5 0.02474022761009401
424 0.5248984080915471 0.6488122758718475 5 0.024752475247524754
425 0.525059942199868 0.6509452130762357 5 0.024752475247524754
426 0.5249468105546203 0.6512792487111165 5 0.024764735017335313
427 0.5250487671793687 0.6516543212389274 5 0.024777006937561942
428 0.5252028980242436 0.6520437432483572 5 0.024789291026276646
429 0.5251964026587934 0.6524845797215179 5 0.0248015873015873
430 0.5253404559665779 0.6528644239670798 5 0.02481389578163772
431 0.5255034317913111 0.6532145421805104 5 0.024826216484607744
432 0.5258074139968505 0.655322989166591 5 0.024826216484607744
433 0.5257043102985073 0.6558584160529767 5 0.02483854942871336
434 0.5258223524947192 0.6561663895501086 5 0.024850894632206758
435 0.5259613106657419 0.6563762304591145 5 0.024863252113376425
436 0.5258474326246977 0.6567390573591992 5 0.024875621890547265
437 0.525956623793036 0.6569510984394419 5 0.024888003982080638
438 0.5260645378838652 0.6571505760822012 5 0.0249003984063745
439 0.5262658326229139 0.6591281801881812 5 0.0249003984063745
440 0.5260657992481745 0.6594406185485606 5 0.024912805181863475
441 0.526095096533622 0.6596669941983957 5 0.02492522432701894
442 0.5261378657763307 0.6598946668756429 5 0.02493765586034913
443 0.5260646434431757 0.6601462636877979 5 0.0249500998003992
444 0.526082204467577 0.6603700412767849 5 0.02496255616575137
445 0.5260877914130285 0.6606173640154409 5 0.024975024975024972
446 0.526113038153015 0.660854551738196 5 0.02498750624687656
447 0.5260014651560787 0.6610332684921651 5 0.025
448 0.5254035625722229 0.6629990348401791 5 0.025
449 0.5254195506140711 0.6632222380552941 5 0.02501250625312656
450 0.5253733766090336 0.663367835477508 5 0.025025025025025023
451 0.5253707106468203 0.6635915330417477 5 0.02503755633450175
452 0.525370365722982 0.6638672597381777 5 0.0250501002004008
453 0.52536590660806 0.6641337938543115 5 0.02506265664160401
454 0.5252097444382257 0.6642310326992591 5 0.025075225677031094
455 0.5251818938754865 0.6645250358168704 5 0.025087807325639738
456 0.5252012211398075 0.6648868705357722 5 0.0251004016064257
457 0.5250302779862906 0.6650057668398237 5 0.0251130085384229
458 0.5250079288885764 0.6661692133986158 5 0.0251130085384229
459 0.5250414523504401 0.6665346844326535 5 0.02512562814070352
460 0.5251129179684778 0.666881868989894 5 0.02513826043237808
461 0.525123584793911 0.6670437874325603 5 0.02515090543259557
462 0.5252190291107643 0.6673799224630803 5 0.02516356316054353
463 0.5253365512804853 0.6677427050149105 5 0.025176233635448134
464 0.5253956041927899 0.667722068292803 5 0.025176233635448134
465 0.5254921332136095 0.6680314896751394 5 0.02518891687657431
466 0.525666273658678 0.6681318432968039 5 0.02518891687657431
467 0.5254728599866179 0.6682047841056379 5 0.02518891687657431
468 0.5255027049050214 0.6681846790040159 5 0.02518891687657431
469 0.5256635567112014 0.6684518307833562 5 0.025201612903225805
470 0.5259386108975017 0.6684922378187996 5 0.025201612903225805
471 0.5260115546946487 0.6685471241843173 5 0.025201612903225805
472 0.5262875216566713 0.6684806698861336 5 0.025201612903225805
473 0.5265012931504776 0.6686311635312976 5 0.025214321734745335
474 0.5269406146715852 0.6685639331470796 5 0.025214321734745335
475 0.5270206035542124 0.6685983655611676 5 0.025214321734745335
476 0.527234345347325 0.6687535851865716 5 0.02522704339051463
477 0.5275801286805317 0.6686385542400382 5 0.02522704339051463
478 0.5279385055737275 0.6685419596785891 5 0.02522704339051463
479 0.5280847332674896 0.6689370048305546 5 0.02522704339051463
480 0.5278027615958005 0.6695051801379929 5 0.02522704339051463
481 0.5279214255568772 0.6697781965900236 5 0.025239777889954566
482 0.5281702435513187 0.6698628491552758 5 0.025252525252525252
483 0.5285077279836512 0.6703746884108669 5 0.025252525252525252
484 0.5288002782883507 0.670462999592665 5 0.025265285497726123
485 0.5289211402389457 0.6708914063072111 5 0.025278058645096056
486 0.5292004854514446 0.6710272615929782 5 0.025290844714213452
487 0.5296305390099849 0.6715767500249326 5 0.025290844714213452
488 0.5299163078534643 0.6716801669954402 5 0.025303643724696352
489 0.5300679896796142 0.6720133708450994 5 0.02531645569620253
490 0.5304834102825416 0.672629286599624 5 0.02531645569620253
491 0.5307110568033598 0.6727471375548814 5 0.025329280648429583
492 0.5309262326271091 0.6728800366703293 5 0.02534211860111505
493 0.5308152028779977 0.6736637352821245 5 0.02534211860111505
494 0.5309010821439243 0.6738666437900892 5 0.025354969574036507
495 0.530942956220161 0.6740522160487491 5 0.025367833587011668
496 0.5308917184055426 0.6747488409914542 5 0.025367833587011668
497 0.530864370896121 0.6749449753619483 5 0.025380710659898477
498 0.5308744269530317 0.6751405215176428 5 0.025393600812595226
499 0.5309043228881681 0.6753330273143658 5 0.02540650406504065
500 0.5309525991729696 0.6760196129055629 5 0.02540650406504065
501 0.5309552854129772 0.6762305916188643 5 0.02541942043721403
502 0.5309729328412953 0.6764487613522021 5 0.025432349949135298
503 0.5309505861132557 0.6771531496846661 5 0.025432349949135298
504 0.531198874804775 0.677339474098803 5 0.02544529262086514
505 0.5312726004907634 0.6775792317028763 5 0.02545824847250509
506 0.5314540472454488 0.6782916564000432 5 0.02545824847250509
507 0.5316410627450108 0.6785373271377804 5 0.025471217524197655
508 0.5317191287083136 0.6788246116503187 5 0.0254841997961264
509 0.5317623622227788 0.6790995309504562 5 0.02549719530851606
510 0.5319377429593458 0.6798414385826528 5 0.02549719530851606
511 0.5319293174716793 0.6800999997711273 5 0.025510204081632654
512 0.5319474667476655 0.6803754147855637 5 0.02552322613578356
513 0.5318969702051397 0.6811299137375506 5 0.02552322613578356
514 0.531897654487419 0.6814075135290587 5 0.025536261491317668
515 0.5318926657689182 0.6816837459538807 5 0.025549310168625446
516 0.5318412882378938 0.6819439665130334 5 0.025562372188139056
517 0.5319413028006588 0.6826631447493787 5 0.025562372188139056
518 0.5319636537285892 0.6829405985542831 5 0.02557544757033248
519 0.5320391555076373 0.6832222660307814 5 0.025588536335721595
520 0.532184589771976 0.6838377667393023 5 0.025588536335721595
521 0.532200300422299 0.6840918658373452 5 0.02560163850486431
522 0.5322240079943171 0.684342230328014 5 0.025614754098360653
523 0.532485479137801 0.6849211452301341 5 0.025614754098360653
524 0.5325367833552728 0.6851656148926514 5 0.025627883136852894
525 0.5322775423126489 0.6857523214369545 5 0.025627883136852894
526 0.532300286848399 0.6859845390713265 5 0.02564102564102564
527 0.5323186131024774 0.6862090570779054 5 0.02565418163160595
528 0.5323267966639985 0.686767060810626 5 0.02565418163160595
529 0.5323122130276634 0.6869971547660804 5 0.02566735112936345
530 0.5323886655641481 0.687597990650979 5 0.02566735112936345
531 0.5323188172718465 0.6878310523160697 5 0.025680534155110422
532 0.5322838065470489 0.688034142964072 5 0.02569373072970195
533 0.5323428446265294 0.6885931457436062 5 0.02569373072970195
534 0.5323630020978485 0.6888004734049346 5 0.02570694087403599
535 0.5323278195087698 0.6893552385596994 5 0.02570694087403599
536 0.5323823124495266 0.6895650047452164 5 0.0257201646090535
537 0.5324202116599388 0.6897672285130578 5 0.025733401955738547
538 0.5325174370154195 0.6903161435102183 5 0.025733401955738547
539 0.5325550193294633 0.6904982260073764 5 0.025746652935118432
540 0.5325958909679808 0.6906860518162967 5 0.02575991756826378
541 0.5327576914937628 0.6912318648389852 5 0.02575991756826378
542 0.5327123460262909 0.6914199686993395 5 0.02577319587628866
543 0.5326919594061481 0.6919585759466127 5 0.02577319587628866
544 0.5327207453706537 0.6921440283571505 5 0.025786487880350695
545 0.5327374679176762 0.6923435510444194 5 0.025799793601651185
546 0.5329303618883043 0.6928806958156813 5 0.025799793601651185
547 0.5329782013950604 0.6930612052615968 5 0.025813113061435206
548 0.5331148817724974 0.6935753021004788 5 0.025813113061435206
549 0.5331869404084085 0.693746638725828 5 0.025826446280991733
550 0.5330948157098652 0.6939128473856252 5 0.025839793281653745
551 0.5331405707154748 0.6943549869219688 5 0.025839793281653745
552 0.5332057084553693 0.6945348977586888 5 0.025853154084798345
553 0.5329060842368367 0.6949861982052196 5 0.025853154084798345
554 0.5330868499527157 0.6951494576168236 5 0.02586652871184687
555 0.5331816292972908 0.6956024853541005 5 0.02586652871184687
556 0.5332394625699032 0.6957811265552232 5 0.02587991718426501
557 0.533359084684349 0.6962113222075335 5 0.02587991718426501
558 0.5333995451533811 0.6963787910642641 5 0.025893319523562917
559 0.5331938427629066 0.696821892618674 5 0.025893319523562917
560 0.5332467083045649 0.696989572876067 5 0.025906735751295335
561 0.5332163705086453 0.6974159284020154 5 0.025906735751295335
562 0.5332245749907435 0.6975837235102988 5 0.02592016588906169
563 0.5334984067725659 0.6980275956000541 5 0.02592016588906169
564 0.5335279224422738 0.6981816440765443 5 0.025933609958506222
565 0.5336426829334238 0.6986153466935394 5 0.025933609958506222
566 0.5336870090817609 0.698787326746693 5 0.025947067981318107
567 0.5339588514322222 0.6992381542432221 5 0.025947067981318107
568 0.5342000972320559 0.6994200680982798 5 0.025960539979231565
569 0.5345151027819642 0.6998781151410344 5 0.025960539979231565
570 0.5346141372525651 0.7000512499836186 5 0.025974025974025976
571 0.534931658175984 0.700500889581883 5 0.025974025974025976
572 0.535037930772639 0.7006719628069581 5 0.025987525987525985
573 0.5350542205051341 0.7010859263136316 5 0.025987525987525985
574 0.5351549382632792 0.7012418281234982 5 0.026001040041601663
575 0.5353761426115098 0.7015830778566887 5 0.026001040041601663
576 0.5356521836710277 0.7019334372934857 5 0.026001040041601663
577 0.5357330530878539 0.7020990224021417 5 0.026014568158168574
578 0.53596189851614 0.7024559607102018 5 0.026014568158168574
579 0.5359425844559647 0.7027746391236321 5 0.026014568158168574
580 0.5359626944971214 0.7029072055665992 5 0.02602811035918792
581 0.536175961700508 0.7032431362029109 5 0.02602811035918792
582 0.5364091768325105 0.703582533174886 5 0.02602811035918792
583 0.5363571705626424 0.7037083765522902 5 0.026041666666666668
584 0.5358972717620871 0.7040377326653114 5 0.026041666666666668
585 0.535923745970019 0.7041792615723871 5 0.026055237102657634
586 0.5360168278225832 0.7045148712873625 5 0.026055237102657634
587 0.536158807244001 0.7048493314501634 5 0.026055237102657634
588 0.5361827163177225 0.7049923574880339 5 0.026068821689259645
589 0.5363874025081506 0.7053323632868473 5 0.026068821689259645
590 0.5358850433225795 0.7056600049497838 5 0.026068821689259645
591 0.5358990877328879 0.7057985255455191 5 0.026082420448617628
592 0.5358851391897717 0.7061230920045907 5 0.026082420448617628
593 0.5359843948828291 0.7064219467282515 5 0.026082420448617628
594 0.5359708770093359 0.7065615599090946 5 0.026096033402922752
595 0.535938157521828 0.7068588213012336 5 0.026096033402922752
596 0.5359668124808208 0.7071561371669787 5 0.026096033402922752
597 0.5359361486296279 0.7074679024844028 5 0.026096033402922752
598 0.5359798855428122 0.7076083544175029 5 0.02610966057441253
599 0.5359356365123702 0.7079169148402894 5 0.02610966057441253
600 0.5360778630219543 0.7082238788990894 5 0.02610966057441253
601 0.5360167024066198 0.7085403479357086 5 0.02610966057441253
602 0.5360416797529113 0.7086880182634115 5 0.02612330198537095
603 0.5359559114395457 0.709005341035017 5 0.02612330198537095
604 0.5356947833516492 0.7092617900963366 5 0.02612330198537095
605 0.5356994684575487 0.7093344139659947 5 0.026136957658128592
606 0.5356451914627144 0.7096001535553101 5 0.026136957658128592
607 0.5356082347253958 0.709729933947554 5 0.02615062761506276
608 0.5358693520160758 0.7099405465132553 5 0.02615062761506276
609 0.5357935017931542 0.7101998141804448 5 0.02615062761506276
610 0.5357764310196955 0.7102806447285004 5 0.02616431187859759
611 0.535008158438045 0.7104946455083064 5 0.02616431187859759
612 0.5345616327210715 0.7105951013634776 5 0.02617801047120419
613 0.5343673143873092 0.7108108918555462 5 0.02617801047120419
614 0.5344535281793517 0.7110281411381261 5 0.02617801047120419
615 0.5338863126197804 0.7112235295791696 5 0.02617801047120419
616 0.533812925486841 0.7112555674265373 5 0.02619172341540073
617 0.5338174912304187 0.7112888430507404 5 0.02620545073375262
618 0.5338473143870024 0.7113185953965024 5 0.026219192448872573
619 0.533824442998593 0.7113302908003899 5 0.026232948583420772
620 0.5338465761174451 0.7113588891410891 5 0.026246719160104987
621 0.53387539101978 0.7113938168001119 5 0.026260504201680673
622 0.5338967305930622 0.7114412642688966 5 0.02627430373095113
623 0.5341056011906702 0.7115064109727397 5 0.02628811777076761
624 0.5341409388799827 0.7115528959973407 5 0.026301946344029454
625 0.5341396179746452 0.7115903965744104 5 0.02631578947368421
626 0.5342605068966775 0.7116123315872005 5 0.02632964718272775
627 0.5342687196420755 0.7116456333314461 5 0.026343519494204423
628 0.5342584506291365 0.7116679635434406 5 0.026357406431207167
629 0.5342488904958842 0.7116879889276657 5 0.026371308016877634
630 0.5342024470567228 0.7117155440390803 5 0.026385224274406333
631 0.5341910864027458 0.7117325742722322 5 0.026399155227032733
632 0.5341835327504195 0.7117551663113336 5 0.026413100898045428
633 0.5341758124440428 0.7117790159658373 5 0.02642706131078224
634 0.5341992540103282 0.7117989713953496 5 0.026441036488630353
635 0.5341977325255439 0.7118196172872175 5 0.026455026455026454
636 0.5341947632343309 0.7118387914319174 5 0.026469031233456855
637 0.5342092121386409 0.7118624122626953 5 0.026483050847457626
638 0.5342078367469199 0.7118805701821319 5 0.02649708532061473
639 0.5342013844314709 0.7118983054386403 5 0.026511134676564154
640 0.5341920727638433 0.711916282195305 5 0.026525198938992044
641 0.534178177507075 0.7119358450198527 5 0.026539278131634817
642 0.5341690734497149 0.7119527875950592 5 0.02655337227827934
643 0.5341613559180587 0.7119701950692695 5 0.026567481402763014
644 0.5341533469778172 0.7119893805462433 5 0.026581605528973946
645 0.5341933899006013 0.7120019220212768 5 0.026595744680851064
646 0.53419655895405 0.7120161902917995 5 0.026609898882384245
647 0.5341945396053914 0.7120282041869395 5 0.02662406815761448
648 0.5342137741499392 0.7120447650497604 5 0.02663825253063399
649 0.5342157346949514 0.7120567303378789 5 0.02665245202558635
650 0.5342114068964884 0.7120673199012859 5 0.02666666666666667
651 0.53417144221885 0.712085659786576 5 0.026680896478121663
652 0.5341619602597576 0.712097627166292 5 0.026695141484249865
653 0.5341605425979641 0.7121094429875764 5 0.026709401709401708
654 0.5341612946305135 0.7121218197194158 5 0.026723677177979688
655 0.5341672004911072 0.7121349390076459 5 0.026737967914438502
656 0.5341699331080714 0.7121443265592342 5 0.02675227394328518
657 0.5341689131912887 0.7121537455067266 5 0.026766595289079226
658 0.5341684748758092 0.7121668536467971 5 0.026780931976432776
659 0.5341734861629363 0.7121895810832999 5 0.026795284030010715
660 0.5341709644108434 0.7122017685390148 5 0.02680965147453083
661 0.5341681178934086 0.7122094933526413 5 0.02682403433476395
662 0.5341376541723628 0.7122176443479123 5 0.026838432635534083
663 0.5341277021126657 0.7122333853918625 5 0.026852846401718578
664 0.5341227112277094 0.7122483154310298 5 0.02686727565824825
665 0.5341180028552684 0.7122616274489832 5 0.026881720430107527
666 0.5341316580938378 0.7122668628281446 5 0.02689618074233459
667 0.5341297436649095 0.7122781895989209 5 0.026910656620021525
668 0.534127357436287 0.7122855001695656 5 0.026925148088314484
669 0.5341233048525476 0.7122946274836965 5 0.02693965517241379
670 0.5341131365366485 0.7123165416307777 5 0.026954177897574125
671 0.5341105327234196 0.7123283961871244 5 0.026968716289104636
672 0.5341090999673844 0.712337048812646 5 0.02698327037236913
673 0.5341066360096618 0.7123483935591245 5 0.026997840172786173
674 0.5340954444223956 0.7123523724431098 5 0.027012425715829277
675 0.5340904238595088 0.7123626190090397 5 0.02702702702702703
676 0.5340882664445431 0.7123773426058594 5 0.02704164413196322
677 0.534108119098421 0.7123950147774929 5 0.027056277056277056
678 0.5341085641194971 0.7124081678807485 5 0.027070925825663235
679 0.5341062948676342 0.7124216838404633 5 0.027085590465872153
680 0.5341050317869124 0.7124313623791783 5 0.02710027100271003
681 0.534075501989699 0.7124500708848183 5 0.027114967462039046
682 0.5340710252586154 0.7124607190766272 5 0.027129679869777535
683 0.5340679416605638 0.7124737157378636 5 0.027144408251900107
684 0.5340635979302722 0.7124883813412721 5 0.027159152634437803
685 0.5340712145526105 0.7125026964407876 5 0.02717391304347826
686 0.5340872159233522 0.7125235496189768 5 0.02718868950516585
687 0.5341340911881971 0.7125603121863401 5 0.02720348204570185
688 0.534575165542788 0.7125840679802684 5 0.02721829069134458
689 0.53467102472494 0.7126476407319574 5 0.027233115468409584
690 0.5347530655714234 0.7126765406624698 5 0.027247956403269755
691 0.5350341202722796 0.7128146944046839 5 0.027247956403269755
692 0.5351200325596149 0.712854369225483 5 0.027262813522355506
693 0.535307920862137 0.7128755739891286 5 0.027277686852154936
694 0.5354664069434677 0.7128853244690283 5 0.02729257641921397
695 0.5356295144805514 0.7128642779049009 5 0.027307482250136534
696 0.5358104864129013 0.7129926322966601 5 0.027307482250136534
697 0.5359648812086633 0.7130063726723166 5 0.0273224043715847
698 0.5360925093921364 0.7130416622067479 5 0.02733734281027884
699 0.5362401318661993 0.7130857861994491 5 0.02735229759299781
700 0.5364949025992592 0.7132356692273414 5 0.02735229759299781
701 0.5365293802522868 0.7133412515742423 5 0.02735229759299781
702 0.5365236361742823 0.7133036414829294 5 0.02736726874657909
703 0.5367578079637454 0.7133924190095619 5 0.02736726874657909
704 0.53689349781948 0.7134516583434549 5 0.02736726874657909
705 0.5369788820873678 0.7134971129255352 5 0.02736726874657909
706 0.5371078497125772 0.7135623198175138 5 0.02736726874657909
707 0.5371983518134086 0.7136297577647804 5 0.02736726874657909
708 0.5374006135078481 0.7136804816720018 5 0.02736726874657909
709 0.5370847568935392 0.713717500416718 5 0.02736726874657909
710 0.5369542835084806 0.7137180775275416 5 0.02736726874657909
711 0.5370838605040662 0.7137647615451717 5 0.02736726874657909
712 0.5368782206365206 0.7137404397721028 5 0.02736726874657909
713 0.5369624742426148 0.7136342336575756 5 0.02736726874657909
714 0.5374897750003951 0.7136548264789156 5 0.02735229759299781
715 0.5369687769673148 0.7135399458098535 5 0.02735229759299781
716 0.5374519835192093 0.7135525672158561 5 0.02733734281027884
717 0.5372440894698948 0.7134422385416259 5 0.02733734281027884
718 0.5374751557637225 0.7134932478831125 5 0.0273224043715847
719 0.5376665823436874 0.7133841289877781 5 0.0273224043715847
720 0.5377308834306344 0.7134180172515495 5 0.027307482250136534
721 0.53782803485159 0.7133328837407328 5 0.027307482250136534
722 0.537683888301121 0.7134124417158206 5 0.02729257641921397
723 0.5376647531929402 0.7133330136112048 5 0.02729257641921397
724 0.5369179804805865 0.7133774604740446 5 0.027277686852154936
725 0.5366452516057112 0.7133146660778105 5 0.027277686852154936
726 0.5362222646205765 0.713378985155471 5 0.027262813522355506
727 0.536009027130883 0.7133006002865843 5 0.027262813522355506
728 0.5357835088861023 0.7132472528929874 5 0.027262813522355506
729 0.5352906248414306 0.713300661561352 5 0.027247956403269755
730 0.5350151319428459 0.7132224022174328 5 0.027247956403269755
731 0.5343052899809483 0.7132818124861096 5 0.027233115468409584
732 0.5341517068588024 0.7132320596725241 5 0.027233115468409584
733 0.533937274710242 0.7131546707384475 5 0.027233115468409584
734 0.5336966323542749 0.7131877909218367 5 0.02721829069134458
735 0.5335277113522134 0.7131218828253576 5 0.02721829069134458
736 0.5332918589437711 0.7130464469565861 5 0.02721829069134458
737 0.5327127534370674 0.7131113529058616 5 0.02720348204570185
738 0.5324450697170092 0.7130480903617553 5 0.02720348204570185
739 0.5316701368960163 0.7131198661718632 5 0.02718868950516585
740 0.53133598608842 0.7130632984211929 5 0.02718868950516585
741 0.5310314305774597 0.7130097543583547 5 0.02718868950516585
742 0.530576288954145 0.7130601671182694 5 0.02717391304347826
743 0.5302362795930324 0.7129807704631146 5 0.02717391304347826
744 0.5297562376985463 0.7130110050436715 5 0.027159152634437803
745 0.5295025566296416 0.7129562165053243 5 0.027159152634437803
746 0.5289978707838514 0.7130132850874951 5 0.027144408251900107
747 0.5286604449220661 0.7129788757146234 5 0.027144408251900107
748 0.5280188988867901 0.7130482666963325 5 0.027129679869777535
749 0.5276039125750347 0.7130307408640453 5 0.027129679869777535
750 0.5271620734052883 0.7130467403686066 5 0.027129679869777535
751 0.5264982298681036 0.7131143929113263 5 0.027114967462039046
752 0.5260225739728921 0.7130977112849123 5 0.027114967462039046
753 0.5255844734407015 0.7131007398815709 5 0.027114967462039046
754 0.524630428294523 0.7132324292188159 5 0.02710027100271003
755 0.5241799082894263 0.7132129873115384 5 0.02710027100271003
756 0.5237675163289577 0.7131812440633716 5 0.02710027100271003
757 0.5228555753935169 0.7132399275579857 5 0.027085590465872153
758 0.5224562132842674 0.7132489954847024 5 0.027085590465872153
759 0.5220164690475315 0.7132123235782516 5 0.027085590465872153
760 0.5215732149921611 0.7132441339582271 5 0.027070925825663235
761 0.5211775825464852 0.7133038922197079 5 0.027070925825663235
762 0.5208127607692931 0.713358542249699 5 0.027070925825663235
763 0.520423395802442 0.7134095080943131 5 0.027070925825663235
764 0.5201259405068845 0.7134673384840726 5 0.027070925825663235
765 0.5198392327671099 0.7135566179423714 5 0.027070925825663235
766 0.5195363752215141 0.7136025707472342 5 0.027070925825663235
767 0.5191972423736563 0.7136458048307042 5 0.027070925825663235
768 0.5188691779572875 0.7137044399410255 5 0.027070925825663235
769 0.5186240563841914 0.7137488211021704 5 0.027070925825663235
770 0.5182992481006133 0.7137892329744724 5 0.027070925825663235
771 0.5179630963596262 0.7138321462570195 5 0.027070925825663235
772 0.5176359847744707 0.7138843257881878 5 0.027070925825663235
773 0.5175907512410798 0.7139198279772027 5 0.027085590465872153
774 0.5171380324246132 0.7140381061896104 5 0.027085590465872153
775 0.516836843475082 0.7141496900702637 5 0.027085590465872153
776 0.5166044106121079 0.7142554474578631 5 0.027085590465872153
777 0.5166014441141478 0.714277836950812 5 0.02710027100271003
778 0.5163295078852426 0.7143788620832907 5 0.02710027100271003
779 0.5161432712336051 0.7144607121241626 5 0.02710027100271003
780 0.5158482567378623 0.7145511065218907 5 0.02710027100271003
781 0.5158524722796396 0.7145629563840181 5 0.027114967462039046
782 0.5156069133732554 0.7146572460220181 5 0.027114967462039046
783 0.5152829562357891 0.7147277248023146 5 0.027114967462039046
784 0.5149849697461072 0.7147853361250475 5 0.027114967462039046
785 0.5150110391095409 0.7147465958191275 5 0.027129679869777535
786 0.5147615556491572 0.7147814732542884 5 0.027129679869777535
787 0.5148969640773753 0.7146524103276903 5 0.027144408251900107
788 0.5146846103180758 0.714618956544645 5 0.027144408251900107
789 0.5142373864479404 0.7145353342065199 5 0.027144408251900107
790 0.5137483288295194 0.7143199950750605 5 0.027159152634437803
791 0.5133975912345271 0.7142907298222037 5 0.027159152634437803
792 0.5134328209004627 0.714223095519358 5 0.02717391304347826
793 0.5132921179437084 0.7142036976242597 5 0.02717391304347826
794 0.5130228973180351 0.7141114292305314 5 0.02717391304347826
795 0.5130654906093398 0.7140355677335137 5 0.02718868950516585
796 0.5129398706330701 0.7140712262910919 5 0.02718868950516585
797 0.5130591344082238 0.7142220278113407 5 0.02720348204570185
798 0.5140468414257646 0.7144556371575579 5 0.02721829069134458
799 0.5143211414460862 0.7145843761527544 5 0.027233115468409584
800 0.5145028393166059 0.7145864276839105 5 0.027247956403269755
801 0.5146049969903606 0.7146222098804411 5 0.027262813522355506
802 0.5147840886294043 0.7146215055493147 5 0.027277686852154936
803 0.5149594902074488 0.7146184394194304 5 0.02729257641921397
804 0.5151412445859994 0.7145999905579214 5 0.027307482250136534
805 0.5151910849500714 0.7145592353174428 5 0.0273224043715847
806 0.515327184567364 0.7145733972632009 5 0.02733734281027884
807 0.5154510869060578 0.7146180316945764 5 0.02735229759299781
808 0.5155303389306642 0.7146644138079216 5 0.02736726874657909
809 0.5156374916974624 0.7147215349488999 5 0.027382256297918944
810 0.5157559582230768 0.7147789820064177 5 0.0273972602739726
811 0.5158807242171508 0.7148468432665399 5 0.027412280701754384
812 0.5161269825379523 0.7149238393658217 5 0.027427317608337904
813 0.5162813479969672 0.7149842015336517 5 0.0274423710208562
814 0.5162711534122947 0.7150982133940934 5 0.0274423710208562
815 0.516413980318214 0.7151417990524218 5 0.02745744096650192
816 0.5165121577636105 0.7151831991562034 5 0.027472527472527472
817 0.5166459987845909 0.7152286802303567 5 0.02748763056624519
818 0.5167858736598037 0.7152745087540969 5 0.0275027502750275
819 0.5169268354356751 0.7153220523082686 5 0.0275178866263071
820 0.5170741298120942 0.7153668334512059 5 0.027533039647577088
821 0.5172152771028584 0.7153840696684399 5 0.027548209366391185
822 0.5173516461818874 0.7154012136203083 5 0.027563395810363836
823 0.51746729825003 0.7154171926885385 5 0.027578599007170433
824 0.5176028793315294 0.7154325029220197 5 0.02759381898454746
825 0.5177241001910582 0.7154565961881131 5 0.027609055770292653
826 0.5178090947375253 0.7154768545455567 5 0.027624309392265192
827 0.5175898007841105 0.7155066689733356 5 0.027639579878385848
828 0.5175920862825926 0.7155244003069778 5 0.027654867256637166
829 0.517596679756466 0.7156160623850357 5 0.027670171555063638
830 0.5174366511296538 0.7158343435266481 5 0.027685492801771867
831 0.5173424865343654 0.7160429906117155 5 0.027700831024930747
832 0.5171234830962537 0.7162081368902502 5 0.027716186252771616
833 0.5169542525154711 0.7157125404023997 5 0.027731558513588463
834 0.5169275489289877 0.7151365239239391 5 0.027746947835738067
835 0.5168118828253749 0.7145096282614383 5 0.027762354247640196
836 0.5167939748894818 0.7138459615593555 5 0.027777777777777776
837 0.5165870457158894 0.7132740391350275 5 0.027793218454697052
838 0.5157570813553655 0.7126257683650711 5 0.027808676307007785
839 0.5152327059204583 0.7120885178738188 5 0.027808676307007785
840 0.5150031739111477 0.7114275317645467 5 0.027824151363383415
841 0.5147526219119785 0.7108622364361954 5 0.027839643652561245
842 0.5144364407254512 0.7102495406729116 5 0.027855153203342618
843 0.5139401599554838 0.7096448519770401 5 0.027870680044593088
844 0.5134374109194323 0.7090941541735887 5 0.02788622420524261
845 0.5135024912233631 0.7070795395967086 5 0.027901785714285712
846 0.5132418619225748 0.7047674761835608 5 0.027901785714285712
847 0.5130956809409255 0.7022875248029112 5 0.02791736460078168
848 0.5127117687930111 0.6999535185211091 5 0.027932960893854747
849 0.5119788788475425 0.6975662855740493 5 0.02794857462269424
850 0.5113989377898505 0.6949852085681625 5 0.02794857462269424
851 0.5111368585272167 0.692234510295978 5 0.02796420581655481
852 0.5107875395071585 0.6895533029301062 5 0.027979854504756572
853 0.5096564988977412 0.687007201173425 5 0.027995520716685325
854 0.5082782078871305 0.6845324817578653 5 0.027995520716685325
855 0.5073578218443815 0.6817438863900744 5 0.028011204481792718
856 0.5069227975961792 0.679014869407412 5 0.02802690582959641
857 0.5067176204839893 0.6748373953231156 5 0.028042624789680313
858 0.5063844904595326 0.6704795148418701 5 0.028058361391694722
859 0.5054940921060511 0.6661199885270231 5 0.028058361391694722
860 0.5043870079131553 0.6610310745033224 5 0.028074115665356537
861 0.5029468788396343 0.6562402751632188 5 0.028089887640449437
862 0.5015188823919808 0.6514315474886107 5 0.028105677346824058
863 0.5004584851113276 0.6460927897472936 5 0.028121484814398197
864 0.49895314875560615 0.6411174659541995 5 0.028137310073157003
865 0.4974703860882109 0.6361918168743123 5 0.028137310073157003
866 0.49640421423636216 0.6307835790803266 5 0.02815315315315315
867 0.4952320414112686 0.625703328684405 5 0.028169014084507043
868 0.4941513919464947 0.6206020522270798 5 0.02818489289740699
869 0.49306449020372184 0.6151735877912802 5 0.028200789622109416
870 0.491878023544143 0.6091398569901542 5 0.02821670428893905
871 0.49037583131885104 0.6033158580342778 5 0.0282326369282891
872 0.48903874666010355 0.597522774509757 5 0.02824858757062147
873 0.48783265403618986 0.5917290948990667 5 0.02826455624646693
874 0.48654151619579833 0.5857586324721016 5 0.028280542986425336
875 0.4851194993335867 0.579660894514278 5 0.028296547821165814
876 0.48392352412345474 0.5735843424968003 5 0.02831257078142695
877 0.4827614936914718 0.5675679496779461 5 0.028328611898016998
878 0.4807263949392289 0.5609093360764136 5 0.028344671201814057
879 0.4778973602221197 0.5546944876039853 5 0.028360748723766305
880 0.4751211437454247 0.5480072389237165 5 0.028376844494892164
881 0.473648308267987 0.5417632696828022 5 0.02839295854628052
882 0.472508031504975 0.5355027751752343 5 0.028409090909090908
883 0.4711300099962233 0.5294365649683763 5 0.028425241614553724
884 0.46942605366811624 0.5231558513687593 5 0.028425241614553724
885 0.46747085857324955 0.5172995323689622 5 0.02844141069397042
886 0.46592439282591425 0.5114315527785049 5 0.028457598178713715
887 0.46446224236625255 0.5056563222175613 5 0.028473804100227786
888 0.46244232692508297 0.5001448815890712 5 0.02849002849002849
889 0.4605498203483916 0.49438269941352564 5 0.028506271379703532
890 0.45887567795497797 0.4885840975938013 5 0.028522532800912718
891 0.4573178543986165 0.4832167773293583 5 0.028538812785388126
892 0.45579839509415365 0.4777335300059377 5 0.02855511136493432
893 0.45464880340082825 0.47307578843374093 5 0.02857142857142857
894 0.45351178371134837 0.46911831657604386 5 0.02858776443682104
895 0.45176312674299385 0.4660386029332189 5 0.02860411899313501
896 0.4502601456686768 0.4621759366505424 5 0.028620492272467084
897 0.4489822516384575 0.45828195319372805 5 0.028636884306987395
898 0.4477178773276285 0.4552711143916306 5 0.02865329512893983
899 0.44675914640039566 0.45148437530615454 5 0.0286697247706422
900 0.44608779222646344 0.44751595929422416 5 0.028686173264486515
901 0.4451579266831229 0.4438826204710785 5 0.028702640642939148
902 0.4436848367576898 0.4406959319113958 5 0.028719126938541065
903 0.4423653271676942 0.43725153426867536 5 0.028735632183908046
904 0.4411855320911243 0.4338392182652807 5 0.02875215641173088
905 0.4398923731783982 0.43198057675570156 5 0.028768699654775604
906 0.43903980248059876 0.4311428129959986 5 0.028785261945883704
907 0.4386091483417013 0.430130351477424 5 0.028801843317972347
908 0.4381217565606271 0.4292966982179888 5 0.02881844380403458
909 0.43717399446361355 0.42872889223957983 5 0.02883506343713956
910 0.4364649195499661 0.42792325731932446 5 0.028851702250432775
911 0.43616503368622317 0.4269230872597009 5 0.028868360277136258
912 0.43591467869239253 0.4259741180851587 5 0.02888503755054881
913 0.4352174225733543 0.4253130745372219 5 0.028901734104046242
914 0.43375446326090483 0.42536042239987076 5 0.028918449971081547
915 0.43228615723090646 0.42509638091024604 5 0.028935185185185182
916 0.4312553824367833 0.42464354591713943 5 0.028935185185185182
917 0.4303510401184245 0.4241020418662876 5 0.028951939779965255
918 0.4298045447906539 0.4234638234584298 5 0.02896871378910776
919 0.4290227052428782 0.4231000330842284 5 0.028985507246376812
920 0.4275362639010364 0.42348317694309523 5 0.029002320185614848
921 0.42647074764120163 0.42325814832554326 5 0.02901915264074289
922 0.4258181209912394 0.42278958992552723 5 0.02903600464576074
923 0.42498522468263217 0.42255035844032907 5 0.029052876234747237
924 0.4233606674777596 0.42304323580634334 5 0.029069767441860465
925 0.42210884570764984 0.42300774209174924 5 0.029086678301337987
926 0.4210579958741155 0.42284881446542355 5 0.02910360884749709
927 0.4198352884794131 0.4229706275192817 5 0.029120559114735
928 0.4189411357261906 0.4227068290645767 5 0.029137529137529133
929 0.4184066883998872 0.42228184034032773 5 0.029154518950437316
930 0.41774428352644744 0.4221138260482073 5 0.029171528588098017
931 0.4166491009902897 0.42224845842253184 5 0.029188558085230586
932 0.4158610279189065 0.4220849906905097 5 0.02920560747663551
933 0.4154627659150364 0.42165521096185615 5 0.02922267679719462
934 0.4154431936037433 0.42100694815499207 5 0.02922267679719462
935 0.41496349621059225 0.4206432580147411 5 0.029239766081871343
936 0.41452743412876386 0.42025362546171474 5 0.029256875365710942
937 0.4141766301387423 0.41982926511214086 5 0.029274004683840747
938 0.4137342978498334 0.41952033392363663 5 0.029291154071470413
939 0.4134208715205359 0.4190764580504117 5 0.029308323563892142
940 0.413169986918843 0.41860496824526716 5 0.02932551319648094
941 0.4131983705275399 0.41818476838643975 5 0.02932551319648094
942 0.4130913746107178 0.4181915800615562 5 0.02932551319648094
943 0.41299961564690363 0.41815949686970344 5 0.02932551319648094
944 0.4130134840865102 0.4180908958827224 5 0.02932551319648094
945 0.41257202146417676 0.4183367516027602 5 0.029342723004694836
946 0.4126484578016111 0.4181999797330965 5 0.029342723004694836
947 0.41277366729382203 0.4180160779789488 5 0.029342723004694836
948 0.41285684904696396 0.41791495313653704 5 0.029342723004694836
949 0.41280868030651086 0.4179136093056983 5 0.029342723004694836
950 0.41284363847504296 0.41779958912766757 5 0.029342723004694836
951 0.41289887644180634 0.41760576660351917 5 0.029342723004694836
952 0.4129831166807116 0.4174505292252742 5 0.029342723004694836
953 0.41285891335356906 0.41758770668035866 5 0.029342723004694836
954 0.4131534477648032 0.4173860188443673 5 0.02932551319648094
955 0.41355220440039303 0.4171129128496506 5 0.029308323563892142
956 0.4138122714367306 0.41684418028670034 5 0.029291154071470413
957 0.4141221797995147 0.41657723227984544 5 0.029274004683840747
958 0.41529440624814296 0.4160226735081218 5 0.029239766081871343
959 0.4176574066212778 0.4156219144911586 5 0.02922267679719462
960 0.4194731992804363 0.41517477399124303 5 0.02920560747663551
961 0.4204359999998594 0.4147639251509885 5 0.029188558085230586
962 0.4203869160580476 0.41415152010483813 5 0.029154518950437316
963 0.4441952632118074 0.3901234928249042 5 0.02796420581655481
964 0.44953060845027404 0.3857025671811241 5 0.027808676307007785
965 0.4517070206302308 0.38470675665668985 5 0.027793218454697052
966 0.45352539592781965 0.38383110846021573 5 0.027777777777777776
967 0.45511259305017904 0.3827952824431577 5 0.027762354247640196
968 0.4560008235552383 0.3818259158319871 5 0.027746947835738067
969 0.45680921242464667 0.38080214239691335 5 0.027731558513588463
970 0.4574559309922962 0.37966550328470305 5 0.027716186252771616
971 0.4579314691136337 0.3783571494262284 5 0.027700831024930747
972 0.4578506354732298 0.37794957523507916 5 0.027700831024930747
973 0.4574707605194218 0.377448538871929 5 0.027700831024930747
974 0.45767736562555317 0.3767172410336884 5 0.027700831024930747
975 0.4577958427242973 0.3762342579800976 5 0.027700831024930747
976 0.45774733589743527 0.3757977207236528 5 0.027700831024930747
977 0.45806956125663023 0.3752790351744625 5 0.027700831024930747
978 0.4588772506688428 0.3747729922435777 5 0.027700831024930747
979 0.4596346129104377 0.37447400581104795 5 0.027700831024930747
980 0.4608097601467033 0.37341989265098585 5 0.027685492801771867
981 0.4617528376933658 0.3729108654252701 5 0.027685492801771867
982 0.4623927586179925 0.37259760089007143 5 0.027685492801771867
983 0.4629555548095957 0.3723336199802315 5 0.027685492801771867
984 0.46372002739287216 0.3719307977688914 5 0.027685492801771867
985 0.4647118253324691 0.37143250470365896 5 0.027685492801771867
986 0.4659612661781252 0.37107931038666486 5 0.027685492801771867
987 0.4666261936026963 0.3708176094791108 5 0.027685492801771867
988 0.4670859576924179 0.370508481304828 5 0.027685492801771867
989 0.46755608125438963 0.37017411960372065 5 0.027685492801771867
990 0.46799030493448146 0.3687962049989986 5 0.027670171555063638
991 0.46811638121550303 0.3684281261251466 5 0.027670171555063638
992 0.4682504669565721 0.36796445398506894 5 0.027670171555063638
993 0.4684209288218343 0.3675235342610549 5 0.027670171555063638
994 0.4686069635295625 0.36707563131835114 5 0.027670171555063638
995 0.46914921016483735 0.36660526794057813 5 0.027670171555063638
996 0.46952748726797233 0.3661499831292746 5 0.027670171555063638
997 0.470051196256336 0.3657791778584908 5 0.027670171555063638
998 0.4713867830769467 0.36544196678625396 5 0.027670171555063638
999 0.4719441778259855 0.3651905629695623 5 0.027670171555063638
1000 0.4723235974115517 0.3650036435851992 5 0.027670171555063638
1001 0.4728217595833569 0.3648118215158772 5 0.027670171555063638
1002 0.4740324120725776 0.3644492731238653 5 0.027670171555063638
1003 0.4748370796778315 0.36404284509633844 5 0.027670171555063638
1004 0.4748091087121528 0.36465151733599216 5 0.027685492801771867
1005 0.47531324232426747 0.3642632608018613 5 0.027685492801771867
1006 0.4760694918845155 0.363895849384739 5 0.027685492801771867
1007 0.4764741313095266 0.3635201043139777 5 0.027685492801771867
1008 0.47677905866866405 0.36319163465828874 5 0.027685492801771867
1009 0.47717129476567477 0.36288190918785046 5 0.027685492801771867
1010 0.4770768669237693 0.36352963532481664 5 0.027700831024930747
1011 0.47824156082327385 0.3632024578887473 5 0.027700831024930747
1012 0.4787836579579886 0.3628918799391702 5 0.027700831024930747
1013 0.47927819931471455 0.3626005608130025 5 0.027700831024930747
1014 0.48037961827339026 0.36222004045220835 5 0.027700831024930747
1015 0.48035251380847355 0.36267776788350764 5 0.027716186252771616
1016 0.4808964433660715 0.3622614123690907 5 0.027716186252771616
1017 0.48111300100952337 0.36193407022228885 5 0.027716186252771616
1018 0.4810906174869232 0.36235806308263147 5 0.027731558513588463
1019 0.48157751216205735 0.36191101792305336 5 0.027731558513588463
1020 0.48266533532093103 0.361442071028338 5 0.027731558513588463
1021 0.4828544096017276 0.36124386864646624 5 0.027731558513588463
1022 0.482724101988277 0.36172710422178095 5 0.027746947835738067
1023 0.483054984516046 0.3612593367958042 5 0.027746947835738067
1024 0.4834929655426839 0.3607400225333114 5 0.027746947835738067
1025 0.4834801930901789 0.3611781855215858 5 0.027762354247640196
1026 0.4843446008380835 0.360525921080057 5 0.027762354247640196
1027 0.4843862228472592 0.3608070850213573 5 0.027777777777777776
1028 0.48507994779367697 0.36008738465315093 5 0.027777777777777776
1029 0.48513530740947297 0.36036831082398524 5 0.027793218454697052
1030 0.48593468411955304 0.35976322216939716 5 0.027793218454697052
1031 0.4858962591757707 0.3601052584137022 5 0.027808676307007785
1032 0.4862038785612695 0.3596309739154673 5 0.027808676307007785
1033 0.48611828920110056 0.3600143844837918 5 0.027824151363383415
1034 0.48604206439502917 0.36041475543129076 5 0.027839643652561245
1035 0.48654887849781436 0.35976876156523463 5 0.027839643652561245
1036 0.4865060202201561 0.360163079026349 5 0.027855153203342618
1037 0.48686873528463626 0.3596960849635414 5 0.027855153203342618
1038 0.48684008088214004 0.3599957454956585 5 0.027870680044593088
1039 0.48699815560171744 0.36016438086470987 5 0.02788622420524261
1040 0.48793982546347847 0.3595869103312538 5 0.02788622420524261
1041 0.4879138167677442 0.35987111405422245 5 0.027901785714285712
1042 0.4879284461290544 0.3601272042912344 5 0.02791736460078168
1043 0.4885101935101443 0.35946087533788357 5 0.02791736460078168
1044 0.48853311708030595 0.35972388661720056 5 0.027932960893854747
1045 0.488500889994212 0.3600181532270502 5 0.02794857462269424
1046 0.48851825110707425 0.36027739874081793 5 0.02796420581655481
1047 0.48878593198729525 0.35974832761901887 5 0.02796420581655481
1048 0.4887100336315239 0.3600555356791981 5 0.027979854504756572
1049 0.48859224433209986 0.36038851516684234 5 0.027995520716685325
1050 0.48839860587941064 0.3607308482337221 5 0.028011204481792718
1051 0.4886053673824825 0.36021733370122877 5 0.028011204481792718
1052 0.48849872104660197 0.36049396560326663 5 0.02802690582959641
1053 0.48845853937044764 0.3607350620309072 5 0.028042624789680313
1054 0.4883777186391553 0.36099478281014113 5 0.028058361391694722
1055 0.4882995414629544 0.3612507940521151 5 0.028074115665356537
1056 0.48900221410276457 0.3607006806140403 5 0.028074115665356537
1057 0.48892740441433047 0.36095286221956224 5 0.028089887640449437
1058 0.488872351340531 0.36119768027800747 5 0.028105677346824058
1059 0.48885466182244725 0.3614211743458852 5 0.028121484814398197
1060 0.4892903059470603 0.36081613674742086 5 0.028121484814398197
1061 0.48928983111136565 0.36104204383437877 5 0.028137310073157003
1062 0.4892591066810047 0.3612614425077624 5 0.02815315315315315
1063 0.4892280940232146 0.36147198285758436 5 0.028169014084507043
1064 0.48921539767451605 0.36167008859745536 5 0.02818489289740699
1065 0.48918783419992523 0.3618800084435407 5 0.028200789622109416
1066 0.4892960577101615 0.3614014975571188 5 0.028200789622109416
1067 0.48871764131968376 0.361969304750745 5 0.02821670428893905
1068 0.48729422179389814 0.3631339008442322 5 0.0282326369282891
1069 0.48652628773094825 0.36376873168863505 5 0.02824858757062147
1070 0.4862839391059106 0.3640644165566996 5 0.02826455624646693
1071 0.48650251329434147 0.36349295897589745 5 0.02826455624646693
1072 0.4864968933796249 0.36368944135076375 5 0.028280542986425336
1073 0.48643953383379107 0.3639378036088954 5 0.028296547821165814
1074 0.4864125286836273 0.3640086082392042 5 0.02831257078142695
1075 0.486376803558821 0.3640038320159737 5 0.028328611898016998
1076 0.48640971071394584 0.36395989215935554 5 0.028344671201814057
1077 0.48647952981160725 0.363902810407903 5 0.028360748723766305
1078 0.4865908681762729 0.3638389286281388 5 0.028376844494892164
1079 0.48709895248075974 0.3635662737988128 5 0.02839295854628052
1080 0.4872382838199664 0.3634975248211272 5 0.028409090909090908
1081 0.48728744619366615 0.3634548435583528 5 0.028425241614553724
1082 0.48725760407810625 0.3634394297862873 5 0.02844141069397042
1083 0.48728430820760626 0.3633933808584636 5 0.028457598178713715
1084 0.4873192707959205 0.3633383914864857 5 0.028473804100227786
1085 0.48724413971091296 0.3633756370523102 5 0.02849002849002849
1086 0.48726881624355106 0.3633851140602671 5 0.028506271379703532
1087 0.48730910182200704 0.36342649106037567 5 0.028522532800912718
1088 0.4873591810792656 0.36347109641357384 5 0.028538812785388126
1089 0.48747223976226606 0.363470479657633 5 0.02855511136493432
1090 0.48752392742960976 0.36352052121833217 5 0.02857142857142857
1091 0.4875517537117422 0.36358465277842594 5 0.02858776443682104
1092 0.4875627465685932 0.36365592176982675 5 0.02860411899313501
1093 0.4875707469622596 0.3637163199040029 5 0.028620492272467084
1094 0.4875829828852618 0.36377930538918923 5 0.028636884306987395
1095 0.48761200912891167 0.3638344724285478 5 0.02865329512893983
1096 0.48764897447090405 0.36389109331659275 5 0.0286697247706422
1097 0.4876831829817361 0.36394941064931874 5 0.028686173264486515
1098 0.4877109586107388 0.36401408574381333 5 0.028702640642939148
1099 0.48773773778834106 0.3640830215081513 5 0.028719126938541065
1100 0.48778286214809335 0.3641322092473148 5 0.028735632183908046
1101 0.4878106613988932 0.3641968231084883 5 0.02875215641173088
1102 0.48783045346260073 0.36426742683779867 5 0.028768699654775604
1103 0.48783823114372826 0.3643483618785091 5 0.028785261945883704
1104 0.4878533658036452 0.36442017829867146 5 0.028801843317972347
1105 0.4878709833711231 0.36449184264356943 5 0.02881844380403458
1106 0.4878931085643014 0.3645621861237608 5 0.02883506343713956
1107 0.4879306821276194 0.3646220004184811 5 0.028851702250432775
1108 0.48795532006258835 0.36469214104931175 5 0.028868360277136258
1109 0.4879704786723703 0.36477039390608257 5 0.02888503755054881
1110 0.48797433871183193 0.364848622685343 5 0.028901734104046242
1111 0.48798657194271094 0.3649199482565384 5 0.028918449971081547
1112 0.4880027793281311 0.36498916535946746 5 0.028935185185185182
1113 0.4880235274334536 0.3650577545059374 5 0.028951939779965255
1114 0.48805394349170284 0.36512414017244466 5 0.02896871378910776
1115 0.4880768936367367 0.3651934326370801 5 0.028985507246376812
1116 0.4880969984572864 0.3652619373990903 5 0.029002320185614848
1117 0.4881148652891244 0.365333175632045 5 0.02901915264074289
1118 0.48813327321398825 0.3654033857627686 5 0.02903600464576074
1119 0.4881393255161018 0.36547194662852667 5 0.029052876234747237
1120 0.48816190862581693 0.36553642429977384 5 0.029069767441860465
1121 0.48818608986410406 0.3656082716162756 5 0.029086678301337987
1122 0.48820924363482743 0.36567859738534303 5 0.02910360884749709
1123 0.4882329222933309 0.36575047672665245 5 0.029120559114735
1124 0.48825913768639906 0.3658230089942346 5 0.029137529137529133
1125 0.4882861448527553 0.36589779798673383 5 0.029154518950437316
1126 0.48831269816802025 0.3659712834313333 5 0.029171528588098017
1127 0.48833649422098047 0.366046234206849 5 0.029188558085230586
1128 0.488358432833299 0.36612407976930644 5 0.02920560747663551
1129 0.4883858802634188 0.366191670819544 5 0.02922267679719462
1130 0.48840897225726126 0.3662676974750233 5 0.029239766081871343
1131 0.48843258487755187 0.36634210489877383 5 0.029256875365710942
1132 0.4884467273404617 0.3664293647050017 5 0.029274004683840747
1133 0.48846670069873 0.36650878460851416 5 0.029291154071470413
1134 0.48848649420877416 0.3665872155428091 5 0.029308323563892142
1135 0.4885046103108583 0.36666840376800885 5 0.02932551319648094
1136 0.48852877781295784 0.36674623823153263 5 0.029342723004694836
1137 0.48855187991664817 0.3668243436992074 5 0.02935995302407516
1138 0.488574420775364 0.36690215367963336 5 0.029377203290246765
1139 0.48859502900880153 0.36698201499176364 5 0.02939447383891828
1140 0.48861706442071595 0.3670583901403248 5 0.029411764705882353
1141 0.4886401715259917 0.3671337515742375 5 0.02942907592701589
1142 0.48866368350728073 0.367208413996504 5 0.029446407538280327
1143 0.4886854311767329 0.36729206818931265 5 0.029463759575721858
1144 0.4887090926526912 0.3673676711082206 5 0.029481132075471695
1145 0.4887324413717528 0.36744522622368475 5 0.029498525073746312
1146 0.48875748632842947 0.36751348593229455 5 0.029515938606847696
1147 0.4887783583764397 0.36759546330249243 5 0.029533372711163613
1148 0.48879827675065146 0.3676787059690919 5 0.029550827423167846
1149 0.488819021611872 0.36775910873855155 5 0.029568302779420456
1150 0.48883840613345975 0.36784372320441844 5 0.029585798816568046
1151 0.48885963600183413 0.36792429208527705 5 0.02960331557134399
1152 0.4888819945548761 0.36800500530181485 5 0.029620853080568717
1153 0.48890584961152356 0.3680851289513982 5 0.029638411381149966
1154 0.48892959410098885 0.368166877105656 5 0.02965599051008303
1155 0.4889582409678509 0.3682446867640678 5 0.02967359050445104
1156 0.48898657586198685 0.36832475313643287 5 0.029691211401425176
1157 0.4890129837614561 0.3684071739484643 5 0.029708853238265002
1158 0.4890424613623986 0.368482501442594 5 0.029726516052318665
1159 0.4890665956385719 0.3685644321075101 5 0.029744199881023198
1160 0.48908527433239196 0.36864867397781576 5 0.02976190476190476
1161 0.4890922823523475 0.36874364260599596 5 0.029779630732578916
1162 0.48910916105827773 0.3688268020455388 5 0.02979737783075089
1163 0.48913285274256363 0.3689061040082736 5 0.029815146094215858
1164 0.48916169470774173 0.3689844617264397 5 0.029832935560859183
1165 0.48918250674992414 0.36906402036607205 5 0.029850746268656716
1166 0.489211109523239 0.3691463207450821 5 0.02986857825567503
1167 0.4892714108168974 0.3692036961806614 5 0.029886431560071727
1168 0.4893251229160622 0.3692471839909392 5 0.02990430622009569
1169 0.4888687066081043 0.3696191105401164 5 0.02992220227408737
1170 0.488913390226237 0.36968993930302896 5 0.029940119760479042
1171 0.48910473601688487 0.36961665981731506 5 0.029958058717795086
1172 0.4898121697739596 0.36882809929440985 5 0.029958058717795086
1173 0.489976956240315 0.3687900894996858 5 0.029976019184652276
1174 0.49021097330145186 0.36871614001335157 5 0.029994001199760045
1175 0.4906741750189698 0.36857137855902466 5 0.030012004801920764
1176 0.4916980341656275 0.3681554879562605 5 0.03003003003003003
1177 0.49218816537199334 0.3680481696486207 5 0.03004807692307692
1178 0.4925497490768317 0.367982787247929 5 0.030066145520144315
1179 0.4930865204877148 0.367811885374805 5 0.030084235860409144
1180 0.4933427029825409 0.3678203390826328 5 0.03010234798314268
1181 0.49383325072622525 0.36706580218275564 5 0.03010234798314268
1182 0.4940342693269021 0.36703645272445606 5 0.030120481927710843
1183 0.4941927701376601 0.3670668584502363 5 0.03013863773357444
1184 0.4944345609681119 0.36708137562456544 5 0.030156815440289503
1185 0.4950070836269768 0.36633357910038933 5 0.030156815440289503
1186 0.4950976798290145 0.36637485337122266 5 0.030175015087507542
1187 0.49564163566399716 0.3655836562950069 5 0.030175015087507542
1188 0.4957439501471231 0.3656287204944153 5 0.03019323671497584
1189 0.49579900751843675 0.3657086945478118 5 0.030211480362537766
1190 0.4963343358935058 0.364960965901439 5 0.030211480362537766
1191 0.496380579659494 0.3650397672461342 5 0.03022974607013301
1192 0.4963668801687945 0.3651415255481919 5 0.030248033877797943
1193 0.49662240841069194 0.3645079381990192 5 0.030248033877797943
1194 0.49616209445312515 0.3647708769046233 5 0.030266343825665856
1195 0.4963416855062218 0.3635841602673643 5 0.030266343825665856
1196 0.496219358338785 0.3631264180685485 5 0.030284675953967288
1197 0.4962901673564163 0.362023833699472 5 0.030284675953967288
1198 0.4952967997139255 0.36196162571864765 5 0.030303030303030304
1199 0.49507634562683245 0.3608801530800091 5 0.030303030303030304
1200 0.49502829752425165 0.35970047625788426 5 0.030303030303030304
1201 0.494769524968533 0.35920337109937533 5 0.030321406913280776
1202 0.49490391973515147 0.3579860798624429 5 0.030321406913280776
1203 0.4950265356033724 0.35678480059989165 5 0.030321406913280776
1204 0.494903201915798 0.3563780118878933 5 0.030339805825242715
1205 0.4952523048635259 0.35506732427388943 5 0.030339805825242715
1206 0.49508444984897126 0.3546623790945282 5 0.03035822707953855
1207 0.49544417612743336 0.3534902254389013 5 0.03035822707953855
1208 0.495284825813464 0.35237683722467217 5 0.03035822707953855
1209 0.49514668164606046 0.3511865442444494 5 0.03035822707953855
1210 0.4950232445460059 0.35068262139319034 5 0.030376670716889424
1211 0.494835556182196 0.3495145946585193 5 0.030376670716889424
1212 0.4946020127956866 0.34843045027927044 5 0.030376670716889424
1213 0.4944057826791319 0.34725260162373783 5 0.030376670716889424
1214 0.49438053761715983 0.34605707853213274 5 0.030376670716889424
1215 0.49409530534254875 0.3455703565755973 5 0.030395136778115502
1216 0.494120691735234 0.3443996275151036 5 0.030395136778115502
1217 0.49463248615721983 0.3431724121583854 5 0.030395136778115502
1218 0.4948488477416513 0.34190683187950527 5 0.030395136778115502
1219 0.4947944607916169 0.34087541565718804 5 0.030395136778115502
1220 0.4952533227960031 0.3396939795952113 5 0.030395136778115502
1221 0.4954723911419091 0.33848205738318554 5 0.030395136778115502
1222 0.4956074268696085 0.33729465116164886 5 0.030395136778115502
1223 0.4960139689552886 0.3355264146041589 5 0.030376670716889424
1224 0.49614154431664953 0.3343311581507189 5 0.030376670716889424
1225 0.4962816144575773 0.3332204505442269 5 0.030376670716889424
1226 0.496821009608725 0.33220394174451184 5 0.030376670716889424
1227 0.49705365580839256 0.3308468725945448 5 0.03035822707953855
1228 0.49757646426752206 0.32940138841456135 5 0.030339805825242715
1229 0.4977517119071143 0.32836310318325107 5 0.030339805825242715
1230 0.49807045677247874 0.32702056751299485 5 0.030321406913280776
1231 0.4985067361195371 0.325473692772939 5 0.030303030303030304
1232 0.49995818357715677 0.3235982640081557 5 0.030266343825665856
1233 0.5010171381689357 0.32192449109251087 5 0.03022974607013301
1234 0.5014945263915561 0.32005420806984486 5 0.030175015087507542
1235 0.5021115841937128 0.31813004960794766 5 0.030120481927710843
1236 0.5026933214963168 0.3161330861945051 5 0.03004807692307692
1237 0.5032213627100808 0.31439178985503285 5 0.029994001199760045
1238 0.5038540940937478 0.3124195334647132 5 0.02992220227408737
1239 0.5045191568083444 0.31050246576989504 5 0.029850746268656716
1240 0.5055141252396975 0.3085537582772952 5 0.029779630732578916
1241 0.5060814392711208 0.3066186416566879 5 0.029708853238265002
1242 0.5064502362673651 0.3049458182079542 5 0.02965599051008303
1243 0.5069924848488034 0.3027296300152641 5 0.029568302779420456
1244 0.5078089520568491 0.3007118015998985 5 0.029498525073746312
1245 0.5083741566637234 0.29875007006269305 5 0.02942907592701589
1246 0.5092348291046596 0.29659423085329417 5 0.029342723004694836
1247 0.5102136755001359 0.29465993967161375 5 0.029274004683840747
1248 0.5109020943415349 0.29255781390884306 5 0.029188558085230586
1249 0.511654565039895 0.2906468577784171 5 0.029120559114735
1250 0.5128162795341673 0.2885299867616984 5 0.02903600464576074
1251 0.5135431700967292 0.28664720553212186 5 0.02896871378910776
1252 0.5143670051273017 0.2845691027734656 5 0.02888503755054881
1253 0.5154044053012307 0.28251540252620627 5 0.028801843317972347
1254 0.5161855973519958 0.280456023954426 5 0.028719126938541065
1255 0.5162177310138902 0.27823867723493245 5 0.028636884306987395
1256 0.5167731618460484 0.2752039345535492 5 0.02844141069397042
1257 0.564890898362228 0.26444237654327685 5 0.027056277056277056
1258 0.5909982184403099 0.2577209493505409 5 0.02612330198537095
1259 0.5927602094540845 0.2572482072448804 5 0.026055237102657634
1260 0.5938668251036876 0.2567575039060844 5 0.026001040041601663
1261 0.5947781224366491 0.2564428767954086 5 0.025960539979231565
1262 0.5956190902666687 0.25620528069123305 5 0.02592016588906169
1263 0.5965445240485693 0.25591755486567647 5 0.02587991718426501
1264 0.5973265129519493 0.25561736070918717 5 0.025853154084798345
1265 0.5979603162443812 0.2554501171606885 5 0.025826446280991733
1266 0.5989120905960259 0.2554904329388835 5 0.025786487880350695
1267 0.5996055337475255 0.2551866473799168 5 0.02575991756826378
1268 0.6003161860587778 0.2548475984155429 5 0.025733401955738547
1269 0.6013572537008476 0.2547503882977974 5 0.02569373072970195
1270 0.6020426171680817 0.2547354314257884 5 0.02565418163160595
1271 0.6025766093808306 0.2543783848282267 5 0.025627883136852894
1272 0.603435968726292 0.2542349387010721 5 0.025588536335721595
1273 0.6042453238722751 0.2538880421893288 5 0.025562372188139056
1274 0.6058840560551022 0.25363025259093874 5 0.025510204081632654
1275 0.6093073679922846 0.2529025251185134 5 0.02534211860111505
1276 0.6248425204468302 0.24800059023284654 5 0.024354603019970774
1277 0.6254753165889306 0.2459654226627941 5 0.02431906614785992
1278 0.6270572892470551 0.2439441556119534 5 0.02428363283147159
1279 0.6280516996244114 0.2418669695965488 5 0.02424830261881668
1280 0.6281630093609054 0.23998227471597308 5 0.024236548715462918
1281 0.6277095969537131 0.23775654504095983 5 0.024213075060532687
1282 0.6270629314672354 0.23600194615247622 5 0.024201355275895446
1283 0.6264674685246374 0.23424494949269814 5 0.024189646831156264
1284 0.6257078368158158 0.23197548674611465 5 0.02416626389560174
1285 0.6251205821817953 0.23015251628212058 5 0.024154589371980676
1286 0.6243713994949138 0.2283847953812268 5 0.024142926122646062
1287 0.6239101723561182 0.22662337251936443 5 0.024131274131274128
1288 0.6234230888291308 0.22479805203832193 5 0.024119633381572598
1289 0.6229835784566633 0.2231000757879721 5 0.024108003857280617
1290 0.6222558134638313 0.22144028561971027 5 0.024096385542168676
1291 0.6219099169942782 0.21946333135632196 5 0.024084778420038533
1292 0.6214940610780139 0.21805527304066746 5 0.024084778420038533
1293 0.6208821728875937 0.21626350621187243 5 0.024073182474723155
1294 0.6201126978742248 0.21452398573850587 5 0.02406159769008662
1295 0.6193476263061155 0.2128223880367032 5 0.02405002405002405
1296 0.6190519510338451 0.21160754370234866 5 0.02405002405002405
1297 0.6185978574248889 0.21000171673362122 5 0.02403846153846154
1298 0.618058949332629 0.20834890793808478 5 0.024026910139356077
1299 0.6182459133242101 0.20728930779117585 5 0.024026910139356077
1300 0.6177798263736253 0.20575291443879626 5 0.024015369836695482
1301 0.6177265024333469 0.20467303058544933 5 0.024015369836695482
1302 0.6171616588944027 0.2032337941607117 5 0.02400384061449832
1303 0.6168126120543539 0.20222766217103655 5 0.02400384061449832
1304 0.6158847026601022 0.20096301507094716 5 0.02399232245681382
1305 0.6155583159951215 0.2002259191626916 5 0.02399232245681382
1306 0.6148864273342195 0.19903531419259227 5 0.023980815347721823
1307 0.6144815938551395 0.19820178918364528 5 0.023980815347721823
1308 0.614034590592546 0.19713072496557327 5 0.023969319271332692
1309 0.6136743660725857 0.19658486382421353 5 0.023969319271332692
1310 0.6132854699695144 0.195960336919557 5 0.023969319271332692
1311 0.6128978571867038 0.19512308666491482 5 0.02395783421178725
1312 0.6124949088648421 0.19467392153063517 5 0.02395783421178725
1313 0.6121157039352276 0.19419981433315386 5 0.02395783421178725
1314 0.6114522936339635 0.19355759193763872 5 0.023946360153256702
1315 0.6110203057299692 0.19316748534748282 5 0.023946360153256702
1316 0.6105727320322811 0.19287152765462542 5 0.023946360153256702
1317 0.6101235796543755 0.19265923665133594 5 0.023946360153256702
1318 0.60921814487581 0.19242820649143227 5 0.023934897079942556
1319 0.6087475316825205 0.19232820709263573 5 0.023934897079942556
1320 0.6084895655906849 0.1925241077679947 5 0.023934897079942556
1321 0.6081124615612601 0.19257455442532614 5 0.023934897079942556
1322 0.6078021180658274 0.19266378955599023 5 0.023934897079942556
1323 0.6071989111124301 0.19322336093546225 5 0.023923444976076555
1324 0.6068333157447663 0.1935695890101849 5 0.023923444976076555
1325 0.6065634025858883 0.1939333509684701 5 0.023923444976076555
1326 0.6062017206920983 0.19439514046397768 5 0.023923444976076555
1327 0.6057652273263978 0.1950849333228848 5 0.023923444976076555
1328 0.605499663606101 0.19568953330162048 5 0.023923444976076555
1329 0.6048539585974437 0.19664410340133717 5 0.02391200382592061
1330 0.6043501569495742 0.19730871544908224 5 0.02391200382592061
1331 0.603961172308433 0.198092394267198 5 0.02391200382592061
1332 0.6035931390571805 0.1988832916761189 5 0.02391200382592061
1333 0.603219843763583 0.19977412785136872 5 0.02391200382592061
1334 0.6025232776696516 0.2005247343054973 5 0.02391200382592061
1335 0.6021120893105105 0.2014958973760339 5 0.02391200382592061
1336 0.6017664181699427 0.20245945126350287 5 0.02391200382592061
1337 0.6012030719078159 0.20397659563393827 5 0.02390057361376673
1338 0.6005273960958343 0.20484946340427657 5 0.02390057361376673
1339 0.5999415340486098 0.20599391646369844 5 0.02390057361376673
1340 0.5995512561466974 0.20719033170381077 5 0.02390057361376673
1341 0.5990226540081287 0.20812835564000318 5 0.02390057361376673
1342 0.5986339456612955 0.20937646118704514 5 0.02390057361376673
1343 0.5981552649398719 0.21067509772771298 5 0.02390057361376673
1344 0.5978415407676108 0.21200422559092508 5 0.02390057361376673
1345 0.5976411897376241 0.2133354471381846 5 0.02390057361376673
1346 0.5973723904147495 0.2147536126060646 5 0.02390057361376673
1347 0.5972429944475144 0.21622066684243388 5 0.02390057361376673
1348 0.5969662298179804 0.217744104725672 5 0.02390057361376673
1349 0.5968349818501443 0.21948551660723942 5 0.02390057361376673
1350 0.5967907172319894 0.22113470565717858 5 0.02390057361376673
1351 0.5965322909868942 0.22281166328892327 5 0.02390057361376673
1352 0.5962100108200177 0.22464996309350646 5 0.02390057361376673
1353 0.5958923973373618 0.2264521581098863 5 0.02390057361376673
1354 0.5956802763338593 0.22827318731009597 5 0.02390057361376673
1355 0.595318985230222 0.23016814236927777 5 0.02390057361376673
1356 0.5949062139429102 0.2320664218380744 5 0.02390057361376673
1357 0.5946397714529827 0.23405713071919326 5 0.02390057361376673
1358 0.5943550814950789 0.23608150187315685 5 0.02390057361376673
1359 0.5940680305260847 0.23811604094563768 5 0.02390057361376673
1360 0.5938009007002832 0.24017696703189007 5 0.02390057361376673
1361 0.5935942501995181 0.2422591424297515 5 0.02390057361376673
1362 0.5933149326738009 0.2443615476140633 5 0.02390057361376673
1363 0.5928309371062882 0.2475891146504851 5 0.023889154323936932
1364 0.5925012572439966 0.24986314678723143 5 0.023889154323936932
1365 0.5922020103784091 0.252144857131157 5 0.023889154323936932
1366 0.5919310646246869 0.25431028864450955 5 0.023889154323936932
1367 0.5915865476444397 0.25660587789771505 5 0.023889154323936932
1368 0.5913552243266084 0.2589274800541369 5 0.023889154323936932
1369 0.5911659629173404 0.2612654465607314 5 0.023889154323936932
1370 0.5910665528408172 0.26373015564534164 5 0.023889154323936932
1371 0.5909249957340774 0.2661301060225233 5 0.023889154323936932
1372 0.5907648791350117 0.2685510083888595 5 0.023889154323936932
1373 0.5906084501660691 0.27103403944417753 5 0.023889154323936932
1374 0.5905815016152354 0.2736807203601361 5 0.023889154323936932
1375 0.5904639466523576 0.2762071754085212 5 0.023889154323936932
1376 0.590328190803551 0.27864944635945726 5 0.023889154323936932
1377 0.5901190258951142 0.2811480977447846 5 0.023889154323936932
1378 0.5898196140157831 0.2837475789144591 5 0.023889154323936932
1379 0.5896151908548566 0.2863125368784645 5 0.023889154323936932
1380 0.5894000408320139 0.28890225794335433 5 0.023889154323936932
1381 0.5890534666505033 0.2915546505312861 5 0.023889154323936932
1382 0.5888501892593296 0.29421390192586666 5 0.023889154323936932
1383 0.5887424633876008 0.295383280727037 5 0.02390057361376673
1384 0.5885573381400798 0.2980313357294277 5 0.02390057361376673
1385 0.5883538026039722 0.3007096333094893 5 0.02390057361376673
1386 0.5881483000439092 0.303406991390988 5 0.02390057361376673
1387 0.5879737020485324 0.3060815172535501 5 0.02390057361376673
1388 0.5880268215756088 0.3088627161644689 5 0.02390057361376673
1389 0.5878629493259951 0.31172831317118 5 0.02390057361376673
1390 0.5876336283874692 0.31460244971874646 5 0.02390057361376673
1391 0.5874278773589409 0.31748031919751746 5 0.02390057361376673
1392 0.5875379891118526 0.3204190412605724 5 0.02390057361376673
1393 0.5873447417772998 0.32335410056338165 5 0.02390057361376673
1394 0.5871024043529778 0.32628322174844493 5 0.02390057361376673
1395 0.5870928458663777 0.3291739781411587 5 0.02390057361376673
1396 0.5867525254257904 0.33212336651724833 5 0.02390057361376673
1397 0.5862228561600514 0.33666836415065987 5 0.023889154323936932
1398 0.5857959613853458 0.33966172309525244 5 0.023889154323936932
1399 0.5856837002736418 0.3426817459709507 5 0.023889154323936932
1400 0.5854315001279043 0.34567666330567043 5 0.023889154323936932
1401 0.5851282145585568 0.3486812246853824 5 0.023889154323936932
1402 0.5847507138588599 0.3517019194232521 5 0.023889154323936932
1403 0.584463946362227 0.354781270215409 5 0.023889154323936932
1404 0.5841961824793304 0.35779585447830703 5 0.023889154323936932
1405 0.5840709727325131 0.36082610063640586 5 0.023889154323936932
1406 0.5837965151001709 0.3638980878150364 5 0.023889154323936932
1407 0.583389142990691 0.3670109576653038 5 0.023889154323936932
1408 0.5830137446645295 0.3701274435822156 5 0.023889154323936932
1409 0.5828546145416433 0.3732535763897575 5 0.023889154323936932
1410 0.5825358466893742 0.3763139721077009 5 0.023889154323936932
1411 0.5821061034693189 0.3794928186773855 5 0.023889154323936932
1412 0.5816408782855136 0.3827245527228802 5 0.023889154323936932
1413 0.581295732661917 0.3859614531071792 5 0.023889154323936932
1414 0.5813009766406367 0.3875468907301375 5 0.02390057361376673
1415 0.5807941875191452 0.39078798486647826 5 0.02390057361376673
1416 0.58020355962711 0.39400731059554717 5 0.02390057361376673
1417 0.5797453043787817 0.3972345525163622 5 0.02390057361376673
1418 0.5792947427407512 0.4005029230440549 5 0.02390057361376673
1419 0.5787091413236249 0.40374175383379696 5 0.02390057361376673
1420 0.5781609199154342 0.40699917899383015 5 0.02390057361376673
1421 0.5775343646265643 0.41029897926330305 5 0.02390057361376673
1422 0.5769069014900119 0.4136025403736234 5 0.02390057361376673
1423 0.5762746465899633 0.41690556846989135 5 0.02390057361376673
1424 0.5756609723957337 0.4201864779522193 5 0.02390057361376673
1425 0.5749740362597529 0.4234272025776272 5 0.02390057361376673
1426 0.5743470271604693 0.4267032422946964 5 0.02390057361376673
1427 0.5737653219748031 0.42998349320747364 5 0.02390057361376673
1428 0.5731564305875705 0.43330016999567605 5 0.02390057361376673
1429 0.5725353869706479 0.43668715183017975 5 0.02390057361376673
1430 0.5719899499827859 0.4399968915832361 5 0.02390057361376673
1431 0.5715909818916179 0.44329763140610695 5 0.02390057361376673
1432 0.5710010386475871 0.4466806516121135 5 0.02390057361376673
1433 0.5704702187358194 0.449982170564229 5 0.02390057361376673
1434 0.5702273552593456 0.453264597551736 5 0.02390057361376673
1435 0.5697170837014022 0.4565584246307692 5 0.02390057361376673
1436 0.5689750901850797 0.4599254707804084 5 0.02390057361376673
1437 0.5683633837168383 0.46329334279231366 5 0.02390057361376673
1438 0.5680734442144365 0.4666677627205657 5 0.02390057361376673
1439 0.5675053217056988 0.4700513671556986 5 0.02390057361376673
1440 0.5668971533810303 0.47343294521017637 5 0.02390057361376673
1441 0.5663185724459753 0.4768285226713663 5 0.02390057361376673
1442 0.5658948713699382 0.4802663231266672 5 0.02390057361376673
1443 0.5651919287234715 0.4836893227633962 5 0.02390057361376673
1444 0.5645358485093726 0.487169484096468 5 0.02390057361376673
1445 0.5639717924394655 0.4906731387837116 5 0.02390057361376673
1446 0.5633687798842751 0.4941825782266961 5 0.02390057361376673
1447 0.5627938239805532 0.49767875876788625 5 0.02390057361376673
1448 0.5622819551463419 0.5010815225604277 5 0.02390057361376673
1449 0.5617905725645191 0.5044914124011667 5 0.02390057361376673
1450 0.5615090276239834 0.5079372586861193 5 0.02390057361376673
1451 0.5610863787363126 0.5113377954548157 5 0.02390057361376673
1452 0.5606239314662887 0.5147244884549684 5 0.02390057361376673
1453 0.5601791889283033 0.5181206871701077 5 0.02390057361376673
1454 0.5599720230585407 0.5216186272108808 5 0.02390057361376673
1455 0.5596743549122187 0.5249237005641934 5 0.02390057361376673
1456 0.5594854810338639 0.5282139403265818 5 0.02390057361376673
1457 0.5591750238755911 0.531713539287121 5 0.02390057361376673
1458 0.5589296733660719 0.5350402557467269 5 0.02390057361376673
1459 0.558766865014406 0.538327319535173 5 0.02390057361376673
1460 0.5583289589024247 0.5434599443307928 5 0.023889154323936932
1461 0.5580402813596794 0.5468006704652121 5 0.023889154323936932
1462 0.557807048350589 0.550130703477582 5 0.023889154323936932
1463 0.5575820189659586 0.5534456395864059 5 0.023889154323936932
1464 0.5572947150495533 0.5567573491477835 5 0.023889154323936932
1465 0.556814351284427 0.5602157818456375 5 0.023889154323936932
1466 0.5565329534630492 0.563655565395106 5 0.023889154323936932
1467 0.5562746664193872 0.5670944840094815 5 0.023889154323936932
1468 0.5559545225694261 0.5707563144274678 5 0.023889154323936932
1469 0.5558245842550134 0.5723583400117593 5 0.02390057361376673
1470 0.5556693721789363 0.5757869143080101 5 0.02390057361376673
1471 0.5556200336153299 0.5793908524856344 5 0.02390057361376673
1472 0.5554998395014457 0.5828907490480562 5 0.02390057361376673
1473 0.5553524759899647 0.586381434605892 5 0.02390057361376673
1474 0.5552410888636226 0.5898546957007026 5 0.02390057361376673
1475 0.5551199214607319 0.5933301876589012 5 0.02390057361376673
1476 0.5550646106282799 0.596967718956625 5 0.02390057361376673
1477 0.5549625080145419 0.60048851580365 5 0.02390057361376673
1478 0.5548125566225919 0.6039556714093135 5 0.02390057361376673
1479 0.5546560457484411 0.6074149186755303 5 0.02390057361376673
1480 0.5543359204556888 0.6108704859051522 5 0.02390057361376673
1481 0.5539683538699405 0.6143360199948569 5 0.02390057361376673
1482 0.5535865625076107 0.6177447863498686 5 0.02390057361376673
1483 0.5531609576985497 0.6212367033607904 5 0.02390057361376673
1484 0.5528338406883103 0.6246642552913809 5 0.02390057361376673
1485 0.5524830752920302 0.6280759850262516 5 0.02390057361376673
1486 0.5521763851238503 0.6314186599446723 5 0.02390057361376673
1487 0.551770967420228 0.634876668408656 5 0.02390057361376673
1488 0.5513759625885392 0.6383325667039694 5 0.02390057361376673
1489 0.550968197471632 0.6417609671847286 5 0.02390057361376673
1490 0.5506861235842044 0.6450952239270749 5 0.02390057361376673
1491 0.5503207187766068 0.6485236273873857 5 0.02390057361376673
1492 0.5498496959765959 0.6519432557728434 5 0.02390057361376673
1493 0.5494444238385863 0.6553238937839639 5 0.02390057361376673
1494 0.5490763811780208 0.6586820636414685 5 0.02390057361376673
1495 0.5485868779407974 0.6620137535175611 5 0.02390057361376673
1496 0.5480862754966621 0.6653039864219665 5 0.02390057361376673
1497 0.5477424833044242 0.6685731694626803 5 0.02390057361376673
1498 0.547222279587551 0.6718208619603109 5 0.02390057361376673
1499 0.5469118499877846 0.6732775526502109 5 0.02391200382592061
1500 0.5461704979303322 0.6766471138267969 5 0.02391200382592061
1501 0.5455537401557671 0.6798763048424138 5 0.02391200382592061
1502 0.5453614945496594 0.6830680600760226 5 0.02391200382592061
1503 0.5449387525211686 0.6862753655956297 5 0.02391200382592061
1504 0.5443685079774718 0.6896818135843754 5 0.02391200382592061
1505 0.5438756921424479 0.6929177053406457 5 0.02391200382592061
1506 0.5436772422124928 0.6944049569871396 5 0.023923444976076555
1507 0.5432566776945306 0.6979154293203647 5 0.023923444976076555
1508 0.54282926668168 0.7011013032625117 5 0.023923444976076555
1509 0.5426149078030864 0.7040961468972669 5 0.023923444976076555
1510 0.5425583391825557 0.7053013956113632 5 0.023934897079942556
1511 0.5425731844071542 0.7082686606070757 5 0.023934897079942556
1512 0.5422511491069907 0.7112948973821838 5 0.023934897079942556
1513 0.5420803358636459 0.7125531425096892 5 0.023946360153256702
1514 0.541781352981365 0.7155894391375782 5 0.023946360153256702
1515 0.5421646307020339 0.7185739955683268 5 0.023946360153256702
1516 0.5420637728316718 0.7215866623559652 5 0.023946360153256702
1517 0.5419636022697508 0.72280998751633 5 0.02395783421178725
1518 0.5419081136443578 0.7258537402952715 5 0.02395783421178725
1519 0.5416941362294021 0.7290502704881103 5 0.02395783421178725
1520 0.5416600215621512 0.7299394440157061 5 0.023969319271332692
1521 0.5416234320995004 0.7307172407863015 5 0.023980815347721823
1522 0.541648779532669 0.7346692030716239 5 0.023980815347721823
1523 0.5416421907962788 0.7354454960979976 5 0.02399232245681382
1524 0.541632804000392 0.7361941283204101 5 0.02400384061449832
1525 0.5413249584563876 0.7401077272920112 5 0.02400384061449832
1526 0.5412880830098039 0.7408917927750434 5 0.024015369836695482
1527 0.5413124264169085 0.7416478818661985 5 0.024026910139356077
1528 0.5413152772074616 0.7424498428781179 5 0.02403846153846154
1529 0.5410053852092893 0.7464354994366462 5 0.02403846153846154
1530 0.5410541673911908 0.7472387090006805 5 0.02405002405002405
1531 0.5411278973307051 0.74800604857534 5 0.02406159769008662
1532 0.541004696553135 0.7488569542365486 5 0.024073182474723155
1533 0.5407452314897537 0.7524835298180355 5 0.024073182474723155
1534 0.5407414422639275 0.7530632880779627 5 0.024084778420038533
1535 0.5406871265649879 0.7536508807480187 5 0.024096385542168676
1536 0.5406172343517937 0.7543830858512713 5 0.024108003857280617
1537 0.5405067385553051 0.7550459809720725 5 0.024119633381572598
1538 0.5403677688538228 0.7586939004789464 5 0.024119633381572598
1539 0.5402332850628169 0.7592997397169562 5 0.024131274131274128
1540 0.5401500497178933 0.7598561051910335 5 0.024142926122646062
1541 0.5399615634255984 0.7604549714412241 5 0.024154589371980676
1542 0.5397774950905949 0.7610654377031632 5 0.02416626389560174
1543 0.539447986808839 0.7646611125727797 5 0.02416626389560174
1544 0.5393521601681034 0.7651683007043127 5 0.024177949709864602
1545 0.5390643152940694 0.7656842733515854 5 0.024189646831156264
1546 0.5387630270629982 0.766215963532543 5 0.024201355275895446
1547 0.5385016128402296 0.7667269768229061 5 0.024213075060532687
1548 0.5382369350526327 0.7672681175485762 5 0.024224806201550386
1549 0.5378673070193505 0.7708187377813435 5 0.024224806201550386
1550 0.5376660855887516 0.7713711083249 5 0.024236548715462918
1551 0.5374806221873194 0.7719414527691199 5 0.02424830261881668
1552 0.5373122567671643 0.7724867677633214 5 0.024260067928190195
1553 0.5371703581266674 0.7730340282427959 5 0.024271844660194174
1554 0.5370476499245981 0.7736189823242051 5 0.02428363283147159
1555 0.5367675879337336 0.7771508874891311 5 0.02428363283147159
1556 0.5366935347123168 0.777611680507986 5 0.024295432458697763
1557 0.5366705047537814 0.7780203301280295 5 0.024307243558580455
1558 0.5366040648798519 0.778492152166333 5 0.02431906614785992
1559 0.5365934309598039 0.7788886303079818 5 0.024330900243309004
1560 0.536577310428589 0.7792561655370098 5 0.0243427458617332
1561 0.5365172126845419 0.7796650180694403 5 0.024354603019970774
1562 0.5364704464634562 0.7800428256690302 5 0.024366471734892786
1563 0.5362764565871101 0.7833905617350475 5 0.024366471734892786
1564 0.5362120835962545 0.7837270403989494 5 0.024378352023403216
1565 0.5360894525814395 0.7841098252121592 5 0.024390243902439025
1566 0.5360020494503273 0.7844646135574702 5 0.02440214738897023
1567 0.5359521506097294 0.7848126774908656 5 0.0244140625
1568 0.535850433605567 0.7851363234310758 5 0.024425989252564728
1569 0.5356715724673113 0.7854793205611631 5 0.02443792766373411
1570 0.5354991810156852 0.785814959299407 5 0.02444987775061125
1571 0.5351892875957136 0.7891698247454519 5 0.02444987775061125
1572 0.5350116572299504 0.7895764890507875 5 0.02446183953033268
1573 0.534879724883025 0.7899491021287114 5 0.024473813020068524
1574 0.5347732426395895 0.7903211139578963 5 0.024485798237022526
1575 0.5346857910329252 0.7907014801358 5 0.024497795198432138
1576 0.5346186621490092 0.7911133419563385 5 0.024509803921568627
1577 0.5345315504101051 0.7914913432220849 5 0.024521824423737126
1578 0.5344257570192922 0.7918565261881927 5 0.02453385672227674
1579 0.5343128971808577 0.7922206438288072 5 0.024545900834560628
1580 0.5342377441565213 0.7925691666186262 5 0.02455795677799607
1581 0.5342000428475846 0.7928190059987796 5 0.02457002457002457
1582 0.5339708013021622 0.796075831134544 5 0.02457002457002457
1583 0.5340597373551358 0.7963184179214969 5 0.024582104228121928
1584 0.5340238025946193 0.7965724520562497 5 0.024594195769798325
1585 0.5339432975459476 0.796827153626905 5 0.024606299212598423
1586 0.5339011609426558 0.7970722155786603 5 0.024618414574101424
1587 0.5342186815615735 0.7972866659078905 5 0.024630541871921183
1588 0.5341937096420726 0.797526080885639 5 0.02464268112370626
1589 0.5340458469374851 0.7977514157081741 5 0.024654832347140037
1590 0.5338848050899239 0.7979431358560319 5 0.024666995559940796
1591 0.533743748194307 0.7981889917561528 5 0.024679170779861793
1592 0.5335837840696214 0.7984667122294862 5 0.024691358024691357
1593 0.5332657257439388 0.7987551616061761 5 0.024703557312252964
1594 0.5326341005303896 0.79903702344336 5 0.024715768660405337
1595 0.532286930358071 0.7993354790575123 5 0.02472799208704253
1596 0.5320916652112694 0.8021489116739989 5 0.02472799208704253
1597 0.5319448573199285 0.8024614518205956 5 0.02474022761009401
1598 0.5319330402055803 0.8027669664761063 5 0.024752475247524754
1599 0.5318239537154981 0.8030783087243867 5 0.024764735017335313
1600 0.5317237256027212 0.8034059900647789 5 0.024777006937561942
1601 0.5317372109902968 0.8037438649982034 5 0.024789291026276646
1602 0.5316524845802455 0.8040638108891052 5 0.0248015873015873
1603 0.5315208566721503 0.8043758636847705 5 0.02481389578163772
1604 0.5313827101936641 0.8046912355766874 5 0.024826216484607744
1605 0.5312450576629419 0.8050099506678624 5 0.02483854942871336
1606 0.5311656308881488 0.8053078316204563 5 0.024850894632206758
1607 0.5310906732436746 0.805576196323077 5 0.024863252113376425
1608 0.5307543387796223 0.8064058709515305 5 0.024863252113376425
1609 0.5305804513060127 0.8066694392931403 5 0.024875621890547265
1610 0.5301472907893817 0.8074967627376122 5 0.024875621890547265
1611 0.5299986218902515 0.8077320275136401 5 0.024888003982080638
1612 0.5298254834037899 0.8085668815645493 5 0.024888003982080638
1613 0.5295148553111816 0.8093874516936903 5 0.024888003982080638
1614 0.5293604046053985 0.809624232763414 5 0.0249003984063745
1615 0.5289181387715066 0.8104657218032454 5 0.0249003984063745
1616 0.5287396214830282 0.8107353556063982 5 0.024912805181863475
1617 0.5284961727341234 0.8116481195496249 5 0.024912805181863475
1618 0.528211849611997 0.8125484160133614 5 0.024912805181863475
1619 0.5281016086954344 0.8128956017371541 5 0.02492522432701894
1620 0.5277835597670705 0.813809065809297 5 0.02492522432701894
1621 0.5276310182172748 0.8141689805938352 5 0.02493765586034913
1622 0.5277532246159958 0.815121741570471 5 0.02493765586034913
1623 0.5275535125071282 0.8160902085293007 5 0.02493765586034913
1624 0.5274041216614826 0.8164839719688558 5 0.0249500998003992
1625 0.5272536683285388 0.8174476798084968 5 0.0249500998003992
1626 0.5272071949510876 0.818544652569513 5 0.0249500998003992
1627 0.5271188474486642 0.8189321081378275 5 0.02496255616575137
1628 0.5270025765911323 0.8192889630883554 5 0.024975024975024972
1629 0.5268616216675359 0.8212742691531902 5 0.024975024975024972
1630 0.5270676744570632 0.8215568582808107 5 0.02498750624687656
1631 0.5271077795781773 0.8218399748285791 5 0.025
1632 0.52708318440713 0.8220973706489982 5 0.02501250625312656
1633 0.5270187574158726 0.8223195550376434 5 0.025025025025025023
1634 0.5269037431434422 0.8225472562733437 5 0.02503755633450175
1635 0.5268026027957469 0.8227763795468631 5 0.0250501002004008
1636 0.526721897902372 0.8247158953699794 5 0.0250501002004008
1637 0.5265178547744214 0.8249602075323497 5 0.02506265664160401
1638 0.5264084338970159 0.8252122626468432 5 0.025075225677031094
1639 0.5263440935762331 0.8254835107342855 5 0.025087807325639738
1640 0.5262672803428494 0.8257624550420573 5 0.0251004016064257
1641 0.5259736870531236 0.8260615266646321 5 0.0251130085384229
1642 0.5258076748543823 0.8263806691670765 5 0.02512562814070352
1643 0.5257127154259992 0.8267171876017254 5 0.02513826043237808
1644 0.5256850367021768 0.8287765432199405 5 0.02513826043237808
1645 0.5256278500175566 0.829107641162939 5 0.02515090543259557
1646 0.5255383553358225 0.8294243356692018 5 0.02516356316054353
1647 0.5254454341573394 0.8297406960304601 5 0.025176233635448134
1648 0.5254180976987667 0.8300657480828381 5 0.02518891687657431
1649 0.525332403089852 0.8303831838076583 5 0.025201612903225805
1650 0.5252257508888898 0.8306954986001527 5 0.025214321734745335
1651 0.5251089414281719 0.8310059615083529 5 0.02522704339051463
1652 0.5248979332909609 0.8330154622691343 5 0.02522704339051463
1653 0.5248324271888716 0.8332915382981719 5 0.025239777889954566
1654 0.5247639578577784 0.8335686438530324 5 0.025252525252525252
1655 0.524698855574055 0.8338467723459011 5 0.025265285497726123
1656 0.5246363880588791 0.8341217802757536 5 0.025278058645096056
1657 0.524575690025524 0.8343949620729841 5 0.025290844714213452
1658 0.5245161802150852 0.8346699653130646 5 0.025303643724696352
1659 0.5244451072367177 0.8349482486817884 5 0.02531645569620253
1660 0.5242018910192984 0.8369133929106933 5 0.02531645569620253
1661 0.5241405006359345 0.8371633267542181 5 0.025329280648429583
1662 0.5241292020682391 0.8374240127271492 5 0.02534211860111505
1663 0.5240558524105505 0.8376787949588355 5 0.025354969574036507
1664 0.5239532556691902 0.8379305103458325 5 0.025367833587011668
1665 0.5237352806141023 0.8381977287556381 5 0.025380710659898477
1666 0.5235753640529129 0.8384795444085658 5 0.025393600812595226
1667 0.5232718566348865 0.8404769399708384 5 0.025393600812595226
1668 0.5231563959496668 0.8407726179361216 5 0.02540650406504065
1669 0.5230180226757379 0.8410624945747852 5 0.02541942043721403
1670 0.522780689469144 0.8413558767476752 5 0.025432349949135298
1671 0.5226220848547516 0.841655037743992 5 0.02544529262086514
1672 0.522497660001352 0.8419737965723101 5 0.02545824847250509
1673 0.5223694050255328 0.8423010662574345 5 0.025471217524197655
1674 0.5222622010543928 0.8426197034699525 5 0.0254841997961264
1675 0.5219214828406888 0.8446398726565615 5 0.0254841997961264
1676 0.5217853651496298 0.8449594722644858 5 0.02549719530851606
1677 0.5217320601065325 0.8452403647837056 5 0.025510204081632654
1678 0.5216868476272234 0.8455052545844136 5 0.02552322613578356
1679 0.5216506330556558 0.8457694864358831 5 0.025536261491317668
1680 0.5217328922865446 0.8460423574705839 5 0.025549310168625446
1681 0.5217300493061149 0.8463082981514874 5 0.025562372188139056
1682 0.5216994616063615 0.8465716693463448 5 0.02557544757033248
1683 0.5212219644802565 0.8485426288980324 5 0.02557544757033248
1684 0.521203969610103 0.8488105286643698 5 0.025588536335721595
1685 0.5211761955969691 0.8490749278291568 5 0.02560163850486431
1686 0.5211156055610395 0.8493442914905455 5 0.025614754098360653
1687 0.5208991785078682 0.8496224834218395 5 0.025627883136852894
1688 0.5208172514442413 0.8498909045661189 5 0.02564102564102564
1689 0.5207455493185197 0.8501543476513984 5 0.02565418163160595
1690 0.5206740285564215 0.8504193142165029 5 0.02566735112936345
1691 0.5204275681268011 0.8523935472339081 5 0.02566735112936345
1692 0.5203578769196697 0.8526695638577321 5 0.025680534155110422
1693 0.5202762252346389 0.8529465045794616 5 0.02569373072970195
1694 0.5201962382278151 0.8532237657564302 5 0.02570694087403599
1695 0.5201356375865684 0.853499021659976 5 0.0257201646090535
1696 0.5200665605881138 0.8537725159801168 5 0.025733401955738547
1697 0.5199960845698663 0.8540456904467714 5 0.025746652935118432
1698 0.5199099035287834 0.8543228493534111 5 0.02575991756826378
1699 0.5198502253221225 0.8545890309652785 5 0.02577319587628866
1700 0.5195568624643438 0.8565468499048962 5 0.02577319587628866
1701 0.5194532829823592 0.8568141932513622 5 0.025786487880350695
1702 0.5193807723870135 0.8570827863079069 5 0.025799793601651185
1703 0.5193279026616853 0.8573483864109475 5 0.025813113061435206
1704 0.5192724817973072 0.8576077561752434 5 0.025826446280991733
1705 0.5191991250868291 0.8578667978781984 5 0.025839793281653745
1706 0.5191302047013859 0.858130628442843 5 0.025853154084798345
1707 0.5190745373059615 0.8583978132549988 5 0.02586652871184687
1708 0.5187240807176502 0.8603608657575343 5 0.02586652871184687
1709 0.5186801633776881 0.8606268893656346 5 0.02587991718426501
1710 0.5186247786668652 0.8608941229111892 5 0.025893319523562917
1711 0.5185691767919759 0.8611665761952529 5 0.025906735751295335
1712 0.5185143543970262 0.8614458499952278 5 0.02592016588906169
1713 0.5184549343631801 0.8617154775428066 5 0.025933609958506222
1714 0.5183931404968706 0.8619760513514834 5 0.025947067981318107
1715 0.5183248283217341 0.862229729861216 5 0.025960539979231565
1716 0.5182546062653164 0.8624894034140274 5 0.025974025974025976
1717 0.5180931931177152 0.864451740676693 5 0.025974025974025976
1718 0.5180000315818617 0.864714366830054 5 0.025987525987525985
1719 0.5178954395639843 0.8649758733909456 5 0.026001040041601663
1720 0.517727594279971 0.8652344392126059 5 0.026014568158168574
1721 0.5176159408460975 0.8654920324600462 5 0.02602811035918792
1722 0.5175264834093631 0.8657454090845468 5 0.026041666666666668
1723 0.5174388032875749 0.8660052513281918 5 0.026055237102657634
1724 0.5173478175356682 0.8662622559254445 5 0.026068821689259645
1725 0.5172628961827764 0.8665146154033913 5 0.026082420448617628
1726 0.517154765839719 0.868235215550647 5 0.026082420448617628
1727 0.5170277940473487 0.8684861662955429 5 0.026096033402922752
1728 0.5169429123061815 0.8687342438369094 5 0.02610966057441253
1729 0.516873675494846 0.8689788524220374 5 0.02612330198537095
1730 0.5168188742098602 0.8692287463924864 5 0.026136957658128592
1731 0.5167501691155095 0.8694735052264353 5 0.02615062761506276
1732 0.5166791058470146 0.8697191494569086 5 0.02616431187859759
1733 0.5166117358606983 0.8699660369962208 5 0.02617801047120419
1734 0.5165035413571439 0.871668048375526 5 0.02617801047120419
1735 0.516443075039849 0.8719115265217943 5 0.02619172341540073
1736 0.5163826870014672 0.8721493414130524 5 0.02620545073375262
1737 0.5163222981109986 0.8723891861447877 5 0.026219192448872573
1738 0.5162558012059366 0.8726220655750143 5 0.026232948583420772
1739 0.5161916428104605 0.8728498162592728 5 0.026246719160104987
1740 0.5161205343708898 0.8730721188355265 5 0.026260504201680673
1741 0.5160287454672152 0.8732969601125378 5 0.02627430373095113
1742 0.5159465286290867 0.8735205073601012 5 0.02628811777076761
1743 0.5158653768268673 0.875226338911042 5 0.02628811777076761
1744 0.5158155603764032 0.8754969249833386 5 0.026301946344029454
1745 0.5157869827779556 0.8757432943993365 5 0.02631578947368421
1746 0.5157600255240988 0.8760003128042237 5 0.02632964718272775
1747 0.5157026268075653 0.8762467228233728 5 0.026343519494204423
1748 0.5156587832065994 0.8764984667690531 5 0.026357406431207167
1749 0.515801706433095 0.8766952843334129 5 0.026371308016877634
1750 0.5158809868892552 0.8768089424216037 5 0.026385224274406333
1751 0.5159181533948712 0.8769033490497421 5 0.026399155227032733
1752 0.5159661632658044 0.8770156107314578 5 0.026413100898045428
1753 0.5159723960883997 0.8771068435231559 5 0.02642706131078224
1754 0.5159800166930938 0.8771936481117455 5 0.026441036488630353
1755 0.5160066769016715 0.877278643176487 5 0.026455026455026454
1756 0.5161250955293898 0.8788522147375751 5 0.026455026455026454
1757 0.5161429474658457 0.8789344480038922 5 0.026469031233456855
1758 0.5161089948332053 0.8790137685350802 5 0.026483050847457626
1759 0.5160032506250946 0.8790817079947233 5 0.02649708532061473
1760 0.5159611516428962 0.8791653986594167 5 0.026511134676564154
1761 0.5158959990716008 0.8792449304222074 5 0.026525198938992044
1762 0.5158040088394596 0.879321214069974 5 0.026539278131634817
1763 0.5156978321382313 0.879391521536733 5 0.02655337227827934
1764 0.5156085447345162 0.8794650411738179 5 0.026567481402763014
1765 0.5155131428656411 0.8795353489783769 5 0.026581605528973946
1766 0.5153809195955681 0.8796042226866705 5 0.026595744680851064
1767 0.5152762817190689 0.8796732693808469 5 0.026609898882384245
1768 0.5151801712835384 0.8797415486252774 5 0.02662406815761448
1769 0.5150870046349257 0.8798087871599212 5 0.02663825253063399
1770 0.5150016750537554 0.8798774869040207 5 0.02665245202558635
1771 0.5149066188844499 0.879943412221462 5 0.02666666666666667
1772 0.5148087108569637 0.8800088699684798 5 0.026680896478121663
1773 0.5147130886003625 0.880074662720226 5 0.026695141484249865
1774 0.514624166378826 0.8801415936116352 5 0.026709401709401708
1775 0.5145311973618176 0.8802050453687974 5 0.026723677177979688
1776 0.5144347843775592 0.8802656031226055 5 0.026737967914438502
1777 0.5143394203934396 0.8803263511732122 5 0.02675227394328518
1778 0.5142404867574994 0.880385444000232 5 0.026766595289079226
1779 0.5141409601863607 0.880444573790084 5 0.026780931976432776
1780 0.5140449276489212 0.88050273082825 5 0.026795284030010715
1781 0.5139420718912986 0.8805641663352255 5 0.02680965147453083
1782 0.5138420391429686 0.8806221160229549 5 0.02682403433476395
1783 0.513745460594644 0.8806784282535499 5 0.026838432635534083
1784 0.5136492865761492 0.8807348967187829 5 0.026852846401718578
1785 0.5135602087170367 0.8807928941610383 5 0.02686727565824825
1786 0.5134714115366561 0.8808464819711549 5 0.026881720430107527
1787 0.5133788745277317 0.8808992622554959 5 0.02689618074233459
1788 0.513286854883897 0.8809537907811104 5 0.026910656620021525
1789 0.5131912208472974 0.881005624076777 5 0.026925148088314484
1790 0.5130925975572443 0.8810574048490304 5 0.02693965517241379
1791 0.5129948259276048 0.8811095141339852 5 0.026954177897574125
1792 0.5129153111674339 0.8811573230667282 5 0.026968716289104636
1793 0.5128213977562035 0.8812079108981484 5 0.02698327037236913
1794 0.5127146213607456 0.8812595524281741 5 0.026997840172786173
1795 0.5126025509681921 0.8813016506823838 5 0.027012425715829277
1796 0.5124927714130598 0.8813526377707952 5 0.02702702702702703
1797 0.5123948740477926 0.8814029380925579 5 0.02704164413196322
1798 0.5123037739781761 0.8814518770892299 5 0.027056277056277056
1799 0.5122117051446611 0.8815044878975351 5 0.027070925825663235
1800 0.5121196570487848 0.8815526012475436 5 0.027085590465872153
1801 0.5120280972142803 0.8815988136469087 5 0.02710027100271003
1802 0.5119397796994833 0.8816454353132445 5 0.027114967462039046
1803 0.5118701658517787 0.8816931971902638 5 0.027129679869777535
1804 0.5117841746829731 0.8817377936754646 5 0.027144408251900107
1805 0.5116885054483366 0.8817815396007527 5 0.027159152634437803
1806 0.5115885506213138 0.881821439222444 5 0.02717391304347826
1807 0.5114903099046876 0.8818637279231 5 0.02718868950516585
1808 0.5113942953997752 0.8819058378416498 5 0.02720348204570185
1809 0.5113026239333994 0.8819464044473861 5 0.02721829069134458
1810 0.5112122792687428 0.8819859219785091 5 0.027233115468409584
1811 0.5111198752726472 0.8820248949918982 5 0.027247956403269755
1812 0.5110303418642699 0.8820630958538411 5 0.027262813522355506
1813 0.5109425568184903 0.8821008342249146 5 0.027277686852154936
1814 0.5108684580490033 0.8821389126768283 5 0.02729257641921397
1815 0.5107852956766429 0.8821746872464613 5 0.027307482250136534
1816 0.5106910973065053 0.8822107973298557 5 0.0273224043715847
1817 0.5105938243829258 0.8822463354788462 5 0.02733734281027884
1818 0.5104940459218457 0.8822785190160081 5 0.02735229759299781
1819 0.5104001663172009 0.8823129053654991 5 0.02736726874657909
1820 0.5103169225859495 0.8823473742162197 5 0.027382256297918944
1821 0.510252668203401 0.8823812440963715 5 0.0273972602739726
1822 0.5101912271160542 0.8824094718606672 5 0.027412280701754384
1823 0.5101236562669881 0.8824371647814457 5 0.027427317608337904
1824 0.5100571017024061 0.8824646810337976 5 0.0274423710208562
1825 0.5100098616259515 0.8824886556984015 5 0.02745744096650192
1826 0.5099565278631036 0.8825129493668115 5 0.027472527472527472
1827 0.5098905993484859 0.8825419273089642 5 0.02748763056624519
1828 0.5098651755252457 0.8825732640429539 5 0.0275027502750275
1829 0.5099277442772024 0.8825755562547182 5 0.0275178866263071
1830 0.5099917522758981 0.882591146369619 5 0.027533039647577088
1831 0.5100943124371704 0.8826084640273597 5 0.027548209366391185
1832 0.5103982170262735 0.8826199817422286 5 0.027563395810363836
1833 0.5106153590528368 0.8825797399343653 5 0.027578599007170433
1834 0.5108976793729165 0.8824389748138965 5 0.02759381898454746
1835 0.5112421432844965 0.882305748431276 5 0.027609055770292653
1836 0.5118456692648188 0.8821604516159967 5 0.027624309392265192
1837 0.5123401310615423 0.8820031338545558 5 0.027639579878385848
1838 0.5127022211499471 0.8818497104825772 5 0.027654867256637166
1839 0.5130609441469489 0.8816833046155903 5 0.027670171555063638
1840 0.5133252550121722 0.8815320686943249 5 0.027685492801771867
1841 0.5135102356576569 0.8813886986616438 5 0.027700831024930747
1842 0.513711367661791 0.8827181876408542 5 0.027700831024930747
1843 0.5138746545347344 0.882572191177632 5 0.027716186252771616
1844 0.5140544049343776 0.8824232098299006 5 0.027731558513588463
1845 0.5141270775556465 0.8822604445152538 5 0.027746947835738067
1846 0.5138419995072284 0.8820546314300601 5 0.027762354247640196
1847 0.5136324982282984 0.881850260801255 5 0.027777777777777776
1848 0.5134744039000243 0.881640788859869 5 0.027793218454697052
1849 0.5133823342579209 0.882929126520183 5 0.027793218454697052
1850 0.5131377960353085 0.8827287580278421 5 0.027808676307007785
1851 0.5128995267072484 0.8825278933837014 5 0.027824151363383415
1852 0.5126798648770816 0.8823258183624395 5 0.027839643652561245
1853 0.5124367303848636 0.8821228666799094 5 0.027855153203342618
1854 0.5123240366334556 0.8834306244570189 5 0.027855153203342618
1855 0.5121090865153737 0.8832280703323138 5 0.027870680044593088
1856 0.5118587850292042 0.883037434388503 5 0.02788622420524261
1857 0.5116199585743411 0.8828328347168529 5 0.027901785714285712
1858 0.5113903677554387 0.8825615831923432 5 0.02791736460078168
1859 0.5113246568161257 0.8837809670135908 5 0.02791736460078168
1860 0.5110680149726128 0.8835077852341243 5 0.027932960893854747
1861 0.5106836939849158 0.8832311322935158 5 0.02794857462269424
1862 0.510395119470819 0.882960127661266 5 0.02796420581655481
1863 0.5103044808699274 0.8841634036305729 5 0.02796420581655481
1864 0.5100669130489235 0.8838759598928234 5 0.027979854504756572
1865 0.5098666416310876 0.8835965394891518 5 0.027995520716685325
1866 0.5096902112369242 0.883316168959618 5 0.028011204481792718
1867 0.5096352304900675 0.8845067769235317 5 0.028011204481792718
1868 0.5094719967713951 0.8842275806012161 5 0.02802690582959641
1869 0.5093116706372096 0.8839452953337347 5 0.028042624789680313
1870 0.509202970863374 0.8836610066436451 5 0.028058361391694722
1871 0.5091550527774805 0.8848059745376708 5 0.028058361391694722
1872 0.5090395736932258 0.884518837853611 5 0.028074115665356537
1873 0.5089523867867912 0.8842303222208285 5 0.028089887640449437
1874 0.5088633464336944 0.8839407225981191 5 0.028105677346824058
1875 0.5087611670562786 0.8836626357305951 5 0.028121484814398197
1876 0.5088089864691713 0.8847929935341569 5 0.028121484814398197
1877 0.5086998622218328 0.8845059150856418 5 0.028137310073157003
1878 0.5086093536371075 0.8842187657326346 5 0.02815315315315315
1879 0.5084997428376822 0.8839327829951074 5 0.028169014084507043
1880 0.5083653729209856 0.884747423248957 5 0.028169014084507043
1881 0.5082964965839846 0.8844557457431865 5 0.02818489289740699
1882 0.508280412475062 0.8841759988293717 5 0.028200789622109416
1883 0.5081861936597061 0.8850134061388548 5 0.028200789622109416
1884 0.5081394738469355 0.884744093372344 5 0.02821670428893905
1885 0.5081651242040568 0.8844843123789887 5 0.0282326369282891
1886 0.5081199259974976 0.8842178891374705 5 0.02824858757062147
1887 0.5081651412784853 0.8850606238780655 5 0.02824858757062147
1888 0.5081322506027685 0.8847911338140145 5 0.02826455624646693
1889 0.5082254320729818 0.8845451696422508 5 0.028280542986425336
1890 0.5082759606514531 0.8853954111010329 5 0.028280542986425336
1891 0.5082297523351672 0.8851268606902337 5 0.028296547821165814
1892 0.5082647180160713 0.8848463494181804 5 0.02831257078142695
1893 0.5084246131420482 0.8856876611429383 5 0.02831257078142695
1894 0.5084536039691845 0.8854549242099106 5 0.028328611898016998
1895 0.5084823193282807 0.8852196987906534 5 0.028344671201814057
1896 0.508624838748447 0.8849202989670959 5 0.028360748723766305
1897 0.5087408774483436 0.8846648323070528 5 0.028376844494892164
1898 0.5088960356175246 0.8855458516453728 5 0.028376844494892164
1899 0.5089508938786957 0.885309494545519 5 0.02839295854628052
1900 0.5090111192483073 0.8850702048318049 5 0.028409090909090908
1901 0.5090986264548911 0.884811279889736 5 0.028425241614553724
1902 0.5092116803997857 0.8856955908550322 5 0.028425241614553724
1903 0.5093264718718429 0.885465710386794 5 0.02844141069397042
1904 0.5093898900575801 0.8852288666354247 5 0.028457598178713715
1905 0.5094559447635543 0.8849894627798767 5 0.028473804100227786
1906 0.5094480556636511 0.8848199928909363 5 0.02849002849002849
1907 0.5094085756618175 0.8858369340640067 5 0.02849002849002849
1908 0.5093357060952708 0.8856926816071283 5 0.028506271379703532
1909 0.5092584517984478 0.8855419538210316 5 0.028522532800912718
1910 0.5092017698778019 0.8853856063328548 5 0.028538812785388126
1911 0.5091945603062304 0.8851944115618758 5 0.02855511136493432
1912 0.5091847642127789 0.8850270087363798 5 0.02857142857142857
1913 0.509325283699469 0.886021144081307 5 0.02857142857142857
1914 0.5092288442284034 0.8858375076589636 5 0.02858776443682104
1915 0.5091779597638274 0.8856752526041186 5 0.02860411899313501
1916 0.5091112660122653 0.8855229994414071 5 0.028620492272467084
1917 0.5090351406029219 0.8853744503343025 5 0.028636884306987395
1918 0.5090153221396856 0.8852426053349347 5 0.02865329512893983
1919 0.5089518409364042 0.88510487669567 5 0.0286697247706422
1920 0.5088681298076095 0.8861207951743995 5 0.0286697247706422
1921 0.5088446344094534 0.8859828694278903 5 0.028686173264486515
1922 0.508790602281333 0.8858409396361182 5 0.028702640642939148
1923 0.5087363514447026 0.8856957791036744 5 0.028719126938541065
1924 0.5086807201080006 0.8855496146615949 5 0.028735632183908046
1925 0.5085956730151017 0.8853928422074215 5 0.02875215641173088
1926 0.5085337837451391 0.8852459127493832 5 0.028768699654775604
1927 0.5083943699124662 0.8862581281363683 5 0.028768699654775604
1928 0.5083641339091478 0.8861477105536102 5 0.028785261945883704
1929 0.5083014055487514 0.8860105533538482 5 0.028801843317972347
1930 0.5082040190807582 0.885930517445154 5 0.02881844380403458
1931 0.5081016894327937 0.8858803898265585 5 0.02883506343713956
1932 0.5082306464478383 0.8859013532622093 5 0.028851702250432775
1933 0.5080555293871438 0.8858764728833345 5 0.028868360277136258
1934 0.5078338300252913 0.8858336101268092 5 0.02888503755054881
1935 0.5075014576140648 0.8857997697267155 5 0.028901734104046242
1936 0.5068290185888532 0.8857467580331797 5 0.028918449971081547
1937 0.506477265929456 0.8857067516700414 5 0.028935185185185182
1938 0.5062985497683584 0.8856572955433624 5 0.028951939779965255
1939 0.5063687201090374 0.8867609541976806 5 0.028951939779965255
1940 0.5059239880665989 0.8866907948938818 5 0.02896871378910776
1941 0.5056398510365816 0.8866463995264573 5 0.028985507246376812
1942 0.5054696604153956 0.8866595066069094 5 0.029002320185614848
1943 0.5052495124160163 0.8866761609363858 5 0.02901915264074289
1944 0.5051036113305606 0.8867007472737283 5 0.02903600464576074
1945 0.504969683338828 0.8867272221847019 5 0.029052876234747237
1946 0.5048846565370557 0.8867466106329086 5 0.029069767441860465
1947 0.5050583213962201 0.886756707923863 5 0.029086678301337987
1948 0.5050615154173961 0.8867646432341569 5 0.02910360884749709
1949 0.504999412835362 0.8867774096738696 5 0.029120559114735
1950 0.5050570579972092 0.8867885540406973 5 0.029137529137529133
1951 0.5050302504401645 0.8867995911125879 5 0.029154518950437316
1952 0.5049578974680405 0.886815075782831 5 0.029171528588098017
1953 0.5048741086199382 0.8868328344472618 5 0.029188558085230586
1954 0.5048038041914308 0.8868316302125425 5 0.02920560747663551
1955 0.5047589080022401 0.8868214461343704 5 0.02922267679719462
1956 0.5047114950446699 0.8868126863771686 5 0.029239766081871343
1957 0.5046376641878841 0.8868070522721474 5 0.029256875365710942
1958 0.5044828600553855 0.8867975237036896 5 0.029274004683840747
1959 0.5043751612943598 0.8867946470022753 5 0.029291154071470413
1960 0.5042862727264695 0.8867927015573553 5 0.029308323563892142
1961 0.5042215788574245 0.8867935949246706 5 0.02932551319648094
1962 0.5041355783467314 0.886792237329695 5 0.029342723004694836
1963 0.5040529996848614 0.8867881308607652 5 0.02935995302407516
1964 0.5039922460112035 0.8867812669125431 5 0.029377203290246765
1965 0.5039862098969912 0.8867817462108765 5 0.02939447383891828
1966 0.5039327512000145 0.8867672252006825 5 0.029411764705882353
1967 0.5038572205389972 0.8867478551995076 5 0.02942907592701589
1968 0.5037851463139309 0.8867271099332015 5 0.029446407538280327
1969 0.5037352660669017 0.886697149759792 5 0.029463759575721858
1970 0.5036803807969029 0.8866729747043991 5 0.029481132075471695
1971 0.5036078941897536 0.8866526277113289 5 0.029498525073746312
1972 0.5035037812458419 0.8866303019320189 5 0.029515938606847696
1973 0.503413842723891 0.8866118662818187 5 0.029533372711163613
1974 0.5033274104966343 0.8865946722125774 5 0.029550827423167846
1975 0.5032412487328038 0.8865772249277578 5 0.029568302779420456
1976 0.5031582977196976 0.8865611130335113 5 0.029585798816568046
1977 0.5030735926228179 0.8865433341828417 5 0.02960331557134399
1978 0.5031099928586727 0.8865181250952409 5 0.029620853080568717
1979 0.5033439052882097 0.8864623044159465 5 0.029638411381149966
1980 0.5038503475374538 0.88637535973727 5 0.02965599051008303
1981 0.5042871147560555 0.8862692696209873 5 0.02967359050445104
1982 0.5047912002776088 0.8861179235574994 5 0.029691211401425176
1983 0.5056162917705896 0.8858309036996139 5 0.029708853238265002
1984 0.5062493232976479 0.8856184442335785 5 0.029726516052318665
1985 0.5067113135805232 0.8854517684613192 5 0.029744199881023198
1986 0.5072058337455773 0.8852379683869257 5 0.02976190476190476
1987 0.5080619076967167 0.8848522193623495 5 0.029779630732578916
1988 0.5087766273850175 0.8845639960914269 5 0.02979737783075089
1989 0.509279934722701 0.884358595549412 5 0.029815146094215858
1990 0.5107724375901775 0.8839828091994855 5 0.029832935560859183
1991 0.5137318970288424 0.8833099427026558 5 0.029850746268656716
1992 0.5163869477337568 0.8826176613087483 5 0.02986857825567503
1993 0.5189410560104928 0.8818997919523743 5 0.029886431560071727
1994 0.5216151619527979 0.8810545756949976 5 0.02990430622009569
1995 0.5243411467388711 0.8801715002786891 5 0.02992220227408737
1996 0.5270686259909528 0.8792360981694435 5 0.029940119760479042
1997 0.5300091549741718 0.8789970122759676 5 0.029940119760479042
1998 0.5327076882487927 0.8780175746833461 5 0.029958058717795086
1999 0.5352053051321173 0.8771268095500643 5 0.029976019184652276
2000 0.5376934242064833 0.876143496177229 5 0.029994001199760045
2001 0.5405198137578842 0.8747679516967016 5 0.030012004801920764
2002 0.5442051441863776 0.8732870445100602 5 0.03003003003003003
2003 0.5485357305312 0.8716432132577288 5 0.03004807692307692
2004 0.5526786360892478 0.8699651488986369 5 0.030066145520144315
2005 0.5572444614698538 0.8677859731627973 5 0.030084235860409144
2006 0.5615496146688681 0.8657639868367056 5 0.03010234798314268
2007 0.565824048391738 0.8637022577480945 5 0.030120481927710843
2008 0.5700894850485134 0.8615108336929959 5 0.03013863773357444
2009 0.574496845828624 0.8590080431909003 5 0.030156815440289503
2010 0.5790264571641718 0.8563976756042558 5 0.030175015087507542
2011 0.5835916067895914 0.8537098312090852 5 0.03019323671497584
2012 0.5882175590715167 0.8509575147577462 5 0.030211480362537766
2013 0.5926237459588248 0.8482341614560516 5 0.03022974607013301
2014 0.5971261975486157 0.8453250386597722 5 0.030248033877797943
2015 0.6020717031204441 0.84196002269854 5 0.030266343825665856
2016 0.606995782649984 0.8383357074115041 5 0.030284675953967288
2017 0.6119700824249934 0.8347365671195964 5 0.030303030303030304
2018 0.6168133709865676 0.8311367694704762 5 0.030321406913280776
2019 0.6215271259143381 0.8274673276096612 5 0.030339805825242715
2020 0.6273737980611551 0.8228055101460772 5 0.03035822707953855
2021 0.6226112972587299 0.817716032071462 5 0.030376670716889424
2022 0.6158400174005149 0.8126574621861907 5 0.030395136778115502
2023 0.6103207764213922 0.8082387031225535 5 0.03041362530413625
2024 0.6053621649048487 0.8041278154101021 5 0.030432136335970784
2025 0.6007402048726187 0.8000744291864301 5 0.03045066991473812
2026 0.5960305519827804 0.7957452916563417 5 0.030469226081657523
2027 0.5920588219686247 0.7920756839264623 5 0.03048780487804878
2028 0.5870091713026573 0.7874235714621519 5 0.03050640634533252
2029 0.5813434394469512 0.7823821626080977 5 0.030525030525030524
2030 0.5755508686199667 0.7775449888309982 5 0.030543677458766034
2031 0.5695369233049221 0.7722875619303461 5 0.030562347188264054
2032 0.563856770734088 0.7670404205277062 5 0.03058103975535168
2033 0.5588086523405306 0.7625417355379319 5 0.030599755201958383
2034 0.5535613019046648 0.7575306637628219 5 0.030618493570116347
2035 0.5486486084612442 0.7526040321564749 5 0.03063725490196078
2036 0.5439623318362259 0.7477023876084743 5 0.03065603923973022
2037 0.5391242860997171 0.7425659047758341 5 0.03067484662576687
2038 0.5349037869992664 0.7385078259081872 5 0.03069367710251688
2039 0.5301980278431546 0.7336193346525776 5 0.03071253071253071
2040 0.5250671637872761 0.7284631312392433 5 0.030731407498463426
2041 0.5198856617084476 0.723834972884004 5 0.030750307503075027
2042 0.5146720697391456 0.718783662211021 5 0.03076923076923077
2043 0.5096599051687117 0.7136952233013276 5 0.03078817733990148
2044 0.504653351740515 0.7086627444677556 5 0.030807147258163893
2045 0.4992653185166295 0.704379699992558 5 0.030826140567200983
2046 0.49311233444999614 0.6994371727901192 5 0.03084515731030228
2047 0.4870619315700465 0.6948285029595226 5 0.030864197530864196
2048 0.4816884715655994 0.6899548053221133 5 0.030883261272390362
2049 0.47691722986148105 0.6850169332427302 5 0.030902348578491962
2050 0.4729844734563845 0.68075262382417 5 0.030921459492888062
2051 0.47047174609492404 0.6787306080981051 5 0.030940594059405937
2052 0.467760464475783 0.6771721260081732 5 0.030959752321981424
2053 0.46491777357932706 0.6751164873379306 5 0.03097893432465923
2054 0.4623132526697857 0.6730209404273639 5 0.0309981401115933
2055 0.459966493606942 0.6712964425000856 5 0.031017369727047144
2056 0.457475682199637 0.6692509182310229 5 0.03103662321539416
2057 0.4550384212096679 0.6672273491696169 5 0.031055900621118012
2058 0.45249034350723105 0.6652617262894491 5 0.031075201988812928
2059 0.4500778023958135 0.6631547491418845 5 0.031094527363184077
2060 0.4478712524479841 0.6609883624918886 5 0.031113876789047912
2061 0.4456443694045741 0.6589676389402455 5 0.0311332503113325
2062 0.44324635968129134 0.6573320157606077 5 0.03115264797507788
2063 0.4418294387626925 0.6565100769562436 5 0.031172069825436407
2064 0.4406408143166939 0.6555876311069324 5 0.03119151590767311
2065 0.4395040813620458 0.6548068581437604 5 0.03121098626716604
2066 0.43813874548604514 0.6544811139098223 5 0.031230480949406617
2067 0.43678356370824484 0.6537167726189742 5 0.03125
2068 0.43563503072535187 0.6528290505626917 5 0.031269543464665414
2069 0.43449087716354756 0.6521215384165646 5 0.03128911138923654
2070 0.4331465328917183 0.6520276488190199 5 0.03130870381966186
2071 0.4314220915980226 0.6516140450294221 5 0.03132832080200501
2072 0.42978020431423464 0.651285307613072 5 0.03134796238244514
2073 0.42843587251975207 0.6506080632957062 5 0.031367628607277286
2074 0.42734126052935445 0.649823518251288 5 0.03138731952291274
2075 0.4263297388672383 0.6491956138351511 5 0.031407035175879394
2076 0.4251763820843356 0.6489460505696895 5 0.031426775612822117
2077 0.4239569171242808 0.648290401310126 5 0.031446540880503145
2078 0.422947155934872 0.6474593377561348 5 0.03146633102580239
2079 0.4220608729749734 0.6466811260865523 5 0.031486146095717885
2080 0.4209497499760776 0.6457756679774921 5 0.0315059861373661
2081 0.4198887259436604 0.6448619320483332 5 0.03152585119798234
2082 0.4189582780871287 0.6439448940222807 5 0.031545741324921134
2083 0.41804671928446496 0.6430710088220141 5 0.03156565656565657
2084 0.41716851895329 0.6421237453407078 5 0.03158559696778269
2085 0.4163658441155951 0.6411758650007592 5 0.0316055625790139
2086 0.4155631989632525 0.640293359283983 5 0.031625553447185324
2087 0.4152451682665309 0.6408092046011896 5 0.031625553447185324
2088 0.4148908940262276 0.6404411041653865 5 0.03164556962025317
2089 0.414634509284027 0.6400882268628706 5 0.031665611146295125
2090 0.4143929901352239 0.6397918199657517 5 0.03168567807351077
2091 0.413953663447922 0.6393724102725675 5 0.03170577045022194
2092 0.41362778562235814 0.6390493693895406 5 0.031725888324873094
2093 0.41343692890692135 0.6396376803853501 5 0.031725888324873094
2094 0.4131819208476757 0.6392943687658015 5 0.031746031746031744
2095 0.4129483261172212 0.63893324814118 5 0.03176620076238882
2096 0.41276114196122204 0.6385752575652749 5 0.03178639542275906
2097 0.4125906772160004 0.6382076356527464 5 0.031806615776081425
2098 0.4116972618715022 0.6386269488266907 5 0.031806615776081425
2099 0.4117445020558663 0.63844593774328 5 0.031826861871419476
2100 0.4118913661434127 0.6391225648668261 5 0.031826861871419476
2101 0.41202250405672236 0.6388858200611799 5 0.03184713375796178
2102 0.41215543178714914 0.6387191954136429 5 0.03186743148502231
2103 0.41241524766187415 0.6394299325815571 5 0.03186743148502231
2104 0.41252291921202716 0.6392081311255879 5 0.03188775510204082
2105 0.4123202753129645 0.6397582443277253 5 0.03188775510204082
2106 0.41246339224668616 0.6395647749487445 5 0.03190810465858328
2107 0.4126065238481635 0.6402545720316095 5 0.03190810465858328
2108 0.4126337055946914 0.6400703765919872 5 0.03192848020434227
2109 0.412792514795318 0.6407827307920732 5 0.03192848020434227
2110 0.4128259155981221 0.6406600828332859 5 0.03194888178913738
2111 0.41299113623995326 0.6414858158463285 5 0.03194888178913738
2112 0.41313126263772626 0.6414050204231917 5 0.0319693094629156
2113 0.4129753096291842 0.642276287524308 5 0.0319693094629156
2114 0.4131606500296524 0.6422911665539643 5 0.03198976327575176
2115 0.41334949879321164 0.6431407452782241 5 0.03198976327575176
2116 0.41362361986958074 0.6437666155159667 5 0.03198976327575176
2117 0.4138545536881847 0.6437498057890642 5 0.03201024327784891
2118 0.41386355914490913 0.6444723873162331 5 0.03201024327784891
2119 0.4140207598925666 0.6451435074617887 5 0.03201024327784891
2120 0.4142368370573831 0.6458259283745772 5 0.03201024327784891
2121 0.41446789935537875 0.6464846727022598 5 0.03201024327784891
2122 0.41463666620611617 0.6464717226764233 5 0.03203074951953875
2123 0.41485641724607386 0.6470414193374564 5 0.03203074951953875
2124 0.41489695441595575 0.6476667337131515 5 0.03203074951953875
2125 0.4149128101623141 0.6483357781786661 5 0.03203074951953875
2126 0.41480940305643876 0.6480255048972635 5 0.03205128205128205
2127 0.41498570569429527 0.6486140901265829 5 0.03205128205128205
2128 0.4149062678518683 0.6492705198808694 5 0.03205128205128205
2129 0.4147255518782355 0.6499796244313333 5 0.03205128205128205
2130 0.41450462336418126 0.6497220838934405 5 0.03207184092366902
2131 0.41427257419448854 0.6503420864795731 5 0.03207184092366902
2132 0.4143964171595577 0.650902558708488 5 0.03207184092366902
2133 0.4140602773086114 0.6514760725734322 5 0.03207184092366902
2134 0.4135296273135964 0.6519357891746408 5 0.03207184092366902
2135 0.41327835638942634 0.6523372701775836 5 0.03207184092366902
2136 0.412871584018956 0.6527293259700757 5 0.03207184092366902
2137 0.4124136345011313 0.6531168349370461 5 0.03207184092366902
2138 0.4120463719356907 0.6534838386785485 5 0.03207184092366902
2139 0.41194926297099543 0.653856233370336 5 0.03207184092366902
2140 0.41176604182820287 0.6542172495926839 5 0.03207184092366902
2141 0.41150821276998767 0.654586284093872 5 0.03207184092366902
2142 0.4115808364523804 0.6549292857378546 5 0.03207184092366902
2143 0.41148163376940666 0.6553211156476346 5 0.03207184092366902
2144 0.4112383360319338 0.6552033962637267 5 0.03209242618741977
2145 0.411255261061277 0.6563992372303985 5 0.03207184092366902
2146 0.4112100483964304 0.6567889733658385 5 0.03207184092366902
2147 0.41063609258560413 0.6565945843008508 5 0.03209242618741977
2148 0.4104682258409985 0.6579101208582545 5 0.03209242618741977
2149 0.41012659371053906 0.6584521467519068 5 0.03209242618741977
2150 0.40975200184446436 0.6583067155340119 5 0.03211303789338471
2151 0.40982408286226946 0.6586213116813443 5 0.03211303789338471
2152 0.4094294912648649 0.6578059294730567 5 0.032133676092544985
2153 0.4095499178370171 0.6579763109725402 5 0.032133676092544985
2154 0.4096993703024837 0.6581893626654405 5 0.032133676092544985
2155 0.4094998796420322 0.6579344892126675 5 0.03215434083601286
2156 0.40937538689187447 0.6572412379757194 5 0.03215434083601286
2157 0.4091805168050233 0.6568662002824318 5 0.032175032175032175
2158 0.4091811866944034 0.6570585448671545 5 0.032175032175032175
2159 0.4090938140990593 0.656859375173393 5 0.032195750160978746
2160 0.40906339522131896 0.6569384512349234 5 0.03221649484536082
2161 0.4089640294251091 0.6568471235706178 5 0.03223726627981947
2162 0.4088437554004118 0.6567435323307682 5 0.03225806451612903
2163 0.40877174886913903 0.65691243381531 5 0.03227888960619755
2164 0.40863756672649865 0.65686232154544 5 0.03229974160206718
2165 0.40852771683721506 0.6567644752478347 5 0.03232062055591467
2166 0.4084373806297973 0.6566798556703831 5 0.03234152652005174
2167 0.40832178378019035 0.656554484619346 5 0.032362459546925564
2168 0.4081936392510624 0.6564522324483526 5 0.03238341968911917
2169 0.4080728561466825 0.6563593196121349 5 0.03240440699935191
2170 0.40800883301062274 0.6563221722401766 5 0.03242542153047989
2171 0.4079115891393271 0.6562363683053267 5 0.032446463335496424
2172 0.4078308093116439 0.656138181664345 5 0.032467532467532464
2173 0.40775715146761726 0.6560449592478027 5 0.03248862897985705
2174 0.4076757386440787 0.6559502979482191 5 0.03250975292587776
2175 0.40758738753248364 0.6558464374485469 5 0.03253090435914118
2176 0.4074959928240542 0.6557336684066033 5 0.03255208333333333
2177 0.4074028570177621 0.6556353415041615 5 0.03257328990228013
2178 0.40734119736522667 0.6555906250689431 5 0.03259452411994785
2179 0.40723823632588124 0.6554982166985628 5 0.03261578604044357
2180 0.4071527108901193 0.6554132580842883 5 0.03263707571801566
2181 0.4070918122701596 0.6553525901491406 5 0.032658393207054215
2182 0.4070129547018224 0.6552549192920467 5 0.032679738562091505
2183 0.4069314789307021 0.6551237845938489 5 0.032701111837802485
2184 0.40685229076248364 0.6549941444800731 5 0.032722513089005235
2185 0.40676975547574923 0.6548613438453315 5 0.03274394237066142
2186 0.40667445286496307 0.654729739007797 5 0.0327653997378768
2187 0.4065737974090798 0.6545973917274938 5 0.03278688524590164
2188 0.40646992230925544 0.6544717990869073 5 0.03280839895013123
2189 0.406392250388537 0.654425565689903 5 0.032829940906106365
2190 0.4062780944978325 0.6542964499228814 5 0.03285151116951379
2191 0.4061873156101405 0.6541694868328345 5 0.03287310979618672
2192 0.4061029005206561 0.6540295202620371 5 0.03289473684210526
2193 0.40602162769805783 0.6538865344985089 5 0.03291639236339697
2194 0.40594707724855167 0.6537364375107944 5 0.03293807641633728
2195 0.4058793568514896 0.6535921362841955 5 0.03295978905735003
2196 0.4058359328273329 0.653497478203904 5 0.032981530343007916
2197 0.40576408700710986 0.6533389965557835 5 0.033003300330033
2198 0.40569464159900975 0.6531715398668806 5 0.03302509907529722
2199 0.4056321357777293 0.6530261261845247 5 0.033046926635822864
2200 0.40558904702543164 0.6529587321601265 5 0.03306878306878307
2201 0.405529134797027 0.6528290530497675 5 0.03309066843150232
2202 0.40549128008063284 0.6526913291845892 5 0.033112582781456956
2203 0.4054753364467832 0.6525745137768146 5 0.03313452617627568
2204 0.40543281630371697 0.6523946264714396 5 0.03315649867374005
2205 0.40540534628991 0.6522465998134923 5 0.033178500331785
2206 0.4053832951080058 0.6520828847769777 5 0.033200531208499334
2207 0.4053685990594252 0.6519099413146721 5 0.03322259136212625
2208 0.40538501622448153 0.6517676877959705 5 0.03324468085106383
2209 0.40536507723755755 0.6515812343366079 5 0.0332667997338656
2210 0.4053350933018631 0.6513749461204974 5 0.03328894806924101
2211 0.40531705732326306 0.651187180567865 5 0.033311125916055964
2212 0.4053002916729834 0.6509845918114499 5 0.03333333333333333
2213 0.4052905890065235 0.6507796636794289 5 0.0333555703802535
2214 0.40528046782949073 0.6505609247791694 5 0.03337783711615487
2215 0.4052633584383198 0.6503479890661386 5 0.0334001336005344
2216 0.4052410455424472 0.6501317571891532 5 0.03342245989304813
2217 0.4052203613651798 0.6499275857659162 5 0.033444816053511704
2218 0.4051902457925126 0.649724399729357 5 0.03346720214190094
2219 0.4051731339701261 0.6495742853566397 5 0.03348961821835231
2220 0.40513180366839796 0.6493667138740462 5 0.03351206434316353
2221 0.4050957981565488 0.6491426844530219 5 0.0335345405767941
2222 0.4050717293522689 0.6489420654957356 5 0.03355704697986577
2223 0.40504976483686433 0.6487232326944761 5 0.0335795836131632
2224 0.40500940701894966 0.6484874163602758 5 0.033602150537634407
2225 0.40493231860772727 0.6482097201127881 5 0.03362474781439139
2226 0.40510505012590353 0.6486193550704924 5 0.033647375504710635
2227 0.4050802601815417 0.6484916089550462 5 0.03367003367003367
2228 0.4050322364478217 0.6481862848455399 5 0.03369272237196765
2229 0.4051009592326082 0.6477506082030587 5 0.033715441672285906
2230 0.40528478977246757 0.647131410112604 5 0.033738191632928474
2231 0.40602722255298174 0.6473537546900828 5 0.033738191632928474
2232 0.4066439969021961 0.6472422849102746 5 0.0337609723160027
2233 0.40750285658520513 0.6470888237137389 5 0.0337609723160027
2234 0.4081376877329121 0.6471117308589152 5 0.033783783783783786
2235 0.4089502732265721 0.6477011328433264 5 0.033783783783783786
2236 0.40945491674563783 0.6476549259449493 5 0.03380662609871535
2237 0.41031103274836467 0.6480309589622203 5 0.03380662609871535
2238 0.4109547022380314 0.6480010953402631 5 0.03382949932341001
2239 0.4117204012789732 0.6484482081576017 5 0.03382949932341001
2240 0.4126938207819652 0.6492986822517361 5 0.03382949932341001
2241 0.41331454273670254 0.6495459353456524 5 0.033852403520649964
2242 0.41426299337245276 0.6502843733911476 5 0.033852403520649964
2243 0.41494355927780513 0.6509758659930501 5 0.033852403520649964
2244 0.41553820544187864 0.6514362042177766 5 0.033852403520649964
2245 0.4162101798776801 0.65203330058414 5 0.033852403520649964
2246 0.41676886890032155 0.6526761298659887 5 0.033852403520649964
2247 0.4172568448351986 0.6533495584464647 5 0.033852403520649964
2248 0.41799193799448087 0.6548076191008705 5 0.03382949932341001
2249 0.41834884132182404 0.6555070616804615 5 0.03382949932341001
2250 0.41859694325676805 0.6561640180457455 5 0.03382949932341001
2251 0.4192967856765316 0.6582445133736705 5 0.03380662609871535
2252 0.41945856591248126 0.6595059117648658 5 0.033783783783783786
2253 0.41985874078158203 0.6601870356146835 5 0.033783783783783786
2254 0.42036383830163554 0.662023070438542 5 0.0337609723160027
2255 0.42076726398323283 0.6630196685284784 5 0.033738191632928474
2256 0.4205522469917793 0.6634178946718976 5 0.033715441672285906
2257 0.42110368065571846 0.6642104021260075 5 0.03367003367003367
2258 0.4217491168918281 0.6652996734639961 5 0.03362474781439139
2259 0.4219284764360479 0.6656903351270844 5 0.033602150537634407
2260 0.42280353847752083 0.6663411912921742 5 0.03355704697986577
2261 0.423597416532295 0.6670254374408708 5 0.03351206434316353
2262 0.42390785243153617 0.6679747050031747 5 0.03348961821835231
2263 0.42442524697764583 0.6687118532323871 5 0.033444816053511704
2264 0.4249063114279064 0.6693575731619978 5 0.0334001336005344
2265 0.4249335125400031 0.6698417281213904 5 0.03337783711615487
2266 0.4250595236991671 0.6704638925402777 5 0.03333333333333333
2267 0.42521893626384716 0.6711060142936929 5 0.03328894806924101
2268 0.4254521236476848 0.6722213768974414 5 0.03322259136212625
2269 0.42551462814488783 0.6731887489519296 5 0.033178500331785
2270 0.4258316797619062 0.6743582293334089 5 0.033112582781456956
2271 0.42637724755451495 0.6754811308927003 5 0.033046926635822864
2272 0.426863140764712 0.6762451860355043 5 0.033003300330033
2273 0.4270779452562167 0.6773732001144974 5 0.03293807641633728
2274 0.42704097362147664 0.6781655472273657 5 0.03289473684210526
2275 0.42697302140650606 0.6789349168978337 5 0.03285151116951379
2276 0.427242331104056 0.6806025237091824 5 0.03278688524590164
2277 0.4273463166473393 0.6814324183301561 5 0.03274394237066142
2278 0.4274616017037046 0.6821831079869372 5 0.032701111837802485
2279 0.427569785399165 0.6833518021874927 5 0.03263707571801566
2280 0.42776690845351545 0.684849110721496 5 0.03257328990228013
2281 0.42794346291496 0.6863139897045575 5 0.03248862897985705
2282 0.42816482380324994 0.6876780672717858 5 0.03240440699935191
2283 0.42817218862758033 0.6888582169149499 5 0.03232062055591467
2284 0.4281674550419511 0.6902076551153301 5 0.03223726627981947
2285 0.42801898097044144 0.6913008481953482 5 0.032175032175032175
2286 0.4280116706330719 0.6927319902039927 5 0.03209242618741977
2287 0.4277592058357427 0.6939543187778086 5 0.03201024327784891
2288 0.4274899489048223 0.6952780174853199 5 0.03192848020434227
2289 0.42724468887332395 0.6965618209597337 5 0.03184713375796178
2290 0.4268221920527516 0.6983966475006979 5 0.031746031746031744
2291 0.4263501324259832 0.6996948412280343 5 0.031665611146295125
2292 0.42627933607948343 0.7015372061216063 5 0.031545741324921134
2293 0.4263829811280607 0.7032694579953862 5 0.031426775612822117
2294 0.4259659164860395 0.7061093918935228 5 0.03125
2295 0.41819011336027795 0.7167854917467043 5 0.029708853238265002
2296 0.417208228134531 0.7162385456768432 5 0.029620853080568717
2297 0.41650209671253685 0.7155761599122898 5 0.029550827423167846
2298 0.4164900098689981 0.715259286072272 5 0.029498525073746312
2299 0.4165834937506176 0.7145710488600111 5 0.029446407538280327
2300 0.41657218577770144 0.7139779838040601 5 0.029411764705882353
2301 0.4168366205444524 0.713320874295155 5 0.02935995302407516
2302 0.4170062419583428 0.7126082667727169 5 0.029308323563892142
2303 0.4173536544186696 0.7118762405253137 5 0.029256875365710942
2304 0.41748986021630585 0.7111510611603247 5 0.02920560747663551
2305 0.41791689983489144 0.7108551379974017 5 0.029154518950437316
2306 0.41797832603946433 0.7100838016637872 5 0.02910360884749709
2307 0.41790845153271106 0.7091197928975715 5 0.02903600464576074
2308 0.4179488461957465 0.7087366556706388 5 0.028951939779965255
2309 0.41824519932870574 0.7082536723862526 5 0.02888503755054881
2310 0.4191342960050348 0.7076934944393161 5 0.028785261945883704
2311 0.42006966062154183 0.7072430162981048 5 0.028686173264486515
2312 0.421853582418714 0.7076610454563947 5 0.028538812785388126
2313 0.4282930920127429 0.711223307832284 5 0.02802690582959641
2314 0.36003103644170265 0.7193726242080302 5 0.027307482250136534
2315 0.3624179628382145 0.7216349027267625 5 0.026232948583420772
2316 0.36445025639745005 0.721209405432486 5 0.02615062761506276
2317 0.3659868586753868 0.7208105188154179 5 0.026082420448617628
2318 0.3661453595086875 0.7204927519232243 5 0.026055237102657634
2319 0.3659514043669048 0.7201897974150773 5 0.026014568158168574
2320 0.3659321296687302 0.7198711404974562 5 0.025974025974025976
2321 0.3662585848498361 0.7196222113813648 5 0.025960539979231565
2322 0.3668037041177417 0.7193759199863975 5 0.025933609958506222
2323 0.36718872672748704 0.719382118396265 5 0.02592016588906169
2324 0.3677552795129005 0.7191458230352974 5 0.025906735751295335
2325 0.3688450024808864 0.7188756935026687 5 0.02587991718426501
2326 0.36962095777342563 0.7190134886542455 5 0.02586652871184687
2327 0.36999370801473136 0.718780597243372 5 0.02586652871184687
2328 0.37037893925160403 0.7184869344789796 5 0.025853154084798345
2329 0.3710887967557378 0.7187673492069933 5 0.025839793281653745
2330 0.37154123960062524 0.7186356874753547 5 0.025826446280991733
2331 0.3718885174638423 0.7183997777093535 5 0.025826446280991733
2332 0.37236667388700523 0.7182122927760115 5 0.025813113061435206
2333 0.37317748437448234 0.7187015311771611 5 0.025799793601651185
2334 0.37367445243967123 0.7185852971885749 5 0.025799793601651185
2335 0.3746732908468209 0.7184395915200477 5 0.025786487880350695
2336 0.3753927664912111 0.7182634156465102 5 0.025786487880350695
2337 0.37696210359639115 0.7182868042499138 5 0.02577319587628866
2338 0.37780291526408427 0.7180769074698565 5 0.02577319587628866
2339 0.3789148425425682 0.7179190814109769 5 0.02575991756826378
2340 0.3796131840134057 0.7177001994671459 5 0.02575991756826378
2341 0.38036943118112954 0.7175405746828794 5 0.025746652935118432
2342 0.38060809851509375 0.7172854283358135 5 0.025746652935118432
2343 0.38083249767367 0.7171263461678041 5 0.025733401955738547
2344 0.38123487180590665 0.7170805364545253 5 0.025733401955738547
2345 0.38123919180464594 0.7169307882792 5 0.0257201646090535
2346 0.38128589796776924 0.716708082434213 5 0.02570694087403599
2347 0.38133715706256643 0.7163859696858952 5 0.02570694087403599
2348 0.38212984823650087 0.7166051713160423 5 0.02569373072970195
2349 0.3824931959570928 0.7163043172370699 5 0.02569373072970195
2350 0.3829894527107135 0.7160096425687092 5 0.025680534155110422
2351 0.3833760049583686 0.7160104166478796 5 0.025680534155110422
2352 0.38360844162488894 0.7158657282784213 5 0.02566735112936345
2353 0.3835570942660962 0.7156039077026422 5 0.02566735112936345
2354 0.38368627787233767 0.715394579390928 5 0.02565418163160595
2355 0.383931586913985 0.7154811480225497 5 0.02564102564102564
2356 0.3839764842231041 0.7152427754166238 5 0.02564102564102564
2357 0.3842283140611974 0.715064560184458 5 0.025627883136852894
2358 0.38441913299813524 0.7150282142671767 5 0.025614754098360653
2359 0.3846901137296237 0.7148208648136224 5 0.025614754098360653
2360 0.3851517796456517 0.7146785443888972 5 0.02560163850486431
2361 0.38580651560138157 0.7145514920196269 5 0.025588536335721595
2362 0.38644981348218266 0.7145021511875073 5 0.025588536335721595
2363 0.38718484240433904 0.7143723918884015 5 0.02557544757033248
2364 0.38752208490502504 0.7141610303910286 5 0.025562372188139056
2365 0.3876653210449069 0.713935244083847 5 0.025549310168625446
2366 0.38787234119897684 0.714096921048605 5 0.025536261491317668
2367 0.3882660787047823 0.7138427061794016 5 0.02552322613578356
2368 0.3885955746579617 0.713484007515171 5 0.025510204081632654
2369 0.38934856280861985 0.7133877355032696 5 0.0254841997961264
2370 0.3902049744616027 0.7130502944753627 5 0.02545824847250509
2371 0.39094101351685967 0.7126534010003455 5 0.025432349949135298
2372 0.39167449111980573 0.7125780485266241 5 0.02540650406504065
2373 0.3933187708384468 0.7121747456670254 5 0.025367833587011668
2374 0.3949839232297308 0.7116869688166375 5 0.02531645569620253
2375 0.3953933546697932 0.7112065628287859 5 0.025278058645096056
2376 0.39589605775953296 0.711275808289375 5 0.025214321734745335
2377 0.39575162486933513 0.7108582653358286 5 0.02515090543259557
2378 0.3967484235588181 0.7102878769918697 5 0.02506265664160401
2379 0.39863235750875264 0.7096688770301103 5 0.02496255616575137
2380 0.40000400796545765 0.7097135946264913 5 0.024875621890547265
2381 0.4019056769265973 0.7091890063747914 5 0.024789291026276646
2382 0.4042677335815103 0.7084724036777581 5 0.024691358024691357
2383 0.4055240816900735 0.708290645306203 5 0.024606299212598423
2384 0.4079469486058048 0.7076443027221053 5 0.024509803921568627
2385 0.40997335774721294 0.706908683895472 5 0.024425989252564728
